﻿title,count,date,good_count,bad_count,youtuber,subscriber,url
Homescapes [HD] LEVEL 1506,조회수 28회,2018. 12. 13.,0,0,icaros,구독자 3.27천명,https://www.youtube.com/watch?v=xDek3Wzlhpk
Homescapes [HD] LEVEL 1510,조회수 16회,2018. 12. 13.,0,0,icaros,구독자 3.27천명,https://www.youtube.com/watch?v=RqcmRJjxM2I
Homescapes [HD] LEVEL 1507,조회수 144회,2018. 12. 13.,0,0,icaros,구독자 3.27천명,https://www.youtube.com/watch?v=8_jrUfg82KQ
Homescapes [HD] HARD LEVEL 1509,"조회수 2,389회",2018. 12. 13.,8,1,icaros,구독자 3.27천명,https://www.youtube.com/watch?v=P2UlSyk7EXQ
Homescapes [HD] LEVEL 1511,조회수 25회,2018. 12. 18.,0,0,icaros,구독자 3.27천명,https://www.youtube.com/watch?v=wixFHUxvhis
Homescapes [HD] HARD LEVEL 1512,조회수 71회,2018. 12. 18.,0,0,icaros,구독자 3.27천명,https://www.youtube.com/watch?v=I411-LycSls
Homescapes [HD] Hard Level 1514,"조회수 4,069회",2018. 12. 18.,20,9,icaros,구독자 3.27천명,https://www.youtube.com/watch?v=oHJC60Rcb10
Homescapes [HD] LEVEL 1515,조회수 37회,2018. 12. 18.,0,0,icaros,구독자 3.27천명,https://www.youtube.com/watch?v=wvuGYAh7PWY
Homescapes [HD] LEVEL 1513,조회수 356회,2018. 12. 18.,3,0,icaros,구독자 3.27천명,https://www.youtube.com/watch?v=g5e37i57Zzs
Homescapes [HD] Hard Level 1518,조회수 170회,2018. 12. 20.,0,0,icaros,구독자 3.27천명,https://www.youtube.com/watch?v=22Wh_QCEiFg
Homescapes [HD] Level 1517,조회수 34회,2018. 12. 20.,0,0,icaros,구독자 3.27천명,https://www.youtube.com/watch?v=gPv71bx_RCE
Homescapes [HD] Level 1519,조회수 12회,2018. 12. 20.,0,0,icaros,구독자 3.27천명,https://www.youtube.com/watch?v=fiH2BpdIb8w
Homescapes [HD] Level 1520,조회수 609회,2018. 12. 20.,1,1,icaros,구독자 3.27천명,https://www.youtube.com/watch?v=Z5kYHC0bwKA
Homescapes [HD] Level 1516,조회수 10회,2018. 12. 20.,0,0,icaros,구독자 3.27천명,https://www.youtube.com/watch?v=XCdIGioi6i4
Homescapes [HD] Level 1523,조회수 13회,2018. 12. 24.,0,0,icaros,구독자 3.27천명,https://www.youtube.com/watch?v=TA_hQtmpRxY
Homescapes [HD] Hard Level 1525,조회수 46회,2018. 12. 24.,0,0,icaros,구독자 3.27천명,https://www.youtube.com/watch?v=TmCt9GjSTBg
Homescapes [HD] Level 1524,조회수 9회,2018. 12. 24.,0,0,icaros,구독자 3.27천명,https://www.youtube.com/watch?v=mXYuuqKS4Os
Homescapes [HD] Hard Level 1521,조회수 29회,2018. 12. 24.,0,0,icaros,구독자 3.27천명,https://www.youtube.com/watch?v=Id7jZEVNBW0
Homescapes [HD] Level 1522,조회수 9회,2018. 12. 24.,0,0,icaros,구독자 3.27천명,https://www.youtube.com/watch?v=lNpYzJz0Gxk
Homescapes [HD] Level 1527,조회수 34회,2018. 12. 27.,0,0,icaros,구독자 3.27천명,https://www.youtube.com/watch?v=tF5Iw8hG7dk
Homescapes [HD] Hard Level 1528,조회수 31회,2018. 12. 27.,1,0,icaros,구독자 3.27천명,https://www.youtube.com/watch?v=2BSqzj_2or4
Homescapes [HD] Hard Level 1530,조회수 19회,2018. 12. 27.,0,0,icaros,구독자 3.27천명,https://www.youtube.com/watch?v=7CQf8T-R9rI
꿈의집 만랩 2121,"조회수 1,532회",2018. 12. 27.,1,0,황금악기,구독자 85명,https://www.youtube.com/watch?v=YzU7l2qiS3k
Homescapes [HD] Level 1531,조회수 8회,2018. 12. 28.,0,0,icaros,구독자 3.27천명,https://www.youtube.com/watch?v=Tjo5v76oiFA
Homescapes [HD] Level 1532,조회수 8회,2018. 12. 28.,0,0,icaros,구독자 3.27천명,https://www.youtube.com/watch?v=g5q5cSmpc_8
Homescapes [HD] Level 1535,조회수 15회,2018. 12. 28.,1,0,icaros,구독자 3.27천명,https://www.youtube.com/watch?v=jI9kfijlGAg
Homescapes [HD] Hard Level 1534,조회수 141회,2018. 12. 28.,1,0,icaros,구독자 3.27천명,https://www.youtube.com/watch?v=OnIvVImNW-M
Homescapes [HD] Level 1543,조회수 23회,2018. 12. 30.,0,0,icaros,구독자 3.27천명,https://www.youtube.com/watch?v=QZmY_gSowYE
Homescapes [HD] Level 1542,조회수 244회,2018. 12. 30.,2,0,icaros,구독자 3.27천명,https://www.youtube.com/watch?v=XRpBL7Fh7Eo
Homescapes [HD] Hard Level 1544,조회수 120회,2018. 12. 30.,0,0,icaros,구독자 3.27천명,https://www.youtube.com/watch?v=G_kSjWS0nHs
Homescapes [HD] Level 1545,조회수 20회,2018. 12. 30.,0,0,icaros,구독자 3.27천명,https://www.youtube.com/watch?v=ND3yOLaz5nw
Homescapes [HD] Level 1540,조회수 10회,2018. 12. 30.,0,0,icaros,구독자 3.27천명,https://www.youtube.com/watch?v=XmfSlHq5lfg
Homescapes [HD] Level 1539,조회수 9회,2018. 12. 30.,0,0,icaros,구독자 3.27천명,https://www.youtube.com/watch?v=MCxYhIt1bFg
Homescapes [HD] Level 1538,조회수 30회,2018. 12. 30.,0,0,icaros,구독자 3.27천명,https://www.youtube.com/watch?v=QXnsTRmxT8E
Homescapes [HD] Hard Level 1537,조회수 98회,2018. 12. 30.,0,0,icaros,구독자 3.27천명,https://www.youtube.com/watch?v=NkdI9lf8Kfc
Homescapes [HD] Level 1536,조회수 23회,2018. 12. 30.,0,0,icaros,구독자 3.27천명,https://www.youtube.com/watch?v=kg_cpFdmF7A
Homescapes [HD] Level 1541,조회수 44회,2018. 12. 30.,0,0,icaros,구독자 3.27천명,https://www.youtube.com/watch?v=lS8vAhu_OUA
Homescapes [HD] Level 1547,조회수 11회,2019. 1. 1.,0,1,icaros,구독자 3.27천명,https://www.youtube.com/watch?v=VP03_Af_FJQ
Homescapes [HD] Level 1548,조회수 24회,2019. 1. 1.,0,0,icaros,구독자 3.27천명,https://www.youtube.com/watch?v=zX_OvPPi1XI
Homescapes [HD] Level 1546,조회수 40회,2019. 1. 1.,0,0,icaros,구독자 3.27천명,https://www.youtube.com/watch?v=CzsUNOeuc2c
Homescapes [HD] Hard Level 1549,조회수 159회,2019. 1. 1.,0,0,icaros,구독자 3.27천명,https://www.youtube.com/watch?v=sjCpgFS5QU4
Homescapes [HD] Level 1550,조회수 12회,2019. 1. 1.,0,0,icaros,구독자 3.27천명,https://www.youtube.com/watch?v=4ovd0h39UFw
Homescapes [HD] Level 1570,조회수 11회,2019. 1. 12.,0,0,icaros,구독자 3.27천명,https://www.youtube.com/watch?v=G4Wltl8luIw
Homescapes [HD] Level 1568,조회수 26회,2019. 1. 12.,0,0,icaros,구독자 3.27천명,https://www.youtube.com/watch?v=yJmKXN1HOns
Homescapes [HD] Hard Level 1569,조회수 36회,2019. 1. 12.,0,0,icaros,구독자 3.27천명,https://www.youtube.com/watch?v=aZTPiHyi8dw
Homescapes [HD] Level 1566,조회수 24회,2019. 1. 12.,0,0,icaros,구독자 3.27천명,https://www.youtube.com/watch?v=0ed8_RBPwic
Homescapes [HD] Level 1567,조회수 33회,2019. 1. 12.,1,0,icaros,구독자 3.27천명,https://www.youtube.com/watch?v=11NyHvQ61IY
Homescapes level 437 (꿈의집 437),조회수 205회,2019. 1. 13.,0,0,Jiny Choi,구독자 25명,https://www.youtube.com/watch?v=CrB5w26aHcU
Homescapes level 446 (꿈의집 446),조회수 20회,2019. 1. 13.,0,0,Jiny Choi,구독자 25명,https://www.youtube.com/watch?v=KyxOg_L7efQ
Homescapes [HD] Level 1572,조회수 3회,2019. 1. 14.,0,0,icaros,구독자 3.27천명,https://www.youtube.com/watch?v=KCijUx9m2l4
Homescapes [HD] Level 1575,조회수 18회,2019. 1. 14.,0,0,icaros,구독자 3.27천명,https://www.youtube.com/watch?v=KdlJW5RVJYo
Homescapes [HD] Hard Level 1573,조회수 206회,2019. 1. 14.,1,0,icaros,구독자 3.27천명,https://www.youtube.com/watch?v=2ZuCHMHqH4c
Homescapes [HD] Level 1574,조회수 33회,2019. 1. 14.,0,0,icaros,구독자 3.27천명,https://www.youtube.com/watch?v=Gr8GRX98mXo
Homescapes [HD] Level 1571,조회수 8회,2019. 1. 14.,0,0,icaros,구독자 3.27천명,https://www.youtube.com/watch?v=KA_wikDbqHw
Homescapes [HD] Level 1577,조회수 174회,2019. 1. 16.,0,0,icaros,구독자 3.27천명,https://www.youtube.com/watch?v=KIgOwyCfEQY
Homescapes [HD] Level 1580,조회수 29회,2019. 1. 16.,0,0,icaros,구독자 3.27천명,https://www.youtube.com/watch?v=tlS2E4NoXD8
Homescapes [HD] Hard Level 1578,조회수 456회,2019. 1. 16.,2,0,icaros,구독자 3.27천명,https://www.youtube.com/watch?v=X416XTX0VLU
Homescapes [HD] Level 1579,조회수 16회,2019. 1. 16.,0,0,icaros,구독자 3.27천명,https://www.youtube.com/watch?v=4S7pxZIvI90
Homescapes Level 1581,조회수 37회,2019. 1. 17.,1,0,icaros,구독자 3.27천명,https://www.youtube.com/watch?v=7H-z2rmdCs4
Homescapes Level 1582,조회수 58회,2019. 1. 17.,1,0,icaros,구독자 3.27천명,https://www.youtube.com/watch?v=MXTQLhUGxuA
Homescapes Level 1584,조회수 43회,2019. 1. 17.,1,0,icaros,구독자 3.27천명,https://www.youtube.com/watch?v=iTm3t4uWSBU
Homescapes Hard Level 1583,조회수 344회,2019. 1. 17.,3,0,icaros,구독자 3.27천명,https://www.youtube.com/watch?v=N5V-0-nhsAM
Homescapes Level 1585,조회수 43회,2019. 1. 17.,2,0,icaros,구독자 3.27천명,https://www.youtube.com/watch?v=9_lGVhAuD8U
Homescapes Hard Level 1590,조회수 205회,2019. 1. 19.,0,0,icaros,구독자 3.27천명,https://www.youtube.com/watch?v=2mxNxdppkjg
Homescapes Level 1586,조회수 22회,2019. 1. 19.,0,0,icaros,구독자 3.27천명,https://www.youtube.com/watch?v=zT6hmXfjG4M
Homescapes Level 1587,조회수 11회,2019. 1. 19.,0,0,icaros,구독자 3.27천명,https://www.youtube.com/watch?v=VPN_TF8OCw8
Homescapes Level 1588,조회수 32회,2019. 1. 19.,0,0,icaros,구독자 3.27천명,https://www.youtube.com/watch?v=bMIc_QkmerI
Homescapes Level 1589,조회수 37회,2019. 1. 19.,1,0,icaros,구독자 3.27천명,https://www.youtube.com/watch?v=IghBwCB-wqQ
오스틴 꿈의 집 차고 6(완),"조회수 2,349회",2019. 1. 2.,7,0,갤비,구독자 14명,https://www.youtube.com/watch?v=B6AxPnrpF5M
Homescapes Level 1591,조회수 40회,2019. 1. 20.,0,0,icaros,구독자 3.27천명,https://www.youtube.com/watch?v=Cn9N3pquWl0
Homescapes Level 1593,조회수 19회,2019. 1. 20.,0,0,icaros,구독자 3.27천명,https://www.youtube.com/watch?v=L-LwnWAcMrE
Homescapes Hard Level 1592,"조회수 2,224회",2019. 1. 20.,5,1,icaros,구독자 3.27천명,https://www.youtube.com/watch?v=ydnXw62iRFQ
꿈의 집 레벨 1595,조회수 152회,2019. 1. 20.,2,0,icaros,구독자 3.27천명,https://www.youtube.com/watch?v=mM0OrEAL0ic
Homescapes Level 1594,조회수 33회,2019. 1. 20.,0,0,icaros,구독자 3.27천명,https://www.youtube.com/watch?v=FDijhDTAd4U
Homescapes Hard Level 1599,조회수 152회,2019. 1. 23.,0,0,icaros,구독자 3.27천명,https://www.youtube.com/watch?v=QQQKjBCyojc
Homescapes Level 1598,조회수 18회,2019. 1. 23.,0,0,icaros,구독자 3.27천명,https://www.youtube.com/watch?v=3KgKffDmyiU
Homescapes Level 1600,조회수 150회,2019. 1. 23.,0,0,icaros,구독자 3.27천명,https://www.youtube.com/watch?v=JnG2wTSTgFU
Homescapes Hard Level 1597,조회수 77회,2019. 1. 23.,0,0,icaros,구독자 3.27천명,https://www.youtube.com/watch?v=X5gbWGWDXsM
Homescapes Level 1596,조회수 7회,2019. 1. 23.,0,0,icaros,구독자 3.27천명,https://www.youtube.com/watch?v=XKTMSfsj5-0
Homescapes Level 1604,조회수 14회,2019. 1. 25.,0,0,icaros,구독자 3.27천명,https://www.youtube.com/watch?v=RyIVjMloomQ
Homescapes Level 1602,조회수 54회,2019. 1. 25.,0,0,icaros,구독자 3.27천명,https://www.youtube.com/watch?v=H2a32Zxwi30
Homescapes Level 1601,조회수 35회,2019. 1. 25.,0,0,icaros,구독자 3.27천명,https://www.youtube.com/watch?v=hohNqW8jh5s
Homescapes Hard Level 1605,조회수 607회,2019. 1. 25.,1,0,icaros,구독자 3.27천명,https://www.youtube.com/watch?v=6j_diUsVE6E
Homescapes level 475 (꿈의집 475),조회수 60회,2019. 1. 26.,0,0,Jiny Choi,구독자 25명,https://www.youtube.com/watch?v=JsxhmEyObBM
Homescapes level 479 (꿈의집 479),조회수 85회,2019. 1. 26.,0,0,Jiny Choi,구독자 25명,https://www.youtube.com/watch?v=Y1r_SATfbFk
Homescapes level 490 (꿈의집 490),조회수 58회,2019. 1. 26.,0,0,Jiny Choi,구독자 25명,https://www.youtube.com/watch?v=-vYMvCRrrlg
Homescapes level 508 (꿈의집 508),조회수 73회,2019. 1. 26.,0,0,Jiny Choi,구독자 25명,https://www.youtube.com/watch?v=AApVqB2fTEw
Homescapes Level 1608,조회수 55회,2019. 1. 29.,0,0,icaros,구독자 3.27천명,https://www.youtube.com/watch?v=6ch55PM_3a8
Homescapes Level 1610,조회수 21회,2019. 1. 29.,0,0,icaros,구독자 3.27천명,https://www.youtube.com/watch?v=9h5crDvyTZE
Homescapes Level 1606,조회수 39회,2019. 1. 29.,0,0,icaros,구독자 3.27천명,https://www.youtube.com/watch?v=waksQhEDPaM
Homescapes Level 1607,조회수 8회,2019. 1. 29.,0,0,icaros,구독자 3.27천명,https://www.youtube.com/watch?v=QAPMJ8tFeMQ
Homescapes Hard Level 1609,조회수 113회,2019. 1. 29.,0,0,icaros,구독자 3.27천명,https://www.youtube.com/watch?v=WBQYcrRabDM
Homescapes Level 1613,조회수 10회,2019. 1. 31.,0,0,icaros,구독자 3.27천명,https://www.youtube.com/watch?v=pbSD5rqvdZk
Homescapes Level 1612,조회수 143회,2019. 1. 31.,0,0,icaros,구독자 3.27천명,https://www.youtube.com/watch?v=usWk42cS5J8
Homescapes Level 1611,조회수 22회,2019. 1. 31.,0,0,icaros,구독자 3.27천명,https://www.youtube.com/watch?v=wyUmEA7Mcyo
Homescapes Level 1614,조회수 35회,2019. 1. 31.,0,0,icaros,구독자 3.27천명,https://www.youtube.com/watch?v=svaV8IEz0ew
Homescapes Hard Level 1615,조회수 63회,2019. 1. 31.,0,0,icaros,구독자 3.27천명,https://www.youtube.com/watch?v=YW-TM9E79mQ
Homescapes [HD] Level 1555,조회수 22회,2019. 1. 4.,0,0,icaros,구독자 3.27천명,https://www.youtube.com/watch?v=3GB0l5dN_XM
Homescapes [HD] Level 1551,조회수 177회,2019. 1. 4.,2,0,icaros,구독자 3.27천명,https://www.youtube.com/watch?v=TvBxmvKkFr4
Homescapes [HD] Level 1553,조회수 13회,2019. 1. 4.,0,0,icaros,구독자 3.27천명,https://www.youtube.com/watch?v=bBo0mic69Xg
Homescapes [HD] Hard Level 1554,조회수 136회,2019. 1. 4.,0,0,icaros,구독자 3.27천명,https://www.youtube.com/watch?v=XQPVga8atcw
Homescapes [HD] Hard Level 1552,조회수 104회,2019. 1. 4.,0,0,icaros,구독자 3.27천명,https://www.youtube.com/watch?v=Lv6Gn7OIKdg
Homescapes [HD] Level 1559,조회수 12회,2019. 1. 5.,0,0,icaros,구독자 3.27천명,https://www.youtube.com/watch?v=MRxTpZ7_7RA
Homescapes [HD] Level 1556,조회수 11회,2019. 1. 5.,0,0,icaros,구독자 3.27천명,https://www.youtube.com/watch?v=Xs4FrVLa7Gc
Homescapes [HD] Level 1557,조회수 10회,2019. 1. 5.,0,0,icaros,구독자 3.27천명,https://www.youtube.com/watch?v=7V5mDENzhqQ
Homescapes [HD] Level 1558,조회수 6회,2019. 1. 5.,0,0,icaros,구독자 3.27천명,https://www.youtube.com/watch?v=Y5ekR6omMwA
Homescapes [HD] Level 1562,조회수 6회,2019. 1. 8.,0,0,icaros,구독자 3.27천명,https://www.youtube.com/watch?v=_3BWoPsP_K4
Homescapes [HD] Hard Level 1564,"조회수 1,136회",2019. 1. 8.,0,0,icaros,구독자 3.27천명,https://www.youtube.com/watch?v=AqOWKgZy54k
Homescapes [HD] Level 1563,조회수 37회,2019. 1. 8.,0,0,icaros,구독자 3.27천명,https://www.youtube.com/watch?v=hTwh1g2p7qQ
Homescapes [HD] Level 1565,조회수 30회,2019. 1. 8.,0,0,icaros,구독자 3.27천명,https://www.youtube.com/watch?v=LVB06T7any4
Homescapes [HD] Level 1561,조회수 6회,2019. 1. 8.,0,0,icaros,구독자 3.27천명,https://www.youtube.com/watch?v=YpfXoUN7LzI
[헤이양아치]Homescapes  꿈의집3279 만렙 초고수 집 공개 !!!!!!!!!!!!!!!! 이거 실화임? 어마어마한 ...,"조회수 3,167회",2019. 10. 10.,24,2,헤이양아치,구독자 42명,https://www.youtube.com/watch?v=5aU1tSOiX4Y
오스틴 꿈의 집 파티룸 6(완),조회수 40회,2019. 10. 18.,0,0,갤비,구독자 14명,https://www.youtube.com/watch?v=EHNlzKgjxkk
Homescapes level 2786 (꿈의집 2786),조회수 2회,2019. 10. 26.,0,0,Jiny Choi,구독자 25명,https://www.youtube.com/watch?v=R8pZD_A7TMo
🍍꿈의 집 Homescapes Walkthrough level 1171-1180,조회수 15회,2019. 10. 26.,1,0,zamuzzang,구독자 365명,https://www.youtube.com/watch?v=Q5T25GaoRgQ
🍍꿈의 집 Homescapes Walkthrough level 1161-1170],조회수 14회,2019. 10. 26.,1,0,zamuzzang,구독자 365명,https://www.youtube.com/watch?v=Z-SFR1rvfIo
🍍꿈의 집 Homescapes Walkthrough level 1101-1110,조회수 14회,2019. 10. 26.,1,0,zamuzzang,구독자 365명,https://www.youtube.com/watch?v=UV7GmBDd7Gw
꿈의집 level 할로윈 보상 유령 호박 마녀☆ homescapes Halloween !!,조회수 51회,2019. 10. 27.,좋아요,싫어요,지와JiWa TV,구독자 10명,https://www.youtube.com/watch?v=_vgYFovCDYU
꿈의집 만렙 헤이양아치의 대박집공개1탄 ~자동차차고편~,조회수 71회,2019. 10. 29.,6,0,헤이양아치,구독자 42명,https://www.youtube.com/watch?v=lslgj1XZnwA
"[모바일게임 리뷰] 직접 플레이해본 7분으로 보는 궁금하지만 막상 하려면 싫은 ""그"" 광고게임 (feat.오스틴) [꿈의 집, 꿈의 정원]",조회수 430회,2019. 10. 9.,4,0,리뷰밍 ReviewMing,,https://www.youtube.com/watch?v=89gwIdqb1ks
"꿈의집 15레벨 공략, Homescapes Level 15 Gameplay",조회수 3회,2019. 11. 10.,0,0,프럼조이 fromjoy,구독자 133명,https://www.youtube.com/watch?v=bB5S8zRAVe0
"꿈의집 14레벨 공략, Homescapes Level 14 Gameplay",조회수 2회,2019. 11. 10.,0,0,프럼조이 fromjoy,구독자 133명,https://www.youtube.com/watch?v=rxMi1xMtCuQ
"꿈의집 13레벨 공략, Homescapes Level 13 Gameplay",조회수 5회,2019. 11. 10.,0,0,프럼조이 fromjoy,구독자 133명,https://www.youtube.com/watch?v=w-hD7YjYyhU
Homescapes level 3070 (꿈의집 3070),조회수 1회,2019. 11. 10.,0,0,Jiny Choi,구독자 25명,https://www.youtube.com/watch?v=QYbRwK7nyGQ
"꿈의집 18레벨 공략, Homescapes Level 18 Gameplay",조회수 3회,2019. 11. 11.,0,0,프럼조이 fromjoy,구독자 133명,https://www.youtube.com/watch?v=0K543Qy9IJ8
"꿈의집 17레벨 공략, Homescapes Level 17 Gameplay",조회수 2회,2019. 11. 11.,0,0,프럼조이 fromjoy,구독자 133명,https://www.youtube.com/watch?v=nEmib93aNSg
"꿈의집 16레벨 공략, Homescapes Level 16 Gameplay",조회수 8회,2019. 11. 11.,0,0,프럼조이 fromjoy,구독자 133명,https://www.youtube.com/watch?v=CYYR1a1DDb0
Homescapes level 3099 (꿈의집 3099),조회수 없음,2019. 11. 11.,0,0,Jiny Choi,구독자 25명,https://www.youtube.com/watch?v=tRqmKr8eIsg
Homescapes level 3095 (꿈의집 3095),조회수 없음,2019. 11. 11.,0,0,Jiny Choi,구독자 25명,https://www.youtube.com/watch?v=x4pwAvsXFA0
Homescapes level 3089 (꿈의집 3089),조회수 2회,2019. 11. 11.,0,0,Jiny Choi,구독자 25명,https://www.youtube.com/watch?v=lQ8PAqokNVk
Homescapes level 3084 (꿈의집 3084),조회수 2회,2019. 11. 11.,0,0,Jiny Choi,구독자 25명,https://www.youtube.com/watch?v=RshDe_8Vo-E
Homescapes level 3085 (꿈의집 3085),조회수 1회,2019. 11. 11.,0,0,Jiny Choi,구독자 25명,https://www.youtube.com/watch?v=xgV7luqVcgQ
Homescapes level 3082 (꿈의집 3082),조회수 1회,2019. 11. 11.,0,0,Jiny Choi,구독자 25명,https://www.youtube.com/watch?v=3EIpc1Dn-G8
Homescapes level 3074 (꿈의집 3074),조회수 없음,2019. 11. 11.,0,0,Jiny Choi,구독자 25명,https://www.youtube.com/watch?v=gmUvMbsh0qE
Homescapes level 3100 (꿈의집 3100),조회수 2회,2019. 11. 11.,0,0,Jiny Choi,구독자 25명,https://www.youtube.com/watch?v=Eav7eS-bQv4
"꿈의집 20레벨 공략, Homescapes Level 20 Gameplay",조회수 38회,2019. 11. 12.,0,0,프럼조이 fromjoy,구독자 133명,https://www.youtube.com/watch?v=kGeRrPQSQWA
"꿈의집 19레벨 공략, Homescapes Level 19 Gameplay",조회수 6회,2019. 11. 12.,0,0,프럼조이 fromjoy,구독자 133명,https://www.youtube.com/watch?v=UqrGmyk-Yow
Homescapes level 3135 (꿈의집 3135),조회수 2회,2019. 11. 13.,0,0,Jiny Choi,구독자 25명,https://www.youtube.com/watch?v=wfz20Der-cw
Homescapes level 3143 (꿈의집 3143),조회수 없음,2019. 11. 13.,0,0,Jiny Choi,구독자 25명,https://www.youtube.com/watch?v=oM1vrYStVWo
"꿈의집 21레벨 공략, Homescapes Level 21 Gameplay",조회수 10회,2019. 11. 13.,0,0,프럼조이 fromjoy,구독자 133명,https://www.youtube.com/watch?v=m2Gv_Y6GHLk
"꿈의집 22레벨 공략, Homescapes Level 22 Gameplay",조회수 6회,2019. 11. 13.,0,0,프럼조이 fromjoy,구독자 133명,https://www.youtube.com/watch?v=b0k1B4fkGFw
"꿈의집 23레벨 공략, Homescapes Level 23 Gameplay",조회수 14회,2019. 11. 14.,0,0,프럼조이 fromjoy,구독자 133명,https://www.youtube.com/watch?v=uhutwe2y7yE
"꿈의집 25레벨 공략, Homescapes Level 25 Gameplay",조회수 22회,2019. 11. 14.,0,0,프럼조이 fromjoy,구독자 133명,https://www.youtube.com/watch?v=tUM0wK5KZrw
"꿈의집 24레벨 공략, Homescapes Level 24 Gameplay",조회수 195회,2019. 11. 14.,0,0,프럼조이 fromjoy,구독자 133명,https://www.youtube.com/watch?v=P6KKgBULRus
"꿈의집 27레벨 공략, Homescapes Level 27 Gameplay",조회수 9회,2019. 11. 15.,0,0,프럼조이 fromjoy,구독자 133명,https://www.youtube.com/watch?v=_AwnGI5dGEw
"꿈의집 28레벨 공략, Homescapes Level 28 Gameplay",조회수 64회,2019. 11. 15.,0,0,프럼조이 fromjoy,구독자 133명,https://www.youtube.com/watch?v=yH6jLu4Cuh8
"꿈의집 26레벨 공략, Homescapes Level 26 Gameplay",조회수 8회,2019. 11. 15.,0,0,프럼조이 fromjoy,구독자 133명,https://www.youtube.com/watch?v=IAw8TxeHaQ0
"꿈의집 30레벨 공략, Homescapes Level 30 Gameplay",조회수 6회,2019. 11. 16.,0,0,프럼조이 fromjoy,구독자 133명,https://www.youtube.com/watch?v=CR1Q5dMegVo
"꿈의집 29레벨 공략, Homescapes Level 29 Gameplay",조회수 7회,2019. 11. 16.,0,0,프럼조이 fromjoy,구독자 133명,https://www.youtube.com/watch?v=beWVuUKfg8E
"꿈의집 32레벨 공략, Homescapes Level 32 Gameplay",조회수 14회,2019. 11. 17.,0,0,프럼조이 fromjoy,구독자 133명,https://www.youtube.com/watch?v=NL93D2lrtX8
"꿈의집 31레벨 공략, Homescapes Level 31 Gameplay",조회수 6회,2019. 11. 17.,0,0,프럼조이 fromjoy,구독자 133명,https://www.youtube.com/watch?v=EklvSbcs6Qo
Homescapes level 3163 (꿈의집 3163),조회수 1회,2019. 11. 18.,0,0,Jiny Choi,구독자 25명,https://www.youtube.com/watch?v=GiU0IAOciZo
Homescapes level 3152 (꿈의집 3152),조회수 없음,2019. 11. 18.,0,0,Jiny Choi,구독자 25명,https://www.youtube.com/watch?v=-JdZc_JC6eM
Homescapes level 3168 (꿈의집 3168),조회수 1회,2019. 11. 18.,0,0,Jiny Choi,구독자 25명,https://www.youtube.com/watch?v=akmSimxRbhg
Homescapes level 3170 (꿈의집 3170),조회수 2회,2019. 11. 18.,0,0,Jiny Choi,구독자 25명,https://www.youtube.com/watch?v=Jay2s7KQfhY
Homescapes level 3176 (꿈의집 3176),조회수 1회,2019. 11. 18.,0,0,Jiny Choi,구독자 25명,https://www.youtube.com/watch?v=4GG_7x2BkQ4
Homescapes level 3184 (꿈의집 3184),조회수 없음,2019. 11. 18.,0,0,Jiny Choi,구독자 25명,https://www.youtube.com/watch?v=DRlryo93OVQ
Homescapes level 3188 (꿈의집 3188),조회수 1회,2019. 11. 18.,0,0,Jiny Choi,구독자 25명,https://www.youtube.com/watch?v=nz98Oz_PpY0
"꿈의집 33레벨 공략, Homescapes Level 33 Gameplay",조회수 15회,2019. 11. 18.,0,0,프럼조이 fromjoy,구독자 133명,https://www.youtube.com/watch?v=xqCMLky2_aQ
Homescapes level 3165 (꿈의집 3165),조회수 2회,2019. 11. 18.,0,0,Jiny Choi,구독자 25명,https://www.youtube.com/watch?v=03e6wjZCgMM
Homescapes level 3164 (꿈의집 3164),조회수 없음,2019. 11. 18.,0,0,Jiny Choi,구독자 25명,https://www.youtube.com/watch?v=XmiFU7Mtj2o
Homescapes level 3204 (꿈의집 3204),조회수 1회,2019. 11. 21.,0,0,Jiny Choi,구독자 25명,https://www.youtube.com/watch?v=yEkLSoUyBtU
꿈의집 34레벨 공략 Homescapes Level 34 Gameplay,조회수 6회,2019. 11. 25.,1,0,프럼조이 fromjoy,구독자 133명,https://www.youtube.com/watch?v=WeNU6t0PBUY
Homescapes level 3252 (꿈의집 3252),조회수 없음,2019. 11. 25.,0,0,Jiny Choi,구독자 25명,https://www.youtube.com/watch?v=D_qdLMS_yCk
Homescapes level 3229 (꿈의집 3229),조회수 1회,2019. 11. 25.,0,0,Jiny Choi,구독자 25명,https://www.youtube.com/watch?v=hZDu9Zp-1X8
꿈의집 35레벨 공략 Homescapes Level 35 Gameplay,조회수 11회,2019. 11. 26.,1,0,프럼조이 fromjoy,구독자 133명,https://www.youtube.com/watch?v=vqUNyXKisFU
"꿈의집 36레벨 공략, Homescapes Level 36 Gameplay",조회수 4회,2019. 11. 26.,0,0,프럼조이 fromjoy,구독자 133명,https://www.youtube.com/watch?v=j7xX-BGiv8o
Homescapes꿈의집day1gameplay,조회수 3회,2019. 11. 26.,0,0,fun game,구독자 119명,https://www.youtube.com/watch?v=L4ch3eoMf7Q
"꿈의집 37레벨 공략, Homescapes Level 37 Gameplay",조회수 48회,2019. 11. 27.,0,0,프럼조이 fromjoy,구독자 133명,https://www.youtube.com/watch?v=SMBIvZxuLME
"꿈의집 38레벨 공략, Homescapes Level 38 Gameplay",조회수 4회,2019. 11. 27.,1,0,프럼조이 fromjoy,구독자 133명,https://www.youtube.com/watch?v=tZZeuoAo714
"꿈의집 39레벨 공략, Homescapes Level 39 Gameplay",조회수 5회,2019. 11. 28.,1,0,프럼조이 fromjoy,구독자 133명,https://www.youtube.com/watch?v=AoZx2TBaOVg
Homescapes level 3297 (꿈의집 3297),조회수 1회,2019. 11. 28.,0,0,Jiny Choi,구독자 25명,https://www.youtube.com/watch?v=V0i9Ms6uAEM
"꿈의집 40레벨 공략, Homescapes Level 40 Gameplay",조회수 9회,2019. 11. 28.,1,0,프럼조이 fromjoy,구독자 133명,https://www.youtube.com/watch?v=meGC9DJBVG0
"꿈의집 41레벨 공략, Homescapes Level 41 Gameplay",조회수 5회,2019. 11. 29.,1,0,프럼조이 fromjoy,구독자 133명,https://www.youtube.com/watch?v=fnrj8gkhH84
[게임/Homescapes]142탄 부수기 영상💥,조회수 4회,2019. 11. 29.,0,0,구르미저기에,구독자 1명,https://www.youtube.com/watch?v=FhH4zsKXh0I
"꿈의집 42레벨 공략, Homescapes Level 42 Gameplay",조회수 23회,2019. 11. 29.,0,0,프럼조이 fromjoy,구독자 133명,https://www.youtube.com/watch?v=hYCTGVVHZ4I
🍍꿈의 집 Homescapes Walkthrough level 1231-1240,조회수 13회,2019. 11. 3.,1,0,zamuzzang,구독자 365명,https://www.youtube.com/watch?v=Rq-KQl2dE3A
Homescapes level 2836 (꿈의집 2836),조회수 없음,2019. 11. 3.,0,0,Jiny Choi,구독자 25명,https://www.youtube.com/watch?v=Z9M66mO7Kac
🍍꿈의 집 Homescapes Walkthrough level 1201-1210,조회수 6회,2019. 11. 3.,1,0,zamuzzang,구독자 365명,https://www.youtube.com/watch?v=ZHCKNsbpHTg
Homescapes level 2895 (꿈의집 2895),조회수 1회,2019. 11. 3.,0,0,Jiny Choi,구독자 25명,https://www.youtube.com/watch?v=eol7NRZHF7w
Homescapes level 2851 (꿈의집 2851),조회수 2회,2019. 11. 3.,0,0,Jiny Choi,구독자 25명,https://www.youtube.com/watch?v=4AD0f-sbj5k
Homescapes level 2854 (꿈의집 2854),조회수 2회,2019. 11. 3.,0,0,Jiny Choi,구독자 25명,https://www.youtube.com/watch?v=HHL8E6D0RBc
Homescapes level 2875 (꿈의집 2875),조회수 없음,2019. 11. 3.,0,0,Jiny Choi,구독자 25명,https://www.youtube.com/watch?v=NGxaj9a4Xto
Homescapes level 2803 (꿈의집 2803),조회수 없음,2019. 11. 3.,0,0,Jiny Choi,구독자 25명,https://www.youtube.com/watch?v=ACFe_TVngDU
Homescapes level 2880 (꿈의집 2880),조회수 1회,2019. 11. 3.,0,0,Jiny Choi,구독자 25명,https://www.youtube.com/watch?v=Nh_VklK8Dz8
꿈의집 만렙 헤이양아치의 대박집소개3탄 이런집에서 살고싶다 ㅜㅜ,조회수 67회,2019. 11. 30.,6,0,헤이양아치,구독자 42명,https://www.youtube.com/watch?v=CobSfjbBfRY
"꿈의집 44레벨 공략, Homescapes Level 44 Gameplay",조회수 4회,2019. 11. 30.,0,0,프럼조이 fromjoy,구독자 133명,https://www.youtube.com/watch?v=S3GTzH4MECk
"꿈의집 43레벨 공략, Homescapes Level 43 Gameplay",조회수 11회,2019. 11. 30.,1,0,프럼조이 fromjoy,구독자 133명,https://www.youtube.com/watch?v=90B1-0HVC0Y
"퍼즐게임 꿈의집, 홈스케이프 공략 1레벨, Homescapes Level 1 Gameplay",조회수 8회,2019. 11. 5.,0,0,프럼조이 fromjoy,구독자 133명,https://www.youtube.com/watch?v=bZ419r9mWgs
"퍼즐게임 꿈의집, 홈스케이프 공략 2레벨, Homescapes Level 2 Gameplay",조회수 1회,2019. 11. 6.,0,0,프럼조이 fromjoy,구독자 133명,https://www.youtube.com/watch?v=0t0_Zg4BOVo
"퍼즐게임 꿈의집, 홈스케이프 공략 3레벨, Homescapes Level 3",조회수 없음,2019. 11. 6.,0,0,프럼조이 fromjoy,구독자 133명,https://www.youtube.com/watch?v=wv7sq6I5Gnc
🍍꿈의 집 Homescapes Walkthrough level 1261-1270,조회수 2회,2019. 11. 7.,1,0,zamuzzang,구독자 365명,https://www.youtube.com/watch?v=XqC2xA-oxAo
🍍꿈의 집 Homescapes Walkthrough level 1271-1280,조회수 19회,2019. 11. 7.,1,0,zamuzzang,구독자 365명,https://www.youtube.com/watch?v=32VNepY06Wg
🍍꿈의 집 Homescapes Walkthrough level 1281-1290,조회수 7회,2019. 11. 7.,1,0,zamuzzang,구독자 365명,https://www.youtube.com/watch?v=WIq2V-6VPLU
"꿈의집 공략 6레벨, Homescapes Level 6 Gameplay",조회수 1회,2019. 11. 7.,0,0,프럼조이 fromjoy,구독자 133명,https://www.youtube.com/watch?v=7aWzzZCuLsE
꿈의집 만렙 헤이양아치는 한국랭킹 ????? 위,조회수 282회,2019. 11. 7.,5,0,헤이양아치,구독자 42명,https://www.youtube.com/watch?v=eJocI0UlOtw
🍍꿈의 집 Homescapes Walkthrough level 1291-1300,조회수 15회,2019. 11. 7.,1,0,zamuzzang,구독자 365명,https://www.youtube.com/watch?v=kOyjxWVNdTI
🍍꿈의 집 Homescapes Walkthrough level 1301-1310,조회수 5회,2019. 11. 7.,1,0,zamuzzang,구독자 365명,https://www.youtube.com/watch?v=tcUQ7YkQ81U
🍍꿈의 집 Homescapes Walkthrough level 1311-1320,조회수 8회,2019. 11. 7.,1,0,zamuzzang,구독자 365명,https://www.youtube.com/watch?v=oltS1v0IE8c
🍍꿈의 집 Homescapes Walkthrough level 1321-1330,조회수 12회,2019. 11. 7.,2,0,zamuzzang,구독자 365명,https://www.youtube.com/watch?v=m5j-tXb--Js
🍍꿈의 집 Homescapes Walkthrough level 1331-1340,조회수 21회,2019. 11. 7.,2,0,zamuzzang,구독자 365명,https://www.youtube.com/watch?v=ocQh6PLHrKA
🍍꿈의 집 Homescapes Walkthrough level 1241-1250,조회수 14회,2019. 11. 7.,1,0,zamuzzang,구독자 365명,https://www.youtube.com/watch?v=9IU7HreRfpw
🍍꿈의 집 Homescapes Walkthrough level 1251-1260,조회수 10회,2019. 11. 7.,1,0,zamuzzang,구독자 365명,https://www.youtube.com/watch?v=0p7rKBAj3Gc
"퍼즐게임 꿈의집, 홈스케이프 공략 4레벨, Homescapes Level 4 Gameplay",조회수 1회,2019. 11. 7.,0,0,프럼조이 fromjoy,구독자 133명,https://www.youtube.com/watch?v=USZp2LDm3gU
"꿈의집 공략 9레벨, Homescapes Level 9 Gameplay",조회수 1회,2019. 11. 8.,0,0,프럼조이 fromjoy,구독자 133명,https://www.youtube.com/watch?v=14z7sBbanAQ
Homescapes level 2928 (꿈의집 2928),조회수 없음,2019. 11. 8.,0,0,Jiny Choi,구독자 25명,https://www.youtube.com/watch?v=Y3RoQM9DufM
"꿈의집 공략 8레벨, Homescapes Level 8 Gameplay",조회수 2회,2019. 11. 8.,0,0,프럼조이 fromjoy,구독자 133명,https://www.youtube.com/watch?v=yFATTUli6eQ
"꿈의집 공략 7레벨, Homescapes Level 7 Gameplay",조회수 4회,2019. 11. 8.,0,0,프럼조이 fromjoy,구독자 133명,https://www.youtube.com/watch?v=HySKuNXsT90
"꿈의집 11레벨 공략, Homescapes Level 11 Gameplay",조회수 12회,2019. 11. 9.,0,0,프럼조이 fromjoy,구독자 133명,https://www.youtube.com/watch?v=r-sXqblL0vE
Homescapes level 3000 (꿈의집 3000),조회수 11회,2019. 11. 9.,0,0,Jiny Choi,구독자 25명,https://www.youtube.com/watch?v=BXQrDl_V4f8
Homescapes level 3008 (꿈의집 3008),조회수 없음,2019. 11. 9.,0,0,Jiny Choi,구독자 25명,https://www.youtube.com/watch?v=kDIAolfsCQU
Homescapes level 3030 (꿈의집 3030),조회수 없음,2019. 11. 9.,0,0,Jiny Choi,구독자 25명,https://www.youtube.com/watch?v=xqvv5xl0Kmo
Homescapes level 3041 (꿈의집 3041),조회수 없음,2019. 11. 9.,0,0,Jiny Choi,구독자 25명,https://www.youtube.com/watch?v=8pThG03iQR4
Homescapes level 3049 (꿈의집 3049),조회수 없음,2019. 11. 9.,0,0,Jiny Choi,구독자 25명,https://www.youtube.com/watch?v=PAL6NNT2v28
"꿈의집 12레벨 공략, Homescapes Level 12 Gameplay",조회수 5회,2019. 11. 9.,0,0,프럼조이 fromjoy,구독자 133명,https://www.youtube.com/watch?v=_5zUPwFraIM
Homescapes level 2981 (꿈의집 2981),조회수 1회,2019. 11. 9.,0,0,Jiny Choi,구독자 25명,https://www.youtube.com/watch?v=dLyZa6wtolU
"꿈의집 공략 10레벨, Homescapes Level 10 Gameplay",조회수 8회,2019. 11. 9.,0,0,프럼조이 fromjoy,구독자 133명,https://www.youtube.com/watch?v=EAGeHl-1Knk
Homescapes level 3033 (꿈의집 3033),조회수 없음,2019. 11. 9.,0,0,Jiny Choi,구독자 25명,https://www.youtube.com/watch?v=SO71x4_wyYI
"꿈의집 어려움 난이도 45레벨 공략, Homescapes Level 45 Gameplay",조회수 27회,2019. 12. 1.,1,0,프럼조이 fromjoy,구독자 133명,https://www.youtube.com/watch?v=if17ZVOzLkM
"꿈의집 46레벨 공략, Homescapes Level 46 Gameplay",조회수 3회,2019. 12. 1.,1,0,프럼조이 fromjoy,구독자 133명,https://www.youtube.com/watch?v=tHuT4pbzBJo
꿈의 집 Homescapes 오스틴 별장 1일차 오스틴 마사지 마지막,조회수 1회,2019. 12. 10.,0,0,윤자매,구독자 14명,https://www.youtube.com/watch?v=Xg33Kv66c5w
"꿈의집 47레벨 공략, Homescapes Level 47 Gameplay",조회수 2회,2019. 12. 2.,1,0,프럼조이 fromjoy,구독자 133명,https://www.youtube.com/watch?v=BkcbknmyT4c
"꿈의집 48레벨 공략, Homescapes Level 48 Gameplay",조회수 10회,2019. 12. 2.,0,0,프럼조이 fromjoy,구독자 133명,https://www.youtube.com/watch?v=tSO-yVzhUl0
[게임/Homescapes]144탄 부수기 영상💥,조회수 1회,2019. 12. 2.,0,0,구르미저기에,구독자 1명,https://www.youtube.com/watch?v=jpHv95bCmi8
[게임/Homescapes]143탄 부수기 영상💥,조회수 2회,2019. 12. 2.,0,0,구르미저기에,구독자 1명,https://www.youtube.com/watch?v=UOOIxmqoHZQ
"꿈의집 49레벨 공략, Homescapes Level 49 Gameplay",조회수 3회,2019. 12. 3.,1,0,프럼조이 fromjoy,구독자 133명,https://www.youtube.com/watch?v=CyFlAdAvt0k
"꿈의집 어려움 난이도 50레벨 공략, Homescapes Level 50 Gameplay",조회수 4회,2019. 12. 4.,1,0,프럼조이 fromjoy,구독자 133명,https://www.youtube.com/watch?v=AmbHs2rguFs
"꿈의집 51~54 레벨 공략, Homescapes 51~54 Gameplay",조회수 8회,2019. 12. 5.,1,0,프럼조이 fromjoy,구독자 133명,https://www.youtube.com/watch?v=BxPvV6xOYII
Homescapes level 575 (꿈의집 575),조회수 92회,2019. 2. 1.,0,0,Jiny Choi,구독자 25명,https://www.youtube.com/watch?v=MhoorvcLnbs
Homescapes level 579 (꿈의집 579),"조회수 1,322회",2019. 2. 1.,2,1,Jiny Choi,구독자 25명,https://www.youtube.com/watch?v=t0fF2UE22HI
Homescapes level 590 (꿈의집 590),조회수 689회,2019. 2. 1.,1,3,Jiny Choi,구독자 25명,https://www.youtube.com/watch?v=6rLmfYOZDXA
오스틴 꿈의 집 파티룸 1,조회수 353회,2019. 2. 10.,2,0,갤비,구독자 14명,https://www.youtube.com/watch?v=CNKzQdxhfEQ
오스틴 꿈의 집 파티룸 2,조회수 334회,2019. 2. 10.,0,0,갤비,구독자 14명,https://www.youtube.com/watch?v=ARTafDQgj1A
Homescapes Level 1621,조회수 65회,2019. 2. 12.,0,0,icaros,구독자 3.27천명,https://www.youtube.com/watch?v=mQjScs64sfg
Homescapes Level 1622,조회수 30회,2019. 2. 12.,0,0,icaros,구독자 3.27천명,https://www.youtube.com/watch?v=wuyCe25p-ws
Homescapes Level 1623,조회수 51회,2019. 2. 12.,0,0,icaros,구독자 3.27천명,https://www.youtube.com/watch?v=8pJWJV2xduA
Homescapes Hard Level 1625,조회수 284회,2019. 2. 12.,1,0,icaros,구독자 3.27천명,https://www.youtube.com/watch?v=vUWDqdwETVE
Homescapes Level 1624,조회수 52회,2019. 2. 12.,0,0,icaros,구독자 3.27천명,https://www.youtube.com/watch?v=Rn1txB_-26Q
Homescapes 꿈의집 2306레벨 쿠키만들기,조회수 570회,2019. 2. 14.,3,0,황금악기,구독자 85명,https://www.youtube.com/watch?v=RGH8B37zRkU
Homescapes Level 1629,조회수 50회,2019. 2. 19.,0,0,icaros,구독자 3.27천명,https://www.youtube.com/watch?v=59C47wX7W_w
Homescapes Level 1628,조회수 7회,2019. 2. 19.,0,0,icaros,구독자 3.27천명,https://www.youtube.com/watch?v=BcNIJ3mxz1U
Homescapes Level 1627,조회수 61회,2019. 2. 19.,0,0,icaros,구독자 3.27천명,https://www.youtube.com/watch?v=wNw4hIeGYfM
Homescapes Level 1626,조회수 16회,2019. 2. 19.,0,0,icaros,구독자 3.27천명,https://www.youtube.com/watch?v=__JKdGKwaVg
Homescapes Hard Level 1630,조회수 100회,2019. 2. 19.,1,1,icaros,구독자 3.27천명,https://www.youtube.com/watch?v=vIx_-pKl6j0
Homescapes level 598 (꿈의집 598),조회수 143회,2019. 2. 2.,0,0,Jiny Choi,구독자 25명,https://www.youtube.com/watch?v=jU89J4BZJx4
Homescapes level 604 (꿈의집 604),조회수 52회,2019. 2. 2.,0,0,Jiny Choi,구독자 25명,https://www.youtube.com/watch?v=JZX5RARHDIc
Homescapes level 613 (꿈의집 613),조회수 62회,2019. 2. 2.,0,0,Jiny Choi,구독자 25명,https://www.youtube.com/watch?v=xC-tvW3oBH8
꿈의집 별무한 버그판 플레이 영상,"조회수 8,344회",2019. 2. 21.,20,4,버그판 전문유카리,구독자 25명,https://www.youtube.com/watch?v=fh4W9n96ZuY
Homescapes Level 1634,조회수 29회,2019. 2. 21.,0,0,icaros,구독자 3.27천명,https://www.youtube.com/watch?v=cvWFl1xIi5E
Homescapes Level 1631,조회수 16회,2019. 2. 21.,0,0,icaros,구독자 3.27천명,https://www.youtube.com/watch?v=Biet7IaWSsc
Homescapes Level 1633,조회수 83회,2019. 2. 21.,0,0,icaros,구독자 3.27천명,https://www.youtube.com/watch?v=3_NGN2MckVg
Homescapes Level 1635,조회수 27회,2019. 2. 21.,0,0,icaros,구독자 3.27천명,https://www.youtube.com/watch?v=CI00IOtztg0
Homescapes level 749 (꿈의집 749),조회수 87회,2019. 2. 22.,0,0,Jiny Choi,구독자 25명,https://www.youtube.com/watch?v=Cv_fS__Vv5A
꿈의정원 공략 (Gardenscapes) LEVEL 21 - 30 편집영상 (가든스케이프),조회수 317회,2019. 2. 22.,3,0,boy Ma,구독자 3명,https://www.youtube.com/watch?v=GjbQpja1Fmw
Homescapes level 760 (꿈의집 760),조회수 55회,2019. 2. 23.,0,0,Jiny Choi,구독자 25명,https://www.youtube.com/watch?v=s1k6H5pmUN0
Homescapes Level 1638,조회수 28회,2019. 2. 25.,0,0,icaros,구독자 3.27천명,https://www.youtube.com/watch?v=Asa-O_LBKfw
Homescapes Hard Level 1636,조회수 361회,2019. 2. 25.,0,0,icaros,구독자 3.27천명,https://www.youtube.com/watch?v=WcqfaD7Trzc
Homescapes Level 1639,조회수 28회,2019. 2. 25.,0,0,icaros,구독자 3.27천명,https://www.youtube.com/watch?v=ThqLHYtGsQU
Homescapes Level 1637,조회수 19회,2019. 2. 25.,0,0,icaros,구독자 3.27천명,https://www.youtube.com/watch?v=zvPjqnQiqdw
Homescapes Hard Level 1640,조회수 50회,2019. 2. 25.,1,0,icaros,구독자 3.27천명,https://www.youtube.com/watch?v=WsxNw2Gh4ac
homescapes 홈스케이프 gameplay,조회수 44회,2019. 2. 26.,1,0,홈스케이프,구독자 6명,https://www.youtube.com/watch?v=g2NOxH8IhRQ
홈스케이프 레벨 1820 가자 만렙 homescapes gameplay,조회수 69회,2019. 2. 26.,0,0,홈스케이프,구독자 6명,https://www.youtube.com/watch?v=qOwRzYxqIqU
homescapes gameplay 홈스케이프 만렙가기 1828,조회수 265회,2019. 2. 26.,1,0,홈스케이프,구독자 6명,https://www.youtube.com/watch?v=TzjULSk81CY
Homescapes Hard Level 1645,조회수 220회,2019. 2. 28.,0,0,icaros,구독자 3.27천명,https://www.youtube.com/watch?v=As3rWEfpXCY
Homescapes Level 1642,조회수 19회,2019. 2. 28.,0,0,icaros,구독자 3.27천명,https://www.youtube.com/watch?v=EyuKKmSXJcc
Homescapes Level 1641,조회수 9회,2019. 2. 28.,1,0,icaros,구독자 3.27천명,https://www.youtube.com/watch?v=P7IM2H2mKaM
Homescapes Level 1644,조회수 8회,2019. 2. 28.,1,0,icaros,구독자 3.27천명,https://www.youtube.com/watch?v=NRhBey9kyK4
Homescapes level 674 (꿈의집 674),조회수 131회,2019. 2. 5.,0,0,Jiny Choi,구독자 25명,https://www.youtube.com/watch?v=ki5jc8Av-NM
Homescapes level 690 (꿈의집 690),조회수 60회,2019. 2. 5.,1,0,Jiny Choi,구독자 25명,https://www.youtube.com/watch?v=GxIlGh3S4wI
Homescapes level 705 (꿈의집 705),조회수 66회,2019. 2. 6.,0,0,Jiny Choi,구독자 25명,https://www.youtube.com/watch?v=efgYzP3juR8
Homescapes level 715 (꿈의집 715),조회수 61회,2019. 2. 7.,0,0,Jiny Choi,구독자 25명,https://www.youtube.com/watch?v=ZqzIUjBl3z8
Homescapes Level 1617,조회수 21회,2019. 2. 9.,0,0,icaros,구독자 3.27천명,https://www.youtube.com/watch?v=y93QU7_Mxbw
Homescapes Level 1616,조회수 18회,2019. 2. 9.,0,0,icaros,구독자 3.27천명,https://www.youtube.com/watch?v=z4wxsfz0zgY
Homescapes Hard Level 1619,조회수 736회,2019. 2. 9.,5,2,icaros,구독자 3.27천명,https://www.youtube.com/watch?v=dxL06vVtAVE
Homescapes Level 1618,조회수 76회,2019. 2. 9.,0,0,icaros,구독자 3.27천명,https://www.youtube.com/watch?v=a04Yl_XrT68
Homescapes Level 1620,조회수 62회,2019. 2. 9.,0,0,icaros,구독자 3.27천명,https://www.youtube.com/watch?v=kKd7UHTcIf0
Homescapes Hard Level 1655,조회수 301회,2019. 3. 11.,1,0,icaros,구독자 3.27천명,https://www.youtube.com/watch?v=8FickSJKFzI
Homescapes Level 1654,조회수 136회,2019. 3. 11.,1,1,icaros,구독자 3.27천명,https://www.youtube.com/watch?v=sbEmDcf9noI
Homescapes Level 1653,조회수 21회,2019. 3. 11.,1,0,icaros,구독자 3.27천명,https://www.youtube.com/watch?v=_VhLky7p3ec
Homescapes Level 1651,조회수 522회,2019. 3. 11.,2,0,icaros,구독자 3.27천명,https://www.youtube.com/watch?v=U8YYBmanscs
Homescapes Level 1659,조회수 24회,2019. 3. 12.,1,0,icaros,구독자 3.27천명,https://www.youtube.com/watch?v=28_umkRNe2g
Homescapes Level 1658,조회수 24회,2019. 3. 12.,0,0,icaros,구독자 3.27천명,https://www.youtube.com/watch?v=5Qn9uk4gwN4
Homescapes Level 1656,조회수 291회,2019. 3. 12.,0,0,icaros,구독자 3.27천명,https://www.youtube.com/watch?v=_AQsDRroaxg
Homescapes Level 1657,조회수 54회,2019. 3. 12.,0,0,icaros,구독자 3.27천명,https://www.youtube.com/watch?v=GIcF0YqKuCY
Homescapes Level 1661,조회수 12회,2019. 3. 16.,0,0,icaros,구독자 3.27천명,https://www.youtube.com/watch?v=pO5ich7Hfdo
Homescapes Level 1662,조회수 24회,2019. 3. 16.,0,0,icaros,구독자 3.27천명,https://www.youtube.com/watch?v=Ve3IEHzgPQU
Homescapes Level 1665,조회수 37회,2019. 3. 16.,0,0,icaros,구독자 3.27천명,https://www.youtube.com/watch?v=BVyusw10Lak
Homescapes Level 1664,조회수 790회,2019. 3. 16.,5,0,icaros,구독자 3.27천명,https://www.youtube.com/watch?v=Ydt7NJ6EneY
꿈의집(Homescapes) 51~60,조회수 48회,2019. 3. 17.,1,0,큰빵네,구독자 1명,https://www.youtube.com/watch?v=aZ9XV9YGfwQ
Homescapes Level 1669,조회수 101회,2019. 3. 18.,0,0,icaros,구독자 3.27천명,https://www.youtube.com/watch?v=zxn3Ce48nwI
Homescapes Level 1668,조회수 8회,2019. 3. 18.,0,0,icaros,구독자 3.27천명,https://www.youtube.com/watch?v=fBEaCy3gyMo
Homescapes Level 1670,조회수 25회,2019. 3. 18.,0,0,icaros,구독자 3.27천명,https://www.youtube.com/watch?v=5or4kOvv3os
Homescapes Level 1667,조회수 139회,2019. 3. 18.,0,0,icaros,구독자 3.27천명,https://www.youtube.com/watch?v=w1xHkHRDUWk
오스틴 꿈의 집 파티룸 3,조회수 211회,2019. 3. 2.,0,0,갤비,구독자 14명,https://www.youtube.com/watch?v=4IH2I3OjkTc
Homescapes Level 1671,조회수 9회,2019. 3. 21.,0,0,icaros,구독자 3.27천명,https://www.youtube.com/watch?v=d2_BkzCXmNY
Homescapes Level 1675,조회수 43회,2019. 3. 21.,1,0,icaros,구독자 3.27천명,https://www.youtube.com/watch?v=Gdrqz7lEgkw
Homescapes Level 1674,조회수 30회,2019. 3. 21.,0,0,icaros,구독자 3.27천명,https://www.youtube.com/watch?v=i4F8D3n9dsA
Homescapes Level 1672,조회수 40회,2019. 3. 21.,0,0,icaros,구독자 3.27천명,https://www.youtube.com/watch?v=liWf-SJeZ38
Homescapes Level 1676,조회수 70회,2019. 3. 25.,0,0,icaros,구독자 3.27천명,https://www.youtube.com/watch?v=OnS0znoTIps
Homescapes Level 1677,조회수 15회,2019. 3. 25.,0,0,icaros,구독자 3.27천명,https://www.youtube.com/watch?v=Qs56BBseMFg
Homescapes Level 1679,조회수 23회,2019. 3. 25.,0,0,icaros,구독자 3.27천명,https://www.youtube.com/watch?v=svK2b_psz8w
Homescapes Level 1680,조회수 176회,2019. 3. 25.,2,0,icaros,구독자 3.27천명,https://www.youtube.com/watch?v=c8xJuUqAdQg
Homescapes Level 1678,조회수 26회,2019. 3. 25.,0,0,icaros,구독자 3.27천명,https://www.youtube.com/watch?v=eUfiJil5l5w
Homescapes Level 1685,조회수 327회,2019. 3. 28.,1,0,icaros,구독자 3.27천명,https://www.youtube.com/watch?v=FNY3shguBUc
Homescapes Level 1682,조회수 169회,2019. 3. 28.,3,0,icaros,구독자 3.27천명,https://www.youtube.com/watch?v=qUFGvBtpobY
Homescapes Level 1681,조회수 49회,2019. 3. 28.,2,0,icaros,구독자 3.27천명,https://www.youtube.com/watch?v=OqYG6Gcy1IE
Homescapes Level 1683,조회수 80회,2019. 3. 28.,1,0,icaros,구독자 3.27천명,https://www.youtube.com/watch?v=fJkGkz0LNck
Homescapes level 812 (꿈의집 812),조회수 75회,2019. 3. 3.,0,0,Jiny Choi,구독자 25명,https://www.youtube.com/watch?v=GJ69acBNa4M
Homescapes level 845 (꿈의집 845),조회수 64회,2019. 3. 30.,0,0,Jiny Choi,구독자 25명,https://www.youtube.com/watch?v=D3i9aLS4cI4
꿈의집(Homescapes) 231~240,조회수 36회,2019. 3. 31.,0,0,큰빵네,구독자 1명,https://www.youtube.com/watch?v=gybGustJSTA
Homescapes Hard Level 1648,조회수 890회,2019. 3. 4.,3,0,icaros,구독자 3.27천명,https://www.youtube.com/watch?v=apLcKc6C56E
Homescapes Level 1649,조회수 37회,2019. 3. 4.,0,0,icaros,구독자 3.27천명,https://www.youtube.com/watch?v=x4llIoKpiUI
Homescapes Level 1650,조회수 60회,2019. 3. 4.,0,0,icaros,구독자 3.27천명,https://www.youtube.com/watch?v=sH39o3d9pm8
Homescapes Level 1647,조회수 17회,2019. 3. 4.,0,0,icaros,구독자 3.27천명,https://www.youtube.com/watch?v=BjTq5FaBmWI
Homescapes Level 1646,조회수 9회,2019. 3. 4.,0,0,icaros,구독자 3.27천명,https://www.youtube.com/watch?v=wmRnfXyTDaY
Homescapes Level 1690,조회수 42회,2019. 4. 1.,1,0,icaros,구독자 3.27천명,https://www.youtube.com/watch?v=5tmlIWB5X-Y
Homescapes Level 1688,조회수 31회,2019. 4. 1.,2,1,icaros,구독자 3.27천명,https://www.youtube.com/watch?v=d75LCoI7Rkw
Homescapes Level 1686,조회수 32회,2019. 4. 1.,0,0,icaros,구독자 3.27천명,https://www.youtube.com/watch?v=iHRYzhJtL-M
Homescapes Level 1687,조회수 18회,2019. 4. 1.,0,0,icaros,구독자 3.27천명,https://www.youtube.com/watch?v=hfh1YcYjuZM
Homescapes Level 1689,조회수 141회,2019. 4. 1.,0,0,icaros,구독자 3.27천명,https://www.youtube.com/watch?v=Ff3-gkWAkpQ
[꿈의집/homescapes/모바일게임] 2042레벨 어려움 난이도 깨기,조회수 15회,2019. 4. 1.,0,0,이코숏,,https://www.youtube.com/watch?v=6MQkpVVda3o
Homescapes Level 1696,조회수 20회,2019. 4. 10.,0,0,icaros,구독자 3.27천명,https://www.youtube.com/watch?v=yy2Oi2rgdBk
Homescapes Level 1697,"조회수 1,085회",2019. 4. 10.,3,1,icaros,구독자 3.27천명,https://www.youtube.com/watch?v=eOAxaukAK68
Homescapes Level 1699,조회수 177회,2019. 4. 10.,2,0,icaros,구독자 3.27천명,https://www.youtube.com/watch?v=eUJre6jEn6c
Homescapes Level 1698,조회수 13회,2019. 4. 10.,0,0,icaros,구독자 3.27천명,https://www.youtube.com/watch?v=J4h9Nbh-Q1g
꿈의 집 Homescapes 1564,조회수 136회,2019. 4. 11.,0,0,꿈의 집 기록.,구독자 3명,https://www.youtube.com/watch?v=qR4PkVSENac
"[MEM] 꿈의 집, 홈스케이프(Homescapes) 179레벨 ""어려움"" 레벨, 몇 번 실패한거야 ㅠㅠ",조회수 40회,2019. 4. 12.,0,0,이일환,구독자 25명,https://www.youtube.com/watch?v=M9-PXsQ_Kk4
"[MEM] 꿈의 집, 홈스케이프(Homescapes) 174레벨 ""더 어려움"", 쉽게 넘깁니다!",조회수 265회,2019. 4. 12.,0,2,이일환,구독자 25명,https://www.youtube.com/watch?v=Blw0hmalTq8
"[MEM] 꿈의 집, 홈스케이프(Homescapes) 166레벨 ""더 어려움"", 이번에는 그나마 좀...",조회수 97회,2019. 4. 12.,0,0,이일환,구독자 25명,https://www.youtube.com/watch?v=abdETYWRgho
꿈의집(Homescapes) 251~260,조회수 29회,2019. 4. 13.,0,0,큰빵네,구독자 1명,https://www.youtube.com/watch?v=3bHZX-8cXzc
꿈의집(Homescapes) 261~270,조회수 18회,2019. 4. 13.,0,0,큰빵네,구독자 1명,https://www.youtube.com/watch?v=zxfY69JBeBM
Homescapes Level 1702,조회수 29회,2019. 4. 14.,0,0,icaros,구독자 3.27천명,https://www.youtube.com/watch?v=814bcYUSvfg
Homescapes Level 1705,조회수 604회,2019. 4. 14.,1,0,icaros,구독자 3.27천명,https://www.youtube.com/watch?v=Cf8yWKgyVqo
Homescapes Level 1704,조회수 65회,2019. 4. 14.,0,0,icaros,구독자 3.27천명,https://www.youtube.com/watch?v=CN5EzQ_FW2s
Homescapes Level 1701,조회수 23회,2019. 4. 14.,0,0,icaros,구독자 3.27천명,https://www.youtube.com/watch?v=XvU5E9aD2AU
Homescapes Level 1703,조회수 92회,2019. 4. 14.,2,0,icaros,구독자 3.27천명,https://www.youtube.com/watch?v=dnxlFJruPPI
Homescapes Level 1710,조회수 449회,2019. 4. 17.,0,1,icaros,구독자 3.27천명,https://www.youtube.com/watch?v=ia6QHYeiWuE
Homescapes Level 1708,조회수 33회,2019. 4. 17.,0,0,icaros,구독자 3.27천명,https://www.youtube.com/watch?v=3P-h6cA_kgU
Homescapes Level 1709,조회수 250회,2019. 4. 17.,2,0,icaros,구독자 3.27천명,https://www.youtube.com/watch?v=-vd5jTP2O0E
Homescapes Level 1706,조회수 51회,2019. 4. 17.,1,0,icaros,구독자 3.27천명,https://www.youtube.com/watch?v=rMJYZed8ldo
Homescapes Level 1707,조회수 23회,2019. 4. 17.,0,0,icaros,구독자 3.27천명,https://www.youtube.com/watch?v=YkVLxXemSsg
오스틴 꿈의 집 파티룸4,조회수 175회,2019. 4. 20.,1,0,갤비,구독자 14명,https://www.youtube.com/watch?v=qE_6nhndmds
Homescapes level 910 (꿈의집 910),조회수 30회,2019. 4. 20.,0,0,Jiny Choi,구독자 25명,https://www.youtube.com/watch?v=WSykE6VTrlg
오스틴 꿈의 집 2000☆,"조회수 2,198회",2019. 4. 21.,5,2,갤비,구독자 14명,https://www.youtube.com/watch?v=pykR_sLTeSA
Homescapes Level 1712,조회수 70회,2019. 4. 24.,1,0,icaros,구독자 3.27천명,https://www.youtube.com/watch?v=qQqSYQhxlX8
Homescapes Level 1711,조회수 25회,2019. 4. 24.,1,0,icaros,구독자 3.27천명,https://www.youtube.com/watch?v=DpzxjTsmScs
Homescapes Level 1714,조회수 66회,2019. 4. 24.,0,0,icaros,구독자 3.27천명,https://www.youtube.com/watch?v=Efukp7X8fvg
Homescapes Level 1713,조회수 144회,2019. 4. 24.,1,0,icaros,구독자 3.27천명,https://www.youtube.com/watch?v=PpP-DXSmo_g
Homescapes Level 1715,조회수 82회,2019. 4. 24.,0,0,icaros,구독자 3.27천명,https://www.youtube.com/watch?v=UqDtXtHPVns
[모바일 게임 공략] 꿈의 집(Homescapes) / 2별 154레벨 성공!,조회수 109회,2019. 4. 28.,2,0,소소한행복,구독자 16명,https://www.youtube.com/watch?v=xRlTxUhue9s
Homescapes Level 1692,조회수 136회,2019. 4. 3.,0,0,icaros,구독자 3.27천명,https://www.youtube.com/watch?v=MCDDLMvtJ9E
Homescapes Level 1693,조회수 61회,2019. 4. 3.,0,0,icaros,구독자 3.27천명,https://www.youtube.com/watch?v=khEuuoapoRw
Homescapes Level 1691,조회수 19회,2019. 4. 3.,0,0,icaros,구독자 3.27천명,https://www.youtube.com/watch?v=q8XPU5QkuAE
Homescapes Level 1695,조회수 40회,2019. 4. 3.,2,0,icaros,구독자 3.27천명,https://www.youtube.com/watch?v=f2cjMETAK8U
Homescapes Level 1694,조회수 133회,2019. 4. 3.,0,0,icaros,구독자 3.27천명,https://www.youtube.com/watch?v=_iONiousR2w
"[MEM] 꿈의 집, 홈스케이프(Homescapes) 106 레벨 어려움! 실패실패성공~",조회수 175회,2019. 4. 6.,0,0,이일환,구독자 25명,https://www.youtube.com/watch?v=C9wGGAFXJIY
Homescapes Level 1716,조회수 26회,2019. 5. 1.,0,0,icaros,구독자 3.27천명,https://www.youtube.com/watch?v=KcqiYapxmaI
Homescapes Level 1718,조회수 100회,2019. 5. 1.,0,0,icaros,구독자 3.27천명,https://www.youtube.com/watch?v=oDiKlL0xgIw
Homescapes Level 1717,조회수 31회,2019. 5. 1.,0,0,icaros,구독자 3.27천명,https://www.youtube.com/watch?v=DCOaZMuZYVM
Homescapes Level 1719,조회수 46회,2019. 5. 1.,1,0,icaros,구독자 3.27천명,https://www.youtube.com/watch?v=neem0zvuyHE
Homescapes Level 1720,조회수 44회,2019. 5. 1.,0,0,icaros,구독자 3.27천명,https://www.youtube.com/watch?v=7O14qI6_sew
홈스케이프 homescapes 2000탄,조회수 169회,2019. 5. 11.,0,0,YEONHEE연희,구독자 4명,https://www.youtube.com/watch?v=l_vB6tZ14jY
Homescapes level 980 (꿈의집 980),조회수 79회,2019. 5. 18.,2,0,Jiny Choi,구독자 25명,https://www.youtube.com/watch?v=dhylVrydX1o
Homescapes level 1018 (꿈의집 1018),조회수 28회,2019. 5. 19.,0,0,Jiny Choi,구독자 25명,https://www.youtube.com/watch?v=UMcP-9hhyag
Homescapes level 1021 (꿈의집 1021),조회수 44회,2019. 5. 19.,0,0,Jiny Choi,구독자 25명,https://www.youtube.com/watch?v=i_NMYxjA72o
Homescapes level 1030 (꿈의집 1030),조회수 77회,2019. 5. 20.,0,0,Jiny Choi,구독자 25명,https://www.youtube.com/watch?v=lWe94h8WgZQ
🌵[퍼즐] 꿈의 집 Homescapes [level 581-590],조회수 60회,2019. 5. 21.,1,0,zamuzzang,구독자 365명,https://www.youtube.com/watch?v=cL77e-b59rU
펭내게임) 꿈의집 homescapes 2500 고렙! 별 100개 한번에 쓰기,"조회수 3,058회",2019. 5. 23.,8,1,펭내채널펭내일상,구독자 52명,https://www.youtube.com/watch?v=2lNnMSvftKI
꿈의집(Homescapes) 391~400,조회수 16회,2019. 5. 3.,0,0,큰빵네,구독자 1명,https://www.youtube.com/watch?v=Vm_9XtFQtu0
꿈의집(Homescapes) 361~370,조회수 46회,2019. 5. 3.,1,0,큰빵네,구독자 1명,https://www.youtube.com/watch?v=uNd4sSOx1Y8
gardenscapes level 2932 꿈의정원,조회수 9회,2019. 5. 8.,0,0,리루스,구독자 5명,https://www.youtube.com/watch?v=mJoHVFEItT8
[모바일 게임 공략] 꿈의 집(Homescapes) / 2별 199레벨 성공!,조회수 114회,2019. 5. 9.,0,0,소소한행복,구독자 16명,https://www.youtube.com/watch?v=keXI-0sQvOE
꿈의 집 Homescapes 2000,조회수 33회,2019. 6. 10.,0,0,꿈의 집 기록.,구독자 3명,https://www.youtube.com/watch?v=eIMPITUUNJU
Homescapes 446,조회수 9회,2019. 6. 18.,0,0,대아르신,,https://www.youtube.com/watch?v=S2AsAMy0ikA
Homescapes level 1356 (꿈의집 1356),조회수 14회,2019. 6. 18.,0,0,Jiny Choi,구독자 25명,https://www.youtube.com/watch?v=9IgKg4fjhAI
Homescapes level 1430 (꿈의집 1430),조회수 36회,2019. 6. 22.,0,0,Jiny Choi,구독자 25명,https://www.youtube.com/watch?v=APa8uzd4_Ww
꿈의 집 알고보니 퍼즐게임 feat. 위메프 반값 특가 이벤트 정보,조회수 2회,2019. 6. 24.,0,0,남익,구독자 1.1천명,https://www.youtube.com/watch?v=XGkm-3ERkE8
꿈의 집 Homescapes 2102,조회수 59회,2019. 6. 24.,0,0,꿈의 집 기록.,구독자 3명,https://www.youtube.com/watch?v=3M604r8Je60
Homescapes level 1472 (꿈의집 1472),조회수 68회,2019. 6. 25.,0,0,Jiny Choi,구독자 25명,https://www.youtube.com/watch?v=Z5O00PgnrdA
오스틴 꿈의 집 도서관 2,조회수 219회,2019. 6. 29.,0,0,갤비,구독자 14명,https://www.youtube.com/watch?v=vuQIqpwm1dk
오스틴 꿈의 집 도서관 1,조회수 179회,2019. 6. 29.,0,0,갤비,구독자 14명,https://www.youtube.com/watch?v=o0rPetafaPU
Homescapes level 1514 (꿈의집 1514),조회수 42회,2019. 6. 30.,0,0,Jiny Choi,구독자 25명,https://www.youtube.com/watch?v=mzv-VAIx8HE
꿈의 집 Homescapes 1938,조회수 90회,2019. 6. 7.,0,0,꿈의 집 기록.,구독자 3명,https://www.youtube.com/watch?v=UzE4QwTonxI
Homescapes level 1525 (꿈의집 1525),조회수 35회,2019. 7. 1.,0,0,Jiny Choi,구독자 25명,https://www.youtube.com/watch?v=JfQulrJAiL0
Homescapes level 1694 (꿈의집 1694),조회수 6회,2019. 7. 11.,0,0,Jiny Choi,구독자 25명,https://www.youtube.com/watch?v=vl0n-5_gq4w
Homescapes level 1727 (꿈의집 1727),조회수 118회,2019. 7. 13.,0,0,Jiny Choi,구독자 25명,https://www.youtube.com/watch?v=SrnJT0Fz52w
Homescapes level 1721 (꿈의집 1721),조회수 29회,2019. 7. 13.,0,0,Jiny Choi,구독자 25명,https://www.youtube.com/watch?v=WgVDWJ7YPvg
꿈의집 오스틴별장 2일차 별쓰기 별 모자람 ㅋㅋㅋ,조회수 90회,2019. 7. 15.,0,0,윤자매,구독자 14명,https://www.youtube.com/watch?v=0dtyFPx24PU
Homescapes level 1786 (꿈의집 1786),조회수 84회,2019. 7. 18.,1,0,Jiny Choi,구독자 25명,https://www.youtube.com/watch?v=rGMJsbaNpWs
Homescapes level 1877 (꿈의집 1877),조회수 38회,2019. 7. 21.,0,0,Jiny Choi,구독자 25명,https://www.youtube.com/watch?v=i3bfNdg6v5U
Homescapes level 1918 (꿈의집 1918),조회수 296회,2019. 7. 24.,1,2,Jiny Choi,구독자 25명,https://www.youtube.com/watch?v=wg4levHrimM
Homescapes level 1952 (꿈의집 1952),조회수 85회,2019. 7. 27.,1,0,Jiny Choi,구독자 25명,https://www.youtube.com/watch?v=ov4ALNaBhs0
꿈의집 호숫가 별장 꾸미기 시작 Home scapes 2961 만렙,"조회수 3,269회",2019. 7. 4.,18,0,황금악기,구독자 85명,https://www.youtube.com/watch?v=cjfanjqBPbE
Homescapes 꿈의집 오스틴별장 1일차 꾸미기 별쓰기,조회수 99회,2019. 7. 6.,0,0,윤자매,구독자 14명,https://www.youtube.com/watch?v=R-TvsbSg_qI
Homescapes level 1997 (꿈의집 1997),조회수 116회,2019. 8. 1.,1,0,Jiny Choi,구독자 25명,https://www.youtube.com/watch?v=7ClyPbM49qg
Homescapes level 2164 (꿈의집 2164),조회수 26회,2019. 8. 14.,0,0,Jiny Choi,구독자 25명,https://www.youtube.com/watch?v=TXf3IahvBC0
Wildscapes / 꿈의 동물원 (kids Games 키즈게임),조회수 146회,2019. 8. 14.,2,1,MAGIC PAINT,,https://www.youtube.com/watch?v=-ibEI9wr5SY
[SM엔터테인먼트]레이 우롱 휴대폰의 모바일 게임 TV광고 [꿈의 집 - 우리집 편],"조회수 1,275회",2019. 8. 2.,2,4,서울4호선469편성,구독자 283명,https://www.youtube.com/watch?v=-8AJi50lRaY
Homescapes Very Difficult Level 3155 Red Level Play /꿈의집 3155레벨 레드레벨 더어려운 레벨,조회수 55회,2019. 8. 22.,0,0,황금악기,구독자 85명,https://www.youtube.com/watch?v=C5ss3Zt02cs
꿈의집(homescapes) 버그,조회수 185회,2019. 8. 26.,0,0,국봉방,구독자 1명,https://www.youtube.com/watch?v=XADCUWWKAB4
