﻿title,count,date,good_count,bad_count,youtuber,subscriber,url
THE FLOOR IS LAVA - LAVA MONSTER GAME AT PARK FAMILY FUN FOR KIDS TOYS,조회수 99회,2018. 12. 13.,8,1,JCs Adventures,구독자 2.85천명,https://www.youtube.com/watch?v=tHTke3sPI_M
Unlimited Health And PP Hack On Victory Road | Monster Park | Trainer Canyon (हिन्दी),"조회수 3,557회",2018. 12. 18.,31,10,GameR,구독자 1.45천명,https://www.youtube.com/watch?v=j9tOmBYazSI
Monster Park - [베타게임] 몬스터파크 온라인 [ Android ] Gameplay,조회수 235회,2019. 1. 16.,2,0,Free2PlayMMOs Gaming Channel,구독자 9.72천명,https://www.youtube.com/watch?v=79vc0R6zBP8
2019 NEW Hey monster/monster park HACK MOD APK (link on description),"조회수 4,979회",2019. 1. 17.,36,20,Nora Games,구독자 28명,https://www.youtube.com/watch?v=pVrnXrFI-qk
How to download hey monster park by IH,조회수 256회,2019. 1. 18.,12,1,EON KID BY VISHAL K,구독자 22명,https://www.youtube.com/watch?v=cqb40CtOzhI
Monster School : DRIVE AND PARK GAME - Minecraft Animation,"조회수 39,315회",2019. 1. 18.,579,50,Ricky Sijun,,https://www.youtube.com/watch?v=iz6_0KuRrpk
AriesMS Wind Archer VJ Monster Park 39 seconds,조회수 817회,2019. 1. 22.,12,9,AppleThicc,구독자 11명,https://www.youtube.com/watch?v=s4dw0_LP9Hc
Park of Monster Game - Merge & Challenge,"조회수 185,874회",2019. 1. 29.,17,12,Park of Monster Game,구독자 431명,https://www.youtube.com/watch?v=ZgAhAaEjXz0
4x Legendary Pokemon Entei in Trainer Canyon / Monster Park / Hey Monster by Gaming Tactics,"조회수 14,345회",2019. 1. 29.,111,17,Gaming Tactics,구독자 288명,https://www.youtube.com/watch?v=mOTFWquc1cQ
Park of Monster - Upgrade Your Monsters to Build Strongest Attack Team,"조회수 12,711회",2019. 1. 29.,16,3,Park of Monster Game,구독자 431명,https://www.youtube.com/watch?v=WxdqmtyVorM
LAVA MONSTER at the Park! Playground Game Fun,조회수 301회,2019. 1. 31.,7,0,Nala And Caiden's World,구독자 411명,https://www.youtube.com/watch?v=AE9ChKeKBxk
Monster's Park Monday! Monster's Park Aged In Spanish Brandy Barrels - 12% ABV,조회수 622회,2019. 1. 7.,33,0,Joe Senigaglia,구독자 5.67천명,https://www.youtube.com/watch?v=dFbVpKhYduo
Nari Kids Park: HUGtto! PreCure - Monster Battle,"조회수 2,065회",2019. 1. 9.,44,0,CranberryFo,구독자 2.86천명,https://www.youtube.com/watch?v=9vXyW6BnuBY
JAMMIES and Lava Monster Game at park,조회수 24회,2019. 10. 1.,4,0,Liam & Kids,구독자 275명,https://www.youtube.com/watch?v=R0bJs0jkF9I
park of monster stage(Level) 162,조회수 729회,2019. 10. 10.,4,1,-sjoii-妙聆音,구독자 135명,https://www.youtube.com/watch?v=jvmWQCVoi1c
Park of monster _ tree Rainforest,조회수 88회,2019. 10. 10.,0,0,Test Game Cool,구독자 135명,https://www.youtube.com/watch?v=mhdouSam9P8
park of monster stage(Level) 153-Lv.3+Lv.3,조회수 52회,2019. 10. 11.,0,0,-sjoii-妙聆音,구독자 135명,https://www.youtube.com/watch?v=04rU1JEd6Ig
park of monster stage(Level) 153-Lv.2+Lv.4,조회수 107회,2019. 10. 11.,2,0,-sjoii-妙聆音,구독자 135명,https://www.youtube.com/watch?v=SA_QHTpbky4
Park of Monster Event October 2019 Part 1,조회수 43회,2019. 10. 11.,0,1,Mobelle Gaming,구독자 17명,https://www.youtube.com/watch?v=C_7g7KxEMmg
Park of Monster Hack - Hướng dẫn Hack Crystals Park of Monster 2019,"조회수 4,408회",2019. 10. 12.,20,8,dudumuleky,구독자 18명,https://www.youtube.com/watch?v=l5RWrFyBVnM
Park of Monster : up level pet,조회수 14회,2019. 10. 15.,0,0,Test Game Cool,구독자 135명,https://www.youtube.com/watch?v=tl7ZVrSM92Q
Two Rivers Park Monster Caught on Game Camera,조회수 716회,2019. 10. 17.,11,0,Pulaski County,구독자 6명,https://www.youtube.com/watch?v=IfhQhbUozKs
Park of Monster auto attack android Nox player,조회수 35회,2019. 10. 17.,0,0,Test Game Cool,구독자 135명,https://www.youtube.com/watch?v=eS4-bmPw57E
How to download Pokemon monster park apk in hindi,조회수 94회,2019. 10. 17.,3,2,Graphic & Games,구독자 32명,https://www.youtube.com/watch?v=jt1i84m1LW8
Park of Monster : Gift of Ancient God Event p2,조회수 88회,2019. 10. 21.,1,1,Test Game Cool,구독자 135명,https://www.youtube.com/watch?v=0hMgRZ4Nb5E
Park of Monster : stage 54,조회수 100회,2019. 10. 22.,0,0,Test Game Cool,구독자 135명,https://www.youtube.com/watch?v=ISx5EqM1T9k
LAVA MONSTER at a PARK!,"조회수 1,074,055회",2019. 10. 27.,7.6천,828,Just 4 Girls,구독자 36.5만명,https://www.youtube.com/watch?v=rN6n209QfJw
Park of monster,조회수 22회,2019. 10. 30.,1,0,Test Game Cool,구독자 135명,https://www.youtube.com/watch?v=jsqzQ0lJK5E
Park of monster,조회수 13회,2019. 10. 9.,0,0,Test Game Cool,구독자 135명,https://www.youtube.com/watch?v=CUs5XzbtGgw
Park of monster: halloween event,조회수 393회,2019. 11. 1.,2,1,Test Game Cool,구독자 135명,https://www.youtube.com/watch?v=pfJRu1wY9sA
Park of Monster - Free Puzzle Game,조회수 26회,2019. 11. 10.,0,0,Park of Monster Game,구독자 431명,https://www.youtube.com/watch?v=AuGdP4TTbXE
Park of Monster - Free Puzzle Game,조회수 126회,2019. 11. 10.,0,0,Park of Monster Game,구독자 431명,https://www.youtube.com/watch?v=cEhI4AxZwEo
Park of Monster - Free Puzzle Game,조회수 17회,2019. 11. 10.,0,0,Park of Monster Game,구독자 431명,https://www.youtube.com/watch?v=GzhGRSotmMY
Park of Monster - Free Puzzle Game,조회수 921회,2019. 11. 10.,0,0,Park of Monster Game,구독자 431명,https://www.youtube.com/watch?v=6vHCkNsXZa4
Park of Monster - Free Puzzle Game,"조회수 1,178회",2019. 11. 10.,0,0,Park of Monster Game,구독자 431명,https://www.youtube.com/watch?v=0bGaYF2CmKQ
Park of Monster - Free Puzzle Game,"조회수 1,681회",2019. 11. 10.,0,0,Park of Monster Game,구독자 431명,https://www.youtube.com/watch?v=lQVFPU6jZsg
Park of Monster - Free Puzzle Game,조회수 15회,2019. 11. 10.,0,0,Park of Monster Game,구독자 431명,https://www.youtube.com/watch?v=31gMdfGTi4g
Park of Monster - Free Puzzle Game,조회수 100회,2019. 11. 10.,0,0,Park of Monster Game,구독자 431명,https://www.youtube.com/watch?v=WphNqCgBuGY
Park of Monster - Free Puzzle Game,조회수 16회,2019. 11. 10.,0,0,Park of Monster Game,구독자 431명,https://www.youtube.com/watch?v=j0RJHoNWew4
Park of Monster - Free Puzzle Game,"조회수 4,043회",2019. 11. 10.,1,0,Park of Monster Game,구독자 431명,https://www.youtube.com/watch?v=7qfVJP6t4Iw
Park of Monster - Free Puzzle Game,조회수 19회,2019. 11. 10.,0,0,Park of Monster Game,구독자 431명,https://www.youtube.com/watch?v=lNXxBgPY35c
Park of Monster - Free Puzzle Game,조회수 21회,2019. 11. 10.,1,0,Park of Monster Game,구독자 431명,https://www.youtube.com/watch?v=KvKNY-2J2t8
Park of Monster - Free Puzzle Game,조회수 142회,2019. 11. 10.,0,0,Park of Monster Game,구독자 431명,https://www.youtube.com/watch?v=iYb9kB_495U
Park of Monster - Free Puzzle Game,"조회수 2,377회",2019. 11. 10.,0,0,Park of Monster Game,구독자 431명,https://www.youtube.com/watch?v=ZynKVIevORc
Park of Monster - Free Puzzle Game,"조회수 1,371회",2019. 11. 10.,0,0,Park of Monster Game,구독자 431명,https://www.youtube.com/watch?v=xFphK8dq2u4
Park of Monster - Free Puzzle Game,"조회수 1,766회",2019. 11. 10.,0,0,Park of Monster Game,구독자 431명,https://www.youtube.com/watch?v=DagI_uYXzGw
Park of Monster - Free Puzzle Game,조회수 763회,2019. 11. 10.,1,0,Park of Monster Game,구독자 431명,https://www.youtube.com/watch?v=a1bGULYRZjQ
Park of Monster - Free Puzzle Game,"조회수 1,575,304회",2019. 11. 10.,0,0,Park of Monster Game,구독자 431명,https://www.youtube.com/watch?v=rrQA2SPNUSg
Park of Monster - Free Puzzle Game,조회수 686회,2019. 11. 10.,0,0,Park of Monster Game,구독자 431명,https://www.youtube.com/watch?v=xix39syP8to
Park of Monster - Free Puzzle Game,"조회수 10,412회",2019. 11. 10.,0,0,Park of Monster Game,구독자 431명,https://www.youtube.com/watch?v=fx76ZKBZ6g0
Park of Monster - Free Puzzle Game,"조회수 32,634회",2019. 11. 10.,0,0,Park of Monster Game,구독자 431명,https://www.youtube.com/watch?v=2N5RgGUkLZk
Park of Monster - Free Puzzle Game,"조회수 4,190회",2019. 11. 10.,1,1,Park of Monster Game,구독자 431명,https://www.youtube.com/watch?v=I_LB1ZolrwI
Park of Monster - Free Puzzle Game,조회수 223회,2019. 11. 11.,0,0,Park of Monster Game,구독자 431명,https://www.youtube.com/watch?v=PmqF1PdjXM4
Ghostbusters: The Video Game - Ghost Scans: Central Park Cemetery - Keyhead Monster,조회수 4회,2019. 11. 15.,0,0,Outer Heaven Guides,구독자 301명,https://www.youtube.com/watch?v=Nq4WL5eK2PQ
Ghostbusters: The Video Game - Ghost Scans: Central Park Cemetery - Grave Monster,조회수 6회,2019. 11. 15.,0,0,Outer Heaven Guides,구독자 301명,https://www.youtube.com/watch?v=8OaR3v6Hs3k
"Park of Monster HACK 99,999 Crystals 😨 Get Free Crystals (Android/iOS) 🔵 Never Patched",조회수 21회,2019. 11. 15.,0,0,debil dea,,https://www.youtube.com/watch?v=IfpyC_vVjT0
"Park of Monster - Puzzle Game, Merge Now!",조회수 43회,2019. 11. 17.,0,0,Park of Monster Game,구독자 431명,https://www.youtube.com/watch?v=D5VqOH-2mu8
Park of Monster - Merge Now,조회수 123회,2019. 11. 17.,0,0,Park of Monster Game,구독자 431명,https://www.youtube.com/watch?v=vDtdE8vq1Ck
Park of Monster Hack Online 1M Crystals ✔️ Free Park of Monster Crystals (Android and iOS) 🔑 New Way,조회수 16회,2019. 11. 17.,0,0,Fritz trottl,,https://www.youtube.com/watch?v=yr0KIRDZIc0
Park of Monster November Event Clean Up,조회수 6회,2019. 11. 18.,0,0,Mobelle Gaming,구독자 17명,https://www.youtube.com/watch?v=XchFxJ_KNAY
Park of Monster - Free Puzzle Game,조회수 53회,2019. 11. 19.,0,0,Park of Monster Game,구독자 431명,https://www.youtube.com/watch?v=jSaf4MDCQcA
park of monster:tree,조회수 28회,2019. 11. 2.,0,0,Test Game Cool,구독자 135명,https://www.youtube.com/watch?v=7veEaLhpVE0
Ice Road Truck Driver Real Monster Truck Car Park Racing Game - Gameplay #1 (iOS/Android),조회수 5회,2019. 11. 2.,0,0,PLAY ARCADE,구독자 18명,https://www.youtube.com/watch?v=vm0x_9AIcPI
"Hidden pokémon games from iphone, how to download monster park in iphone😉",조회수 117회,2019. 11. 2.,3,0,Asuza Tech,구독자 10명,https://www.youtube.com/watch?v=NgQQvDG0dnA
Park of Monster - Free Puzzle Game,조회수 26회,2019. 11. 20.,0,0,Park of Monster Game,구독자 431명,https://www.youtube.com/watch?v=IBZsQViUGtU
Park of Monster - Free Puzzle Game,조회수 44회,2019. 11. 20.,0,0,Park of Monster Game,구독자 431명,https://www.youtube.com/watch?v=obJgkaYkuYc
Park of Monster - Free Puzzle Game,조회수 84회,2019. 11. 20.,1,0,Park of Monster Game,구독자 431명,https://www.youtube.com/watch?v=wRHLppljI1w
Park of Monster - Free Puzzle Game,조회수 34회,2019. 11. 20.,0,0,Park of Monster Game,구독자 431명,https://www.youtube.com/watch?v=rO1oM9F0hKA
Park of Monster - Free Puzzle Game,조회수 52회,2019. 11. 20.,0,0,Park of Monster Game,구독자 431명,https://www.youtube.com/watch?v=FpnqGPNN1pk
Park of Monster - Free Puzzle Game,조회수 80회,2019. 11. 20.,0,0,Park of Monster Game,구독자 431명,https://www.youtube.com/watch?v=uBJn2jrCqjk
Park of Monster - Free Puzzle Game,조회수 65회,2019. 11. 20.,1,0,Park of Monster Game,구독자 431명,https://www.youtube.com/watch?v=uufss4p-d7Q
Park of Monster - Free Puzzle Game,조회수 20회,2019. 11. 20.,0,0,Park of Monster Game,구독자 431명,https://www.youtube.com/watch?v=Cxcs8yDsd4Y
Park of Monster - Free Puzzle Game,조회수 33회,2019. 11. 20.,1,0,Park of Monster Game,구독자 431명,https://www.youtube.com/watch?v=Gi8l65EM5BY
💚 Park of Monster Hack and Cheat Crystals 🟢 Unlimited Park of Monster Crystals No Jailbreak/Root,조회수 81회,2019. 11. 23.,0,1,Medellin Michal,,https://www.youtube.com/watch?v=V-oEmdbQiuQ
Trainer canyon/Monster park its a nice game!|Pro gamer 313,조회수 46회,2019. 11. 23.,2,1,Pro gamer 313,구독자 10명,https://www.youtube.com/watch?v=8KSpMCNhA3M
park of monster(파크오브몬스터)공격 꿀팁,조회수 142회,2019. 11. 25.,1,0,춘자tv,구독자 1명,https://www.youtube.com/watch?v=EHpBI-Ej0_c
Park of Monster Event Complete!!,조회수 13회,2019. 11. 3.,0,0,Mobelle Gaming,구독자 17명,https://www.youtube.com/watch?v=gi3dQq1OPa4
park of monster:,조회수 19회,2019. 11. 30.,2,0,Test Game Cool,구독자 135명,https://www.youtube.com/watch?v=ecaeKK9GrUE
park of monster :,조회수 42회,2019. 11. 7.,1,0,Test Game Cool,구독자 135명,https://www.youtube.com/watch?v=z039gr1pzVw
Park of Monster - Free Puzzle Game,"조회수 20,226회",2019. 11. 7.,0,2,Park of Monster Game,구독자 431명,https://www.youtube.com/watch?v=gOifYN9Eq4g
Park of Monster - Free Puzzle Game,"조회수 3,242회",2019. 11. 7.,1,0,Park of Monster Game,구독자 431명,https://www.youtube.com/watch?v=oJ3PhYgEh1Q
Park of Monster Hack Unlimited Crystals Generator - Park of Monster Mod Apk (100% WORKS with Proof),조회수 106회,2019. 12. 1.,3,0,danielsen nisan,구독자 3명,https://www.youtube.com/watch?v=ghSYDEN-5VY
"SUPER NOVA goes to the park! The MONSTER game, Running at high speed! and PICNIC!",조회수 60회,2019. 12. 10.,15,0,Super Nova,구독자 34명,https://www.youtube.com/watch?v=-1C40B29nqo
Monster park,조회수 5회,2019. 12. 8.,0,3,P.Murugan P,,https://www.youtube.com/watch?v=430DCmi7M8Q
Park of Monster Hack Get Unlimited Crystals/ 😍 Park of Monster cheats ♠️ [MIỄN PHÍ],조회수 1회,2019. 12. 8.,0,0,Cole Simmons,,https://www.youtube.com/watch?v=Ta_QDe8yJ-4
Park of Monster Android Gameplay,"조회수 5,883회",2019. 2. 12.,41,2,OGL Gameplays,구독자 18.6만명,https://www.youtube.com/watch?v=tLSWDwcoz8o
Park of Monster Android Gameplay,"조회수 8,999회",2019. 2. 12.,46,12,Android/iOS/Nintendo Switch Gameplay - PROAPK,구독자 18.3만명,https://www.youtube.com/watch?v=IiVNCF2rA0c
Park of Monster Gameplay Android,조회수 52회,2019. 2. 13.,3,0,PalmassGames,구독자 1.31천명,https://www.youtube.com/watch?v=ypA0D9b7Ygw
How to Download Monster Park game in 2019 in very simple method,"조회수 1,533회",2019. 2. 22.,10,5,Rajnish,구독자 4명,https://www.youtube.com/watch?v=P9AgAegL6ao
Download 3d pokemon game-Monster park,조회수 569회,2019. 2. 27.,11,3,#Game 's World,구독자 66명,https://www.youtube.com/watch?v=RobcKPVk_js
Last look of monster park game😭😭😭😭,조회수 60회,2019. 2. 28.,1,0,pokeland 24,구독자 1명,https://www.youtube.com/watch?v=FnOsabFVkIQ
How to Download Hey Monster( Monster Park) on your Android phone.,"조회수 1,061회",2019. 2. 3.,28,5,PROFESSIONAL GAMER,구독자 25명,https://www.youtube.com/watch?v=X-3Rqw-kZnk
Successfully Wasting all the Crystals in the Monster Park.,조회수 262회,2019. 3. 10.,14,0,Gaming Tactics,구독자 288명,https://www.youtube.com/watch?v=6lhUGSkwLsY
Final Battle center Battle in Hey Monster/ Monster park,조회수 284회,2019. 3. 11.,8,1,Gaming Tactics,구독자 288명,https://www.youtube.com/watch?v=2HYIht-8_wU
How to download Monster park/Catch em monster /Hey Monster 2019,"조회수 1,074회",2019. 3. 23.,24,4,Gamerz Stop,구독자 7명,https://www.youtube.com/watch?v=z-vVxaDnsSo
Park of Monster Android Gameplay,조회수 131회,2019. 3. 26.,4,0,KruGames,구독자 16.5만명,https://www.youtube.com/watch?v=28E7IXJXY9E
How to download very interesting game monster park sea unreleased,"조회수 2,890회",2019. 3. 3.,36,19,GAMING WITH HAIDAR,,https://www.youtube.com/watch?v=YECHE7F0bZs
How to download monster park sea (unreleased) with aptoide.,조회수 277회,2019. 3. 4.,8,3,Asif Aslam,구독자 25명,https://www.youtube.com/watch?v=R-7JuQOdAhA
park of monster - The game strategy,"조회수 52,890회",2019. 3. 4.,4,3,Park of Monster Game,구독자 431명,https://www.youtube.com/watch?v=qZlIJxtgK_Q
Park of Monster - Best Strategy Games in 2019,"조회수 4,934회",2019. 3. 6.,4,3,Park of Monster Game,구독자 431명,https://www.youtube.com/watch?v=40gjhhCMpvw
Popular Games -Park of monster,"조회수 5,344회",2019. 3. 6.,0,0,Park of Monster Game,구독자 431명,https://www.youtube.com/watch?v=PcsXkolm5hk
Pokemon game like Monster park sea how to download,조회수 656회,2019. 4. 13.,26,2,Yr Sharma,구독자 28명,https://www.youtube.com/watch?v=G21Mk0p79rI
Park of Monster ：a whole new level of game immersion!,조회수 71회,2019. 4. 18.,0,0,Park of Monster Game,구독자 431명,https://www.youtube.com/watch?v=g2UGe3qYol4
Park of Monster Android Gameplay,"조회수 1,384회",2019. 4. 6.,1,2,Angel Game,,https://www.youtube.com/watch?v=2jGP2LBy5N0
How to download monster park sea,조회수 315회,2019. 5. 15.,6,5,all minds chanel,구독자 10명,https://www.youtube.com/watch?v=5BB7MPLGHIE
2k19 Park Monster,조회수 197회,2019. 5. 18.,22,0,LB Fresh,구독자 1.38천명,https://www.youtube.com/watch?v=Q3Pgq13vxkk
How to download monster park sea 💯%,조회수 208회,2019. 5. 18.,6,4,all minds chanel,구독자 10명,https://www.youtube.com/watch?v=Lvt4XrM09lQ
Park of Monster - 77 Tips,"조회수 2,715회",2019. 5. 21.,9,1,Park of Monster Game,구독자 431명,https://www.youtube.com/watch?v=2P0R7UUh77E
park of monster stage(Level) 90,"조회수 3,124회",2019. 5. 24.,11,0,-sjoii-妙聆音,구독자 135명,https://www.youtube.com/watch?v=XsbfG491iXE
How to download monster park game,조회수 515회,2019. 5. 24.,13,4,indian gamer,구독자 30명,https://www.youtube.com/watch?v=Ure_D0dXNG0
Monster School Jurassic park challenge|By creepyzzz gaming,조회수 83회,2019. 5. 31.,2,0,Creepyzzz gaming,구독자 90명,https://www.youtube.com/watch?v=inuH1ApPd-Q
Monster Park Online Gameplay Android | New Mobile Game,조회수 91회,2019. 5. 6.,2,0,PalmassGames,구독자 1.31천명,https://www.youtube.com/watch?v=PUwZc8106f4
park of monster stage(Level) 118,"조회수 6,857회",2019. 5. 9.,22,1,-sjoii-妙聆音,구독자 135명,https://www.youtube.com/watch?v=lUJJN9cYMHA
신규 모바일 인디게임 mmorpg 몬스터파크(Monster park),조회수 521회,2019. 6. 12.,10,1,대써남후후,구독자 1.78천명,https://www.youtube.com/watch?v=sgScWcd6VZ4
"Park of Monster:Various buildings, plants, monsters, coins and ores await you in this fun game.","조회수 9,419회",2019. 6. 24.,1,0,Park of Monster Game,구독자 431명,https://www.youtube.com/watch?v=58uoJcWcVTQ
(380MB)Download Pokemon Monster Park For Android Devices | with Gameplay proof + Download Link,조회수 251회,2019. 6. 27.,13,2,Gaming Guru,구독자 1.25천명,https://www.youtube.com/watch?v=VluOaSL77rI
"Park Of Monster Game • Stage 1, 2, 3 & 4 • First 3 Minutes Of Gameplay ☆☆☆",조회수 689회,2019. 6. 27.,18,1,Toasted Gamer Boutique,구독자 1.18만명,https://www.youtube.com/watch?v=G-r3JatI_oo
Park Of Monster Game • Stage 5 • Challenge 1 Primary ☆☆☆,조회수 274회,2019. 6. 27.,7,0,Toasted Gamer Boutique,구독자 1.18만명,https://www.youtube.com/watch?v=tvBofFso97k
Park Of Monster Game • Monster Home Disovery Part 1 ☆☆☆,"조회수 4,600회",2019. 6. 28.,17,1,Toasted Gamer Boutique,구독자 1.18만명,https://www.youtube.com/watch?v=5t0jOwTYOo4
Park Of Monster Game • Stage 11 ☆☆☆,조회수 172회,2019. 6. 28.,2,0,Toasted Gamer Boutique,구독자 1.18만명,https://www.youtube.com/watch?v=SRUDqWPsYtU
Park Of Monster Game • Stage 10 ☆☆☆,조회수 166회,2019. 6. 28.,1,0,Toasted Gamer Boutique,구독자 1.18만명,https://www.youtube.com/watch?v=rxhjR_dFab8
Park Of Monster Game • Stage 9 Primary • Challenge 2 ☆☆☆,"조회수 1,102회",2019. 6. 28.,13,0,Toasted Gamer Boutique,구독자 1.18만명,https://www.youtube.com/watch?v=Sxq5T21vRvQ
Park Of Monster Game • Stage 5 • Challenge 1 Advanced 3rd Win ☆☆☆,조회수 111회,2019. 6. 28.,1,0,Toasted Gamer Boutique,구독자 1.18만명,https://www.youtube.com/watch?v=I8Qw2hJuUkc
Park Of Monster Game • Stage 7 ☆☆☆,조회수 94회,2019. 6. 28.,3,0,Toasted Gamer Boutique,구독자 1.18만명,https://www.youtube.com/watch?v=Ecadfzt-BK8
Park Of Monster Game • Stage 6 ☆☆☆,조회수 105회,2019. 6. 28.,1,0,Toasted Gamer Boutique,구독자 1.18만명,https://www.youtube.com/watch?v=bQRc8bxf9lE
Park Of Monster Game • Stage 5 • Challenge 1 Intermediate 2nd Win ☆☆☆,조회수 152회,2019. 6. 28.,3,0,Toasted Gamer Boutique,구독자 1.18만명,https://www.youtube.com/watch?v=UXv4ihqr47E
Park Of Monster Game • Stage 8 ☆☆☆,조회수 112회,2019. 6. 28.,2,0,Toasted Gamer Boutique,구독자 1.18만명,https://www.youtube.com/watch?v=9pef1zVbiCs
Park of Monster Part 2 - Stage 7 to 10 - Tutorial Gameplay,조회수 170회,2019. 6. 30.,4,1,Iczel Gaming,구독자 1.16만명,https://www.youtube.com/watch?v=acydZGumtj0
Park of Monster Part 3 - Upgrading The Camp,조회수 133회,2019. 6. 30.,4,1,Iczel Gaming,구독자 1.16만명,https://www.youtube.com/watch?v=KQolVeuzhEc
Park of monster - stage 30,조회수 97회,2019. 6. 4.,0,0,Minh Vu,구독자 5명,https://www.youtube.com/watch?v=p4OA1xnfmqE
Park of Monster Android Gameplay | CATCH MONSTERS | COMBINE ELEMENTS | EXPAND VILLAGE,조회수 277회,2019. 6. 4.,5,0,GameReviews AU,구독자 346명,https://www.youtube.com/watch?v=EEvI4Yvy0jU
Park of monster - stage 61,조회수 271회,2019. 6. 5.,1,0,Minh Vu,구독자 5명,https://www.youtube.com/watch?v=-rITBNVGjDM
Park of monster - stage 46,조회수 903회,2019. 6. 5.,3,0,Minh Vu,구독자 5명,https://www.youtube.com/watch?v=NfMDpw9qfnA
Park of Monster Part 5 - My 25 Monster Power Camp,조회수 125회,2019. 7. 1.,6,1,Iczel Gaming,구독자 1.16만명,https://www.youtube.com/watch?v=Ur4DW83owFA
Park of Monster Part 4 - Stage 11 to 13 - Tutorial Gameplay,조회수 115회,2019. 7. 1.,2,0,Iczel Gaming,구독자 1.16만명,https://www.youtube.com/watch?v=GMazq7SloPM
Park of Monster Part 6 Stage 14 and 15,조회수 58회,2019. 7. 1.,1,0,Iczel Gaming,구독자 1.16만명,https://www.youtube.com/watch?v=NwN2ln0Jvf4
Park Of Monster Game • Stage 24 ☆☆☆,"조회수 1,090회",2019. 7. 10.,11,0,Toasted Gamer Boutique,구독자 1.18만명,https://www.youtube.com/watch?v=Gj8djTt4y0g
Park Of Monster Game • Stage 22 ○ Primary Win • 4th Challenge ☆☆☆,조회수 418회,2019. 7. 10.,1,3,Toasted Gamer Boutique,구독자 1.18만명,https://www.youtube.com/watch?v=HtzLIgWwZ98
Park Of Monster Game • Stage 21 ☆☆☆,조회수 185회,2019. 7. 10.,4,0,Toasted Gamer Boutique,구독자 1.18만명,https://www.youtube.com/watch?v=D46QDphlPPY
Park Of Monster Game • Stage 23 ☆☆☆,조회수 141회,2019. 7. 10.,2,0,Toasted Gamer Boutique,구독자 1.18만명,https://www.youtube.com/watch?v=ATV1eox59nw
Park Of Monster Game • Stage 20 ☆☆☆,조회수 127회,2019. 7. 10.,1,0,Toasted Gamer Boutique,구독자 1.18만명,https://www.youtube.com/watch?v=KTcUe8Dfc98
Park Of Monster Game • Stage 19 ☆☆☆,조회수 93회,2019. 7. 10.,2,0,Toasted Gamer Boutique,구독자 1.18만명,https://www.youtube.com/watch?v=E0BtIMHjARg
Park Of Monster - Game Nuôi Thú Phục Hồi Nhân Phẩm Lúc Rảnh,"조회수 17,534회",2019. 7. 10.,292,7,Hama Gaming,구독자 7.93만명,https://www.youtube.com/watch?v=9PFGm7645yc
Park Of Monster Game • Monster Home Disovery Part 2 ☆☆☆,"조회수 1,111회",2019. 7. 10.,5,1,Toasted Gamer Boutique,구독자 1.18만명,https://www.youtube.com/watch?v=DyqQUq5Bmnc
Park of Monster Summer Party Challenge Stage 1,조회수 172회,2019. 7. 11.,1,0,Iczel Gaming,구독자 1.16만명,https://www.youtube.com/watch?v=JWQZzqWD-04
Park of Monster Summer Party Challenge Stage 2,조회수 145회,2019. 7. 11.,4,0,Iczel Gaming,구독자 1.16만명,https://www.youtube.com/watch?v=jd0essk8iJc
Park Of Monster Stage 27 ☆☆☆,조회수 167회,2019. 7. 11.,1,0,Toasted Gamer Boutique,구독자 1.18만명,https://www.youtube.com/watch?v=L1cmxyjzMR4
Park Of Monster Stage 26 ○ Primary Win • 5th Challenge ☆☆☆,조회수 166회,2019. 7. 11.,1,0,Toasted Gamer Boutique,구독자 1.18만명,https://www.youtube.com/watch?v=tEspNTAn4ik
Park Of Monster Stage 25 ☆☆☆,조회수 138회,2019. 7. 11.,3,0,Toasted Gamer Boutique,구독자 1.18만명,https://www.youtube.com/watch?v=i_tFXuUO-2E
Park of Monster - Challenge Stage 26 Advanced 55 Secs Gameplay,조회수 507회,2019. 7. 11.,4,0,Iczel Gaming,구독자 1.16만명,https://www.youtube.com/watch?v=TgyNuuD5UnI
Park of Monster (Merge Dragons Clone) - Stage 28 to 30,조회수 167회,2019. 7. 12.,2,0,Iczel Gaming,구독자 1.16만명,https://www.youtube.com/watch?v=iDNbNp9K7vY
Park Of Monster • Summer Party Event Stage 1 Of 10 ☆☆☆,조회수 486회,2019. 7. 12.,6,2,Toasted Gamer Boutique,구독자 1.18만명,https://www.youtube.com/watch?v=7i7XFKrQh5A
Park of Monster (Merge Dragons Clone) - Stage 32 to 34,조회수 75회,2019. 7. 13.,1,0,Iczel Gaming,구독자 1.16만명,https://www.youtube.com/watch?v=OxqNRoKHcY4
Park of Monster Summer Party Challenge Stage 10,조회수 98회,2019. 7. 14.,3,0,Iczel Gaming,구독자 1.16만명,https://www.youtube.com/watch?v=lSUl8OGqHQQ
Park of Monster Summer Party Challenge Stage 5,조회수 59회,2019. 7. 14.,2,0,Iczel Gaming,구독자 1.16만명,https://www.youtube.com/watch?v=byrC-N2a3mI
Park of Monster Summer Party Challenge Stage 7,조회수 13회,2019. 7. 14.,0,0,Iczel Gaming,구독자 1.16만명,https://www.youtube.com/watch?v=MyNRxK_Z1W4
Park Of Monster - Sự Kiện Hè và Cách Nhận Quái Vật Khủng,"조회수 10,078회",2019. 7. 14.,106,7,Hama Gaming,구독자 7.93만명,https://www.youtube.com/watch?v=9dECuoDghWA
Park of Monster Summer Party Challenge Stage 9,조회수 174회,2019. 7. 14.,0,0,Iczel Gaming,구독자 1.16만명,https://www.youtube.com/watch?v=Ni0JY87LeCA
Park of Monster Summer Party Challenge Stage 3,조회수 44회,2019. 7. 14.,2,0,Iczel Gaming,구독자 1.16만명,https://www.youtube.com/watch?v=5dhVWowf_cU
Park Of Monster Stage 28 ☆☆☆,조회수 513회,2019. 7. 15.,6,0,Toasted Gamer Boutique,구독자 1.18만명,https://www.youtube.com/watch?v=wbXVAQ2qk1I
Park Of Monster Game • Monster Home Disovery Part 3 ☆☆☆,조회수 484회,2019. 7. 15.,4,0,Toasted Gamer Boutique,구독자 1.18만명,https://www.youtube.com/watch?v=BJYkCXMQCU8
Park Of Monster Stage 29 ☆☆☆,조회수 150회,2019. 7. 15.,2,0,Toasted Gamer Boutique,구독자 1.18만명,https://www.youtube.com/watch?v=qkr1aV-djfo
Park Of Monster Stage 30 ☆☆☆,"조회수 1,152회",2019. 7. 16.,11,0,Toasted Gamer Boutique,구독자 1.18만명,https://www.youtube.com/watch?v=WGEnjtc6MsQ
Park Of Monster Stage 31 ○ Primary Win • 6th Challenge ☆☆☆,조회수 437회,2019. 7. 16.,4,1,Toasted Gamer Boutique,구독자 1.18만명,https://www.youtube.com/watch?v=k4txFINuqo4
Park Of Monster Game • Monster Home Disovery Part 4 ☆☆☆,조회수 457회,2019. 7. 16.,4,0,Toasted Gamer Boutique,구독자 1.18만명,https://www.youtube.com/watch?v=H-6PSs_-Z4Y
Park of Monster - Challenge Stage 31 - Primary and Intermediate,조회수 638회,2019. 7. 17.,4,2,Iczel Gaming,구독자 1.16만명,https://www.youtube.com/watch?v=Mwcu0eMAyVg
Park Of Monster Game • Monster Home Disovery Part 5 • Level 15 ☆☆☆,조회수 305회,2019. 7. 17.,2,1,Toasted Gamer Boutique,구독자 1.18만명,https://www.youtube.com/watch?v=jQGneNJ0F4I
Park Of Monster Stage 34 ☆☆☆,조회수 170회,2019. 7. 17.,1,0,Toasted Gamer Boutique,구독자 1.18만명,https://www.youtube.com/watch?v=2EgalhHu0Jw
Park Of Monster Stage 33 ☆☆☆,조회수 343회,2019. 7. 17.,2,0,Toasted Gamer Boutique,구독자 1.18만명,https://www.youtube.com/watch?v=I9HBfX-NZro
Park Of Monster Stage 32 ☆☆☆,조회수 160회,2019. 7. 17.,2,0,Toasted Gamer Boutique,구독자 1.18만명,https://www.youtube.com/watch?v=626XG34ItHE
New Merge Dragon? Park of Monster Part 9 - Stage 19 - Trick to Farming Gold Coins Early,조회수 124회,2019. 7. 2.,1,0,Iczel Gaming,구독자 1.16만명,https://www.youtube.com/watch?v=6EAgQTtkyrE
Park of Monster Part 8 - Stage 17 and 18 (Merge Dragons Clone),조회수 47회,2019. 7. 2.,0,0,Iczel Gaming,구독자 1.16만명,https://www.youtube.com/watch?v=7HRaAykO5tQ
Park Of Monster Game • Stage 12 ☆☆☆,조회수 290회,2019. 7. 2.,3,1,Toasted Gamer Boutique,구독자 1.18만명,https://www.youtube.com/watch?v=yp2jhEH31XU
Park of Monster Part 7 - Challenge 5 and 16,조회수 74회,2019. 7. 2.,2,0,Iczel Gaming,구독자 1.16만명,https://www.youtube.com/watch?v=88xFv-N2Tu4
Park of Monster (Merge Dragons Clone) - Stage 35 to 38,조회수 74회,2019. 7. 21.,1,1,Iczel Gaming,구독자 1.16만명,https://www.youtube.com/watch?v=eOLkbTkMXy8
Park Of Monster Stage 37 ☆☆☆,조회수 110회,2019. 7. 23.,3,0,Toasted Gamer Boutique,구독자 1.18만명,https://www.youtube.com/watch?v=0SwaZrx8D5Q
Park Of Monster Game • Monster Home Disovery Part 6 ☆☆☆,조회수 550회,2019. 7. 23.,4,0,Toasted Gamer Boutique,구독자 1.18만명,https://www.youtube.com/watch?v=MDi1yELfyc4
Park Of Monster Stage 42 ☆☆☆,조회수 475회,2019. 7. 23.,6,0,Toasted Gamer Boutique,구독자 1.18만명,https://www.youtube.com/watch?v=cBr_u4ClCII
Park Of Monster Stage 41 ☆☆☆,"조회수 1,919회",2019. 7. 23.,19,1,Toasted Gamer Boutique,구독자 1.18만명,https://www.youtube.com/watch?v=VwUIeWUVWp8
Park Of Monster Stage 39 ☆☆☆,조회수 101회,2019. 7. 23.,1,0,Toasted Gamer Boutique,구독자 1.18만명,https://www.youtube.com/watch?v=MBwPqSyVP40
Park Of Monster Stage 38 ☆☆☆,조회수 115회,2019. 7. 23.,1,0,Toasted Gamer Boutique,구독자 1.18만명,https://www.youtube.com/watch?v=Ttr5Hzt03p4
Park Of Monster Stage 40 ☆☆☆,조회수 135회,2019. 7. 23.,1,0,Toasted Gamer Boutique,구독자 1.18만명,https://www.youtube.com/watch?v=OreCgpcN9lo
Park Of Monster Stage 36 ○ Primary Win • 7th Challenge ☆☆☆,조회수 337회,2019. 7. 23.,4,0,Toasted Gamer Boutique,구독자 1.18만명,https://www.youtube.com/watch?v=EDZfXxfwv8w
Park Of Monster Stage 35 ☆☆☆,조회수 158회,2019. 7. 23.,2,0,Toasted Gamer Boutique,구독자 1.18만명,https://www.youtube.com/watch?v=hcO0Y1uF5eE
Park Of Monster Stage 43 ☆☆☆,조회수 208회,2019. 7. 24.,2,0,Toasted Gamer Boutique,구독자 1.18만명,https://www.youtube.com/watch?v=5L6Hry2Wlus
Park Of Monster Stage 44 ○ Primary Win • 8th Challenge ☆☆☆,조회수 728회,2019. 7. 24.,11,0,Toasted Gamer Boutique,구독자 1.18만명,https://www.youtube.com/watch?v=87wJ-T6Q3Fg
Park Of Monster Game • Stage 14 ☆☆☆,조회수 126회,2019. 7. 3.,1,0,Toasted Gamer Boutique,구독자 1.18만명,https://www.youtube.com/watch?v=vv1qiPF2ydk
Park Of Monster Game • Stage 13 ☆☆☆,조회수 126회,2019. 7. 3.,1,0,Toasted Gamer Boutique,구독자 1.18만명,https://www.youtube.com/watch?v=-dad4DuS7AY
Park Of Monster Stage 45 ☆☆☆,조회수 340회,2019. 7. 30.,5,0,Toasted Gamer Boutique,구독자 1.18만명,https://www.youtube.com/watch?v=cuto27RMcbo
Park Of Monster Stage 46 ☆☆☆,조회수 357회,2019. 7. 30.,6,0,Toasted Gamer Boutique,구독자 1.18만명,https://www.youtube.com/watch?v=ES2Y2yDxsis
Park Of Monster Stage 47 ☆☆☆,조회수 185회,2019. 7. 31.,5,0,Toasted Gamer Boutique,구독자 1.18만명,https://www.youtube.com/watch?v=2T5Dr9LZfqU
Park Of Monster Stage 48 ☆☆☆,조회수 191회,2019. 7. 31.,3,0,Toasted Gamer Boutique,구독자 1.18만명,https://www.youtube.com/watch?v=vCzSrUD9FCM
Park of Monster (Merge Dragon Clone) - Challege Stage 22 Advanced Intermediate Primary,"조회수 1,087회",2019. 7. 4.,3,3,Iczel Gaming,구독자 1.16만명,https://www.youtube.com/watch?v=JOlN5ZMGqjY
Park of Monster (Merge Dragons Clone) - Stage 20 to 23,조회수 188회,2019. 7. 4.,3,0,Iczel Gaming,구독자 1.16만명,https://www.youtube.com/watch?v=5hZCabqeoDE
Park Of Monster Game • Stage 15 ☆☆☆,조회수 215회,2019. 7. 8.,5,0,Toasted Gamer Boutique,구독자 1.18만명,https://www.youtube.com/watch?v=ZG0h7AN_TMA
Park Of Monster Game • Stage 18 ☆☆☆,조회수 94회,2019. 7. 9.,1,0,Toasted Gamer Boutique,구독자 1.18만명,https://www.youtube.com/watch?v=kDVFX7CgGjc
Park Of Monster Game • Stage 16 ○ Primary • 3rd Challenge ☆☆☆,조회수 402회,2019. 7. 9.,5,1,Toasted Gamer Boutique,구독자 1.18만명,https://www.youtube.com/watch?v=B320i-zoOFU
Park Of Monster Game • Stage 17 ☆☆☆,조회수 94회,2019. 7. 9.,1,0,Toasted Gamer Boutique,구독자 1.18만명,https://www.youtube.com/watch?v=1VzNK4QQV0E
Park of Monster Part Stage 24 to 27,조회수 211회,2019. 7. 9.,3,0,Iczel Gaming,구독자 1.16만명,https://www.youtube.com/watch?v=AfN9UKbjbiQ
How to Merge in Park of Monster?,"조회수 3,154회",2019. 8. 18.,2,0,Park of Monster Game,구독자 431명,https://www.youtube.com/watch?v=AjB9BNvH4Kk
how to download monster park on android,조회수 316회,2019. 8. 23.,11,7,RIO YT Channel,,https://www.youtube.com/watch?v=A7Lg8LCsma8
Park of Monster casual play,조회수 506회,2019. 8. 26.,1,0,Mobelle Gaming,구독자 17명,https://www.youtube.com/watch?v=DPgrNpZI_WM
How to Play Park of Monster on Pc with Memu Android Emulator,조회수 162회,2019. 8. 29.,0,0,Johan Fayt,구독자 6.87천명,https://www.youtube.com/watch?v=IGrdFppVvaA
Breeding Farm Part 1 From Amity Park to Monsters,"조회수 33,524회",2019. 8. 5.,527,30,Purity Sin,구독자 8.24만명,https://www.youtube.com/watch?v=kUkbilBHDYw
trainer canyon (monster park) gameplay,조회수 82회,2019. 8. 5.,3,0,S m Ibrahim,구독자 5명,https://www.youtube.com/watch?v=_KDe_aFqdtQ
Park Of Monster Stage 49 ☆☆☆,조회수 183회,2019. 8. 6.,3,1,Toasted Gamer Boutique,구독자 1.18만명,https://www.youtube.com/watch?v=3Ku4PCF4Qwc
Park Of Monster Stage 50 ☆☆☆,"조회수 1,484회",2019. 8. 6.,7,0,Toasted Gamer Boutique,구독자 1.18만명,https://www.youtube.com/watch?v=AMyUCpc1Uro
Park Of Monster Stage 51 ☆☆☆,조회수 527회,2019. 8. 6.,6,0,Toasted Gamer Boutique,구독자 1.18만명,https://www.youtube.com/watch?v=yRXv9D1yprk
Park Of Monster Stage 52 ☆☆☆,조회수 387회,2019. 8. 7.,5,0,Toasted Gamer Boutique,구독자 1.18만명,https://www.youtube.com/watch?v=reqFXAGAMv0
Park Of Monster Stage 53 ☆☆☆,조회수 443회,2019. 8. 7.,2,0,Toasted Gamer Boutique,구독자 1.18만명,https://www.youtube.com/watch?v=MpKYegB3NyY
Park Of Monster Merge Monster Egg Event TEASER ☆☆☆,조회수 273회,2019. 8. 7.,5,0,Toasted Gamer Boutique,구독자 1.18만명,https://www.youtube.com/watch?v=6jlj4p0NtLg
Fury Monster Truck Parking Mania - 4x4 Monster Car Park Games - Android Gameplay Video #2,"조회수 1,851회",2019. 8. 7.,14,4,O Game Channel,구독자 87.3만명,https://www.youtube.com/watch?v=s8pJK21euGg
Park Of Monster #Android,조회수 1회,2019. 8. 9.,1,0,Habib Jackson,구독자 3.88천명,https://www.youtube.com/watch?v=XDjlxP5fMYE
Monster Park Hidden On Playstore,조회수 31회,2019. 9. 11.,12,0,Gaming With Azhar,구독자 143명,https://www.youtube.com/watch?v=csn0kVdlfvc
Park of Monster - Time Management Game,조회수 369회,2019. 9. 11.,0,0,Park of Monster Game,구독자 431명,https://www.youtube.com/watch?v=n6W7HhMtb9E
Hey monster park fighting in gym and win with absol,조회수 87회,2019. 9. 12.,9,0,bhilogka adda,구독자 11명,https://www.youtube.com/watch?v=t27PMeOUKms
How to download hey monster park,조회수 143회,2019. 9. 13.,4,1,bhilogka adda,구독자 11명,https://www.youtube.com/watch?v=q9A4cCGMybU
Amazing Game - Park of Monster,"조회수 354,252회",2019. 9. 2.,1,1,Park of Monster Game,구독자 431명,https://www.youtube.com/watch?v=ftbx3mYDAzA
Park of Monster,조회수 1회,2019. 9. 22.,0,0,Catherine zhao,,https://www.youtube.com/watch?v=UA82d8UITT0
Park of Monster,조회수 2회,2019. 9. 22.,0,0,Catherine zhao,,https://www.youtube.com/watch?v=S20hB-k0OsM
Park of Monster,조회수 3회,2019. 9. 22.,0,0,Catherine zhao,,https://www.youtube.com/watch?v=h9wyweyUo6Q
Park of Monster,조회수 2회,2019. 9. 22.,0,0,Catherine zhao,,https://www.youtube.com/watch?v=Omj0ydQ_nr4
Park of Monster,조회수 1회,2019. 9. 22.,0,0,Catherine zhao,,https://www.youtube.com/watch?v=2RLA91helyM
FIRST PARK GAME MONSTER WINS!!!,조회수 13회,2019. 9. 24.,3,0,MonsterGames,구독자 17명,https://www.youtube.com/watch?v=SeYO4nxHD_o
How to download hey monster/monster park,조회수 179회,2019. 9. 27.,2,3,foo goo,구독자 4명,https://www.youtube.com/watch?v=CwWm9ARQqq4
Park of Monster Event Merging eggs Part 1,조회수 9회,2019. 9. 27.,1,0,Mobelle Gaming,구독자 17명,https://www.youtube.com/watch?v=7NbYrB7v9yU
Park of Monster Event Merging Eggs Part 3,조회수 6회,2019. 9. 30.,0,0,Mobelle Gaming,구독자 17명,https://www.youtube.com/watch?v=tYSdnG9_aJ0
Park of Monster Event Part 2,조회수 10회,2019. 9. 30.,0,0,Mobelle Gaming,구독자 17명,https://www.youtube.com/watch?v=NKWf6ir27FY
Park of Monster (iOS/Android) Simulation Gameplay,조회수 19회,2019. 9. 30.,0,0,FGGamesReview,구독자 8명,https://www.youtube.com/watch?v=T4MmOyQZe5c
Park of Monster Level 172,조회수 54회,2019. 9. 5.,1,0,Jennifer Duchemin,,https://www.youtube.com/watch?v=TeX_vGnVKgY
"Công Viên Sinh Vật Lạ - Park Of Monster - Top Game Hay Mobiles, Android, Ios","조회수 21,377회",2019. 9. 9.,216,11,Thành EJ,구독자 45.7만명,https://www.youtube.com/watch?v=sjBPszefMUY
pokemon Monster park game live,조회수 140회,실시간 스트리밍 시작일: 2018. 12. 15.,21,2,PokeVex,구독자 1.74만명,https://www.youtube.com/watch?v=QnzVfvTm53A
#3 pokemon Monster park game live,조회수 180회,실시간 스트리밍 시작일: 2018. 12. 17.,11,2,PokeVex,구독자 1.74만명,https://www.youtube.com/watch?v=DR9IIqdwAuk
#4 pokemon Monster park game live,조회수 141회,실시간 스트리밍 시작일: 2018. 12. 18.,13,0,PokeVex,구독자 1.74만명,https://www.youtube.com/watch?v=Q_yQ4lv0y6A
Park Of Monster Merge Monster Eggs Event • Saturday Morning Live#2 ☆☆☆,조회수 272회,실시간 스트리밍 시작일: 2019. 8. 10.,7,0,Toasted Gamer Boutique,구독자 1.18만명,https://www.youtube.com/watch?v=DDT40cvPjRk
Park Of Monster Merge Monster Egg Event Last 30 Minutes ☆☆☆,조회수 493회,실시간 스트리밍 시작일: 2019. 8. 12.,3,0,Toasted Gamer Boutique,구독자 1.18만명,https://www.youtube.com/watch?v=iUw70Fx6jc4
Park Of Monster Cool Summer Event First 30 Minutes ☆☆☆,조회수 513회,실시간 스트리밍 시작일: 2019. 8. 2.,10,0,Toasted Gamer Boutique,구독자 1.18만명,https://www.youtube.com/watch?v=nZl-ZLOUVkM
Park Of Monster Cool Summer Event • Last 42 Minutes ☆☆☆,조회수 476회,실시간 스트리밍 시작일: 2019. 8. 5.,13,0,Toasted Gamer Boutique,구독자 1.18만명,https://www.youtube.com/watch?v=Geoj4yv32Tk
Park Of Monster Merge Monster Eggs Event • First 30 Minutes ☆☆☆,"조회수 1,422회",실시간 스트리밍 시작일: 2019. 8. 9.,9,1,Toasted Gamer Boutique,구독자 1.18만명,https://www.youtube.com/watch?v=orIxGxuzcxU
MET Monsters GAC vs Severna Park game 2,조회수 31회,실시간 스트리밍 시작일: 2019. 9. 22.,0,0,MET Monsters,구독자 128명,https://www.youtube.com/watch?v=Ro91A28yxmA
3D Monster Truck Parking Game // 3D Canavar Kamyon Park Oyunu Truck Parking Simulator Game GamePlay,조회수 500회,최초 공개: 2019. 8. 7.,7,1,Color Oyun Games,,https://www.youtube.com/watch?v=NP8Hq2ohaZM
