﻿title,count,date,good_count,bad_count,youtuber,subscriber,url
계급장키우기 계급을 끝까지 올려서 보스 탱크 한 번 잡아야 보세요 심심할 때 즐기기 좋은 게임추천 mobile games sara han,조회수 721회,2019. 1. 1.,5,0,사라한,구독자 966명,https://www.youtube.com/watch?v=3jGNZXA2Ri8
하사가 보면 기분이 좋아지는 영상 [계급장 키우기],"조회수 297,750회",2019. 1. 11.,16,8,럭키찬,구독자 1.31천명,https://www.youtube.com/watch?v=z6-DijrqWB0
소위가 보면 기분이 좋아지는 영상 [계급장 키우기],"조회수 415,345회",2019. 1. 23.,12,3,럭키찬,구독자 1.31천명,https://www.youtube.com/watch?v=FAnBp0ohN5Y
상어가족 들으며 소위 키우기,"조회수 145,657회",2019. 1. 24.,9,1,럭키찬,구독자 1.31천명,https://www.youtube.com/watch?v=SVNCLtukaag
대령이 보면 기분이 좋아지는 영상 [계급장 키우기],"조회수 930,674회",2019. 1. 26.,29,7,럭키찬,구독자 1.31천명,https://www.youtube.com/watch?v=DBhjskr_GVg
이등병이 보면 기분이 좋아지는 영상 [계급장 키우기],"조회수 885,690회",2019. 1. 4.,30,6,럭키찬,구독자 1.31천명,https://www.youtube.com/watch?v=LK7t-c5bL9M
부사관학교의 비밀,"조회수 3,132회",2019. 1. 4.,15,1,럭키찬,구독자 1.31천명,https://www.youtube.com/watch?v=UU9qR_d8meg
럭키박스! 계급장을 뽑아봅시다!,"조회수 4,056회",2019. 1. 4.,11,2,럭키찬,구독자 1.31천명,https://www.youtube.com/watch?v=pK_B3BR6YWM
계급장이 쏟아진다! 동원령 선포,"조회수 75,412회",2019. 1. 4.,11,1,럭키찬,구독자 1.31천명,https://www.youtube.com/watch?v=jBazIK2AjBE
원수 다음 계급이 뭘까?,"조회수 120,594회",2019. 1. 4.,79,10,럭키찬,구독자 1.31천명,https://www.youtube.com/watch?v=_GDwMZ4j53A
미국계급장은 어떻게 생겼을까?,"조회수 3,226회",2019. 1. 4.,16,2,럭키찬,구독자 1.31천명,https://www.youtube.com/watch?v=hXbsiQpp-WI
사관학교의 비밀,"조회수 10,826회",2019. 1. 4.,32,6,럭키찬,구독자 1.31천명,https://www.youtube.com/watch?v=5xqSbCl9pK0
힐러부터 제거하세요,"조회수 8,026회",2019. 1. 5.,16,3,럭키찬,구독자 1.31천명,https://www.youtube.com/watch?v=nkmKhSCVA54
탱크가 탱커네요,"조회수 35,513회",2019. 1. 7.,28,3,럭키찬,구독자 1.31천명,https://www.youtube.com/watch?v=QIibSraT4yY
계급장 키우기1화,조회수 16회,2019. 10. 10.,0,0,핑거숙냅,,https://www.youtube.com/watch?v=fwW5s6ZbxkA
계급장키우기 (시즌 3),조회수 12회,2019. 10. 12.,2,0,계산박사tv,구독자 41명,https://www.youtube.com/watch?v=trQ2Ka7Rbws
계급장키우기 마지막화!,조회수 16회,2019. 10. 14.,5,0,준호t v,구독자 19명,https://www.youtube.com/watch?v=Oe3g1Snd08M
[수기] 계급장 키우기 1편,조회수 3회,2019. 10. 18.,0,0,수기,,https://www.youtube.com/watch?v=IqIeerOZaAQ
처음으로 한 계급장 키우기 입니다,조회수 13회,2019. 10. 20.,1,0,어린이 상민tv,구독자 6명,https://www.youtube.com/watch?v=171W5DkbFO8
초보계급장달기,조회수 7회,2019. 10. 21.,0,0,물텀벙구리,구독자 35명,https://www.youtube.com/watch?v=Bpe5h0xlOWc
드디어 하사 #계급장키우기,조회수 1회,2019. 10. 21.,0,0,물텀벙구리,구독자 35명,https://www.youtube.com/watch?v=mL7NggZQo3Q
계급장 키우기2화,조회수 5회,2019. 10. 21.,0,0,핑거숙냅,,https://www.youtube.com/watch?v=rfq5hKMF9F8
계급장 키우기 끈기있는자는 도전해보세요,조회수 32회,2019. 10. 8.,13,0,안일왕 TV,구독자 508명,https://www.youtube.com/watch?v=fC-7JwLFHY0
오 계급장키우기 재밌다구~,조회수 9회,2019. 10. 9.,1,0,준호t v,구독자 19명,https://www.youtube.com/watch?v=64nEevsa-EE
계급장 키우기,조회수 1회,2019. 11. 12.,0,0,평범한 카스 유저,구독자 10명,https://www.youtube.com/watch?v=j-ktTn6DsJQ
노가다 게임 (계급장 키우기),조회수 25회,2019. 11. 14.,1,0,영규김영규,구독자 1명,https://www.youtube.com/watch?v=DMwdThdiwhY
계급장키우기,조회수 6회,2019. 11. 16.,1,0,제제비,구독자 4명,https://www.youtube.com/watch?v=THODMSmOWOY
계급을 하나씩 진급해서 기분이 좋아졌습니다.,"조회수 44,655회",2019. 11. 19.,2,0,럭키찬,구독자 1.31천명,https://www.youtube.com/watch?v=AB4ITw4k1FE
군대 계급 순서를 가장 쉽게 배우는 방법,조회수 429회,2019. 11. 19.,3,0,럭키찬,구독자 1.31천명,https://www.youtube.com/watch?v=lEIpdou8pBU
계급장 키우기 대위 만들기.,조회수 없음,2019. 11. 21.,0,0,이구독안하면새벽 3시에 찾아가서 죽임,,https://www.youtube.com/watch?v=Z4aVTjBV86M
오늘도계급장키우기,조회수 2회,2019. 11. 22.,0,0,KOREA TV,구독자 3명,https://www.youtube.com/watch?v=qMSicIfTgco
계급장키우기를해보았읍니다,조회수 4회,2019. 11. 22.,0,0,KOREA TV,구독자 3명,https://www.youtube.com/watch?v=qnqhkU5LQjY
계급장 키우기 2탄!! 더 좋아진 계급 잘 봐주세욥!,조회수 9회,2019. 11. 22.,2,0,_현준이,구독자 16명,https://www.youtube.com/watch?v=bca_j7WIEEY
오늘 처음으로 영상켰습니다. 계급장 키우기 리뷰,조회수 13회,2019. 11. 26.,3,0,잘 나가는 부대#,구독자 1명,https://www.youtube.com/watch?v=6F9AAz5jB58
계급장키우기 육성 전(1편),조회수 2회,2019. 11. 29.,0,0,기민규,구독자 3명,https://www.youtube.com/watch?v=1_d1OyID-co
모든 계급장을 합쳐 원수 계급장 하나를 만들었습니다!,조회수 139회,2019. 11. 7.,2,0,럭키찬,구독자 1.31천명,https://www.youtube.com/watch?v=IFRvg4n334o
계급장 몰빵해서 대륙사령관 준장을 만들어보았습니다!,조회수 362회,2019. 11. 8.,2,0,럭키찬,구독자 1.31천명,https://www.youtube.com/watch?v=7Rw1fuWDgQ4
계급장 키우기게임을 해 보았다!,조회수 6회,2019. 11. 9.,2,0,최부건tv,구독자 3명,https://www.youtube.com/watch?v=m3Mgg34Q2bY
모든 계급장을 동원해서 대륙사령관 준장까지 가봅니다~!,"조회수 31,040회",2019. 11. 9.,7,0,럭키찬,구독자 1.31천명,https://www.youtube.com/watch?v=5zWBkpwEgCU
계급장키우기,조회수 2회,2019. 12. 12.,1,0,tv구지,,https://www.youtube.com/watch?v=L3kYCyqP6NY
계급장키우기 신 계급으로 올리기!,조회수 37회,2019. 12. 2.,4,0,-웃플-웃으며 플레이,구독자 134명,https://www.youtube.com/watch?v=O1QxsN4mUBE
계급장키우기,조회수 1회,2019. 12. 3.,0,0,정류나,구독자 13명,https://www.youtube.com/watch?v=fqfCAmht21A
계급장키우기,조회수 18회,2019. 12. 4.,3,0,참PD,구독자 5명,https://www.youtube.com/watch?v=zMh8nTvxjM4
계급장 키우기!!!!!!,조회수 4회,2019. 12. 6.,0,0,연우몬스터,구독자 1명,https://www.youtube.com/watch?v=s8_-yJnu4x8
계급장 키우기 1편,조회수 16회,2019. 12. 7.,2,1,도식tv,구독자 381명,https://www.youtube.com/watch?v=T1c7f2KckYU
신비아파트 군대버전? 대물량 탱크 다 부셔버리기!! [계급장 키우기],"조회수 24,172회",2019. 2. 1.,182,11,동동 TV,구독자 23.6만명,https://www.youtube.com/watch?v=DrW4d0UjoSI
이병에서 원수되기,"조회수 2,252회",2019. 2. 10.,9,1,럭키찬,구독자 1.31천명,https://www.youtube.com/watch?v=Jd5rZJgbcSs
다이아로 다이아 만들기 [계급장 키우기],"조회수 161,539회",2019. 2. 13.,14,3,럭키찬,구독자 1.31천명,https://www.youtube.com/watch?v=-48cLNIO2bQ
SSS급 탱크 같이 파괴시킬분들 들어오세요! 총 30만원 이벤트 까지!! [계급장 키우기],"조회수 38,257회",2019. 2. 16.,298,20,동동 TV,구독자 23.6만명,https://www.youtube.com/watch?v=RPoV5HqrY98
소용돌이 만들기 [계급장 키우기],"조회수 600,013회",2019. 2. 19.,21,10,럭키찬,구독자 1.31천명,https://www.youtube.com/watch?v=eACMoT1tju0
현질로 SS급 만들었습니다ㅋㅋ 현질 이벤트까지 또?! [계급장 키우기],"조회수 87,217회",2019. 2. 26.,596,57,동동 TV,구독자 23.6만명,https://www.youtube.com/watch?v=qfn1i_el1pA
계급장키우기 - 15초영상 1화 (정사각형 화면),조회수 888회,2019. 2. 3.,0,0,Lucky Chan,구독자 464명,https://www.youtube.com/watch?v=nxYgv_upZlI
계급장 키우기(1탄),조회수 43회,2019. 2. 5.,3,0,임경채,구독자 5명,https://www.youtube.com/watch?v=RKNJuzQt29Y
3.1운동 100주년 기념 영상 [계급장 키우기],"조회수 4,625회",2019. 3. 1.,20,0,럭키찬,구독자 1.31천명,https://www.youtube.com/watch?v=4hDuixkTRXU
오늘도 스마일 [계급장 키우기],"조회수 3,472회",2019. 3. 13.,10,3,럭키찬,구독자 1.31천명,https://www.youtube.com/watch?v=fvEBMITq86I
[노랭몬] 요즘 인기많은 노가다 게임을 해봤습니다ㅋㅋ [계급장 키우기],조회수 109회,2019. 3. 15.,4,1,노랭몬,구독자 118명,https://www.youtube.com/watch?v=SPVdFTe5G0M
계급장 키우기 오토마우스 매크로 사용법 💂 by 몽고몽TV,"조회수 8,645회",2019. 3. 19.,31,5,몽고몽TV,구독자 42명,https://www.youtube.com/watch?v=LExB_3vSMik
빠져든다 [계급장 키우기],"조회수 26,802회",2019. 3. 23.,8,0,럭키찬,구독자 1.31천명,https://www.youtube.com/watch?v=xhMjTWGMBss
계급장키우기 꿀팁 알려드립니다!,조회수 989회,2019. 3. 23.,0,4,남강우,구독자 102명,https://www.youtube.com/watch?v=UWK-aLIgBkk
계급장 키우기 버그가 걸렸다!!,"조회수 1,097회",2019. 3. 30.,2,4,멀티펀,구독자 131명,https://www.youtube.com/watch?v=Ef2KQZvX6s8
소위 무한리필 [계급장 키우기],"조회수 1,003회",2019. 3. 31.,5,0,럭키찬,구독자 1.31천명,https://www.youtube.com/watch?v=aqrDALU_BOk
이제 포탄 발사가 쉬워졌어요! [계급장 키우기],"조회수 1,413회",2019. 3. 4.,7,4,럭키찬,구독자 1.31천명,https://www.youtube.com/watch?v=qmJEyFZCLQQ
하사 만들기 [계급장 키우기],"조회수 40,446회",2019. 3. 8.,7,1,럭키찬,구독자 1.31천명,https://www.youtube.com/watch?v=L80EOHLAqbs
미군 계급장으로 하트 만들기 [계급장 키우기],조회수 757회,2019. 4. 16.,8,0,럭키찬,구독자 1.31천명,https://www.youtube.com/watch?v=8psFqlEUmSM
금빛 은빛 단풍놀이 [계급장 키우기],조회수 867회,2019. 4. 18.,8,1,럭키찬,구독자 1.31천명,https://www.youtube.com/watch?v=ZPCGkCqOaDs
전세계 계급장을 모두 모아봤습니다! [계급장 키우기],"조회수 13,833회",2019. 4. 23.,23,3,럭키찬,구독자 1.31천명,https://www.youtube.com/watch?v=IBIA2hcpDcM
미군 계급장으로 소용돌이를 만들어 보았습니다. [계급장 키우기],"조회수 16,224회",2019. 4. 24.,4,0,럭키찬,구독자 1.31천명,https://www.youtube.com/watch?v=vKhVgglqaNs
대한민국 원수까지 진급하기 [계급장 키우기],"조회수 7,872회",2019. 4. 26.,14,0,럭키찬,구독자 1.31천명,https://www.youtube.com/watch?v=0FsJxZOrPVQ
미군 원수 계급장 만들기 [계급장 키우기],"조회수 20,485회",2019. 4. 28.,13,2,럭키찬,구독자 1.31천명,https://www.youtube.com/watch?v=yKzcpaKIs6c
프랑스군 대장 계급장 만들기 [계급장 키우기],"조회수 21,410회",2019. 4. 29.,9,1,럭키찬,구독자 1.31천명,https://www.youtube.com/watch?v=GCqsWKSPRKs
초군반에서 고급지휘관 참모과정까지 한번에 수료하기 [계급장 키우기],"조회수 6,042회",2019. 4. 5.,9,1,럭키찬,구독자 1.31천명,https://www.youtube.com/watch?v=onFDqdqspPM
계급장 제거가 가능하다?! [계급장 키우기],"조회수 10,711회",2019. 4. 9.,22,2,럭키찬,구독자 1.31천명,https://www.youtube.com/watch?v=ioqafw3ZMB4
중국 인민해방군 상장 계급장 만들기 [계급장 키우기],"조회수 6,437회",2019. 5. 1.,7,2,럭키찬,구독자 1.31천명,https://www.youtube.com/watch?v=GaL-zS6gcJk
계급장으로 플러스버튼 만들기 [계급장 키우기],"조회수 127,847회",2019. 5. 10.,6,0,럭키찬,구독자 1.31천명,https://www.youtube.com/watch?v=DwX20Xrlp-M
독일 연방군 대장 만들기 [계급장 키우기],"조회수 96,841회",2019. 5. 12.,8,0,럭키찬,구독자 1.31천명,https://www.youtube.com/watch?v=20I7R0tp6xA
계급장으로 다이아를 만들었어요 [계급장 키우기],"조회수 85,836회",2019. 5. 13.,6,1,럭키찬,구독자 1.31천명,https://www.youtube.com/watch?v=q_jfVUKWCls
캐나다군 원수 계급장 만들기 [계급장 키우기],"조회수 70,060회",2019. 5. 13.,12,1,럭키찬,구독자 1.31천명,https://www.youtube.com/watch?v=KujfwkRNoJ4
은하계 사령관 준장까지 한 번에 만들기 [계급장 키우기],"조회수 306,614회",2019. 5. 14.,10,3,럭키찬,구독자 1.31천명,https://www.youtube.com/watch?v=Uz67Czb8o2k
호주군 원수 계급장 만들기 [계급장 키우기],"조회수 66,728회",2019. 5. 16.,9,1,럭키찬,구독자 1.31천명,https://www.youtube.com/watch?v=mrgg-QmKlv8
소위 중위 대위 소령 계급장으로 다이아를 만들었어요 [계급장 키우기],"조회수 46,038회",2019. 5. 20.,13,0,럭키찬,구독자 1.31천명,https://www.youtube.com/watch?v=uWntFMeAX9M
50만 다운로드 기념 영상 [계급장 키우기],"조회수 17,294회",2019. 5. 25.,12,3,럭키찬,구독자 1.31천명,https://www.youtube.com/watch?v=VJIoDv0OHow
두 개의 소용돌이로 지구사령관 준장을 만들었어요! [계급장 키우기],"조회수 323,268회",2019. 5. 28.,18,1,럭키찬,구독자 1.31천명,https://www.youtube.com/watch?v=-sLSzdkaDN4
영관급 계급장을 모아 다이아를 만들었습니다. [계급장 키우기],"조회수 134,203회",2019. 5. 30.,27,5,럭키찬,구독자 1.31천명,https://www.youtube.com/watch?v=YuA5Oc2wh5s
영국군 원수 계급장 만들기 [계급장 키우기],"조회수 4,169회",2019. 5. 5.,8,3,럭키찬,구독자 1.31천명,https://www.youtube.com/watch?v=3HsGrnzwnQE
계급장으로 태극기 만들기 [계급장 키우기],"조회수 77,693회",2019. 5. 6.,25,8,럭키찬,구독자 1.31천명,https://www.youtube.com/watch?v=mxjQa0upYng
계급장 키우기 대륙사령관 원수 키우기,조회수 232회,2019. 5. 6.,3,0,Black쵸코,구독자 209명,https://www.youtube.com/watch?v=mh5gWXVFe8E
계급장으로 하트만들기 [계급장 키우기],"조회수 12,038회",2019. 5. 8.,8,0,럭키찬,구독자 1.31천명,https://www.youtube.com/watch?v=SPWw-gaTKdA
계급장 아트입니다. [계급장 키우기],"조회수 6,517회",2019. 6. 11.,19,0,럭키찬,구독자 1.31천명,https://www.youtube.com/watch?v=btcHf2SsxeA
계급장 아트 타입2 입니다! [계급장 키우기],"조회수 3,835회",2019. 6. 12.,14,0,럭키찬,구독자 1.31천명,https://www.youtube.com/watch?v=HdlEeN4AOK4
구독자 1000명 돌파 기념 특집! 5600다이아 10장 쿠폰이벤트 합니다! [계급장 키우기],"조회수 4,241회",2019. 6. 14.,51,7,럭키찬,구독자 1.31천명,https://www.youtube.com/watch?v=F_gpHVkC8qY
소위로 소위 만들기 [계급장 키우기],"조회수 94,581회",2019. 6. 19.,9,2,럭키찬,구독자 1.31천명,https://www.youtube.com/watch?v=SYILUJNbiUI
대위로 대위 만들기 [계급장 키우기],"조회수 1,606회",2019. 6. 21.,13,0,럭키찬,구독자 1.31천명,https://www.youtube.com/watch?v=EdyYhPuXVFQ
중위로 중위 만들기 [계급장 키우기],"조회수 249,871회",2019. 6. 21.,9,0,럭키찬,구독자 1.31천명,https://www.youtube.com/watch?v=S9YOaHcDehc
스테이지1 빠르게 클리어하기 [계급장 키우기],조회수 602회,2019. 6. 23.,5,0,럭키찬,구독자 1.31천명,https://www.youtube.com/watch?v=dcB9_sSMQDg
스테이지2 정주행!! [계급장 키우기],"조회수 38,311회",2019. 6. 23.,5,1,럭키찬,구독자 1.31천명,https://www.youtube.com/watch?v=pGYaWCCGv2g
스테이지3 플레이 영상이에요! [계급장 키우기],"조회수 1,490회",2019. 6. 23.,4,0,럭키찬,구독자 1.31천명,https://www.youtube.com/watch?v=-pBE8eem6dI
다이아 보급 작전 [계급장 키우기],"조회수 1,831회",2019. 6. 24.,5,0,럭키찬,구독자 1.31천명,https://www.youtube.com/watch?v=XNjcm0pLl8Q
스테이지4 클리어 했습니다~ [계급장 키우기],"조회수 1,120회",2019. 6. 24.,8,1,럭키찬,구독자 1.31천명,https://www.youtube.com/watch?v=FxjyEQyiBfY
계급장으로 빗살 무늬 만들기 [계급장 키우기],"조회수 97,669회",2019. 6. 27.,7,0,럭키찬,구독자 1.31천명,https://www.youtube.com/watch?v=gwbjwyyy1Ig
스테이지5 클리어 영상 [계급장 키우기],조회수 379회,2019. 6. 29.,5,1,럭키찬,구독자 1.31천명,https://www.youtube.com/watch?v=X1TFe0OQI4Y
동원령 선포 빨간 해골 만들기 [계급장 키우기],조회수 816회,2019. 6. 30.,6,0,럭키찬,구독자 1.31천명,https://www.youtube.com/watch?v=gRPshFN0OrE
총동원령이 선포되었습니다! [계급장 키우기],"조회수 5,617회",2019. 6. 4.,24,1,럭키찬,구독자 1.31천명,https://www.youtube.com/watch?v=obxqtv8gA7Q
적십자 마크를 만들었어요 [계급장 키우기],"조회수 27,759회",2019. 6. 7.,18,0,럭키찬,구독자 1.31천명,https://www.youtube.com/watch?v=8kAg0yEIfLQ
총동원령과 일반동원령 비교 영상입니다. [계급장 키우기],"조회수 86,269회",2019. 6. 8.,22,0,럭키찬,구독자 1.31천명,https://www.youtube.com/watch?v=iporhzEldFk
풀업 총동원령을 소위부터 달려보았습니다. 한 번에 어디까지 갔을까요? [계급장 키우기],"조회수 3,644회",2019. 6. 8.,10,0,럭키찬,구독자 1.31천명,https://www.youtube.com/watch?v=2-bxawDj1bE
보스1 도전 + 다이아 보급작전 + 스테이지6 클리어 [계급장 키우기],"조회수 18,801회",2019. 7. 1.,5,0,럭키찬,구독자 1.31천명,https://www.youtube.com/watch?v=3_1NHO65oNY
카운트 다운 갑니다..! [계급장 키우기],"조회수 90,252회",2019. 7. 10.,12,0,럭키찬,구독자 1.31천명,https://www.youtube.com/watch?v=_fAxvW1Ki3U
지구사령관 럭키박스 20개를 열어보았습니다! [계급장 키우기],"조회수 2,187회",2019. 7. 13.,6,0,럭키찬,구독자 1.31천명,https://www.youtube.com/watch?v=nYqtHmZOLwg
보고 있으면 잡념이 사라지는 사막맵 플레이 영상 [계급장 키우기],"조회수 1,141회",2019. 7. 14.,7,0,럭키찬,구독자 1.31천명,https://www.youtube.com/watch?v=f7z8sBc9wRk
네 번째 보스를 격파했습니다! [계급장 키우기],"조회수 55,888회",2019. 7. 15.,5,0,럭키찬,구독자 1.31천명,https://www.youtube.com/watch?v=uj5wNTqEQIY
계급장키우기_무과금 소위사관학교 건설하다!,조회수 65회,2019. 7. 18.,1,0,계급장무과금,구독자 8명,https://www.youtube.com/watch?v=Xb_qNW3s580
[최재환] 계급장 키우기 스테이지17,조회수 1회,2019. 7. 19.,좋아요,싫어요,최재환,,https://www.youtube.com/watch?v=XzVlaiokBto
계급장키우기 중장을 만들었습니다!!♡ 초등군사반 수료 8000개..하하핳!,조회수 79회,2019. 7. 19.,2,0,계급장무과금,구독자 8명,https://www.youtube.com/watch?v=qZ1S8yPKe1s
계급장키우기 ~ 스테이지 20까지 왔습니당! 19-7 ~ 20-6 스테이지!!,조회수 16회,2019. 7. 19.,2,0,계급장무과금,구독자 8명,https://www.youtube.com/watch?v=fsqtvRreG-k
계급장키우기) 소장은 깍두기 준장 20명의 전투력은?!,조회수 25회,2019. 7. 19.,2,0,계급장무과금,구독자 8명,https://www.youtube.com/watch?v=ShGltolJyAE
[최재환] 계급장 키우기 스테이지16,조회수 2회,2019. 7. 19.,좋아요,싫어요,최재환,,https://www.youtube.com/watch?v=Nes9SqJbAMI
ㄱㄴㄷㄹㅁㅂ 한글 공부를 해보아요 [계급장 키우기],"조회수 49,811회",2019. 7. 2.,7,0,럭키찬,구독자 1.31천명,https://www.youtube.com/watch?v=8DVlt_ktv1A
계급장키우기 ) 보스1~보스4 클리어!,조회수 134회,2019. 7. 20.,3,0,계급장무과금,구독자 8명,https://www.youtube.com/watch?v=b3etQioIN-0
계급장키우기 Tip ) 19스테이지까지 깨지마세요! (설참!),조회수 42회,2019. 7. 20.,2,0,계급장무과금,구독자 8명,https://www.youtube.com/watch?v=ogzwC_6N3hk
[최재환] 계급장 키우기 스테이지18,조회수 5회,2019. 7. 20.,좋아요,싫어요,최재환,,https://www.youtube.com/watch?v=_fknRFg1sQw
[최재환] 계급장 키우기 다이아 보급작전,조회수 6회,2019. 7. 20.,좋아요,싫어요,최재환,,https://www.youtube.com/watch?v=rswJvl8Fyps
[최재환] 계급장 키우기 스테이지19,조회수 5회,2019. 7. 20.,좋아요,싫어요,최재환,,https://www.youtube.com/watch?v=5z5WM4cz8-0
[최재환] 계급장 키우기 스테이지20,조회수 4회,2019. 7. 20.,좋아요,싫어요,최재환,,https://www.youtube.com/watch?v=TKLi4T3bDb0
계급장키우기 계급 레벨업#계급장키우기,조회수 40회,2019. 7. 21.,1,0,김남용,,https://www.youtube.com/watch?v=MDzNk8AEl2g
계급장키우기 - 이렇게 대장으로 승급이 되버렸어요!?,조회수 37회,2019. 7. 21.,2,0,계급장무과금,구독자 8명,https://www.youtube.com/watch?v=7JSUospiHGM
[최재환] 계급장 키우기 '일시적인' 오류,조회수 52회,2019. 7. 21.,좋아요,싫어요,최재환,,https://www.youtube.com/watch?v=A2y6Q4zNaz8
[최재환] 계급장 키우기 스테이지21,조회수 3회,2019. 7. 22.,좋아요,싫어요,최재환,,https://www.youtube.com/watch?v=XDK5_gpNJhc
[최재환] 계급장 키우기 '일시적인' 오류,조회수 5회,2019. 7. 22.,좋아요,싫어요,최재환,,https://www.youtube.com/watch?v=C5WlcZDBCRQ
[최재환] 계급장 키우기 스테이지22,조회수 1회,2019. 7. 23.,좋아요,싫어요,최재환,,https://www.youtube.com/watch?v=0kwM7LUdGY8
70만 다이아를 쏟아부어서 계급장 아트를 해보았습니다. [계급장 키우기],"조회수 56,006회",2019. 7. 23.,22,4,럭키찬,구독자 1.31천명,https://www.youtube.com/watch?v=yJlXzEZ1xzU
은하계 사령관과 지구 사령관의 콜라보 [계급장 키우기],"조회수 100,917회",2019. 7. 23.,19,2,럭키찬,구독자 1.31천명,https://www.youtube.com/watch?v=P2GPfyzwjLA
[최재환] 계급장 키우기 스테이지24,조회수 2회,2019. 7. 23.,좋아요,싫어요,최재환,,https://www.youtube.com/watch?v=ggFvZDInVqY
계급장키우기_ 제가 편집해서 올리는 영상은 이게 마지막이 될 수도 있습니다. 친구들에게 넘어갈수도 있습니다.!,조회수 21회,2019. 7. 24.,2,0,계급장무과금,구독자 8명,https://www.youtube.com/watch?v=MX3-eXflC4k
[최재환] 계급장 키우기 스테이지25,조회수 4회,2019. 7. 24.,좋아요,싫어요,최재환,,https://www.youtube.com/watch?v=xWk43hQlYBw
[최재환] 계급장 키우기 스테이지26,조회수 3회,2019. 7. 24.,좋아요,싫어요,최재환,,https://www.youtube.com/watch?v=64C1H7wota4
계급장키우기,조회수 8회,2019. 7. 28.,2,0,앙앙 기모띠,구독자 68명,https://www.youtube.com/watch?v=wYMnitwzvsw
[최재환] 계급장 키우기 스테이지30,조회수 14회,2019. 7. 29.,좋아요,싫어요,최재환,,https://www.youtube.com/watch?v=BmQe78N9Idc
[최재환] 계급장 키우기 스테이지29,조회수 4회,2019. 7. 29.,좋아요,싫어요,최재환,,https://www.youtube.com/watch?v=MzV8P-dN3uY
[최재환] 계급장 키우기 스테이지27,조회수 2회,2019. 7. 29.,좋아요,싫어요,최재환,,https://www.youtube.com/watch?v=nM_ccf9eNpk
오늘은 한글 모음 공부를 해보아요 [계급장 키우기],"조회수 2,645회",2019. 7. 3.,6,0,럭키찬,구독자 1.31천명,https://www.youtube.com/watch?v=dgi8rhL9YHQ
별 만들기 파도타기~ 원수 까지 전진 앞으로~ [계급장 키우기],조회수 807회,2019. 7. 3.,7,0,럭키찬,구독자 1.31천명,https://www.youtube.com/watch?v=TBSRtBhSB9g
계급장키우기- 21스테이지 클리어 동시에 22스테이지 도전!!,조회수 16회,2019. 7. 30.,1,0,계급장무과금,구독자 8명,https://www.youtube.com/watch?v=OAQjExRU6SQ
계급장키우기 (화면에 없는 계급이 추가되었다?!?!?),조회수 11회,2019. 7. 31.,0,0,아몬드봉봉,,https://www.youtube.com/watch?v=AB3C7a8_SUo
파도타기로 태양계 소장까지 가즈아~ [계급장 키우기],"조회수 33,377회",2019. 7. 4.,10,1,럭키찬,구독자 1.31천명,https://www.youtube.com/watch?v=ckcifzE8cYc
대대지휘관과정! 중령학교가 업데이트 되었어요! [계급장 키우기],"조회수 9,275회",2019. 7. 9.,14,1,럭키찬,구독자 1.31천명,https://www.youtube.com/watch?v=N5lIm8qAlMY
원수 정예부대 출동영상 2부! 도시컨셉 스테이지 시원하게 클리어 했습니다! [계급장 키우기],"조회수 2,112회",2019. 8. 1.,8,1,럭키찬,구독자 1.31천명,https://www.youtube.com/watch?v=MrXYDE2VMvg
재입대 하러갑니다 :: 계급장키우기,"조회수 81,701회",2019. 8. 16.,1천,65,밍모,구독자 49.5만명,https://www.youtube.com/watch?v=CVpswxKmQXI
계급장키우기,조회수 19회,2019. 8. 17.,2,0,양채안,구독자 2명,https://www.youtube.com/watch?v=Ylr6xx1Qluk
계급장 키우기,조회수 4회,2019. 8. 18.,0,0,똥주,구독자 5명,https://www.youtube.com/watch?v=xZyA-YMn7zY
계급장키우기,조회수 5회,2019. 8. 18.,0,0,따봉,구독자 6명,https://www.youtube.com/watch?v=ObD4_aUEv7o
계급장키우기,조회수 9회,2019. 8. 19.,0,0,이명기,구독자 1명,https://www.youtube.com/watch?v=WtGgLcq9nrk
아이돌 투어 의진과 앤씨아의 계급장키우기 플레이~ [계급장키우기],"조회수 2,154회",2019. 8. 19.,24,1,럭키찬,구독자 1.31천명,https://www.youtube.com/watch?v=Xg5ouirfwQk
계급장키우기 리뷰 Rank Insignia game 계급장 키우기 휴대폰게임 게임,조회수 49회,2019. 8. 2.,1,0,손유성,구독자 2명,https://www.youtube.com/watch?v=EKWFS6a15Kk
[계급창 키우기] 계급창 키우기 게임가디언 해킹,조회수 523회,2019. 8. 23.,7,2,대전쟁냥이,구독자 782명,https://www.youtube.com/watch?v=QoalIALKpaA
대륙사령관 훈장 뽑기 가즈아~!! [계급장키우기],조회수 346회,2019. 8. 26.,4,1,럭키찬,구독자 1.31천명,https://www.youtube.com/watch?v=OyyEChbLEIk
하늘맵에서 전투기들을 격파했습니다! [계급장키우기],조회수 243회,2019. 8. 27.,7,0,럭키찬,구독자 1.31천명,https://www.youtube.com/watch?v=rk_JjlOFevs
계급장 키우기,조회수 58회,2019. 8. 28.,3,1,태연스럽다,구독자 8명,https://www.youtube.com/watch?v=mvJpbpPG8pU
계급장 키우기,조회수 7회,2019. 8. 28.,1,0,라로시도,구독자 3명,https://www.youtube.com/watch?v=dYMm4NbPf_Y
아이돌투어에 소개된 계급장키우기! 원수 앞에선 각 잡아야합니다! [계급장키우기],조회수 456회,2019. 8. 30.,2,0,럭키찬,구독자 1.31천명,https://www.youtube.com/watch?v=P86myer9_G4
아이돌 투어 의진과 앤씨아의 계급장키우기 입문하기 [계급장키우기],"조회수 47,085회",2019. 8. 30.,2,1,럭키찬,구독자 1.31천명,https://www.youtube.com/watch?v=dUv_YF-Nfd0
아이돌 투어 소나무 의진님의 계급장 키우기 실력은? [계급장키우기],조회수 692회,2019. 8. 30.,3,0,럭키찬,구독자 1.31천명,https://www.youtube.com/watch?v=IJGA6-Tf0nA
아이돌 투어 게임고수 소나무 의진님의 플레이 [계급장키우기],조회수 648회,2019. 8. 30.,3,0,럭키찬,구독자 1.31천명,https://www.youtube.com/watch?v=zV715sZnd5A
아이돌투어 계급장키우기 보스전 가즈아~! [계급장키우기],"조회수 214,449회",2019. 8. 30.,2,0,럭키찬,구독자 1.31천명,https://www.youtube.com/watch?v=y_VlN0b1Zeg
계급장 키우기 배우기 1편,조회수 7회,2019. 8. 4.,1,0,문현진,,https://www.youtube.com/watch?v=58a3CEY-VtI
세부 스테이지 이어하기가 가능합니다! [계급장 키우기],조회수 691회,2019. 8. 4.,13,0,럭키찬,구독자 1.31천명,https://www.youtube.com/watch?v=a7OcwYBij1A
계급장키우기 1-1~1-10,조회수 6회,2019. 8. 5.,0,0,time system youtube,구독자 3명,https://www.youtube.com/watch?v=Jp-nq7BFG_I
계급장 키우기!!,조회수 3회,2019. 8. 6.,0,0,스카이스파하는,구독자 55명,https://www.youtube.com/watch?v=C9w7BnSbR5w
병장으로 병장만들기 [계급장키우기],"조회수 118,023회",2019. 9. 10.,3,0,럭키찬,구독자 1.31천명,https://www.youtube.com/watch?v=lVhBWb7-wm4
준위로 준위만들기 [계급장키우기],조회수 999회,2019. 9. 10.,3,1,럭키찬,구독자 1.31천명,https://www.youtube.com/watch?v=iBv96YPElo8
일병으로 일병만들기 [계급장키우기],"조회수 112,546회",2019. 9. 10.,3,0,럭키찬,구독자 1.31천명,https://www.youtube.com/watch?v=kNM9rSV2epk
상병으로 상병만들기 [계급장키우기],조회수 212회,2019. 9. 10.,2,0,럭키찬,구독자 1.31천명,https://www.youtube.com/watch?v=ALZ7HkSrJbc
소위로 소위만들기 [계급장키우기],"조회수 5,360회",2019. 9. 10.,5,1,럭키찬,구독자 1.31천명,https://www.youtube.com/watch?v=H6ieOLaa_Jk
중사로 중사만들기 [계급장키우기],"조회수 2,739회",2019. 9. 10.,3,1,럭키찬,구독자 1.31천명,https://www.youtube.com/watch?v=BwGlFT2LU5I
하사로 하사만들기 [계급장키우기],"조회수 5,955회",2019. 9. 10.,3,0,럭키찬,구독자 1.31천명,https://www.youtube.com/watch?v=Xbhb9X6r9UY
계급장키우기,조회수 6회,2019. 9. 12.,1,0,카카일 tv,구독자 9명,https://www.youtube.com/watch?v=mHb16hJzUkE
체력 65만짜리 특급 보스와 대결했습니다! [계급장키우기],"조회수 1,621회",2019. 9. 2.,9,0,럭키찬,구독자 1.31천명,https://www.youtube.com/watch?v=lLlqIGiExkM
중장까지 진급 가즈아~! [계급장키우기],"조회수 43,123회",2019. 9. 20.,10,0,럭키찬,구독자 1.31천명,https://www.youtube.com/watch?v=QEiKnOzZB7w
계급장 키우기,조회수 6회,2019. 9. 21.,2,0,two현준,구독자 3명,https://www.youtube.com/watch?v=t8kIMEvSb7k
흡수속성 유닛을 상대하는 법을 알려드립니다 [계급장키우기],조회수 282회,2019. 9. 3.,3,0,럭키찬,구독자 1.31천명,https://www.youtube.com/watch?v=VXHUgpK-7eU
계급장 키우기 1편,조회수 4회,2019. 9. 7.,0,0,키우기 game,,https://www.youtube.com/watch?v=Bef7hFNnmDQ
사막 맵 플레이 - 2 [계급장키우기],조회수 14회,2019. 9. 8.,1,0,럭키찬,구독자 1.31천명,https://www.youtube.com/watch?v=FUNNjudzD5M
하늘 맵 플레이 - 2 [계급장키우기],조회수 377회,2019. 9. 8.,1,0,럭키찬,구독자 1.31천명,https://www.youtube.com/watch?v=1OtjXDVezW8
하늘 맵 플레이 - 1 [계급장키우기],조회수 205회,2019. 9. 8.,1,0,럭키찬,구독자 1.31천명,https://www.youtube.com/watch?v=yqkAMZk0CMc
대륙사령관 훈장 뽑기 [계급장키우기],"조회수 4,240회",2019. 9. 8.,0,0,럭키찬,구독자 1.31천명,https://www.youtube.com/watch?v=k_o5apU-09g
도시 맵 플레이 - 8 [계급장키우기],조회수 199회,2019. 9. 8.,1,0,럭키찬,구독자 1.31천명,https://www.youtube.com/watch?v=uLG78Ex0aBA
사막 맵 플레이 - 1 [계급장키우기],조회수 51회,2019. 9. 8.,1,0,럭키찬,구독자 1.31천명,https://www.youtube.com/watch?v=pqcq1woqr98
도시 맵 플레이 - 7 [계급장키우기],조회수 27회,2019. 9. 8.,0,0,럭키찬,구독자 1.31천명,https://www.youtube.com/watch?v=T0iP5A4Bphw
사막 맵 플레이 - 6 [계급장키우기],조회수 8회,2019. 9. 8.,0,0,럭키찬,구독자 1.31천명,https://www.youtube.com/watch?v=ja5UNWfDeSI
도시 맵 플레이 - 6 [계급장키우기],조회수 19회,2019. 9. 8.,1,0,럭키찬,구독자 1.31천명,https://www.youtube.com/watch?v=kiXOtH-uVkw
도시 맵 플레이 - 4 [계급장키우기],조회수 23회,2019. 9. 8.,1,0,럭키찬,구독자 1.31천명,https://www.youtube.com/watch?v=-G5bBavG9mU
도시 맵 플레이 - 1 [계급장키우기],조회수 42회,2019. 9. 8.,0,0,럭키찬,구독자 1.31천명,https://www.youtube.com/watch?v=9Adp6GM83S0
도시 맵 플레이 - 2 [계급장키우기],조회수 16회,2019. 9. 8.,0,0,럭키찬,구독자 1.31천명,https://www.youtube.com/watch?v=yxSOYtdKTdY
사막 맵 플레이 - 10 [계급장키우기],조회수 30회,2019. 9. 8.,0,0,럭키찬,구독자 1.31천명,https://www.youtube.com/watch?v=SQICqMmvXOI
사막 맵 플레이 - 7 [계급장키우기],조회수 14회,2019. 9. 8.,0,0,럭키찬,구독자 1.31천명,https://www.youtube.com/watch?v=6yKd4kc-rTE
사막 맵 플레이 - 8 [계급장키우기],조회수 12회,2019. 9. 8.,0,0,럭키찬,구독자 1.31천명,https://www.youtube.com/watch?v=6Sf3bS_v6DI
사막 맵 플레이 - 9 [계급장키우기],조회수 12회,2019. 9. 8.,0,0,럭키찬,구독자 1.31천명,https://www.youtube.com/watch?v=81mhVoqS4rI
사막 맵 플레이 - 5 [계급장키우기],조회수 27회,2019. 9. 8.,0,0,럭키찬,구독자 1.31천명,https://www.youtube.com/watch?v=ZJvHb8ehKMU
사막 맵 플레이 - 4 [계급장키우기],조회수 18회,2019. 9. 8.,1,0,럭키찬,구독자 1.31천명,https://www.youtube.com/watch?v=KyyEOJbhrFo
도시 맵 플레이 - 3 [계급장키우기],조회수 10회,2019. 9. 8.,0,0,럭키찬,구독자 1.31천명,https://www.youtube.com/watch?v=VhWRtki8xQI
사막 맵 플레이 - 3 [계급장키우기],조회수 10회,2019. 9. 8.,0,0,럭키찬,구독자 1.31천명,https://www.youtube.com/watch?v=bub4p5T108M
[인디게임] 유튜버 밍모님의 계급장키우기_소개영상_구글 광고 캠페인 영상,조회수 73회,2019. 9. 9.,3,1,모션크리에이터,구독자 2.59천명,https://www.youtube.com/watch?v=s3JpBjpJu9w
계급장 키우기 오토마우스 (자동 진급),"조회수 5,383회",실시간 스트리밍 시작일: 2019. 3. 9.,15,3,ALEX Park,구독자 88명,https://www.youtube.com/watch?v=lbNOKFHmLXw
계급장 키우기 입대&진급 자동 오토마우스,조회수 878회,실시간 스트리밍 시작일: 2019. 3. 9.,14,3,ALEX Park,구독자 88명,https://www.youtube.com/watch?v=c8Gn0QuFIMs
계급장 키우기 오토마우스 시연,"조회수 1,276회",실시간 스트리밍 시작일: 2019. 3. 9.,12,1,ALEX Park,구독자 88명,https://www.youtube.com/watch?v=Od2nbfVxBQw
