﻿title,count,date,good_count,bad_count,youtuber,subscriber,url
마기아 카르마 사가 에필로그,조회수 31회,2019. 10. 28.,1,0,아기팡팡,구독자 41명,https://www.youtube.com/watch?v=5cuYf05jjYc
신작 마기아 카르마 사가,조회수 428회,2019. 10. 28.,2,0,아기팡팡,구독자 41명,https://www.youtube.com/watch?v=uvBNnMyjO6s
마기아 : 카르마사가 모바일액션RPG 초반플레이!!,"조회수 1,757회",2019. 10. 28.,5,1,리얼파일,구독자 1.98천명,https://www.youtube.com/watch?v=PW7y0NTjvWg
[Magia] 마기아 카르마사가 초반플레이 25분 무편집 인게임,조회수 482회,2019. 10. 29.,4,0,외로이,구독자 2.54천명,https://www.youtube.com/watch?v=0N5EYawRaqo
[마기아:카르마사가] 넥슨 나 버리고 V4 잘되나 두고보자!! ㅋ 모바일게임 리뷰 엉아,"조회수 14,265회",2019. 10. 29.,166,7,엉아 TV,구독자 1.54만명,https://www.youtube.com/watch?v=ADbxbk6J_10
마기아 블랙샤크2 메르토아 윈 실룬 플레이,조회수 61회,2019. 10. 29.,0,0,InvenMovieA,구독자 45명,https://www.youtube.com/watch?v=-pXRG_iWdYg
마기아 카프마니엘 플레이,조회수 117회,2019. 10. 29.,0,0,InvenMovieA,구독자 45명,https://www.youtube.com/watch?v=RU-gBzo-is4
마기아 에델 루테란 플레이,조회수 74회,2019. 10. 29.,0,0,InvenMovieA,구독자 45명,https://www.youtube.com/watch?v=3_q46gQ2t14
마기아 로코아 이벨빈 플레이,조회수 87회,2019. 10. 29.,1,0,InvenMovieA,구독자 45명,https://www.youtube.com/watch?v=lnpLcA7035U
마기아 프롤로그,조회수 243회,2019. 10. 29.,0,0,InvenMovieA,구독자 45명,https://www.youtube.com/watch?v=1wyFBm3vusg
손맛 좋은 모바일게임! 마기아 카르마 사가,조회수 170회,2019. 10. 29.,1,0,스콜튜브,,https://www.youtube.com/watch?v=CdOOShNI3BQ
'마기아' 2D 횡스크롤 액션 RPG 모바일게임을 해봄 | 겜생(GAMELIFE),조회수 728회,2019. 10. 29.,7,2,겜생,,https://www.youtube.com/watch?v=Q4PpT8B2NE8
시작!!!!마기아:카르마 사가,조회수 52회,2019. 10. 29.,2,0,우킹,구독자 2명,https://www.youtube.com/watch?v=ecy1b4qcJHU
마기아 직업별 플레이영상 Magia모바일,"조회수 1,973회",2019. 10. 29.,좋아요,싫어요,게임중독쟁이,,https://www.youtube.com/watch?v=YidV644YQJ8
마기아 메르토아 윈 실룬 플레이,조회수 111회,2019. 10. 29.,0,0,InvenMovieA,구독자 45명,https://www.youtube.com/watch?v=rf7NqQoe4_k
[Magia : Charma Saga/瑪吉亞：卡瑪傳說/마기아:카르마 사가] GAMEPLAY ゲームプレー,조회수 299회,2019. 10. 29.,59,0,K.C.K SHARE,,https://www.youtube.com/watch?v=_RQDe0sGh8k
신작 넥슨이 버린 게임 초반 스토리 위주 플레이 영상 스토리는 띵작? - 모바일 게임 마기아 카르마 사가,조회수 357회,2019. 10. 30.,5,0,꼬무신TV,구독자 5.08천명,https://www.youtube.com/watch?v=JuuIQeMeJRU
마기아:카르마 사가 를 해보았다 가..갓겜?(게임리뷰),조회수 169회,2019. 10. 30.,3,1,youTube칠피아,구독자 237명,https://www.youtube.com/watch?v=Dd63A5OtCqU
[마기아 카르마 사가] 아니 난이도가 너무 빡센데? 다크소울이야? 신작 2D 횡스크롤 rpg 모바일 게임,"조회수 3,705회",2019. 10. 30.,24,2,겜뚜껑,구독자 1.54천명,https://www.youtube.com/watch?v=39YcjO5kZ7Y
무과금도 할만한 게임/ 마기아 카르마사가 플레이영상~ 용족,조회수 184회,2019. 11. 1.,9,0,라임하우스,구독자 38명,https://www.youtube.com/watch?v=IGtdf9KgUUY
모바일 횡스크롤 액션 RPG?! 마기아 : 카르마사가는 과연 어떨까?,조회수 710회,2019. 11. 1.,18,0,야자냐,구독자 86명,https://www.youtube.com/watch?v=xcqsWiFNexI
마기아 카르마사가 법사 플레이영상입니다.,조회수 210회,2019. 11. 1.,10,0,라임하우스,구독자 38명,https://www.youtube.com/watch?v=1fSZ5H7X6J8
[New Game] MAGIA CHARMA SAGA / [신작] 마기아 : 카르마 사가,조회수 35회,2019. 11. 1.,2,0,MAGIC PAINT,,https://www.youtube.com/watch?v=tpU_d9KARxk
오랜만에 괜찮게 나온 액션 RPG 모바일 게임 - magia charma saga - Sub_KOR_ENG,조회수 38회,2019. 11. 1.,0,0,객설TV,구독자 17명,https://www.youtube.com/watch?v=fQ_qSDEPn94
2D RPG의 대박 기대작! 마기아: 카르마사가 오프닝영상 스킵하신분들 보세요!,조회수 218회,2019. 11. 10.,21,0,틈천tv,구독자 1.12천명,https://www.youtube.com/watch?v=DCMTZmiWgII
무과금으로 즐길 수 있는 모바일게임 (마기아) 액션 RPG 적극추천 합니다,조회수 687회,2019. 11. 11.,6,0,정석TV,구독자 323명,https://www.youtube.com/watch?v=AXvvuINq9sc
11월 13일 콕 업데이트. 부제 - 마기아 아이템 구매. 쇼핑몰 업데이트 - 콕플레이 콕토큰 콕월렛,조회수 91회,2019. 11. 12.,5,0,Crypto Jake,구독자 2.67천명,https://www.youtube.com/watch?v=SSNgJfw6n6s
[마기아 : 카르마 사가] 액션과 분위기도 잡았다! 하지만 나는 뒷목 잡았구요... 횡스크롤 액션 RPG,조회수 691회,2019. 11. 12.,5,1,잼둥,구독자 459명,https://www.youtube.com/watch?v=Ctyp4aHHm2U
[마기아:카르마사가] 넥슨이 버리니까 갓겜이네? 리뷰,"조회수 15,454회",2019. 11. 14.,114,7,짝태TV,구독자 6.72천명,https://www.youtube.com/watch?v=zQJP5WKmRqw
[마기아 : 카르마사가] 플레이 리뷰 (자기가 소싯적에 던파 컨좀 해봤다? 거수),조회수 153회,2019. 11. 15.,2,0,김택견,구독자 164명,https://www.youtube.com/watch?v=yha1ZolbNHU
마기아:카르마사가 1일차 #손맛 괜찮은 모바일 게임을 찾는다면!,조회수 203회,2019. 11. 16.,좋아요,싫어요,네르유튜브,,https://www.youtube.com/watch?v=Hw2MDTzdCWM
갓겜이라서 넥슨이 버렸나? [마기아 : 카르마 사가],"조회수 166,353회",2019. 11. 20.,2.5천,98,지존조세,구독자 11.5만명,https://www.youtube.com/watch?v=P953n5G27Zc
마기아 카르마 사가 리뷰 잘만들었다.. 과금도 필요없다.. 홍보가 안된 비운의 모바일 게임 여러분들도 해보면 어떨까요? - 테일이의 종합게임,"조회수 5,040회",2019. 11. 22.,40,3,테일이 TV,구독자 6.64천명,https://www.youtube.com/watch?v=hAwVz3j8aVs
마기아:카르마사가 2일차 #캠페인 1막 8장부터 13장까지,조회수 151회,2019. 11. 23.,좋아요,싫어요,네르유튜브,,https://www.youtube.com/watch?v=VNTgDEGI6BA
"모바일게임 ""마기아 (Magia)"" 간단플레이",조회수 24회,2019. 11. 29.,0,0,Gamer Meoru,구독자 301명,https://www.youtube.com/watch?v=MNwQC0SeS3Y
마기아:카르마사가 3일차 #캠페인 1막 14장부터 17장까지,조회수 123회,2019. 11. 29.,좋아요,싫어요,네르유튜브,,https://www.youtube.com/watch?v=7gt5Ufked-o
#5] 모바일 액션! - 마기아 : 카르마 사가[Magia],조회수 50회,2019. 11. 3.,1,0,별집사,,https://www.youtube.com/watch?v=uRbAmc5FS34
#3] 모바일 액션! - 마기아 : 카르마 사가[Magia],조회수 51회,2019. 11. 3.,2,0,별집사,,https://www.youtube.com/watch?v=jhsaSKUd4P0
#4] 모바일 액션! - 마기아 : 카르마 사가[Magia],조회수 56회,2019. 11. 3.,1,0,별집사,,https://www.youtube.com/watch?v=nkotxaKSY_E
#2] 모바일 액션! - 마기아 : 카르마 사가[Magia],조회수 39회,2019. 11. 3.,2,0,별집사,,https://www.youtube.com/watch?v=gjvUlC81KQM
#1] 모바일 액션! - 마기아 : 카르마 사가[Magia],조회수 87회,2019. 11. 3.,2,0,별집사,,https://www.youtube.com/watch?v=VfeNRBM_-0Y
마기아:카르마사가 4일차 #캠페인 1막 18장부터 22장까지,조회수 57회,2019. 11. 30.,좋아요,싫어요,네르유튜브,,https://www.youtube.com/watch?v=0_9K7zqCmB4
[신작게임 인스턴트 3분리뷰] #26 마기아 카르마 사가 - 넥슨이 이걸 거르네?,조회수 519회,2019. 11. 5.,9,0,노닥TV 노재웅,구독자 1.42천명,https://www.youtube.com/watch?v=wsyVWKqPOII
#8] 모바일 액션! - 마기아 : 카르마 사가[Magia],조회수 45회,2019. 11. 9.,1,0,별집사,,https://www.youtube.com/watch?v=HMl0h-uXIWc
#6] 모바일 액션! - 마기아 : 카르마 사가[Magia],조회수 21회,2019. 11. 9.,0,0,별집사,,https://www.youtube.com/watch?v=LbhQiRnoEjo
#9] 모바일 액션! - 마기아 : 카르마 사가[Magia],조회수 50회,2019. 11. 9.,0,0,별집사,,https://www.youtube.com/watch?v=ENPUJUi3RmA
#10] 모바일 액션! - 마기아 : 카르마 사가[Magia],조회수 44회,2019. 11. 9.,1,0,별집사,,https://www.youtube.com/watch?v=AfLGszjdOG4
#7] 모바일 액션! - 마기아 : 카르마 사가[Magia],조회수 17회,2019. 11. 9.,1,0,별집사,,https://www.youtube.com/watch?v=rV9prvfGv2s
고품격 모바일게임 리뷰방송-'마기아:카르마사가(Magia : Karma/マギーアカルマサガ)'-'임펙이 쫌있는 게임인듯..취향도 한몫!!,조회수 24회,2019. 12. 1.,1,0,천상천하,,https://www.youtube.com/watch?v=NmLTXpuF_3Y
【마기아 : 카르마 사가】 2019년 하반기 모바일 게임의 마지막 희망 (with. 녹스 앱플레이어),조회수 39회,2019. 12. 2.,0,0,녹스 앱플레이어,구독자 226명,https://www.youtube.com/watch?v=dbXh_73w8PE
캐주얼액션게임 마기아 : 카르마 사가 초반 플레이영상,조회수 3회,2019. 12. 4.,0,0,뭐여이게임,구독자 634명,https://www.youtube.com/watch?v=AvC43OwZ_BE
드디어 유니크 무기를 득? 마기아:카르마사가 5일차 #캠페인 1막 24장부터 25장까지,조회수 45회,2019. 12. 6.,좋아요,싫어요,네르유튜브,,https://www.youtube.com/watch?v=4aE9qJBiGe8
여캐와 액션을 다 잡은 게임!(Maggia: Karma Saga review),조회수 195회,2019. 12. 7.,1,1,프리게이머,구독자 1.29천명,https://www.youtube.com/watch?v=PWcahpxNZDA
마기아:카르마사가 6일차 #캠페인 1막 25장부터 31장까지,조회수 52회,2019. 12. 7.,좋아요,싫어요,네르유튜브,,https://www.youtube.com/watch?v=xAot-ZqxE7E
"넥슨, 신작 ‘마기아 : 카르마 사가’ 올해 상반기 출시",조회수 235회,2019. 3. 11.,4,1,뉴스웨이TV,구독자 1.66천명,https://www.youtube.com/watch?v=Tgf5AwwWOwg
"크아부터 바람의나라, 마기아, 고질라까지. 넥슨 2019 상반기 라인업","조회수 2,343회",2019. 3. 11.,2,0,디스이즈게임 자료실,구독자 2.54만명,https://www.youtube.com/watch?v=AxGJeYCgvGI
넥슨 신작 '마기아 카르마 사가' 인게임 그래픽 소개 영상,"조회수 1,722회",2019. 3. 11.,1,3,디스이즈게임 자료실,구독자 2.54만명,https://www.youtube.com/watch?v=n5WbT14hWqs
넥슨 스페셜데이 2019년 상반기 모바일게임 라인업 소개영상,"조회수 1,988회",2019. 3. 11.,10,1,겜조TV,구독자 3.89천명,https://www.youtube.com/watch?v=V_LogP4yBzk
넥슨 신작 '마기아: 카르마 사가' 관련 최신 공식 영상 모음,"조회수 2,296회",2019. 3. 11.,9,4,디스이즈게임 자료실,구독자 2.54만명,https://www.youtube.com/watch?v=lUscyXpUvFg
[게임메카] 마기아: 카르마 사가 프롤로그 영상,조회수 563회,2019. 3. 12.,4,0,게임메카 아카이브,구독자 1.16천명,https://www.youtube.com/watch?v=hNO53QiS7dU
넥슨 RPG 신작 「마기아 : 카르마사가」 게임 미리보기 영상! ( Nexon New Mobile Game 「Magia : Charma Saga」 Preview ),조회수 510회,2019. 3. 12.,좋아요,싫어요,흐콰,구독자 122명,https://www.youtube.com/watch?v=d_R6xw0tTLA
Magia: Charma Saga Mobile Gameplay (마기아: 카르마 사가),조회수 66회,2019. 3. 12.,0,0,KK Mobile Gameplay,구독자 165명,https://www.youtube.com/watch?v=cLWj30rmPgY
[마기아 : 카르마 사가] 프롤로그 영상,조회수 15회,2019. 3. 13.,2,0,리뷰맨,구독자 445명,https://www.youtube.com/watch?v=sdOh5VXNUJ4
넥슨 신작 마기아 카르마 사가 갓겜이라길래 한 번 미리해보았습니다.,"조회수 1,470회",2019. 3. 19.,8,1,재영군TV,구독자 3.28천명,https://www.youtube.com/watch?v=qWDCiwiOPAw
"[최신 게임 리뷰] 넥슨에서 내놓은 어딘가 찜찜한 감성 RPG 마기아: 카르마사가! 오딘스피어, 드래곤즈크라운을 그저 참고했을 뿐...?","조회수 1,449회",2019. 3. 19.,27,3,게임 여신,구독자 1.8천명,https://www.youtube.com/watch?v=C4MQn0iIYAs
Magia Charma Saga android game first look gameplay español,조회수 352회,2019. 3. 6.,4,1,perezzdb channel,구독자 2.09만명,https://www.youtube.com/watch?v=01bdva5IchQ
"드디어 출시! 넥슨의 대작 ""마기아: 카르마 사가"" 이건 진짜 갓겜이라구요!!!!",조회수 382회,2019. 3. 6.,1,0,Tap TV,구독자 837명,https://www.youtube.com/watch?v=6rJDP8blZck
"넥슨 신작 ""마기아 : 카르마 사가"" 영문 버전 실제 영상! 꼭 한번 플레이 해보시길 바랍니다! 꿀잼 보장!",조회수 525회,2019. 3. 7.,1,1,Tap TV,구독자 837명,https://www.youtube.com/watch?v=_kKNo8Nq9p0
Betah Ngejomblo Gara-Gara Game Ini! Magia Charma Saga (Android/iOS),"조회수 7,707회",2019. 3. 8.,245,9,Kepo Gaming,구독자 22.5만명,https://www.youtube.com/watch?v=hLK2L7xCpcU
Magia - Charma Saga #Android,조회수 21회,2019. 5. 8.,1,0,Habib Jackson,구독자 3.87천명,https://www.youtube.com/watch?v=xZw_BZTn8DI
2D RPG의 대박 기대작! 마기아: 카르마사가 사전예약- 핫게임즈TV,조회수 572회,2019. 9. 18.,좋아요,싫어요,핫게임즈TV,구독자 1.03천명,https://www.youtube.com/watch?v=GXoEIA7sI8U
[마기아 카르마 사가] 넥슨이 힘들긴 힘든가 보다 이런 갓-겜을 포기한다고? 지금 사전 등록(예약)중!,"조회수 2,186회",2019. 9. 21.,19,3,겜뚜껑,구독자 1.54천명,https://www.youtube.com/watch?v=9FKGFewUIKU
마기아 : 카르마 사가,조회수 37회,실시간 스트리밍 시작일: 2019. 10. 29.,0,0,L_mouse,구독자 9명,https://www.youtube.com/watch?v=6wPbDu5kh6Q
넥슨 게임이었지만 지금은 아니다! 10월 말에 출시된 동화같은 그래픽의 신작 판타지 액션 RPG 모바일 게임 '마기아 : 카르마 사가' (Magia charma saga play),조회수 392회,실시간 스트리밍 시작일: 2019. 11. 1.,5,0,밀크박스,구독자 58명,https://www.youtube.com/watch?v=rpZtAh1_uyg
[1부] 조각사 4티어 무기 제작 - [2부] 마기아 카르마 사가 무과금 갓겜,"조회수 6,056회",실시간 스트리밍 시작일: 2019. 11. 19.,78,7,테일이 TV,구독자 6.64천명,https://www.youtube.com/watch?v=IKs8o5Rg2Ss
넥슨 신작 마기아 : 카르마사가,조회수 125회,실시간 스트리밍 시작일: 2019. 3. 8.,3,0,적백화,구독자 182명,https://www.youtube.com/watch?v=1GeH_Ne6dyE
[라이브]마기아:카르마 사가(MAGIA:CHARMA SAGA) 플레이/넥슨의 2019년 상반기 라인업 중 하나!/영문버전 모바일 게임,조회수 721회,실시간 스트리밍 시작일: 2019. 5. 25.,12,0,게임똥 보고서,구독자 1.52천명,https://www.youtube.com/watch?v=tbeg_Sdk2VU
[마기아] 시선을 사로잡는 2D 횡스크롤 액션 플레이,조회수 9회,최초 공개: 2019. 12. 12.,1,0,모바일유동동TV,구독자 133명,https://www.youtube.com/watch?v=hvtWRvnPR_U
