﻿title,count,date,good_count,bad_count,youtuber,subscriber,url
2019년에 해보는 전설의 모바일게임 | 게임빌 프로야구 2010,"조회수 13,609회",2019. 1. 23.,39,10,달의향,구독자 906명,https://www.youtube.com/watch?v=WUNb9CfQHjo
[게임빌 프로야구 슈퍼스타즈] 잊혀져 가던 피쳐폰 게임 프로야구 2019년 새롭게 돌아오다! 지금 사전 등록 사전 예약 중!,"조회수 1,828회",2019. 10. 25.,13,3,겜뚜껑,구독자 1.55천명,https://www.youtube.com/watch?v=yBVPq6YcnGI
[학살의 흡혈귀] 게임빌 프로야구 슈퍼스타즈 사전예약 진행중...,조회수 27회,2019. 11. 13.,0,0,어둠의지배자,구독자 2명,https://www.youtube.com/watch?v=3846C7uLY-Q
[게임빌프로야구] 인터뷰 영상 - PD편,"조회수 1,211회",2019. 11. 18.,17,4,게임빌프로야구슈퍼스타즈,구독자 144명,https://www.youtube.com/watch?v=FDLa6htkD-U
[게임빌프로야구] 인터뷰 영상 - TD편,조회수 288회,2019. 11. 19.,4,0,게임빌프로야구슈퍼스타즈,구독자 144명,https://www.youtube.com/watch?v=PsKiUGfMPHQ
[게임빌프로야구] 인터뷰 영상 - AD편,조회수 662회,2019. 11. 19.,9,2,게임빌프로야구슈퍼스타즈,구독자 144명,https://www.youtube.com/watch?v=Ai_wTbCWjj8
[게임빌프로야구] 인터뷰 영상 - CD편,조회수 522회,2019. 11. 20.,12,4,게임빌프로야구슈퍼스타즈,구독자 144명,https://www.youtube.com/watch?v=xYQ5U2kVOsw
"""생각보다 어렵네..."" 게임빌 프로야구 슈퍼스타즈",조회수 776회,2019. 11. 25.,1,1,인벤,구독자 14.6만명,https://www.youtube.com/watch?v=NzCXRRBcs_8
게임빌프로야구 슈퍼스타즈,조회수 245회,2019. 11. 25.,0,1,KON SODA,구독자 101명,https://www.youtube.com/watch?v=SUzWWMOsujM
게임빌 프로야구 수퍼스타즈 플레이 영상,조회수 10회,2019. 11. 25.,0,0,이재덕,구독자 81명,https://www.youtube.com/watch?v=FJFPkdSe-4k
게임빌 프로야구 슈퍼스타즈가 개인적으로 실망스러웠던 이유,조회수 154회,2019. 11. 25.,2,1,COLD *,구독자 48명,https://www.youtube.com/watch?v=1q3PD3MLDsA
[게임빌 프로야구 슈퍼스타즈] 추억팔이로 역대급 똥망겜 출시했네.. 리뷰,"조회수 31,881회",2019. 11. 25.,277,37,짝태TV,구독자 6.72천명,https://www.youtube.com/watch?v=9oVyy76lAI0
게임빌 프로야구 슈퍼스타즈 본격 리뷰! 많이 기다리셨습니다~,"조회수 1,282회",2019. 11. 25.,8,5,Mr.탄산,구독자 21명,https://www.youtube.com/watch?v=LcxUxFxHqIY
게임빌 프로야구 슈퍼스타즈) 오늘 출시한 모바일 야구게임 소개합니다!,"조회수 2,296회",2019. 11. 25.,27,1,쥐도리날아라,구독자 5.26천명,https://www.youtube.com/watch?v=RXdneOcDjVE
바쁜사람을 위한 겜프야 슈즈(게임빌 프로야구 슈퍼스타즈) 리뷰!,조회수 232회,2019. 11. 25.,4,0,Mr.탄산,구독자 21명,https://www.youtube.com/watch?v=zrvuI7lGCqI
PROFESSİONAL BASEBALL SÜPERSTARS [ 게임빌프로야구 슈퍼스타즈 ] NEW MOBİLE GAME [ 2019 ],조회수 54회,2019. 11. 25.,2,1,YNR,,https://www.youtube.com/watch?v=hIpt4-GGX4Y
게임빌 프로야구 슈퍼스타즈.. 직구만 던지는 상남자 투수,조회수 319회,2019. 11. 25.,3,0,세상의 모든 특이폼 SEMOT,구독자 320명,https://www.youtube.com/watch?v=wFcjQgtppOA
[게임빌프로야구] 게임소개 영상,"조회수 3,562회",2019. 11. 25.,32,11,게임빌프로야구슈퍼스타즈,구독자 144명,https://www.youtube.com/watch?v=ko3T9a-8r24
[프로야구 슈퍼스타즈] 강타자편!! 공략/Tip 얼른 와~,"조회수 2,736회",2019. 11. 25.,6,12,홍브로,구독자 33명,https://www.youtube.com/watch?v=5vernRUCdlo
[리니지2m] 게임이 아니라 도박을 만들었네? 최악의 x망겜 리뷰,"조회수 335,234회",2019. 11. 26.,4.6천,163,짝태TV,구독자 6.72천명,https://www.youtube.com/watch?v=oTpCJoPtFGs
[신작] 와 7년만에 이 갓겜이 나올줄은 몰랐습니다ㄷㄷ 게임빌 프로야구 슈퍼스타즈 모바일게임 - 아매킹,조회수 76회,2019. 11. 26.,0,0,아매킹TV,구독자 466명,https://www.youtube.com/watch?v=_WTlR8zVGBY
신작 게임빌 프로야구-10년 서비스를 목표로??,조회수 19회,2019. 11. 26.,1,0,태효니네#의게임채널,구독자 14명,https://www.youtube.com/watch?v=QC7yOQudfCQ
게임빌 프로야구 슈퍼스타즈-야구겜인가? 연애게임인가...?,조회수 106회,2019. 11. 26.,1,0,티윤,,https://www.youtube.com/watch?v=Cez52CGkpak
게임빌 프로야구 슈퍼스타즈 간단 리뷰 + 게임 플레이,조회수 738회,2019. 11. 26.,3,0,겜조TV,구독자 3.89천명,https://www.youtube.com/watch?v=otz5BTyh8w0
'게임빌프로야구 슈퍼스타즈' 모바일 야구게임을 해봄 | 겜생(GAMELIFE),조회수 626회,2019. 11. 26.,3,2,겜생,,https://www.youtube.com/watch?v=E7oDNa7QMqc
[게임빌 프로야구 슈퍼스타즈] 리니지2M 생방 예정인데 와줄꼬야?ㅋ 모바일게임 리뷰 엉아,"조회수 5,655회",2019. 11. 26.,125,5,엉아 TV,구독자 1.54만명,https://www.youtube.com/watch?v=NlrkpYxbPpQ
게임빌 프로야구 슈퍼스타즈,조회수 83회,2019. 11. 26.,0,0,MrMJY8,구독자 2.25만명,https://www.youtube.com/watch?v=ECzEL0W6ZaQ
게임빌 프로야구 슈퍼스타즈) 쥐도리 3루수 키우기 1주차,조회수 364회,2019. 11. 27.,4,0,쥐도리날아라,구독자 5.26천명,https://www.youtube.com/watch?v=PufuycLSwL0
[게임빌 프로야구 슈퍼스타즈] 생각보다 할만한데요?,"조회수 5,189회",2019. 11. 27.,24,27,야삐TV,구독자 4.56천명,https://www.youtube.com/watch?v=pqH1Zg3luRs
게임빌 프로야구 슈퍼스타즈) 3루수키우기 2주차부터 6주차까지! 홈런도 칩니다!,조회수 849회,2019. 11. 27.,9,1,쥐도리날아라,구독자 5.26천명,https://www.youtube.com/watch?v=y6NWZISFUeI
[게임빌 프로야구 슈퍼스타즈] 레전드의 귀환! 나만의 선수가 6등분의 선수로 돌아왔다...,조회수 345회,2019. 11. 27.,5,0,잼둥,구독자 459명,https://www.youtube.com/watch?v=Bjnfjhw0RyM
게임빌프로야구 슈퍼스타즈 프리미엄 영입에서 0.1271%가 나왔다!!!,조회수 101회,2019. 11. 28.,2,0,play game,구독자 1명,https://www.youtube.com/watch?v=G8og3iWSSAk
[게임빌 프로야구 슈퍼스타즈 리뷰]모바일계 레전드 프로야구를 기억하시나요?,조회수 359회,2019. 11. 28.,15,0,콩천,,https://www.youtube.com/watch?v=-Z1z9r39it0
[게임빌 프로야구 슈퍼스타즈] 응퇴합니다. [박잔디],"조회수 1,710회",2019. 11. 28.,26,0,박잔디,구독자 1.18만명,https://www.youtube.com/watch?v=s7uNQE4NIz8
신작 모바일 야구게임 구경해보자! [게임빌 프로야구 슈퍼스타즈],"조회수 2,214회",2019. 11. 28.,46,2,모모88,구독자 3.93만명,https://www.youtube.com/watch?v=LlRGluMVGf8
[게임빌 프로야구 슈퍼스타즈]야구하라고,조회수 136회,2019. 11. 28.,1,1,김택견,구독자 164명,https://www.youtube.com/watch?v=JcZVIUse2IM
"게임빌 프로야구 슈퍼스타즈) 3루수 육성완료7주차, 플래닛 리그오픈",조회수 356회,2019. 11. 28.,5,1,쥐도리날아라,구독자 5.26천명,https://www.youtube.com/watch?v=PweEMuhci5c
[게임빌 프로야구 슈퍼스타즈] 내 동년배들은 다~ 이 게임했다.,조회수 515회,2019. 11. 28.,25,0,란란,구독자 2.82천명,https://www.youtube.com/watch?v=k3aCo9FDiHI
게임빌 프로야구 슈퍼스타즈로 이승엽을 키워보자!!,"조회수 1,894회",2019. 11. 28.,좋아요,싫어요,빠꿈 BGM,구독자 2.2만명,https://www.youtube.com/watch?v=tlRLxTyQhzw
드디어 후속작으로 나온 게임빌 프로야구 슈퍼스타 리뷰 및 평가,조회수 65회,2019. 11. 28.,7,0,GlaxyMaster,구독자 892명,https://www.youtube.com/watch?v=w8vBlbTlKZY
게임빌 프로야구 슈퍼스타즈 에서 0.0254%의 확률을 뜷었다!!!,조회수 52회,2019. 11. 29.,2,0,play game,구독자 1명,https://www.youtube.com/watch?v=H-HEbLiSKtw
게임빌 프로야구 - 슈퍼스타즈 : 라이징스타리그 제패 [ 튜토리얼부터 우승까지 ],조회수 533회,2019. 11. 29.,0,1,정환식,구독자 3.13천명,https://www.youtube.com/watch?v=AaBydDkCFUQ
나만의 선수를 키우던 낭만이 좀 묘하다? - 게임빌 프로야구 슈퍼스타즈,조회수 41회,2019. 11. 29.,2,0,오동동,,https://www.youtube.com/watch?v=h9FEcf37G5s
게임빌 프로야구 슈퍼스타즈) 직접 키운선수 홈런으로 역전!!,조회수 434회,2019. 11. 29.,14,1,쥐도리날아라,구독자 5.26천명,https://www.youtube.com/watch?v=FBWvVa3_fvs
[구우겜] 야구게임도 현질로 극복한다!!! 이것이 진정한 흐9스마일! ㅋㅋㅋㅋ[게임빌 프로야구 슈퍼스타즈] [구스마일],"조회수 4,795회",2019. 11. 29.,90,1,구스마일,구독자 15.1만명,https://www.youtube.com/watch?v=FBSuJwaCpyQ
[게임빌 프로야구 슈퍼스타즈] '매니저 리나' (성우 : 김하루),조회수 76회,2019. 11. 29.,1,0,Ark FairY,구독자 18명,https://www.youtube.com/watch?v=lB9g5MyHsP8
게임빌 프로야구 슈퍼스타즈 사전예약 모바일 야구게임 소개 영상,"조회수 5,706회",2019. 11. 5.,19,2,게임셋 Gameset,,https://www.youtube.com/watch?v=oIcHPkIH_Qo
[게임빌프로야구] 과연 이 타자의 정체는?,"조회수 1,347,918회",2019. 11. 9.,3.5천,954,GAMEVIL,,https://www.youtube.com/watch?v=lFg2kcN0TwQ
'킹쁘긴하네' 크리스마스 패치된 게임빌 프로야구 슈퍼스타즈,조회수 28회,2019. 12. 10.,2,0,오동동,,https://www.youtube.com/watch?v=JMrvQAUcWho
무과금러의 무료 티켓 인생 '프리미엄 영입권 10장' ㄱㄱㅆ - 게임빌 프로야구 슈퍼스타즈,조회수 93회,2019. 12. 10.,1,0,오동동,,https://www.youtube.com/watch?v=4fzD5qjJ4sE
"무과금 생존일기, 프리미엄 10+1 뽑아봄 - 게임빌 프로야구 슈퍼스타즈",조회수 87회,2019. 12. 12.,1,0,오동동,,https://www.youtube.com/watch?v=fh4QjBG57bQ
프로야구 슈퍼스타즈 리뷰,조회수 9회,2019. 12. 2.,1,0,에드업,구독자 18명,https://www.youtube.com/watch?v=0QzBIbIvkyc
무한으로 즐겨요! 플래닛 모드! - 게임빌 프로야구 슈퍼스타즈,조회수 28회,2019. 12. 2.,2,0,오동동,,https://www.youtube.com/watch?v=UMkLz3H0P4I
[게임빌 프로야구 슈퍼스타즈] 튜토리얼 ('매니저 리나' 성우 : 김하루),조회수 49회,2019. 12. 2.,1,0,Ark FairY,구독자 18명,https://www.youtube.com/watch?v=jU7EKX8P5mg
7년만에 등장한 야구겜의 전설ㅋㅋㅋ개고퀄된거 실화냐ㅋㅋㅋㅋ : 게임빌 프로야구 슈퍼스타즈,"조회수 64,935회",2019. 12. 3.,769,38,텔론,구독자 85.9만명,https://www.youtube.com/watch?v=3qLpKVEtGZM
"[게임 리뷰] 게임빌 프로야구 슈퍼스타즈, 이 친구를 일주일간 해봤습니다",조회수 629회,2019. 12. 3.,18,1,꾸스TV,구독자 7.4천명,https://www.youtube.com/watch?v=JsPa_oRhlmg
[게임빌 프로야구 슈퍼스타즈] 추억은.. 추억일때 아름다운거지ㅠ 겜프야의 추억은 이젠 없어ㅠ,조회수 446회,2019. 12. 3.,14,3,겜뚜껑,구독자 1.55천명,https://www.youtube.com/watch?v=XH0RT-2GDt8
[게임빌프로야구] TV광고 영상1,조회수 111회,2019. 12. 4.,1,0,게임빌프로야구슈퍼스타즈,구독자 144명,https://www.youtube.com/watch?v=0SiGix83cT0
[겜프야 슈퍼스타즈] 야삐 오늘은 다르게 인사드립니다. 같이 시작합시다.,조회수 940회,2019. 12. 4.,7,6,야삐TV,구독자 4.56천명,https://www.youtube.com/watch?v=QhXFVhPWQZ8
[게임빌프로야구] TV광고 영상2,조회수 137회,2019. 12. 4.,2,1,게임빌프로야구슈퍼스타즈,구독자 144명,https://www.youtube.com/watch?v=qmZYrtLCG7M
게임빌 프로야구를 아시나요? 프로야구 슈퍼스타즈 리얼리뷰,조회수 110회,2019. 12. 4.,5,0,데이Day,구독자 623명,https://www.youtube.com/watch?v=3nMg8T5Ri58
[게임빌 프로야구 슈퍼스타즈] 킹구갓구,조회수 21회,2019. 12. 4.,3,0,Forthe78,구독자 8명,https://www.youtube.com/watch?v=rIxr2VNiQFo
프로야구 슈퍼스타즈 D등급 공략 풀영상,조회수 49회,2019. 12. 5.,0,0,가성비연합,구독자 11명,https://www.youtube.com/watch?v=82laq9nMOnA
"탈우주급 ""나만의 선수""를 육성한다?!!? | 게임빌 프로야구 슈퍼스타즈","조회수 6,836회",2019. 12. 6.,103,10,개복어,구독자 22.3만명,https://www.youtube.com/watch?v=ZAzzrPJuU6Q
게임빌프로야구 슈퍼스타즈 1편,조회수 27회,2019. 12. 7.,1,0,레전드아이언후니,구독자 21명,https://www.youtube.com/watch?v=dlPZJwswTSc
선생님 이거 버그에요? 게임빌 프로야구 슈퍼스타즈,조회수 55회,2019. 12. 7.,1,0,오동동,,https://www.youtube.com/watch?v=osi6UW5HxCs
"[게임빌 프로야구 슈퍼스타즈 하이라이트] 나만의 선수(타자) 키우기 도중 3연타석 홈런 치는 영상. 야구의 꽃은 역시 홈런이죠! (마타 안 씀, 장비 없음, 솔로홈런, 투런홈런)",조회수 53회,2019. 12. 7.,2,0,밀크박스,구독자 58명,https://www.youtube.com/watch?v=xzRJeAQ_iTQ
투수]게임빌 프로야구 슈퍼스타즈 C등급 공략 풀영상,조회수 728회,2019. 12. 7.,3,0,가성비연합,구독자 11명,https://www.youtube.com/watch?v=TWNIx6VQvDY
나를 홈런왕으로 만들 수 있는 게임 | 게임빌 프로야구 슈퍼스타즈,"조회수 7,561회",2019. 12. 8.,156,10,Youtube천양,구독자 16.1만명,https://www.youtube.com/watch?v=5OBHHpTG1Bk
타자]게임빌 프로야구 슈퍼스타즈 C등급 공략 풀영상,조회수 131회,2019. 12. 8.,0,0,가성비연합,구독자 11명,https://www.youtube.com/watch?v=ugwHHrcm-60
게임빌슈퍼스타즈 시즌모드 이지영쓰리런 콜드게임,조회수 2회,2019. 12. 8.,0,0,풀초TV,구독자 23명,https://www.youtube.com/watch?v=xtqSl4sx9ds
게임빌 프로야구 슈퍼스타즈 2편,조회수 17회,2019. 12. 8.,0,2,레전드아이언후니,구독자 21명,https://www.youtube.com/watch?v=isZH_XXyhKs
[게임빌프로야구] 배성재 X 게임빌프로야구 특급 콜라보!,"조회수 14,769회",2019. 7. 17.,149,13,GAMEVIL,,https://www.youtube.com/watch?v=PfDeKkEdkNM
Playing baseball superstars 2013,조회수 19회,2019. 8. 11.,0,0,timothygaming,구독자 30명,https://www.youtube.com/watch?v=Yheu1MDrajo
게임빌 2019 프로야구 슈퍼스타즈 그가 돌아왔다!! 인게임 일러 포함!!,"조회수 1,678회",2019. 8. 19.,13,1,쯩우TV,구독자 52명,https://www.youtube.com/watch?v=yA3gWxM3q3c
2019 프로야구 슈퍼스타즈 오픈 전 알아보는 역대 최고의 시리즈는?,조회수 227회,2019. 8. 29.,5,0,쯩우TV,구독자 52명,https://www.youtube.com/watch?v=MAUy1ipQE1c
2019 프로야구 슈퍼스타즈 오픈 전 플레이해보는 2012 프로야구!!,조회수 291회,2019. 8. 29.,2,1,쯩우TV,구독자 52명,https://www.youtube.com/watch?v=hkjB4qYkyXE
[게임빌프로야구] 공식 트레일러 OST,"조회수 778,399회",2019. 8. 4.,1.3천,473,GAMEVIL,,https://www.youtube.com/watch?v=VXTheZfGBxM
"게임빌, 국민 게임 ‘게임빌프로야구 슈퍼스타즈’ 사전 예약 시작",조회수 394회,2019. 8. 9.,3,0,노블레스미디어일요저널,구독자 19명,https://www.youtube.com/watch?v=fi0Rv-Sj5ck
[게임빌프로야구] 공식 티저 영상 공개!,조회수 362회,2019. 9. 10.,3,0,게임빌프로야구슈퍼스타즈,구독자 144명,https://www.youtube.com/watch?v=Bw3O-DQDTWU
[게임빌프로야구] 공식 트레일러 OST,조회수 893회,2019. 9. 10.,6,0,게임빌프로야구슈퍼스타즈,구독자 144명,https://www.youtube.com/watch?v=gcuBGujrIqI
[게임빌프로야구] 공식 홍보 영상,"조회수 1,161회",2019. 9. 10.,6,1,게임빌프로야구슈퍼스타즈,구독자 144명,https://www.youtube.com/watch?v=mxZ3ehrD-64
[게임빌프로야구] 배성재 X 게임빌프로야구 특급 콜라보!,조회수 452회,2019. 9. 10.,2,0,게임빌프로야구슈퍼스타즈,구독자 144명,https://www.youtube.com/watch?v=PJuDc5OiXo4
[게임빌프로야구]담당자 인사 영상,"조회수 2,607회",2019. 9. 20.,18,4,게임빌프로야구슈퍼스타즈,구독자 144명,https://www.youtube.com/watch?v=ewbMcOHoUI0
"1000만 다운로드의 기적, 게임빌 프로야구 시리즈는 어떤 게임일까?","조회수 15,050회",2019. 9. 6.,120,10,"엉기의 잡학사전, 시간 때우는 게임 채널",구독자 748명,https://www.youtube.com/watch?v=Ed6U_ggE8Wg
초구부터 홈런! 게임빌 슈퍼스타즈 우승 도전기!,조회수 103회,실시간 스트리밍 시작일: 2019. 11. 25.,3,0,프리게이머,구독자 1.29천명,https://www.youtube.com/watch?v=PZe3mZ3KYOQ
신작모바일 게임빌 프로야구 스트리밍!! 여러분의 추억은 사라집니다.,"조회수 1,414회",실시간 스트리밍 시작일: 2019. 11. 25.,17,4,온옹,구독자 1.33천명,https://www.youtube.com/watch?v=bEWmtardD28
[11월 신작 모바일게임] 추억의 모바일 야구 게임이 6년만에 돌아왔다! 게임빌 프로야구 슈퍼스타즈 플레이(GAMEVIL baseball superstars 2019 play),조회수 847회,실시간 스트리밍 시작일: 2019. 11. 25.,5,0,밀크박스,구독자 58명,https://www.youtube.com/watch?v=RzaidN4GI40
19 11/26 게임빌(gamevil) 프로야구 슈퍼스타즈 신작체험,조회수 190회,실시간 스트리밍 시작일: 2019. 11. 26.,3,1,페드로Tube[PM Tube],구독자 129명,https://www.youtube.com/watch?v=ekpnKXvif7w
[구우겜 생방송 FULL] 오늘도 흑우 구스 갑니까? ㅋㅋㅋㅋ[게임빌 프로야구 슈퍼 스타즈],"조회수 6,662회",실시간 스트리밍 시작일: 2019. 11. 26.,122,5,구스마일,구독자 15.1만명,https://www.youtube.com/watch?v=0rD6bqjb3a4
[게임빌 프로야구] 신야구의 뒤를 잇는 국산 캐주얼 모바일 야구게임 게임빌 프로야구 슈퍼스타즈 나만의 선수 키우기(GAMEVIL baseball superstars play),조회수 53회,실시간 스트리밍 시작일: 2019. 11. 29.,1,0,밀크박스,구독자 58명,https://www.youtube.com/watch?v=ajtKGvv_4TY
게임빌 프로야구 슈퍼스타즈,조회수 141회,실시간 스트리밍 시작일: 2019. 11. 30.,1,0,Aehiri에히리,구독자 80명,https://www.youtube.com/watch?v=8toqVPGZgSA
[게임빌 프로야구 슈퍼스타즈] 모바일 야구게임인지 선수 키우기 육성게임인지 헷갈리는 게임빌 프로야구 슈퍼스타즈 플레이(GAMEVIL baseball superstars 2019),조회수 99회,실시간 스트리밍 시작일: 2019. 12. 6.,3,0,밀크박스,구독자 58명,https://www.youtube.com/watch?v=u5CjdUs7pes
[게임빌 프로야구 슈퍼스타즈] 약빤 게임빌 프로야구 6년만의 신작. 그런데;;,조회수 113회,실시간 스트리밍 시작일: 2019. 12. 6.,3,2,LimeQuality _,,https://www.youtube.com/watch?v=aJrLY_uBLU8
[게임빌 프로야구 슈퍼스타즈] 모바일 야구게임의 탈을 쓴 야구선수 키우기 육성게임 게임빌 프로야구 슈퍼스타즈 플레이(GAMEVIL baseball superstars 2019),조회수 174회,실시간 스트리밍 시작일: 2019. 12. 7.,1,0,밀크박스,구독자 58명,https://www.youtube.com/watch?v=oIcI3hb061o
[게임빌프로야구 슈퍼스타즈] 매니저 연애게임이었어?!,조회수 231회,최초 공개: 2019. 11. 25.,2,1,모바일유동동TV,구독자 133명,https://www.youtube.com/watch?v=5Qes31TNvJU
