﻿title,count,date,good_count,bad_count,youtuber,subscriber,url
로블록스TV ROBLOX TV 루미큐브(Rummikub) 보드게임 하는방법,조회수 68회,2018. 12. 24.,1,0,로블록스TV,,https://www.youtube.com/watch?v=R4nkfjvjubc
루미큐브 게임 설명,조회수 23회,2018. 12. 28.,0,0,나나,구독자 21명,https://www.youtube.com/watch?v=bAw-vjj8coo
"190101,새해,새해 첫 날,루미큐브,엄마이모이모부,게임한판,1월1일",조회수 15회,2019. 1. 1.,1,0,권맥스,구독자 18명,https://www.youtube.com/watch?v=zEjn0EprY_w
Rummikub 루미큐브 하는법 스킬 모바일게임 류미큐브 동수르,"조회수 3,702회",2019. 1. 13.,10,1,동수르,구독자 12명,https://www.youtube.com/watch?v=jucfiZ2zi8g
Bower's Game Corner: Rummikub Review,조회수 646회,2019. 1. 17.,8,2,Bower's Game Corner,구독자 6.01천명,https://www.youtube.com/watch?v=74g8vmO6A6c
Rummikub game가족과 루미큐브 한 판 .대회규칙으로 ㅡ재미있는 루미큐브 가족게임으로 추천합니다.,조회수 88회,2019. 1. 2.,5,0,쭌TV/쭌티비,구독자 199명,https://www.youtube.com/watch?v=wgtFEgWAFzU
【汤米酱】Board Game 桌游教学095 Rummikub Review 拉密 变脸版 介绍,조회수 191회,2019. 1. 20.,1,0,Tommy Jiang,구독자 605명,https://www.youtube.com/watch?v=DUVcIv6GqxA
Rummikub Winner!,조회수 564회,2019. 1. 23.,9,0,michi kool,구독자 21명,https://www.youtube.com/watch?v=wnSvlVLj92A
루미큐브게임,조회수 73회,2019. 1. 23.,13,1,연TV,구독자 82명,https://www.youtube.com/watch?v=bIiOeu3jSb4
머리가 좋아지는 보드게임????루미큐브 어플게임 리뷰 (rummikub game app review),"조회수 1,615회",2019. 1. 29.,66,1,마스터G MasterG,구독자 1.22천명,https://www.youtube.com/watch?v=iyEXMop7MTo
Rummikub 루미큐브 레벨8되었어요.젤 좋아하는 보드게임.온라인게임승리한영상,조회수 580회,2019. 1. 5.,6,0,교구수학전문강사Tina,구독자 169명,https://www.youtube.com/watch?v=8aCrcd0Vttg
Rummikub Game Commercial,"조회수 2,560회",2019. 1. 9.,좋아요,싫어요,pressmantoy,구독자 1.09만명,https://www.youtube.com/watch?v=0kvvmlYY-yw
루미큐브 (Rummikub) 보드게임 룰 설명,조회수 33회,2019. 10. 1.,2,0,밀본윤평,구독자 45명,https://www.youtube.com/watch?v=Uyquvf9PyyU
Nickname Leonardo DiCaprio's Rummikub 루미큐브 잘하는법,조회수 149회,2019. 10. 10.,3,0,우최우!SPU,구독자 35명,https://www.youtube.com/watch?v=t9QZV0izifY
"재미있는 보드게임,루미큐브 영상~!",조회수 63회,2019. 10. 13.,2,0,용이네&연이네,구독자 13명,https://www.youtube.com/watch?v=N2-XXRgKogg
당신이 모르던 세상의 모든 루미큐브 [한정판 보드게임 시리즈],조회수 177회,2019. 10. 13.,11,0,디노랜드 [Dino Land],,https://www.youtube.com/watch?v=M5KL41rb7gw
[서울보드게임페스타신작소개] 놀이속의세상 - 루미큐브 그래피티 보드게임,조회수 362회,2019. 10. 15.,10,0,보드라이브 BoardLiveGame,구독자 2.1만명,https://www.youtube.com/watch?v=vCQ_eEv9ccc
개꿀잼 보드게임카페👏루미큐브/할리갈리/젠가/가짜예술가 게임룰설명🤘옥이는오기지,조회수 258회,2019. 10. 17.,32,0,옥이는오기지,,https://www.youtube.com/watch?v=6afE-iqPXPI
Rummikub - The Family Game of Your Life,조회수 12회,2019. 10. 21.,0,0,Mr Toys Toyworld YouTube,구독자 3.85천명,https://www.youtube.com/watch?v=offWmQYkc3A
The Rummikub Game,조회수 9회,2019. 10. 21.,0,0,Mr Toys Toyworld YouTube,구독자 3.85천명,https://www.youtube.com/watch?v=KJq5VxziTgQ
제3회 도봉보드게임페스타-'루미큐브'가 궁금해!,조회수 17회,2019. 10. 22.,0,0,도봉보드게임페스타,구독자 3명,https://www.youtube.com/watch?v=hZH5lGc_rTg
대박 어려운 보드게임이 모바일 게임으로 돌아왔다 - Rummikub,조회수 8회,2019. 10. 25.,0,0,객설TV,구독자 17명,https://www.youtube.com/watch?v=8h7tu-Sogt0
"모바일 루미큐브 실전 뽀개기 영상, 실전 루미큐브 승리공략!(루미큐브공략,루미큐브클래식,루미큐브이기는법,rummikub)","조회수 1,161회",2019. 10. 3.,9,1,하비채널,,https://www.youtube.com/watch?v=kNbaz3ZFJiw
보드게임 [ASMR] 루미큐브,조회수 54회,2019. 10. 6.,4,0,진이의 램프Jinny's lamp,구독자 8명,https://www.youtube.com/watch?v=0ZNheyt5r4k
Nickname Leonardo DiCaprio's Rummikub 루미큐브 이기는법,조회수 25회,2019. 10. 9.,3,0,우최우!SPU,구독자 35명,https://www.youtube.com/watch?v=HwkdhSyVgKk
♦남편이랑 둘이서 루미큐브♦,"조회수 4,459회",2019. 11. 1.,126,0,wanda show,구독자 1.24만명,https://www.youtube.com/watch?v=9hyQjXswHj8
창의력보드게임(루미큐브)대회 안내,조회수 314회,2019. 11. 11.,7,0,mathpool 수학웅덩이,구독자 287명,https://www.youtube.com/watch?v=kYHP0anZFgk
루미큐브 대회 게임방법,조회수 416회,2019. 11. 12.,6,1,mathpool 수학웅덩이,구독자 287명,https://www.youtube.com/watch?v=G_02LF6P4wk
모바일게임 - 루미큐브 게임 영상,조회수 5회,2019. 11. 15.,2,0,물병양DungTube,구독자 2명,https://www.youtube.com/watch?v=_Jp2NfM-lLM
루미큐브 게임영상 rummikub,조회수 4회,2019. 11. 18.,0,0,큰별이네 BIG_STAR,구독자 2명,https://www.youtube.com/watch?v=mokVAcFrY9k
"상품이 엄청나게 풍성한 보드게임대회! (스플렌더, 루미큐브, 티켓 투 라이드, 센추리:향신료의길)",조회수 863회,2019. 11. 18.,39,0,보드라이브 BoardLiveGame,구독자 2.1만명,https://www.youtube.com/watch?v=ZQ2LN8Wlims
가장 빠른 '루미큐브' 보드게임 설명 영상,조회수 57회,2019. 11. 27.,6,0,HOP,구독자 107명,https://www.youtube.com/watch?v=AKVA93UWY0g
[VLOG]서울예대 휴학생의 일상; 보드게임 루미큐브 도블 쉿개조심 강남보드게임카페 임창정 모서리족발,조회수 59회,2019. 11. 29.,7,0,예삐튜브Yeppytube,구독자 42명,https://www.youtube.com/watch?v=96YTEzGFe6w
보드게임 티켓투라이드유럽 & 루미큐브클럽 언박싱,조회수 36회,2019. 11. 29.,4,0,Yully's Familly,구독자 5명,https://www.youtube.com/watch?v=fE2_d5D1Tls
[두뇌게임] 보드게임 루미큐브 챌린지에 출전했어요! / 서울보드게임 페스타 / Rummikub challenge,조회수 104회,2019. 11. 9.,17,0,TOCTOC TOYBOX톡톡토이박스,,https://www.youtube.com/watch?v=vHf4PK3X0bg
Rummikub game 루미큐브 온라인게임ㅡ9레벨 ㅡ조커 아껴서 써보기ㆍ타일이 잘 들어와 운좋게 승리^^,조회수 247회,2019. 2. 12.,4,0,교구수학전문강사Tina,구독자 169명,https://www.youtube.com/watch?v=e9TPP7h-Sdo
28-1. 루미큐브 규칙 설명 영상,"조회수 2,628회",2019. 2. 13.,19,0,티레인저,구독자 519명,https://www.youtube.com/watch?v=pYXYfArIKmE
ପ Vlog ଓ 러쉬 쇼핑 🛁 | 수강신청 🕙 | 보드게임 카페 | 루미큐브 🃏,조회수 210회,2019. 2. 16.,6,0,체쟈미,,https://www.youtube.com/watch?v=BZ2jBOBcEgs
두뇌개발에 좋은 한드폰 루미큐브 게임,조회수 45회,2019. 2. 16.,1,0,게임박스,구독자 4명,https://www.youtube.com/watch?v=ALfC1uUKKzA
[보드게임] 루미큐브 룰북,조회수 111회,2019. 3. 11.,2,0,느티울,구독자 162명,https://www.youtube.com/watch?v=vJH90m1eGtc
"VLOG 루미큐브🎵보드게임 중독되다,",조회수 22회,2019. 3. 12.,4,0,BBongU뽕유,구독자 31명,https://www.youtube.com/watch?v=NHd2dSvXvjI
루미큐브 보드게임 재미붙인 울 할머니,조회수 33회,2019. 3. 16.,2,0,끼링,구독자 168명,https://www.youtube.com/watch?v=cqPWq8Av7S4
The new Rummikub app - 2019 edition,"조회수 32,327회",2019. 4. 10.,14,3,Rummikub,구독자 1.82천명,https://www.youtube.com/watch?v=JHOYh8bjT3I
[보.게.박] 세상에 이런 설명은 없다!! /루미큐브 게임 설명,조회수 852회,2019. 4. 17.,17,0,보드게임박스,구독자 32명,https://www.youtube.com/watch?v=oVb4qBkK4W4
"[뿡로그 : 부산편] 보드게임 (루미큐브,할리갈리,뿅망치,말가면)",조회수 50회,2019. 4. 18.,2,0,야뿌,구독자 10명,https://www.youtube.com/watch?v=XosNg10bxAQ
(eng)[VLOG #2] 댕댕이 댕댕이 그리고 루미큐브. / Rummikub,조회수 82회,2019. 4. 20.,7,0,린데렐라Linderella,,https://www.youtube.com/watch?v=wdiZvTqWPow
"[브이로그]:보드게임 편🐿/홍대 보드게임카페,루미큐브,꼬북칩,더블데이트/190414",조회수 205회,2019. 4. 21.,9,0,지애츄,,https://www.youtube.com/watch?v=lPZHz99zkn0
[모바일 게임] Rummikub 핵초보의 루미큐브 모바일.. 플레이,"조회수 1,021회",2019. 4. 28.,2,0,su bot,,https://www.youtube.com/watch?v=dE-Mi4Fe2Nw
루미큐브게임2,조회수 23회,2019. 4. 29.,1,0,하트코,구독자 722명,https://www.youtube.com/watch?v=o7c3SpkX4Lg
루미큐브게임1,조회수 24회,2019. 4. 29.,2,0,하트코,구독자 722명,https://www.youtube.com/watch?v=_B6Ad1QOTv0
"[보드게임] 부수고 재조합 하는 숫자들의 전쟁, 루미큐브",조회수 17회,2019. 5. 13.,2,0,다이스,구독자 27명,https://www.youtube.com/watch?v=7dol0fj-A_k
보드게임의 근본! 루미큐브 온라인으로 한 판 뜨실? [기무기훈 루미큐브],"조회수 9,543회",2019. 5. 13.,56,3,기무기훈tv,구독자 7.56만명,https://www.youtube.com/watch?v=TR93DV9idGk
동아시아사 루미큐브 게임,조회수 52회,2019. 5. 14.,0,0,쫌선생,구독자 9명,https://www.youtube.com/watch?v=aIPGEAl0JdE
루미큐브 이렇게 좋은 패가ㅋㅋ,"조회수 14,753회",2019. 5. 15.,33,5,마이리틀스포츠,구독자 51명,https://www.youtube.com/watch?v=02lUe7Vih4E
양양님과 루미큐브게임❤,조회수 18회,2019. 5. 17.,0,0,빨주노초파란보핫,구독자 14명,https://www.youtube.com/watch?v=lgyK_4gmEmY
"vlog#5 [조말론, 엔드게임, 루미큐브, 이불교체, 흑화당버블밀크티, 만두의 첫번째 생일파티]",조회수 145회,2019. 5. 19.,12,0,소무룩,구독자 48명,https://www.youtube.com/watch?v=20LjQaXzcsk
"Phuket VLOG#61 Rummy Cube, Rumi Cube, 루미큐브, Board Game, 보드게임[ENG/KOR]",조회수 452회,2019. 5. 22.,62,0,찻차이ชาติชาย WithPhuket,구독자 1.34천명,https://www.youtube.com/watch?v=F2yiOQFNxzg
낯선 곳에 갇힌 네 남녀의 게임. [루미큐브 공모전 최우수상작],조회수 150회,2019. 5. 25.,5,0,안녕하세진 hi jin,구독자 25명,https://www.youtube.com/watch?v=PR_tYFqlJ_k
루미큐브| 세계적으로 유명한 보드게임. 가족게임. 오늘의 승리는 누구?,조회수 397회,2019. 5. 26.,22,0,은아티비 EunaTV,구독자 1.01천명,https://www.youtube.com/watch?v=Mrua1XpwW54
"루미큐브 보드게임 이제 어플로 즐겨 보세요!, Rummikub 리뷰",조회수 536회,2019. 5. 27.,5,1,어일깔보,구독자 690명,https://www.youtube.com/watch?v=yNelootMz6c
루미큐브 플레이영상(Rummikub),조회수 20회,2019. 5. 9.,0,0,송풍동TV,구독자 7명,https://www.youtube.com/watch?v=PyFI07-Q4Mg
(냥이)루미큐브 이기는법,"조회수 14,044회",2019. 6. 11.,29,25,v냥이,구독자 5명,https://www.youtube.com/watch?v=RQisOun2MqY
게임진티비 루미큐브게임,조회수 8회,2019. 6. 16.,0,0,Gamer J,구독자 1명,https://www.youtube.com/watch?v=43-K6xnOr9k
루미큐브 보드게임 하는 법 | Rummikub Board Game Rules | 3분게임요리,"조회수 2,257회",2019. 6. 20.,39,0,보드라이브 BoardLiveGame,구독자 2.1만명,https://www.youtube.com/watch?v=gS5xUMDpX3k
게임진티비 루미큐브게임,조회수 3회,2019. 6. 22.,0,0,Gamer J,구독자 1명,https://www.youtube.com/watch?v=cMV6t1WWuHE
게임진티비 루미큐브게임,조회수 2회,2019. 6. 22.,0,0,Gamer J,구독자 1명,https://www.youtube.com/watch?v=hpacgXYFBvY
루미큐브 처돌이의 루미큐브일기 2019년판 rummikub,"조회수 1,218회",2019. 6. 25.,7,0,리강,구독자 3명,https://www.youtube.com/watch?v=zMN90iluEK8
루미큐브라는 게임을 추천합니다!,조회수 104회,2019. 6. 3.,8,1,레망고,구독자 513명,https://www.youtube.com/watch?v=K3ijr3MOcVY
보드게임 루미큐브 🃏온라인으로 해보다!!!!,조회수 72회,2019. 6. 30.,4,0,K예리니,구독자 193명,https://www.youtube.com/watch?v=wuCfDU4L9Zs
"루미큐브에 대한 모든 것과 꿀팁, 사기치는 법까지","조회수 11,919회",2019. 7. 1.,49,26,츄퍼드,구독자 28명,https://www.youtube.com/watch?v=UxsTyvqkecI
Rummikub Classic Game from Ideal | Prime Day 2019 Special Deal,조회수 26회,2019. 7. 16.,0,0,Amazon UK | Best Sellers,구독자 1.16만명,https://www.youtube.com/watch?v=A4AA3fhenMA
[루미큐브] 루미큐브 게임 이에요. 너무 어려워요!,조회수 38회,2019. 7. 19.,0,1,단무지TV 2019,구독자 45명,https://www.youtube.com/watch?v=n-yMTGIQaiQ
[모바일게임]루미큐브 Rummikub 게임 플레이 영상,조회수 42회,2019. 7. 2.,3,0,문사장과 친구들[문사장TV],구독자 4명,https://www.youtube.com/watch?v=5kkLFrEoV2U
New Produck 60 Seconds Hourglass for Digital Game Rummikub Board Game,조회수 2회,2019. 7. 22.,0,0,x p,,https://www.youtube.com/watch?v=lGnEAFeOWqw
[5MG] Rummikub 루미큐브 이제 보드게임카페 안가도 됩니다. / 루미큐브 모바일 게임,조회수 159회,2019. 7. 22.,1,0,5 Minute Games,,https://www.youtube.com/watch?v=-57pVdJwCEw
[게임] 루미큐브 Rummikub 게임영상 꿀잼...ㅠ,조회수 13회,2019. 7. 26.,0,0,큰별이네 BIG_STAR,구독자 2명,https://www.youtube.com/watch?v=xN58WTkTx3k
[루미큐브] 집구석 랭킹 1위 알미의 루미큐브,조회수 651회,2019. 7. 26.,9,0,알미,구독자 74명,https://www.youtube.com/watch?v=lEi5_WQoJNU
보드게임콘 방문기(+루미큐브 랭커 인터뷰),조회수 47회,2019. 7. 29.,5,0,판다 Panda의 브이로그,구독자 55명,https://www.youtube.com/watch?v=WEuXSFMh90s
♥또둥둥티비♥ 보드게임카페 - 루미큐브 대결! (feat. 둥둥vs또둥),조회수 326회,2019. 7. 31.,9,2,또둥둥이네,구독자 38명,https://www.youtube.com/watch?v=zWlYK4X_HQo
"보드게임 규칙설명 2탄! ""루미큐브""(Rummikub) - 1등 나와도 계속 겜하던 사람들 필히 볼 것!",조회수 235회,2019. 7. 6.,17,1,[카페드봉봉]보드게임/다트/마작/MTG,구독자 343명,https://www.youtube.com/watch?v=pvnJYgmHBEw
"[weekend_log] 위캔로그/주말 브이로그/카페투어,보드게임(루미큐브),산책,전시회,장보기,서브웨이",조회수 46회,2019. 7. 7.,4,0,은율,구독자 6명,https://www.youtube.com/watch?v=Da6hPk3G9yA
GAME | 루미큐브 어플 게임을 해보다! | Rummikub,조회수 134회,2019. 7. 7.,좋아요,싫어요,IamtheDuckoo아임더쿠,,https://www.youtube.com/watch?v=A0PBSg7i3t0
은비은하tv 루미큐브 보드게임,조회수 5회,2019. 8. 22.,1,1,김영석,,https://www.youtube.com/watch?v=IkNi1LodxNg
"Rummikub 업데이트버전 .루미큐브 모바일 게임, 세계베스트3위게임루미큐브",조회수 130회,2019. 8. 23.,3,0,교구수학전문강사Tina,구독자 169명,https://www.youtube.com/watch?v=CPRcjufcQHQ
Rummikub : It’s very difficult game for me TT,조회수 5회,2019. 8. 24.,1,0,Deok-Woo Nam,구독자 2명,https://www.youtube.com/watch?v=R4xOLG-6EyE
Let's master Rummikub with the championship winner - app game 3,조회수 5회,2019. 8. 4.,0,0,Rummikub Champion,구독자 35명,https://www.youtube.com/watch?v=jeNwrON1IVc
[게임] 루미큐브 게임영상 Rummikub,조회수 13회,2019. 8. 5.,0,0,큰별이네 BIG_STAR,구독자 2명,https://www.youtube.com/watch?v=GXHtfNrTUHM
루미큐브 정리함 using 3D 프린터 (RummiKub Organizer),조회수 647회,2019. 9. 10.,21,0,북리지,구독자 4.73천명,https://www.youtube.com/watch?v=N4lva_vNnyA
루미큐브 3분컷 게임,조회수 32회,2019. 9. 12.,1,0,루미큐브장인,구독자 1명,https://www.youtube.com/watch?v=wGkPhF69J1M
"[게임하는 중] 루미큐브, 게임을 시작하지.",조회수 80회,2019. 9. 2.,8,0,숨ing SOOMing,,https://www.youtube.com/watch?v=fF5A3rmmlHQ
"[일상vlog] 학교 일찍 끝난 날 보드게임카페에서 루미큐브, 할리갈리, 클루",조회수 36회,2019. 9. 23.,9,0,지니늬jininee,구독자 15명,https://www.youtube.com/watch?v=y1tAsCn5vUQ
[루미큐브] 집구석 랭킹 1위 알미의 루미큐브 #2,조회수 34회,2019. 9. 24.,12,0,알미,구독자 74명,https://www.youtube.com/watch?v=kEBa7Va4A7U
소방공무원준비생의 쉬는 날 데이트 중국집 카탄 루미큐브 보드게임,조회수 70회,2019. 9. 28.,4,0,30대 공시생타임랩스TV,구독자 154명,https://www.youtube.com/watch?v=KXMs6XK0uUQ
"모바일 루미큐브 게임 플레이영상 (루미큐브클래식,보드게임,핸드폰게임,루미큐브방법,루미큐브꿀팁,루미큐브잘하는법,루미큐브전략)",조회수 285회,2019. 9. 7.,7,0,하비채널,,https://www.youtube.com/watch?v=dAh7j4WnaKc
"스마트폰 대신 두뇌발달 보드게임, 루미큐브 - 주말에 뭐하셨어요~?",조회수 453회,실시간 스트리밍 시작일: 2018. 12. 16.,60,0,똑게 TV 김준희 smart & lazy,구독자 1.29만명,https://www.youtube.com/watch?v=FR0MmfFtlS8
집중력향상시키는 게임! 루미큐브!!,조회수 16회,실시간 스트리밍 시작일: 2019. 1. 31.,1,0,린디 유튜브,구독자 88명,https://www.youtube.com/watch?v=XlIa_JAnsm0
미적분의 게임방송- 심심하니 루미큐브 한 판!,조회수 41회,실시간 스트리밍 시작일: 2019. 5. 13.,3,0,미적분TV,구독자 261명,https://www.youtube.com/watch?v=9qIEkdu_nkA
누구나 한 번은 해봤을 법한 보드게임 - 루미큐브 플레이! | 보드라이브,"조회수 2,287회",실시간 스트리밍 시작일: 2019. 6. 20.,54,0,보드라이브 BoardLiveGame,구독자 2.1만명,https://www.youtube.com/watch?v=_cGka3fFKOo
Rummikub GO! 루미큐브 가즈아!,조회수 8회,실시간 스트리밍 시작일: 2019. 7. 6.,0,0,승표SPBC,구독자 218명,https://www.youtube.com/watch?v=N_hB-1vdcIY
Omlet Argade에서 제 방송을 확인해 주세요!Rummikub,조회수 없음,실시간 스트리밍 시작일: 2019. 8. 7.,0,0,Re:DM,구독자 1명,https://www.youtube.com/watch?v=TfOzkNEO4gI
루미큐브 할 사람,조회수 1회,실시간 스트리밍 시작일: 2019. 8. 8.,0,0,Re:DM,구독자 1명,https://www.youtube.com/watch?v=TkUOCeXGb7o
