﻿title,count,date,good_count,bad_count,youtuber,subscriber,url
Pocket World 3D,"조회수 39,401회",2019. 10. 18.,26,6,Minwei Lin,구독자 87명,https://www.youtube.com/watch?v=Hm8GhWuMLFA
Pocket World 3D (by Minimonster game limited) - puzzle game for android and iOS - gameplay.,"조회수 1,018회",2019. 10. 26.,4,0,andro-games,구독자 7.08천명,https://www.youtube.com/watch?v=c1JUBFOxlMk
Pocket World 3D - New Game for Android,조회수 370회,2019. 11. 18.,1,0,New Games for Android,구독자 3.64만명,https://www.youtube.com/watch?v=_CQc_h4484k
Pocket World 3D,"조회수 349,884회",2019. 11. 19.,55,12,Minwei Lin,구독자 87명,https://www.youtube.com/watch?v=8FptpspAUAg
Pocket World 3D,"조회수 36,683회",2019. 11. 19.,14,8,Minwei Lin,구독자 87명,https://www.youtube.com/watch?v=nnm65rEidUA
Play game mod android - Pocket world 3d mod money,조회수 95회,2019. 11. 19.,0,0,PLAY GAME MOBILE,구독자 73명,https://www.youtube.com/watch?v=Hr-MyWeJUIo
Pocket World 3D Part 1 Walkthrough,"조회수 4,621회",2019. 11. 19.,17,4,TheGameAnswers,구독자 2.59만명,https://www.youtube.com/watch?v=j1AImz3lVrs
Pocket world 3D (포켓월드 3D) 플레이영상,조회수 658회,2019. 11. 21.,6,0,날아라시옹잉,구독자 14명,https://www.youtube.com/watch?v=OD0d92s9kZs
Pocket World 3D 게임,조회수 157회,2019. 11. 21.,1,1,리미,구독자 4명,https://www.youtube.com/watch?v=lq71XWvfLLQ
Pocket World 3D (Part 1),조회수 128회,2019. 11. 21.,3,0,Zachatonumus Rex,구독자 490명,https://www.youtube.com/watch?v=bjves5sAAes
'Brainstorming' Pocket World 3D Game Review 1080p Official Minimonster game limited,조회수 122회,2019. 11. 21.,1,0,Betty Girl,구독자 2.3천명,https://www.youtube.com/watch?v=yH_K6mtX7Vo
Pocket World 3D: NL Windmill village and JP Kyoto - Gameplay Walkthrough Part 1,"조회수 2,837회",2019. 11. 22.,13,1,GamePlays365,구독자 671명,https://www.youtube.com/watch?v=joVeX90vGmI
Pocket World 3D NL WindmillVillage Tractor,조회수 87회,2019. 11. 23.,1,0,RebelYelliex,,https://www.youtube.com/watch?v=4CBDX33hUW0
POCKET WORLD 3D. ALL SPECIAL PART 15 Walkthrough,"조회수 2,292회",2019. 11. 23.,11,2,Stratomobile,,https://www.youtube.com/watch?v=QNa-ISr8p88
Pocket World 3D - Part 1 Walkthrough,조회수 657회,2019. 11. 23.,5,0,daydreamz studio,구독자 820명,https://www.youtube.com/watch?v=rfRx75M_c6I
Pocket World 3D JP Kyoto Snack Bar,"조회수 2,934회",2019. 11. 23.,15,1,RebelYelliex,,https://www.youtube.com/watch?v=1AF_kzQassU
Pocket World 3D JP Kyoto Wilderness Train,"조회수 1,768회",2019. 11. 24.,13,1,RebelYelliex,,https://www.youtube.com/watch?v=PPXuH8YD8wQ
Snack bar | pocket world 3D,"조회수 3,560회",2019. 11. 24.,13,2,R4CH31 D10,구독자 32명,https://www.youtube.com/watch?v=8J8IZ4tpvK4
where to place the pink flowers in pocket world 3D,조회수 155회,2019. 11. 24.,5,0,R4CH31 D10,구독자 32명,https://www.youtube.com/watch?v=lQMiNlCFMN4
fushimilnari-taisha | pocket world 3D,조회수 314회,2019. 11. 24.,4,0,R4CH31 D10,구독자 32명,https://www.youtube.com/watch?v=i6j9x18g2us
Pocket World 3D JP Kyoto Japanese Style Cottage,"조회수 1,272회",2019. 11. 24.,2,0,RebelYelliex,,https://www.youtube.com/watch?v=fE41-KBksCg
Pocket World 3D | Snack Bar | Golden pavilion Temple | Fushimilnari - taisha | Gameplay,조회수 205회,2019. 11. 24.,0,0,Android Gaming,구독자 153명,https://www.youtube.com/watch?v=nrDHncmT9Pw
Pocket World 3D Windmill(風車),조회수 43회,2019. 11. 24.,좋아요,싫어요,木龍遥,구독자 2.29천명,https://www.youtube.com/watch?v=4VVOmrDEtjo
Pocket World 3D - Assemble models unique puzzle Android Gameplay,조회수 567회,2019. 11. 24.,5,0,KruGames,구독자 16.5만명,https://www.youtube.com/watch?v=Zkdh8SesztQ
Pocket World 3D - Assemble models unique puzzle | Daigoji Temple | Gameplay | Mind Relaxing Game,조회수 170회,2019. 11. 24.,2,0,Android Gaming,구독자 153명,https://www.youtube.com/watch?v=bzjh_z7qRxI
Pocket World 3D JP Triple Tower,조회수 13회,2019. 11. 24.,0,0,もとさん,구독자 4명,https://www.youtube.com/watch?v=ED_IwQID0ns
Pocket World 3D JP Snack Bar,"조회수 1,037회",2019. 11. 24.,2,0,もとさん,구독자 4명,https://www.youtube.com/watch?v=tVv1yEbHn90
Pocket World 3D JP Japanese - style cottage,조회수 408회,2019. 11. 24.,1,1,もとさん,구독자 4명,https://www.youtube.com/watch?v=-X91-HrlEuc
Pocket World 3D JP Kyoto Flower Shop,조회수 21회,2019. 11. 24.,0,0,RebelYelliex,,https://www.youtube.com/watch?v=hdpFc3mPMWw
"[Pocket world 3D]1.네덜란드(풍차,네덜란드 오두막집,트랙터,나무신발)",조회수 293회,2019. 11. 24.,0,0,[스톤],구독자 51명,https://www.youtube.com/watch?v=pld-jwIut-s
Pocket World 3D UK London Tower Bridge,조회수 77회,2019. 11. 24.,1,0,RebelYelliex,,https://www.youtube.com/watch?v=JD1PYNsLaPs
Pocket World 3D JP Ramen Shop,조회수 120회,2019. 11. 24.,0,0,もとさん,구독자 4명,https://www.youtube.com/watch?v=AjBkaV4Zucw
Pocket World 3D UK London Tailor Shop,조회수 548회,2019. 11. 24.,2,0,RebelYelliex,,https://www.youtube.com/watch?v=eX_AyOANmbI
Pocket World 3D US San Francisco Painted Ladies,조회수 180회,2019. 11. 25.,3,0,RebelYelliex,,https://www.youtube.com/watch?v=14hDwJe8Qt8
Pocket World 3D CN Beijing New Society,조회수 902회,2019. 11. 25.,1,2,RebelYelliex,,https://www.youtube.com/watch?v=pwSnvVRi3uE
Pocket World 3D - Assemble models unique puzzle | Japanese Style cottage | Ramen Shop | Sushi Bar,조회수 43회,2019. 11. 25.,0,0,Android Gaming,구독자 153명,https://www.youtube.com/watch?v=41Q0UJoOYdI
Pocket World 3D ep 1,조회수 55회,2019. 11. 25.,2,0,Noah Tieman,구독자 20명,https://www.youtube.com/watch?v=R3HtengzjZk
Japanese- style cottage | pocket world 3D,조회수 686회,2019. 11. 25.,5,0,R4CH31 D10,구독자 32명,https://www.youtube.com/watch?v=h_ZbFlMYzoA
ポケットワールド3D 軽食店 Pocket World 3D,"조회수 1,382회",2019. 11. 26.,5,0,よんちゃんねる,구독자 13명,https://www.youtube.com/watch?v=h0H6_zsb2ss
[민이] 세계의 유명 건물을 직접 조립할수있다구!? 포켓월드 3D!! - [모바일게임추천],조회수 372회,2019. 11. 27.,9,0,민민YOUTUBE,구독자 4.08천명,https://www.youtube.com/watch?v=O8QccGVrqXQ
Pocket World 3D MX Mexico City Leather Shoes Car,조회수 19회,2019. 11. 28.,0,0,RebelYelliex,,https://www.youtube.com/watch?v=LGzncs2UNeM
Pocket World 3D TR Istanbul Cappadocia,조회수 19회,2019. 11. 28.,0,0,RebelYelliex,,https://www.youtube.com/watch?v=SeC_XNTIKSk
Pocket World 3D MX Mexico City Yellow Wall Market,조회수 175회,2019. 11. 28.,2,0,RebelYelliex,,https://www.youtube.com/watch?v=FSqB7-U2-1s
Pocket world 3d bgm,조회수 173회,2019. 11. 28.,2,0,Ak pos,,https://www.youtube.com/watch?v=SmY_cLBFvnQ
Pocket World 3D music,"조회수 5,546회",2019. 11. 28.,181,2,Minwei Lin,구독자 87명,https://www.youtube.com/watch?v=c_sZD8ojeFM
手遊試玩#13-口袋世界3D Pocket World 3D 你掌上的迷你建築模型組裝遊戲,조회수 264회,2019. 11. 29.,6,0,阿胡的遊戲頻道,구독자 300명,https://www.youtube.com/watch?v=SRjjmXpRZHM
Pocket World 3D - Mostrando o Game #11,조회수 9회,2019. 11. 29.,2,0,hilbert,구독자 160명,https://www.youtube.com/watch?v=xHrizHj22UA
Flower shop | Pocket world 3D,조회수 33회,2019. 11. 30.,0,0,R4CH31 D10,구독자 32명,https://www.youtube.com/watch?v=yS7_tcBupnk
Pocket World 3D DE Munich Crane,조회수 42회,2019. 11. 30.,0,0,RebelYelliex,,https://www.youtube.com/watch?v=5tBe-TTZJzg
모바일 건축 게임 포켓 월드 Pocket World 3D Gameplay Walkthrough,조회수 166회,2019. 12. 10.,5,0,JACK TV,구독자 3.59만명,https://www.youtube.com/watch?v=vi6Du337QNA
포켓월드 3D | 일본의 가요미즈사 3층 탑 만들기,조회수 2회,2019. 12. 10.,0,0,Hyukho's Game Play,,https://www.youtube.com/watch?v=qlSKYOUfUvY
포켓월드 3D | 분식점 만들기,조회수 15회,2019. 12. 11.,1,0,Hyukho's Game Play,,https://www.youtube.com/watch?v=3JlGwX67VAg
이게임은 여러분들이 광고에서 자주 보시던 게임입니다. 포켓 월드 3D (pocket world 3D) 조립형 시뮬레이터,조회수 4회,2019. 12. 11.,0,0,잔유의 세상 즐거운 게임,구독자 437명,https://www.youtube.com/watch?v=8ltqFdtyPwA
[모바일게임] 손안에서 세계여행!? 나만의 건축 조립 게임 포켓월드 3d (pocket world 3d)리뷰,조회수 23회,2019. 12. 2.,1,0,숨나겜[숨어서하는나만의게임],구독자 3명,https://www.youtube.com/watch?v=QVIK5zlz-hk
[별이슬] Pocket World 3D: 유명한 건축물을 미니어처로 만드는 힐링게임,조회수 18회,2019. 12. 3.,1,0,별이슬,,https://www.youtube.com/watch?v=CAwQWVGHaI8
"POCKET WORLD 3D. (NEW) SEOUL, KOREA. PART 16 Walkthrough",조회수 91회,2019. 12. 5.,3,0,Stratomobile,,https://www.youtube.com/watch?v=VtO8hzMXqTE
이 게임이 플레이스토어 인기게임1위라고요??헐... (Pocket World 3D),조회수 26회,2019. 12. 6.,4,0,TV종이봉투,구독자 7명,https://www.youtube.com/watch?v=8qSVowLvG4o
POCKET WORLD 3D. (NEW) ES BARCELONA PART 20 Walkthrough,조회수 66회,2019. 12. 6.,0,0,Stratomobile,,https://www.youtube.com/watch?v=2IqJMMesC8g
Pocket World 3D: World Famous - New Swan Stone Castle,조회수 16회,2019. 12. 9.,0,0,Bún,구독자 133명,https://www.youtube.com/watch?v=EvsFcZJMwSs
試玩遊戲#1 Pocket World 3D（頻道宣傳要準備有了😤）,조회수 38회,최초 공개: 2019. 11. 30.,3,0,roblox老手,구독자 19명,https://www.youtube.com/watch?v=hpuyFF_ZenM
