﻿title,count,date,good_count,bad_count,youtuber,subscriber,url
Brain out브레인 아웃31~40문제(업뎃후),"조회수 47,179회",2019. 10. 1.,63,16,앙팡,구독자 508명,https://www.youtube.com/watch?v=Uv9j8-28LuM
Brain out브레인 아웃11~20문제(없뎃후),"조회수 5,596회",2019. 10. 1.,17,2,앙팡,구독자 508명,https://www.youtube.com/watch?v=VfAkm8yCd5M
Brain out브레인 아웃21~30문제(업뎃후),"조회수 4,968회",2019. 10. 1.,14,7,앙팡,구독자 508명,https://www.youtube.com/watch?v=EHET3J-pLOY
Brain out브레인 아웃141~147문제(업뎃후),"조회수 27,067회",2019. 10. 1.,63,18,앙팡,구독자 508명,https://www.youtube.com/watch?v=OWbWB92g7rc
Brain out브레인 아웃131~140문제(업뎃후 ),"조회수 29,876회",2019. 10. 1.,75,12,앙팡,구독자 508명,https://www.youtube.com/watch?v=9hOGyP0x6Ac
Brain out브레인 아웃1~10문제(없뎃후),"조회수 2,402회",2019. 10. 1.,4,1,앙팡,구독자 508명,https://www.youtube.com/watch?v=ZprQ3Xt65lE
Brain out브레인 아웃121~130문제(업뎃후),"조회수 13,766회",2019. 10. 1.,30,10,앙팡,구독자 508명,https://www.youtube.com/watch?v=0cOpsSzATwE
Brain out브레인 아웃41~50문제(업뎃후),"조회수 9,484회",2019. 10. 1.,13,7,앙팡,구독자 508명,https://www.youtube.com/watch?v=6KUw43jUAww
Brain out브레인 아웃101~110문제(업뎃후),"조회수 18,232회",2019. 10. 1.,30,15,앙팡,구독자 508명,https://www.youtube.com/watch?v=xucb--zXRC4
Brain out브레인 아웃91~100문제(업뎃후),"조회수 16,647회",2019. 10. 1.,35,8,앙팡,구독자 508명,https://www.youtube.com/watch?v=vYgF7vvuLO8
Brain out브레인 아웃81~90문제(업뎃후),"조회수 15,009회",2019. 10. 1.,30,9,앙팡,구독자 508명,https://www.youtube.com/watch?v=5DA7dVTIQRY
Brain out브레인 아웃71~80문제(업뎃후),"조회수 13,767회",2019. 10. 1.,24,6,앙팡,구독자 508명,https://www.youtube.com/watch?v=wbLyXm5WRF8
Brain out브레인 아웃51~60문제(업뎃후),"조회수 15,782회",2019. 10. 1.,26,11,앙팡,구독자 508명,https://www.youtube.com/watch?v=oTkijfcxxts
Brain out브레인 아웃61~70문제(업뎃후),"조회수 15,728회",2019. 10. 1.,25,6,앙팡,구독자 508명,https://www.youtube.com/watch?v=JNntrbw0of0
Brain out브레인 아웃111~120문제(업뎃후),"조회수 20,276회",2019. 10. 1.,49,4,앙팡,구독자 508명,https://www.youtube.com/watch?v=RWh-Vqz_AP8
[브레인아웃] 두뇌를 활성화 시키는 brain out(1~30),조회수 61회,2019. 10. 10.,0,0,아리의게임세상,구독자 1명,https://www.youtube.com/watch?v=14pegwoo7OQ
브레인아웃 게잘함with친구들,조회수 31회,2019. 10. 10.,3,0,최지팔,구독자 21명,https://www.youtube.com/watch?v=SHCR08M_sbw
가가님과 브레인아웃 21~30스테이지를깨보았다,조회수 186회,2019. 10. 10.,1,0,새귱유튜브,구독자 16명,https://www.youtube.com/watch?v=YGgWVn3Tie8
브레인아웃11~20 클리어영상,"조회수 3,698회",2019. 10. 10.,8,23,새귱유튜브,구독자 16명,https://www.youtube.com/watch?v=qtFWxMohY-Y
브레인 아웃 31~40스테이지 클리어영상,"조회수 4,262회",2019. 10. 11.,10,17,새귱유튜브,구독자 16명,https://www.youtube.com/watch?v=5sFMx57Wd1k
브레인 아웃 #1 플레이스토어 인기 2위 모바일추천게임 Brain out! LV 1 - 34 나를 가지고 노는건지 내가 멍청한건지,조회수 883회,2019. 10. 11.,10,0,S.GR쌩구리,구독자 192명,https://www.youtube.com/watch?v=P66KwbgO9mc
Brain Out 브레인드아웃 95~102,조회수 615회,2019. 10. 12.,좋아요,싫어요,윤지현,구독자 18명,https://www.youtube.com/watch?v=7xIGFz4n-Rk
브레인 아웃 147단계를 깨면 이렇게 됨 설참,조회수 242회,2019. 10. 12.,5,1,화이트롱tv,구독자 34명,https://www.youtube.com/watch?v=I2u0-jz7P3s
브레인 아웃 41~50클리어영상!,조회수 634회,2019. 10. 13.,2,1,새귱유튜브,구독자 16명,https://www.youtube.com/watch?v=QOAGCvkhyxE
브레인아웃 1~20단계 공략영상,조회수 402회,2019. 10. 13.,2,0,홍시망,구독자 179명,https://www.youtube.com/watch?v=6Ki-0GB52gI
브레인 아웃 1~50스테이지 모아보기!!,조회수 192회,2019. 10. 13.,1,1,새귱유튜브,구독자 16명,https://www.youtube.com/watch?v=RWPfMetm5j4
브레인아웃 공략! 초반 스테이지 참고하세요~,조회수 420회,2019. 10. 13.,0,3,블루스택,구독자 428명,https://www.youtube.com/watch?v=jRwyY7QXuJc
Brain out 139~147까지 공략영상입니당 !! (브레인 아웃),조회수 506회,2019. 10. 13.,2,0,게임설명,구독자 10명,https://www.youtube.com/watch?v=0XdVQb7Cy6E
Brain out 51~100단계 공략영상입니당! (브레인 아웃),"조회수 1,017회",2019. 10. 13.,10,1,게임설명,구독자 10명,https://www.youtube.com/watch?v=py97GYbKsX8
Brain out 101~138 공략영상 (브레인아웃),"조회수 2,414회",2019. 10. 13.,7,1,게임설명,구독자 10명,https://www.youtube.com/watch?v=QU0YWau57Uc
Brain out 1~50단계 공략영상이에용 (브레인 아웃),조회수 635회,2019. 10. 13.,2,2,게임설명,구독자 10명,https://www.youtube.com/watch?v=vDWTvv4hDHY
브레인아웃 21~39 공략 영상,"조회수 4,996회",2019. 10. 13.,10,6,홍시망,구독자 179명,https://www.youtube.com/watch?v=FG6Z7QWNx7E
브레인 아웃 #1,조회수 53회,2019. 10. 13.,0,0,대천사,구독자 6명,https://www.youtube.com/watch?v=M2CPgt-uO0o
브레인아웃 61~80단계 공략영상,"조회수 6,878회",2019. 10. 14.,24,5,홍시망,구독자 179명,https://www.youtube.com/watch?v=sSUnLfYZYuc
이게 무슨;; 평범하게 맞출 수 없는 요상한(?) 퀴즈 게임 [브레인아웃(Brain Out) : 모바일게임] 도로시,"조회수 84,710회",2019. 10. 14.,918,38,도로시Games,구독자 36만명,https://www.youtube.com/watch?v=Mit9lpiYePQ
Brain out) 브레인 아웃 공략 (32~62),조회수 761회,2019. 10. 14.,2,1,투톱,구독자 20명,https://www.youtube.com/watch?v=xD72b1QLvL0
브레인아웃 81~100단계 공략영상,"조회수 12,932회",2019. 10. 14.,27,12,홍시망,구독자 179명,https://www.youtube.com/watch?v=eSUsYwtGedE
브레인아웃 40~60단계 공략,"조회수 9,851회",2019. 10. 14.,13,13,홍시망,구독자 179명,https://www.youtube.com/watch?v=cotDwVJVAok
브레인 아웃 플레이 4 (드디어 엔딩) 공략130~엔딩,조회수 631회,2019. 10. 14.,5,1,패랑이,구독자 52명,https://www.youtube.com/watch?v=arhPDZ1Qy24
Brain out) 브레인 아웃 공략 (63~90),조회수 263회,2019. 10. 15.,4,0,투톱,구독자 20명,https://www.youtube.com/watch?v=-7kU3Qv8xdk
Brain out) 브레인 아웃 공략 (91~120),조회수 628회,2019. 10. 15.,2,0,투톱,구독자 20명,https://www.youtube.com/watch?v=PdljTZDdL5w
브레인 아웃(brain out)51~60스테이지를 깨보았다!!,조회수 106회,2019. 10. 15.,1,1,새귱유튜브,구독자 16명,https://www.youtube.com/watch?v=JpJZIHNNk7o
브레인아웃 1탄!! brain out 모바일 게임! 멍 때리면서 하기 좋은 게임입니닼ㅋㅋㅋㅋ,조회수 293회,2019. 10. 17.,좋아요,싫어요,조로디 Rody_Jo 게임채널,구독자 53명,https://www.youtube.com/watch?v=wZIhsVpXqjs
Brain out브레인 아웃148~159문제,"조회수 7,244회",2019. 10. 17.,17,3,앙팡,구독자 508명,https://www.youtube.com/watch?v=2jWg9QIWc7g
Brain out브레인 아웃171~178문제,"조회수 6,618회",2019. 10. 17.,13,3,앙팡,구독자 508명,https://www.youtube.com/watch?v=AsN5PehdCZg
Brain out브레인 아웃160~170문제,"조회수 7,727회",2019. 10. 17.,18,2,앙팡,구독자 508명,https://www.youtube.com/watch?v=Q_6i9SX5I0g
브레인 아웃148~178 설참,"조회수 4,549회",2019. 10. 17.,16,6,류아Rua[테링],구독자 43명,https://www.youtube.com/watch?v=-4oaxLzKV98
Brain out) 브레인 아웃 1~50 공략,"조회수 3,348회",2019. 10. 17.,23,3,"#투톱, 게임 일상 채널",구독자 316명,https://www.youtube.com/watch?v=4snU9i3v5ns
Brain out) 브레인 아웃 51~100 공략,"조회수 21,607회",2019. 10. 17.,84,6,"#투톱, 게임 일상 채널",구독자 316명,https://www.youtube.com/watch?v=JQyJj0SniCY
Brain out) 브레인 아웃 148~178new 공략,"조회수 37,102회",2019. 10. 17.,178,15,"#투톱, 게임 일상 채널",구독자 316명,https://www.youtube.com/watch?v=yegaWcOlVSk
Brain out) 브레인 아웃 101~133,"조회수 6,575회",2019. 10. 17.,44,6,"#투톱, 게임 일상 채널",구독자 316명,https://www.youtube.com/watch?v=F6JUL2zoYn8
브레인아웃 121~147 공략영상,"조회수 10,510회",2019. 10. 18.,34,3,홍시망,구독자 179명,https://www.youtube.com/watch?v=83Ugs2oUHmQ
브레인아웃 101~120 공략영상,"조회수 32,848회",2019. 10. 18.,92,51,홍시망,구독자 179명,https://www.youtube.com/watch?v=h4O2e9yrVrg
이걸 고르라고?? 어이없는 퀴즈 문제 2탄!! 31~61단계 [브레인아웃(Brain Out) 모바일게임] 도로시,"조회수 110,432회",2019. 10. 18.,892,47,도로시Games,구독자 36만명,https://www.youtube.com/watch?v=P12-s9a-MP8
이상한겜 브레인아웃,조회수 56회,2019. 10. 18.,2,0,디아루가,구독자 13명,https://www.youtube.com/watch?v=5TWenhbrx8A
브레인 아웃 148 ~ 178,"조회수 2,220회",2019. 10. 18.,8,1,학생유튜버,구독자 21명,https://www.youtube.com/watch?v=qsBcFnDN75U
브레인 아웃 I 개발자가 약빨고 만든 이상한 문제를 푸는 퀴즈게임 맞추면 당신은 진정한 천재 !!!,"조회수 16,642회",2019. 10. 18.,282,14,카이바군,구독자 21.8만명,https://www.youtube.com/watch?v=BheF7HziEEQ
Brain out)브레인 아웃 134~147 공략,"조회수 3,534회",2019. 10. 18.,22,2,"#투톱, 게임 일상 채널",구독자 316명,https://www.youtube.com/watch?v=JePuy9xIxyw
세계최초!!!!!!브레인아웃 17분기록(스피드런),조회수 62회,2019. 10. 18.,0,2,TV Metal메탈,구독자 3명,https://www.youtube.com/watch?v=qDNcB4r2T48
Brain out 148~178 신규 맵 공략편(브레인 아웃),조회수 289회,2019. 10. 18.,3,0,게임설명,구독자 10명,https://www.youtube.com/watch?v=j07811Na7HI
브레인 아웃 1~133까지 빨리 클리어하기![브레인 아웃],조회수 429회,2019. 10. 19.,7,1,천하태평한 복숭아,구독자 18명,https://www.youtube.com/watch?v=szeIF6OXn0s
브레인아웃 1~10,조회수 30회,2019. 10. 19.,3,0,틴겜,구독자 3명,https://www.youtube.com/watch?v=KusMoEGa0Ew
도전!!!!!!!!브레인 아웃(1~19),조회수 7회,2019. 10. 19.,0,0,우킹,구독자 2명,https://www.youtube.com/watch?v=OZyQUkuUlP4
브레인아웃,조회수 108회,2019. 10. 19.,1,0,아드여,구독자 4명,https://www.youtube.com/watch?v=UoDRiwwYxZU
브레인아웃 해보기,조회수 106회,2019. 10. 19.,2,0,폐백유튜브,구독자 46명,https://www.youtube.com/watch?v=wR7ia6dwZ3M
브레인 아웃 세상에서 가장 어색한 게임,조회수 934회,2019. 10. 19.,5,0,새벽 3시에 찾아옴 구독 안하면 내 프사,구독자 72명,https://www.youtube.com/watch?v=c7uQJJv3_-M
아니 왜 이걸 또 해야돼?(브레인아웃),조회수 7회,2019. 10. 19.,0,0,평화로운게임세상,구독자 26명,https://www.youtube.com/watch?v=SfsD48FAJNY
브레인아웃3,조회수 2회,2019. 10. 19.,0,0,김국현,구독자 7명,https://www.youtube.com/watch?v=zKEZh8qfqy8
브레인아웃2탄,조회수 7회,2019. 10. 19.,0,0,김국현,구독자 7명,https://www.youtube.com/watch?v=MsDyQwj0YLs
브레인 아웃 #2 플레이스토어 인기 1위 모바일추천게임 Brain out! LV 35 - 80 나를 가지고 노는건지 내가 멍청한건지,"조회수 1,360회",2019. 10. 19.,21,1,S.GR쌩구리,구독자 192명,https://www.youtube.com/watch?v=6GM_iTL2v9o
가장 어색한 게임ㅋㅋ브레인아웃(카카캌tv),조회수 482회,2019. 10. 19.,3,2,카카캌TV,구독자 11명,https://www.youtube.com/watch?v=jfx4Vo9KccQ
브레인아웃 깨다가 머리 아파 뒤지는 줄 알았네,조회수 102회,2019. 10. 19.,1,1,평화로운게임세상,구독자 26명,https://www.youtube.com/watch?v=NwZCZNlgf8o
브레인 아웃 #3 플레이스토어 인기 1위 모바일추천게임 Brain out! LV 81 - 100 나를 가지고 노는건지 내가 멍청한건지,조회수 966회,2019. 10. 19.,9,0,S.GR쌩구리,구독자 192명,https://www.youtube.com/watch?v=2mxKaueebTk
능지게임의 탈을 쓴 광고 재생기 【브레인 아웃】,"조회수 154,812회",2019. 10. 19.,1.5천,49,침착맨,구독자 58.1만명,https://www.youtube.com/watch?v=5ewDWKyZBzk
[Brain Out] 이 퀴즈 풀면 당신도 천재!!! 당신의 두뇌를 깨워라!! 창의력실험게임 브레인아웃41번~80,조회수 87회,2019. 10. 2.,2,1,배런TV,,https://www.youtube.com/watch?v=BVTrHuK18g8
브레인 아웃1,조회수 49회,2019. 10. 20.,3,0,바보 박북이TV,구독자 27명,https://www.youtube.com/watch?v=0z11qgZY54E
[민이] Brain out - 가장어색한게임 전체클리어 공략영상 ( 1~ 178 ) [ 설명란 참고 ],"조회수 668,476회",2019. 10. 20.,5.3천,428,민민YOUTUBE,구독자 4.03천명,https://www.youtube.com/watch?v=tGiw5itIgZY
브레인 아웃 110 ~ 134 공략,조회수 125회,2019. 10. 20.,1,0,학생유튜버,구독자 21명,https://www.youtube.com/watch?v=zTpJfXTZqsU
브레인 아웃 세상에서 가장 어색한 게임 22~51,"조회수 1,214회",2019. 10. 20.,12,1,새벽 3시에 찾아옴 구독 안하면 내 프사,구독자 72명,https://www.youtube.com/watch?v=e_andYGXbno
브레인 아웃 #4 플레이스토어 인기 1위 모바일추천게임 Brain out! LV 101 - 145 나를 가지고 노는건지 내가 멍청한건지,"조회수 3,825회",2019. 10. 20.,29,1,S.GR쌩구리,구독자 192명,https://www.youtube.com/watch?v=CP08zNsOhhQ
브레인아웃 148~178 공략영상,"조회수 1,437회",2019. 10. 20.,6,2,홍시망,구독자 179명,https://www.youtube.com/watch?v=-EYZN9DOkrI
브레인아웃이라는게임 했는데 어려움,조회수 36회,2019. 10. 21.,1,0,시훈TV,구독자 5명,https://www.youtube.com/watch?v=WlVVWFnh3zw
브레인 아웃 #5 플레이스토어 인기 1위 모바일추천게임 Brain out! LV 146 - 160 나를 가지고 노는건지 내가 멍청한건지,조회수 667회,2019. 10. 21.,8,0,S.GR쌩구리,구독자 192명,https://www.youtube.com/watch?v=LaFNLGdPHW0
저도 합니다. 브레인~~~아웃!!~~,조회수 31회,2019. 10. 21.,2,0,Xenon No.54_링링,구독자 47명,https://www.youtube.com/watch?v=DjVyH1Ww1Yw
브레인 아웃 #6 플레이스토어 인기 1위 모바일추천게임 Brain out! LV 161 - 178 나를 가지고 노는건지 내가 멍청한건지,조회수 628회,2019. 10. 22.,17,0,S.GR쌩구리,구독자 192명,https://www.youtube.com/watch?v=9fq_2VxxT1Q
브레인 아웃 2탄!! brain out.(level 32~49 )모바일게임!! 다시한번 해보았습니다!!가즈아![조로디 rodys_Jo],"조회수 8,301회",2019. 10. 22.,좋아요,싫어요,조로디 Rody_Jo 게임채널,구독자 53명,https://www.youtube.com/watch?v=35OYO_otAUc
브레인 아웃 71~80스테이지를 깨보았다 (업뎃 후),조회수 11회,2019. 10. 23.,0,0,새귱유튜브,구독자 16명,https://www.youtube.com/watch?v=jDxHSUSxXxA
[브레인 아웃]가즈아~ 뇌 풀가동(사실 찍기도 많이함ㅋㅋ),조회수 10회,2019. 10. 23.,0,0,재준TV,구독자 16명,https://www.youtube.com/watch?v=slY5T6tr_dg
브레인 아웃 73,조회수 56회,2019. 10. 23.,2,0,블루히어로,구독자 58명,https://www.youtube.com/watch?v=_gwJ4zBXPDk
구독자 20명 기념 브레인 아웃 1~39공략과 홍보 (답글을 써주시면 바로 홍보 각),조회수 60회,2019. 10. 23.,4,2,바보 박북이TV,구독자 27명,https://www.youtube.com/watch?v=vs0kwrHYYq8
브레인 아웃 3탄!! brain out.(level 51~71 )모바일게임!! [조로디 rodys_Jo],"조회수 1,326회",2019. 10. 24.,좋아요,싫어요,조로디 Rody_Jo 게임채널,구독자 53명,https://www.youtube.com/watch?v=U9WmHNdMH6w
브레인 아웃,조회수 60회,2019. 10. 24.,1,1,민석최,구독자 160명,https://www.youtube.com/watch?v=HM3cscw0nY0
브레인 아웃 공략 1편,조회수 6회,2019. 10. 25.,0,0,7색,구독자 5명,https://www.youtube.com/watch?v=CWFdi5xBnxY
브레인아웃 공략(해답) 1~178 누구보다 빠른 해답,"조회수 54,869회",2019. 10. 25.,245,32,영구리TV,구독자 161명,https://www.youtube.com/watch?v=mApkVVFrNGs
브레인아웃1~37,조회수 18회,2019. 10. 25.,0,0,연이토끼,구독자 25명,https://www.youtube.com/watch?v=6HaM18dWVos
브레인아웃 159단계 15초버티기,조회수 60회,2019. 10. 25.,0,0,박하준,,https://www.youtube.com/watch?v=HRvvedMdELY
브레인아웃을 해보았다,조회수 19회,2019. 10. 25.,3,0,박승찬,구독자 11명,https://www.youtube.com/watch?v=ly7luWJSij8
브레인 아웃,조회수 29회,2019. 10. 25.,0,1,정은경,구독자 1명,https://www.youtube.com/watch?v=vbxr_-Xbnl4
브레인 아웃에서 할 수 있는 것,조회수 13회,2019. 10. 26.,1,0,학생유튜버,구독자 21명,https://www.youtube.com/watch?v=cc2r3-2lzqM
브레인 아웃 1단계부터 30단계까지 가보다!,조회수 86회,2019. 10. 26.,1,0,타이크TV,구독자 21명,https://www.youtube.com/watch?v=BMgYEaM7UjE
못 맞추면 바보가 되는 문제..? 초등학생도 풀 수 있다고? 골 때리는 퀴즈 문제 3탄!! 62~99단계 [브레인아웃(Brain Out) 모바일게임] 도로시,"조회수 161,878회",2019. 10. 26.,1.1천,55,도로시Games,구독자 36만명,https://www.youtube.com/watch?v=jfnUdrYsWso
접는다는데 안접는 마카로니 클라띠+브레인 아웃 올클리어,조회수 7회,2019. 10. 26.,0,0,접습니다유튜브,구독자 8명,https://www.youtube.com/watch?v=Lvacl0zkfvs
브레인 아웃 1단계~39단계 깨는 법,조회수 34회,2019. 10. 27.,0,0,행복한즐겜러,구독자 5명,https://www.youtube.com/watch?v=F8l29AWKUvw
이 게임은 당신의 멘탈을 없애줍니다!|브레인 아웃 Brain Out,조회수 14회,2019. 10. 27.,0,0,게임채널Anon,구독자 1명,https://www.youtube.com/watch?v=KbQ0GSXzeg8
브레인 아웃,조회수 2회,2019. 10. 27.,0,0,ᄒ윤제환타,구독자 2명,https://www.youtube.com/watch?v=Tm6rpzEFPZQ
브레인 아웃 159단계 보호 안쓰고 15초 통과.ㅎㅎ,조회수 96회,2019. 10. 27.,1,0,이재용,구독자 1명,https://www.youtube.com/watch?v=D14exYVlIMg
브레인 아웃 2탄! 148~178. 업뎃후,조회수 63회,2019. 10. 27.,0,0,매그t v,구독자 17명,https://www.youtube.com/watch?v=iW0wdNbnQXQ
[브레인아웃] 두뇌를 활성화 시키자 brain out 2화 (31~60),조회수 11회,2019. 10. 27.,1,0,아리의게임세상,구독자 1명,https://www.youtube.com/watch?v=msdtHZTj17s
이상한 게임[브레인아웃],조회수 13회,2019. 10. 28.,1,0,watermelon,구독자 6명,https://www.youtube.com/watch?v=NTDfDVMWMVo
브레인 아웃 (brain out) 1~25단계 공략,조회수 59회,2019. 10. 28.,3,0,고무손다리GMSDR,구독자 81명,https://www.youtube.com/watch?v=m2QkyQehyRo
이런 양심없는 퍼즐게임을 봤나... 모바일 게임 '브레인 아웃',"조회수 238,827회",2019. 10. 29.,3천,172,쥐 moonbowzz,구독자 4.03만명,https://www.youtube.com/watch?v=451Y6TvvdCI
브레인 아웃 간단하게 전체 클리어 법,조회수 19회,2019. 10. 29.,0,0,핸켐YouTube,구독자 14명,https://www.youtube.com/watch?v=zERi29g6CJ8
브레인아웃 풀이,조회수 29회,2019. 10. 29.,1,0,김수빈,구독자 10명,https://www.youtube.com/watch?v=jZsI3ND1v9Q
Brain out Max Level - 브레인 아웃 1 ~ 147 레벨 클리어,"조회수 320,225회",2019. 10. 3.,1.4천,349,J aporean,구독자 897명,https://www.youtube.com/watch?v=0nGdl4BasP0
브레인아웃 1~148단계 노자막,"조회수 13,551회",2019. 10. 3.,51,6,롸스촌,구독자 30명,https://www.youtube.com/watch?v=iC0mkffXD-Q
브레인 아웃 (1~30) 공략,조회수 12회,2019. 10. 30.,0,0,건달,구독자 3명,https://www.youtube.com/watch?v=lU8vTh6wM5k
처음으로 브레인 아웃!(Brain out),조회수 40회,2019. 10. 30.,0,0,써클 캔디YOUTUBE,구독자 66명,https://www.youtube.com/watch?v=OxebGcwkq6Y
아이큐 한자리도 풀 수 있는 문제 - 브바일 브레인아웃(Brain Out) - 겜브링(GGAMBRING),"조회수 566,125회",2019. 10. 4.,5천,428,겜브링 GGAM BRING,구독자 89만명,https://www.youtube.com/watch?v=H4ER6voh8n0
빡대가리만 맞출수있는 퀴즈...저는 전혀 맞출수가 없네요...ㅠㅠ : 브레인아웃,"조회수 323,447회",2019. 10. 4.,3.7천,206,텔론,구독자 85.7만명,https://www.youtube.com/watch?v=LqKpth3Yrog
브래인 아웃 플레이 3 BRAIN OUT (공략80~130),"조회수 7,489회",2019. 10. 4.,37,6,패랑이,구독자 52명,https://www.youtube.com/watch?v=r8Wkin8l_Fw
브레인아웃 공략,"조회수 1,095회",2019. 10. 4.,8,2,하데스TV Hades,구독자 82명,https://www.youtube.com/watch?v=DrKX2ZZnRME
[브레인 아웃]세상에서 가장 어색한 게임을 해보았다 (1~20),"조회수 13,912회",2019. 10. 4.,74,20,푸른너구리,구독자 55명,https://www.youtube.com/watch?v=ymg249cVUfQ
오늘 할 게임은? Brain Out!,조회수 455회,2019. 10. 5.,6,0,궁금하면500원,구독자 1.55천명,https://www.youtube.com/watch?v=jwvJ6qRV2tQ
랄겜2 브레인 아웃(랄랄),조회수 73회,2019. 10. 6.,4,0,TV랄랄&랄라,구독자 15명,https://www.youtube.com/watch?v=rRQHimUlapI
브레인 아웃 1~20 공략.(구독 좋아요 부탁부탁),"조회수 1,012회",2019. 10. 6.,7,3,god 정규TV,구독자 6명,https://www.youtube.com/watch?v=pVA-as_NqtI
Brain Out 41~80공략,"조회수 46,326회",2019. 10. 7.,119,30,황금사과2,구독자 103명,https://www.youtube.com/watch?v=GLKI_X7z-M0
착한 사람은 못푸는 문제... 멘붕와서 다 찍을수 밖에 없었습니다ㅠ 브레인 아웃 [롸정],"조회수 2,583회",2019. 10. 8.,42,3,롸정TV 게임친구,구독자 8.36천명,https://www.youtube.com/watch?v=CwTDxxFRXMk
IQ 138도 어려워한 두뇌풀가동게임! 아무튼 억지임 [브레인 아웃],"조회수 54,438회",2019. 10. 8.,555,29,풍월량,구독자 41.1만명,https://www.youtube.com/watch?v=Vuhpygofp_c
브레인아웃 1~10스테이지를 깨보았습니다,조회수 91회,2019. 10. 8.,0,1,새귱유튜브,구독자 16명,https://www.youtube.com/watch?v=KC28AfR3Qts
오늘은 새로운게임!!브레인아웃!!,조회수 28회,2019. 11. 1.,1,0,미남김리아,구독자 23명,https://www.youtube.com/watch?v=bcVfgbf6scE
브레인아웃 4탄!! brain out! Level 72~90까지!! 뇌가 이상해진다~~ [조로디 Rody_Jo ],"조회수 5,615회",2019. 11. 1.,좋아요,싫어요,조로디 Rody_Jo 게임채널,구독자 53명,https://www.youtube.com/watch?v=IgZvf_xsg-U
브레인 아웃 1~10단계 까지 해~~~보았다!,조회수 7회,2019. 11. 1.,1,0,별루좋아,구독자 4명,https://www.youtube.com/watch?v=u7jqQDsLh18
브레인 아웃 1~60,조회수 19회,2019. 11. 1.,1,0,학생유튜버,구독자 21명,https://www.youtube.com/watch?v=XDlpIZNbMW8
브레인아웃,조회수 42회,2019. 11. 1.,7,0,유매,구독자 76명,https://www.youtube.com/watch?v=U7QiZNnmg9k
브레인아웃,조회수 9회,2019. 11. 1.,0,0,아드여,구독자 4명,https://www.youtube.com/watch?v=2-QDx3MS4AA
브레인아웃 1-30,조회수 64회,2019. 11. 1.,3,0,동하늘다람쥐,구독자 23명,https://www.youtube.com/watch?v=XLvq4uF1J_Y
브레인 아웃 플레이,조회수 6회,2019. 11. 1.,2,0,mint&story Iab,구독자 11명,https://www.youtube.com/watch?v=dziXRva8mNA
(브레인아웃)게임하다가 통수 여러번 맞습니다...공략이 필요한부분? 시청주의 암걸림주의!! 53초부터 브레인아웃!,조회수 264회,2019. 11. 10.,5,0,고클라스_Goclass,구독자 190명,https://www.youtube.com/watch?v=0AYalCJEujM
브레인 아웃 21~40 클리어영상,조회수 8회,2019. 11. 10.,0,0,Korea [ASMR SOUND],구독자 2명,https://www.youtube.com/watch?v=qttzPYKg4pM
브레인아웃11~178,조회수 18회,2019. 11. 10.,1,0,이산영,구독자 1명,https://www.youtube.com/watch?v=DWWT4lSt0ls
브레인아웃 3탄,조회수 26회,2019. 11. 10.,3,0,완두TV.,구독자 60명,https://www.youtube.com/watch?v=7heHVvZLd7w
브레인아웃 공략 1~30(마블인트로),조회수 18회,2019. 11. 11.,1,0,박태리아,구독자 15명,https://www.youtube.com/watch?v=xFvcZJSw7Ww
불쌍한 기린을 죽이려는거냐.. 점점 더 이상해지는 퀴즈 문제 5탄!! 123~147단계 [브레인아웃(Brain Out) 모바일게임] 도로시,"조회수 89,297회",2019. 11. 12.,657,22,도로시Games,구독자 36만명,https://www.youtube.com/watch?v=18xcyb18Ee0
브레인 아웃 1~178까지32와 132는 흔드는게 힘들어서 뺐습니다.,조회수 31회,2019. 11. 12.,1,0,이산영,구독자 1명,https://www.youtube.com/watch?v=cJSkS_PUia4
브레인 아웃(brain out) 1~178단계 자막,"조회수 6,075회",2019. 11. 12.,11,2,롸스촌,구독자 30명,https://www.youtube.com/watch?v=NFEQBMt4dWc
아는것만! 브레인 아웃 그런데.....인사를 안하고 꺼버렸넼ㅋ,조회수 8회,2019. 11. 12.,0,1,YT-고래고래,구독자 7명,https://www.youtube.com/watch?v=eowQETd3xkU
브레인 아웃 2탄,조회수 28회,2019. 11. 13.,3,0,J.h.j게임 비디오,구독자 15명,https://www.youtube.com/watch?v=Mf2jy1Q7Ov4
브레인 아웃 41~60 클리어 영상,조회수 10회,2019. 11. 13.,0,0,Korea [ASMR SOUND],구독자 2명,https://www.youtube.com/watch?v=HCVxRqbrivc
어이없지만 재밌는 게임 브레인 아웃!,조회수 48회,2019. 11. 13.,7,0,파롤PALOL,구독자 185명,https://www.youtube.com/watch?v=1_R_I2cU6rI
브레인 아웃 (brain out),조회수 109회,2019. 11. 13.,3,0,J.h.j게임 비디오,구독자 15명,https://www.youtube.com/watch?v=6nVmpIPCZJI
브레인아웃 게임리뷰,조회수 16회,2019. 11. 13.,2,0,야구하는초딩ᄏ,구독자 16명,https://www.youtube.com/watch?v=qyyJYSacQcA
브레인 아웃 공략 1~20,조회수 32회,2019. 11. 15.,4,0,냐옹서컨,구독자 54명,https://www.youtube.com/watch?v=oy-RJxQ1j5A
브레인 아웃 케리영상,조회수 14회,2019. 11. 15.,1,0,온디온tv,구독자 2명,https://www.youtube.com/watch?v=MNIxGNwmnIA
브레인아웃 2편,조회수 10회,2019. 11. 15.,2,0,야구하는초딩ᄏ,구독자 16명,https://www.youtube.com/watch?v=v2IuhwJX2qM
브레인 아웃 정답,조회수 13회,2019. 11. 15.,1,0,GAME TUBE,구독자 2명,https://www.youtube.com/watch?v=rkEGKDFGArg
[Brain Out]이상하게 머리쓰면서 문제 맞추는 퀴즈 게임,조회수 107회,2019. 11. 15.,3,0,헤홀몬Youtube,구독자 1.08천명,https://www.youtube.com/watch?v=GUhucAWoZlw
브레인 아웃캐리 영상2,조회수 6회,2019. 11. 15.,0,0,온디온tv,구독자 2명,https://www.youtube.com/watch?v=Q7w2sgCFMtU
브레인아웃-1~30 공약ㅣ폭스티비,조회수 25회,2019. 11. 15.,4,0,폭스티비foxtv,구독자 117명,https://www.youtube.com/watch?v=6mlc1RPY0tQ
브레인아웃 공략!!!!,조회수 23회,2019. 11. 16.,2,0,마리오의게임,구독자 7명,https://www.youtube.com/watch?v=ObnMAofcoV0
브레인 아웃 21~40 공략법!,조회수 73회,2019. 11. 16.,5,0,냐옹서컨,구독자 54명,https://www.youtube.com/watch?v=LrO77ntGAqE
브레인 아웃 1~157스테이지 공략,조회수 34회,2019. 11. 16.,0,0,김니아tv,구독자 23명,https://www.youtube.com/watch?v=Wmx3uE_UYH0
브레인드 아웃게임!!,조회수 12회,2019. 11. 16.,1,0,홀릭루은,구독자 18명,https://www.youtube.com/watch?v=meUMLx2CJHA
퓨처파이트&브뤠인 아웃 플레이하기,조회수 21회,2019. 11. 16.,3,0,바이오v v,구독자 5명,https://www.youtube.com/watch?v=SPXdnTBc_2k
약 1분영상) brain out 브레인 아웃 1~10 설명란 참고,조회수 7회,2019. 11. 17.,1,0,라라,구독자 16명,https://www.youtube.com/watch?v=PU87nKVwpXo
양심 이란게 없는 모바일 게임 브레인 아웃,조회수 58회,2019. 11. 17.,11,1,하얀고양이,구독자 369명,https://www.youtube.com/watch?v=jxjL6HArALM
브레인아웃 1~22,조회수 8회,2019. 11. 17.,0,0,라러브,구독자 5명,https://www.youtube.com/watch?v=XEDLbjZvb8I
브레인 아웃 캐리3,조회수 5회,2019. 11. 17.,0,0,온디온tv,구독자 2명,https://www.youtube.com/watch?v=aYpoWJa6Nvo
브레인 아웃 159단계 버티기,조회수 25회,2019. 11. 17.,0,0,하이라이트,구독자 5명,https://www.youtube.com/watch?v=k-xcWy6MjdM
브레인 아웃 61~80,조회수 7회,2019. 11. 17.,1,0,Korea [ASMR SOUND],구독자 2명,https://www.youtube.com/watch?v=Crws5tXGDoc
브레인 아웃을 첨부터 다시했다 까까인성이..?!,조회수 16회,2019. 11. 17.,2,0,시니님이시다!,구독자 7명,https://www.youtube.com/watch?v=40nnJMJ6mqo
브레인 아웃 세상에서 제일 어색한게임!!!,조회수 23회,2019. 11. 18.,2,0,준호t v,구독자 19명,https://www.youtube.com/watch?v=Z-JC04Hxb_Y
브레인아웃문제가미쳣다,조회수 4회,2019. 11. 18.,0,0,게임플레이,구독자 1명,https://www.youtube.com/watch?v=GjD-j991GBw
브레인 아웃 뇌를정지시켜!!!!,조회수 22회,2019. 11. 18.,4,0,닭크리퍼,구독자 11명,https://www.youtube.com/watch?v=QMFfvuVF-TU
브레인아웃 해미 1편,조회수 27회,2019. 11. 18.,2,1,해미,구독자 3명,https://www.youtube.com/watch?v=37j9fANkncU
브레인 아웃,조회수 6회,2019. 11. 18.,1,0,노란 하늘유튜브,구독자 3명,https://www.youtube.com/watch?v=pNsS4SG8X2M
브레인아웃 104,조회수 819회,2019. 11. 18.,2,2,홍시망,구독자 179명,https://www.youtube.com/watch?v=lhGSBS1ys4o
"브롤스타즈, 브레인아웃도 됩니다!",조회수 64회,2019. 11. 19.,1,1,게임짤,구독자 2.33천명,https://www.youtube.com/watch?v=1J_-PuCW4LY
브레인 아웃(Brain out) 공략 (01~20),조회수 210회,2019. 11. 19.,3,0,오씨드,구독자 2.81천명,https://www.youtube.com/watch?v=1KG9NSY_XOU
브레인 아웃 1~20 해답,조회수 13회,2019. 11. 19.,0,0,세현이의 게임 채널,구독자 17명,https://www.youtube.com/watch?v=FBiVXdiNAgg
[민이] Brain out - 가장어색한게임 공략 어려운 문제 자세한 설명해드립니다. [ 문제여러가지 있음 ],"조회수 3,713회",2019. 11. 19.,53,1,민민YOUTUBE,구독자 4.03천명,https://www.youtube.com/watch?v=0HNzADVgb8s
브레인아웃1편,조회수 13회,2019. 11. 2.,2,0,현숭이tv,구독자 5명,https://www.youtube.com/watch?v=5EU82txdRz0
이번엔 거울 문제..!! 대체 무슨 암호가 숨어있단거지?;; 병맛 퀴즈 문제 4탄!! 100~122단계 [브레인아웃(Brain Out) 모바일게임] 도로시,"조회수 70,067회",2019. 11. 2.,476,25,도로시Games,구독자 36만명,https://www.youtube.com/watch?v=ze_dbAENkU0
브레인아웃 159단계 보호 안쓰고 15초 버텨보기,조회수 340회,2019. 11. 2.,5,0,ShiN0,구독자 1.39천명,https://www.youtube.com/watch?v=aSiyFqmtWgs
브레인 아웃 100탄까지 즐겨봤습니다.😆,조회수 15회,2019. 11. 2.,0,0,던스캐roblox유투버,구독자 65명,https://www.youtube.com/watch?v=6GX0FYNrzvI
브레인아웃91~100스테이지클리어 (힌트봄),조회수 21회,2019. 11. 2.,0,0,새귱유튜브,구독자 16명,https://www.youtube.com/watch?v=3PnzwXfwW0I
브레인아웃 Brain Out을 해보았다 (feat. 돼지된장국),조회수 7회,2019. 11. 2.,1,0,가디안,구독자 7명,https://www.youtube.com/watch?v=udRutXuzdy0
브레인 아웃 세상에서 가장 어색한 게임 50~83,조회수 429회,2019. 11. 2.,3,1,새벽 3시에 찾아옴 구독 안하면 내 프사,구독자 72명,https://www.youtube.com/watch?v=QMR4-ZTLfbI
브레인아웃 81~90 클리어,조회수 33회,2019. 11. 2.,0,0,새귱유튜브,구독자 16명,https://www.youtube.com/watch?v=Sb4BvSkXhWk
브레인 아웃 21~31 해답,조회수 6회,2019. 11. 20.,0,0,세현이의 게임 채널,구독자 17명,https://www.youtube.com/watch?v=Csrzqx10oXk
[brain out] 1 ~ 22까지 공략! 머리통 부숴질덧...😆,조회수 28회,2019. 11. 21.,1,0,철 없는 루루아재 게임&일상 TV,구독자 19명,https://www.youtube.com/watch?v=b6wtxzMbNMo
브레인아웃 (Brain out) 공략! Level 1-10 [쉽게 설명합니다] (Brainout walk through),조회수 23회,2019. 11. 21.,1,0,손가락TV,,https://www.youtube.com/watch?v=rIR5GllMDXw
브레인아웃 32~44,조회수 26회,2019. 11. 21.,1,0,세현이의 게임 채널,구독자 17명,https://www.youtube.com/watch?v=nEq5W3gbFk4
브레인 아웃 공략1~45,조회수 63회,2019. 11. 22.,0,1,수돌이 유튜브,구독자 13명,https://www.youtube.com/watch?v=CDvbxoJFudA
브레인아웃에서 탱크스타즈,조회수 12회,2019. 11. 22.,1,0,김현수 charles,구독자 4명,https://www.youtube.com/watch?v=_oBsOGABX8U
브레인아웃(Brain out) 179단계부터 185단계 까지 공략영상 (풀영상),"조회수 1,598회",2019. 11. 22.,7,7,포콩TV,구독자 30명,https://www.youtube.com/watch?v=FTpivw1cwH8
브레인 아웃179~185까지,조회수 944회,2019. 11. 22.,3,2,TR.취킨,구독자 2명,https://www.youtube.com/watch?v=IyPlnDI5JGc
브레인아웃 179~185단계설명,조회수 31회,2019. 11. 22.,3,0,고영진,구독자 1명,https://www.youtube.com/watch?v=H40_k1kb3yU
조금 더 정신을 놓아보자! 브레인아웃 (Brain out) 공략! Level 11-20 [쉽게 설명합니다] (Brainout walk through),조회수 28회,2019. 11. 22.,1,0,손가락TV,,https://www.youtube.com/watch?v=OGuvl2ZHh14
3초 안에 대답!! 팬티만 입은 당신을 쳐다본 할아버지의 표정을 맞춰보세요 [무인도 심리테스트] 도로시,"조회수 33,161회",2019. 11. 22.,292,9,도로시Games,구독자 36만명,https://www.youtube.com/watch?v=xPG2FSkj4l4
브레인 아웃 179~185 설명창 해설,"조회수 1,710회",2019. 11. 22.,2,0,류아Rua[테링],구독자 43명,https://www.youtube.com/watch?v=S6WxcXQewkU
브레인아웃 60~100 공략 (자막이씀),조회수 69회,2019. 11. 22.,3,1,냐옹서컨,구독자 54명,https://www.youtube.com/watch?v=brtNCDFFvtQ
브레인 아웃 공략,조회수 26회,2019. 11. 23.,0,0,문어악마tv,구독자 19명,https://www.youtube.com/watch?v=q4eW06xswRw
브레인 아웃 101~110 스테이지를 깨 보았다!,조회수 16회,2019. 11. 23.,0,0,새귱유튜브,구독자 16명,https://www.youtube.com/watch?v=kTCIsf_rjp0
브레인아웃 179~185 공략,조회수 143회,2019. 11. 23.,1,0,홍시망,구독자 179명,https://www.youtube.com/watch?v=M8-THedBj5U
브레인아웃179~185,조회수 36회,2019. 11. 23.,0,0,포이즈너라디,구독자 13명,https://www.youtube.com/watch?v=0FemcFbly4Q
브레인 아웃 150~153 공략,조회수 19회,2019. 11. 23.,0,0,염뽀릿,구독자 7명,https://www.youtube.com/watch?v=ITmmamRBZVw
안돼!!!![브레인 아웃],조회수 11회,2019. 11. 23.,2,0,캌퉤라시러[제우스],구독자 4명,https://www.youtube.com/watch?v=E4nW7r0FKSI
"브레인아웃 제가 못 한 퀴즈 푼 사람 댓글로 적어 주시면 여친, 남친 생김ㅋㅋ.",조회수 6회,2019. 11. 23.,1,0,꿀잼채널[로나와 친구들],구독자 7명,https://www.youtube.com/watch?v=LdW7OYTpB9E
돈이tv브레인아웃을 하다.(브레인아웃 공략),조회수 33회,2019. 11. 23.,1,0,돈이tv,구독자 2명,https://www.youtube.com/watch?v=dGMC4y02jdo
브레인 아웃,조회수 60회,2019. 11. 23.,9,1,멜론탄youtube,구독자 17명,https://www.youtube.com/watch?v=DvYqhVU4BAU
1~35단계 브레인 아웃 공략(찬희의 첫 영상이니 잘 봐주세요),조회수 23회,2019. 11. 24.,0,0,호빵 따끈한,구독자 3명,https://www.youtube.com/watch?v=JwCy3RmHAfg
브레인 아웃111~120스테이지 클리어영상,조회수 24회,2019. 11. 24.,0,0,새귱유튜브,구독자 16명,https://www.youtube.com/watch?v=CBammkxHWaU
뇌가 아픈,"조회수 346,565회",2019. 11. 24.,4.8천,146,머독방송,구독자 73.4만명,https://www.youtube.com/watch?v=uNn1i319-EQ
Brain out(브레인 아웃) 179~185 공략,조회수 12회,2019. 11. 24.,0,0,응응응이,구독자 2명,https://www.youtube.com/watch?v=hHJxx2-sVts
창의력쟁이!! 브레인아웃 (Brain out) 공략! Level 21-30 [쉽게 설명합니다] (Brainout walk through),조회수 12회,2019. 11. 24.,0,0,손가락TV,,https://www.youtube.com/watch?v=a6nOnjnksIM
브레인 아웃 179~185 공략,조회수 12회,2019. 11. 24.,0,0,학생유튜버,구독자 21명,https://www.youtube.com/watch?v=YI3kISaM0xM
Brain out 1~27. (광고 편집 못해서 죄송합니다ㅠㅠ),조회수 43회,2019. 11. 24.,2,0,White Cookie,구독자 15명,https://www.youtube.com/watch?v=FX0RIWfSTH0
브레인 아웃!,조회수 16회,2019. 11. 24.,4,0,UMIM유밈,구독자 27명,https://www.youtube.com/watch?v=kseG6X9j8uI
[브레인 아웃] 이런 문제가 있었나?,조회수 40회,2019. 11. 24.,0,0,rtyu 21,구독자 5명,https://www.youtube.com/watch?v=RnRRr-VcGro
브레인 아웃 150부터185 공략,조회수 24회,2019. 11. 24.,1,0,자몽스윗YouTube,구독자 4명,https://www.youtube.com/watch?v=XskBT4jx0Go
Brain out 브레인아웃179~185공략,조회수 607회,2019. 11. 24.,2,0,앙팡,구독자 508명,https://www.youtube.com/watch?v=_dhiLdloPYM
브레인아웃 (Brain out) 179~185 궁금한것들은 댓글로 @영구리@,조회수 213회,2019. 11. 25.,4,0,영구리TV,구독자 161명,https://www.youtube.com/watch?v=galscuJnzFw
브레인 아웃 179~185 업데이트![브레인 아웃!],조회수 15회,2019. 11. 25.,4,0,천하태평한 복숭아,구독자 18명,https://www.youtube.com/watch?v=Z4UWnMVfgng
[민이] Brain out - 가장어색한게임 바뀐 문제 및 공략영상 ( 178 ~ 185 ) [ 설명란 참고 ],"조회수 11,749회",2019. 11. 25.,132,14,민민YOUTUBE,구독자 4.03천명,https://www.youtube.com/watch?v=fPsR05dET7A
브레인 아웃 134~178단계![브레인 아웃!],조회수 51회,2019. 11. 25.,4,0,천하태평한 복숭아,구독자 18명,https://www.youtube.com/watch?v=mfS9d1Pdk8U
Brain out Max Level - 브레인 아웃 179 ~ 185 레벨 클리어,조회수 327회,2019. 11. 26.,2,2,J aporean,구독자 897명,https://www.youtube.com/watch?v=TdxlhcrQV9c
브레인 아웃 1~117 도전!,조회수 25회,2019. 11. 26.,1,0,똥멍충이한승유,구독자 19명,https://www.youtube.com/watch?v=u4k4g_7mc7o
똥으로 아이스크림을 만들라고..?! 진짜?;;; 상상만 해도 끔찍한 퀴즈 문제 6탄!! 148~178단계 [브레인아웃(Brain Out) 모바일게임] 도로시,"조회수 70,868회",2019. 11. 26.,705,29,도로시Games,구독자 36만명,https://www.youtube.com/watch?v=Ov_E10s1Jqc
어...게임 하면서 젤 화낸 게임이요... | 브레인 아웃,조회수 57회,2019. 11. 26.,1,1,잡다한펭귄,,https://www.youtube.com/watch?v=XmHxTLpY06w
브레인 아웃,조회수 24회,2019. 11. 26.,2,1,TV현규,구독자 13명,https://www.youtube.com/watch?v=K4V1yxa4R40
따끈한 호빵(찬희)의 브레인아웃 공략35~100,조회수 40회,2019. 11. 27.,1,1,호빵 따끈한,구독자 3명,https://www.youtube.com/watch?v=J8eSS3FZX_s
브레인 아웃 (179 ~ 185)공략,조회수 21회,2019. 11. 27.,0,0,건달,구독자 3명,https://www.youtube.com/watch?v=E9kzIuc6258
[브레인아웃] 초등학생도 풀수 있는 문제 1-50 (15세이상),조회수 667회,2019. 11. 27.,12,0,핑키유니,구독자 3.38천명,https://www.youtube.com/watch?v=Y3lZDaeQW3k
브레인아웃,조회수 9회,2019. 11. 27.,0,0,게자몽tv,구독자 22명,https://www.youtube.com/watch?v=WAegyfTsZMY
브레인 아웃 공략 알려드립니다♥ 공략 어려운문제,조회수 25회,2019. 11. 28.,3,0,민트Games TV,구독자 5명,https://www.youtube.com/watch?v=l99x7zHm3gc
브레인 아웃! 1~41까지!,조회수 3회,2019. 11. 28.,0,0,올려그재,구독자 2명,https://www.youtube.com/watch?v=uS-1Vw_nrKc
브레인아웃 결말 보세요,조회수 15회,2019. 11. 28.,0,0,바브미tv,구독자 8명,https://www.youtube.com/watch?v=HQ2CDadtRs8
핸드폰이 빙글빙글~! 브레인아웃 (Brain out) 공략! Level 31-40 [쉽게 설명합니다] (Brainout walk through),조회수 24회,2019. 11. 28.,1,0,손가락TV,,https://www.youtube.com/watch?v=BFcnC9OM4jk
브레인아웃 다 깼다!!!!!!!!!!!!!!!!!,조회수 18회,2019. 11. 29.,0,0,서보형,구독자 4명,https://www.youtube.com/watch?v=wNJ6efeasgc
브레인 아웃 플레이 하기,조회수 31회,2019. 11. 29.,2,0,지웅TV{언제나 함께},구독자 34명,https://www.youtube.com/watch?v=_fWTSW7gQ7M
브레인아웃,조회수 16회,2019. 11. 29.,1,0,김윤정,구독자 5명,https://www.youtube.com/watch?v=IAm1fqeOCTw
브레인아웃 2편,조회수 8회,2019. 11. 3.,0,0,카일,구독자 16명,https://www.youtube.com/watch?v=OI3m8Wzv67U
브레인 아웃 영상,조회수 17회,2019. 11. 3.,0,0,유튜브kmup,구독자 15명,https://www.youtube.com/watch?v=cWA0_N3PMI8
브레인아웃 179~185 공략 [Brain out],조회수 85회,2019. 11. 30.,7,0,코카,구독자 1.35천명,https://www.youtube.com/watch?v=g-xeIeBi358
브레인 아웃,조회수 31회,2019. 11. 30.,0,0,다트TV 2008,구독자 20명,https://www.youtube.com/watch?v=vF_OmphvtKU
브레인아웃,조회수 8회,2019. 11. 30.,0,0,미리[곤듀인데요?],구독자 7명,https://www.youtube.com/watch?v=zYTjMb0uYG4
브레인아웃 음....,조회수 7회,2019. 11. 30.,0,0,브이tv,구독자 7명,https://www.youtube.com/watch?v=CLs_uUOc1wg
아 브레인아웃 진짜 너무 힘들 다@_@~~~~~~,조회수 9회,2019. 11. 30.,1,0,루이tv,,https://www.youtube.com/watch?v=chXcj8w8Naw
시력도 좋아야하네~~! 브레인아웃 (Brain out) 공략! Level 41 - 50 [쉽게 설명합니다] (Brainout walk through),조회수 35회,2019. 11. 30.,0,0,손가락TV,,https://www.youtube.com/watch?v=vBAreh2f28I
브레인아웃 1탄 인데 제가 못 깬 스테이지좀 알려주세요...,조회수 25회,2019. 11. 30.,0,0,이소연,구독자 21명,https://www.youtube.com/watch?v=gLeyZFnOXao
"브레인아웃 2탄인데요, 아니 이런게임이 다 있었네?",조회수 14회,2019. 11. 30.,0,0,이소연,구독자 21명,https://www.youtube.com/watch?v=sVHbQrqa1DQ
브레인아웃 3탄이면서 마지막탄! 기념으로 틱톡 영상 보여드릴게요~,조회수 9회,2019. 11. 30.,0,0,이소연,구독자 21명,https://www.youtube.com/watch?v=g-GgSQkIjn0
브레인아웃,조회수 13회,2019. 11. 30.,2,0,레온TV,구독자 13명,https://www.youtube.com/watch?v=anxdE3_dJzE
브레인 아웃 공락 1단계ㅡ46단계,조회수 171회,2019. 11. 4.,5,0,YT고래밥,구독자 13명,https://www.youtube.com/watch?v=AT6hJ-nDeZ8
브레인 아웃 1~24 더 하고싶어는데 ㅠㅠ,조회수 40회,2019. 11. 4.,4,0,황황지유,구독자 14명,https://www.youtube.com/watch?v=OhHyS_5Ecaw
브레인아웃 퀴즈게임 대결 ! 2등 브롤스타즈 해골인형 파이퍼 ! 1등 상품 ? 브롤 시청자 참여 영상 버섯도리,"조회수 146,626회",2019. 11. 5.,1.3천,135,버섯도리,구독자 14.4만명,https://www.youtube.com/watch?v=S6AIzD3gezM
영상끈킴주의 벽도깨기와브레인 아웃,조회수 11회,2019. 11. 5.,1,0,TV뮴뮤트,구독자 6명,https://www.youtube.com/watch?v=XS5zukqEzAw
제 지능으론 절대로 할 수가 없네요..(훗) 살ㄹㅕㅈ....!!! [브레인 아웃],조회수 26회,2019. 11. 5.,4,0,절반의 반,구독자 61명,https://www.youtube.com/watch?v=POzVQw8VJ3E
창의력 게임인가 바보 만드는 게임인가 브레인아웃 - 캐릭온TV,"조회수 74,921회",2019. 11. 5.,856,44,캐릭온 TV,구독자 74.9만명,https://www.youtube.com/watch?v=4Xbm3rj1w1E
브레인아웃 1~30스테이지,조회수 54회,2019. 11. 6.,2,0,스마트,구독자 10명,https://www.youtube.com/watch?v=hg39Hfa1gjI
Brain out 브레인아웃 플레이 영상 1~21 공략(?) ㅣ토리ㅣ구독&좋아요,조회수 30회,2019. 11. 6.,3,0,토리,구독자 20명,https://www.youtube.com/watch?v=BkQIFN3eCHA
브레인 아웃,조회수 4회,2019. 11. 6.,1,0,브브롤,구독자 8명,https://www.youtube.com/watch?v=MZtlTldiTgI
브레인아웃 한번 해보앗어요!,조회수 54회,2019. 11. 7.,1,0,나봉오리TY,구독자 51명,https://www.youtube.com/watch?v=clR1YLXV5BM
브레인 아웃 | Brain out [비녕이],조회수 25회,2019. 11. 8.,3,1,비녕이youtube,구독자 53명,https://www.youtube.com/watch?v=Nsged1Ytpm0
브레인 아웃 1~20 레벨 클리어 영상,조회수 4회,2019. 11. 8.,0,0,Korea [ASMR SOUND],구독자 2명,https://www.youtube.com/watch?v=oRoaLGbByJk
브레인아웃[편집앱 바꿈],조회수 8회,2019. 11. 9.,0,0,watermelon,구독자 6명,https://www.youtube.com/watch?v=6v6h2KlJHQU
세상에서 제일 어색하다는 브레인 아웃 이라는 게임을 해보았다...ㅋㅋㅋㅋ(오늘은 조금 답답한 황시가 돼었다),조회수 24회,2019. 11. 9.,1,4,황시,구독자 14명,https://www.youtube.com/watch?v=j2fEGMtk07k
브레인 아웃 3편,조회수 6회,2019. 11. 9.,0,0,카일,구독자 16명,https://www.youtube.com/watch?v=lhzeFLn_7Bw
브레인 아웃 27 까지,조회수 38회,2019. 11. 9.,0,1,겜바,구독자 6명,https://www.youtube.com/watch?v=uaaN2_XX14U
겐빵님과 브롤과 브레인 아웃 한다?,조회수 18회,2019. 11. 9.,0,0,리락,구독자 3명,https://www.youtube.com/watch?v=aLCNzB4A8co
브레인 아웃,조회수 31회,2019. 12. 1.,2,0,노유준,구독자 21명,https://www.youtube.com/watch?v=jT8iH5DNwXc
브레인아웃 대가리 빡치게 하는게임,조회수 12회,2019. 12. 1.,0,0,치도리,,https://www.youtube.com/watch?v=IplYLpIOmyo
브레인아웃 (01~30단계) 공략 영상,조회수 12회,2019. 12. 2.,0,0,ᆞ만능소정,구독자 44명,https://www.youtube.com/watch?v=9WwS4iHQ-II
이제 패턴 파악! 브레인아웃 (Brain out) 공략! Level 51-60 [쉽게 설명합니다] (Brainout walk through),조회수 21회,2019. 12. 2.,0,0,손가락TV,,https://www.youtube.com/watch?v=KquGaQxQdXM
브레인 아웃 #7 플레이스토어 인기2위 모바일추천게임 Brain out! LV 179 - 185 리니지2M 때문에 1위에서 밀리다니!!!!!,조회수 95회,2019. 12. 2.,7,0,S.GR쌩구리,구독자 192명,https://www.youtube.com/watch?v=qG6-crTOfV4
인성 노답 겜 해보았다!![브레인 아웃],조회수 10회,2019. 12. 2.,0,0,계라뉘tv,구독자 1명,https://www.youtube.com/watch?v=ijTtwXQIfYU
브레인아웃[넌센스 퀴즈],조회수 35회,2019. 12. 3.,1,0,유튜브로봇,구독자 30명,https://www.youtube.com/watch?v=oYhzkQR-tcU
브레인 아웃#1,조회수 17회,2019. 12. 3.,0,0,가지가지TV,구독자 9명,https://www.youtube.com/watch?v=FizgQATSVb0
브레인 아웃 1~35 끝까지 보고 가세요,조회수 8회,2019. 12. 3.,1,0,lee tv,구독자 4명,https://www.youtube.com/watch?v=tAKfFiZMQgk
내 머리가 점점 이상해져간다?!! 브레인아웃 (Brain out) 공략! Level 61-70 [쉽게 설명합니다] (Brainout walk through),조회수 15회,2019. 12. 4.,0,0,손가락TV,,https://www.youtube.com/watch?v=cujFyCzJTHQ
평범한 사람은 절대로 못 푸는 문제모음 ㅋㅋㅋㅋ,"조회수 146,529회",2019. 12. 4.,2.8천,64,코아 TV,구독자 57만명,https://www.youtube.com/watch?v=HE1g-djo5wY
브레인아웃2,조회수 23회,2019. 12. 4.,0,0,유튜브로봇,구독자 30명,https://www.youtube.com/watch?v=86QD9wgKRUc
브레인 아웃 1~30단계,조회수 10회,2019. 12. 4.,1,0,하이한결 tv,구독자 5명,https://www.youtube.com/watch?v=fZ1OT9dy0Js
브레인 아웃 1편,조회수 12회,2019. 12. 4.,1,0,웅이,구독자 16명,https://www.youtube.com/watch?v=3P-I4oKXd0k
브레인아웃을 해봤다,조회수 14회,2019. 12. 4.,2,0,위크티TV,구독자 8명,https://www.youtube.com/watch?v=4rimk-CwgMs
브레인아웃)1단계~27단계,조회수 15회,2019. 12. 4.,1,1,돼지갈비,구독자 1명,https://www.youtube.com/watch?v=nRcvsXY66zA
브레인 아웃 4탄!!!,조회수 33회,2019. 12. 5.,5,1,완두TV.,구독자 60명,https://www.youtube.com/watch?v=9VBPF6sstRo
[브레인 아웃] 두뇌를 이상하게 활성화 시키는 퍼즐게임 Brain Out,"조회수 22,062회",2019. 9. 24.,67,14,잼둥,구독자 457명,https://www.youtube.com/watch?v=YQ7Mi77i-5c
Brain out브레인 아웃 11~20단계 공략(영상설명란에 글로써놓음),"조회수 50,267회",2019. 9. 26.,160,45,앙팡,구독자 508명,https://www.youtube.com/watch?v=KshcBD0yN3c
Brain out브레인 아웃 21~30단계 공략(영상설명란에 글로써놓음),"조회수 44,246회",2019. 9. 26.,103,35,앙팡,구독자 508명,https://www.youtube.com/watch?v=DYlNdEYr_uA
Brain out브레인 아웃 1~10단계 공략(영상설명란에 글로써놓음),"조회수 10,962회",2019. 9. 26.,21,5,앙팡,구독자 508명,https://www.youtube.com/watch?v=NeNwPL6eBuk
Brain out브레인 아웃 31~40단계 공략(영상설명란에 글로써놓음),"조회수 38,592회",2019. 9. 27.,44,29,앙팡,구독자 508명,https://www.youtube.com/watch?v=7NR5uKm4JEc
Brain out브레인 아웃41~50단계 공략(설명란에 글로써놓음),"조회수 27,969회",2019. 9. 27.,74,23,앙팡,구독자 508명,https://www.youtube.com/watch?v=xCdyQlNYSwU
Brain out브레인 아웃81~90단계 공략(설명란에 글로 써놓음),"조회수 27,646회",2019. 9. 28.,88,27,앙팡,구독자 508명,https://www.youtube.com/watch?v=CWj9lagPHRQ
Brain out브레인 아웃51~60단계 공략(설명란에 글로써놓음),"조회수 22,764회",2019. 9. 28.,36,15,앙팡,구독자 508명,https://www.youtube.com/watch?v=qG8IqJPGzvE
Brain out브레인 아웃61~70단계 공략(설명란에 글로써놓음),"조회수 19,554회",2019. 9. 28.,30,12,앙팡,구독자 508명,https://www.youtube.com/watch?v=5usvYVwuqvk
Brain out브레인 아웃71~80단계 공략(설명란에 글로 써놓음),"조회수 39,436회",2019. 9. 28.,112,36,앙팡,구독자 508명,https://www.youtube.com/watch?v=7UIPcdr4TJQ
Brain out브레인 아웃91~100단계 공략(설명란에 글로 써놓음),"조회수 34,814회",2019. 9. 28.,78,27,앙팡,구독자 508명,https://www.youtube.com/watch?v=CSvEMePNC_A
[Brain Out] 이 퀴즈 풀면 당신도 천재!!! 당신의 두뇌를 깨워라!! 창의력실험게임 브레인아웃 1번~40,조회수 155회,2019. 9. 28.,3,0,배런TV,,https://www.youtube.com/watch?v=c-iFsfTG5bI
Brain out브레인 아웃101~110단계 공략(설명란에 글로 써놓음),"조회수 36,351회",2019. 9. 28.,66,24,앙팡,구독자 508명,https://www.youtube.com/watch?v=JeWtmsiLTmA
Brain out브레인 아웃111~120단계 공략(설명란에 글로 써놓음),"조회수 18,551회",2019. 9. 28.,33,11,앙팡,구독자 508명,https://www.youtube.com/watch?v=Qt0wHzqV5CQ
Brain out브레인 아웃121~130단계 공략(설명란에 글로 써놓음),"조회수 20,748회",2019. 9. 28.,52,11,앙팡,구독자 508명,https://www.youtube.com/watch?v=9AV1sPnBpbc
Brain out브레인 아웃131~145단계 공략(설명란에 글로 써놓음),"조회수 31,664회",2019. 9. 28.,51,16,앙팡,구독자 508명,https://www.youtube.com/watch?v=QQdqybsZU7I
Brain out Max level - 브레인 아웃 1 ~ 145 레벨 클리어,"조회수 229,854회",2019. 9. 28.,909,271,J aporean,구독자 897명,https://www.youtube.com/watch?v=cY24Nl4OicI
Brain out브레인 아웃136문제 업데이트 되면서 문제 바뀜,"조회수 3,391회",2019. 9. 30.,7,1,앙팡,구독자 508명,https://www.youtube.com/watch?v=DcgTvsL8ZkA
"Brain out브레인 아웃 146,147단계 공략(영상설명란에 글로써놓음)","조회수 2,846회",2019. 9. 30.,4,2,앙팡,구독자 508명,https://www.youtube.com/watch?v=WKs1Ga-kwhE
Brain out브레인 아웃143문제 업데이트 되면서 문제 바뀜,"조회수 3,482회",2019. 9. 30.,11,3,앙팡,구독자 508명,https://www.youtube.com/watch?v=w2TbEQyXQEQ
Brain out브레인 아웃145문제 업데이트 되면서 문제 바뀜,"조회수 4,006회",2019. 9. 30.,7,2,앙팡,구독자 508명,https://www.youtube.com/watch?v=FQaxhvcXPLw
[브레인아웃] 아르카나 구조선 진행중,조회수 215회,실시간 스트리밍 시작일: 2019. 12. 3.,2,0,경환몬TV,구독자 454명,https://www.youtube.com/watch?v=0NWlhN4y-I4
브레인아웃BRAIN OUT - 가장어색한게임 (공략) 리뷰해드립니다 과연재미있을까 게임리뷰하는 영구리 @영구리@,"조회수 1,345회",최초 공개: 2019. 10. 24.,11,2,영구리TV,구독자 161명,https://www.youtube.com/watch?v=ySK7uRysDcY
