﻿title,count,date,good_count,bad_count,youtuber,subscriber,url
무한의농장 튜토리얼 편,조회수 37회,2019. 10. 13.,2,0,레온,구독자 6명,https://www.youtube.com/watch?v=f1c_fv4Cudk
무한의 농장 #1 (잔인하고 더러움),조회수 91회,2019. 10. 15.,5,3,세윤이에 게임~,구독자 7명,https://www.youtube.com/watch?v=uncnf2gP38g
이 캐릭터로 무한의계단을 한다면...?,"조회수 182,491회",2019. 10. 16.,1.7천,111,밍모,구독자 49.5만명,https://www.youtube.com/watch?v=KR7bTAmJclY
무한의 농장(2) 최대한 당근들을 수집해보아요~,"조회수 2,127회",2019. 10. 17.,9,1,이지효,구독자 973명,https://www.youtube.com/watch?v=H25LQTeAcJE
이거는 1000점 그냥 넘겠는데요? :: 무한의 기차,"조회수 138,650회",2019. 10. 17.,1.9천,79,밍모,구독자 49.5만명,https://www.youtube.com/watch?v=j5gI_TG2P6Y
무한의농장,조회수 51회,2019. 10. 23.,2,0,탁기완TV,구독자 40명,https://www.youtube.com/watch?v=h7xInT98V3s
무한의농장 1-4(마지막),조회수 140회,2019. 10. 23.,0,0,레온,구독자 6명,https://www.youtube.com/watch?v=ClLeNjRN0Kc
(무한의 농장) 농장물 도감 (거의 조금),조회수 314회,2019. 10. 23.,6,1,han상어 YouTube,구독자 140명,https://www.youtube.com/watch?v=GD-2uLXy87U
용의 탑 바로 클리어해버리기 :: 무한의계단,"조회수 122,396회",2019. 10. 24.,1.2천,63,밍모,구독자 49.5만명,https://www.youtube.com/watch?v=uOKan5Y006c
무한의 기차 스킨 :: 비즈니스맨~!,"조회수 89,145회",2019. 10. 25.,977,46,밍모,구독자 49.5만명,https://www.youtube.com/watch?v=chJemY9UKGU
무한의농장 1편,조회수 9회,2019. 10. 25.,좋아요,싫어요,티라죽음,구독자 23명,https://www.youtube.com/watch?v=WgCUrLUit-k
무한의농장 2편,조회수 8회,2019. 10. 25.,좋아요,싫어요,티라죽음,구독자 23명,https://www.youtube.com/watch?v=WEJiJxKBShA
무한의 농장 해보겠습니다.,조회수 27회,2019. 10. 26.,1,0,얌성tv,구독자 6명,https://www.youtube.com/watch?v=UmNjpeqAEO4
무한의 농장게임,조회수 10회,2019. 10. 27.,2,0,이린,구독자 25명,https://www.youtube.com/watch?v=AJIEMeyefpQ
무한의농장 3화!!!!@,조회수 73회,2019. 10. 28.,6,0,초보유튜버Mr Tiger,구독자 42명,https://www.youtube.com/watch?v=BQZ7msg8dBI
무한의시리즈3탄!!!무한의농장!!!쌍둥이당근까지가즈아!!,조회수 22회,2019. 10. 31.,2,0,남무지개 게임세상,구독자 8명,https://www.youtube.com/watch?v=QmoLhryjl_0
무한의 농장,조회수 15회,2019. 10. 5.,0,2,플레이드,,https://www.youtube.com/watch?v=4cgMScaAb_E
무한의 농장!!,조회수 106회,2019. 10. 8.,3,0,로드하람You Tube,구독자 23명,https://www.youtube.com/watch?v=q6aiKk-47Jk
안녕하세용 핫빵입니당 오늘은 무한의 농장을 하는법 많이 봐주세용,조회수 47회,2019. 11. 1.,0,0,지빈!,구독자 12명,https://www.youtube.com/watch?v=bJNk4cKBl5U
짜릿한 전기계단 오르는 게임 :: 무한의계단,"조회수 113,655회",2019. 11. 1.,1.1천,75,밍모,구독자 49.5만명,https://www.youtube.com/watch?v=Nt9_TVo453A
무한의 농장 리뷰 [모바일 게임 리뷰],조회수 12회,2019. 11. 10.,0,0,긁,구독자 1명,https://www.youtube.com/watch?v=PEO5Hwu12SM
이 감자들의 정체는 뭘까? 😕😕💡💡(무한의 농장),조회수 14회,2019. 11. 10.,5,0,닉네임,구독자 13명,https://www.youtube.com/watch?v=PixYvrTQbfQ
무한의 농장,조회수 145회,2019. 11. 10.,2,1,FIRE STONE,구독자 52명,https://www.youtube.com/watch?v=vKpuJawcMLw
무한의농장을 해보았다,조회수 85회,2019. 11. 10.,5,0,게임하는희찬,구독자 7명,https://www.youtube.com/watch?v=AwiPZ6cyLIU
노가다 망겜 (무한의 농장),조회수 23회,2019. 11. 10.,2,0,닉네임,구독자 13명,https://www.youtube.com/watch?v=jMaj83mAOik
무한의농장,조회수 24회,2019. 11. 10.,2,0,백호민혁,구독자 7명,https://www.youtube.com/watch?v=EEc0alcRUrE
무한의농장,조회수 16회,2019. 11. 11.,2,0,태유니TV choi,구독자 6명,https://www.youtube.com/watch?v=0YWxxmVrJq4
충격 물고기가 돌연변이가 돼었다 (무한의농장),조회수 23회,2019. 11. 11.,6,0,닉네임,구독자 13명,https://www.youtube.com/watch?v=4F-0KyS8UPw
오늘은 무한의농장 플레이!,조회수 43회,2019. 11. 11.,1,0,킥콘,구독자 48명,https://www.youtube.com/watch?v=zqOU4QgHmb0
무한의 농장 많이했어요,조회수 9회,2019. 11. 11.,0,0,사과신사,구독자 3명,https://www.youtube.com/watch?v=bBhNLOPrqV8
무한시리즈:무한의농장.#1.감자농장,조회수 140회,2019. 11. 11.,3,0,브롤초등학교,구독자 32명,https://www.youtube.com/watch?v=vBSAG4317c0
종이컵맨의 무한의 농장,조회수 24회,2019. 11. 12.,4,0,종이컵맨,구독자 10명,https://www.youtube.com/watch?v=D3vkDePGQq4
종이컵맨의 무한의 농장2,조회수 24회,2019. 11. 12.,3,0,종이컵맨,구독자 10명,https://www.youtube.com/watch?v=HdMmYzr2O_M
4000계단 가능한부분?! :: 무한의 계단,"조회수 166,399회",2019. 11. 12.,2천,106,밍모,구독자 49.5만명,https://www.youtube.com/watch?v=4ntPHGI6Xu4
무한의 농장을 했는데 별로 못 찍었다,조회수 6회,2019. 11. 12.,1,0,게임충,,https://www.youtube.com/watch?v=thn_010HW1o
무한의 농장10단계,조회수 없음,2019. 11. 12.,0,0,다벌,구독자 20명,https://www.youtube.com/watch?v=N6ItalBqIhs
좀비농장 오픈식🎃🌚👻🌀(무한의농장),조회수 43회,2019. 11. 12.,5,0,닉네임,구독자 13명,https://www.youtube.com/watch?v=djHEkgARv7M
무한의농장을재가좀있으면마지막까지갑니다,조회수 4회,2019. 11. 12.,0,0,라상호,,https://www.youtube.com/watch?v=x6N05PgQfG8
"무한의 계단,다음은 농장!! 이젠 당근 키운다!-성게유튜브",조회수 28회,2019. 11. 12.,2,0,성게유튜브,구독자 17명,https://www.youtube.com/watch?v=Am-XwXBCOis
무한의 농장 감자 신 탄생하는 순간,"조회수 1,545회",2019. 11. 12.,7,0,절단내기,구독자 76명,https://www.youtube.com/watch?v=CQhvr7I9mOA
무한의농장 10화,조회수 703회,2019. 11. 12.,8,6,브롤레고,구독자 32명,https://www.youtube.com/watch?v=UsgpZtnkiL0
무한의 농장14단계,조회수 없음,2019. 11. 12.,0,0,다벌,구독자 20명,https://www.youtube.com/watch?v=Xa-HLH6TJUI
좀 많이할 게임 뽑았습니다 무한의 농장(예고편),조회수 10회,2019. 11. 12.,1,0,준선tv2,구독자 9명,https://www.youtube.com/watch?v=i3qzfPeTYls
무한의 농장 감자편 8단계,조회수 1회,2019. 11. 13.,0,0,다벌,구독자 20명,https://www.youtube.com/watch?v=YfMNQ-9R2d4
무한의 당근 ?무한의 농장?,조회수 3회,2019. 11. 13.,0,0,은경서,구독자 1명,https://www.youtube.com/watch?v=i2zp13pauBE
숨겨진 물고기농장의 비밀 :: 무한의 농장 3편,"조회수 92,656회",2019. 11. 13.,1.5천,64,밍모,구독자 49.5만명,https://www.youtube.com/watch?v=GcV3n8hfclA
무한의 농장 10레벨 당근까지 만들기!,조회수 14회,2019. 11. 14.,0,0,멀티펀,구독자 131명,https://www.youtube.com/watch?v=UzGWyCCowqM
무한의농장!,조회수 4회,2019. 11. 15.,1,0,tv고망,,https://www.youtube.com/watch?v=2KPWZS6GoUA
무한의 농장을 해보았다,조회수 13회,2019. 11. 15.,1,0,tv파이어,구독자 8명,https://www.youtube.com/watch?v=JbweSIbrsZM
이런 게임 처음보죠?ㅎㅎ이 게임 이름은 무한의 농장 이에요!☆,조회수 18회,2019. 11. 15.,2,0,훠뚜,구독자 6명,https://www.youtube.com/watch?v=PpVzOYTdyfM
(무한의 농장!),조회수 36회,2019. 11. 15.,2,0,주냥이,구독자 6명,https://www.youtube.com/watch?v=5UPc1yI3WgM
무한의 농장 2탄#^^,조회수 6회,2019. 11. 15.,1,0,박준희TV,구독자 5명,https://www.youtube.com/watch?v=VcJnFmuz5mA
무한의농장 생선 농장!,조회수 5회,2019. 11. 15.,0,0,세시띠뚜,구독자 18명,https://www.youtube.com/watch?v=VMaDnp2nfQk
무한의 농장,조회수 1회,2019. 11. 15.,0,0,권지영,,https://www.youtube.com/watch?v=SvWEMo1aWxg
종이컵맨의 무한의 농장3,조회수 26회,2019. 11. 15.,1,0,종이컵맨,구독자 10명,https://www.youtube.com/watch?v=z7i04VL5qco
케르가 무한의 농장을한다! ( 저 무한의 농장 고수에요~^-^😁),조회수 303회,2019. 11. 15.,3,2,김케르,구독자 8명,https://www.youtube.com/watch?v=py7_-r6XYDM
무한의 농장 (말그대로 무한 농사~),조회수 52회,2019. 11. 15.,3,0,J.h.j게임 비디오,구독자 15명,https://www.youtube.com/watch?v=Xw8cSARrcpw
무한시리즈와 색다른 무한의 농장? 을 해보았습니다,조회수 5회,2019. 11. 16.,1,0,독거리,구독자 6명,https://www.youtube.com/watch?v=nWCHGNBSWj4
무한의 농장1,조회수 2회,2019. 11. 16.,1,0,심현성심현성,구독자 5명,https://www.youtube.com/watch?v=FWZjihH-wiI
이상한 농장??-무한의 농장-,조회수 18회,2019. 11. 16.,0,0,원키,구독자 16명,https://www.youtube.com/watch?v=OoLdTZA7D44
무한의 농장 소개,조회수 5회,2019. 11. 16.,0,0,two현준,구독자 3명,https://www.youtube.com/watch?v=kCwA_pwPJss
"당근의 신을 영접했습니다. ""당.신"" :: 무한의농장 4편","조회수 164,654회",2019. 11. 16.,1.5천,107,밍모,구독자 49.5만명,https://www.youtube.com/watch?v=ImOmxS8ESUA
오늘은 새로운 게임얼 해보더럭 하겠습네다~~~!!!!,조회수 1회,2019. 11. 16.,0,0,박상민,,https://www.youtube.com/watch?v=npuACorkhrM
나의 농장을 키워보자(무한의 농장)단편-2 쇼브 TV,조회수 18회,2019. 11. 16.,0,0,쇼브,구독자 115명,https://www.youtube.com/watch?v=XpG_glQUPGk
무한의 농장 - 2019-11-16,조회수 1회,2019. 11. 16.,0,0,김금자김금자,,https://www.youtube.com/watch?v=Zf3z0NbKhz8
무한의 농장,조회수 2회,2019. 11. 16.,0,0,정정수호,,https://www.youtube.com/watch?v=I1p-O96iY3A
로봇당근의 탄생!(무한의농장),조회수 2회,2019. 11. 16.,0,0,tv고망,,https://www.youtube.com/watch?v=ckk9TC7DN7E
로봇농장을 오픈해보았다 로봇들의 상태가?.. (무한의농장),조회수 198회,2019. 11. 16.,9,0,닉네임,구독자 13명,https://www.youtube.com/watch?v=9Fi50CKc4qI
나의 농장을 키워보자(무한의 농장)단편-1 쇼브TV,조회수 4회,2019. 11. 16.,0,0,쇼브,구독자 115명,https://www.youtube.com/watch?v=jYMDzCbjwkU
토끼당근과 모범생당근의 탄생!(무한의농장),조회수 1회,2019. 11. 16.,0,0,tv고망,,https://www.youtube.com/watch?v=1ZbMFLDkOGE
종이컵맨의 무한의농장4,조회수 17회,2019. 11. 16.,2,0,종이컵맨,구독자 10명,https://www.youtube.com/watch?v=8fBVJ1WmG4A
무한의 농장,조회수 21회,2019. 11. 17.,1,0,이라현,구독자 2명,https://www.youtube.com/watch?v=eQ4YDrmX0y4
무한의 농장 올려봅니다,조회수 82회,2019. 11. 17.,5,0,다온tv,구독자 56명,https://www.youtube.com/watch?v=5CZzaXiBeAU
무한의농장,조회수 13회,2019. 11. 17.,0,0,카이저용tv,구독자 16명,https://www.youtube.com/watch?v=tyHpN6uzEXQ
무한의 농장 당.신+당.신 당연히,조회수 249회,2019. 11. 17.,4,0,블루히어로,구독자 58명,https://www.youtube.com/watch?v=dS6LRzh13uY
무한의 농장 [제1탄],조회수 18회,2019. 11. 17.,4,0,아이쿠왕자신짱구,구독자 32명,https://www.youtube.com/watch?v=dcOyCTQg_rw
생선을 농장에서? 무한의 농장!!,조회수 44회,2019. 11. 17.,2,0,J.h.j게임 비디오,구독자 15명,https://www.youtube.com/watch?v=xSZw6aHD6AI
공이)) 무한의 농장 #1 당근 키우기,조회수 57회,2019. 11. 17.,8,1,"공농TV, 아빠랑 놀자",구독자 32명,https://www.youtube.com/watch?v=sKhE0ZnjT7M
무한의 농장 13단계 - 감자편,조회수 4회,2019. 11. 17.,0,0,다벌,구독자 20명,https://www.youtube.com/watch?v=Gthc6q3Y7ns
무한의 농장 5탄#^^,조회수 2회,2019. 11. 18.,1,0,박준희TV,구독자 5명,https://www.youtube.com/watch?v=Y8CeSEmQ7io
오늘도 즐거운 무한의 농장 너무 너무 지루해서 빨리 끝내야지,조회수 6회,2019. 11. 18.,0,0,손바닥,구독자 1명,https://www.youtube.com/watch?v=5zFXjjpndvM
노동질(?) 무한의 농장!,조회수 3회,2019. 11. 18.,1,0,큐비크CUBICK,구독자 7명,https://www.youtube.com/watch?v=CQdRn5mWmhw
무한의농장 입니다 안녕하세요 여러분 오늘 하루도 즐겁게 보내세요,조회수 3회,2019. 11. 18.,0,0,흔소,구독자 11명,https://www.youtube.com/watch?v=ZcWW7VnOb5Q
무한의 농장 물고기 신 탄생,"조회수 5,075회",2019. 11. 18.,30,2,절단내기,구독자 76명,https://www.youtube.com/watch?v=Yh_XICeoTgE
레벨업 레벨업! 레벨업!!(무한의 농장),조회수 6회,2019. 11. 19.,0,0,행겜tv,구독자 69명,https://www.youtube.com/watch?v=pCKcPloUON8
무한의 농장 #1 아니!! 저게 무슨..... 저런 당근 먹기 싫다...,조회수 11회,2019. 11. 19.,2,0,-쟁반이,구독자 22명,https://www.youtube.com/watch?v=YY1x4rqSows
무한의 농장1,조회수 4회,2019. 11. 19.,0,0,배지후,구독자 4명,https://www.youtube.com/watch?v=oV8Ec8n9Ooc
무한의계단후속작!?무한의농장!,조회수 3회,2019. 11. 19.,0,0,영걸링크,구독자 2명,https://www.youtube.com/watch?v=PXYmRVmGsSI
무한의 농장! 요상한 당근과 감자가 자란다!?,조회수 35회,2019. 11. 19.,0,0,youtube 재윤tv,구독자 72명,https://www.youtube.com/watch?v=hr6Erp6rBPs
무한의농장 보기와는 다르게 힘듬니다,조회수 3회,2019. 11. 2.,0,0,홍석철,구독자 3명,https://www.youtube.com/watch?v=a5gFibTKlgs
무한의 농장 [제2탄: 큰이모가 온데요. 근데 짱구는 태권도장을 가야해요.],조회수 29회,2019. 11. 20.,2,0,아이쿠왕자신짱구,구독자 32명,https://www.youtube.com/watch?v=JsUhU3lOBc8
무한의농장2,조회수 1회,2019. 11. 20.,0,0,배지후,구독자 4명,https://www.youtube.com/watch?v=cacJrqBcXNo
무한의농장2-2화,조회수 1회,2019. 11. 20.,0,0,영걸링크,구독자 2명,https://www.youtube.com/watch?v=2akxV9EfxVI
병맛 농장 키우기![무한의 농장],조회수 22회,2019. 11. 20.,0,0,병맛아이들,구독자 26명,https://www.youtube.com/watch?v=TbPiIWTo-4E
좀비의 농장에 오신걸 환영합니다 :: 무한의농장 5편,"조회수 133,966회",2019. 11. 20.,1.3천,70,밍모,구독자 49.5만명,https://www.youtube.com/watch?v=sRbWvOmYzG4
(무한의농장)하기,조회수 8회,2019. 11. 20.,1,0,머수타드TV,구독자 1명,https://www.youtube.com/watch?v=ml_hCHqGNHM
무한의 농장-당근을 키워보자!! [디젤 TV],조회수 8회,2019. 11. 21.,2,0,디젤 TV,구독자 19명,https://www.youtube.com/watch?v=OkylU0LypE0
모범생당근?무한의농장2화,조회수 1회,2019. 11. 21.,0,0,영걸링크,구독자 2명,https://www.youtube.com/watch?v=3PTyvVu2Hwk
노가다게임 무한의농장!!!,조회수 10회,2019. 11. 21.,1,0,백설기snowwhiteTV,구독자 1명,https://www.youtube.com/watch?v=xwbKF8AGSQ8
무한의 농장 제거 김다호,조회수 10회,2019. 11. 21.,1,0,김다호,구독자 9명,https://www.youtube.com/watch?v=oIIE6_uERbY
무한의농장+썰풀기,조회수 11회,2019. 11. 22.,0,0,정우55유튜브,구독자 8명,https://www.youtube.com/watch?v=ySVrDlPOdqg
무한의농농장,조회수 15회,2019. 11. 22.,0,0,TV건난,구독자 11명,https://www.youtube.com/watch?v=FpUU2Yjns14
무한의농장~강아지가좀비를먹는다고?!@#😯제작진!헐~@#,조회수 3회,2019. 11. 22.,0,0,뚱이,구독자 6명,https://www.youtube.com/watch?v=HvgqOAfr_GI
무한의농장생선농장15달성,조회수 375회,2019. 11. 22.,3,2,카이저용tv,구독자 16명,https://www.youtube.com/watch?v=6dRptSFIctI
새로운 계단이 등장했다 ?! :: 무한의계단,"조회수 225,459회",2019. 11. 22.,2.1천,125,밍모,구독자 49.5만명,https://www.youtube.com/watch?v=kC_UrU814zM
무한의농장 첫 방송!,조회수 1회,2019. 11. 22.,0,0,박은영,,https://www.youtube.com/watch?v=HJCnKQRiN0k
"게임리뷰(무한의 계단,농장,브롤스타즈)",조회수 21회,2019. 11. 22.,1,0,에릭TV,구독자 7명,https://www.youtube.com/watch?v=Itd9Lvcb6T4
[ 무한의 농장 ] 농사짓는 해킹씨,조회수 9회,2019. 11. 22.,1,0,솔져님,구독자 73명,https://www.youtube.com/watch?v=RYZTSRij8j0
무한의 농장 좀비 신 탄생,"조회수 2,500회",2019. 11. 22.,9,3,절단내기,구독자 76명,https://www.youtube.com/watch?v=awgZQkVwTgo
역대급 시간 순삭게임의 등장 [무한의농장],조회수 413회,2019. 11. 22.,11,2,지료TV,구독자 6.58천명,https://www.youtube.com/watch?v=ptF1ImRD-jM
빼임:무한의농장 (그냥혼합물게임ㅋㅋ),조회수 29회,2019. 11. 22.,5,0,빼독TV,구독자 22명,https://www.youtube.com/watch?v=r1UzPzDrwkU
무한의 농장,조회수 5회,2019. 11. 23.,0,0,정준명,구독자 6명,https://www.youtube.com/watch?v=B-sCWp7bKuA
무한의농장좀비농장으로고고,조회수 18회,2019. 11. 23.,0,0,카이저용tv,구독자 16명,https://www.youtube.com/watch?v=azn7FOG-Dx0
무한의 농장 11래벨 당근 만들기,조회수 18회,2019. 11. 23.,2,0,도발유튜브,구독자 16명,https://www.youtube.com/watch?v=pAzOJ-x2i_8
이번에는 감자를 키웁니다 ㅋㅋ [무한의농장],조회수 170회,2019. 11. 23.,5,0,지료TV,구독자 6.58천명,https://www.youtube.com/watch?v=YGLjfnFiPUc
무한의 농장,조회수 24회,2019. 11. 23.,4,0,하르콘TV,구독자 10명,https://www.youtube.com/watch?v=QDn39T7_BeU
무한의 농장 로봇 신 등장,"조회수 3,495회",2019. 11. 23.,21,5,절단내기,구독자 76명,https://www.youtube.com/watch?v=K_UR1qgmZnM
무한의계단의 뒤를 이을 게임 등장 ?! :: High Risers,"조회수 102,583회",2019. 11. 23.,1.1천,55,밍모,구독자 49.5만명,https://www.youtube.com/watch?v=QoPTgzF7M2M
무한의농장1편(뒤에끈켰던영상이 2편입니다),조회수 3회,2019. 11. 23.,0,0,파랑이TV,구독자 4명,https://www.youtube.com/watch?v=zJRyW0rf504
무한의농장2편 (안보고 오신분 들은. 1편 먼저 보고오세요),조회수 10회,2019. 11. 23.,0,0,파랑이TV,구독자 4명,https://www.youtube.com/watch?v=BndFWoWCuYM
무한의농장,조회수 8회,2019. 11. 23.,0,0,아나유찬tv,구독자 9명,https://www.youtube.com/watch?v=FFIU51-1TOM
무한의 농장 영상 첫번째!!,조회수 34회,2019. 11. 23.,0,0,즈지도TV,구독자 8명,https://www.youtube.com/watch?v=HMT0ZVT3bPg
무한의농장1화(채소가눈가입이달려있다!!!),조회수 4회,2019. 11. 23.,0,0,지돌TV,구독자 14명,https://www.youtube.com/watch?v=BEKAXQ4yBp0
무한의감자농장병맛게입,조회수 11회,2019. 11. 23.,0,0,TV건난,구독자 11명,https://www.youtube.com/watch?v=_a-9uF1xwOY
무한의농장,조회수 10회,2019. 11. 23.,0,0,앙유모찌,구독자 12명,https://www.youtube.com/watch?v=pjOdWC-ZTrM
무한의 농장 2편입니다. 이번에는 좀키우고 다음에는 당근신(마지막 당근) 가겠습니다,조회수 56회,2019. 11. 23.,2,0,게임하는희찬,구독자 7명,https://www.youtube.com/watch?v=iSvFkey7wd8
무한의농장,조회수 12회,2019. 11. 24.,0,0,TV할릿,구독자 13명,https://www.youtube.com/watch?v=EtHn8e3vKKY
무한의 농장-3탄,조회수 5회,2019. 11. 24.,0,0,티비재용따따,구독자 5명,https://www.youtube.com/watch?v=UeF3SiDJCC8
무한의 농장 1탄,조회수 15회,2019. 11. 24.,1,0,티비재용따따,구독자 5명,https://www.youtube.com/watch?v=MuWXrOy9eJE
얼음밭(무한의 농장),조회수 12회,2019. 11. 24.,0,0,윤지《 구독자 1000 목표 》,구독자 2명,https://www.youtube.com/watch?v=2Aat3UgOkio
무한의농장 (2편),조회수 4회,2019. 11. 24.,0,0,브록이tv,구독자 4명,https://www.youtube.com/watch?v=UQyjKRcE4c8
준서 무한의 농장 도전기!,조회수 6회,2019. 11. 25.,0,0,준서월드,구독자 11명,https://www.youtube.com/watch?v=UYeOBwXmvKA
무한의 농장,조회수 4회,2019. 11. 25.,1,0,지로 유튭,구독자 2명,https://www.youtube.com/watch?v=6e90PyZ09Ag
무한의 농장 2편,조회수 7회,2019. 11. 25.,3,0,tv파이어,구독자 8명,https://www.youtube.com/watch?v=7tmVcV2iQb4
당근농장을 키워보자! - 무한의농장,조회수 22회,2019. 11. 25.,0,0,후리덤TV,,https://www.youtube.com/watch?v=YjBpX6atQo0
본격 스킵많이하는 방송 - 무한의농장,조회수 19회,2019. 11. 25.,0,0,임재준TV,구독자 43명,https://www.youtube.com/watch?v=AlpfhbDrHAM
무한의 농장 물고기 키우기!!,조회수 30회,2019. 11. 26.,0,0,즈지도TV,구독자 8명,https://www.youtube.com/watch?v=nD3RfMxLw4I
내일부터 새로운게임이다!!![무한의농장],조회수 4회,2019. 11. 26.,1,0,도저YOUTUBE,구독자 77명,https://www.youtube.com/watch?v=rm02h7HgeuQ
무한의 농장 (감상)(편집O),조회수 43회,2019. 11. 26.,2,0,2시메이플스토리,구독자 13명,https://www.youtube.com/watch?v=fs6bTf9BgBs
무한의 농장,조회수 2회,2019. 11. 26.,0,0,지로 유튭,구독자 2명,https://www.youtube.com/watch?v=MiZGKzIje7Y
새로운게임 무한의농장을 해보았다!!,조회수 3회,2019. 11. 26.,1,0,티나은정,구독자 1명,https://www.youtube.com/watch?v=rUCjLw7Qu8M
무한의농장 최종 컨텐츠... 로봇농장! :: 무한의농장 6편,"조회수 143,510회",2019. 11. 27.,9.1천,101,밍모,구독자 49.5만명,https://www.youtube.com/watch?v=01LpmpPTVCU
무한의 농장 - 물고기 농장의 시작,조회수 15회,2019. 11. 27.,1,0,티비재용따따,구독자 5명,https://www.youtube.com/watch?v=rLNiwgYFfxE
무한의 농장 2편,조회수 46회,2019. 11. 27.,1,0,2시메이플스토리,구독자 13명,https://www.youtube.com/watch?v=unWDXIYDt20
무한의농장현재근황[무한의농장],조회수 4회,2019. 11. 28.,1,0,도저YOUTUBE,구독자 77명,https://www.youtube.com/watch?v=h9oNIVK1h0c
안녕하세요 저는비버입니다 (무한의농장),조회수 20회,2019. 11. 28.,3,0,터변미스,구독자 3명,https://www.youtube.com/watch?v=QNs3DUH97bI
무한의 농장VS브롤,조회수 35회,2019. 11. 28.,1,2,강행수,구독자 3명,https://www.youtube.com/watch?v=ODbaz7IR66s
무한의 농장2번째,조회수 22회,2019. 11. 28.,1,0,멋정,구독자 8명,https://www.youtube.com/watch?v=GTNhDPFQSB0
무한의 농장,조회수 34회,2019. 11. 29.,4,0,대한민혁,구독자 11명,https://www.youtube.com/watch?v=SD8RrjAhmFw
무한의농장소개2편,조회수 6회,2019. 11. 29.,0,0,원더TV,구독자 2명,https://www.youtube.com/watch?v=lDZCQD_up4I
무한의 농장키우기 (당근),조회수 34회,2019. 11. 29.,2,0,다트TV 2008,구독자 20명,https://www.youtube.com/watch?v=FCduCntHShw
무한의농장,조회수 22회,2019. 11. 29.,1,0,몰랑구독좋아요,구독자 12명,https://www.youtube.com/watch?v=ylpwh_5WF18
펑~~!!!풍선당근(컷편집)[무한의농장],조회수 5회,2019. 11. 29.,1,0,도저YOUTUBE,구독자 77명,https://www.youtube.com/watch?v=PsS4GgierjY
무한의 농장,조회수 26회,2019. 11. 29.,2,0,서준원,구독자 1명,https://www.youtube.com/watch?v=6pE2pkcrjW0
무한의농장 그 지루한 노가다..,조회수 8회,2019. 11. 29.,0,0,newbie TV,구독자 8명,https://www.youtube.com/watch?v=AjReck3J88Q
무한의 농장,조회수 8회,2019. 11. 29.,0,0,레온TV,구독자 13명,https://www.youtube.com/watch?v=T-bdYGum5Ps
무한의 농장,조회수 23회,2019. 11. 29.,0,0,서준원,구독자 1명,https://www.youtube.com/watch?v=yrQ3piN-Gy8
농사 시작했습니다 | 무한의농장 *댓글 참고*,조회수 17회,2019. 11. 29.,4,0,순둘,구독자 179명,https://www.youtube.com/watch?v=8d3JjNJ8zDM
무한의계단은 해봤는데 무한의농장???,조회수 9회,2019. 11. 29.,2,0,레드스톤 제작소,구독자 34명,https://www.youtube.com/watch?v=ruf87OkOizs
무한의 농장에서 미쳐버린 당근 키우기 [로따],조회수 444회,2019. 11. 3.,2,0,로따TV,구독자 51명,https://www.youtube.com/watch?v=tz3Ia-40_N8
무한의계단에서 쫓겨나 농부가 되어버렸다... :: 무한의 농장 1편,"조회수 98,744회",2019. 11. 3.,1천,37,밍모,구독자 49.5만명,https://www.youtube.com/watch?v=t20gjOA2MEQ
무한의 농장 에서감자 농장 에서 새로운 감자 얻기,조회수 1회,2019. 11. 30.,0,0,양재희,,https://www.youtube.com/watch?v=G2qS3DnMBX8
무한의 농장!!(#10까지 진화),조회수 3회,2019. 11. 30.,1,0,크리어,구독자 11명,https://www.youtube.com/watch?v=s3UqV1XeQAk
무한의 농장? 아 그 노가다겜? [무한의 농장],조회수 50회,2019. 11. 30.,2,1,게임하는피카츄Gamingpikachu,구독자 115명,https://www.youtube.com/watch?v=yUt7CDVKCGk
무한의농장,조회수 4회,2019. 11. 30.,0,0,서종범,구독자 5명,https://www.youtube.com/watch?v=KdwH-Ss9Sg4
무한의 농장 1화,조회수 6회,2019. 11. 30.,0,0,노경성,구독자 1명,https://www.youtube.com/watch?v=2nememTZsXs
레모나씨. 새농장오픈? 악덕사장 레모나씨는 오늘도 농작물에게 일을 시킵니다,조회수 10회,2019. 11. 30.,1,0,레모나씨의 평화로운 채널,구독자 9명,https://www.youtube.com/watch?v=OBIcXYDyDsw
무한의 농장MAX,조회수 12회,2019. 11. 30.,1,0,호준이두마리치킨,구독자 15명,https://www.youtube.com/watch?v=y7Y_OTCM1AA
무한의 농장 감자 새로운감자얻기,조회수 2회,2019. 11. 30.,0,0,양재희,,https://www.youtube.com/watch?v=2bRO3YMu5XY
새로운 게임! 무한의 농장 해보다!근데 노기다 게임?,조회수 5회,2019. 11. 4.,2,0,웃음바다,구독자 12명,https://www.youtube.com/watch?v=vLSLRskknWY
실수로 게임을 삭제했는데... 저장이... :: 무한의계단,"조회수 189,129회",2019. 11. 4.,2천,110,밍모,구독자 49.5만명,https://www.youtube.com/watch?v=d2kVY60D3lw
무한의 농장 1편,조회수 11회,2019. 11. 5.,0,0,화이팅!태권소년,구독자 1명,https://www.youtube.com/watch?v=b5T8q_nb6JM
귀여운 당근을 캐는 게임 - 무한의 농장,조회수 20회,2019. 11. 5.,0,0,흐무,구독자 742명,https://www.youtube.com/watch?v=omyl9iTd3v4
무한의농장을했다,조회수 36회,2019. 11. 5.,0,1,연두[YOUTUBE],구독자 16명,https://www.youtube.com/watch?v=8yZs9xa5UuI
#무한시리즈#무한의농장 꿀덱 목소리 공개?,조회수 14회,2019. 11. 6.,1,0,꿀덱,구독자 5명,https://www.youtube.com/watch?v=IdZgCXIX2mU
#좀비고 무한의 농장 노가다 하는 동안 올린 영상,조회수 8회,2019. 11. 6.,1,0,꿀덱,구독자 5명,https://www.youtube.com/watch?v=vYeVsu9IghA
소은무한의 농장,조회수 6회,2019. 11. 7.,0,0,시은과소은의 게임나라,구독자 2명,https://www.youtube.com/watch?v=WeOHK7-8EA0
닭강정 무한의농장 당근 13단계 돌파★,조회수 25회,2019. 11. 7.,5,0,-닭강정&쵸리 공동계,구독자 5명,https://www.youtube.com/watch?v=kTxE9jtFFCk
무한의농장 게임,조회수 65회,2019. 11. 7.,4,3,딕보TV,구독자 14명,https://www.youtube.com/watch?v=1FQ0RVS_N3c
평화로운 무한의 농장...은 무슨... :: 무한의 농장 2편,"조회수 106,956회",2019. 11. 8.,1.1천,68,밍모,구독자 49.5만명,https://www.youtube.com/watch?v=l0f4myURGYA
겜알못에게임,조회수 5회,2019. 11. 8.,1,0,양호두,구독자 1명,https://www.youtube.com/watch?v=6vzLZRGtgk4
오늘도우라라+무한의농장,조회수 103회,2019. 11. 8.,5,2,딕보TV,구독자 14명,https://www.youtube.com/watch?v=P9JtJ_GYit8
무한의농장 1편,조회수 23회,2019. 11. 8.,4,0,QR.아람 Q,구독자 27명,https://www.youtube.com/watch?v=LrKol6KNlfs
무한의농장!감자아저씨큭ㅋ(뚱이TV),조회수 9회,2019. 11. 8.,0,0,뚱이,구독자 6명,https://www.youtube.com/watch?v=kS7d9P2gHq0
무한의 농장,조회수 15회,2019. 11. 8.,1,0,카오스,구독자 5명,https://www.youtube.com/watch?v=vtAcuvaB5JI
콜오브 듀티 무한의 농장 버그판 링크 설명란,"조회수 3,804회",2019. 11. 8.,18,8,둠너필,구독자 26명,https://www.youtube.com/watch?v=rF-DPdCpSIQ
무한의농장2탄 가자,조회수 45회,2019. 11. 8.,0,0,탁기완TV,구독자 40명,https://www.youtube.com/watch?v=bk7ceYUAW6M
다시돌아왔다!무한의농장(뚱이TV)무한의농장2편,조회수 8회,2019. 11. 8.,1,0,뚱이,구독자 6명,https://www.youtube.com/watch?v=PSmJhAw1rJs
무한의 계단에서 만든 겜! 무한의 농장!,조회수 2회,2019. 11. 8.,0,0,세시띠뚜,구독자 18명,https://www.youtube.com/watch?v=7IhgyfgiRVA
무한의 농장,조회수 4회,2019. 11. 9.,0,0,123우 1,구독자 6명,https://www.youtube.com/watch?v=hqShTJucRC4
[무한의 농장] 감자농장 열었는데 왜 못 가!,조회수 26회,2019. 11. 9.,1,0,숑띠TV,구독자 36명,https://www.youtube.com/watch?v=zBZ-ZYUKKA4
나랑 당근키울래? 감자키울래? 생선은 어때? 무한의농장 리뷰[말썽이와아이들TV][모바일Mobile],조회수 81회,2019. 11. 9.,5,0,말썽이와아이들TV 게임채널[jaruTV],구독자 968명,https://www.youtube.com/watch?v=gfg-nGcoLrk
무한에농장(로블록스&무한의계단) 뚱이TV,조회수 6회,2019. 11. 9.,1,0,뚱이,구독자 6명,https://www.youtube.com/watch?v=WzkTnq_tjAE
토끼가 당근 케서 돈버는 겜🐰🐰🔽🔽(무한의농장),조회수 29회,2019. 11. 9.,4,0,닉네임,구독자 13명,https://www.youtube.com/watch?v=0RKSkJYP6_A
무한의농장1,조회수 11회,2019. 11. 9.,1,0,tv구구구,구독자 8명,https://www.youtube.com/watch?v=jW9ZEbSNVu4
농장물이 살라난다 (고고보이 무한의 농장),조회수 5회,2019. 11. 9.,2,0,고고보이gogoboy,구독자 24명,https://www.youtube.com/watch?v=i54I_3hqNLs
#무한의 농장2화,조회수 17회,2019. 11. 9.,3,0,쭈노TV y,구독자 17명,https://www.youtube.com/watch?v=a02egBbsCkk
무한의 농장1화,조회수 19회,2019. 11. 9.,1,0,쭈노TV y,구독자 17명,https://www.youtube.com/watch?v=IxxWBNf1NEM
무한의 농장,조회수 9회,2019. 11. 9.,0,0,123우 1,구독자 6명,https://www.youtube.com/watch?v=uHvPwpLDM5g
무한의 농장,조회수 5회,2019. 11. 9.,3,0,강동훈,구독자 4명,https://www.youtube.com/watch?v=smkS1rSxB50
따끈한 호빵(찬희)의 무한의농장!!!!!,조회수 1회,2019. 12. 1.,0,0,따끈한호빵,구독자 3명,https://www.youtube.com/watch?v=JcJa7xSeeQw
무한의 농장 영상 날렸습니다.....,조회수 4회,2019. 12. 10.,0,0,즈지도TV,구독자 8명,https://www.youtube.com/watch?v=ntYRkavQVO0
무한의농장,조회수 4회,2019. 12. 10.,1,0,구도운,구독자 5명,https://www.youtube.com/watch?v=Ex3bxXDxpks
따끈한 호빵(찬희)의 무한의 농장 2탄!!!!!,조회수 없음,2019. 12. 10.,0,0,따끈한호빵,구독자 3명,https://www.youtube.com/watch?v=eTxJfDdlVlI
이것이 농부의 삶인가.. [무한의 농장],조회수 2회,2019. 12. 10.,0,0,ᄒᄏᄒᄏᄒᄏ,,https://www.youtube.com/watch?v=1xntYoInQEY
무한의 농장(감자),조회수 1회,2019. 12. 10.,0,0,다트TV 2008,구독자 20명,https://www.youtube.com/watch?v=wT0EbkjKU80
무한의농장 당근농장 25렙으로 올리기! 1화 [싱싱이][무한의농장][모비즌][키네마스터],조회수 4회,2019. 12. 10.,1,0,싱싱이,구독자 67명,https://www.youtube.com/watch?v=F5qxW5DTPe4
무한의농장게임 하기,조회수 3회,2019. 12. 11.,0,0,금순이TV,구독자 1명,https://www.youtube.com/watch?v=TvQcm1aFJQU
처음 부분이 잘려진 무한에 농장,조회수 없음,2019. 12. 11.,0,0,승준T V,구독자 6명,https://www.youtube.com/watch?v=C62ttUu78CM
(무한의농장),조회수 2회,2019. 12. 11.,0,0,쭈니TV,,https://www.youtube.com/watch?v=MYuS7s34s6Q
모바일게임/무한의농장/준성유튜브,조회수 8회,2019. 12. 12.,2,0,유튜브You_Tube 준성,구독자 11명,https://www.youtube.com/watch?v=GrMbyRFB7KQ
무한의 농장 영상인데요 준비를....,조회수 10회,2019. 12. 12.,0,0,즈지도TV,구독자 8명,https://www.youtube.com/watch?v=DQTCRth9IP8
무한의농장 게임 플레이(설참),조회수 17회,2019. 12. 2.,0,0,라임포메,구독자 14명,https://www.youtube.com/watch?v=yN9VnYS6uxQ
무한게임 1화 무한의 농장,조회수 4회,2019. 12. 2.,2,0,빡빡이 와 꿀잼TV,구독자 17명,https://www.youtube.com/watch?v=waH4I9dPCOE
찬서의 무한의 농장1,조회수 8회,2019. 12. 2.,2,0,heyjang79,구독자 4명,https://www.youtube.com/watch?v=HnQaJJyih1E
[무한의 농장]아.. 귀찮다......구독누루면 열심히 한다~`~,조회수 6회,2019. 12. 2.,1,0,유튜브세릴,구독자 4명,https://www.youtube.com/watch?v=ifDyL7aDBzo
[무한의농장]실직한 토끼녀의 당근키우기 게임!!!!!,조회수 12회,2019. 12. 2.,2,0,Game촌,구독자 28명,https://www.youtube.com/watch?v=NB4kiOp2t94
(께모브) 무한의 농장 당근키우기!!,조회수 11회,2019. 12. 2.,2,0,게임오브아재월드 께모브,구독자 618명,https://www.youtube.com/watch?v=2ByZPtCJefk
무한의 계단 아니져 무한의 농장 맞습니다.(1화,조회수 2회,2019. 12. 3.,0,0,원초,구독자 3명,https://www.youtube.com/watch?v=ZiJrK_TW9ik
"무한의농장,결판내기 실패😅😅😅",조회수 4회,2019. 12. 3.,0,0,TV차서율,구독자 17명,https://www.youtube.com/watch?v=LFgafFUchDo
무한의농장,조회수 16회,2019. 12. 3.,0,0,뽀로로친구에디Pororo Eddy,,https://www.youtube.com/watch?v=tzZVMPz7ze0
미친 무한의계단 보석 돈 무제한 버그판 댓글 링크 공유,"조회수 11,232회",2019. 12. 3.,좋아요,싫어요,OxO7,구독자 1.6천명,https://www.youtube.com/watch?v=N8HevSezD2M
무한의 농장8단계 - 좀비편,조회수 3회,2019. 12. 3.,0,0,다벌,구독자 20명,https://www.youtube.com/watch?v=TQSIVAbanjA
무한의 농장 2편!!!,조회수 5회,2019. 12. 3.,1,0,레드스톤 제작소,구독자 34명,https://www.youtube.com/watch?v=KGk2_GC6K7c
무한의농장 드디어 MAX도달! 구독&좋아요 꾹꾹!,조회수 10회,2019. 12. 3.,3,0,겜둥이,구독자 2명,https://www.youtube.com/watch?v=QWekmguI0eM
어제부올려야되는되오늘올림무한의농장,조회수 없음,2019. 12. 3.,0,0,게임하는현동,구독자 13명,https://www.youtube.com/watch?v=Q1GDVs3AxRc
찬서 동생 서하의 무한의 농장,조회수 1회,2019. 12. 4.,0,0,heyjang79,구독자 4명,https://www.youtube.com/watch?v=79yaoO7Xzcw
감자의 신을 모셔왔습니다.. 인사하십쇼~~ :: 무한의 농장 7편,"조회수 137,182회",2019. 12. 4.,1.2만,91,밍모,구독자 49.5만명,https://www.youtube.com/watch?v=Ll5qCO_njeA
무한의농장2화,조회수 7회,2019. 12. 5.,3,0,YT파란초보,구독자 4명,https://www.youtube.com/watch?v=vsOLGOyMQ5E
무한의농장 처음 노가다임,조회수 1회,2019. 12. 5.,0,0,보람YOU TUBE,구독자 4명,https://www.youtube.com/watch?v=0brjqfOmXsU
15레벨 당근 달성?!{[무한의 농장#1]},조회수 없음,2019. 12. 5.,0,0,한지운&우솔tv입니다,구독자 14명,https://www.youtube.com/watch?v=V_EZoTtfHwk
무한의 농장을 했다! [1편],조회수 8회,2019. 12. 5.,2,0,은우락쿤브,구독자 2명,https://www.youtube.com/watch?v=jMMv9-W1ZuI
무한의농장을 해보았습니다,조회수 5회,2019. 12. 5.,1,0,최박호,구독자 3명,https://www.youtube.com/watch?v=Jc5wylt-T_4
무한의농장게임1탄,조회수 5회,2019. 12. 5.,0,0,하리보Tv,구독자 3명,https://www.youtube.com/watch?v=OK6omMYXz7c
무한의 농장 로봇키우기!!1탄!,조회수 15회,2019. 12. 5.,0,0,즈지도TV,구독자 8명,https://www.youtube.com/watch?v=LjnUr-q-TQc
생선 농장에서는 어떤 것을 키울까?? [무한의농장],조회수 83회,2019. 12. 5.,3,0,지료TV,구독자 6.58천명,https://www.youtube.com/watch?v=HUl93fyV7Vs
무한의 농장 플레이 !!!신기한 농장물,조회수 4회,2019. 12. 6.,2,0,도라스슈펄킹,구독자 3명,https://www.youtube.com/watch?v=S68qfMOO1GM
토끼:아 힘들어 (무한의 농장),조회수 4회,2019. 12. 6.,0,0,고양이 TV,구독자 11명,https://www.youtube.com/watch?v=74IfOgEqHY8
무한의농장,조회수 없음,2019. 12. 6.,0,0,성현무한의 성현,구독자 2명,https://www.youtube.com/watch?v=7JDB1i3UPFQ
무한의 농장!(2편도 나와요😱,조회수 7회,2019. 12. 6.,0,0,유나서연,구독자 9명,https://www.youtube.com/watch?v=IY4vSzwfS3I
무한의 농장!!!!!!!!,조회수 1회,2019. 12. 6.,0,0,TV김택경,구독자 1명,https://www.youtube.com/watch?v=5S8eGAx-yT8
무한의계단 이어서 무한의농장 갑니다!,조회수 8회,2019. 12. 6.,1,0,유튜브그잠,구독자 7명,https://www.youtube.com/watch?v=Q--2r1clsSA
무한의 농장 2편입니다,조회수 1회,2019. 12. 6.,0,0,다람TV,구독자 1명,https://www.youtube.com/watch?v=VRa7WvNGNc0
다시돌아온 게임영상 무한의 농장 구독꾹♡⁺◟(●˙▾˙●)◞⁺♡,조회수 2회,2019. 12. 6.,0,0,우유쵸코,구독자 2명,https://www.youtube.com/watch?v=wIl0v4J0hE8
무한의농장 2편,조회수 4회,2019. 12. 6.,1,0,봄꽃YOUTUBE,구독자 17명,https://www.youtube.com/watch?v=TsQL0VYUN20
무한의 농장 해 봤는데 개꿀잼!! 이 게임 깔아 보세요,조회수 24회,2019. 12. 7.,5,1,딩융TV즐겜,구독자 33명,https://www.youtube.com/watch?v=YT2vX1_pDXg
무한의 농장 해보기!!! 노가다 게임인것 같기도 하고...??,조회수 8회,2019. 12. 7.,3,0,캠tv,구독자 86명,https://www.youtube.com/watch?v=mF_LuRIe7AI
무한의농장,조회수 1회,2019. 12. 7.,0,0,징징미니,구독자 3명,https://www.youtube.com/watch?v=l2a2U-vrQqI
오늘은 무한의 농장 아니다!,조회수 5회,2019. 12. 7.,1,0,티비재용따따,구독자 5명,https://www.youtube.com/watch?v=dbpLYx11Jd8
무한의 농장!!!,조회수 7회,2019. 12. 7.,2,0,:구독의 게임방,구독자 12명,https://www.youtube.com/watch?v=pbW71QWVokA
무한의농장#1,조회수 16회,2019. 12. 7.,2,0,tv신비아파트,구독자 1명,https://www.youtube.com/watch?v=su9r6WdDFA4
무한의농장 ๑◣﹏◢๑,조회수 9회,2019. 12. 8.,2,0,펭구 유튭 시즌3,구독자 6명,https://www.youtube.com/watch?v=E1IXd5i7Wic
무한의농장,조회수 17회,2019. 12. 8.,2,0,모찌,구독자 2명,https://www.youtube.com/watch?v=i43Hch1K-vU
버그판 링크))콜오브듀티 배틀그라운드 무한의농장 냥코대전쟁(설참),조회수 134회,2019. 12. 8.,1,0,Sang hun,,https://www.youtube.com/watch?v=x2HNIoIl2L4
무한의 농장 설인당근에서 선물상자 당근으로 가즈아!!!,조회수 1회,2019. 12. 8.,0,0,박아재박사 TV,구독자 6명,https://www.youtube.com/watch?v=MtME7jaNt2o
무한의 농장게임 플레이(무편집영상),조회수 4회,2019. 12. 8.,0,0,평화로운밤이일기,구독자 20명,https://www.youtube.com/watch?v=R7odVRKRXDY
(ok돼지은행) 무한의농장 게임 좀비농장,조회수 6회,2019. 12. 9.,1,0,ok돼지은행,구독자 4명,https://www.youtube.com/watch?v=1tUL8AMbTew
(ok돼지은행) 무한의농장 게임 (당근농장),조회수 2회,2019. 12. 9.,0,0,ok돼지은행,구독자 4명,https://www.youtube.com/watch?v=9-lRyYVJBpU
[엔딩리프] 무한의 농장을 2019년 10월까지 한 것입니다.,조회수 46회,2019. 12. 9.,1,0,엔딩리프,구독자 22명,https://www.youtube.com/watch?v=ZjOLm02sIfY
당근 농장[무한의 농장],조회수 3회,2019. 12. 9.,1,0,냥코마크,구독자 3명,https://www.youtube.com/watch?v=u86grgfCKsU
무한의 금고,조회수 729회,2019. 2. 26.,5,8,꿈띵,구독자 23명,https://www.youtube.com/watch?v=eO5-trLV-PM
무한의 계단 맨인블랙 외계로봇 (자막 있음),"조회수 7,525회",2019. 3. 18.,114,5,오치,구독자 6.6만명,https://www.youtube.com/watch?v=nHmw4OWOZcQ
10만원 질러서 끝까지 다봤습니다 - [썩쏘],"조회수 212,294회",2019. 8. 12.,1.7천,132,썩쏘TV,구독자 40.3만명,https://www.youtube.com/watch?v=hEnQbsf9MsY
무한의농장간단리뷰플레이영상1화,조회수 657회,2019. 8. 13.,5,13,브롤레고,구독자 32명,https://www.youtube.com/watch?v=iTCCvRp5kxk
무한의농장1화,조회수 202회,2019. 8. 14.,3,1,K의게임마을,구독자 12명,https://www.youtube.com/watch?v=VNPChaFnxb0
무한의농장2화,조회수 407회,2019. 8. 14.,6,0,K의게임마을,구독자 12명,https://www.youtube.com/watch?v=Wg1Ic40kkQk
무한의 농장,조회수 127회,2019. 8. 15.,4,0,Xenon No.54_링링,구독자 47명,https://www.youtube.com/watch?v=ygjW_508Kcs
무한의농장2화간단리뷰플레이영상,조회수 149회,2019. 8. 16.,1,0,브롤레고,구독자 32명,https://www.youtube.com/watch?v=GoiZZMLgP2Q
[무한의 농장] 무한으로 당근생성 하기 ㅋㅋ,"조회수 1,973회",2019. 8. 18.,7,1,억새,,https://www.youtube.com/watch?v=nin9dfXphxI
"무한의농장5화당근,감자,생선농장까지했어요","조회수 1,306회",2019. 8. 18.,7,8,브롤레고,구독자 32명,https://www.youtube.com/watch?v=s7vsV4czgZw
[무한의농장] 새로운 감자농장 생성~,"조회수 3,035회",2019. 8. 19.,18,5,억새,,https://www.youtube.com/watch?v=akW1jtHpTkA
[무한의농장] 농부 만렙찍고 어부전직!!,"조회수 3,809회",2019. 8. 20.,13,0,억새,,https://www.youtube.com/watch?v=EmPB08hCcBM
무한의농장(오토마우스의 힘,조회수 89회,2019. 8. 20.,2,0,뉴지니어스,구독자 30명,https://www.youtube.com/watch?v=OQ63bmj93cc
무한의 농장 당근마지막,"조회수 1,602회",2019. 8. 20.,14,5,Dark펭귄,구독자 43명,https://www.youtube.com/watch?v=KByZz-tH4b0
무한의농장7화1나만더하면킅이다간닩리뷰플레이영상,조회수 363회,2019. 8. 20.,1,2,브롤레고,구독자 32명,https://www.youtube.com/watch?v=oHTiZFvtkCo
[무한의농장] 좀비키우기,"조회수 6,793회",2019. 8. 21.,20,5,억새,,https://www.youtube.com/watch?v=_8y4sGhbqf8
무한의농장 리뷰 (seunglim),조회수 451회,2019. 8. 21.,8,0,승림 TV,구독자 45명,https://www.youtube.com/watch?v=R3q0yMP5IRo
무한의 농장!!,조회수 12회,2019. 8. 21.,0,0,하림,구독자 7명,https://www.youtube.com/watch?v=nUqBrMLWLzY
[무한의 농장] 마지막 농장!!!,"조회수 14,089회",2019. 8. 23.,56,7,억새,,https://www.youtube.com/watch?v=BCFaGJPl-os
무한의농장8화!,조회수 361회,2019. 8. 26.,0,2,브롤레고,구독자 32명,https://www.youtube.com/watch?v=D5cQNdoNHtY
"무한의 농장 소개(당근 농장,감자 농장,생선 농장)",조회수 198회,2019. 8. 27.,좋아요,싫어요,유디유튜브,,https://www.youtube.com/watch?v=3lxey72lOa4
무한의 농장리뷰!,조회수 773회,2019. 9. 11.,4,2,Dark펭귄,구독자 43명,https://www.youtube.com/watch?v=Z8tFL9QX7zU
[엔딩리프] 무한의 농장 모든 농장 생산물 LV.30 되는 장면,"조회수 1,335회",2019. 9. 23.,9,1,엔딩리프,구독자 22명,https://www.youtube.com/watch?v=WNpjZ5E1sWE
무한의농장9화다시돌와왔다!간단리뷰플레이영상,조회수 950회,2019. 9. 25.,5,5,브롤레고,구독자 32명,https://www.youtube.com/watch?v=WMhpGbfKgYo
Omlet Argade에서 제 방송을 확인해 주세요!무한의 농장,조회수 1회,실시간 스트리밍 시작일: 2019. 11. 23.,0,0,쭈은쭈니,구독자 3명,https://www.youtube.com/watch?v=k9Mwm32V4BU
"무한의 계단, 무한의 기차, 무한의 농장 시리즈 플레이! 내일은 드빌,좀비고각!",조회수 173회,실시간 스트리밍 시작일: 2019. 11. 30.,0,0,GJ대잭팟,구독자 1.38만명,https://www.youtube.com/watch?v=0HTZS1xBNxo
"무한의 계단, 무한의 기차, 무한의 농장 시리즈 플레이! 내일은 드빌,좀비고각!",조회수 242회,실시간 스트리밍 시작일: 2019. 11. 30.,7,0,GJ대잭팟,구독자 1.38만명,https://www.youtube.com/watch?v=rJ3pSgLacYA
[20191204] (1)무한의 농장 (2)월간 아이돌 (3)프로듀스 아이돌 (4)무한의계단,조회수 7회,실시간 스트리밍 시작일: 2019. 12. 4.,0,0,깡미,구독자 3명,https://www.youtube.com/watch?v=SuvHRWZhlok
무한의 농장 당근 마지막 단계 갑시다,조회수 4회,실시간 스트리밍 시작일: 2019. 12. 6.,1,0,성게유튜브,구독자 17명,https://www.youtube.com/watch?v=uEXiHbJKSfc
무한의 농장 당근 마지막 단계 갑시다,조회수 31회,실시간 스트리밍 시작일: 2019. 12. 6.,0,0,성게유튜브,구독자 17명,https://www.youtube.com/watch?v=R5QH3WTE3cE
