﻿title,count,date,good_count,bad_count,youtuber,subscriber,url
Stencil Art - Spray masters (Lion studios) | Stencil Art - Spray masters android gameplay,조회수 35회,2019. 11. 12.,0,0,Ak me Paul,,https://www.youtube.com/watch?v=7srsiiSBt1s
Stencil Art - Spray masters ( Lion studios) #1,조회수 13회,2019. 11. 12.,0,0,Ak me Paul,,https://www.youtube.com/watch?v=WwboWSTQAlc
Stencil Art - Spray master #2,조회수 5회,2019. 11. 12.,0,0,Ak me Paul,,https://www.youtube.com/watch?v=2cwDfQ4_mxI
Stencil Art - Spray Masters IOS Gameplay,조회수 793회,2019. 11. 12.,47,0,F2PlayGames,구독자 1.33천명,https://www.youtube.com/watch?v=h-rlSCa6BaQ
Stencil Art level 1-20 Ios Gameplay-HD,조회수 27회,2019. 11. 13.,0,0,Taply Gameplay,구독자 96명,https://www.youtube.com/watch?v=zQr0CE6iPE4
I downloaded this game it’s called stencil art,조회수 6회,2019. 11. 13.,0,0,TheofficialKayleigh Gilmore,구독자 3명,https://www.youtube.com/watch?v=Uaq5oTNf0rE
Stencil Art - Spray Masters 100 LEVELS GAMEPLAY | Stencil Art Complete Gameplay,"조회수 4,248회",2019. 11. 14.,74,5,TheGameAnswers,구독자 2.6만명,https://www.youtube.com/watch?v=wJRU0bvPGCI
Stencil Art Spray Masters - Gameplay,조회수 212회,2019. 11. 14.,4,1,Gamers Unbounded,구독자 454명,https://www.youtube.com/watch?v=sRNCsPqjwPA
Stencil Art - Spray Masters Game Walkthrough Level 1-25,"조회수 1,379회",2019. 11. 15.,25,1,Top Games Walkthrough,구독자 2.75만명,https://www.youtube.com/watch?v=nMmAnZK9WQU
Stencil Art level 21-30 ios Gameplay-HD,조회수 23회,2019. 11. 15.,1,0,Taply Gameplay,구독자 96명,https://www.youtube.com/watch?v=QFnrkchBT5k
Stencil Art,조회수 23회,2019. 11. 16.,3,0,Let's Play It!!!,구독자 3명,https://www.youtube.com/watch?v=bnBm0rp-y-0
Making stencil art game,조회수 23회,2019. 11. 16.,4,0,12345princessleia678910,구독자 101명,https://www.youtube.com/watch?v=0JzJbmg2f9s
Stencil Art level 30-40 Ios Gameplay-HD,조회수 17회,2019. 11. 17.,0,0,Taply Gameplay,구독자 96명,https://www.youtube.com/watch?v=6xOx7mtONsM
Stencil Art - Spray Masters Game Walkthrough Level 26-50,조회수 573회,2019. 11. 18.,8,3,Top Games Walkthrough,구독자 2.75만명,https://www.youtube.com/watch?v=MnaxyFpBaNk
Stencil Art Spray Masters Gameplay Walkthrough - First Impressions,조회수 22회,2019. 11. 19.,1,0,TapGameplayed,구독자 7.09천명,https://www.youtube.com/watch?v=8rV-47kjeC0
Stencil Art Spray Masters - Zostałem mistrzem malowania!,조회수 329회,2019. 11. 19.,30,0,BrotTV,구독자 16.5만명,https://www.youtube.com/watch?v=L776mPJExR8
Stencil Art - Spray Masters,조회수 10회,2019. 11. 19.,1,0,Gamer360XD 2,구독자 907명,https://www.youtube.com/watch?v=eZwnDx5_Yl8
STENCIL ART (SPRAY MASTER). Levels 1-25 Walkthrough,조회수 20회,2019. 11. 19.,1,0,Stratomobile,,https://www.youtube.com/watch?v=F_Fuj8Q3_vs
STENCIL ART (SPRAY MASTER). Levels 26-50 Walkthrough,조회수 8회,2019. 11. 20.,0,0,Stratomobile,,https://www.youtube.com/watch?v=RSOLENgBrLc
Stencil Art - Spray Masters Android Gameplay,조회수 329회,2019. 11. 20.,7,2,KruGames,구독자 16.5만명,https://www.youtube.com/watch?v=9JOin5aG0G4
Stencil Art Spray Masters (by Lion Studios) Android Gameplay Walkthrough 1-15 Levels,조회수 564회,2019. 11. 20.,5,0,Android Gameplay Weekly,구독자 31.9만명,https://www.youtube.com/watch?v=XlthGqc5zf8
STENCIL ART (SPRAY MASTER). Levels 51-75 Walkthrough,조회수 5회,2019. 11. 20.,1,0,Stratomobile,,https://www.youtube.com/watch?v=CNC31d3YtAI
Stencil Art - Spray Masters Game Walkthrough Level 51-75,조회수 447회,2019. 11. 21.,10,1,Top Games Walkthrough,구독자 2.75만명,https://www.youtube.com/watch?v=hSwOpF-nxTE
Stencil Art - Spray Masters Gameplay Level: 1-10 #1 (Android),조회수 9회,2019. 11. 22.,0,0,Monster Squid,구독자 11명,https://www.youtube.com/watch?v=0yNYUBQp00k
STENCIL ART (SPRAY MASTER). Levels 76-100 Walkthrough,조회수 31회,2019. 11. 22.,1,0,Stratomobile,,https://www.youtube.com/watch?v=hMty4Ulczbg
STENCIL ART (SPRAY MASTER). Levels 101-125 Walkthrough,조회수 7회,2019. 11. 24.,0,0,Stratomobile,,https://www.youtube.com/watch?v=1LaTX2kvuzE
The monster is so scary - Stencil Art,조회수 5회,2019. 11. 24.,0,0,Ara Trendy Games,구독자 39명,https://www.youtube.com/watch?v=LsVUFNOy0Z8
The Puppy is so cute - Stencil Art,조회수 11회,2019. 11. 25.,4,0,Ara Trendy Games,구독자 39명,https://www.youtube.com/watch?v=5o3rB4aRz-E
Stencil Art - Spray Masters ( Android Gameplay ) Level 1-24,조회수 9회,2019. 11. 25.,2,0,Lima Khanom,구독자 125명,https://www.youtube.com/watch?v=mPMNzRZRYQY
Stencil Art - Spray Masters 1-20 level - Lion Studios Game 2019,조회수 32회,2019. 11. 25.,1,1,Android GAMES,구독자 4.52천명,https://www.youtube.com/watch?v=wjqbwRGv7ZE
Stencil Art - Spray Masters Gameplay Level: 21-30 #3 (Android),조회수 14회,2019. 11. 25.,0,0,Monster Squid,구독자 11명,https://www.youtube.com/watch?v=nF7c203he5w
Stencil Art - Spray Masters LEVEL 101-170 Gameplay,조회수 311회,2019. 11. 25.,7,0,TheGameAnswers,구독자 2.6만명,https://www.youtube.com/watch?v=ChLOjgkeUBM
STENCIL ART (SPRAY MASTER). Levels 126-150 Walkthrough,조회수 10회,2019. 11. 25.,0,0,Stratomobile,,https://www.youtube.com/watch?v=UJYIvVlrqYw
Stencil Art - Spray Masters Gameplay Level: 11-20 #2 (Android),조회수 3회,2019. 11. 25.,0,0,Monster Squid,구독자 11명,https://www.youtube.com/watch?v=zR0sunoP6fk
Stencil Art - Spray Masters Game Walkthrough Level 76-100,조회수 439회,2019. 11. 25.,5,0,Top Games Walkthrough,구독자 2.75만명,https://www.youtube.com/watch?v=ftwRXa9RgrQ
Stencil Art Gameplay - Level 1-15 Walkthrough (Android/IOS),조회수 6회,2019. 11. 25.,0,0,Runyo,구독자 3.63천명,https://www.youtube.com/watch?v=reAeTFm1poI
Sophia and Bella Playing Stencil Art!,조회수 1회,2019. 11. 26.,0,0,Heart Games,구독자 1명,https://www.youtube.com/watch?v=JRbimMAhrUo
Stencil Art Spray Masters: level 1 to 30 - Gameplay Walkthrough Part 1,조회수 40회,2019. 11. 26.,2,0,GamePlays365,구독자 710명,https://www.youtube.com/watch?v=ewFycPUgsIQ
STENCIL ART (SPRAY MASTER). Last levels 151-170 Walkthrough,조회수 29회,2019. 11. 26.,1,0,Stratomobile,,https://www.youtube.com/watch?v=UD2blynRcSc
Christmas is here - Stencil Art,조회수 14회,2019. 11. 27.,1,0,Ara Trendy Games,구독자 39명,https://www.youtube.com/watch?v=bQ5-060CouE
Playing this new game called Stencil Art!! My arts is so good! -Gameplay-,조회수 11회,2019. 11. 28.,0,0,Danish0901 TV,구독자 16명,https://www.youtube.com/watch?v=iC9OS_kcf-M
Stencil Art - Spray Masters (2019),조회수 3회,2019. 11. 29.,0,0,"Mobile Games - Android,IOS",구독자 72명,https://www.youtube.com/watch?v=SlEY2ZX3gt0
Stencil Art - Spray Masters Gameplay Level: 31-40 #4 (Android),조회수 5회,2019. 11. 29.,0,0,Monster Squid,구독자 11명,https://www.youtube.com/watch?v=irupmPijVM4
STENCIL ART - SPRAY MASTERS!!!!EVOLUTION!!!!GAMEPLAY!!!!MAX LEVEL`S!!!!,조회수 2회,2019. 11. 30.,0,0,Powerglide,구독자 56명,https://www.youtube.com/watch?v=aMr33v28yv4
Stencil Art - Spray Masters - Gameplay,조회수 794회,2019. 11. 8.,15,0,daydreamz studio,구독자 834명,https://www.youtube.com/watch?v=gM0kpjnDjUI
Stencil Art - Spray Masters - Gameplay IOS,조회수 137회,2019. 11. 9.,2,1,MediaTech - Gameplay Channel,,https://www.youtube.com/watch?v=gXroHo92wHI
Stencil art - spray masters gameplay FHD! | Stencil art game!,조회수 8회,2019. 12. 1.,0,0,Ak me Paul,,https://www.youtube.com/watch?v=6Ym0q8D8e-s
Stencil Art - Spray Masters Mod Apk (Oyun),조회수 27회,2019. 12. 1.,0,0,ModApkOyun,구독자 804명,https://www.youtube.com/watch?v=KTlqQRnnvkY
Stencil Art - Spray Masters (By Lion Studio) | Android iOS Gameplay |,조회수 14회,2019. 12. 2.,3,0,Shivam Gamer,구독자 6.85천명,https://www.youtube.com/watch?v=GI8ZzF70XtQ
Stencil Art Spray Masters Game Android ios App Apk Mobile Iphone New Trending Lion Studios,조회수 13회,2019. 12. 2.,3,0,Scottish Gaming Duo,구독자 1.25천명,https://www.youtube.com/watch?v=IDxiqT3m6fo
Stencil Art Spray Masters,조회수 4회,2019. 12. 3.,0,0,Level Up,,https://www.youtube.com/watch?v=3wMl5edZ_0w
tencil Art - Spray Masters (by Lion Studios) - Android / iOS Gameplay,조회수 2회,2019. 12. 8.,0,0,TeBsZzz Gaming,구독자 1.77천명,https://www.youtube.com/watch?v=pg4Yjw-oxHY
Stencil Art - Spray Masters,조회수 12회,2019. 12. 8.,1,0,Ninja franklin,구독자 7명,https://www.youtube.com/watch?v=_p0ELb45WXM
