﻿title,count,date,good_count,bad_count,youtuber,subscriber,url
"워드퍼즐,재미있는가족게임,단어퍼즐,단어력증강,라파게임방",조회수 128회,2019. 10. 1.,0,0,이동진,구독자 1.2천명,https://www.youtube.com/watch?v=fKBYVQHURvw
"라파게임방,워드퍼즐,사자성어는포기",조회수 243회,2019. 10. 1.,2,0,이동진,구독자 1.2천명,https://www.youtube.com/watch?v=eLqV-WZSEBw
"라파게임방,워드퍼즐,아내승리,어렵다",조회수 26회,2019. 10. 1.,0,0,이동진,구독자 1.2천명,https://www.youtube.com/watch?v=JwtfiVmniHY
워드타워 8편,조회수 16회,2019. 10. 10.,0,0,민승서영커플영화계정,구독자 145명,https://www.youtube.com/watch?v=8IBUyvYq_VM
워드타워 스테이지5~6 ing,조회수 16회,2019. 10. 13.,0,0,시베리안코로스케,구독자 4명,https://www.youtube.com/watch?v=TsSMnMQ3pZY
워드타워 1편,조회수 58회,2019. 10. 2.,0,0,민승서영커플영화계정,구독자 145명,https://www.youtube.com/watch?v=2iosaW-0_mg
[워드타워2 - 세계여행 모바일게임] 스테이지14 - 캐나다 밴프 - 51 ~ 100 정답 공략 영상!!,조회수 189회,2019. 10. 2.,1,0,모바일게임픽 MobileGamePick,,https://www.youtube.com/watch?v=n47daBxHSSw
[SM엔터테인먼트]레이 우롱 휴대폰의 모바일 게임 TV광고 [워드퍼즐 - 단어 게임 편],조회수 109회,2019. 10. 20.,1,0,서울4호선469편성,구독자 283명,https://www.youtube.com/watch?v=BKSmjVJBt6E
이런 말이 있나 싶은데 있네요. 십자말 풀이 모바일 게임 - 워드퍼즐 - MOBILE화면용,조회수 28회,2019. 10. 22.,0,1,객설TV,구독자 17명,https://www.youtube.com/watch?v=jUohgfb6X2w
[똥손마미] 가로세로 낱말 퍼즐 맞추는(워드 퍼즐)게임을 즐겨보아요,조회수 97회,2019. 11. 1.,3,0,똥손마미 DDONGSONMAMMY,구독자 18명,https://www.youtube.com/watch?v=rrp8r4kPE18
워드 여행 - 두뇌 트레이닝 세계 여행 퍼즐,조회수 13회,2019. 11. 12.,0,0,왕웨이,,https://www.youtube.com/watch?v=zMQgucOzlC0
오늘은 워드퍼즐 이라는 게임을 하였습니다!,조회수 30회,2019. 11. 19.,1,0,발로TV발로TV,구독자 15명,https://www.youtube.com/watch?v=vdsc9Jt4juI
워드퍼즐꿀잼,조회수 2회,2019. 11. 23.,0,0,Wonju Lee,구독자 2명,https://www.youtube.com/watch?v=OOUb8M0q4ms
이런 말이 있나 싶은데 있네요. 십자말 풀이 모바일 게임 - 워드퍼즐 - PC화면용,조회수 37회,2019. 11. 3.,0,0,객설TV,구독자 17명,https://www.youtube.com/watch?v=uhp9yGq89Oc
🎮Word Puzzle ✏워드퍼즐✏ 플레이영상 🎮,조회수 16회,2019. 11. 30.,0,0,날아라시옹잉,구독자 14명,https://www.youtube.com/watch?v=r-zoVho84NE
워드퍼즐 / 레벨 41 ~ 레벨 50,조회수 3회,2019. 12. 11.,0,0,스벌TV,구독자 3명,https://www.youtube.com/watch?v=G4dvpNyy31k
워드퍼즐 / 레벨 21 ~ 레벨 30,조회수 2회,2019. 12. 8.,0,0,스벌TV,구독자 3명,https://www.youtube.com/watch?v=SrtryD1drnk
워드퍼즐 / 레벨 31 ~ 레벨 40,조회수 6회,2019. 12. 9.,0,0,스벌TV,구독자 3명,https://www.youtube.com/watch?v=CHuBZIUJxPA
WORD STACKS GAME 🎮 apps itunes words puzzle juego игра 遊戲 Spiel ゲーム 경기 vocabulary mind iq good,조회수 8회,2019. 4. 17.,0,0,Inspiration House Network,구독자 406명,https://www.youtube.com/watch?v=DulvTA399RI
단어 찾기 퍼즐 게임 - Word Search,조회수 38회,2019. 4. 18.,3,0,Jeongeun Lee,구독자 1명,https://www.youtube.com/watch?v=u9B6f5VQMG0
워드퍼즐 - 단어 게임,"조회수 8,121회",2019. 7. 25.,2,2,games kerun,구독자 59명,https://www.youtube.com/watch?v=u_TwSRaC3WY
워드타워2 단어찾기 쾌감 - 스테이지2 21~ 25레벨 플레이영상,조회수 490회,2019. 8. 15.,4,0,잼킴TV,구독자 1.35천명,https://www.youtube.com/watch?v=Fx20V_Ue65k
워드타워2 단어찾기 쾌감 - 스테이지2 37~ 46레벨 플레이영상,조회수 373회,2019. 8. 15.,4,0,잼킴TV,구독자 1.35천명,https://www.youtube.com/watch?v=q6915GqFNbo
워드타워 세계여행 단어찾기 쾌감 - 스테이지2 48~ 51레벨 플레이영상,"조회수 1,194회",2019. 8. 15.,2,1,잼킴TV,구독자 1.35천명,https://www.youtube.com/watch?v=efKF3VkwKts
워드타워 세계여행 단어찾기 쾌감 - 스테이지2 53~ 55레벨 플레이영상,조회수 217회,2019. 8. 15.,2,0,잼킴TV,구독자 1.35천명,https://www.youtube.com/watch?v=Iu4u0KUoVa4
워드타워 세계여행 단어찾기 쾌감 - 스테이지2 51~ 53레벨 플레이영상,조회수 178회,2019. 8. 15.,3,0,잼킴TV,구독자 1.35천명,https://www.youtube.com/watch?v=FzkO3KyJUhg
[워드타워2 - 세계여행 모바일게임] 스테이지1 _ 페루 마추픽추 71~80 정답 공략 영상!!,조회수 313회,2019. 8. 21.,1,0,모바일게임픽 MobileGamePick,,https://www.youtube.com/watch?v=JkxdcD7noTM
[워드타워2 - 세계여행 모바일게임] 스테이지1 _ 페루 마추픽추 1~40 정답 공략 영상!!,조회수 284회,2019. 8. 21.,3,1,모바일게임픽 MobileGamePick,,https://www.youtube.com/watch?v=WpaCaFINSfg
[워드타워2 - 세계여행 모바일게임] 스테이지1 _ 페루 마추픽추 41~70 정답 공략 영상!!,조회수 395회,2019. 8. 21.,0,0,모바일게임픽 MobileGamePick,,https://www.youtube.com/watch?v=Y7gXlGdg8zk
[워드타워2 세계여행 모바일게임] 스테이지2 - 그리스 산토리니 - 1~30 정답 공략 영상!!,조회수 559회,2019. 8. 22.,6,0,모바일게임픽 MobileGamePick,,https://www.youtube.com/watch?v=vKS4VTDKelc
[워드타워2 - 세계여행 모바일게임] 스테이지2 - 그리스 산토리니 - 31~60 정답 공략 영상!!,조회수 481회,2019. 8. 22.,3,0,모바일게임픽 MobileGamePick,,https://www.youtube.com/watch?v=RXf-hDmlzzc
[워드타워2 - 세계여행 모바일게임] 스테이지2 - 그리스 산토리니 - 61~80 정답 공략 영상!!,조회수 472회,2019. 8. 22.,3,2,모바일게임픽 MobileGamePick,,https://www.youtube.com/watch?v=kLGr-ICN6MM
[워드타워2 - 세계여행 모바일게임] 스테이지3 - 러시아 모스크바 - 41~60 정답 공략 영상!!,조회수 193회,2019. 8. 23.,1,0,모바일게임픽 MobileGamePick,,https://www.youtube.com/watch?v=N6BX8k8AMa0
[워드타워2 - 세계여행 모바일게임] 스테이지3 - 러시아 모스크바 - 21~40 정답 공략 영상!!,조회수 206회,2019. 8. 23.,0,0,모바일게임픽 MobileGamePick,,https://www.youtube.com/watch?v=y-h1-rUBQT0
[워드타워2 - 세계여행 모바일게임] 스테이지3 - 러시아 모스크바 - 1~20 정답 공략 영상!!,조회수 198회,2019. 8. 23.,1,0,모바일게임픽 MobileGamePick,,https://www.youtube.com/watch?v=a0qafOLW13o
[워드타워2 - 세계여행 모바일게임] 스테이지4 - 아이슬란드 게이시르 - 1~20 정답 공략 영상!!,조회수 236회,2019. 8. 24.,1,0,모바일게임픽 MobileGamePick,,https://www.youtube.com/watch?v=a8K7hgkJje4
[워드타워2 - 세계여행 모바일게임] 스테이지3 - 러시아 모스크바 - 61~80 정답 공략 영상!!,조회수 188회,2019. 8. 24.,0,0,모바일게임픽 MobileGamePick,,https://www.youtube.com/watch?v=jyncPNavbJI
[워드타워2 - 세계여행 모바일게임] 스테이지4 - 아이슬란드 게이시르 - 21~40 정답 공략 영상!!,조회수 234회,2019. 8. 24.,1,1,모바일게임픽 MobileGamePick,,https://www.youtube.com/watch?v=HjUfJokoP30
[워드타워2 - 세계여행 모바일게임] 스테이지4 - 아이슬란드 게이시르 - 61~80 정답 공략 영상!!,조회수 319회,2019. 8. 25.,3,0,모바일게임픽 MobileGamePick,,https://www.youtube.com/watch?v=Nj8NM8NPURg
[워드타워2 - 세계여행 모바일게임] 스테이지4 - 아이슬란드 게이시르 - 41~60 정답 공략 영상!!,조회수 246회,2019. 8. 25.,1,0,모바일게임픽 MobileGamePick,,https://www.youtube.com/watch?v=eMcuVmodWTc
[워드타워2 - 세계여행 모바일게임] 스테이지5 - 중국 홍콩 - 1~20 정답 공략 영상!!,조회수 132회,2019. 8. 26.,1,0,모바일게임픽 MobileGamePick,,https://www.youtube.com/watch?v=U8hb0P7W4QE
[워드타워2 - 세계여행 모바일게임] 스테이지5 - 중국 홍콩 - 21~40 정답 공략 영상!!,조회수 146회,2019. 8. 26.,1,0,모바일게임픽 MobileGamePick,,https://www.youtube.com/watch?v=exjpEueHAC0
[워드타워2 - 세계여행 모바일게임] 스테이지5 - 중국 홍콩 - 41~60 정답 공략 영상!!,조회수 106회,2019. 8. 27.,1,0,모바일게임픽 MobileGamePick,,https://www.youtube.com/watch?v=8ET_WOX0F-k
[워드타워2 - 세계여행 모바일게임] 스테이지5 - 중국 홍콩 - 61~80 정답 공략 영상!!,조회수 141회,2019. 8. 28.,1,0,모바일게임픽 MobileGamePick,,https://www.youtube.com/watch?v=YkUsVxEDphg
[워드타워2 - 세계여행 모바일게임] 스테이지6 - 이탈리아 베니스 - 1~20 정답 공략 영상!!,조회수 110회,2019. 8. 29.,1,0,모바일게임픽 MobileGamePick,,https://www.youtube.com/watch?v=9wL3I-SeDDQ
[워드타워2 - 세계여행 모바일게임] 스테이지6 - 이탈리아 베니스 - 21~40 정답 공략 영상!!,조회수 110회,2019. 8. 30.,1,0,모바일게임픽 MobileGamePick,,https://www.youtube.com/watch?v=JKPXIU0OT1Q
[워드타워2 - 세계여행 모바일게임] 스테이지6 - 이탈리아 베니스 - 61~80 정답 공략 영상!!,조회수 93회,2019. 8. 31.,2,0,모바일게임픽 MobileGamePick,,https://www.youtube.com/watch?v=ZXaV53u49_s
[워드타워2 - 세계여행 모바일게임] 스테이지6 - 이탈리아 베니스 - 41~60 정답 공략 영상!!,조회수 124회,2019. 8. 31.,1,1,모바일게임픽 MobileGamePick,,https://www.youtube.com/watch?v=Uyrzh3i9Idg
워드타워2 - 두뇌활동과 단어찾기 쾌감 - 스테이지1 레벨31부터 38레벨,"조회수 2,302회",2019. 8. 9.,7,1,잼킴TV,구독자 1.35천명,https://www.youtube.com/watch?v=lt5-39szC3w
워드타워2 스테이지6 34-53레벨,조회수 518회,2019. 9. 10.,4,1,잼킴TV,구독자 1.35천명,https://www.youtube.com/watch?v=-PhvZ6INWKE
[워드타워2 - 세계여행 모바일게임] 스테이지8 - 인도 타지마할 - 1~20 정답 공략 영상!!,조회수 136회,2019. 9. 10.,2,0,모바일게임픽 MobileGamePick,,https://www.youtube.com/watch?v=EGhRST9Kbbo
워드타워2 스테이지6 54-80레벨 공략,조회수 527회,2019. 9. 10.,5,0,잼킴TV,구독자 1.35천명,https://www.youtube.com/watch?v=TRI786pwyDk
[워드타워2 - 세계여행 모바일게임] 스테이지8 - 인도 타지마할 - 21~40 정답 공략 영상!!,조회수 86회,2019. 9. 11.,1,0,모바일게임픽 MobileGamePick,,https://www.youtube.com/watch?v=MZIstwt4P1U
[워드타워2 - 세계여행 모바일게임] 스테이지8 - 인도 타지마할 - 41~60 정답 공략 영상!!,조회수 73회,2019. 9. 12.,1,0,모바일게임픽 MobileGamePick,,https://www.youtube.com/watch?v=odf6ru3G8LM
[워드타워2 - 세계여행 모바일게임] 스테이지8 - 인도 타지마할 - 61~80 정답 공략 영상!!,조회수 85회,2019. 9. 14.,1,0,모바일게임픽 MobileGamePick,,https://www.youtube.com/watch?v=yXdpvNtfOMQ
[워드타워2 - 세계여행 모바일게임] 스테이지9 - 대한민국 제주도 - 1~40 정답 공략 영상!!,조회수 71회,2019. 9. 16.,2,0,모바일게임픽 MobileGamePick,,https://www.youtube.com/watch?v=whw-bkNSNTY
워드타워2 스테이지8 46-80레벌,조회수 564회,2019. 9. 16.,4,0,잼킴TV,구독자 1.35천명,https://www.youtube.com/watch?v=v8AtiH96OjY
워드타워2 스테이지8 14-46레벨,조회수 382회,2019. 9. 16.,3,0,잼킴TV,구독자 1.35천명,https://www.youtube.com/watch?v=7WOwBsPJeA0
[워드타워2 - 세계여행 모바일게임] 스테이지9 - 대한민국 제주도 - 41~80 정답 공략 영상!!,조회수 74회,2019. 9. 16.,0,0,모바일게임픽 MobileGamePick,,https://www.youtube.com/watch?v=0iafGDXq8IM
워드타워2 스테이지9 1-40레벨,조회수 629회,2019. 9. 18.,3,0,잼킴TV,구독자 1.35천명,https://www.youtube.com/watch?v=zgChxc7oOvs
[워드타워2 - 세계여행 모바일게임] 스테이지7 - 미국 하와이 - 1~20 정답 공략 영상!!,조회수 89회,2019. 9. 2.,2,0,모바일게임픽 MobileGamePick,,https://www.youtube.com/watch?v=4nNWkeLsS0s
[워드타워2 - 세계여행 모바일게임] 스테이지10 - 호주 시드니 - 1 ~ 40 정답 공략 영상!!,조회수 67회,2019. 9. 20.,1,0,모바일게임픽 MobileGamePick,,https://www.youtube.com/watch?v=3SfcRD2WUfM
[워드타워2 - 세계여행 모바일게임] 스테이지10 - 호주 시드니 - 41 ~ 80 정답 공략 영상!!,조회수 91회,2019. 9. 23.,1,0,모바일게임픽 MobileGamePick,,https://www.youtube.com/watch?v=r9P2sn6bXmI
[워드타워2 - 세계여행 모바일게임] 스테이지11 - 베트남 하롱베이 - 1 ~ 80 정답 공략 영상!!,조회수 313회,2019. 9. 23.,4,0,모바일게임픽 MobileGamePick,,https://www.youtube.com/watch?v=iGNpfFcH6FE
[워드타워2 - 세계여행 모바일게임] 스테이지12 - 일본 도쿄 - 1 ~ 80 정답 공략 영상!!,조회수 287회,2019. 9. 24.,2,0,모바일게임픽 MobileGamePick,,https://www.youtube.com/watch?v=VSxzMZsqo7c
[워드타워2 - 세계여행 모바일게임] 스테이지13 - 영국 런던 - 1 ~ 80 정답 공략 영상!!,조회수 224회,2019. 9. 25.,0,1,모바일게임픽 MobileGamePick,,https://www.youtube.com/watch?v=q3xEVqsQH2I
워드퍼즐 1단계~10단계,조회수 64회,2019. 9. 26.,2,0,남형,구독자 20명,https://www.youtube.com/watch?v=6wwEGk0dzAc
[워드타워2 - 세계여행 모바일게임] 스테이지7 - 미국 하와이 - 21~40 정답 공략 영상!!,조회수 79회,2019. 9. 3.,1,0,모바일게임픽 MobileGamePick,,https://www.youtube.com/watch?v=ExRmG922XSM
[워드타워2 - 세계여행 모바일게임] 스테이지14 - 캐나다 밴프 - 1 ~ 50 정답 공략 영상!!,조회수 225회,2019. 9. 30.,2,0,모바일게임픽 MobileGamePick,,https://www.youtube.com/watch?v=XA4E1leF_rQ
[워드타워2 - 세계여행 모바일게임] 스테이지7 - 미국 하와이 - 41~60 정답 공략 영상!!,조회수 109회,2019. 9. 4.,1,0,모바일게임픽 MobileGamePick,,https://www.youtube.com/watch?v=wqIs5_n4Nw0
[워드타워2 - 세계여행 모바일게임] 스테이지7 - 미국 하와이 - 61~80 정답 공략 영상!!,조회수 127회,2019. 9. 5.,3,0,모바일게임픽 MobileGamePick,,https://www.youtube.com/watch?v=GN0xmMTNJFg
워드타워2 스테이지6 1-33레벨,조회수 642회,2019. 9. 9.,2,1,잼킴TV,구독자 1.35천명,https://www.youtube.com/watch?v=BVvHAoLfotw
