﻿title,count,date,good_count,bad_count,youtuber,subscriber,url
SUPREME DUELIST STICKMAN - Walkthrough Gameplay Part 26 - GRAPNEL (New Version Android Game),"조회수 15,011회",2019. 10. 1.,129,5,PlaygamedroidPro,,https://www.youtube.com/watch?v=q45PjtPZR14
SUPREME DUELIST STICKMAN Gameplay Walkthrough STICKMAN EPIC BATTLES android gameplay,"조회수 2,885회",2019. 10. 1.,23,0,night gaming,구독자 35.5만명,https://www.youtube.com/watch?v=pcGfcSe2d58
Bocil main game supreme duelist stickman,조회수 4회,2019. 10. 1.,1,0,EVOS gaming,구독자 3명,https://www.youtube.com/watch?v=-EXDChMWTGI
Supreme Duelist Stickman - Kungfu Stickman - Gameplay #17,조회수 3회,2019. 10. 1.,0,1,Stic Gaming,구독자 998명,https://www.youtube.com/watch?v=j2baSUMF6bc
Supreme Duelist Stickman Gameplay [ part 1 _ iOS / android ] .,조회수 440회,2019. 10. 10.,3,1,onezelo,구독자 1.76천명,https://www.youtube.com/watch?v=6bAxwm4hNPo
Game play de supreme duelist stickman,조회수 1회,2019. 10. 10.,0,0,megamano,구독자 13명,https://www.youtube.com/watch?v=iE4qM9tAxiw
"Jogando o jogo ""Supreme Duelist Stickman"" O JOGO MUITO TOP🤓",조회수 45회,2019. 10. 10.,5,3,Emanuel Ricardo Games,구독자 73명,https://www.youtube.com/watch?v=FZaxnZyestg
KARMA glitch supreme duelist,조회수 112회,2019. 10. 11.,5,2,Easter Savage,구독자 16명,https://www.youtube.com/watch?v=7DSysbaUeGg
Astrobot plays Supreme Duelist Stickman(#2),조회수 11회,2019. 10. 11.,1,0,Astrobot 4028,구독자 68명,https://www.youtube.com/watch?v=x5tLg5IDV4Y
Supreme Duelist Stickman: Thanos vs Steve,조회수 6회,2019. 10. 11.,0,0,Brian Mercer Jr,구독자 161명,https://www.youtube.com/watch?v=dHwveavo_tg
Supreme Duelist Stickman - Gameplay Walkthrough Part 5 - Survival,조회수 39회,2019. 10. 13.,0,0,chatoys,구독자 3.3만명,https://www.youtube.com/watch?v=e6jRtbk7xMU
Supreme Duelist Stickman Gameplay [ part 2 _ iOS / android ] .,조회수 365회,2019. 10. 16.,2,0,onezelo,구독자 1.76천명,https://www.youtube.com/watch?v=Vv5lwyh4u3c
supreme duelist stickman,"조회수 3,375회",2019. 10. 16.,24,9,night gaming,구독자 35.5만명,https://www.youtube.com/watch?v=nkln5Czicd8
"Supreme Duelist Stickman - Gameplay Walkthrough Part 13 (Android, iOS Game)","조회수 18,574회",2019. 10. 16.,71,13,Pryszard Android iOS Gameplays,구독자 39.7만명,https://www.youtube.com/watch?v=0N3_UHG1LIE
Supreme duelist stickman 😌,조회수 19회,2019. 10. 17.,4,1,adnec64,구독자 25명,https://www.youtube.com/watch?v=PBYGh4dDbVQ
Supreme Duelist Stickman - Kungfu Stickman - Gameplay #21,조회수 2회,2019. 10. 17.,0,0,Stic Gaming,구독자 998명,https://www.youtube.com/watch?v=4UGLojndlpg
Random Friday (supreme duelist Stickman),조회수 7회,2019. 10. 18.,1,0,Roblox player Djpro2409,구독자 5명,https://www.youtube.com/watch?v=cBTK_JhrDLg
Supreme Duelist Stickman Gameplay,조회수 8회,2019. 10. 18.,2,0,MrHackerGaming,구독자 10명,https://www.youtube.com/watch?v=L_yc5XweLUE
Stormbreaker vs mjolnir epic fight in supreme duelist stickman,조회수 17회,2019. 10. 18.,1,0,leena vayalil,구독자 2명,https://www.youtube.com/watch?v=t1KPfhBMQeE
Supreme duelist stickman gameplay infinity gauntlet vs light saber,조회수 5회,2019. 10. 18.,1,0,Gamer WolfYT,구독자 14명,https://www.youtube.com/watch?v=HHYhfk1I5cI
Supreme Duelist Stickman Update | Green Stickman vs Weapon Shield,"조회수 3,732회",2019. 10. 19.,49,8,Best games,구독자 21.3만명,https://www.youtube.com/watch?v=TspbwQPBW_A
"SUPREME DUELIST STICKMAN survival and 1player (vs AI Lv 9)mode 스틱맨 생존게임하기, AI 레벨 9의 살벌한 전투실력은?",조회수 76회,2019. 10. 2.,5,0,이수와아빠,구독자 85명,https://www.youtube.com/watch?v=cnCg9jsg2r0
Supreme Duelist stickman,조회수 없음,2019. 10. 2.,0,0,Lyonette Denis,구독자 1명,https://www.youtube.com/watch?v=aZSjOqjYICI
GAME LETOY BIKIN NGAKAK || Supreme Duelist Stickman,조회수 114회,2019. 10. 2.,48,0,LIOK GAMING,구독자 156명,https://www.youtube.com/watch?v=IFT3__zgsVU
"Supreme Duelist Stickman - Gameplay Walkthrough Part 12 (Android, iOS Game)","조회수 20,543회",2019. 10. 2.,77,11,Pryszard Android iOS Gameplays,구독자 39.7만명,https://www.youtube.com/watch?v=WJ2DYyzt_Xk
Supreme Duelist Stickman Update | Yellow Stickman Spearton vs Weapon Gauntlet,"조회수 2,347회",2019. 10. 20.,18,1,Best games,구독자 21.3만명,https://www.youtube.com/watch?v=0e0Q2k2ytDk
Supreme Duelist Stickman Update | Red Stickman vs Weapon Guitar,조회수 698회,2019. 10. 21.,9,2,Best games,구독자 21.3만명,https://www.youtube.com/watch?v=V34Xua67eLw
Supreme Duelist Stickman Update | Blue Spider Stickman vs Weapon Grapner,"조회수 2,261회",2019. 10. 21.,25,1,Best games,구독자 21.3만명,https://www.youtube.com/watch?v=sVCu2iC3_s8
SUPREME DUELIST STICKMAN | FUNNY GAMES,조회수 11회,2019. 10. 22.,1,0,PUYER,구독자 574명,https://www.youtube.com/watch?v=6weCrYG7g-I
Supreme Duelist Stickman skills,조회수 13회,2019. 10. 22.,2,0,TeoInfinitul,구독자 11명,https://www.youtube.com/watch?v=DkrWKKaA8zU
Supreme Duelist Stickman Android Game,조회수 35회,2019. 10. 22.,2,0,Gordon Thien,구독자 57명,https://www.youtube.com/watch?v=lbbckjMyY5A
Supreme Duelist Stickman Update | Blue Stickbatman vs Weapon ice Cream,"조회수 2,011회",2019. 10. 22.,21,2,Best games,구독자 21.3만명,https://www.youtube.com/watch?v=-AaQGGmjmgU
"Supreme Duelist Stickman,Scary Teacher 3D,Mr Meat,Sonic,Ice Scream,Temple Run 2,Granny 2,Tank Stars,","조회수 1,724,188회",2019. 10. 23.,7.2천,1.5천,TapCheat,구독자 5.42만명,https://www.youtube.com/watch?v=U0YACfJ54oA
Supreme Duelist Stickman Gameplay Part # 7,"조회수 3,690회",2019. 10. 25.,16,0,NoPurchaseNation,,https://www.youtube.com/watch?v=AcdYEZh_Jl4
Supreme Duelist Stickman Update | Skullcap Stickman vs Weapons Flail,조회수 841회,2019. 10. 25.,12,1,Best games,구독자 21.3만명,https://www.youtube.com/watch?v=a20_zFlaotM
GameMK|Giới thiệu game mới Supreme Duelist Stickman,조회수 10회,2019. 10. 26.,1,0,Game MK,구독자 12명,https://www.youtube.com/watch?v=PEcBuLzfd0w
Supreme Duelist Stickman Part 2,조회수 4회,2019. 10. 26.,1,0,Cyber,구독자 9명,https://www.youtube.com/watch?v=lnxTZF9mkbc
Supreme Duelist Stickman Update | Stickironman vs Weapons Boomerang,"조회수 2,215회",2019. 10. 26.,22,6,Best games,구독자 21.3만명,https://www.youtube.com/watch?v=HQh2C5VNLJU
Supreme Duelist Stickman Gameplay [ part 3 _ iOS / android ] .,조회수 266회,2019. 10. 27.,1,0,onezelo,구독자 1.76천명,https://www.youtube.com/watch?v=I2orbQeizeY
Top 5 Most Useless Weapon in SUPREME DUELIST STICKMAN,"조회수 1,062회",2019. 10. 29.,12,6,Android Rakun,구독자 1.44천명,https://www.youtube.com/watch?v=KtSumr043KA
Supreme Duelist Stickman - 2019-10-29,조회수 3회,2019. 10. 29.,1,0,ey colombo,,https://www.youtube.com/watch?v=yOwb1BX0H3c
Supreme Duelist stickman - Neron's brother - Dream Glow,조회수 140회,2019. 10. 29.,1,0,Dream Glow,구독자 487명,https://www.youtube.com/watch?v=g3FLQPAqS58
SUPREME DUELIST STICKMAN Gameplay Walkthrough STICKMAN EPIC BATTLES android gameplay,조회수 876회,2019. 10. 3.,7,0,night gaming,구독자 35.5만명,https://www.youtube.com/watch?v=n7zKB9ATWU8
Supreme Duelist Stickman Mod Hack apk Unlocked,"조회수 4,379회",2019. 10. 3.,52,15,Mod Mode,구독자 3.41천명,https://www.youtube.com/watch?v=Pt2ixwLIIdQ
Supreme Duelist Stickman - Kungfu Stickman - Gameplay #19,조회수 없음,2019. 10. 3.,0,0,Stic Gaming,구독자 998명,https://www.youtube.com/watch?v=IvF_mGDJZlA
TOP 10 Best Weapon in SUPREME DUELIST STICKMAN,"조회수 5,673회",2019. 10. 30.,79,7,Android Rakun,구독자 1.44천명,https://www.youtube.com/watch?v=tf5II6QQIx4
Supreme Duelist Stickman | How to play supreme Duelist Stickman| BY TECHNICAL BOB G,조회수 13회,2019. 10. 30.,1,0,TECHNICAL BOB G,구독자 38명,https://www.youtube.com/watch?v=sB4u4ZSOdgs
Supreme Duelist Stickman : Arm Cannon Update,"조회수 242,655회",2019. 10. 30.,3.8천,399,Neron's Brother,구독자 9.79만명,https://www.youtube.com/watch?v=dSjzVvqlQqg
Astrobot plays Supreme Duelist Stickman(#4),조회수 8회,2019. 10. 30.,1,0,Astrobot 4028,구독자 68명,https://www.youtube.com/watch?v=pdxvc1TMkjI
"Supreme Duelist Stickman - Gameplay Walkthrough Part 14 (Android, iOS Game)","조회수 6,770회",2019. 10. 30.,24,4,Pryszard Android iOS Gameplays,구독자 39.7만명,https://www.youtube.com/watch?v=bIT8_2q6CGk
Supreme duelist stickman part 1,조회수 2회,2019. 10. 31.,1,0,StickPugSupreme2007,구독자 3명,https://www.youtube.com/watch?v=-ESN7rHo2Sk
SUPREME DUELIST STICKMAN - Walkthrough Gameplay Part 27 - ARM CANNON (New Version Android Game),"조회수 14,805회",2019. 10. 31.,138,11,PlaygamedroidPro,,https://www.youtube.com/watch?v=MAmxaMNUXMg
졸라맨 결투 게임/ Supreme duelist stickman game,조회수 187회,2019. 10. 4.,10,0,[차니화니]좌충우돌 형제 이야기,구독자 46명,https://www.youtube.com/watch?v=zqbCbCxqJqY
Supreme Duelist Stickman: Black king vs Withe king,조회수 6회,2019. 10. 5.,3,0,Player Mad,구독자 16명,https://www.youtube.com/watch?v=9OWv7M_C2yg
Stickman Season | Supreme Duelist Stickman Gameplay | Part # 4,"조회수 1,210회",2019. 10. 5.,7,3,NoPurchaseNation,,https://www.youtube.com/watch?v=t_LLc2HxtmU
Supreme Duelist Stickman이라는 게임을 해봤어요,조회수 9회,2019. 10. 5.,0,0,어국유튜브,구독자 4명,https://www.youtube.com/watch?v=4PvUtzU8N6I
Thanos vs Captain America (Supreme Duelist Stickman),조회수 16회,2019. 10. 5.,1,0,Magar Kto Moh,,https://www.youtube.com/watch?v=otkBLJy1Z70
Supreme duelist Stickman gingerbread Jedi versus Darth Vader,조회수 11회,2019. 10. 6.,0,0,JCraft,구독자 17명,https://www.youtube.com/watch?v=tkXVTgsh550
Let's play supreme duelist stickman,조회수 6회,2019. 10. 6.,0,0,Sam does play,구독자 4명,https://www.youtube.com/watch?v=4ZHqmhRwzi0
Supreme Duelist Stickman - Kungfu Stickman - Gameplay #20,조회수 7회,2019. 10. 6.,1,0,Stic Gaming,구독자 998명,https://www.youtube.com/watch?v=jiZZ905r3Gk
Supreme Spider Stickman Warriors - Stick Fight - Gameplay Walkthrough Part 2 (Android Game),"조회수 2,125회",2019. 10. 7.,35,2,Pryszard Android iOS Gameplays,구독자 39.7만명,https://www.youtube.com/watch?v=CuGBy3azhpQ
SUPREME DUELIST STICKMAN/ BLUE VS YELLOW,조회수 4회,2019. 10. 7.,1,0,Professor Gamer91,구독자 1명,https://www.youtube.com/watch?v=LzWlBjYqibc
Stickman | Supreme Duelist Gameplay Part # 5,"조회수 2,166회",2019. 10. 8.,22,1,NoPurchaseNation,,https://www.youtube.com/watch?v=mZKeSaioCRk
Supreme Duelist Stickman | Best Android Offline Games,조회수 3회,2019. 10. 9.,2,0,Best Android Offline Games,구독자 3명,https://www.youtube.com/watch?v=7PH8FLCHW0w
SUPREME DUELIST STICKMAN - Walkthrough Gameplay Part 28 - KATANA (New Version Android Game),"조회수 203,539회",2019. 11. 1.,1천,77,PlaygamedroidPro,,https://www.youtube.com/watch?v=kFktXWqDSFg
Supreme Duelist Stickman Gameplay Trailer 2019 by MD Series,조회수 70회,2019. 11. 1.,21,0,MD Series,,https://www.youtube.com/watch?v=ERgXNxz9M7w
Stickman # Supreme Duelist Gameplay New Skin Unlocked || Part 9,"조회수 1,687회",2019. 11. 1.,10,3,NoPurchaseNation,,https://www.youtube.com/watch?v=QAtBCZhuCPg
supreme duelist stickman | กูคือทอร์เทพเจ้าสายฟ้า.[ไทย],조회수 67회,2019. 11. 1.,8,0,Garn KP,구독자 53명,https://www.youtube.com/watch?v=wC8OIZGdlHE
OOF / Supreme Duelist Stickman,조회수 20회,2019. 11. 10.,2,0,thesmashbro 85,구독자 48명,https://www.youtube.com/watch?v=1Eyn01F5XjI
Game supreme duelist stickman,조회수 7회,2019. 11. 10.,1,0,Thanh Hoài,구독자 1명,https://www.youtube.com/watch?v=mcSkYqCw8Qc
supreme duelist stickman,"조회수 1,428회",2019. 11. 10.,12,1,night gaming,구독자 35.5만명,https://www.youtube.com/watch?v=EBLOnVvd-qo
Me and my (beanie boo icy plays Supreme duelist (Stickman battle,조회수 9회,2019. 11. 10.,2,0,Anderson Animations,구독자 3명,https://www.youtube.com/watch?v=8c5kT-tomD8
Supreme Duelist Stickman Update | Gameplay Walkthrough Part 1,조회수 500회,2019. 11. 10.,23,2,Best games,구독자 21.3만명,https://www.youtube.com/watch?v=fEVwQyqK30w
Supreme duelist stickman,조회수 8회,2019. 11. 10.,3,0,Wilson Netto WN,구독자 42명,https://www.youtube.com/watch?v=pUyBn4d58UM
Supreme duelist stickman 1v1 to ten wins / level 9 Ai !,조회수 12회,2019. 11. 10.,3,0,coolest dodger,구독자 3명,https://www.youtube.com/watch?v=sGxK8OTJC9A
"Brawl Stars,Temple Run 2,Zooba,Zombie Tsunami,Supreme Duelist,Scary Teacher,Red Ball 4,Hill Climb,","조회수 24,675회",2019. 11. 11.,106,18,TapCheat,구독자 5.42만명,https://www.youtube.com/watch?v=zpND9J0WYtw
Supreme duelist stickman,조회수 9회,2019. 11. 11.,1,0,Daniela Strashilova,구독자 11명,https://www.youtube.com/watch?v=eC7mYEZghhY
Thor VS Iron Man • Supreme Duelist Stickman,조회수 42회,2019. 11. 11.,28,0,Bodr3x Gaming,구독자 259명,https://www.youtube.com/watch?v=pzVpQtrdN8E
Jogando supreme duelist stickman,조회수 6회,2019. 11. 11.,0,0,joão ninja game,구독자 36명,https://www.youtube.com/watch?v=fCusm4HXc1k
I am a bit today at supreme duelist stickman I can't even beat a level 1 will BOT!!!!!!,조회수 6회,2019. 11. 12.,3,0,coolest dodger,구독자 3명,https://www.youtube.com/watch?v=RaJnefVs2yA
SUPREME DUELIST STICKMAN SURVIVAL - New High Score - Arm Cannon,"조회수 1,054회",2019. 11. 12.,12,2,Android Rakun,구독자 1.44천명,https://www.youtube.com/watch?v=WIMurlE9qhw
This game is so fun! || Supreme Duelist Stickman,조회수 30회,2019. 11. 12.,4,0,Kervin PlayZ,구독자 35명,https://www.youtube.com/watch?v=ubMYU8qS6fI
Supreme Duelist Stickman Gameplay [ part 4 _ iOS / android ] .,조회수 191회,2019. 11. 13.,1,0,onezelo,구독자 1.76천명,https://www.youtube.com/watch?v=Hnj0PDgj7I0
supreme stickman battle warrior,조회수 585회,2019. 11. 13.,1,1,night gaming,구독자 35.5만명,https://www.youtube.com/watch?v=8n2u_Zctdfg
supreme duelist stickman - THE SICKLE,"조회수 4,159회",2019. 11. 14.,22,8,night gaming,구독자 35.5만명,https://www.youtube.com/watch?v=0WJnSm8elEc
Top stick man game (supreme duelist),조회수 5회,2019. 11. 14.,2,0,K G Z AMV,구독자 24명,https://www.youtube.com/watch?v=Z-7tavJ4Rc0
Supreme Duelist Stickman Android iOS Gameplay,조회수 10회,2019. 11. 14.,0,0,ABC Games Video,구독자 679명,https://www.youtube.com/watch?v=8xmV8kH54xo
main supreme duelist stickman seru sekali,조회수 12회,2019. 11. 14.,2,0,vincent lorient,구독자 24명,https://www.youtube.com/watch?v=UojfMi3GkOg
Supreme Duelist Stickman. #1,조회수 15회,2019. 11. 14.,5,0,I'm ZiGzaG,구독자 280명,https://www.youtube.com/watch?v=YDLj-rl_qfo
Playing with my sister! | Supreme Duelist stickman |,조회수 25회,2019. 11. 14.,4,0,Shayneehごみ,구독자 42명,https://www.youtube.com/watch?v=-AX0j3rJVqE
SUPREME DUELIST STICKMAN - Walkthrough Gameplay Part 31 - LANCE (New Version Android Game),"조회수 11,502회",2019. 11. 15.,76,7,PlaygamedroidPro,,https://www.youtube.com/watch?v=G8Lrz9LfIbM
Supreme Duelist Stickman,조회수 5회,2019. 11. 15.,0,0,Kahu Drinnan,구독자 2명,https://www.youtube.com/watch?v=PpqipI7b4Co
Supreme Duelist Stickman Gameplay,조회수 없음,2019. 11. 15.,0,0,Gaming Gaming,,https://www.youtube.com/watch?v=9d4O-L4eTYo
Game Unik WAJIB COBA...!! Supreme Duelist Stickman indonesia,조회수 4회,2019. 11. 16.,1,0,Benny Barbar,구독자 1명,https://www.youtube.com/watch?v=vU23OeeuneI
Manqueando hasta en supreme duelist stickman,조회수 10회,2019. 11. 16.,0,0,tito el prooo,,https://www.youtube.com/watch?v=9glh2inAGyI
CAPTAIN VS EVERYONE - SUPREME DUELIST STICKMAN GAMEPLAY,"조회수 1,411회",2019. 11. 16.,19,0,Android Rakun,구독자 1.44천명,https://www.youtube.com/watch?v=PidTl5-_uR0
Quem irá ganhar a batalha?#11(Supreme Duelist Stickman),조회수 4회,2019. 11. 16.,1,0,Daniel Games Marvel Studios,구독자 22명,https://www.youtube.com/watch?v=y3vcRjplGOs
Supreme Duelist Stickman For Mobile,조회수 11회,2019. 11. 16.,0,0,zXxNo BallsxXz,구독자 12명,https://www.youtube.com/watch?v=tc8aaemwgZw
Stickman supreme duelist,조회수 42회,2019. 11. 17.,3,0,Harvey Sewell,구독자 7명,https://www.youtube.com/watch?v=KwHoviCNlSk
If i Loose the video ends-Supreme Duelist Stickman,조회수 6회,2019. 11. 17.,2,0,Its Jamsy,구독자 2명,https://www.youtube.com/watch?v=PH9GRpDmEYg
Supreme duelist stickman,조회수 1회,2019. 11. 17.,0,0,cliffton wong,,https://www.youtube.com/watch?v=dsbyhMCP0RM
"Supreme Duelist Stickman - Gameplay Walkthrough Part 15 (Android, iOS Game)","조회수 5,609회",2019. 11. 18.,46,2,Pryszard Android iOS Gameplays,구독자 39.7만명,https://www.youtube.com/watch?v=fyd3S_IHwjw
SgtEG64 Plays Supreme Duelist Stickman,조회수 10회,2019. 11. 18.,1,0,SgtEG64 Plays,구독자 12명,https://www.youtube.com/watch?v=ZdIYlv9_bgs
Supreme Duelist Stickman,조회수 4회,2019. 11. 18.,0,0,Roblox Crafter,구독자 17명,https://www.youtube.com/watch?v=GdiOjyiw9BY
Supreme Duelist StickMan gameplay,조회수 7회,2019. 11. 18.,0,0,Cosmo Rolly,,https://www.youtube.com/watch?v=wj1kZQbqcWY
Supreme Duelist Stickman,조회수 6회,2019. 11. 19.,1,0,W&WGamz,구독자 6명,https://www.youtube.com/watch?v=P91k5Gp0BCU
Playing Supreme Duelist part 3,조회수 4회,2019. 11. 19.,1,0,Eyeless Jack,구독자 13명,https://www.youtube.com/watch?v=ph0l3_dVPcU
Supreme duelist stickman gameplay,조회수 2회,2019. 11. 19.,1,0,Zion yvan,구독자 2명,https://www.youtube.com/watch?v=dIs0n4kMNhg
SUPREME DUELIST STICKMAN VERY FUNNY🤣🤣,조회수 16회,2019. 11. 19.,2,0,gamex insane,구독자 12명,https://www.youtube.com/watch?v=tqvU-DxmB6g
SUPREME DUELIST STICKMAN - Walkthrough Gameplay Part 29 - FLAIL (New Version Android Game),"조회수 6,921회",2019. 11. 2.,37,3,PlaygamedroidPro,,https://www.youtube.com/watch?v=NE6zib_y3nc
SUPREME DUELIST STICKMAN SURVIVAL - New Weapon - Arm Cannon,"조회수 2,115회",2019. 11. 2.,21,4,Android Rakun,구독자 1.44천명,https://www.youtube.com/watch?v=d3n32Yp9pdc
SWORD VS ALL WEAPON|HIGHEST DAMAGE? - SUPREME DUELIST STICKMAN GAMEPLAY,"조회수 1,148회",2019. 11. 20.,19,0,Android Rakun,구독자 1.44천명,https://www.youtube.com/watch?v=JYJWbeECEXI
Supreme Duelist Stickman Funny Moments | Music Video |,조회수 113회,2019. 11. 20.,20,1,Jcoi,구독자 785명,https://www.youtube.com/watch?v=qI4nrvguiyE
Nu spelar jag supreme duelist stickman,조회수 3회,2019. 11. 20.,0,0,Oliver Sandberg,,https://www.youtube.com/watch?v=sNnN9Of5bKY
Game Supreme Duelist Stickman,조회수 14회,2019. 11. 20.,1,0,rangwan ruamsirigul,구독자 13명,https://www.youtube.com/watch?v=Q_hOT5soybA
Supreme Duelist Stickman - Naruto,조회수 12회,2019. 11. 20.,3,0,Ticky PowerGo,구독자 13명,https://www.youtube.com/watch?v=rvRdvjTiYxM
SUPREME DUELIST STICKMAN|LUCKI MACKS|,조회수 1회,2019. 11. 21.,0,0,Lucki Macks,,https://www.youtube.com/watch?v=4chISVyapso
Still some more Supreme Duelist Stickman.......,조회수 4회,2019. 11. 21.,0,0,Game Wizard,구독자 13명,https://www.youtube.com/watch?v=rqFVSAoQRAc
Supreme Duelist Stickman,조회수 6회,2019. 11. 21.,3,0,Defen Default4,구독자 5명,https://www.youtube.com/watch?v=pq4cjWSj8Kg
Menjadi player GG di game yang membuat santai #supreme duelist stickman,조회수 17회,2019. 11. 21.,0,1,fatton five,구독자 38명,https://www.youtube.com/watch?v=SttIDRcvGsg
Supreme duelist stickman 1,조회수 9회,2019. 11. 22.,0,0,Rashid Isa,구독자 6명,https://www.youtube.com/watch?v=kMQGppcy2Lk
Supreme Duelist Stickman,조회수 8회,2019. 11. 22.,0,0,Changer,구독자 1명,https://www.youtube.com/watch?v=DfvsIMC0YEk
Juego supreme duelist stickman epico,조회수 8회,2019. 11. 22.,3,0,Game of the Rider,구독자 23명,https://www.youtube.com/watch?v=OEQ3r1myFTY
Supreme duelist stickman cartoon,조회수 10회,2019. 11. 22.,2,0,วณารัตน์ หัวโนนม่วง,구독자 2명,https://www.youtube.com/watch?v=CKy30D5q8Ew
Supreme Duelist Stickman Gameplay,조회수 23회,2019. 11. 22.,4,0,joelgotgame,구독자 9명,https://www.youtube.com/watch?v=gLolStCzyNA
Supreme duelist stickman 2,조회수 4회,2019. 11. 22.,0,0,Rashid Isa,구독자 6명,https://www.youtube.com/watch?v=-NDQIQEakkQ
SUPREME DUELIST STICKMAN:)),조회수 11회,2019. 11. 23.,2,0,game vui,구독자 2명,https://www.youtube.com/watch?v=9B01ffUMR0w
Supreme Duelist Stickman игра про супер героев,조회수 38회,2019. 11. 23.,13,0,Никита Палыч,구독자 35명,https://www.youtube.com/watch?v=01JZxw_PCq8
6-1000 sub supreme duelist stickman 1year,조회수 19회,2019. 11. 23.,6,0,GAME HACKER,구독자 9명,https://www.youtube.com/watch?v=ddurCWS9DTY
Supreme Duelist,조회수 8회,2019. 11. 23.,1,0,The Unknown Eights,구독자 21명,https://www.youtube.com/watch?v=KEH4NjosYRk
Best stickman game/supreme duelist stickman,조회수 17회,2019. 11. 23.,1,0,YOUDAF THE GAMER,구독자 4명,https://www.youtube.com/watch?v=SXvEbbP-jLg
Supreme Duelist Stickman | Funny Stick Fight Mobile Game,조회수 11회,2019. 11. 23.,1,0,Rezeki Anak,구독자 1.55천명,https://www.youtube.com/watch?v=0C8CfGdTrDc
Supreme Duelist Stickman Видео с David Game,조회수 5회,2019. 11. 23.,1,0,Marius Gamer,구독자 5명,https://www.youtube.com/watch?v=ecbFsddY900
Supreme Duelist Stickman | Survival Hack Mode| 268 Kills,조회수 61회,2019. 11. 23.,0,1,Rezeki Anak,구독자 1.55천명,https://www.youtube.com/watch?v=dfgXmcxwfnc
"Angry Birds Transformers,Supreme Duelist Stickman,Hill Climb 2,Hill Climb,Redball 5,Fun Run 3-BiNiTV",조회수 35회,2019. 11. 23.,4,0,BiNi TV,구독자 4.21천명,https://www.youtube.com/watch?v=uISu_j_12Pc
Supreme Duelist Stickman | Funny Stick Fight Mobile Game,조회수 18회,2019. 11. 23.,1,0,Rezeki Anak,구독자 1.55천명,https://www.youtube.com/watch?v=5ub79HD5WP4
EPIC BATTLES - supreme duelist stickman,"조회수 3,467회",2019. 11. 23.,21,4,night gaming,구독자 35.5만명,https://www.youtube.com/watch?v=QzO_8RZbROA
Supreme duelist stickman survival,조회수 28회,2019. 11. 23.,5,1,GAMINGVN FREE FIRE,구독자 77명,https://www.youtube.com/watch?v=qwxZmn_bk3I
supreme Duelist stickman를 해봤다,조회수 18회,2019. 11. 23.,2,0,조게임,구독자 26명,https://www.youtube.com/watch?v=vSxZHfyol7Y
THE GAMER KING VS COMPUTER IN SUPREME DUELIST STICKMAN PART#1,조회수 3회,2019. 11. 23.,0,0,THE GAMER KING,구독자 8명,https://www.youtube.com/watch?v=8A9FGzGNQfo
Supreme duelist stickman раунд-10 оружие-меч,조회수 4회,2019. 11. 23.,1,1,MC maksim,구독자 2명,https://www.youtube.com/watch?v=oju-hEqPEms
Supreme duelist stickman screen record,조회수 10회,2019. 11. 23.,1,0,K.S Gamer,구독자 1명,https://www.youtube.com/watch?v=7vVlwyaNKyM
Main game / Supreme Duelist Stickman,조회수 7회,2019. 11. 23.,3,0,Naufal Altaf,구독자 13명,https://www.youtube.com/watch?v=rlraS3NdAUI
Supreme Duelist Stickman | Stick Fight Mobile Game,조회수 10회,2019. 11. 24.,1,0,Rezeki Anak,구독자 1.55천명,https://www.youtube.com/watch?v=yIDe-b5ZgRM
Main supreme duelist stickman dengan fikri,조회수 18회,2019. 11. 24.,2,1,rayyan ranz,구독자 16명,https://www.youtube.com/watch?v=lJPeTa5AIPE
STICKMAN PROJECT EPIC BATTLES SUPREME DUELIST STICKMAN PART 3,"조회수 8,060회",2019. 11. 24.,46,5,night gaming,구독자 35.5만명,https://www.youtube.com/watch?v=UWzchd-VqZ8
Kedua Kali main game bocah(supreme duelist stickman),조회수 3회,2019. 11. 24.,1,0,Ryno Syahrilawani,구독자 5명,https://www.youtube.com/watch?v=oK7ImVLvsrA
Supreme Duelist stickman,조회수 30회,2019. 11. 25.,1,0,JAV Pitbull gang,구독자 4명,https://www.youtube.com/watch?v=p-VaUJl83kc
Supreme duelist stickman,조회수 9회,2019. 11. 25.,0,0,gamer aadi,구독자 2명,https://www.youtube.com/watch?v=6iIwf31zfFg
Supreme Duelist Stickman/Gameplay Walkthrough Part 1- Random (Android Game),조회수 289회,2019. 11. 25.,32,0,I.A.Gameplay,,https://www.youtube.com/watch?v=B4Mc7LZUK50
Supreme duelist stickman - GOKU SUVIVAL MOD WITH STORMBREAKER,조회수 8회,2019. 11. 25.,0,0,BEST android GAMES,,https://www.youtube.com/watch?v=Cxjnk1guXmM
Supreme Duelist Stickman? (Should I do pt.2?),조회수 13회,2019. 11. 25.,2,1,GMX Matrix,구독자 9명,https://www.youtube.com/watch?v=2IPDeXvpckU
Duelist Stickman Supreme - Gameplay Trailer,조회수 124회,2019. 11. 25.,3,0,Game Theater,,https://www.youtube.com/watch?v=r0TJnOyfFuo
Supreme duelist Stickman gameplay!,조회수 10회,2019. 11. 25.,1,0,SgtEG64 Plays,구독자 12명,https://www.youtube.com/watch?v=dF7UUSH2XLQ
Supreme duelist stickman 3,조회수 7회,2019. 11. 25.,1,0,Rashid Isa,구독자 6명,https://www.youtube.com/watch?v=44ohfNPqQp0
Game tawuran terbaek|Supreme duelist stickman,조회수 8회,2019. 11. 26.,1,0,Aditia gaming,구독자 9명,https://www.youtube.com/watch?v=fVFLcczKgFk
Supreme Duelist Stickman,조회수 12회,2019. 11. 26.,1,0,Mobile Mind,구독자 6명,https://www.youtube.com/watch?v=N353I6scN2M
Supreme Duelist stickman #1,조회수 11회,2019. 11. 26.,1,0,XDgamer257 5,,https://www.youtube.com/watch?v=f0vwzgfu6g0
Supreme Duelist Android Gameplay #1,조회수 6회,2019. 11. 26.,1,0,Rx 566 Gameplay,구독자 32명,https://www.youtube.com/watch?v=XDdfT3gJjRM
SUPREME DUELIST STICKMAN:يوسف GAME OVER أحمر VS أخي أجرك,조회수 9회,2019. 11. 26.,3,0,يوسف GAME OVER,구독자 16명,https://www.youtube.com/watch?v=QvfGkNGHerY
Supreme Duelist Stickman,조회수 7회,2019. 11. 26.,1,0,Rezeki Anak,구독자 1.55천명,https://www.youtube.com/watch?v=wnOnEMouOgU
Играю в supreme duelist stickman mirror mode,조회수 2회,2019. 11. 27.,1,0,Royd Makalkin,구독자 5명,https://www.youtube.com/watch?v=B3M1uO90yLc
Supreme duelist stickman เย่!!!,조회수 2회,2019. 11. 27.,0,0,MANGO studio,구독자 2명,https://www.youtube.com/watch?v=rpcN8AWPfxE
[I AM FIGHTNG MY BROTHER]-Supreme Duelist Stickman-[part 1],조회수 9회,2019. 11. 27.,4,0,SavageGacha GamingAwesome,구독자 3명,https://www.youtube.com/watch?v=h8Xg67FEn6k
#Fighting Supreme Duelist Stickman,조회수 7회,2019. 11. 27.,2,0,jiro me,구독자 49명,https://www.youtube.com/watch?v=o8BPLcS5uFs
SUPREME Duelist Stickman Fun game,조회수 1회,2019. 11. 27.,0,0,Coconut Crabs,구독자 1명,https://www.youtube.com/watch?v=hrX3LQXDdpk
Играю в supreme duelist stickman survival,조회수 3회,2019. 11. 27.,1,0,Royd Makalkin,구독자 5명,https://www.youtube.com/watch?v=RkTvlfnJ5Yc
Играю в supreme duelist stickman sword,조회수 6회,2019. 11. 27.,1,0,Royd Makalkin,구독자 5명,https://www.youtube.com/watch?v=KYshwzK4WcM
Supreme Duelist Stickman Android Gameplay HD,조회수 475회,2019. 11. 27.,6,0,KruSimulation,구독자 5.78만명,https://www.youtube.com/watch?v=oJQW4gsp2F8
Supreme Duelist Android Gameplay #3,조회수 3회,2019. 11. 27.,1,0,Rx 566 Gameplay,구독자 32명,https://www.youtube.com/watch?v=kdVWpqs2i-4
Supreme duelist stickman part 1: Gameplay,조회수 16회,2019. 11. 28.,0,0,GamePlay,구독자 25명,https://www.youtube.com/watch?v=dG9TU8zcHF0
Supreme Duelist stickman,조회수 16회,2019. 11. 28.,2,0,XGaming09Yt san,구독자 12명,https://www.youtube.com/watch?v=j7n4IH1oxjg
Supreme Duelist Stickman 2,조회수 7회,2019. 11. 28.,1,0,Muhamad adli Hibatulloh,구독자 2명,https://www.youtube.com/watch?v=ZbCw-fpEXt8
PELA ÉPICA! | Utilizando mi voz (supreme duelist stickman,조회수 28회,2019. 11. 28.,6,0,GameOverdo,구독자 25명,https://www.youtube.com/watch?v=-CCbahbbBDw
Playing supreme duelist stickman,조회수 6회,2019. 11. 28.,3,0,Nonob Ber,구독자 3명,https://www.youtube.com/watch?v=4I0Wyw9CTL4
Supreme Duelist Stickman fighting Thanos part 2!,조회수 3회,2019. 11. 29.,1,0,Thegrandtheftmaster 105,구독자 205명,https://www.youtube.com/watch?v=OYx_xGVn7Mc
Supreme Duelist Stickman defeating Thanos part 1!,조회수 2회,2019. 11. 29.,0,0,Thegrandtheftmaster 105,구독자 205명,https://www.youtube.com/watch?v=cNr_NhV9els
Supreme Duelist Android Gameplay #7,조회수 3회,2019. 11. 29.,1,0,Rx 566 Gameplay,구독자 32명,https://www.youtube.com/watch?v=texX-2GJlUg
THE WARRIOR OF THE FLYING SWORD - supreme duelist stickman,"조회수 3,697회",2019. 11. 29.,27,2,night gaming,구독자 35.5만명,https://www.youtube.com/watch?v=vMizkwJNUeE
Supreme Duelist Stickman : New Modes,"조회수 173,620회",2019. 11. 29.,3.1천,237,Neron's Brother,구독자 9.79만명,https://www.youtube.com/watch?v=X0_rFVO2iYM
SUPREME DUELIST STICKMAN - Walkthrough Gameplay Part 32 (New Version Android Game),"조회수 10,167회",2019. 11. 29.,102,10,PlaygamedroidPro,,https://www.youtube.com/watch?v=nw1OcG9wiEs
Supreme Duelist Stickman Gameplay [ part 5 _ iOS / android ] .,조회수 310회,2019. 11. 29.,3,0,onezelo,구독자 1.76천명,https://www.youtube.com/watch?v=_5N617eW724
How is this a mobile game|SUPREME DUELIST STICKMAN #1,조회수 10회,2019. 11. 3.,0,0,TheGamingTiger,구독자 17명,https://www.youtube.com/watch?v=mv0iWoaEg2M
SUPREME DUELIST STICKMAN - Walkthrough Gameplay Part 30 - BOW (New Version Android Game),"조회수 8,326회",2019. 11. 3.,50,3,PlaygamedroidPro,,https://www.youtube.com/watch?v=7Zcbu6taa5E
supreme duelist stickman - new arm CANNON,"조회수 4,055회",2019. 11. 3.,18,4,night gaming,구독자 35.5만명,https://www.youtube.com/watch?v=ey_5PrIkDhE
Supreme duelist stickman: survive,조회수 4회,2019. 11. 30.,3,0,Black fire,구독자 16명,https://www.youtube.com/watch?v=u_FqfnwHF_Y
Supreme Duelist Stickman - 2019-11-30,조회수 1회,2019. 11. 30.,0,0,Perisha Cole,구독자 1명,https://www.youtube.com/watch?v=UDazQm71H8A
Jackson Gaming Played MAGIC WAND in Supreme Duelist STICKMAN,조회수 6회,2019. 11. 30.,2,0,Jackson Gaming,구독자 7명,https://www.youtube.com/watch?v=aYAiK9jxIrI
Joget Membawa Keberuntungan • FUNNY MONTAGE •SUPREME DUELIST STICKMAN,조회수 19회,2019. 11. 30.,3,1,ZoeVarno,구독자 91명,https://www.youtube.com/watch?v=u4ZHMV9d2EY
10 points Supreme duelist stickman fight,조회수 24회,2019. 11. 30.,1,0,Tiau Hee,구독자 2명,https://www.youtube.com/watch?v=9S_TmEe7BGo
THROW SHIELD WEAPON! NEW UPDATE - SUPREME DUELIST STICKMAN,"조회수 1,382회",2019. 11. 30.,26,2,Android Rakun,구독자 1.44천명,https://www.youtube.com/watch?v=Vaq8ixCA3V4
Nueva actualizacion de supreme duelist stickman *Nueva arma y mas*,조회수 19회,2019. 11. 30.,4,0,GameOverdo,구독자 25명,https://www.youtube.com/watch?v=rXoX9xdr2Ew
New arm cannon weapon in supreme duelist stickman,조회수 4회,2019. 11. 30.,0,0,NubSquad Content,구독자 4명,https://www.youtube.com/watch?v=JkHM6NmMyL0
Supreme Duelist Stickman | Part 3 | HD1080p,조회수 2회,2019. 11. 30.,0,0,Super games 82,,https://www.youtube.com/watch?v=v3a1koOxpL8
Supreme Duelist Stickman | Part 2 | HD1080p,조회수 5회,2019. 11. 30.,0,0,Super games 82,,https://www.youtube.com/watch?v=wmgzu9K365E
Supreme Duelist Stickman | part 1 | HD 1080p,조회수 4회,2019. 11. 30.,0,0,Super games 82,,https://www.youtube.com/watch?v=KTpuPNyt1NY
SUPREME DUELIST STICKMAN - Walkthrough Gameplay Part 33 (New Version Android Game),"조회수 24,503회",2019. 11. 30.,133,15,PlaygamedroidPro,,https://www.youtube.com/watch?v=PtXD76jx-y4
Funny Fight - Supreme Duelist Stickman,조회수 9회,2019. 11. 30.,2,0,Defen Default4,구독자 5명,https://www.youtube.com/watch?v=feuw3gSX6Hc
Supreme Duelist Android Gameplay #9,조회수 4회,2019. 11. 30.,2,0,Rx 566 Gameplay,구독자 32명,https://www.youtube.com/watch?v=N26plvYzRKU
Supreme Duelist Stickman dojo,조회수 5회,2019. 11. 4.,0,0,MR. BLOX,구독자 51명,https://www.youtube.com/watch?v=BDz9PqrvYl8
Supreme Duelist Stickman: New Update Grapnel,조회수 5회,2019. 11. 5.,0,0,Erin Railee Vlogs,구독자 27명,https://www.youtube.com/watch?v=kNcvcxXMwjM
Supreme Duelist Stickman: New Update Hammer,조회수 5회,2019. 11. 5.,0,0,Erin Railee Vlogs,구독자 27명,https://www.youtube.com/watch?v=k27V8rfmOao
ARM CANNON VS ALL WEAPON - SUPREME DUELIST STICKMAN GAMEPLAY,"조회수 10,199회",2019. 11. 5.,78,8,Android Rakun,구독자 1.44천명,https://www.youtube.com/watch?v=9s5P1th_7Ss
supreme duelist stickman - katana vs all weapons,"조회수 4,089회",2019. 11. 6.,21,4,night gaming,구독자 35.5만명,https://www.youtube.com/watch?v=qpcUg1kcOZ4
SUPREME DUELIST STICKMAN SURVIVAL - Single/Solo Gameplay,"조회수 2,175회",2019. 11. 7.,30,3,Android Rakun,구독자 1.44천명,https://www.youtube.com/watch?v=WtriCQ9Mwks
GamingWithPan | Supreme Duelist | Stickman,조회수 4회,2019. 11. 8.,1,0,GamingWithPan,구독자 21명,https://www.youtube.com/watch?v=77rsZ4G6_9A
Supreme duelist fighting game,조회수 8회,2019. 11. 8.,1,0,Anji P,,https://www.youtube.com/watch?v=ksFvfEQGVv0
Supreme duelist stickman,조회수 11회,2019. 11. 8.,0,0,The wraithful branch,구독자 4명,https://www.youtube.com/watch?v=RgyBIQVp-KE
SUPREME DUELIST STICKMAN SURVIVAL AND MIRROR MODE,"조회수 1,387회",2019. 11. 9.,20,0,Android Rakun,구독자 1.44천명,https://www.youtube.com/watch?v=LUenE2BwsV0
Supreme Duelist Stickman Update | Kingstickman vs Bomb,조회수 611회,2019. 11. 9.,21,5,Best games,구독자 21.3만명,https://www.youtube.com/watch?v=dz4y-ZEq-hc
Pertarungan Terkonyol Didunia - Supreme Duelist Stickman Indonesia,조회수 10회,2019. 11. 9.,1,0,TTNC Channel,구독자 29명,https://www.youtube.com/watch?v=dM1do8bbalo
Supreme Duelist Stickman 1 player,조회수 3회,2019. 11. 9.,1,0,Coconut Crabs,구독자 1명,https://www.youtube.com/watch?v=H_GYT3YToNU
Supreme Duelist Stickman Update | Weapons Dagger,조회수 547회,2019. 11. 9.,20,4,Best games,구독자 21.3만명,https://www.youtube.com/watch?v=JEns0SURpIo
Supreme Duelist Stickman Gamplay,조회수 4회,2019. 11. 9.,1,0,Coconut Crabs,구독자 1명,https://www.youtube.com/watch?v=vNp3f2etpwI
SUPREME DUELIST STICKMAN #1 VS. COM,조회수 7회,2019. 11. 9.,1,0,SUGAR_MINE,구독자 9명,https://www.youtube.com/watch?v=nZNmq96ux34
Supreme Duelist Stickman:Minecraft Vs Star Wars,조회수 6회,2019. 11. 9.,1,0,fortnite4 ever,구독자 5명,https://www.youtube.com/watch?v=JatW4Yesw2k
Supreme Duelist Stickman: iyad vs Mohamad,조회수 4회,2019. 11. 9.,1,0,MohamadHanif Gaming,,https://www.youtube.com/watch?v=oCiOL8Vhe6Y
pro in supreme Duelist stickman,조회수 15회,2019. 12. 1.,2,0,Offline Gamer,구독자 9명,https://www.youtube.com/watch?v=YSQGwd9sZKQ
GAME DỊ Nhất Hành Tinh | Game Giải Trí Supreme Duelist Stickman 😂😂,조회수 28회,2019. 12. 1.,14,0,TobyDHT Gaming,,https://www.youtube.com/watch?v=myGbuejSPTk
Darth vader vs thanos Supreme duelist stickman,조회수 4회,2019. 12. 1.,1,0,Fire Kid,구독자 13명,https://www.youtube.com/watch?v=e9CSeivZCR0
Supreme Duelist Stickman | Walkthrough Gameplay Part 35 (New Version Android Game) | HD 1080p,조회수 6회,2019. 12. 1.,0,0,Super games 82,,https://www.youtube.com/watch?v=jij4hr9DxPY
Играю в игру Supreme Duelist Stickman,조회수 3회,2019. 12. 1.,1,0,Crazy Game,구독자 1명,https://www.youtube.com/watch?v=5MzKqFgk4hc
SUPREME DUELIST STICKMAN - Walkthrough Gameplay Part 34 (New Version Android Game),"조회수 17,524회",2019. 12. 1.,118,12,PlaygamedroidPro,,https://www.youtube.com/watch?v=8mD7ziu7YQs
Supreme Duelist Stickman,조회수 12회,2019. 12. 1.,0,0,Rezeki Anak,구독자 1.55천명,https://www.youtube.com/watch?v=gslrBZL16FQ
Good or Bad ? Ice Cream Weapon New Update - Supreme Duelist Stickman,조회수 145회,2019. 12. 1.,2,0,Android Rakun,구독자 1.44천명,https://www.youtube.com/watch?v=PEAEGBSaV0Y
SUPREME DUELIST survival,조회수 6회,2019. 12. 1.,0,0,serigala berbulu gaming,구독자 4명,https://www.youtube.com/watch?v=xdqP2048_3g
Supreme Duelist stickman part 2,조회수 17회,2019. 12. 1.,4,0,Teodoro Perez jr,구독자 13명,https://www.youtube.com/watch?v=qUYaTmZaz2g
"Supreme Duelist Stickman - Gameplay Walkthrough Part 16 (Android, iOS Game)","조회수 28,884회",2019. 12. 1.,108,10,Pryszard Android iOS Gameplays,구독자 39.7만명,https://www.youtube.com/watch?v=GhxpXE_354M
Supreme Duelist Stickman:MY FIRST VIDEO,조회수 7회,2019. 12. 1.,3,0,PROL,구독자 11명,https://www.youtube.com/watch?v=5v7gTJC3BY8
Supreme Duelist Stickman (part2),조회수 17회,2019. 12. 1.,4,0,joelgotgame,구독자 9명,https://www.youtube.com/watch?v=u6IKnkKJZCQ
Supreme Duelist Stickman - 2019-12-11,조회수 2회,2019. 12. 10.,0,0,aan saputra,,https://www.youtube.com/watch?v=9h8zwx-H1Lg
Supreme Duelist Stickman part 2 king vs yellow,조회수 6회,2019. 12. 10.,좋아요,싫어요,SSimdog King,구독자 370명,https://www.youtube.com/watch?v=9KNnZpj74os
Supreme duelist stickman no canal,조회수 5회,2019. 12. 10.,1,0,Marco games,구독자 3명,https://www.youtube.com/watch?v=T_SYnhxGJW8
Supreme Duelist Stickman me vs Darth Vader,조회수 3회,2019. 12. 10.,1,0,BLACK KNIGHT,구독자 5명,https://www.youtube.com/watch?v=R8prtL2c-sI
GAMEPLAY:SUPREME DUELIST STICKMAN LINK NA DESCRIÇÃO,조회수 17회,2019. 12. 10.,2,0,Canal MudkipDicsBr,구독자 21명,https://www.youtube.com/watch?v=YJiT5rOV5mA
Jogando supreme duelist stickman com meu primo (deixa o Like e se escreve no canal),조회수 19회,2019. 12. 10.,4,0,primos marinhos,구독자 130명,https://www.youtube.com/watch?v=kM_JLVODef0
"Scary Teacher,Ink Inc,Zombie Tsunami,Subway Surfers,Rocket Buddy,Supreme Duelist,Ice Scream,Sonic,",조회수 765회,2019. 12. 10.,3,0,TabletGameplay,구독자 680명,https://www.youtube.com/watch?v=obIcxVUPypM
"Sonic,Temple Run 2,Zombie Tsunami,Tank Stars,Brim,Supreme Duelist Stick,Subway Surf,Buddy,","조회수 3,895회",2019. 12. 10.,31,3,TapCheat,구독자 5.42만명,https://www.youtube.com/watch?v=uVmCfyWIH0o
Битва с моей злобной тенью в Supreme Duelist Stickman 2! Эпик! 🥊,조회수 12회,2019. 12. 10.,0,0,Омега Флауи,구독자 26명,https://www.youtube.com/watch?v=RuLQgJZw7PY
supreme duelist stickman part 1 game play (tagalog),조회수 13회,2019. 12. 10.,3,0,protector ph,구독자 11명,https://www.youtube.com/watch?v=P3dlrFpLbKo
Supreme duelist Stickman part 3,조회수 5회,2019. 12. 11.,1,0,LEGOPROG,구독자 28명,https://www.youtube.com/watch?v=RJlvDs7MmAI
Play Supreme Duelist Stickman on PC with NoxPlayer /Tricks and Gameplay,조회수 21회,2019. 12. 11.,1,0,Nox Player,구독자 1천명,https://www.youtube.com/watch?v=66WS8IJld3o
"ZombieTsunami,SubwaySurf,Minion,Sonic,HillClimb,TankStars,StickJail,Mario,Supreme,AngryBirds,PvZ,",조회수 308회,2019. 12. 11.,3,1,TabletGameplay,구독자 680명,https://www.youtube.com/watch?v=-PVFi1NVxr4
(Supreme duelist Stickman) com meu irmão!!,조회수 8회,2019. 12. 11.,2,0,gamer killer,구독자 5명,https://www.youtube.com/watch?v=7gsl8gCo-n4
Supreme duelist stickman and FIFA 2020 ( mix games),조회수 15회,2019. 12. 11.,2,0,liakos official gr,구독자 14명,https://www.youtube.com/watch?v=AP29uu1IP40
Game SUPREME DUELIST STICKMAN,조회수 4회,2019. 12. 11.,1,0,You Tuber,구독자 6명,https://www.youtube.com/watch?v=nzuQQvR_6sY
Supreme Duelist Stickman : New Modes vs Samnang,조회수 7회,2019. 12. 11.,0,0,Samnang's World,,https://www.youtube.com/watch?v=suUgqs6bOvY
Supreme Duelist Stickman Pro Gameplay,조회수 4회,2019. 12. 11.,0,0,GaMiNg HoRoRo,,https://www.youtube.com/watch?v=pl9In3Qj87w
Ahnaf mencoba game baru Supreme duelist stickman,조회수 4회,2019. 12. 11.,0,0,Ahnaf Gaming,구독자 9명,https://www.youtube.com/watch?v=r11BPG1kt-M
Nyobain game offline ( supreme duelist stickman),조회수 7회,2019. 12. 11.,1,0,Agung gaming JR,구독자 9명,https://www.youtube.com/watch?v=9qv7dyamHXk
Supreme duelist stickman (part 1),조회수 4회,2019. 12. 11.,0,0,Jaw234 shark,,https://www.youtube.com/watch?v=HrrsaikJCXE
Game supreme duelist stickman,조회수 8회,2019. 12. 12.,4,0,Muhd izz haziq,구독자 5명,https://www.youtube.com/watch?v=vcJSFUZ62SA
Обзор на игру Supreme Duelist Stickman,조회수 10회,2019. 12. 12.,1,0,Mr. romka,구독자 27명,https://www.youtube.com/watch?v=jAUtixA03Iw
FROST ermelak baru pertama kali main supreme duelist stickman udah pro,조회수 7회,2019. 12. 12.,2,0,Siti Juriyah,구독자 4명,https://www.youtube.com/watch?v=UauLp79Zdic
Supreme duelist stickman gameplay |#1|,조회수 2회,2019. 12. 12.,0,0,Zarrif Emeer,구독자 1명,https://www.youtube.com/watch?v=PKCR_G1Z8WM
"Supreme Duelist Stickman,Ink Inc,Ice Scream,Scary Teacher,Zombie Tsunami,Subway Surf,Buddy,","조회수 19,485회",2019. 12. 12.,91,21,TapCheat,구독자 5.42만명,https://www.youtube.com/watch?v=mOJafk-Q_SA
Supreme Duelist Stickman,조회수 1회,2019. 12. 12.,0,0,Zackery Grier,,https://www.youtube.com/watch?v=Kdb0jW_kBSc
Supreme Duelist Stickman o jogo de palito ll,조회수 2회,2019. 12. 12.,0,0,Larry e Matheus larryzinho e Teteu,,https://www.youtube.com/watch?v=YotqxwcLATs
STICKMAN PROJECT - EPIC BATTLES - SUPREME DUELIST STICKMAN,"조회수 2,104회",2019. 12. 12.,18,2,night gaming,구독자 35.5만명,https://www.youtube.com/watch?v=nl1jMuhTCWM
"Monster, Hungry Dragon, Diamond Robber, Badland Brawl, The Warrior, Supreme Duelist Stickman..",조회수 22회,2019. 12. 2.,1,0,Funny Game,,https://www.youtube.com/watch?v=T-EwBLmnZrs
"Supreme Duelist,Scary Teacher,Stick Jail,Subway Surf,Granny2,EvilNun,MrMeat,TempleRun,ZombieTsunami,","조회수 69,473회",2019. 12. 2.,253,46,TapCheat,구독자 5.42만명,https://www.youtube.com/watch?v=8NMa_3SEunE
New Updates On Supreme Duelist Stickman,조회수 3회,2019. 12. 2.,0,0,Game Wizard,구독자 13명,https://www.youtube.com/watch?v=4yb4yXsjgHU
Supreme Duelist Stickman : part 3,조회수 9회,2019. 12. 2.,1,0,Jack Ilyass,구독자 7명,https://www.youtube.com/watch?v=dU2Ps7Z5bmg
Supreme Duelist Stickman (part 3) might be last...😕,조회수 19회,2019. 12. 2.,5,0,joelgotgame,구독자 9명,https://www.youtube.com/watch?v=CtzIqZkKx4c
Supreme Duelist StickMan:Red vs Green stickman,조회수 6회,2019. 12. 2.,1,0,Panda Group,구독자 9명,https://www.youtube.com/watch?v=eNviuC0WAD8
Playing supreme duelist Stickman,조회수 15회,2019. 12. 2.,3,0,Jonah _YT,구독자 21명,https://www.youtube.com/watch?v=EigHOdxL250
If I die the video gets reversed (Supreme Duelist Stickman),조회수 8회,2019. 12. 3.,0,0,Mr. ChromeSeeker,구독자 2명,https://www.youtube.com/watch?v=AzbOo6gkUHE
"Supreme Duelist Stickman - Gameplay Walkthrough Part 17 (Android, iOS Game)","조회수 5,514회",2019. 12. 3.,36,1,Pryszard Android iOS Gameplays,구독자 39.7만명,https://www.youtube.com/watch?v=jedyeXFhw_c
Playingbthis stickman game,조회수 9회,2019. 12. 3.,1,0,IBI. BOI,구독자 16명,https://www.youtube.com/watch?v=bGnA7_mot5U
Can i beat level 9 A.I/supreme duelist stickman,조회수 14회,2019. 12. 3.,3,0,Adam viewer,구독자 17명,https://www.youtube.com/watch?v=oKt3fBbCug8
Supreme Duelist Stickman : part 4,조회수 10회,2019. 12. 3.,1,0,Jack Ilyass,구독자 7명,https://www.youtube.com/watch?v=EIG0XWXyPxg
SUPREME DUELIST STICKMAN - Walkthrough Gameplay Part 35 (New Version Android Game),"조회수 10,127회",2019. 12. 3.,80,5,PlaygamedroidPro,,https://www.youtube.com/watch?v=Lpi80ZBHceU
Scepter vs Boot lvl 9 (supreme duelist stickman,조회수 16회,2019. 12. 3.,2,0,Dau Kenzhebai,구독자 3명,https://www.youtube.com/watch?v=wzoIwEqS3ts
Supreme duelist Stickman part 5,조회수 2회,2019. 12. 4.,0,0,Stefan gyonev sneking on xis sister,구독자 3명,https://www.youtube.com/watch?v=w-FL7S5FMZY
Some more supreme duelist stickman.,조회수 18회,2019. 12. 4.,4,0,Jonah _YT,구독자 21명,https://www.youtube.com/watch?v=Lv57-zogp_w
Supreme duelist Stickman part 4,조회수 2회,2019. 12. 4.,0,0,Stefan gyonev sneking on xis sister,구독자 3명,https://www.youtube.com/watch?v=0lR-UAFmCrw
SUPREME Duelist 2 (Sorry For Some Parts),조회수 2회,2019. 12. 4.,0,0,Galaxy MC,,https://www.youtube.com/watch?v=TgoAS4ihfPY
"SUPREME DUELIST stickman walkthrough,ios,android",조회수 6회,2019. 12. 4.,0,0,ALVIN GAME CHANNEL,구독자 103명,https://www.youtube.com/watch?v=kibclBujX1Q
First Video!!! Topic: Captain America vs Iron-man-(Supreme Duelist Stickman-Episode-1),조회수 19회,2019. 12. 4.,0,0,SHAYAN OMG,구독자 16명,https://www.youtube.com/watch?v=ECOootEFwFI
Supreme Duelist Android Gameplay #17,조회수 3회,2019. 12. 4.,1,0,Rx 566 Gameplay,구독자 32명,https://www.youtube.com/watch?v=rRs6BMzmmGo
"Ice Scream,Supreme Duelist Stickman,Bendy Run,Branny,Scary Teacher,Granny 2,Tank Stars,Hill Climb,","조회수 23,371회",2019. 12. 4.,130,28,TapCheat,구독자 5.42만명,https://www.youtube.com/watch?v=3IQy0cuAvtw
New Update!!! Supreme Duelist Stickman,조회수 26회,2019. 12. 4.,20,0,Bodr3x Gaming,구독자 259명,https://www.youtube.com/watch?v=_ZZ2LZbj6EM
SUPREME DUELIST STICKMAN - Walkthrough Gameplay Part 36 (New Version Android Game),"조회수 8,466회",2019. 12. 4.,58,8,PlaygamedroidPro,,https://www.youtube.com/watch?v=CRRrKV6Sgdk
Supreme Duelist Android Gameplay #18,조회수 4회,2019. 12. 4.,1,0,Rx 566 Gameplay,구독자 32명,https://www.youtube.com/watch?v=bAT9Dw3fhwo
"Supreme Duelist Stickman - Gameplay Walkthrough Part 18 (Android, iOS Game)","조회수 3,415회",2019. 12. 5.,14,6,Pryszard Android iOS Gameplays,구독자 39.7만명,https://www.youtube.com/watch?v=KJIueQb9Dcc
Supreme Duelist Stickman,조회수 5회,2019. 12. 5.,0,1,BEST android GAMES,,https://www.youtube.com/watch?v=BfF0M6zfhBI
Is DIS A GLITCH?!!? |Supreme Duelist Stickman| □,조회수 19회,2019. 12. 5.,1,0,Random Gamer dote,구독자 1명,https://www.youtube.com/watch?v=YtnCt7INT3M
"Cleon, Hungry Dragon, Badland Brawl, Monsters, Supreme Duelist Stickman, Stickman Jailbreak...",조회수 2회,2019. 12. 5.,0,0,Synthesis Game,,https://www.youtube.com/watch?v=JPic6d79_DY
Jogando Supreme Duelist Stickman!,조회수 25회,2019. 12. 5.,3,0,Superious Games,구독자 210명,https://www.youtube.com/watch?v=JJN8ynTOHeo
Ink sans Vs Error sans - Supreme duelist stickman,조회수 5회,2019. 12. 5.,0,0,Xgamer tv,구독자 17명,https://www.youtube.com/watch?v=g5M2XotIjPo
Supreme Duelist Stickman:Iron Man VS Capitan America,조회수 15회,2019. 12. 5.,4,0,PROL,구독자 11명,https://www.youtube.com/watch?v=2OhIfsOenig
Supreme duelist stickman gameplay,조회수 14회,2019. 12. 6.,5,0,SARWAN ALZUHAIRI VLOG,구독자 24명,https://www.youtube.com/watch?v=JF7C3GIa0TU
SUPREME DUELIST STICKMAN (with baily_YT),조회수 23회,2019. 12. 6.,5,0,Jonah _YT,구독자 21명,https://www.youtube.com/watch?v=VEdhYSCgNzU
"Nov, 28, 2019 Update Supreme Duelist Stickman",조회수 3회,2019. 12. 6.,1,0,Defen Default4,구독자 5명,https://www.youtube.com/watch?v=RD33MkTuijs
PLAYING SUPREME DUELIST STICKMAN (with Noah /Black ninja my name Jeff ),조회수 14회,2019. 12. 6.,3,0,Jonah _YT,구독자 21명,https://www.youtube.com/watch?v=xrJ4WaEXrJs
Supreme Duelist Stickman : part 5,조회수 8회,2019. 12. 6.,1,0,Jack Ilyass,구독자 7명,https://www.youtube.com/watch?v=DkvjTvwP89U
Supreme duelist 3,조회수 38회,2019. 12. 6.,5,0,Harvey Sewell,구독자 7명,https://www.youtube.com/watch?v=Kf4nFK4GSeU
SUPREME DUELIST STICKMAN Gameplay Walkthrough STICKMAN EPIC BATTLES android gameplay,"조회수 3,372회",2019. 12. 6.,15,2,night gaming,구독자 35.5만명,https://www.youtube.com/watch?v=2RRUDbDTaO4
Supreme duelist stickman only using shield,조회수 6회,2019. 12. 6.,1,0,p13anda rocky,구독자 3명,https://www.youtube.com/watch?v=BJB_8yCxdGI
STICKMAN PROJECT - EPIC BATTLES - SUPREME DUELIST STICKMAN,"조회수 2,719회",2019. 12. 6.,16,3,night gaming,구독자 35.5만명,https://www.youtube.com/watch?v=jOFELOJOMAA
Supreme duelist stickman!,조회수 4회,2019. 12. 6.,0,0,Phantom Scythe,구독자 12명,https://www.youtube.com/watch?v=9fgyXeLoBFU
Supreme Duelist Stickman - Gameplay Walkthrough Part 2 - Sword [Android],조회수 186회,2019. 12. 6.,23,0,I.A.Gameplay,,https://www.youtube.com/watch?v=EEOU3G98_ic
Supreme Duelist Stickman | Random video #2,조회수 4회,2019. 12. 6.,0,0,AMDYNE EX,구독자 16명,https://www.youtube.com/watch?v=4ma_R9uLRXA
"Zooba,Brawl Stars,Horrorfield,Subway Surf,Mario Kart,TotM Color,Supreme Duelist,Scary Teacher,","조회수 9,900회",2019. 12. 6.,70,7,TapCheat,구독자 5.42만명,https://www.youtube.com/watch?v=vdASenUuDAs
SUPREME DUELIST STICKMAN EP 1,조회수 5회,2019. 12. 6.,0,0,AK ชาแน้ว 87,,https://www.youtube.com/watch?v=tnfzTe7hx6Y
Supreme duelist stickman (jeffreyplayz&juliosplayz),조회수 1회,2019. 12. 6.,0,0,jeffrey playz,구독자 1명,https://www.youtube.com/watch?v=vS2NnTtflbk
Survival Mode? Supreme Duelist Stickman,조회수 5회,2019. 12. 6.,0,0,OKGplayz,구독자 12명,https://www.youtube.com/watch?v=QBs9zusgLjs
Chơi game supreme duelist stickman,조회수 5회,2019. 12. 7.,0,0,Batman MC,구독자 6명,https://www.youtube.com/watch?v=FKvOWusT9Zs
Supreme Duelist Stickman LP#2,조회수 2회,2019. 12. 7.,1,0,Lighting DukPlayz,구독자 3명,https://www.youtube.com/watch?v=pclFUBBJ6DA
Supreme duelist stickman,조회수 4회,2019. 12. 7.,0,0,aayushman sharma United,구독자 6명,https://www.youtube.com/watch?v=9W1xaUBVEBU
졸라맨끼리 무기들고 막싸움하기! Supreme Duelist Stickman 모바일게임,조회수 31회,2019. 12. 7.,11,0,아매킹TV,구독자 478명,https://www.youtube.com/watch?v=rb0Gq0KvPCc
SUPREME DUELIST STICKMAN - Walkthrough Gameplay Part 37 (New Version Android Game),"조회수 18,964회",2019. 12. 7.,104,16,PlaygamedroidPro,,https://www.youtube.com/watch?v=b3P4hc2vCvg
Supreme Duelist Stickman | Let's Play,조회수 1회,2019. 12. 7.,0,0,FieryMaxiMan,구독자 982명,https://www.youtube.com/watch?v=pZ7WFK3k-uY
Arm Cannon VS All Weapon - Supreme Duelist Stickman,조회수 911회,2019. 12. 7.,17,0,Android Rakun,구독자 1.44천명,https://www.youtube.com/watch?v=P403fqmSP4M
2 player survival supreme duelist stickman fight,조회수 14회,2019. 12. 7.,1,0,Tiau Hee,구독자 2명,https://www.youtube.com/watch?v=BtrQaGFrvpY
Main berdua di game supreme duelist stickman,조회수 1회,2019. 12. 7.,0,0,Ryno Syahrilawani,구독자 5명,https://www.youtube.com/watch?v=32_Qo3iSt5c
Supreme Duelist Stickman New Katana Update,"조회수 68,894회",2019. 12. 8.,1.9천,101,Neron's Brother,구독자 9.79만명,https://www.youtube.com/watch?v=ZiWPaMMQX4E
Supreme Duelist Stickman New Katana Update,"조회수 4,418회",2019. 12. 8.,35,2,night gaming,구독자 35.5만명,https://www.youtube.com/watch?v=-E9bauhOJ1A
Supreme Duelist Stickman Gameplay HD #1,조회수 3회,2019. 12. 8.,0,0,DIKA. CEHA,,https://www.youtube.com/watch?v=JRHqJ4vZCZo
Supreme Duelist stickman,조회수 5회,2019. 12. 8.,1,0,Luley Abdallah,,https://www.youtube.com/watch?v=878TVUandzs
Supreme duelist stickman/ sds,조회수 3회,2019. 12. 8.,1,0,shadow parkourist4444,구독자 1명,https://www.youtube.com/watch?v=eNDJpr_ILzY
5 rounds of supreme duelist Stickman +bonus round!,조회수 1회,2019. 12. 8.,0,0,Joseph Callahan,구독자 6명,https://www.youtube.com/watch?v=-71zDAN1fac
Είμαι jedi (supreme duelist stickman),조회수 13회,2019. 12. 8.,3,0,C P channel gr,구독자 9명,https://www.youtube.com/watch?v=UpbOT-fgH0k
Supreme Duelist Stickman,조회수 1회,2019. 12. 8.,0,0,Shadow Nightmare,구독자 1명,https://www.youtube.com/watch?v=JJht00XFU8g
"If i die the video ends, Supreme Duelist Stickman",조회수 4회,2019. 12. 8.,0,0,The game PLAYER,구독자 3명,https://www.youtube.com/watch?v=G8eTLJM7Oqc
Supreme Duelist Stickman - SPIDERMAN VS CAPTAIN AMERICA,조회수 3회,2019. 12. 8.,0,0,BEST android GAMES,,https://www.youtube.com/watch?v=aab_tFZPjeM
Supreme duelist stickman,조회수 5회,2019. 12. 8.,2,0,UltimateJust,구독자 22명,https://www.youtube.com/watch?v=aKTTkzZm78w
Supreme Duelist Stickman: Minecraft VS Minecraft.,조회수 7회,2019. 12. 9.,4,0,PROL,구독자 11명,https://www.youtube.com/watch?v=oG49_zRhV-8
Lets play Supreme Duelist Stickman,조회수 5회,2019. 12. 9.,1,0,Flachka 310,구독자 10명,https://www.youtube.com/watch?v=ir8gsscV1c4
Supreme Duelist Stickman Bomb GLITCH/SURVIVAL HACK!!!,조회수 20회,2019. 12. 9.,3,1,redflarehunter,구독자 34명,https://www.youtube.com/watch?v=WbyuvO2Ifxw
Supreme Duelist Stickman Survival - Noob VS Pro VS Hacker,"조회수 1,985회",2019. 12. 9.,54,3,Android Rakun,구독자 1.44천명,https://www.youtube.com/watch?v=DYmcK5MLyyA
Supreme duelist stickman,조회수 6회,2019. 12. 9.,2,0,LEGOPROG,구독자 28명,https://www.youtube.com/watch?v=kZHHFc6Kgm8
Supreme Duelist Stickman Gun VS Sabers Gameplay,조회수 3회,2019. 12. 9.,0,0,mdMedom XcelZ,구독자 1명,https://www.youtube.com/watch?v=_4EheD7L6zU
Megalovania sans VS chara,조회수 7회,2019. 12. 9.,2,0,Brave Gaming,구독자 12명,https://www.youtube.com/watch?v=Bh32Q5Wc9WU
Random Games#1 Supreme Duelist Stickman,조회수 11회,2019. 12. 9.,2,0,Random Games,구독자 3명,https://www.youtube.com/watch?v=a7gpJUycS9M
Novo jogo no canal(SUPREME DUELIST STICKMAN),조회수 5회,2019. 12. 9.,0,0,JHOW BR,구독자 22명,https://www.youtube.com/watch?v=uX0leL_sowA
"Supreme Duelist Stickman - Gameplay Walkthrough Part 19 (Android, iOS Game)","조회수 1,959회",2019. 12. 9.,14,2,Pryszard Android iOS Gameplays,구독자 39.7만명,https://www.youtube.com/watch?v=8UU6cvG8vHM
jogando com o meu primo ( supreme duelist stickman ) (jogos de celular ),조회수 9회,2019. 12. 9.,3,0,Migui Game Go,구독자 7명,https://www.youtube.com/watch?v=bFllvguyxR8
Supreme Duelist Stickman #1,조회수 2회,2019. 12. 9.,0,0,indoabbas 124,구독자 14명,https://www.youtube.com/watch?v=l5nu5y-QKxM
"SupremeDuelist,ScaryTeacher,RocketBuddy,TempleRun,ZombieTsunami,StickJail,SubwaySurf,TankStars,","조회수 4,498회",2019. 12. 9.,22,6,TapCheat,구독자 5.42만명,https://www.youtube.com/watch?v=nZ8kE8TSA5Y
Dragon Katana! New Weapon Update - Supreme Duelist Stickman,"조회수 1,492회",2019. 12. 9.,41,2,Android Rakun,구독자 1.44천명,https://www.youtube.com/watch?v=gJFppHoQfdw
supreme duelist stickman - BLACK vs WHITE,"조회수 11,381회",2019. 5. 11.,46,9,night gaming,구독자 35.5만명,https://www.youtube.com/watch?v=etHBA6yUHwQ
Supreme Duelist Stickman Enemy Level 9 Strength Gameplay,조회수 138회,2019. 5. 12.,5,1,Sensei Cayle,구독자 240명,https://www.youtube.com/watch?v=CAQ3nTR_aZw
supreme duelist stickman,"조회수 18,223회",2019. 5. 14.,69,12,night gaming,구독자 35.5만명,https://www.youtube.com/watch?v=2N0zS_V0v4s
Avengers Infinity War trong SUPREME DUELIST STICKMAN,조회수 575회,2019. 5. 14.,9,1,Yato Huns_VN,구독자 97명,https://www.youtube.com/watch?v=ZKgcEJxjaXY
Supreme duelist tournament,조회수 55회,2019. 5. 16.,3,1,Supreme Fox Reactor,구독자 64명,https://www.youtube.com/watch?v=3-wCQS3jQLI
supreme duelist stickman,"조회수 30,861회",2019. 5. 17.,106,37,night gaming,구독자 35.5만명,https://www.youtube.com/watch?v=WQouq7zsOBw
supreme duelist stickman,"조회수 16,905회",2019. 5. 18.,76,12,night gaming,구독자 35.5만명,https://www.youtube.com/watch?v=r8UXHME1rDA
supreme duelist stickman,"조회수 6,929회",2019. 5. 20.,32,9,night gaming,구독자 35.5만명,https://www.youtube.com/watch?v=HtYqty-nIS0
supreme duelist stickman 🦸 MICKEY vs STEVE 🦹‍♂️ epic battle,"조회수 3,155회",2019. 5. 21.,23,5,night gaming,구독자 35.5만명,https://www.youtube.com/watch?v=zpKlj1T6ERc
Supreme Duelist Stickman: Iron update,"조회수 704,827회",2019. 5. 23.,6.4천,952,Neron's Brother,구독자 9.8만명,https://www.youtube.com/watch?v=1_TKbZysdXw
supreme duelist stickman,"조회수 2,499회",2019. 5. 23.,16,2,night gaming,구독자 35.5만명,https://www.youtube.com/watch?v=EdjSToJR0z4
MANOPLA DO INFINITO DO THANOS NO supreme duelist stickman,조회수 341회,2019. 5. 24.,16,2,heike kinho,구독자 11명,https://www.youtube.com/watch?v=xCd0TkSw7hw
supreme duelist stickman - duels of swords,"조회수 12,894회",2019. 5. 25.,47,6,night gaming,구독자 35.5만명,https://www.youtube.com/watch?v=BJMuekGZgjw
Supreme Duelist Stickman Gameplay | Lightsaber VS Iron Hand,조회수 94회,2019. 5. 26.,12,1,N3XF7K R4Z04,구독자 34명,https://www.youtube.com/watch?v=By43q5fD0mE
supreme duelist stickman - Iron Gauntlet,"조회수 2,932회",2019. 5. 27.,20,1,night gaming,구독자 35.5만명,https://www.youtube.com/watch?v=nfL7A2mY3Uc
Stickman supreme duelist funny scenes,조회수 273회,2019. 5. 28.,6,0,woozy woozy gamer,구독자 4명,https://www.youtube.com/watch?v=v2x7u3UEdAE
Supreme duelist stickman . Fight red vs blue [ep1],조회수 64회,2019. 5. 28.,4,0,SGBF game,구독자 4명,https://www.youtube.com/watch?v=gZERHmGHw3s
supreme duelist stickman,"조회수 14,060회",2019. 5. 31.,84,13,night gaming,구독자 35.5만명,https://www.youtube.com/watch?v=491-avYXxAY
Supreme Duelist Stickman - goku all weapons,"조회수 27,254회",2019. 5. 7.,67,12,night gaming,구독자 35.5만명,https://www.youtube.com/watch?v=zP_n0-73r4E
Supreme Duelist Stickman,조회수 808회,2019. 5. 7.,7,0,Buddy,구독자 1.88천명,https://www.youtube.com/watch?v=Z1X9kbL_QsY
Supreme Duelist Stickman,"조회수 49,448회",2019. 5. 8.,186,18,night gaming,구독자 35.5만명,https://www.youtube.com/watch?v=t8-MbRe2ujw
Supreme Duelist Stickman / steve all weapons,"조회수 24,808회",2019. 5. 9.,155,13,night gaming,구독자 35.5만명,https://www.youtube.com/watch?v=p17Rp1SmzGY
Infinity gauntlet in Supreme duelist,조회수 196회,2019. 6. 10.,6,0,S'm0res_YT,구독자 91명,https://www.youtube.com/watch?v=wm0TYs72MUM
supreme duelist stickman,"조회수 3,841회",2019. 6. 10.,19,2,night gaming,구독자 35.5만명,https://www.youtube.com/watch?v=-hZqzimriLI
Supreme Duelist Stickman - Android GamePlay 3D Part 3,"조회수 3,723회",2019. 6. 10.,28,5,vsGaming,구독자 36.2만명,https://www.youtube.com/watch?v=p5-dTUa_-4M
Thanos vs Avenger Supreme Duelist Stickman,조회수 852회,2019. 6. 11.,21,1,Khalil Gacha,구독자 135명,https://www.youtube.com/watch?v=swZ4XA4-zUk
SUPREME DUELIST STICKMAN - SHIFAN VS SHATARA (survival) - PART 2,"조회수 8,546회",2019. 6. 11.,103,26,shatara sahasika,구독자 78명,https://www.youtube.com/watch?v=QkT1ZJ_043w
Minecraft VS Thanos (Supreme Duelist),조회수 18회,2019. 6. 11.,1,0,Swag Gamer,구독자 5명,https://www.youtube.com/watch?v=Ncte9Yc1YYI
🗡La nueva arma🔫 Supreme Duelist Stickman,"조회수 3,291회",2019. 6. 11.,65,13,EvanGamer YT,구독자 47명,https://www.youtube.com/watch?v=ev0j08dN2-M
Game seru penghilang bosan #supreme duelist stickman,조회수 575회,2019. 6. 12.,13,5,Fauzan 2007,구독자 7명,https://www.youtube.com/watch?v=DaNZHZ1JrPM
supreme duelist stickman,"조회수 7,107회",2019. 6. 12.,36,5,night gaming,구독자 35.5만명,https://www.youtube.com/watch?v=e4ydRK2WmQY
Играю с братом в supreme duelist stickman!,"조회수 1,266회",2019. 6. 13.,36,6,_ Oleg's play _,구독자 29명,https://www.youtube.com/watch?v=t45v3tQCta0
Lutas épicas de Stickmans! - Supreme Duelist Stickman,조회수 94회,2019. 6. 14.,12,0,Draftyrobin,구독자 83명,https://www.youtube.com/watch?v=91nzPl_XiQ8
Supreme duelist stickman EP.1,조회수 14회,2019. 6. 15.,1,0,Fruit & game,구독자 4명,https://www.youtube.com/watch?v=gYIE_8EylHs
supreme duelist stickman,"조회수 13,048회",2019. 6. 15.,44,8,night gaming,구독자 35.5만명,https://www.youtube.com/watch?v=r0UoVfvumwI
Supreme Duelist Stickman. Đánh nhau vui nhộn,조회수 630회,2019. 6. 16.,23,2,kids channel,구독자 209명,https://www.youtube.com/watch?v=RvfD14uo11Y
Naruto VS Luffy | Supreme Duelist Stickman,조회수 95회,2019. 6. 19.,3,1,MigueZord,구독자 188명,https://www.youtube.com/watch?v=A3rP7cidhPo
Supreme Duelist Stickman - Mobile Gameplay,조회수 379회,2019. 6. 19.,8,0,I Dont Like PC Games,구독자 4.07천명,https://www.youtube.com/watch?v=MRj57PSxtmo
Supreme Duelist Stickman Android iOS Gameplay 2019 (PART 1),조회수 483회,2019. 6. 2.,9,1,Gaming Master,구독자 1.94만명,https://www.youtube.com/watch?v=k7oGYPCBMAw
(Supreme Duelist Stickman) Batman Vs Homen De Ferro,조회수 57회,2019. 6. 2.,3,0,GUSTAVO BR,구독자 18명,https://www.youtube.com/watch?v=aCNMrweyYNE
JOGANDO SUPREME DUELIST STICKMAN!!,조회수 13회,2019. 6. 20.,1,0,-Agatha e Matheus-,구독자 1명,https://www.youtube.com/watch?v=IqHZlsFSGR4
SUPREME DUELIST STICKMAN: LIGHTSABER GAMEPLAY,조회수 315회,2019. 6. 21.,17,3,ASSASIN YT GAMER,구독자 21명,https://www.youtube.com/watch?v=aGf8fnLfPGc
Supreme duelist stickman - 🗡🏹 SURVIVAL MOD #2# 🏹🗡 - INFINITY GAUNTLET,"조회수 1,841회",2019. 6. 21.,19,0,BEST android GAMES,,https://www.youtube.com/watch?v=UG1xFsdrlpw
"Supreme Duelist Stickman - Gameplay Trailer (Android,iOS)","조회수 9,730회",2019. 6. 21.,64,8,Pryszard Android iOS Gameplays,구독자 39.7만명,https://www.youtube.com/watch?v=jOKzOqZpV4E
Supreme Duelist Stickman : Paintbrush Update,"조회수 576,365회",2019. 6. 21.,6천,904,Neron's Brother,구독자 9.8만명,https://www.youtube.com/watch?v=MQNQD5z1G9M
Jogando Supreme duelist Stickman com a música Believe,조회수 70회,2019. 6. 22.,4,0,binho supremo,구독자 8명,https://www.youtube.com/watch?v=NdRQOzavq3U
supreme duelist stickman - the magic brush,조회수 340회,2019. 6. 23.,6,1,Buddy,구독자 1.88천명,https://www.youtube.com/watch?v=PlGwLI7g0xM
Supreme duelist stickman Gingerbread vs. Naruto Epic battle,조회수 132회,2019. 6. 23.,5,0,SeverotPlayz,구독자 19명,https://www.youtube.com/watch?v=olPu31bTugw
Supreme Duelist Stickman - Red vs Yellow,조회수 46회,2019. 6. 24.,2,1,SpiterSpiralized 1234,구독자 208명,https://www.youtube.com/watch?v=uC3FMNscA7s
Supreme duelist stickman :. Trying out the new paint brush,조회수 143회,2019. 6. 24.,9,0,zero.k op,구독자 5명,https://www.youtube.com/watch?v=l09rNbe5pXY
EPIC MOMENT | Supreme Duelist Stickman,"조회수 6,018회",2019. 6. 25.,78,8,Android Rakun,구독자 1.44천명,https://www.youtube.com/watch?v=c2pimp1eVFE
Supreme duelist stickman:iron man vs thanos uahahaaha😁😁,조회수 78회,2019. 6. 25.,3,2,XI4NYEXEL _PH,구독자 23명,https://www.youtube.com/watch?v=OeUS-2F3G0o
Supreme Duelist Stickman ( funny and crazy mobile game ),조회수 282회,2019. 6. 26.,47,0,Kids Show,,https://www.youtube.com/watch?v=r5l6mLcOa8w
Supreme duelist stickman survival coop,"조회수 2,251회",2019. 6. 27.,57,3,Canal BrothersGraal,구독자 204명,https://www.youtube.com/watch?v=MVBefdUJF3I
đại chiến người que - supreme duelist stickman [game cho android],조회수 137회,2019. 6. 28.,0,0,Dũng Dí Dỏm,구독자 1.16천명,https://www.youtube.com/watch?v=WCQj-a-qVUY
All Weapon - Supreme Duelist Stickman Android Gameplay,"조회수 71,860회",2019. 6. 28.,651,43,Android Rakun,구독자 1.44천명,https://www.youtube.com/watch?v=IPMw23hrdk4
Best offline game?!?!! - supreme duel stickman,조회수 49회,2019. 6. 29.,3,1,Jeff LA,구독자 4명,https://www.youtube.com/watch?v=kSKIOrZPseI
Supreme Duelist Stickman | Wizard vs Boomerang Thrower,조회수 244회,2019. 6. 29.,1,2,Yellow Console,구독자 2명,https://www.youtube.com/watch?v=5mzQiAiXHZc
Supreme duelist stickman - 🗡️SURVIVAL MOD🗡️,"조회수 1,392회",2019. 6. 3.,13,5,BEST android GAMES,,https://www.youtube.com/watch?v=LQDIkugp6m4
supreme duelist stickman,"조회수 6,334회",2019. 6. 3.,26,4,night gaming,구독자 35.5만명,https://www.youtube.com/watch?v=0INLJepIgnQ
supreme duelist stickman,"조회수 4,186회",2019. 6. 30.,14,3,night gaming,구독자 35.5만명,https://www.youtube.com/watch?v=Pvo8QodCmTY
"스틱맨(supreme duelist stickman) 게임 소개 : 졸라맨 전투, 졸라맨 싸우는 게임 리뷰, game review, zolaman game review","조회수 5,624회",2019. 6. 30.,62,17,이수와아빠,구독자 85명,https://www.youtube.com/watch?v=K9OnYkkzay4
The first video of my chanel/ supreme delist stickman,조회수 115회,2019. 6. 4.,4,2,The gameing god,구독자 6명,https://www.youtube.com/watch?v=HOM2h79Kwok
supreme duelist stickman,"조회수 6,339회",2019. 6. 4.,28,4,night gaming,구독자 35.5만명,https://www.youtube.com/watch?v=7n-oHYoxhVA
Supreme Duelist Stickman Android Gameplay,조회수 413회,2019. 6. 7.,9,1,KruGames,구독자 16.5만명,https://www.youtube.com/watch?v=kGPoR94ir7Q
Trailer - Supreme Duelist Stickman,조회수 55회,2019. 6. 7.,3,0,Game Trailers,구독자 248명,https://www.youtube.com/watch?v=JWYEAeKNgbg
스틱맨 두명만으로도 세상이 파괴됩니다 여러분 (Supreme Duelist StickMan) [하프물범],조회수 157회,2019. 6. 8.,8,3,하프물범,구독자 290명,https://www.youtube.com/watch?v=qjCUidpJZOc
Bug de supreme Duelist stickman,조회수 707회,2019. 6. 8.,17,12,Jaime Borges,구독자 67명,https://www.youtube.com/watch?v=0u8HIV_pbIc
Supreme Duelist Stickman - Android GamePlay 3D,"조회수 1,900회",2019. 6. 8.,17,1,vsGaming,구독자 36.2만명,https://www.youtube.com/watch?v=rUWLaiSM6W0
supreme duelist stickman,"조회수 8,492회",2019. 6. 8.,56,5,night gaming,구독자 35.5만명,https://www.youtube.com/watch?v=ZzPKDY4Is5E
Supreme Duelist Stickman Legacy - Gameplay Walkthrough Part 5 - New Superpowers (Android),"조회수 2,903회",2019. 6. 9.,19,4,DroidVS,구독자 16.1만명,https://www.youtube.com/watch?v=SF-DiAY0bow
NEW FAVOURITE GAME! | Supreme Duelist Stickman,조회수 371회,2019. 6. 9.,9,2,SAG and GAMES,구독자 185명,https://www.youtube.com/watch?v=cD44yKt45oA
Supreme Duelist Stickman - Android GamePlay 3D Part 2,"조회수 2,031회",2019. 6. 9.,31,4,vsGaming,구독자 36.2만명,https://www.youtube.com/watch?v=TswkIgGPsYw
supreme duelist stickman - all the characters and weapons,"조회수 10,616회",2019. 6. 9.,68,12,night gaming,구독자 35.5만명,https://www.youtube.com/watch?v=S4_UuUkhOTw
Supreme duelist stickman ep 1,조회수 6회,2019. 7. 1.,3,0,gustavo fantasma,구독자 39명,https://www.youtube.com/watch?v=QGixZ1qiwH0
Jogando supreme duelist stickman,조회수 68회,2019. 7. 1.,9,2,MATHEUS E ARTHUR,구독자 40명,https://www.youtube.com/watch?v=H6AaztdxFSA
Supreme Duelist Stickman ( 2 Player ) New Update,조회수 459회,2019. 7. 11.,8,1,Gameplays Droid Pro,,https://www.youtube.com/watch?v=Q-vphYbUSkY
"Supreme Duelist Stickman - Gameplay Trailer (Android, iOS)","조회수 44,768회",2019. 7. 11.,241,21,Pryszard Android iOS Gameplays,구독자 39.7만명,https://www.youtube.com/watch?v=uZNrbR1-0ag
Supreme Duelist Stickman (Mode Survival) New Update,"조회수 5,503회",2019. 7. 12.,53,8,Gameplays Droid Pro,,https://www.youtube.com/watch?v=0L3dRWSNo8s
SUPREME DUELIST STICKMAN - Walkthrough Gameplay Part 5 (Stickman Android Game),"조회수 24,465회",2019. 7. 14.,124,12,PlaygamedroidPro,,https://www.youtube.com/watch?v=tOao7igjuCo
the epic stickman battles - supreme duelist stickman,"조회수 5,920회",2019. 7. 15.,29,6,night gaming,구독자 35.5만명,https://www.youtube.com/watch?v=zu63eJQI-yg
Supreme duelist stickman no survival!!!,조회수 53회,2019. 7. 15.,2,2,Fábio sofia e Duda Ramalho ramalho,구독자 6명,https://www.youtube.com/watch?v=wLuCYBI7Sk8
Supreme duelist stickman - Iron Man vs Thanos,조회수 174회,2019. 7. 15.,6,0,The Bluebob166,구독자 3명,https://www.youtube.com/watch?v=_dK_pVEQzcU
Spider man x supreme duelist music video,조회수 137회,2019. 7. 16.,1,0,gaming with snow the fox,구독자 5명,https://www.youtube.com/watch?v=DMpqZc4UGbg
Delice savaştık (supreme duelıst),조회수 47회,2019. 7. 16.,2,0,pro alperen efe,구독자 3명,https://www.youtube.com/watch?v=B7KfmeqxuTI
Noob vs Pro supreme duelist stickman #2,조회수 129회,2019. 7. 18.,22,2,Brenno Italo,구독자 763명,https://www.youtube.com/watch?v=Kpjo09A2XwI
Supreme Duelist Stickman : Part 1 Use the lance to fight with all weapons,조회수 70회,2019. 7. 19.,1,0,Android Gaming,,https://www.youtube.com/watch?v=AWV8Ky8sLtg
"Supreme Duelist stickman//Sniper Vs Dagger, Scepter, Boot, Flail, Bow.",조회수 55회,2019. 7. 19.,4,1,We Are Human,구독자 18명,https://www.youtube.com/watch?v=ALUfnO9Lg0E
supreme duelist stickman - the epic stickman battles,"조회수 3,332회",2019. 7. 19.,36,3,night gaming,구독자 35.5만명,https://www.youtube.com/watch?v=YM7ECceqNak
Không có cơ hội | Supreme Duelist Stickman Survival,"조회수 2,303회",2019. 7. 20.,23,14,Kỳ Anh FunnyTM,구독자 95명,https://www.youtube.com/watch?v=019RmssZ_2U
Supreme Duelist Stickman - Trying to Escape Enemies on Survival Mode! | Part #1,"조회수 3,116회",2019. 7. 21.,27,2,M1cOX1 YT,구독자 56명,https://www.youtube.com/watch?v=FWPfvPh8Qw4
supreme duelist stickman - the epic stickman battles,"조회수 4,667회",2019. 7. 22.,43,5,night gaming,구독자 35.5만명,https://www.youtube.com/watch?v=8ZIfjJaIvC0
Stupid yet hilarious games| Supreme Duelist Stickman,조회수 15회,2019. 7. 24.,1,0,ShockFire101,구독자 10명,https://www.youtube.com/watch?v=5c4Dn5Z-9Ak
Interesting match of Stickman supreme duelist[scepter vs portal(AI9)],조회수 60회,2019. 7. 25.,0,0,SALANYA BANBAN,구독자 3명,https://www.youtube.com/watch?v=JFhgsL_8_mM
Supreme Duelist Stickman - Boomerang Combo!,조회수 313회,2019. 7. 25.,4,2,M1cOX1 YT,구독자 56명,https://www.youtube.com/watch?v=jP77okpRdHI
SUPREME DUELIST STICKMAN - Walkthrough Gameplay Part 6 (Stickman Android Game),"조회수 202,303회",2019. 7. 26.,1천,130,PlaygamedroidPro,,https://www.youtube.com/watch?v=vlMhZiTJxRY
แจกเกมSupreme Duelist Stickmanไปdownload play store เอง,조회수 634회,2019. 7. 27.,10,3,KUNchanel 279,구독자 16명,https://www.youtube.com/watch?v=Eoq1eRU-XOQ
Supreme Duelist Stickman - Gameplay Walkthrough Part 3 ( Android Game),"조회수 3,047회",2019. 7. 27.,35,8,Cool Game TV,,https://www.youtube.com/watch?v=FYBSl1fqics
supreme duelist stickman - the epic stickman battles,"조회수 34,402회",2019. 7. 28.,191,11,night gaming,구독자 35.5만명,https://www.youtube.com/watch?v=A_ch90NSs4U
SUPREME DUELIST STICKMAN - Walkthrough Gameplay Part 7 (Stickman Android Game),"조회수 167,654회",2019. 7. 29.,1.4천,149,PlaygamedroidPro,,https://www.youtube.com/watch?v=ayd3K1wAM3o
Playing some Supreme Duelist (portal gun op),조회수 54회,2019. 7. 29.,2,0,Night Night,구독자 7명,https://www.youtube.com/watch?v=1syIQEdPbUE
supreme duelist stickman - the epic stickman battles,"조회수 3,488회",2019. 7. 29.,29,4,night gaming,구독자 35.5만명,https://www.youtube.com/watch?v=8U6uFUoWhe4
SUPREME DUELIST STICKMAN - Walkthrough Gameplay Part 1 - INTRO (Stickman Android Game),"조회수 40,794회",2019. 7. 3.,225,16,PlaygamedroidPro,,https://www.youtube.com/watch?v=WKfCyvg-dYY
Testing the shuriken | Supreme Duelist Stickman,조회수 117회,2019. 7. 3.,2,2,InZert,구독자 13명,https://www.youtube.com/watch?v=sCVdVWseikM
Playing Supreme Duelist stickman (funny moments),조회수 389회,2019. 7. 30.,5,1,George Legend,구독자 93명,https://www.youtube.com/watch?v=runeXOu6bF8
SUPREME DUELIST STICKMAN - Walkthrough Gameplay Part 8 (Stickman Android Game),"조회수 27,527회",2019. 7. 31.,112,11,PlaygamedroidPro,,https://www.youtube.com/watch?v=fs855V4yU0o
"Supreme Duelist Stickman - Gameplay Walkthrough Part 1 (Android, iOS Game)","조회수 4,337회",2019. 7. 31.,47,6,Pryszard Android iOS Gameplays,구독자 39.7만명,https://www.youtube.com/watch?v=rnY-15avbRM
Todas as armas de supreme duelist stickman parte 1,조회수 310회,2019. 7. 4.,11,0,Lendario Jim,구독자 4.94천명,https://www.youtube.com/watch?v=he0envUblRE
SUPREME DUELIST STICKMAN - Walkthrough Gameplay Part 2 (Stickman Android Game),"조회수 10,039회",2019. 7. 5.,80,5,PlaygamedroidPro,,https://www.youtube.com/watch?v=vK2tyYY0_84
Supreme Duelist Stickman Master part 1,조회수 19회,2019. 7. 6.,2,0,Iman Naqib Gaming,구독자 16명,https://www.youtube.com/watch?v=icP-_2k-eJ8
(NO SOUND) DARTH MAUL VS LUKE SKYWALKER!!!!! - Star Wars Battle - Supreme Duelist Stickman,조회수 34회,2019. 7. 7.,0,0,Amazing Gold Liker!,구독자 10명,https://www.youtube.com/watch?v=7W6yB_Gj98w
Invisible TNT v Peneck | Supreme stickman duelist,조회수 44회,2019. 7. 7.,6,0,Invisible TNT,구독자 26명,https://www.youtube.com/watch?v=LyztorW9ISg
Supreme Duelist Stickman - Gameplay Walkthrough Part 1 ( Android Game),조회수 950회,2019. 7. 8.,20,4,Cool Game TV,,https://www.youtube.com/watch?v=QM7ZQt6sM7U
SUPREME DUELIST STICKMAN - Walkthrough Gameplay Part 3 (Stickman Android Game),"조회수 5,896회",2019. 7. 8.,32,5,PlaygamedroidPro,,https://www.youtube.com/watch?v=WxGh9f8p3tg
Supreme Duelist Stickman - Gameplay Walkthrough Part 2 ( Android Game),조회수 996회,2019. 7. 9.,13,0,Cool Game TV,,https://www.youtube.com/watch?v=AkXoJFztnm0
SUPREME DUELIST STICKMAN - Walkthrough Gameplay Part 4 (Stickman Android Game),"조회수 14,784회",2019. 7. 9.,80,6,PlaygamedroidPro,,https://www.youtube.com/watch?v=J-89PILYtPY
Supreme Duelist Stickman Iron Man VS Thanos Who die First - Cheat Hack All Weapons - Stupid Stickman,"조회수 1,081회",2019. 7. 9.,7,5,Tedo Gaming,,https://www.youtube.com/watch?v=ogsc8vzWr_Y
SUPREME DUELIST STICKMAN - Walkthrough Gameplay Part 9 - STICKMAN STAR WARS(Stickman Android Game),"조회수 442,436회",2019. 8. 1.,2.6천,257,PlaygamedroidPro,,https://www.youtube.com/watch?v=v_3257ry53M
37 epic battles of stickman - supreme duelist stickman,"조회수 19,804회",2019. 8. 10.,107,14,night gaming,구독자 35.5만명,https://www.youtube.com/watch?v=_B6MEdCZY2w
SUPREME DUELIST STICKMAN - Walkthrough Gameplay Part 11 (Stickman Android Game),"조회수 5,008회",2019. 8. 10.,31,2,PlaygamedroidPro,,https://www.youtube.com/watch?v=9r_tj2Z2FxM
"Supreme Duelist Stickman - Gameplay Walkthrough Part 4 (Android, iOS Game)","조회수 6,747회",2019. 8. 12.,37,5,Pryszard Android iOS Gameplays,구독자 39.7만명,https://www.youtube.com/watch?v=OnLvaI6pHn4
32 epic battles of stickman - supreme duelist stickman,"조회수 10,424회",2019. 8. 12.,52,8,night gaming,구독자 35.5만명,https://www.youtube.com/watch?v=DXHDqQb8cJA
Peleas epicas randoms.supreme duelist stickman,조회수 172회,2019. 8. 13.,6,2,LilsanScarface,구독자 20명,https://www.youtube.com/watch?v=gm4Y7PAaKX8
Supreme Duelist Stickman Android (Mobil) Gameplay Video,조회수 156회,2019. 8. 13.,1,1,Mobbox US,구독자 2.16만명,https://www.youtube.com/watch?v=v3tNTEZedm0
45 epic battles of stickman - supreme duelist stickman,"조회수 18,129회",2019. 8. 15.,104,9,night gaming,구독자 35.5만명,https://www.youtube.com/watch?v=RJLO7gMQ47k
Supreme Duelist Stickman Tournament #1,조회수 255회,2019. 8. 16.,10,0,GamingWithDave,구독자 35명,https://www.youtube.com/watch?v=X0B8cQhvw6k
STICKMAN PROJECT - EPIC BATTLES - SUPREME DUELIST STICKMAN,"조회수 19,686회",2019. 8. 17.,137,12,night gaming,구독자 35.5만명,https://www.youtube.com/watch?v=gEXRc11OLRQ
STICKMAN PROJECT EPIC BATTLES SUPREME DUELIST STICKMAN PART 2,"조회수 64,306회",2019. 8. 17.,288,20,night gaming,구독자 35.5만명,https://www.youtube.com/watch?v=qzfJUoji7FI
STICKMAN PROJECT - EPIC BATTLES SUPREME DUELIST STICKMAN - PART 3,"조회수 25,193회",2019. 8. 18.,120,12,night gaming,구독자 35.5만명,https://www.youtube.com/watch?v=uqZODOYuqJQ
SUPREME DUELIST STICKMAN ANDROID/IOS WALKTHROUGH (PART 3),조회수 27회,2019. 8. 19.,4,0,Gaming Master,구독자 1.94만명,https://www.youtube.com/watch?v=IdQB3YfHa2s
SUPREME DUELIST STICKMAN - Walkthrough Gameplay Part 12 (Stickman Android Game),"조회수 343,511회",2019. 8. 19.,1.7천,143,PlaygamedroidPro,,https://www.youtube.com/watch?v=MQUs7pcIi1U
SUPREME DUELIST STICKMAN ANDROID/IOS COMPLETE GAMEPLAY(PART 2),조회수 32회,2019. 8. 19.,3,0,Gaming Master,구독자 1.94만명,https://www.youtube.com/watch?v=gTs3GPIfkPI
supreme duelist stickman - the epic stickman battles,"조회수 3,786회",2019. 8. 19.,27,6,night gaming,구독자 35.5만명,https://www.youtube.com/watch?v=mpoHgFYfgCQ
supreme duelist stickman - the epic stickman battles,"조회수 17,281회",2019. 8. 2.,92,13,night gaming,구독자 35.5만명,https://www.youtube.com/watch?v=RXzF-FCkhl4
"Supreme Duelist Stickman - Gameplay Walkthrough Part 5 (Android, iOS Game)","조회수 15,407회",2019. 8. 20.,80,11,Pryszard Android iOS Gameplays,구독자 39.7만명,https://www.youtube.com/watch?v=XdzqiYAjkL8
SUPREME DUELIST STICKMAN || Walkthrough Gameplay -- Android Gameplay,조회수 10회,2019. 8. 20.,4,0,Zoom Gameplay,구독자 1.55천명,https://www.youtube.com/watch?v=7PZrnMAzXF8
"Supreme Duelist Stickman - Gameplay Walkthrough Part 6 (Android, iOS Game)","조회수 9,836회",2019. 8. 22.,60,6,Pryszard Android iOS Gameplays,구독자 39.7만명,https://www.youtube.com/watch?v=NYvMwqb77rA
SUPREME DUELIST STICKMAN - Walkthrough Gameplay Part 13 (Stickman Android Game),"조회수 23,593회",2019. 8. 24.,124,10,PlaygamedroidPro,,https://www.youtube.com/watch?v=brAsgzyqhqI
All Stages | Stickman Project - Like Supreme Duelist Stickman Survival Mode,"조회수 34,893회",2019. 8. 27.,225,10,Android Rakun,구독자 1.44천명,https://www.youtube.com/watch?v=450b1IMI1XA
Supreme Duelist Stickman - 2019-08-28,조회수 3회,2019. 8. 27.,0,0,akbar zata arkan,구독자 5명,https://www.youtube.com/watch?v=EB6L1W48N5c
supreme duelist stickman - the epic stickman battles,"조회수 3,461회",2019. 8. 27.,21,8,night gaming,구독자 35.5만명,https://www.youtube.com/watch?v=KPpW1wyPqoI
Final Stage | Boss Fight | Stickman Project - Supreme Duelist Stickman,"조회수 12,858회",2019. 8. 27.,88,6,Android Rakun,구독자 1.44천명,https://www.youtube.com/watch?v=x5DLqESIzrY
Supreme Duelist Stickman Battle Axe Update,조회수 123회,2019. 8. 28.,2,1,Mario Legend,구독자 41명,https://www.youtube.com/watch?v=Jo_u7JgN1dg
Supreme Duelist Stickman : New Update,"조회수 768,428회",2019. 8. 28.,7.4천,975,Neron's Brother,구독자 9.8만명,https://www.youtube.com/watch?v=T7ukfDZUVIQ
SUPREME DUELIST STICKMAN - Walkthrough Gameplay Part 14 - LEVEL 8 WEAPON (Stickman Android Game),"조회수 491,581회",2019. 8. 28.,3.2천,296,PlaygamedroidPro,,https://www.youtube.com/watch?v=8QbWi1PRmfs
THE EPIC STICKMAN BATTLES (new update) SUPREME DUELIST STICKMAN,"조회수 10,694회",2019. 8. 29.,78,13,night gaming,구독자 35.5만명,https://www.youtube.com/watch?v=nRcvCDDGdeY
SUPREME DUELIST STICKMAN - Walkthrough Gameplay Part 10 - (Stickman Android Game),"조회수 44,256회",2019. 8. 3.,188,20,PlaygamedroidPro,,https://www.youtube.com/watch?v=kSn5qVo_60w
"Supreme Duelist Stickman - Gameplay Walkthrough Part 7 (Android, iOS Game)","조회수 5,554회",2019. 8. 30.,47,4,Pryszard Android iOS Gameplays,구독자 39.7만명,https://www.youtube.com/watch?v=A9UWeSRHl5I
SUPREME DUELIST STICKMAN - Walkthrough Gameplay Part 15 - WEAPON SCEPTER (Stickman Android Game),"조회수 45,054회",2019. 8. 30.,240,14,PlaygamedroidPro,,https://www.youtube.com/watch?v=925juvj1vzY
Supreme Duelist stickman com meu amigo,조회수 71회,2019. 8. 31.,9,0,Paulo Ricardo GAMER,구독자 101명,https://www.youtube.com/watch?v=O65xXXra3Eg
Muhteşem mobil savaş oyunu supreme duelist,조회수 9회,2019. 8. 31.,1,0,Angora Boys,구독자 31명,https://www.youtube.com/watch?v=O7mwXG1Y16Q
[Funny Moments] Supreme Duelist Stickman Paintbrush Master,"조회수 8,939회",2019. 8. 31.,101,8,Android Rakun,구독자 1.44천명,https://www.youtube.com/watch?v=Ek9J9FCphDY
"Supreme Duelist Stickman - Gameplay Walkthrough Part 2 (Android, iOS Game)","조회수 1,888회",2019. 8. 4.,27,3,Pryszard Android iOS Gameplays,구독자 39.7만명,https://www.youtube.com/watch?v=VhYAvjGHF_8
supreme duelist stickman - the epic stickman battles,"조회수 68,655회",2019. 8. 4.,350,46,night gaming,구독자 35.5만명,https://www.youtube.com/watch?v=51Z8t3nCbg8
SPARTEON | Supreme Duelist Stickman - Gameplay (Android/iOS),"조회수 1,407회",2019. 8. 5.,19,5,DroidVS,구독자 16.1만명,https://www.youtube.com/watch?v=6JtZgoYwlAo
BAT STICK IRON HAND | Supreme Duelist Stickman - Gameplay (Android/iOS),조회수 930회,2019. 8. 5.,18,2,DroidVS,구독자 16.1만명,https://www.youtube.com/watch?v=wIUEbnm5wrM
Supreme Duelist Stickman The Epic Stickman Battles ios android game,조회수 18회,2019. 8. 5.,3,0,Scottish Gaming Duo,구독자 1.25천명,https://www.youtube.com/watch?v=ciM2TiroZ6c
Jogando survival no Supreme Duelist Stickman,조회수 49회,2019. 8. 5.,6,1,Toddy Games,구독자 39명,https://www.youtube.com/watch?v=Y7VCcxxkd3c
GOKU STICKMAN vs SPEARTONS | Supreme Duelist Stickman - Gameplay (Android/iOS),"조회수 2,277회",2019. 8. 6.,19,1,DroidVS,구독자 16.1만명,https://www.youtube.com/watch?v=pkH6mvGTcDk
supreme duelist stickman - the epic stickman battles,"조회수 6,620회",2019. 8. 6.,44,6,night gaming,구독자 35.5만명,https://www.youtube.com/watch?v=Y6joPQPa3J8
"Supreme Duelist Stickman - Gameplay Walkthrough Part 3 (Android, iOS Game)","조회수 7,545회",2019. 8. 7.,41,6,Pryszard Android iOS Gameplays,구독자 39.7만명,https://www.youtube.com/watch?v=VSfbrim3P2Y
supreme duelist stickman - the epic stickman battles,"조회수 3,488회",2019. 9. 1.,28,6,night gaming,구독자 35.5만명,https://www.youtube.com/watch?v=WxC5yRAi2SU
[Best Moments] Supreme Duelist - Stickman Project Beta - Another Game From Neron's Brother,"조회수 1,576회",2019. 9. 1.,19,1,Android Rakun,구독자 1.44천명,https://www.youtube.com/watch?v=OWiv1Oo8NI8
SUPREME DUELIST STICKMAN - Walkthrough Gameplay Part 16 - AI WEAPON MAXLEVEL (Stickman Android Game),"조회수 14,293회",2019. 9. 1.,91,10,PlaygamedroidPro,,https://www.youtube.com/watch?v=Z3f4w9ohybU
SUPREME DUELIST STICKMAN - Walkthrough Gameplay Part 20 - BATTLE AXE WEAPON (Stickman Android Game),"조회수 139,613회",2019. 9. 11.,730,62,PlaygamedroidPro,,https://www.youtube.com/watch?v=zBNWgX82yfY
[FUNNY MOMENTS] SUPREME DUELIST STICKMAN - Sickle Gameplay,"조회수 1,370회",2019. 9. 12.,18,1,Android Rakun,구독자 1.44천명,https://www.youtube.com/watch?v=e6XKaq5e3pc
Supreme duelist stickman funny moments,조회수 20회,2019. 9. 13.,0,0,Akihiko Chann,,https://www.youtube.com/watch?v=ngQzTLZRy60
SUPREME DUELIST STICKMAN - Walkthrough Gameplay Part 21 - SHIELD WEAPON (Stickman Android Game),"조회수 53,428회",2019. 9. 13.,329,20,PlaygamedroidPro,,https://www.youtube.com/watch?v=ytMquDm1liI
supreme duelist stickman - the epic stickman battles,"조회수 3,533회",2019. 9. 13.,16,2,night gaming,구독자 35.5만명,https://www.youtube.com/watch?v=10Q0sSVa7fA
"Supreme Duelist Stickman - Gameplay Walkthrough Part 9 (Android, iOS Game)","조회수 372,439회",2019. 9. 14.,1.5천,196,Pryszard Android iOS Gameplays,구독자 39.7만명,https://www.youtube.com/watch?v=alEsN0UymZ4
Top 5 Best Weapons On Supreme Duelist Stickfight,"조회수 1,310회",2019. 9. 14.,31,5,Blaze Ed,구독자 46명,https://www.youtube.com/watch?v=y0jRY51Yfuo
Supreme Duelist Stickman - Gameplay Walkthrough Ep 01 - Survival Fighting Random Weapon,조회수 71회,2019. 9. 15.,1,0,chatoys,구독자 3.3만명,https://www.youtube.com/watch?v=PhzGkVO_pD4
supreme stickman combat - supreme duelist stickman clon,"조회수 3,511회",2019. 9. 15.,33,2,night gaming,구독자 35.5만명,https://www.youtube.com/watch?v=qEl6d7fQKgo
Supreme Stickman Combat - Gameplay Walkthrough Part 1 (Android Game),"조회수 2,024회",2019. 9. 16.,14,2,Pryszard Android iOS Gameplays,구독자 39.7만명,https://www.youtube.com/watch?v=t-iIrjs3Xwk
Supreme Duelist Stickman - Gameplay Walkthrough Ep.02,조회수 62회,2019. 9. 16.,0,0,chatoys,구독자 3.3만명,https://www.youtube.com/watch?v=mrNBlPsE4vc
SUPREME DUELIST STICKMAN - Walkthrough Gameplay Part 22 - GUITAR WEAPON (Stickman Android Game),"조회수 4,358회",2019. 9. 16.,48,6,PlaygamedroidPro,,https://www.youtube.com/watch?v=P-OeNkvIAv4
Supreme Duelist Stickman - Gameplay Walkthrough Part 03 - New Fighting Skin,조회수 67회,2019. 9. 17.,0,0,chatoys,구독자 3.3만명,https://www.youtube.com/watch?v=AyH2EQjy8oc
supreme duelist stickman - the epic stickman battles - night gaming,"조회수 1,628회",2019. 9. 17.,14,1,night gaming,구독자 35.5만명,https://www.youtube.com/watch?v=-V9-IcDUD7M
"Supreme Duelist Stickman - Gameplay Walkthrough Part 10 (Android, iOS Game)","조회수 94,858회",2019. 9. 17.,305,37,Pryszard Android iOS Gameplays,구독자 39.7만명,https://www.youtube.com/watch?v=EG1L6IH-Mr8
SUPREME DUELIST STICKMAN - Walkthrough Gameplay Part 23 - BOOMERANG WEAPON (Stickman Android Game),"조회수 64,931회",2019. 9. 18.,353,16,PlaygamedroidPro,,https://www.youtube.com/watch?v=zxWZTTIo4Og
supreme duelist stickman SPIDER-STICK VS DEATH-STICK (night gaming),"조회수 2,435회",2019. 9. 19.,10,4,night gaming,구독자 35.5만명,https://www.youtube.com/watch?v=0-u6rRYrC2o
"Supreme Duelist,Zombie Tsunami,Stick Archer,Bowmasters,Stickman Jailbreak,RedBall4,Sausage,TempleRun","조회수 5,041회",2019. 9. 19.,30,5,TapCheat,구독자 5.42만명,https://www.youtube.com/watch?v=GaS0jWpWC7Q
[Funny Moments] Supreme Duelist Stickman Infinity Gauntlet Yellow Stone,"조회수 19,575회",2019. 9. 2.,280,14,Android Rakun,구독자 1.44천명,https://www.youtube.com/watch?v=m7rCyJImiJ8
"Supreme Duelist Stickman - Gameplay Walkthrough Part 11 (Android, iOS Game)","조회수 39,917회",2019. 9. 21.,143,14,Pryszard Android iOS Gameplays,구독자 39.7만명,https://www.youtube.com/watch?v=eW331CZHNiQ
Supreme Duelist Stickman Funny Stick Android GamePlay,"조회수 1,952회",2019. 9. 21.,21,3,vsGaming,구독자 36.2만명,https://www.youtube.com/watch?v=IjAU7-TOl90
SUPREME DUELIST STICKMAN - Walkthrough Gameplay Part 24 - PAINTBRUSH WEAPON (Stickman Android Game),"조회수 11,197회",2019. 9. 22.,66,8,PlaygamedroidPro,,https://www.youtube.com/watch?v=px8ndKNaKT8
supreme duelist stickman - the epic stickman battles - (Gameplay Walkthrough),"조회수 1,696회",2019. 9. 25.,13,3,night gaming,구독자 35.5만명,https://www.youtube.com/watch?v=qPYA83sMO4s
Supreme Spider Stickman Warriors - Stick Fight - Gameplay Walkthrough Part 1 (Android Game),"조회수 72,217회",2019. 9. 25.,560,40,Pryszard Android iOS Gameplays,구독자 39.7만명,https://www.youtube.com/watch?v=mlhuVzQ2AHk
"THE ARCHERS, SUPREME DUELIST STICKMAN, THE WARRIOR, THE CATAPULT, STICKMAN BOWMASTERS, ARROW GO, THE","조회수 1,440회",2019. 9. 27.,7,1,night gaming,구독자 35.5만명,https://www.youtube.com/watch?v=SJjSBrO5fz8
Supreme Duelist Stickman - Gameplay Walkthrough Part 4 (Android),조회수 29회,2019. 9. 27.,좋아요,싫어요,chatoys,구독자 3.3만명,https://www.youtube.com/watch?v=ppFYJVURtms
MUST WATCH - All of My Best Fight Compilation - Supreme Duelist Stickman Gameplay,조회수 617회,2019. 9. 27.,14,0,Android Rakun,구독자 1.44천명,https://www.youtube.com/watch?v=1lu7q8aoAVs
SUPREME DUELIST STICKMAN Gameplay Walkthrough STICKMAN EPIC BATTLES android gameplay,"조회수 2,212회",2019. 9. 28.,22,4,night gaming,구독자 35.5만명,https://www.youtube.com/watch?v=9IVckQCVQ_4
Supreme Duelist Stickman Survival Mode | 100 Kills,"조회수 1,965회",2019. 9. 28.,24,2,Raiden GetNoob,구독자 33명,https://www.youtube.com/watch?v=Io3aT22EkQc
Game Wizard Review|Supreme Duelist Stickman,조회수 10회,2019. 9. 30.,0,0,Game Wizard,구독자 13명,https://www.youtube.com/watch?v=Lb9khXaMyjA
SUPREME DUELIST STICKMAN - Walkthrough Gameplay Part 25 - IRON HAND (New Version 1.9.6 Android Game),"조회수 7,958회",2019. 9. 30.,59,6,PlaygamedroidPro,,https://www.youtube.com/watch?v=kWHyyz2LEGE
ВЕЛИКАЯ БИТВА. PVP с Parkurkot. Supreme Duelist Stickman.,조회수 61회,2019. 9. 4.,4,0,Conductor [play],구독자 147명,https://www.youtube.com/watch?v=sjsArVE-s70
SUPREME DUELIST STICKMAN - Walkthrough Gameplay Part 17 - WEAPON BOOT (Stickman Android Game),"조회수 44,283회",2019. 9. 4.,244,18,PlaygamedroidPro,,https://www.youtube.com/watch?v=UTSNg87CeRg
"Supreme Duelist Stickman - Gameplay Walkthrough Part 8 (Android, iOS Game)","조회수 3,691회",2019. 9. 5.,31,4,Pryszard Android iOS Gameplays,구독자 39.7만명,https://www.youtube.com/watch?v=J5L8NR-6pbg
[Funny Moments] Supreme Duelist Stickman - Scepter Power,"조회수 5,078회",2019. 9. 5.,52,7,Android Rakun,구독자 1.44천명,https://www.youtube.com/watch?v=9ddLpouxFKE
SUPREME DUELIST STICKMAN - Walkthrough Gameplay Part 18 - BOMB (Stickman Android Game),"조회수 31,071회",2019. 9. 6.,143,20,PlaygamedroidPro,,https://www.youtube.com/watch?v=nG0l-i7MMk4
Finally the battle axe is here (supreme duelist stickman),조회수 22회,2019. 9. 6.,1,0,fat guy,구독자 2명,https://www.youtube.com/watch?v=j9rLgMGTlbA
SUPREME DUELIST STICKMAN - Tips And Tricks,"조회수 8,184회",2019. 9. 6.,109,4,Android Rakun,구독자 1.44천명,https://www.youtube.com/watch?v=2_1B5YtOfGw
360° Supreme duelist stickman,조회수 100회,2019. 9. 7.,2,0,INFINE GAME,구독자 9명,https://www.youtube.com/watch?v=KzAR92wwtvk
[Funny Moments] SUPREME DUELIST STICKMAN - Stormbreaker/Battle Axe,"조회수 6,991회",2019. 9. 8.,58,7,Android Rakun,구독자 1.44천명,https://www.youtube.com/watch?v=sVFeCkohnOQ
SUPREME DUELIST STICKMAN - Walkthrough Gameplay Part 19 - DAGGER WEAPON (Stickman Android Game),"조회수 11,450회",2019. 9. 8.,61,6,PlaygamedroidPro,,https://www.youtube.com/watch?v=Fz3w7Kp78X0
supreme Duelist Stickman Game Video,조회수 12회,2019. 9. 9.,4,0,Labib OMG Gamer,구독자 16명,https://www.youtube.com/watch?v=gYm8E8NDBrg
快來看我 Omlet Arcade 的 Supreme Duelist Stickman 直播！,조회수 14회,실시간 스트리밍 시작일: 2019. 12. 11.,2,1,尬樹,구독자 31명,https://www.youtube.com/watch?v=1ziImM231NE
快來看我 Omlet Arcade 的 Supreme Duelist Stickman 直播！,조회수 10회,실시간 스트리밍 시작일: 2019. 12. 11.,1,0,尬樹,구독자 31명,https://www.youtube.com/watch?v=5kSp0RGsNZk
快來看我 Omlet Arcade 的 Supreme Duelist Stickman 直播！,조회수 8회,실시간 스트리밍 시작일: 2019. 12. 11.,1,1,尬樹,구독자 31명,https://www.youtube.com/watch?v=TeBvgyaAT3A
快來看我 Omlet Arcade 的 Supreme Duelist Stickman 直播！,조회수 10회,실시간 스트리밍 시작일: 2019. 12. 11.,1,0,尬樹,구독자 31명,https://www.youtube.com/watch?v=14mjZ4PCTRM
Supreme Duelist Stickman - gameplay trailer - Walkthrough Gameplay Part 1 ( stickman ios game ),조회수 14회,최초 공개: 2019. 10. 14.,1,0,Gaming K,구독자 1.24천명,https://www.youtube.com/watch?v=6DAIPTylT-s
Supreme Duelist Stickman - ios gameplay - game android - part 2,조회수 253회,최초 공개: 2019. 10. 16.,22,0,Gaming K,구독자 1.24천명,https://www.youtube.com/watch?v=STFczDQtFFQ
Supreme Duelist Stickman -Walkthrough Gameplay Part 3 - gameplay (Stickman Android Game),조회수 138회,최초 공개: 2019. 10. 17.,10,1,Gaming K,구독자 1.24천명,https://www.youtube.com/watch?v=UnJc35ZEte0
"RedBall4,Little Singham,Supreme Duelist Stickman,Mario Run,Mario Kart,Temple Run,Water 2,FunRace 3D","조회수 25,347회",최초 공개: 2019. 11. 14.,86,17,Game Red ball,,https://www.youtube.com/watch?v=VX45LKOTjWs
Играем в Supreme Duelist Stickman,조회수 62회,최초 공개: 2019. 11. 15.,4,1,Cool game,,https://www.youtube.com/watch?v=HHOD5hRrQS8
"Subway Surf,Hole.io,Supreme Duelist Stickman,Evil Nun,Tom Gold Run,Snake Rivals,Airship Invader","조회수 1,287회",최초 공개: 2019. 11. 19.,7,0,Toon Gameplay,,https://www.youtube.com/watch?v=DW2j3K5bp-g
"Tom Hero,Moto X3M,Supreme Duelist Stickman,Basics Education,Subway Surf,Miraculous,Scary Teacher 3D","조회수 2,815회",최초 공개: 2019. 11. 23.,14,2,Buddy Funny,구독자 3.33천명,https://www.youtube.com/watch?v=8vVPpMmJSIM
Supreme Duelist Stickman Android Gameplay + Download,조회수 129회,최초 공개: 2019. 11. 3.,24,2,Foxy BR Channel,구독자 6.52천명,https://www.youtube.com/watch?v=D7GpWlYzfaw
Watch me Playing Supreme Duelist Stickman شاهدني العب,조회수 20회,최초 공개: 2019. 11. 30.,8,0,Let's Play,구독자 8명,https://www.youtube.com/watch?v=Rql89yJkWB4
"LittleSingham,ScaryTecher3D,IceCreamRoller,Minion,Mario,Duelist Stickman,AngryGranRun,TomHero,Roblox","조회수 161,330회",최초 공개: 2019. 12. 10.,644,132,GamePlay Adventure,,https://www.youtube.com/watch?v=Jbg6VH_djs8
"Red Ball 4,Bouncemasters,Hill Climb 2,Happy Glass,Mario Run,Subway Surf,Slither.io,Duelist Stickman","조회수 15,651회",최초 공개: 2019. 12. 10.,73,15,Game Red ball,,https://www.youtube.com/watch?v=GguZYPFuDn4
"PvZ,Subway Surf,Scary Teacher 3D,Supreme Duelist Stickman,Temple Run,Hello Virtual Mom,Zooba,Granny",조회수 170회,최초 공개: 2019. 12. 11.,0,0,Toon Gameplay,,https://www.youtube.com/watch?v=aZ2QVYOAX6E
"Hello Neighbor,Supreme Duelist Stickman,Ice Cream,Hole io,Scary Teacher 3D,RunRace 3D,Kick The Buddy",조회수 158회,최초 공개: 2019. 12. 2.,3,2,Buddy Funny,구독자 3.33천명,https://www.youtube.com/watch?v=x_C1LdMH-e0
"Temple Run,Scary Teacher 3D,Mr Meat,Supreme Duelist Stickman,Sonic Dash,Ice Scream,Tank Stars,Granny",조회수 118회,최초 공개: 2019. 12. 4.,0,0,Toon Gameplay,,https://www.youtube.com/watch?v=socD-TNx1CY
"Sponge Run,Scary Teacher 3D,Supreme Duelist,Stickman,Stick Jailbreak 6,Little Singham,Hello Neighbor",조회수 238회,최초 공개: 2019. 12. 5.,1,0,Toon Gameplay,,https://www.youtube.com/watch?v=LsYBLj_A67g
"PvZ,Badland Brawl,Supreme Duelist Stickman,Zooba,Scary Teacher 3D,Ice Scream,Stick Jailbreak,Granny",조회수 119회,최초 공개: 2019. 12. 5.,3,0,Buddy Funny,구독자 3.33천명,https://www.youtube.com/watch?v=qlakyLDlXE0
"Troll Quest Internet,Sausage Run,Sponge Frenzy,Subway Surf,Supreme Duelist Stickman,Stick Jailbreak",조회수 520회,최초 공개: 2019. 12. 7.,9,2,Raccoon Gameplay,,https://www.youtube.com/watch?v=YPzAo1UD4vQ
"Troll Unlucky, Catch Zombie, Scary Teacher 3D, Bounce Master, Supreme Duelist Stickman, Ice Scream","조회수 3,714회",최초 공개: 2019. 12. 9.,21,2,World Gameplay,,https://www.youtube.com/watch?v=OU_AqUMmztY
"HungryShark,RedBall4,KickTheBuddy,LittleSingham,TomHero,Roblox,Party.io,Stickman,Subway Surf,Slither","조회수 8,010회",최초 공개: 2019. 12. 9.,41,9,Game Red ball,,https://www.youtube.com/watch?v=_-soLVrMWrE
