﻿title,count,date,good_count,bad_count,youtuber,subscriber,url
[다운링크]염왕이 뿔났다(閻王不高興/THE FURIOUS YAMA)플레이/국내 사전예약 중/수집형RPG/모바일게임(MobileGame),"조회수 3,472회",2019. 10. 14.,10,0,게임똥 보고서,구독자 1.52천명,https://www.youtube.com/watch?v=4A1eqAXeV84
"""염왕이 뿔났다"" 맹파 필살기: 피안화 바다","조회수 4,590회",2019. 10. 15.,29,2,염왕이 뿔났다,구독자 468명,https://www.youtube.com/watch?v=f98vSEM3MFo
"“염왕이 뿔났다"" 몰렉 필살기: 악마의 불","조회수 12,808회",2019. 10. 15.,59,5,염왕이 뿔났다,구독자 468명,https://www.youtube.com/watch?v=FRuvCfhoMLo
[염왕이 뿔났다] 만의 독특하면서도 중요한 전투 내의 특수 요소!!,"조회수 3,030회",2019. 10. 16.,6,3,염왕이 뿔났다,구독자 468명,https://www.youtube.com/watch?v=Eqn6ky_xsAs
[염왕이 뿔났다] XD 글로벌의 오늘도 우라라 다음 신작!! 게임 모바일게임 리뷰 엉아,"조회수 8,484회",2019. 10. 20.,118,7,엉아 TV,구독자 1.55만명,https://www.youtube.com/watch?v=_Y5LUunKKcY
모바일게임 염왕이 뿔났다 원작게임인 염왕부고흥 (閻王不高興 / The Furious Yama) 플레이영상 by. 민수르,조회수 944회,2019. 10. 21.,3,1,Play민수르,구독자 103명,https://www.youtube.com/watch?v=F8Q-_ZV2ZvE
"“염왕이 뿔났다"" 나타 필살기: 구룡신화조","조회수 3,917회",2019. 10. 21.,16,0,염왕이 뿔났다,구독자 468명,https://www.youtube.com/watch?v=gmjMaDRWMnw
[염왕이뿔났다] CBT 후기 국내 게임사분들 반성 좀 합시다. 못하는거 아니자나요? 안할 뿐이지 지금 사전 등록 사전 예약 중!,"조회수 4,111회",2019. 10. 23.,23,6,겜뚜껑,구독자 1.56천명,https://www.youtube.com/watch?v=dp4yjBm-wVE
[염왕이뿔났다] 이러니 염왕이 뿔이났지!! ㅋㅋ 모바일게임 리뷰 엉아,"조회수 33,806회",2019. 10. 23.,224,42,엉아 TV,구독자 1.55만명,https://www.youtube.com/watch?v=bA_bgUW1A0A
염왕이뿔났다 cbt 초반플레이(스토리),"조회수 3,847회",2019. 10. 23.,19,2,님얼굴비매너,구독자 12명,https://www.youtube.com/watch?v=5uy9p7atTCM
시작!!!!염왕이 뿔났다 CBT,조회수 354회,2019. 10. 24.,0,0,우킹,구독자 2명,https://www.youtube.com/watch?v=zacEcyIEjMQ
"""염왕이 뿔났다""를 함ㅎ 설명칸 꼭보기^ ^",조회수 247회,2019. 10. 26.,2,1,악라,구독자 32명,https://www.youtube.com/watch?v=HtO3XW1byAU
[염왕이 뿔났다] 범무구 SSR중 사기캐..?,조회수 268회,2019. 10. 27.,0,0,Kang M,구독자 9명,https://www.youtube.com/watch?v=cg8zvFH8PGo
"""염왕이 뿔났다"" 타나토스 필살기: 영혼의 만찬","조회수 3,405회",2019. 10. 28.,16,1,염왕이 뿔났다,구독자 468명,https://www.youtube.com/watch?v=kvrh3J8MtAg
중국의 에픽세븐? 염왕이 뿔났다,"조회수 8,964회",2019. 10. 29.,30,6,라프TV,구독자 6.3천명,https://www.youtube.com/watch?v=Fq7EmUvwLW4
"""염왕이 뿔났다"" 드라큘라 필살기: 피의 포옹","조회수 3,842회",2019. 10. 29.,19,0,염왕이 뿔났다,구독자 468명,https://www.youtube.com/watch?v=GuSbsIU9roM
염왕이 뿔났다영상,조회수 340회,2019. 10. 30.,0,1,겜북이,구독자 2명,https://www.youtube.com/watch?v=qt83eJqOCP4
"동방 저승과 서양 지옥의 대결, 차원이 다른 모바일 턴제 RPG ""염왕이 뿔났다""!","조회수 574,675회",2019. 10. 6.,128,24,염왕이 뿔났다,구독자 468명,https://www.youtube.com/watch?v=f_Tz2jWpe_A
"역대급 재미 보장 모험 RPG, 동서양의 신과 악마의 대난투!","조회수 6,870회",2019. 10. 9.,20,2,염왕이 뿔났다,구독자 468명,https://www.youtube.com/watch?v=Skp00hoEWx4
염왕이 뿔났다 Hack Android iOS,조회수 47회,2019. 11. 15.,1,0,ninmija,,https://www.youtube.com/watch?v=RZGrIdEvnrE
[2019 지스타] XDG 코스프레 무대행사,조회수 877회,2019. 11. 17.,10,0,이웃집 대학원생,구독자 15명,https://www.youtube.com/watch?v=8OgKVpoZKTc
웹툰원작? 망겜아냐? 염왕이 뿔났다는 과연 어떨까?,"조회수 3,402회",2019. 11. 18.,21,2,야자냐,구독자 85명,https://www.youtube.com/watch?v=iCLYLPHxXsw
[지스타2019] 엑스디글로벌(X.D Global) 신작 '염왕이 뿔났다' 시연 영상,조회수 157회,2019. 11. 18.,2,0,겜조TV,구독자 3.9천명,https://www.youtube.com/watch?v=QntxyTAAI3k
염왕이 뿔났다~! 어떤게임? 리세는?,"조회수 1,171회",2019. 11. 19.,2,2,하늘두덕,구독자 13명,https://www.youtube.com/watch?v=KGCWPBYZC2s
『염왕이 뿔났다. BGM』,조회수 58회,2019. 11. 19.,0,0,괴짜C,,https://www.youtube.com/watch?v=Re64F6v7k-8
[염왕이 뿔났다] 애니메이션이 미쳤습니다...,조회수 823회,2019. 11. 19.,7,1,이애사카,,https://www.youtube.com/watch?v=A536NRxTs5M
염왕이 뿔났다 초반 3,조회수 8회,2019. 11. 19.,0,0,만수랑,구독자 1명,https://www.youtube.com/watch?v=ZZwNkwmLOJE
염왕이 뿔났다 간단리뷰!,"조회수 3,072회",2019. 11. 19.,9,3,온옹,구독자 1.33천명,https://www.youtube.com/watch?v=2e8_ms_7QJk
염왕이 뿔났다 - 모바일 게임 (초반 플레이 인게임),조회수 13회,2019. 11. 19.,좋아요,싫어요,무풍,구독자 103명,https://www.youtube.com/watch?v=EI8pIEHUQUs
염왕이 뿔났다 초반 1,조회수 9회,2019. 11. 19.,0,0,만수랑,구독자 1명,https://www.youtube.com/watch?v=CiI_lXA89pw
『신작 모바일게임』염왕이 뿔났다 『챕터3』,조회수 763회,2019. 11. 19.,5,0,지옥의문,구독자 522명,https://www.youtube.com/watch?v=9gT0pEA-bhI
The Furious Yama - 염왕이 뿔났다 (KR) [ Android APK ] Gameplay,조회수 197회,2019. 11. 19.,4,0,Free2PlayMMOs Gaming Channel,구독자 9.72천명,https://www.youtube.com/watch?v=4ISINYBeSKk
『신작 모바일게임』염왕이 뿔났다 『챕터2』,조회수 966회,2019. 11. 19.,5,0,지옥의문,구독자 522명,https://www.youtube.com/watch?v=Ly7ZCoGVQPQ
『신작 모바일게임』염왕이 뿔났다 『튜토+챕터 1까지』,"조회수 1,502회",2019. 11. 19.,12,0,지옥의문,구독자 522명,https://www.youtube.com/watch?v=6hawDhyBhZA
염왕이 뿔났다 초반 2,조회수 3회,2019. 11. 19.,0,0,만수랑,구독자 1명,https://www.youtube.com/watch?v=eiuslNfBjJE
[염왕이 뿔났다] 게임 실행부터 튜토리얼 끝까지,조회수 24회,2019. 11. 19.,0,0,Cloto K,구독자 41명,https://www.youtube.com/watch?v=CUTn5MKTkrc
염왕이 뿔났다 - 신작 나와서 플레이 중...,조회수 24회,2019. 11. 20.,0,0,심심할때뽑기 돌리는 찬호,구독자 20명,https://www.youtube.com/watch?v=O1Ci_dJwAW0
염왕이 뿔났다/악신,조회수 10회,2019. 11. 20.,1,0,악신,구독자 249명,https://www.youtube.com/watch?v=5PdW94bCLGM
모바일게임 신작) 염왕이뿔났다 초반17분 플레이영상,조회수 7회,2019. 11. 20.,0,0,솜카롱,,https://www.youtube.com/watch?v=YIur_uOYj6U
『신작 모바일게임』염왕이 뿔났다 『챕터5』,"조회수 1,403회",2019. 11. 20.,14,0,지옥의문,구독자 522명,https://www.youtube.com/watch?v=R8Rw2TDC-08
[지스타 2019] 염왕이 뿔났다 특별 공개 애니메이션 직촬 영상!,조회수 90회,2019. 11. 20.,2,0,제이팍,구독자 82명,https://www.youtube.com/watch?v=78S9A6rrQtE
(염왕이뿔났다) SSR도 좋다구요 광역딜러 백용마 그런데 스킬이 왜...,"조회수 3,816회",2019. 11. 20.,16,2,노병Tv,,https://www.youtube.com/watch?v=dYgX-s-pbSQ
염왕이 뿔났다 - 첫 뽑기 후 이어서 쪼금 플레이,조회수 115회,2019. 11. 20.,0,0,심심할때뽑기 돌리는 찬호,구독자 20명,https://www.youtube.com/watch?v=oQq-pYCIukg
『신작 모바일게임』염왕이 뿔났다 『챕터4』,"조회수 1,515회",2019. 11. 20.,6,0,지옥의문,구독자 522명,https://www.youtube.com/watch?v=X9vLIYdRSvE
염왕이 뿔났다 - 2챕터 스토리,조회수 202회,2019. 11. 20.,0,0,무편집게임플레이,구독자 1.05천명,https://www.youtube.com/watch?v=TucsxYxmjHM
재미있고 가볍게 즐길 수 있는 !『염왕이 뿔났다』 Play 영상!,조회수 4회,2019. 11. 20.,0,0,괴짜C,,https://www.youtube.com/watch?v=8VRa46LwgF8
새로나온 게임을 즐겨보왔습니다.(염왕이 뿔났다)1화-쇼브TV,조회수 47회,2019. 11. 20.,1,0,쇼브,구독자 115명,https://www.youtube.com/watch?v=zLFwxoZgnMA
염왕이 뿔났다 - 영웅 정보ㆍ고급 소환 7회,조회수 633회,2019. 11. 20.,1,1,무편집게임플레이,구독자 1.05천명,https://www.youtube.com/watch?v=WtMg2TRMc8M
염왕이 뿔났다 - 1챕터 스토리,조회수 291회,2019. 11. 20.,3,0,무편집게임플레이,구독자 1.05천명,https://www.youtube.com/watch?v=JDMRNqN-aLU
염왕이 뿔났다 - 초반 스토리ㆍ전투,조회수 244회,2019. 11. 20.,1,0,무편집게임플레이,구독자 1.05천명,https://www.youtube.com/watch?v=o6WVFs1NPoE
염왕이뿔났다 모바일RPG 초반플레이!!,조회수 100회,2019. 11. 20.,1,0,리얼파일,구독자 1.98천명,https://www.youtube.com/watch?v=9OdGio_U60U
염왕이뿔났다 간단 리뷰 + 플레이 영상,조회수 424회,2019. 11. 20.,3,0,겜조TV,구독자 3.9천명,https://www.youtube.com/watch?v=rKqF63fmfyY
염왕이 뿔났다?! 웹툰 기반 턴제 RPG게임 초반 튜토리얼 플레이 영상,조회수 110회,2019. 11. 20.,19,0,틈천tv,구독자 1.12천명,https://www.youtube.com/watch?v=_BGXCwBuUHU
'염왕이 뿔났다' 웹툰 원작 모바일게임을 해봄 | 겜생(GAMELIFE),조회수 534회,2019. 11. 20.,4,0,겜생,,https://www.youtube.com/watch?v=817m7bEu3Uw
염왕이 뿔났다 - 1챕터 스테이지 전투,조회수 14회,2019. 11. 20.,0,0,무편집게임플레이,구독자 1.05천명,https://www.youtube.com/watch?v=y-WxGtLUXeQ
『염왕이 뿔났다』 2장 데스 드래곤를 잡아라!,조회수 31회,2019. 11. 21.,0,0,괴짜C,,https://www.youtube.com/watch?v=aNtlrNag62g
"염왕이 뿔났다(제작:Lingtu Media, 배급:X.D. 글로벌)",조회수 74회,2019. 11. 21.,1,0,농업코코,구독자 128명,https://www.youtube.com/watch?v=Q9GuJDucvEY
『신작 모바일게임』염왕이 뿔났다 『챕터6』,조회수 818회,2019. 11. 21.,7,0,지옥의문,구독자 522명,https://www.youtube.com/watch?v=nLqHGhq6Nk8
염왕이 뿔났다 튜토 (배속해서 보시길),조회수 1회,2019. 11. 21.,0,0,졸나피졸리고나른하고피곤하고,구독자 10명,https://www.youtube.com/watch?v=-NdncK7yHk0
염왕이 뿔났다 지스타 체험,조회수 83회,2019. 11. 21.,1,1,그안에어둠은,구독자 6명,https://www.youtube.com/watch?v=l2tJ7hCVJJ0
염왕이 뿔났다 최고등급 UR 나타 획득 [ 라이프애프터 신작 모바일게임 ] - 흑백게임,조회수 979회,2019. 11. 21.,7,0,흑백게임TV,,https://www.youtube.com/watch?v=rLDXEDNPbpI
염왕이 뿔났다 - 3챕터 스토리,조회수 302회,2019. 11. 21.,2,0,무편집게임플레이,구독자 1.05천명,https://www.youtube.com/watch?v=alBBF-fjtx0
중국산 수집형 양산형 RPG 턴제 게임 재미는 모르겠고 게임성! 인정 - 모바일 게임 염왕이뿔났다 2화,조회수 972회,2019. 11. 21.,4,0,꼬무신TV,구독자 5.1천명,https://www.youtube.com/watch?v=puJC3gKFXR4
중국산 수집형 게임 염왕이 뿔났다 스토리 그림체 더빙 미쳤다! 게임은 재미 없지만 갓겜 - 모바일 게임 염왕이 뿔났다 1화,조회수 414회,2019. 11. 21.,7,1,꼬무신TV,구독자 5.1천명,https://www.youtube.com/watch?v=EihUCFXH_WA
새롭게 시작한 게임 [염왕이 뿔났다],조회수 194회,2019. 11. 21.,9,0,Grey TV,구독자 187명,https://www.youtube.com/watch?v=rPPBCdyETws
"염왕이 뿔났다. 제 1막 챕터.(제작:Lingtu Media, 배급:X.D. 글로벌)",조회수 52회,2019. 11. 22.,1,0,농업코코,구독자 128명,https://www.youtube.com/watch?v=SndMp_dFwCY
염왕이 뿔났다 공략 [ 마룡 플레이영상 및 획득방법 ] - 흑백게임,조회수 210회,2019. 11. 22.,6,0,흑백게임TV,,https://www.youtube.com/watch?v=8BI65RAmHeE
[염왕이 뿔났다] 할 만은 한데 다른 게임이랑 너무 비슷해서 염왕이 뿔날만 했네..,"조회수 8,941회",2019. 11. 22.,58,2,겜뚜껑,구독자 1.56천명,https://www.youtube.com/watch?v=nc4xgXJiyIk
"염왕이뿔났다 챕터2.(제작:Lingtu Media, 배급:X.D. 글로벌)",조회수 33회,2019. 11. 22.,0,0,농업코코,구독자 128명,https://www.youtube.com/watch?v=YLPvpZpO02Q
"염왕이뿔났다 챕터3.(제작:Lingtu Media, 배급:X.D. 글로벌)",조회수 54회,2019. 11. 22.,0,0,농업코코,구독자 128명,https://www.youtube.com/watch?v=Cdy1KqCbMRM
(염왕이뿔났다) UR등급 나타가 뭐길래 feat.손오공 사탄 덱을 정비하자,"조회수 5,536회",2019. 11. 22.,33,3,노병Tv,,https://www.youtube.com/watch?v=edefyQhqMZQ
염왕이 뿔났다!,조회수 13회,2019. 11. 22.,2,0,블루 Blue tea티,구독자 8명,https://www.youtube.com/watch?v=lA3T0WSS03s
[염왕이 뿔났다] 현질에 뿔났다 이놈들아! 리뷰,"조회수 21,769회",2019. 11. 22.,132,30,짝태TV,구독자 6.74천명,https://www.youtube.com/watch?v=7dSojekkFWw
염왕이뿔났다 초반플레이,조회수 66회,2019. 11. 22.,0,0,Mr. DdunG,구독자 15명,https://www.youtube.com/watch?v=7MrTZsqQRRE
오늘 해볼 게임은 악녀님이 광고하시는 염왕이 뿔났다 제가 한번 해보겠습니다.,조회수 301회,2019. 11. 23.,2,1,경월慶越,구독자 4명,https://www.youtube.com/watch?v=0LXy0n3-TJg
"염왕이뿔났다 챕터4는 레벨10되야함.(제작:Lingtu Media, 배급:X.D. 글로벌)",조회수 35회,2019. 11. 23.,0,0,농업코코,구독자 128명,https://www.youtube.com/watch?v=PYuUmyYmPUY
『신작 모바일게임』염왕이 뿔났다 『챕터7』,조회수 894회,2019. 11. 23.,7,0,지옥의문,구독자 522명,https://www.youtube.com/watch?v=GNztrl0jkJs
"염왕이뿔났다 콘텐츠.(제작:Lingtu Media, 배급:X.D. 글로벌)",조회수 19회,2019. 11. 23.,0,0,농업코코,구독자 128명,https://www.youtube.com/watch?v=Gt8gXF3ZiRk
염왕이뿔났다 악몽4-7 오공 3인쩔,조회수 18회,2019. 11. 24.,0,0,[NP]킥킥,구독자 1명,https://www.youtube.com/watch?v=KXq0-43Cs2c
염왕이뿔났다 악몽 5-7 오공 3인쩔,조회수 31회,2019. 11. 24.,0,0,[NP]킥킥,구독자 1명,https://www.youtube.com/watch?v=ihHVzTl0kkw
염왕이뿔났다 악몽3-7 오공 3인쩔,조회수 123회,2019. 11. 24.,1,0,[NP]킥킥,구독자 1명,https://www.youtube.com/watch?v=zzyErbdt3ZU
[염왕이 뿔났다] 캐릭터 못 뽑으면 나도 뿔나는 수집형 턴제 RPG,조회수 499회,2019. 11. 24.,7,1,잼둥,구독자 462명,https://www.youtube.com/watch?v=sWw8bAbqgCE
염왕이 뿔났다 메인 퀘스트 2장 염왕 in 뉴욕 플레이영상,조회수 2회,2019. 11. 24.,0,0,함정현,구독자 17명,https://www.youtube.com/watch?v=LC67oelWFfk
염왕이 뿔났다 기초입문편 플레이영상,조회수 6회,2019. 11. 24.,0,0,함정현,구독자 17명,https://www.youtube.com/watch?v=0VbUumAPKfM
#01] 꼬꼬마 염왕 이야기 - 염왕이 뿔났다,조회수 91회,2019. 11. 24.,2,1,별집사,,https://www.youtube.com/watch?v=LkwOrSeZ9a8
염왕이 뿔났다 - 과제하다가 뽑기 돌리기... 결과가 왜 이러지?,조회수 497회,2019. 11. 24.,5,0,심심할때뽑기 돌리는 찬호,구독자 20명,https://www.youtube.com/watch?v=uuNxQwTvPKI
#04] 꼬꼬마 염왕 이야기 - 염왕이 뿔났다,조회수 37회,2019. 11. 24.,1,0,별집사,,https://www.youtube.com/watch?v=8A3zO4naGIs
#02] 꼬꼬마 염왕 이야기 - 염왕이 뿔났다,조회수 35회,2019. 11. 24.,1,0,별집사,,https://www.youtube.com/watch?v=cuFIX86w5hQ
#03] 꼬꼬마 염왕 이야기 - 염왕이 뿔났다,조회수 41회,2019. 11. 24.,1,0,별집사,,https://www.youtube.com/watch?v=orDOAprM8dI
"염왕이뿔났다 챕터4.(제작:Lingtu Media, 배급:X.D. 글로벌)",조회수 20회,2019. 11. 24.,0,0,농업코코,구독자 128명,https://www.youtube.com/watch?v=zqKPT7YzNMI
#05] 꼬꼬마 염왕 이야기 - 염왕이 뿔났다,조회수 31회,2019. 11. 24.,1,0,별집사,,https://www.youtube.com/watch?v=CJZAHQ0hT3c
염왕이 뿔났다 메인 스토리 3장 흉가체험편 플레이영상,조회수 11회,2019. 11. 25.,0,0,함정현,구독자 17명,https://www.youtube.com/watch?v=I8qWkUig2E4
염왕이 뿔났다 메인 퀘스트 플레이영상,조회수 4회,2019. 11. 25.,0,0,함정현,구독자 17명,https://www.youtube.com/watch?v=n_K4EwW0l3c
【 탬탬버린 】 - 아니 저 진짜 흑우 아니에요,"조회수 211,623회",2019. 11. 25.,3천,49,탬탬버린,구독자 38만명,https://www.youtube.com/watch?v=hSUhdTGfy4I
[염왕이 뿔났다] 첫 게임리뷰 만화,조회수 218회,2019. 11. 26.,9,0,이애사카,,https://www.youtube.com/watch?v=hUMIsGub0QM
『신작 모바일게임』염왕이 뿔났다 『챕터8』,"조회수 1,120회",2019. 11. 26.,16,0,지옥의문,구독자 522명,https://www.youtube.com/watch?v=0NqGj9qbWtE
"염왕이뿔났다 5일차.(제작:Lingtu Media, 배급:X.D. 글로벌)",조회수 67회,2019. 11. 26.,1,0,농업코코,구독자 128명,https://www.youtube.com/watch?v=c5xZSVtPUD4
UR SSR 막 퍼주는 혜자게임! [염왕이뿔났다],"조회수 2,682회",2019. 11. 26.,43,4,빠매니,구독자 2.06만명,https://www.youtube.com/watch?v=FYxaS_cVE_A
염왕이 뿔났다 play,조회수 10회,2019. 11. 27.,0,0,유비,구독자 2명,https://www.youtube.com/watch?v=p89xNIXCnss
"염왕이뿔났다 이벤트.(제작:Lingtu Media, 배급:X.D. 글로벌)",조회수 11회,2019. 11. 27.,1,0,농업코코,구독자 128명,https://www.youtube.com/watch?v=Eayz6tqdq8k
SSR 밑으로는 필살기 금지야! [염왕이 뿔났다],조회수 779회,2019. 11. 27.,21,3,빠매니,구독자 2.06만명,https://www.youtube.com/watch?v=NPCfrbOp3fc
데미지가 약해지고 있다....(염왕이 뿔났다)2화 쇼브TV,조회수 16회,2019. 11. 27.,0,0,쇼브,구독자 115명,https://www.youtube.com/watch?v=FDxdOVwYgTM
염왕이 뿔났다 공략 [ 장비 세트효과 설명 ] - 흑백게임,조회수 187회,2019. 11. 27.,6,0,흑백게임TV,,https://www.youtube.com/watch?v=2f5nQpSBiNU
LV10을 빨리 찍어야겠다(염왕이 뿔났다)3화 쇼브TV,조회수 9회,2019. 11. 28.,0,0,쇼브,구독자 115명,https://www.youtube.com/watch?v=2GS2upXjkBg
염왕이 뿔났다(신작)-염왕이 귀신을 무서워해??!,조회수 11회,2019. 11. 28.,2,0,태효니네#의게임채널,구독자 14명,https://www.youtube.com/watch?v=7k4oqgn5y7A
염왕이 뿔났다 - 허.... 맹파 진짜 안 오네요.,조회수 77회,2019. 11. 28.,0,0,심심할때뽑기 돌리는 찬호,구독자 20명,https://www.youtube.com/watch?v=HGeuwmZI_Ws
"염왕이 뿔났다 공략 [ 100%로 UR, SSR등급 영웅 얻는법 ] - 흑백게임",조회수 999회,2019. 11. 29.,8,0,흑백게임TV,,https://www.youtube.com/watch?v=pUezUjho_TU
[모바일게임] 염왕이 뿔났다 (초반 시나리오),조회수 5회,2019. 11. 29.,0,0,김신이 × Sin Lee Kim × 金新利,,https://www.youtube.com/watch?v=krIy5P5rrOs
SSR 백용마가 떴다(염왕이 뿔났다)4화 완결 쇼브TV,조회수 8회,2019. 11. 30.,1,0,쇼브,구독자 115명,https://www.youtube.com/watch?v=q7qxJycNygU
오랫만에 영상찍어요...(염왕이 뿔났다),조회수 29회,2019. 11. 30.,2,0,닥터레인보우,구독자 47명,https://www.youtube.com/watch?v=fqgnzxNY-C4
"11월 로스트아크 인비테이셔널,지스타2019,넷마블게임콘서트",조회수 9회,2019. 11. 30.,1,0,농업코코,구독자 128명,https://www.youtube.com/watch?v=hM8f0PALB0s
"염왕이뿔났다. 이제 12월.(제작:Lingtu Media, 배급:X.D. 글로벌)",조회수 11회,2019. 11. 30.,1,0,농업코코,구독자 128명,https://www.youtube.com/watch?v=jRqFjRh0Zp4
염왕이 뿔났다 공략 [ 초반에 유용한 꿀팁 TOP 6 ] - 흑백게임,"조회수 2,082회",2019. 11. 30.,18,2,흑백게임TV,,https://www.youtube.com/watch?v=t-vTgddV_yg
2부 염왕이 뿔났다!,조회수 226회,2019. 11. 4.,1,3,악라,구독자 32명,https://www.youtube.com/watch?v=7Qpv6IsiomE
#10] 꼬꼬마 염왕 이야기 - 염왕이 뿔났다,조회수 16회,2019. 12. 1.,2,0,별집사,,https://www.youtube.com/watch?v=sMSX4u5qlK0
#09] 꼬꼬마 염왕 이야기 - 염왕이 뿔났다,조회수 21회,2019. 12. 1.,2,0,별집사,,https://www.youtube.com/watch?v=VIR0e8KH1NM
#07] 꼬꼬마 염왕 이야기 - 염왕이 뿔났다,조회수 17회,2019. 12. 1.,1,0,별집사,,https://www.youtube.com/watch?v=znrPcxq_s_4
#11] 꼬꼬마 염왕 이야기 - 염왕이 뿔났다,조회수 36회,2019. 12. 1.,2,1,별집사,,https://www.youtube.com/watch?v=p3XhlwE9Wqw
【 2019.11.22 / 염왕이 뿔났다 】 - 탬탬버린 다시보기,"조회수 13,987회",2019. 12. 1.,182,4,탬탬버린 다시보기,구독자 4.82만명,https://www.youtube.com/watch?v=518nI7G2rmM
"[모바일게임]염왕이뿔났다 챕터 5.(제작:Lingtu Media, 배급:X.D. 글로벌)",조회수 7회,2019. 12. 1.,0,0,농업코코,구독자 128명,https://www.youtube.com/watch?v=SokgLJVkJgY
#06] 꼬꼬마 염왕 이야기 - 염왕이 뿔났다,조회수 34회,2019. 12. 1.,2,0,별집사,,https://www.youtube.com/watch?v=1bZrBkjvXYE
#08] 꼬꼬마 염왕 이야기 - 염왕이 뿔났다,조회수 27회,2019. 12. 1.,2,0,별집사,,https://www.youtube.com/watch?v=2h29MGS5L5g
염왕이 뿔났다 공략 [ UR 힐러 여와 스킬 및 리뷰 ] - 흑백게임,조회수 187회,2019. 12. 10.,7,0,흑백게임TV,,https://www.youtube.com/watch?v=2QfUQ-JYecg
손오공 성우 남도형과 함께하는 염왕이 뿔났다 게임리뷰,"조회수 4,876회",2019. 12. 11.,379,3,남도형의 블루클럽,구독자 1.8만명,https://www.youtube.com/watch?v=fDXcqWKeQTo
염왕이 뿔났다 [ 모든 UR등급 영웅 필살기 모음집 ] - 흑백게임,조회수 75회,2019. 12. 12.,6,0,흑백게임TV,,https://www.youtube.com/watch?v=h2CqGyXJNUs
염왕이 뿔났다 리세마라하는 영상,조회수 349회,2019. 12. 3.,0,0,리세왕TV,,https://www.youtube.com/watch?v=fBu3VZnf_f0
[염왕이뿔났다] 장비파밍 기초 가이드,조회수 688회,2019. 12. 4.,7,0,독성고래,구독자 14명,https://www.youtube.com/watch?v=iltJLMSC9NE
염왕이 뿔났다 공략 [ UR 및 모든 영웅 장비 추천 ] - 흑백게임,조회수 485회,2019. 12. 5.,10,1,흑백게임TV,,https://www.youtube.com/watch?v=vHGeHqDWqIQ
[염왕이 뿔났다] 겜과장 어플로 돈벌어 보자!,조회수 56회,2019. 12. 5.,2,0,가면남,구독자 149명,https://www.youtube.com/watch?v=EtZxVDQL2mU
염왕이 뿔났다 | 부분더빙 | 1인 2역 | 성우지망생,조회수 18회,2019. 12. 6.,2,0,세현SeHyun,구독자 3명,https://www.youtube.com/watch?v=slzUGMqklCU
염왕이 뿔났다,조회수 14회,2019. 12. 6.,3,0,모모양자,구독자 55명,https://www.youtube.com/watch?v=wLbD_6E0WW4
"울트라레어부터 시작하는 이세계 생활 [1화] ""염왕이 뿔났다.""",조회수 61회,2019. 12. 7.,2,4,인봉TV,구독자 231명,https://www.youtube.com/watch?v=hEY3ECt1ZWo
염왕이 뿔났다 공략 [ 매일 결투장하고 UR등급 몰렉 공짜로 얻자 ] - 흑백게임,조회수 250회,2019. 12. 7.,8,0,흑백게임TV,,https://www.youtube.com/watch?v=vypbTdYyKuo
염왕이 뿔났다 공략 [ 승급 각성 쉽게하는법 ] - 흑백게임,조회수 292회,2019. 12. 8.,8,1,흑백게임TV,,https://www.youtube.com/watch?v=esvRVe3I4EI
염왕이 뿔났다 메인 퀘스트 4장 저주의 근원편 플레이영상,조회수 4회,2019. 12. 8.,0,0,함정현,구독자 17명,https://www.youtube.com/watch?v=U0-b8t0atWQ
[閻王不高興] 웹툰 원작 IP를 활용해서 만든 명계 세계관 중국산 모바일 신작 수집형 2D 애니메이션 게임 염왕이 뿔났다 CBT 플레이 해보는 영상. (XD글로벌 신작),조회수 375회,실시간 스트리밍 시작일: 2019. 10. 25.,3,0,밀크박스,구독자 59명,https://www.youtube.com/watch?v=ewXF45w_bW4
"울먹좌의 에픽세븐 아레나마감(3회차)-실패, 염왕이 뿔났다 하러감",조회수 405회,실시간 스트리밍 시작일: 2019. 10. 27.,1,2,아키하당주-AKIHAdangju,구독자 89명,https://www.youtube.com/watch?v=5Al1rJ6x2BI
"오늘 출시한 중화풍 에픽세븐 '염왕이 뿔났다' 개발사:Lingtu 배급사:소녀전선,벽람향로,붕괴3,제5인격의 XD글로벌",조회수 144회,실시간 스트리밍 시작일: 2019. 11. 19.,0,0,유희적좀비,구독자 40명,https://www.youtube.com/watch?v=O2ZVgT9WNX0
모바일 게임 염왕이 뿔났다.,조회수 75회,실시간 스트리밍 시작일: 2019. 11. 19.,2,0,수행사제이선생,구독자 683명,https://www.youtube.com/watch?v=NZsai1ExNYM
신작 모바일게임 염왕이 뿔났다 스트리밍!,"조회수 2,103회",실시간 스트리밍 시작일: 2019. 11. 19.,21,3,온옹,구독자 1.33천명,https://www.youtube.com/watch?v=r8oSAw1pGgo
[린린닷컴님 Live]염왕이 뿔났다2019.11.20],조회수 21회,실시간 스트리밍 시작일: 2019. 11. 20.,2,0,린린닷컴TV,구독자 248명,https://www.youtube.com/watch?v=lmOLe3KxYec
[린린닷컴님 Live]염왕이 뿔났다 3일째[2019.11.22],조회수 86회,실시간 스트리밍 시작일: 2019. 11. 21.,3,0,린린닷컴TV,구독자 248명,https://www.youtube.com/watch?v=cP3a1ynchfQ
[린린닷컴님 Live]염왕이 뿔났다 2일째[2019.11.20],조회수 31회,실시간 스트리밍 시작일: 2019. 11. 21.,1,0,린린닷컴TV,구독자 248명,https://www.youtube.com/watch?v=bnTd7ht-1bY
모바일 게임 염왕이 뿔났다 스토리 진행,조회수 56회,실시간 스트리밍 시작일: 2019. 11. 21.,1,0,수행사제이선생,구독자 683명,https://www.youtube.com/watch?v=5lNoi-6kUbQ
염왕이 뿔났다 악녀도 재밌게한 그게임,조회수 87회,실시간 스트리밍 시작일: 2019. 11. 22.,5,0,태기TV,,https://www.youtube.com/watch?v=wx5l4ELingE
중국이 갓겜을 악녀도 놀랫다 염왕이 뿔났다 짧생,조회수 44회,실시간 스트리밍 시작일: 2019. 11. 26.,5,0,태기TV,,https://www.youtube.com/watch?v=DtlsUP7miwg
AGF 2019 XD글로벌 소녀전선 / 아크시스템웍스 길티기어 / 세가 하츠네 미쿠 / 반다이남코 드래곤볼Z / 프로젝트O2 유산소,조회수 115회,실시간 스트리밍 시작일: 2019. 12. 13.,좋아요,싫어요,진모짱,구독자 1.76천명,https://www.youtube.com/watch?v=uTrE9H9SZsI
염왕님 뿔났다! (생방),조회수 8회,실시간 스트리밍 시작일: 2019. 12. 2.,1,0,TV먼트,구독자 41명,https://www.youtube.com/watch?v=djdCU33ClaM
[네오니]2019/12/6 좀비고 후 염왕이 뿔났다를 해보겠슴다,조회수 128회,실시간 스트리밍 시작일: 2019. 12. 6.,4,0,네오니,구독자 1.84천명,https://www.youtube.com/watch?v=vueMbk-7NT0
염왕이 뿔났다 시작 꿀팁좀,조회수 7회,실시간 스트리밍 시작일: 2019. 12. 6.,0,0,지성TV,구독자 113명,https://www.youtube.com/watch?v=Egr16idbS-w
염왕이 뿔났다 하는중,조회수 6회,실시간 스트리밍 시작일: 2019. 12. 9.,0,0,Jaehyun Im,구독자 1명,https://www.youtube.com/watch?v=Ay5N3mxp0OE
"[직캠] 레이싱모델 김태희(Tae hui Kim), 지스타 2019 XD글로벌 염왕이뿔났다 4대 천사 가브리엘 코스프레 포토타임",조회수 130회,최초 공개: 2019. 12. 6.,좋아요,싫어요,진모짱,구독자 1.76천명,https://www.youtube.com/watch?v=dM8bbHPBB7w
"[직캠] 에이크라운 스트리머 달샤샤, 지스타 2019 XD글로벌 염왕이뿔났다 명계의 수호자 맹파 코스프레 포토타임",조회수 84회,최초 공개: 2019. 12. 7.,좋아요,싫어요,진모짱,구독자 1.76천명,https://www.youtube.com/watch?v=xuG4NNtEt80
