﻿title,count,date,good_count,bad_count,youtuber,subscriber,url
Rolling Sky Level 36 - Spring Festival,"조회수 113,334회",2019. 1. 23.,1.2천,53,SHAvibe,구독자 12.1만명,https://www.youtube.com/watch?v=DvNqjHBCTM0
Rolling Sky - Marshmello Alone,"조회수 313,438회",2019. 1. 9.,3.5천,166,SHAvibe,구독자 12.1만명,https://www.youtube.com/watch?v=7DhNgLsEVRk
Sky Roller Levels 1-20 IOS Gameplay,"조회수 8,198회",2019. 10. 16.,91,8,Usman's Gaming,구독자 4.69천명,https://www.youtube.com/watch?v=X1v0Tj0UE2I
Sky Roller IOS Gameplay,조회수 248회,2019. 10. 18.,20,0,F2PlayGames,구독자 1.32천명,https://www.youtube.com/watch?v=ijcGp81CG44
Sky Roller 1 - 50 Levels,"조회수 4,594회",2019. 10. 22.,34,7,daydreamz studio,구독자 821명,https://www.youtube.com/watch?v=_x1sZlKNo_k
Sky Roller By Top Chop - Best Hyper casual Game in USA Trending Game,조회수 53회,2019. 10. 22.,5,0,Gamers Review,구독자 24명,https://www.youtube.com/watch?v=K79bfPQUt7I
롤링 스카이 악령 군무 Level 45 [OFFICIAL],"조회수 84,918회",2019. 10. 23.,781,48,Tuan Nguyen,구독자 4.41만명,https://www.youtube.com/watch?v=bKUMw6t6pf0
Sky Roller (by Homa Games) Android Gameplay Full HD - You will love this Game,"조회수 1,770회",2019. 10. 26.,22,5,GAMEROID GAMING,,https://www.youtube.com/watch?v=VZBydE7jHJw
sky roller game,조회수 132회,2019. 10. 27.,7,1,Modesta Ferreira,,https://www.youtube.com/watch?v=Mlr5SbddSXw
Sky Roller,조회수 6회,2019. 10. 27.,0,0,Gamer360XD 2,구독자 886명,https://www.youtube.com/watch?v=j0M2jzjjZtg
SKY ROLLER Gameplay || NEW ANDROID GAME,"조회수 5,360회",2019. 10. 27.,67,8,Gamerz Toper,,https://www.youtube.com/watch?v=vH0L9X-Xk1A
Playing sky roller,조회수 43회,2019. 10. 28.,2,0,Iss_Nickyy.x,구독자 7명,https://www.youtube.com/watch?v=V_PvU1y3NMc
Sky Roller Android Gameplay,"조회수 1,499회",2019. 10. 28.,8,4,KruGames,구독자 16.5만명,https://www.youtube.com/watch?v=lAlOW8lwU1Y
SKY ROLLER. Levels 26-50 Walkthrough,조회수 8회,2019. 10. 29.,1,0,Stratomobile,,https://www.youtube.com/watch?v=vdc3G6seGpU
Sky Roller Gameplay - IT IS ANOTHER GAME!,조회수 17회,2019. 10. 29.,3,1,AndreJ HD,구독자 2.97천명,https://www.youtube.com/watch?v=0NOVbxWotoA
Sky Roller First Impressions and Walkthrough Levels 1 to 70 - Android gameplay HD,"조회수 1,799회",2019. 10. 29.,12,2,GamePlays365,구독자 671명,https://www.youtube.com/watch?v=07Ti2fnrQpo
SKY ROLLER. First levels 1-25 Walkthrough,조회수 11회,2019. 10. 29.,0,0,Stratomobile,,https://www.youtube.com/watch?v=7fyG1YA147M
"Sky Roller - Gameplay Part 4 (Android,IOS)",조회수 60회,2019. 10. 29.,2,0,Zerw Gameplay,구독자 3.1만명,https://www.youtube.com/watch?v=psUXRUPMOq0
Sky Roller Android Gameplay,조회수 89회,2019. 10. 29.,0,0,Android Gameplays,,https://www.youtube.com/watch?v=uj9FwTGc-t0
Sky Roller - Gameplay IOS & Android,조회수 4회,2019. 10. 29.,0,0,MediaTech - Gameplay Channel,,https://www.youtube.com/watch?v=xHUJF3OF8Mo
"Sky Roller - Gameplay Part 3 (Android,IOS)",조회수 482회,2019. 10. 29.,13,1,Zerw Gameplay,구독자 3.1만명,https://www.youtube.com/watch?v=J3YCRZjvkLM
"Sky Roller - Gameplay Part 2 (Android,IOS)",조회수 137회,2019. 10. 29.,6,1,Zerw Gameplay,구독자 3.1만명,https://www.youtube.com/watch?v=5KnZbhZ4iEs
"Sky Roller - Gameplay Part 1 (Android,IOS)",조회수 17회,2019. 10. 29.,1,0,Zerw Gameplay,구독자 3.1만명,https://www.youtube.com/watch?v=friAH8WQSh4
The game of sky roller#1,조회수 134회,2019. 10. 29.,12,0,malaki touta gams,구독자 16명,https://www.youtube.com/watch?v=MUVdAuwEQVs
Playing sky roller,조회수 6회,2019. 10. 30.,0,0,Amire Foster,구독자 8명,https://www.youtube.com/watch?v=g39maN1gZM4
SKY ROLLER. Levels 51-75 Walkthrough,조회수 61회,2019. 10. 30.,1,0,Stratomobile,,https://www.youtube.com/watch?v=cmdKfs7nL_k
Sky Roller By Homa Games Arcade Android/Ios Gameplay,조회수 78회,2019. 10. 30.,2,0,Casual Mobile Games,구독자 145명,https://www.youtube.com/watch?v=dJaO-nXAyN8
Sky Roller Gameplay Level 1 2 3 4 5 6 7 8 9 10(New GAme),조회수 14회,2019. 10. 31.,1,1,Happy Game Time,구독자 1.4천명,https://www.youtube.com/watch?v=2-81LJHHoqw
Episode 3 of playing sky roller,조회수 없음,2019. 11. 10.,0,0,Maria Challands,구독자 7명,https://www.youtube.com/watch?v=9fRy2nzd6ZY
"Sky Roller - Gameplay Walkthrough Part 1 (Android, iOS Gameplay)","조회수 10,473회",2019. 11. 10.,133,19,Pryszard Android iOS Gameplays,구독자 39.6만명,https://www.youtube.com/watch?v=30TNNKgPUY8
Sky Roller test out 😝,조회수 48회,2019. 11. 10.,1,2,Emme MZ,구독자 2명,https://www.youtube.com/watch?v=w_oR_RT09vY
Sky roller pt2,조회수 96회,2019. 11. 10.,2,0,marissa mochi and wardah salmon,구독자 5명,https://www.youtube.com/watch?v=GnkENLdOjZU
Sky Roller,조회수 4회,2019. 11. 10.,1,0,Asia jsgs,,https://www.youtube.com/watch?v=7xrrwrTNrLo
Game sky roller PRO,조회수 22회,2019. 11. 11.,3,1,Mr. tymek,구독자 8명,https://www.youtube.com/watch?v=0RN3n4LnoIM
Sky roller part2,조회수 12회,2019. 11. 11.,0,0,isabelle williams,구독자 2명,https://www.youtube.com/watch?v=Q3TJ7GuSd7U
My addiction is now sky roller😂,조회수 8회,2019. 11. 11.,0,0,Ashley’s Channel-gaming included,구독자 7명,https://www.youtube.com/watch?v=hKM1y55rYc0
Sky roller New game im obsesed with,조회수 7회,2019. 11. 11.,1,0,NiX_ BG_333,구독자 4명,https://www.youtube.com/watch?v=T2Rb3t38N9o
Jogando { sky roller},조회수 60회,2019. 11. 11.,6,0,sorvetinha game play,구독자 3명,https://www.youtube.com/watch?v=254zALjkftM
Sky roller | Sky roller! andriod game play!,조회수 12회,2019. 11. 11.,0,0,Ak me Paul,,https://www.youtube.com/watch?v=UNMqsXISLgU
Sky Roller pt1,조회수 9회,2019. 11. 11.,2,0,Gamer Ratto,구독자 15명,https://www.youtube.com/watch?v=7ocq_p8UL7o
Part 1 of playing sky roller,조회수 7회,2019. 11. 12.,2,0,fun with ariba,,https://www.youtube.com/watch?v=K2pFLA3ujgM
Game Review: SKY ROLLER,조회수 5회,2019. 11. 13.,1,0,Gamer Ratto,구독자 15명,https://www.youtube.com/watch?v=3s3gXl2iRUo
Sky Roller By Homa Games( Android Gameplay),조회수 306회,2019. 11. 14.,3,1,Squadcell Play Different,구독자 6.76천명,https://www.youtube.com/watch?v=AcxQqRtPols
"Sky Roller Level 1-50 Gameplay Walkthrough (Android, iOS)",조회수 180회,2019. 11. 15.,4,2,Tap Touch,구독자 661명,https://www.youtube.com/watch?v=panF_1ChTbU
!!sky roller hack (unlimited diamond) glitch,조회수 64회,2019. 11. 16.,1,2,NLE Killla,구독자 515명,https://www.youtube.com/watch?v=zWxxel3sF_0
"My game sky Roller subscribe ok end like, share",조회수 5회,2019. 11. 16.,1,0,CHANNEL CHERYL,구독자 2명,https://www.youtube.com/watch?v=4gXBdLb5nWk
Sky roller,조회수 9회,2019. 11. 16.,2,0,Cookie World,구독자 2명,https://www.youtube.com/watch?v=j8AdGSxhZ-4
Sky Roller ALL LEVELS! NEW GAME SKY ROLLER WORLD RECORD!,"조회수 6,462회",2019. 11. 16.,330,11,Simmy,구독자 20.6만명,https://www.youtube.com/watch?v=MPAWu4w_a-k
Sky Roller level 6 - Android Gameplay,조회수 6회,2019. 11. 16.,0,0,SD FXD GAMEPLAY,,https://www.youtube.com/watch?v=BkXX2knRzho
Sky roller games,조회수 17회,2019. 11. 16.,1,0,Aimya Mya,,https://www.youtube.com/watch?v=OLrDas11WEw
Sky Roller level 8 - Android Gameplay,조회수 5회,2019. 11. 16.,0,0,SD FXD GAMEPLAY,,https://www.youtube.com/watch?v=HW7CPuvCoEg
Sky roller,조회수 30회,2019. 11. 17.,2,0,Sky Roller,구독자 2명,https://www.youtube.com/watch?v=5sHtPfLPJCE
Sky roller,조회수 17회,2019. 11. 17.,1,0,Gacha & Gaming,구독자 10명,https://www.youtube.com/watch?v=GN3yZ9MEF7k
Me playing sky Rollers and my talking tom & friends collection game,조회수 7회,2019. 11. 17.,0,0,Foxy_ Sugar cube,구독자 5명,https://www.youtube.com/watch?v=bcrB5HgwGos
Sky Roller,조회수 8회,2019. 11. 17.,1,0,Avas lovely World,구독자 16명,https://www.youtube.com/watch?v=lyG6wZ_WOcI
Game Buat Orang Gabut - Sky Roller,"조회수 2,048회",2019. 11. 18.,78,1,ILEDAS,구독자 2.95천명,https://www.youtube.com/watch?v=Ux-HfsnHI3U
Sky Roller Gameplay - First Levels 1 - 25 (iOS - Android),"조회수 4,245회",2019. 11. 18.,22,3,LEmotion Gaming,구독자 1.85만명,https://www.youtube.com/watch?v=6NBU5WBfmfw
Getting Yeeted In Sky Roller For 2 Minutes And 18 Seconds,조회수 9회,2019. 11. 18.,1,0,Alpaca In Hufflepuff,구독자 8명,https://www.youtube.com/watch?v=QC0XF9tI_e0
Sky roller and Clash blocks,조회수 26회,2019. 11. 19.,1,0,leong chung chan,구독자 8명,https://www.youtube.com/watch?v=xnr7bi3HGxA
MOST INCREDIBLE SKY SKATING EVOLUTION! Max Level Strong & Speed Unlimited Gold HACK In Sky Roller!,"조회수 30,353회",2019. 11. 19.,235,12,Wiksman,구독자 3.07만명,https://www.youtube.com/watch?v=06wSWTd7Mmk
Playing sky roller,조회수 6회,2019. 11. 19.,2,0,Easy GaMez,구독자 10명,https://www.youtube.com/watch?v=XkDC5LdajKI
Pertama coba main game di you tube ||Big big baler||sky roller 😰☻,조회수 7회,2019. 11. 2.,1,0,Azkaira priatna,구독자 15명,https://www.youtube.com/watch?v=s0F7gIO1bPQ
Sky roller game play👍🤞🤟,조회수 5회,2019. 11. 21.,2,1,Eskan limbu Nepali,구독자 4명,https://www.youtube.com/watch?v=qboKMmSmpIA
Sky Roller - Run With a gear boat || TecHecto Gaming Episode,조회수 19회,2019. 11. 21.,좋아요,싫어요,TecHecto [Bengali],,https://www.youtube.com/watch?v=6Z3sCCzoRq8
Sky Roller (Early Access) v1.0 [Mod:Unlock all skins],조회수 156회,2019. 11. 21.,2,1,ANDROID GAMES,,https://www.youtube.com/watch?v=z596WNB69CM
Sky Roller Level 1 to 50 walkthrough gameplay,조회수 12회,2019. 11. 21.,2,0,Trending Mobile Games,,https://www.youtube.com/watch?v=RL3zG4i4Rag
Androidgameplay /ios Sky Roller,조회수 10회,2019. 11. 22.,1,0,Nik Auf,구독자 41명,https://www.youtube.com/watch?v=mMZ4JSiFDkY
Play sky roller,조회수 39회,2019. 11. 22.,7,1,Amelia MacFarlane,구독자 22명,https://www.youtube.com/watch?v=-HQHtlsGY-g
Let’s play sky roller y’all,조회수 없음,2019. 11. 22.,0,0,Aniyah’s game Fegan,구독자 6명,https://www.youtube.com/watch?v=oVXtxx4VYBc
Sky Roller Prt 2,조회수 5회,2019. 11. 22.,0,0,TheGamingGuy,,https://www.youtube.com/watch?v=SGfStKmN_BQ
I like this game how about you (sky roller),조회수 10회,2019. 11. 22.,1,0,Edgar YT,구독자 10명,https://www.youtube.com/watch?v=JnRrZAAxZ1c
Sky Roller 1-5 Gameplay,조회수 10회,2019. 11. 22.,4,0,JamerORIGINAL,구독자 1.05천명,https://www.youtube.com/watch?v=KrWdt37VZm4
Sky Roller,조회수 1회,2019. 11. 23.,0,0,Danielle Fleming,,https://www.youtube.com/watch?v=BT_6ucMq3-g
Sky-Roller,조회수 9회,2019. 11. 23.,3,0,Song Vibes,구독자 10명,https://www.youtube.com/watch?v=DFTGLhHkSTw
"Brain Out, Run Race 3D, Rusty Blower 3D, Sky Roller, Splash Park, Animal Rescue, Alien Shooter, TotM","조회수 5,573회",2019. 11. 23.,57,11,MobAMGames,,https://www.youtube.com/watch?v=btCNQyVrgrs
Roller Sky,조회수 6회,2019. 11. 23.,0,0,Roller Games,,https://www.youtube.com/watch?v=sr6-3Q9Tngg
sky roller,조회수 29회,2019. 11. 24.,15,0,Alaqu Plays,구독자 136명,https://www.youtube.com/watch?v=Ae16HMQ_xUw
My first video.game:sky roller!,조회수 4회,2019. 11. 24.,0,0,The Lovely Chloe Xiong,구독자 6명,https://www.youtube.com/watch?v=5rO9uVBJhAY
Sky Roller Gameplay Level: 1-10 #1 (Android),조회수 12회,2019. 11. 25.,0,0,Monster Squid,구독자 10명,https://www.youtube.com/watch?v=mMQGVDtjHx8
Sky roller *why did I upload this game*,조회수 7회,2019. 11. 25.,0,0,Rosetta Miller,구독자 39명,https://www.youtube.com/watch?v=qgH0QJ2qocg
"Sky Roller: Gameplay Walkthrough #1 (Android, iOS) – Levels 1-20",조회수 79회,2019. 11. 25.,0,0,Kiza Gameplays,구독자 19명,https://www.youtube.com/watch?v=lTxlFu0Ja7o
"Scary Teacher 3D, Run Race 3D, I Peel Good, Sky Roller, Realm Craft, Swamp Attack, Snake Rivals",조회수 63회,2019. 11. 25.,5,0,BEsS,구독자 250명,https://www.youtube.com/watch?v=km-DmvmZkB0
sky Roller 게임,조회수 24회,2019. 11. 26.,0,0,수니,구독자 66명,https://www.youtube.com/watch?v=jOj_9KNmqJM
Sky roller,조회수 2회,2019. 11. 26.,0,1,Carter Productions,구독자 7명,https://www.youtube.com/watch?v=86ST6jkkF7E
Playing a game called sky roller,조회수 2회,2019. 11. 26.,0,0,Jyrah Preston,구독자 3명,https://www.youtube.com/watch?v=SPQkJjiMUHk
Sky roller,조회수 4회,2019. 11. 26.,0,0,Stephanie Ngure,구독자 2명,https://www.youtube.com/watch?v=e5FNK0Rl144
Bermain game (SKY ROLLER) LEVEL 7-13,조회수 48회,2019. 11. 26.,2,1,Incess AuraCute,구독자 25명,https://www.youtube.com/watch?v=PMIXe_-QzaQ
| Aize plays sky roller |,조회수 4회,2019. 11. 27.,1,0,Himari Senpai,구독자 8명,https://www.youtube.com/watch?v=TN4K52XDMLk
Sky Roller Pro - all skins #game bisa main sepatu roda,조회수 538회,2019. 11. 27.,9,1,iseng wee,,https://www.youtube.com/watch?v=ORzHRGMr0Ck
Sky Roller Gameplay Level: 11-20 #2 (Android),조회수 7회,2019. 11. 27.,0,0,Monster Squid,구독자 10명,https://www.youtube.com/watch?v=-Ncx4IXp0M4
main game sky roller,조회수 8회,2019. 11. 27.,1,0,Keisya Ramadhani,구독자 2명,https://www.youtube.com/watch?v=ugMmoUXeU_I
Apa.apa je game....sky roller game..,조회수 5회,2019. 11. 28.,0,0,aina.v 94,,https://www.youtube.com/watch?v=xh7gd6JXUNA
Sky roller game pretty cool,조회수 33회,2019. 11. 28.,1,0,zerrouk zerrouk,구독자 9명,https://www.youtube.com/watch?v=i5vr5hVeDH8
Sky Roller Gameplay Level: 21-30 #3 (Android),조회수 8회,2019. 11. 28.,0,0,Monster Squid,구독자 10명,https://www.youtube.com/watch?v=_H8NKDIgKFc
Doing sky roller/im so good at this game,조회수 315회,2019. 11. 28.,2,0,SKY ROLLER,,https://www.youtube.com/watch?v=-n38igLkmeM
Sky Roller (by Homa Games),조회수 26회,2019. 11. 28.,5,1,LABROID X,구독자 1.39천명,https://www.youtube.com/watch?v=NT0YUM-7NjY
Sky roller part 2,조회수 3회,2019. 11. 28.,0,0,safee cake lover gacha girl,구독자 46명,https://www.youtube.com/watch?v=oDMGkXMV4SA
Sky roller 8,조회수 2회,2019. 11. 28.,0,0,crazy life,구독자 1명,https://www.youtube.com/watch?v=3G81hfwh7LA
Doing a sky roller,조회수 25회,2019. 11. 28.,0,0,SKY ROLLER,,https://www.youtube.com/watch?v=czHRr_CRwfk
Sky Roller Gameplay Level: 31-40 #4 (Android),조회수 13회,2019. 11. 28.,0,1,Monster Squid,구독자 10명,https://www.youtube.com/watch?v=a0oqh0kb9gE
Sky Roller! Sky Roller Mod apk! Sky Roller Hack apk! Max level! World Record,조회수 136회,2019. 11. 29.,3,2,Hacker bhai pk,구독자 1.36천명,https://www.youtube.com/watch?v=ZNv5OpTXO4s
Sky roller gameplay Note9,조회수 2회,2019. 11. 29.,0,0,Real Racer Fun,구독자 2.03천명,https://www.youtube.com/watch?v=fiJ8pP2LG4o
Playing sky roller,조회수 5회,2019. 11. 29.,0,0,death runner dodger,구독자 2명,https://www.youtube.com/watch?v=VTMsMCrkbAA
"I Peel Good, Sky Roller, Slime Road, Renegade Racing, Fit The Fat 3, Marble Blast, Folding Blocks","조회수 1,099회",2019. 11. 29.,8,1,Dr.Racing,구독자 7.2천명,https://www.youtube.com/watch?v=gFqNfz5y5ak
Sky Roller: Homa Games Level 3 to 13 by PhoebeGames0511,조회수 25회,2019. 11. 29.,3,0,Phoebe Games0511,구독자 4명,https://www.youtube.com/watch?v=MNJxvasY7zQ
Sky Roller Gameplay Level: 41-50 #5 (Android),조회수 8회,2019. 11. 29.,0,0,Monster Squid,구독자 10명,https://www.youtube.com/watch?v=DS8RX_hSR34
[게임리뷰] sky Roller,조회수 32회,2019. 11. 29.,0,0,_쿼크Gak,구독자 68명,https://www.youtube.com/watch?v=NBCe4pV_u3M
Main Game Sky Roller,조회수 5회,2019. 11. 29.,1,0,Aisyah Qorryna,구독자 5명,https://www.youtube.com/watch?v=GbKcOPYbzQQ
Playing sky roller,조회수 1회,2019. 11. 29.,0,0,Bella boo,구독자 3명,https://www.youtube.com/watch?v=wh6ZXbWw9TU
Playing sky roller!(I always DIE)(Funny moments),조회수 23회,2019. 11. 29.,0,0,GOLDEN RINGS,,https://www.youtube.com/watch?v=XdX9MrGv-6U
SKY Roller Game All Levels Arcade Gameplay Walkthrough 1 - 23,"조회수 1,172회",2019. 11. 29.,92,0,Ashbgame,구독자 9.68천명,https://www.youtube.com/watch?v=W8uv0yB_pJk
Sky Roller Gameplay Level: 51-60 #6 (Android),조회수 9회,2019. 11. 29.,0,0,Monster Squid,구독자 10명,https://www.youtube.com/watch?v=21J07X1r6V8
Sky Roller Perfect Gameplays Part 1,조회수 9회,2019. 11. 3.,0,0,DroidBox 360,구독자 10명,https://www.youtube.com/watch?v=Hd-BQHSDFAU
Game play of sky roller..,조회수 8회,2019. 11. 30.,2,0,The different gamer Karan,구독자 60명,https://www.youtube.com/watch?v=N_xE_jzoABA
Main game sky Roller,조회수 7회,2019. 11. 30.,0,0,xila gacha,구독자 5명,https://www.youtube.com/watch?v=KxB3D981ODk
Main game di malam minggu SKY ROLLER partt 1 genn,조회수 10회,2019. 11. 30.,2,0,R.Z GaMinG,구독자 3명,https://www.youtube.com/watch?v=ek6x4HszS2s
Sky Roller | Game Sky Roller - Sky Roller Game,"조회수 1,093회",2019. 11. 30.,11,4,CODOT GAMERS,구독자 2.56만명,https://www.youtube.com/watch?v=86S6ZLFzURo
game @SKY ROLLER,조회수 4회,2019. 11. 30.,1,0,Dhewy Thalita,구독자 1명,https://www.youtube.com/watch?v=N-4hYNPyhFo
Sky Roller! All levels NEW GAME Sky Roller WOULD RECORDS!,조회수 22회,2019. 11. 30.,10,0,Super Tech,구독자 39명,https://www.youtube.com/watch?v=2khvkNq04MI
Game offline yg menyenangkan : Sky Roller eps 1,조회수 8회,2019. 11. 30.,0,0,Quote tube,구독자 1명,https://www.youtube.com/watch?v=BDiTa_JobLk
Игра Sky Roller самая пошлая игра 18+ Game Sky Roller the most vulgar game,조회수 39회,2019. 11. 30.,1,1,Будни Пофигиста,구독자 1천명,https://www.youtube.com/watch?v=nhc12-Y_i6g
Gra w sky roller,조회수 9회,2019. 11. 30.,4,0,Jordanatorka 03,구독자 5명,https://www.youtube.com/watch?v=x5A96qVRJRI
View game color bump 3D dan sky roller seru bangett,조회수 6회,2019. 11. 30.,2,0,Dinda Olivia zahwa,구독자 1명,https://www.youtube.com/watch?v=TcJKdJgvTT8
Sky roller,조회수 4회,2019. 11. 30.,0,0,silvia bundova,,https://www.youtube.com/watch?v=Bn1QvMabp4E
Game Sky roller,조회수 10회,2019. 11. 30.,3,0,ADAM GAMING,구독자 58명,https://www.youtube.com/watch?v=5mzHIl8b7WQ
Sky roller first try funny game play,조회수 3회,2019. 11. 30.,2,0,Ajay kumar,구독자 5명,https://www.youtube.com/watch?v=J-xvSd8fD9g
Sky Roller Gameplay 💜💜,조회수 7회,2019. 11. 4.,1,0,Candii,구독자 30명,https://www.youtube.com/watch?v=8SlKAUX10ME
Accessing Sky Roller Hack Resources,조회수 25회,2019. 11. 4.,0,0,lifepeaks,구독자 2명,https://www.youtube.com/watch?v=gG2lBtFSgFE
Sky Roller - Gameplay Walkthrough Android ios,조회수 61회,2019. 11. 5.,1,3,SD FXD GAMEPLAY,,https://www.youtube.com/watch?v=5gPcLzRo7Kg
Sky Roller Level 1 - 25 MOST INCREDIBLE Android Gameplay Walkthrough,조회수 51회,2019. 11. 5.,2,0,Zain Ali Gaming,,https://www.youtube.com/watch?v=nQId6c6Tats
Sky roller,조회수 32회,2019. 11. 6.,0,0,krittasone,구독자 1명,https://www.youtube.com/watch?v=rcPV6XEkiMQ
Sky roller cool video,조회수 18회,2019. 11. 6.,0,0,Empire1,구독자 63명,https://www.youtube.com/watch?v=sOKNLBJC03E
Sky Roller - Android Gameplay!!!,조회수 12회,2019. 11. 7.,3,0,Lima Khanom,구독자 124명,https://www.youtube.com/watch?v=wd-LTLyjAEI
Sky roller,조회수 4회,2019. 11. 7.,0,0,krittasone,구독자 1명,https://www.youtube.com/watch?v=iGa9fWUZHjs
Sky Roller - GAME PLAY - UwU,조회수 219회,2019. 11. 7.,5,1,Peyton H,구독자 291명,https://www.youtube.com/watch?v=ljF3EEnkB_I
Sky Roller - Android Gameplay,조회수 3회,2019. 11. 8.,0,0,Epic Android,구독자 21명,https://www.youtube.com/watch?v=LGwV0rCytCk
5 mainly flawless levels of sky roller,조회수 16회,2019. 11. 8.,1,0,Abbiemon Games,구독자 1명,https://www.youtube.com/watch?v=JpiC0trCqYs
Sky Roller,조회수 9회,2019. 11. 8.,2,0,trilladair 7,구독자 3명,https://www.youtube.com/watch?v=k1WW7ietcv8
Sky roller,조회수 80회,2019. 11. 8.,0,0,isabelle williams,구독자 2명,https://www.youtube.com/watch?v=_HfDyn3KqUc
Episode 2 of playing sky roller,조회수 없음,2019. 11. 9.,0,0,Maria Challands,구독자 7명,https://www.youtube.com/watch?v=NBlxj81XxYI
Sky roller,조회수 16회,2019. 11. 9.,2,1,Gamergirl Gucci peppa,구독자 1명,https://www.youtube.com/watch?v=-IbSQV2ZTGQ
Episode on of playing sky roller,조회수 169회,2019. 11. 9.,3,2,Maria Challands,구독자 7명,https://www.youtube.com/watch?v=OufkvapLNz0
Playing Sky Roller,조회수 12회,2019. 12. 1.,5,0,Maura,구독자 20명,https://www.youtube.com/watch?v=dpgruS0ob64
"아이들놀아줘!!대처법!![아케이드게임]Sky Roller,무한의계단,1945,피아노타일",조회수 198회,2019. 12. 1.,1,0,[꼬꼬TV]께임꼬꼬,구독자 2명,https://www.youtube.com/watch?v=l69wTAWSis8
"REVIEW/JAJAL GAME SKY ROLLER, ASLI NGAKAK KOCAK GAME KOCAK",조회수 17회,2019. 12. 1.,8,0,Darius Hendrikus,구독자 310명,https://www.youtube.com/watch?v=3M2DCtBb4FM
Sky roller episode 1,조회수 2회,2019. 12. 1.,0,0,ViennaGamer 101,구독자 12명,https://www.youtube.com/watch?v=kg1-r2gkbc8
Sky Roller,조회수 없음,2019. 12. 1.,0,0,Naj #22,구독자 6명,https://www.youtube.com/watch?v=wbwFj_Xu3oE
Khi chơi game|Sky Roller,조회수 5회,2019. 12. 1.,0,0,Diệp_ _Nè,구독자 1명,https://www.youtube.com/watch?v=nNWdWncK0NU
Sky Roller Gameplay Walkthrough Part 1 (ios&Android),조회수 28회,2019. 12. 10.,0,0,kids Games & Android Gameplay For Kids,,https://www.youtube.com/watch?v=-dBJiQou7oI
Bermain game sky Roller,조회수 5회,2019. 12. 10.,0,0,izzy Hobbies,구독자 9명,https://www.youtube.com/watch?v=picpDbLnSBY
"Sky Roller - Gameplay Walkthrough Part 3 (Android, iOS Gameplay)","조회수 1,315회",2019. 12. 10.,16,3,Pryszard Android iOS Gameplays,구독자 39.6만명,https://www.youtube.com/watch?v=oFojvtKro-k
Sky Roller - All Levels,조회수 212회,2019. 12. 10.,10,1,TargoGaming,구독자 2.64만명,https://www.youtube.com/watch?v=PKqnDOHdbng
Sky roller gameplay part 1| level 1,조회수 5회,2019. 12. 10.,0,0,CCM,구독자 1.27천명,https://www.youtube.com/watch?v=ZpaLrUKOh30
Playing Sky Roller |,조회수 42회,2019. 12. 10.,22,2,Online AC Gamer,구독자 35명,https://www.youtube.com/watch?v=stW4KDkWR2g
Playing sky roller,조회수 1회,2019. 12. 11.,0,0,Aniza Aziz,,https://www.youtube.com/watch?v=e_AAmPaTEo4
Sky Roller Level: 161-170 #17 (Android),조회수 1회,2019. 12. 11.,0,0,Monster Squid,구독자 10명,https://www.youtube.com/watch?v=lt6FcP814ko
Sky Roller Level: 151-160 #16 (Android),조회수 없음,2019. 12. 11.,0,0,Monster Squid,구독자 10명,https://www.youtube.com/watch?v=4jMOznRvzB0
Sky Roller | Level 41 - 50 | Gameplay Android,조회수 1회,2019. 12. 11.,0,0,Nobody R100,구독자 2명,https://www.youtube.com/watch?v=iM9l7K0e0Ek
Sky Roller | Gameplay,조회수 1회,2019. 12. 11.,0,0,Sunarya,구독자 176명,https://www.youtube.com/watch?v=VWcybGz12hQ
Sky Roller - PRO vs NOOB,"조회수 1,264회",2019. 12. 11.,57,4,SpinGo,구독자 61.1만명,https://www.youtube.com/watch?v=lZ-LE8hkUho
Sky Roller Level: 141-150 #15 (Android),조회수 없음,2019. 12. 11.,0,0,Monster Squid,구독자 10명,https://www.youtube.com/watch?v=iYYKG1NAEwc
GAMEPLAY SKY ROLLER,조회수 2회,2019. 12. 12.,0,0,Play List,구독자 1명,https://www.youtube.com/watch?v=alnw_e5bsys
"Video game sky roller , Fun rice 3d,dan bottle jum 3d",조회수 2회,2019. 12. 12.,1,0,Rini game,구독자 1명,https://www.youtube.com/watch?v=ykNrPdHQaHo
Sky roller,조회수 2회,2019. 12. 12.,0,0,Brianna Rafor,구독자 3명,https://www.youtube.com/watch?v=0KQLmUAKlTo
Lagi main game sky roller,조회수 3회,2019. 12. 12.,0,0,syifa nabila chanell,구독자 10명,https://www.youtube.com/watch?v=IJ9-EyTwcZs
"Review game ""Sky Roller"" ngakak parah",조회수 6회,2019. 12. 12.,0,0,Devi 7naga,,https://www.youtube.com/watch?v=NxOhL3PC9yI
Bermain Game Sky Roller (please don't bullying me),조회수 5회,2019. 12. 12.,2,0,Queen .S,구독자 3명,https://www.youtube.com/watch?v=pm32kxB0PtE
Sky Roller Unlocked All Character Levels 35-52 Gameplay《Bored? Not anymore!》Chill-out Music,조회수 44회,2019. 12. 2.,0,0,COBG,,https://www.youtube.com/watch?v=L_DvZTveSC0
Sky Roller Game Android App Apk ios New Trending Homa Games Arcade,조회수 7회,2019. 12. 2.,4,0,Scottish Gaming Duo,구독자 1.25천명,https://www.youtube.com/watch?v=4FHowTv7o08
SKY ROLLER THE GAME OF NGANGKANG,조회수 19회,2019. 12. 2.,0,0,Syarif ahmad,구독자 8.02천명,https://www.youtube.com/watch?v=l76mUZlKRgU
Main game sky roller enak buanget,조회수 21회,2019. 12. 2.,1,0,gestara chhanel,구독자 40명,https://www.youtube.com/watch?v=GjyCtsc9_gU
Sky roller,조회수 1회,2019. 12. 2.,0,0,fruit club,구독자 1명,https://www.youtube.com/watch?v=s_IQB_-QDLs
Permainan Sky Roller ngindarin rintangan game indonesia,조회수 7회,2019. 12. 2.,2,1,Dik Gaming,구독자 5명,https://www.youtube.com/watch?v=cY-C1ydNWx0
Sky Roller Gameplay Part 1 | Level 1 - 30,"조회수 1,154회",2019. 12. 3.,12,4,GamerRia,구독자 6.65천명,https://www.youtube.com/watch?v=ueOFsdk5QHM
Play games in sky roller,조회수 3회,2019. 12. 3.,0,0,UltraRider 01,구독자 10명,https://www.youtube.com/watch?v=LwrOqF7F-n0
Sky Roller Level: 61-70 #7 (Android),조회수 14회,2019. 12. 3.,0,0,Monster Squid,구독자 10명,https://www.youtube.com/watch?v=QWgbNtQi10s
~```Play game sky roller```~,조회수 19회,2019. 12. 3.,4,0,Aisya Xxlzz,구독자 179명,https://www.youtube.com/watch?v=DndJAxJN6ec
Top Free Android game Review (SKY ROLLER)..TRY DOWNLOAD GAME NI,조회수 58회,2019. 12. 3.,6,0,Bad Boy Channel,구독자 92명,https://www.youtube.com/watch?v=UdC6urHa2R8
Sky Roller (Very Interesting part😁😁😁😁),조회수 25회,2019. 12. 3.,1,0,R7 max games,,https://www.youtube.com/watch?v=gVbJoOs5IrM
"Lewati TANTANGAN dengan SEPATU RODA! - Sky Roller - Trending Game of The Day on December 3, 2019",조회수 56회,2019. 12. 3.,3,0,Dofdoffy gaming,,https://www.youtube.com/watch?v=7CLpPI8BuO4
SKY Roller Game,조회수 1회,2019. 12. 3.,0,0,BE ER,,https://www.youtube.com/watch?v=kHLECvspRr4
-Milky game Ep.2 Sky roller |Milky gaming27|#8,조회수 10회,2019. 12. 4.,2,1,Milky Gaming27,구독자 13명,https://www.youtube.com/watch?v=whM4YQ-SWwQ
Sky Roller (REAd DeSC),조회수 5회,2019. 12. 4.,1,0,Rianne Go,구독자 3명,https://www.youtube.com/watch?v=sApOqd_ij84
Sky roller,조회수 1회,2019. 12. 4.,0,0,Bluey_Gacha Kermit 23,구독자 1명,https://www.youtube.com/watch?v=KKAboqleoHg
Sky Roller Level 6 7 Walkthrough,조회수 13회,2019. 12. 4.,0,0,NasirAli Gamer,구독자 137명,https://www.youtube.com/watch?v=u6Sx_AdxaHQ
Like and subscribe playing Sky Roller,조회수 8회,2019. 12. 4.,2,0,MAD_ Youtube,구독자 4명,https://www.youtube.com/watch?v=B6NfCG4Mg0c
Sky Roller - New Game Trailer#1,조회수 57회,2019. 12. 5.,7,0,Insan S,구독자 1.48천명,https://www.youtube.com/watch?v=vylBuZwL8LA
Sky Roller Level: 71-80 #8 (Android),조회수 19회,2019. 12. 5.,0,1,Monster Squid,구독자 10명,https://www.youtube.com/watch?v=aXTieHWpt-w
Sky Roller Level: 91-100 #10 (Android),조회수 23회,2019. 12. 5.,0,0,Monster Squid,구독자 10명,https://www.youtube.com/watch?v=1tkSE2_tg1k
Main game sky roller|Deskripsi,조회수 10회,2019. 12. 5.,2,0,Aurelia Calysta,구독자 7명,https://www.youtube.com/watch?v=cxVFQnekh34
Sky Roller Level: 101-110 #11 (Android),조회수 34회,2019. 12. 5.,1,0,Monster Squid,구독자 10명,https://www.youtube.com/watch?v=AOkqFMNhZdY
Sky Roller Level: 81-90 #9 (Android),조회수 20회,2019. 12. 5.,0,0,Monster Squid,구독자 10명,https://www.youtube.com/watch?v=vj8ADH1idcY
Sky Roller,조회수 3회,2019. 12. 5.,1,0,Darleny Castellanosaguilar,구독자 1명,https://www.youtube.com/watch?v=mHl1IkWPZvk
Roller sky,조회수 139회,2019. 12. 5.,2,0,hatime aloui,,https://www.youtube.com/watch?v=PONUjvqMdU4
Top Best Android Games - Sky Roller ( December 2019 ) | OGC Game Android Gameplay,조회수 37회,2019. 12. 5.,2,0,OGC Game Android Gameplay,,https://www.youtube.com/watch?v=hl7Nqow6arw
Main Game Sky Roller,조회수 5회,2019. 12. 5.,0,0,Indah Official,구독자 1명,https://www.youtube.com/watch?v=KI3qcINcsEE
Sky roller games app,조회수 4회,2019. 12. 5.,0,0,senorita channel,구독자 4명,https://www.youtube.com/watch?v=8au4Y2_mKwA
Sky Roller | Level 14 - 19 | Gameplay Android,조회수 19회,2019. 12. 5.,0,0,Nobody R100,구독자 2명,https://www.youtube.com/watch?v=-Z82m2XJyUc
Sky roller news game | levels17 to levels26,조회수 없음,2019. 12. 6.,0,0,Ko Ko Gaming,,https://www.youtube.com/watch?v=VUEKy5BZe50
Sky Roller - game mod with GG get unlimited money latest 2020,조회수 56회,2019. 12. 6.,1,0,EM 25,,https://www.youtube.com/watch?v=VEowSi8sL6s
Sky Roller,조회수 10회,2019. 12. 6.,1,0,Anis anis,구독자 282명,https://www.youtube.com/watch?v=njCsmZ_M044
"Sky Roller GAMEPLAY Walkthrough Android, iOS Gameplay",조회수 1회,2019. 12. 7.,0,0,Nadhira Nugroho,,https://www.youtube.com/watch?v=TKT2v2GxTW8
"Sky Roller, ios game play 29/31",조회수 19회,2019. 12. 7.,6,0,Queen bee,구독자 8명,https://www.youtube.com/watch?v=_xdu-qqopGE
Sky Roller Gameplay FULL SCREEN HD || BY. Gamerz Toper,조회수 253회,2019. 12. 7.,5,0,Gamerz Toper,,https://www.youtube.com/watch?v=rt1H_S28t6Q
Sky Roller [Gameplay],조회수 7회,2019. 12. 7.,2,0,Zemi Playz,구독자 15명,https://www.youtube.com/watch?v=zgQucXxLkFo
DYING ALOT OF TIMES ON LEVEL 21 ● Sky Roller,조회수 3회,2019. 12. 7.,0,0,Keisha XGames,,https://www.youtube.com/watch?v=53Ibw1XIWq4
Sky roller #1,조회수 8회,2019. 12. 7.,1,0,kevin the destroyer,구독자 3명,https://www.youtube.com/watch?v=gRgSbiGP-8Y
Sky Roller | Level 21 - 28 | Gameplay Android,조회수 5회,2019. 12. 7.,0,0,Nobody R100,구독자 2명,https://www.youtube.com/watch?v=CSt_SFib0BM
game Sky Roller,조회수 4회,2019. 12. 7.,3,0,Evan Julian,구독자 1명,https://www.youtube.com/watch?v=7xaB4VbvbSw
Main game sky roller seru banget dah,조회수 4회,2019. 12. 7.,1,0,syifa nabila chanell,구독자 10명,https://www.youtube.com/watch?v=cI5vzODAIWk
Sky roller game,조회수 1회,2019. 12. 7.,0,0,Marivel Gopez,,https://www.youtube.com/watch?v=yo3SfOh6UV0
Game sky roller สุด epic,조회수 3회,2019. 12. 7.,0,0,อุ่นโบ้น สุดแสบ,구독자 2명,https://www.youtube.com/watch?v=PpkLc-88x0A
sky Roller게임을 해 보았다(광고 유튜버 소리 죄송합니다ㅠ),조회수 2회,2019. 12. 8.,0,0,딸기우유,구독자 11명,https://www.youtube.com/watch?v=LOhXZUUl1UE
오늘은 Sky Roller라는 게임을 가져왔습니다,조회수 18회,2019. 12. 8.,4,0,상추YouTube,구독자 23명,https://www.youtube.com/watch?v=5jNt4OE71IY
Sky roller,조회수 없음,2019. 12. 8.,0,0,Gopal Mandal,,https://www.youtube.com/watch?v=Yq1DoDF0UC0
"Sky roller.Please subscribe my channel and don't forget to like,share and comment my video.❤❤❤❤",조회수 2회,2019. 12. 8.,0,0,Nigar Hossain,,https://www.youtube.com/watch?v=u-tseTacJs8
"Sky Roller - Gameplay Walkthrough Part 1 (iOS, Android)",조회수 95회,2019. 12. 8.,5,0,Pharmit24,구독자 10.4만명,https://www.youtube.com/watch?v=QYCiIN7pQc0
Sky Roller Game,조회수 6회,2019. 12. 8.,1,0,Ava The Gamer 0919,구독자 64명,https://www.youtube.com/watch?v=5aWl1RjJhMo
Penjelasan tentang game tiles hop dan Sky Roller,조회수 1회,2019. 12. 8.,0,0,Louisa Angel,,https://www.youtube.com/watch?v=dKDJZDGcnAM
Sky roller & Cool Roller pro sama game sepatu roda #main game,조회수 17회,2019. 12. 8.,2,1,iseng wee,,https://www.youtube.com/watch?v=vhfFNKoE0_8
Sky Roller lever 10 to 20 - Game funny and relax - Những game hay ho,조회수 1회,2019. 12. 8.,1,0,Toxic Thành,구독자 25명,https://www.youtube.com/watch?v=Xf6YugLC5V0
SKY ROLLER INDONESIA | AZGAME,조회수 10회,2019. 12. 8.,0,0,Azzahra Lazuilgalaxy,구독자 22명,https://www.youtube.com/watch?v=5ufrZ6tegJM
Sky roller game 💝🤔👌🏼,조회수 2회,2019. 12. 9.,1,0,Preeti Sadhukhan,구독자 2명,https://www.youtube.com/watch?v=T24xtlMmi2w
"Sky Roller - Gameplay Walkthrough Part 2 (Android, iOS Gameplay)","조회수 3,221회",2019. 12. 9.,19,5,Pryszard Android iOS Gameplays,구독자 39.6만명,https://www.youtube.com/watch?v=4hsa5xHd8os
Sky Roller Level: 131-140 #14 (Android),조회수 3회,2019. 12. 9.,1,0,Monster Squid,구독자 10명,https://www.youtube.com/watch?v=NZczAqIek4U
Sky Roller || game gabut,조회수 3회,2019. 12. 9.,0,0,dicki mulya,구독자 13명,https://www.youtube.com/watch?v=OodPipxaX64
Sky Roller (2019) - Mobile Gameplay,조회수 없음,2019. 12. 9.,0,0,"Mobile Games - Android,IOS",구독자 72명,https://www.youtube.com/watch?v=DEbuX7ih2pg
Sky Roller Part 4,조회수 없음,2019. 12. 9.,0,0,TheGamingGuy,,https://www.youtube.com/watch?v=szn54ZBLlKk
Sky Roller Gameplay Level 10 || new 2019 game,조회수 10회,2019. 12. 9.,0,0,GAMING NATION,구독자 3.04만명,https://www.youtube.com/watch?v=a5nmoKEx_-s
"Play Game Mobile For Android, Ios - Sky Roller",조회수 1회,2019. 12. 9.,0,0,PLAY GAME MOBILE,구독자 73명,https://www.youtube.com/watch?v=4kw-1fUh1ac
Meme complaiton (soz can't spell) of Sky roller,조회수 없음,2019. 12. 9.,0,0,stephen the awsome,구독자 1명,https://www.youtube.com/watch?v=LfmNMFDJXlE
Sky Roller Level: 111-120 #12 (Android),조회수 없음,2019. 12. 9.,0,0,Monster Squid,구독자 10명,https://www.youtube.com/watch?v=7jZeuPjkGrs
Sky Roller Level: 121-130 #13 (Android),조회수 1회,2019. 12. 9.,0,0,Monster Squid,구독자 10명,https://www.youtube.com/watch?v=DBHpJU4uvAk
Roller sky,조회수 8회,2019. 3. 29.,0,0,Evil Eye :D,,https://www.youtube.com/watch?v=QZaTceYdKUA
HexRoller and Lanterns Dice: Lights in the Sky by Renegade Game Studios at GAMA 2019,조회수 281회,2019. 4. 1.,2,0,Game Trade Media,구독자 8.54천명,https://www.youtube.com/watch?v=zhdBSdh1c3E
Rolling Sky - Pirate,"조회수 54,889회",2019. 4. 28.,793,24,SHAvibe,구독자 12.1만명,https://www.youtube.com/watch?v=WCbhFWcXrj0
Rolling Sky - Naval Battle,"조회수 57,376회",2019. 5. 14.,691,25,SHAvibe,구독자 12.1만명,https://www.youtube.com/watch?v=0V9KMeKF8V4
Make Unity Game - How i make roller sky game in Unity 3D Hindi Urdu,조회수 502회,2019. 5. 28.,21,0,Ahmad Bilal,구독자 459명,https://www.youtube.com/watch?v=6jL2_eYIV6Y
Roller Sky,조회수 8회,2019. 6. 26.,3,1,мего Игрокус,구독자 25명,https://www.youtube.com/watch?v=fgy9cw7y9i0
Rolling Sky - Beat Party,"조회수 21,456회",2019. 9. 11.,398,18,SHAvibe,구독자 12.1만명,https://www.youtube.com/watch?v=17POy9IKX2g
Rolling Sky - The 4th Anniversary (✩✩✩✩✩✩),"조회수 120,082회",2019. 9. 25.,1.4천,60,SHAvibe,구독자 12.1만명,https://www.youtube.com/watch?v=Mzei9p3e5eg
Sky Roller Gameplay - Android / Ios Game Walkthrough Tutorial,조회수 20회,실시간 스트리밍 시작일: 2019. 10. 29.,0,0,Wendy,구독자 1.02천명,https://www.youtube.com/watch?v=-_OtVaQV8to
sky roller lll it is a very popular game...,조회수 없음,실시간 스트리밍 시작일: 2019. 12. 7.,0,0,Kaushik Sikder,,https://www.youtube.com/watch?v=dyTnhDhpXGU
Playing Rider & Sky Roller,조회수 8회,최초 공개: 2019. 10. 29.,1,0,RaymonJackson23Gaming,구독자 23명,https://www.youtube.com/watch?v=QTEu_EZJN9E
Sky Roller - Homa Games - Walkthrough Get Started Recommend index three stars,조회수 208회,최초 공개: 2019. 11. 10.,0,3,2pFreeGames,구독자 21.2만명,https://www.youtube.com/watch?v=jVCyo5tQ5rE
Sky Roller Gameplay/Walkthrough,조회수 207회,최초 공개: 2019. 11. 16.,0,0,Fun Game Video,구독자 928명,https://www.youtube.com/watch?v=wdrWprVvNgM
Sky Roller - IOS Gameplay,조회수 239회,최초 공개: 2019. 11. 29.,3,2,IOSGAMEPLAY,구독자 6.95만명,https://www.youtube.com/watch?v=qgd6xteFAqw
Sky Roller라는 게임을 해 보았다!,조회수 98회,최초 공개: 2019. 11. 8.,6,2,지웅YouTube,구독자 2.13만명,https://www.youtube.com/watch?v=_85UHyavs0I
