﻿title,count,date,good_count,bad_count,youtuber,subscriber,url
Gardenscapes 1648,조회수 391회,2019. 1. 2.,1,0,대아르신,,https://www.youtube.com/watch?v=xOrztj1Rbwk
Gardenscapes 1651,조회수 531회,2019. 1. 2.,1,0,대아르신,,https://www.youtube.com/watch?v=EyS-fkGNL5U
Gardenscapes 1649,조회수 70회,2019. 1. 2.,0,0,대아르신,,https://www.youtube.com/watch?v=cpvvJUKUI6c
[꿈의정원] Gardenscapes level 1107,조회수 21회,2019. 1. 29.,0,0,BBO Hacks Gamer,구독자 32명,https://www.youtube.com/watch?v=UQxHU-O0kEI
Gardenscapes 1805,조회수 10회,2019. 10. 20.,0,0,대아르신,,https://www.youtube.com/watch?v=2o8pJTT282Y
Gardenscapes 1809,조회수 4회,2019. 10. 20.,0,0,대아르신,,https://www.youtube.com/watch?v=xZtyItmHiVc
Gardenscapes 1815,조회수 10회,2019. 10. 20.,0,0,대아르신,,https://www.youtube.com/watch?v=4E3F4_q8fuI
Gardenscapes 1806,조회수 5회,2019. 10. 20.,0,0,대아르신,,https://www.youtube.com/watch?v=pC7Yj4Fp1I0
Gardenscapes 1831,조회수 11회,2019. 10. 21.,0,0,대아르신,,https://www.youtube.com/watch?v=6UlH5Q4drwA
Gardenscapes 1830,조회수 7회,2019. 10. 21.,0,0,대아르신,,https://www.youtube.com/watch?v=cFq3P9Zib2E
Gardenscapes 1827,조회수 7회,2019. 10. 21.,0,0,대아르신,,https://www.youtube.com/watch?v=wCoM2A6kdL8
Gardenscapes 1816,조회수 3회,2019. 10. 21.,0,0,대아르신,,https://www.youtube.com/watch?v=6g4uvm-BKHI
Gardenscapes 1829,조회수 31회,2019. 10. 21.,0,0,대아르신,,https://www.youtube.com/watch?v=LvzUoZq0Dmc
Gardenscapes 1837,조회수 6회,2019. 10. 21.,0,0,대아르신,,https://www.youtube.com/watch?v=IBGxbKOd3iI
🍍꿈의 정원 Gardenscapes Walkthrough 레벨 1641-1650,조회수 10회,2019. 10. 26.,1,0,zamuzzang,구독자 365명,https://www.youtube.com/watch?v=EiJaFp56kGE
🍍꿈의 정원 Gardenscapes Walkthrough 레벨 1691-1700,조회수 43회,2019. 10. 26.,1,0,zamuzzang,구독자 365명,https://www.youtube.com/watch?v=IBSSoNtStjg
🍍꿈의 정원 Gardenscapes Walkthrough 레벨 1681-1690,조회수 6회,2019. 10. 26.,1,0,zamuzzang,구독자 365명,https://www.youtube.com/watch?v=ycGWqAU6CGI
🍍꿈의 정원 Gardenscapes Walkthrough 레벨 1671-1680,조회수 14회,2019. 10. 26.,1,0,zamuzzang,구독자 365명,https://www.youtube.com/watch?v=E7f1F_8daZg
🍍꿈의 정원 Gardenscapes Walkthrough 레벨 1661-1670,조회수 8회,2019. 10. 26.,1,0,zamuzzang,구독자 365명,https://www.youtube.com/watch?v=LTRd1L2fHo8
🍍꿈의 정원 Gardenscapes Walkthrough 레벨 1651-1660,조회수 10회,2019. 10. 26.,1,0,zamuzzang,구독자 365명,https://www.youtube.com/watch?v=-1g4rLnodr8
"[모바일게임 리뷰] 직접 플레이해본 7분으로 보는 궁금하지만 막상 하려면 싫은 ""그"" 광고게임 (feat.오스틴) [꿈의 집, 꿈의 정원]",조회수 402회,2019. 10. 9.,4,0,리뷰밍 ReviewMing,,https://www.youtube.com/watch?v=89gwIdqb1ks
[Gardenscapes/꿈의 정원] 간단한 블록깨기로 힐링할 수 있는 게임이 있다? 그게 바로 이 게임!🌸,조회수 8회,2019. 11. 16.,0,0,Anastasia's diary아나별샤의 일상기록,구독자 2명,https://www.youtube.com/watch?v=FYFjWR-EU0s
겨울왕국2 퍼즐게임 - 겨울왕국에 꿈의 정원 뿌링클,조회수 50회,2019. 11. 17.,0,0,MrMJY8,구독자 2.25만명,https://www.youtube.com/watch?v=hYJnRwI7q8c
"심즈4 건축 ""꿈의 정원"" 속 오스틴 저택 | 스피드빌드 | The Sims 4 ""Garden Scapes"" House Speed Build",조회수 64회,2019. 11. 2.,4,0,취미쟁이 쮸,구독자 88명,https://www.youtube.com/watch?v=Q9zfzjcFX-Y
🍍꿈의 정원 Gardenscapes Walkthrough 레벨 1701-1710,조회수 7회,2019. 11. 5.,1,0,zamuzzang,구독자 365명,https://www.youtube.com/watch?v=PXAG0dPXCMw
🍍꿈의 정원 Gardenscapes Walkthrough 레벨 1711-1720,조회수 6회,2019. 11. 5.,1,0,zamuzzang,구독자 365명,https://www.youtube.com/watch?v=6JPMowLV3KM
🍍꿈의 정원 Gardenscapes Walkthrough 레벨 1721-1730,조회수 7회,2019. 11. 5.,1,0,zamuzzang,구독자 365명,https://www.youtube.com/watch?v=k41-4OBej5I
🍍꿈의 정원 Gardenscapes Walkthrough 레벨 1731-1740,조회수 2회,2019. 11. 5.,1,0,zamuzzang,구독자 365명,https://www.youtube.com/watch?v=yM_NRTLZ3e8
🍍꿈의 정원 Gardenscapes Walkthrough 레벨 1751-1760,조회수 4회,2019. 11. 5.,1,0,zamuzzang,구독자 365명,https://www.youtube.com/watch?v=qBB_R8LO8sQ
🍍꿈의 정원 Gardenscapes Walkthrough 레벨 1761-1770,조회수 3회,2019. 11. 5.,1,0,zamuzzang,구독자 365명,https://www.youtube.com/watch?v=RSyOfjgJN0A
🍍꿈의 정원 Gardenscapes Walkthrough 레벨 1771-1780,조회수 8회,2019. 11. 5.,1,0,zamuzzang,구독자 365명,https://www.youtube.com/watch?v=i7ncI_mAkTQ
🍍꿈의 정원 Gardenscapes Walkthrough 레벨 1781-1790,조회수 11회,2019. 11. 7.,1,0,zamuzzang,구독자 365명,https://www.youtube.com/watch?v=b-crziXfehY
🍍꿈의 정원 Gardenscapes Walkthrough 레벨 1791-1800,조회수 5회,2019. 11. 7.,1,0,zamuzzang,구독자 365명,https://www.youtube.com/watch?v=J9qHmiREbxI
🍍꿈의 정원 Gardenscapes Walkthrough 레벨 1801-1810,조회수 7회,2019. 11. 7.,1,0,zamuzzang,구독자 365명,https://www.youtube.com/watch?v=aHqaCn024PY
🍍꿈의 정원 Gardenscapes Walkthrough 레벨 1821-1830,조회수 73회,2019. 11. 7.,1,0,zamuzzang,구독자 365명,https://www.youtube.com/watch?v=PK2vNj-XWiQ
🍍꿈의 정원 Gardenscapes Walkthrough 레벨 1811-1820,조회수 8회,2019. 11. 7.,1,0,zamuzzang,구독자 365명,https://www.youtube.com/watch?v=QGzemCeFqis
Gardenscapes 1671,조회수 284회,2019. 2. 15.,0,0,대아르신,,https://www.youtube.com/watch?v=_s8hd7gY3T4
🌵[퍼즐] 꿈의 정원 Gardenscapes [level 1341-1350],조회수 153회,2019. 2. 17.,1,0,zamuzzang,구독자 365명,https://www.youtube.com/watch?v=QI-BJKi-E8Q
가든 스케이프 3451 꿀팁 마음이 시원해지는 영상 gardenscape,조회수 1회,2019. 2. 2.,0,0,김gardenscape,구독자 5명,https://www.youtube.com/watch?v=HMUgbROWnPo
🌵[퍼즐] 꿈의 정원 Gardenscapes [level 1231-1240],조회수 75회,2019. 2. 2.,1,0,zamuzzang,구독자 365명,https://www.youtube.com/watch?v=y8PmDs_KZU8
꿈의정원 공략 (Gardenscapes) LEVEL 21 - 30 편집영상 (가든스케이프),조회수 312회,2019. 2. 22.,3,0,boy Ma,구독자 3명,https://www.youtube.com/watch?v=GjbQpja1Fmw
꿈의정원 공략 (Gardenscapes) LEVEL 211 - 220 편집영상 (가든스케이프),조회수 211회,2019. 2. 27.,0,0,boy Ma,구독자 3명,https://www.youtube.com/watch?v=Rke3NCu0nVI
🌵[퍼즐] 꿈의 정원 Gardenscapes [level 1311-1320],조회수 45회,2019. 2. 3.,1,1,zamuzzang,구독자 365명,https://www.youtube.com/watch?v=JEus9UOHc6Y
Gardenscapes 1659,조회수 144회,2019. 2. 7.,0,0,대아르신,,https://www.youtube.com/watch?v=qQf81FVeHfk
꿈의정원 공략 (Gardenscapes) LEVEL 261 - 270 편집영상 (가든스케이프),조회수 94회,2019. 3. 1.,0,0,boy Ma,구독자 3명,https://www.youtube.com/watch?v=ievwnD-ReXk
Gardenscapes 4038 Level 꿈의 정원 4038 공략,조회수 63회,2019. 4. 6.,3,0,책팽팽,구독자 6명,https://www.youtube.com/watch?v=IEyn8iaaEJI
Gardenscapes 4040 Level 꿈의 정원 4040 공략 this week last level 이번주 마지막 레벨 만렙,"조회수 1,582회",2019. 4. 6.,6,0,책팽팽,구독자 6명,https://www.youtube.com/watch?v=erTe5oMPPUU
gardenscapes level 2932 꿈의정원,조회수 8회,2019. 5. 8.,0,0,리루스,구독자 5명,https://www.youtube.com/watch?v=mJoHVFEItT8
Gardenscapes 1695,조회수 456회,2019. 6. 17.,1,0,대아르신,,https://www.youtube.com/watch?v=PUF-8r8DoQ0
Gardenscapes 1696,조회수 70회,2019. 6. 17.,0,0,대아르신,,https://www.youtube.com/watch?v=HXBuG8iMsts
Gardenscapes 1736,조회수 13회,2019. 6. 20.,0,0,대아르신,,https://www.youtube.com/watch?v=9-uqarT9z5k
Gardenscapes 1790,조회수 75회,2019. 8. 20.,0,0,대아르신,,https://www.youtube.com/watch?v=-MIk6Knb9CA
🌵[퍼즐] 꿈의 정원 Gardenscapes [level 1391-1400],조회수 227회,2019. 8. 3.,2,0,zamuzzang,구독자 365명,https://www.youtube.com/watch?v=5oTaLjtHrXM
여자친구 은하의🌌짜장라면 레시피 &🎮꿈의 정원 I 은하의 #개인플레이 인터뷰 I Google Play,"조회수 108,630회",2019. 8. 9.,1만,123,Google Play Korea,구독자 9.02만명,https://www.youtube.com/watch?v=JFcu1_ks36A
🍍꿈의 정원 Gardenscapes Walkthrough 레벨 1611-1620,조회수 32회,2019. 9. 10.,1,0,zamuzzang,구독자 365명,https://www.youtube.com/watch?v=eM6wuJLK6uY
🍍꿈의 정원 Gardenscapes Walkthrough 레벨 1621-1630,조회수 17회,2019. 9. 16.,1,0,zamuzzang,구독자 365명,https://www.youtube.com/watch?v=T2CWYLZXMaI
가든스케이프[gardenscapes]1388판에서 1400판까지 중독에서 벗어나고 싶어!,조회수 58회,2019. 9. 16.,1,0,스게임,구독자 2명,https://www.youtube.com/watch?v=wBuL0S8m5Dw
🍍꿈의 정원 Gardenscapes Walkthrough 레벨 1631-1640,조회수 43회,2019. 9. 16.,1,0,zamuzzang,구독자 365명,https://www.youtube.com/watch?v=761-ROgaKI8
🍍꿈의 정원 Gardenscapes Walkthrough 레벨 1471-1480,조회수 14회,2019. 9. 3.,1,0,zamuzzang,구독자 365명,https://www.youtube.com/watch?v=omyqt9eQeo8
🍍꿈의 정원 Gardenscapes Walkthrough 레벨 1421-1430,조회수 10회,2019. 9. 3.,1,0,zamuzzang,구독자 365명,https://www.youtube.com/watch?v=63POTy7VHJs
🍍꿈의 정원 Gardenscapes Walkthrough 레벨 1431-1440,조회수 9회,2019. 9. 3.,1,0,zamuzzang,구독자 365명,https://www.youtube.com/watch?v=7zmvlLm7LiI
🍍꿈의 정원 Gardenscapes Walkthrough 레벨 1441-1450,조회수 12회,2019. 9. 3.,1,0,zamuzzang,구독자 365명,https://www.youtube.com/watch?v=QpdjOIO5vL0
🍍꿈의 정원 Gardenscapes Walkthrough 레벨 1461-1470,조회수 7회,2019. 9. 3.,1,0,zamuzzang,구독자 365명,https://www.youtube.com/watch?v=xHL44HiY6dw
🍍꿈의 정원 Gardenscapes Walkthrough 레벨 1481-1490,조회수 8회,2019. 9. 3.,1,0,zamuzzang,구독자 365명,https://www.youtube.com/watch?v=vNay41Qqut4
🍍꿈의 정원 Gardenscapes Walkthrough 레벨 1491-1500,조회수 15회,2019. 9. 3.,1,1,zamuzzang,구독자 365명,https://www.youtube.com/watch?v=_83RQ3kheHk
🍍꿈의 정원 Gardenscapes Walkthrough 레벨 1501-1510,조회수 20회,2019. 9. 3.,1,0,zamuzzang,구독자 365명,https://www.youtube.com/watch?v=yX9kWBeZy94
🍍꿈의 정원 Gardenscapes Walkthrough 레벨 1401-1410,조회수 24회,2019. 9. 3.,1,0,zamuzzang,구독자 365명,https://www.youtube.com/watch?v=3aGYdipL4Fs
🍍꿈의 정원 Gardenscapes Walkthrough 레벨 1571-1580,조회수 28회,2019. 9. 6.,2,0,zamuzzang,구독자 365명,https://www.youtube.com/watch?v=onY5MIS-ml8
🍍꿈의 정원 Gardenscapes Walkthrough 레벨 1561-1570,조회수 14회,2019. 9. 6.,2,0,zamuzzang,구독자 365명,https://www.youtube.com/watch?v=GQ0mi8VqKMs
🍍꿈의 정원 Gardenscapes Walkthrough 레벨 1551-1560,조회수 11회,2019. 9. 6.,1,0,zamuzzang,구독자 365명,https://www.youtube.com/watch?v=r98Tb0UJdfA
🍍꿈의 정원 Gardenscapes Walkthrough 레벨 1521-1530,조회수 8회,2019. 9. 6.,1,0,zamuzzang,구독자 365명,https://www.youtube.com/watch?v=1KQf6W3YUNI
🍍꿈의 정원 Gardenscapes Walkthrough 레벨 1531-1540,조회수 24회,2019. 9. 6.,1,0,zamuzzang,구독자 365명,https://www.youtube.com/watch?v=cUCPfLZb95E
🍍꿈의 정원 Gardenscapes Walkthrough 레벨 1511-1520,조회수 15회,2019. 9. 6.,1,0,zamuzzang,구독자 365명,https://www.youtube.com/watch?v=X_a71a6sxms
🍍꿈의 정원 Gardenscapes Walkthrough 레벨 1541-1550,조회수 14회,2019. 9. 6.,1,0,zamuzzang,구독자 365명,https://www.youtube.com/watch?v=Jraj1eLgJHQ
🍍꿈의 정원 Gardenscapes Walkthrough 레벨 1581-1590,조회수 13회,2019. 9. 7.,1,0,zamuzzang,구독자 365명,https://www.youtube.com/watch?v=59ur9w_RBbc
🍍꿈의 정원 Gardenscapes Walkthrough 레벨 1591-1600,조회수 32회,2019. 9. 7.,1,0,zamuzzang,구독자 365명,https://www.youtube.com/watch?v=Ik-Zw_NKsHk
🍍꿈의 정원 Gardenscapes Walkthrough 레벨 1601-1610,조회수 19회,2019. 9. 7.,2,0,zamuzzang,구독자 365명,https://www.youtube.com/watch?v=GhZXdjJ-1WE
[꿈의정원] 1억다운 갓 힐링게임 Gardenscapes,조회수 60회,2019. 9. 7.,2,0,긍큐TV,구독자 240명,https://www.youtube.com/watch?v=gCampn2LQJc
꿈의정원 공략 (Gardenscapes) LEVEL 501 - 510 편집영상 (가든스케이프),조회수 178회,최초 공개: 2019. 3. 30.,2,0,boy Ma,구독자 3명,https://www.youtube.com/watch?v=izNf8PnjGfQ
