﻿title,count,date,good_count,bad_count,youtuber,subscriber,url
[제이] 리니지2M 최초 서버공개(바츠 씹어 먹겠습니다),"조회수 11,199회",2019. 10. 13.,55,64,제이,구독자 2.9만명,https://www.youtube.com/watch?v=fhqFZUlCVeg
[리니지2M]아이디 선점을 한다면 필독!!10/15 12시,조회수 111회,2019. 10. 14.,3,0,핀트,,https://www.youtube.com/watch?v=FTPWEdR-zZw
"출시일 공개된 하반기 기대작 MMORPG 리니지2M, 빨리 해보고싶다!!",조회수 18회,2019. 11. 12.,0,0,열내리고,구독자 5명,https://www.youtube.com/watch?v=O1FqDMPOZ2w
리니지2M 기다리며 빡치는 병맛게임 해보앗네요...하...,조회수 667회,2019. 11. 12.,16,0,게소리,구독자 695명,https://www.youtube.com/watch?v=ga31sozIQVU
리니지2M 오픈 시간 확정~! 사전 다운로드 25일 12시(With 퍼플),조회수 20회,2019. 11. 22.,0,0,아이엠,,https://www.youtube.com/watch?v=3VqRD10yPSA
"[리니지2m] 게임 전 알고 가야할 최종 정보 11가지 (마검자리체, 변신,인형 뽑기, 바츠해방전쟁, 레이드,정령탄 등등)","조회수 122,135회",2019. 11. 22.,295,136,쵸튜브[쵸피],,https://www.youtube.com/watch?v=iJu_ut5kd88
리니지2M 미공개 영상! 무과금러가 과금러에게 덤비면 벌어지는 일ㅋㅋ NC MMORPG 모바일 게임 [휘재TV - Lineage2M],"조회수 66,811회",2019. 11. 23.,좋아요,싫어요,휘재TV,구독자 6.22천명,https://www.youtube.com/watch?v=CO2wycvH6Bs
리니지2M ● 오늘12시 다운로드 방법 (퍼플 안내) 가성비 과금_아덴팔아 분유사요 (용돈벌이) V4다운,조회수 226회,2019. 11. 24.,4,0,법무법인OO,구독자 30명,https://www.youtube.com/watch?v=pNM3_lko810
Lineage 2M Pre-download starts now.,조회수 42회,2019. 11. 25.,2,0,ติดเกม by Vam,구독자 20명,https://www.youtube.com/watch?v=aICbicdeyJQ
[제이] 리니지2M 멀티 다계정 문제없다! 블루스택4 64bit 최적화 버전 출시(앱플레이어),"조회수 5,381회",2019. 11. 25.,54,13,제이,구독자 2.9만명,https://www.youtube.com/watch?v=RpNBcdJGpRc
[리니지2M] 700만 유저를 속여버린 최고의 18력!! ㅋㅋ 모바일게임 리뷰 엉아 (Lineage2M),"조회수 40,986회",2019. 11. 26.,663,38,엉아 TV,구독자 1.54만명,https://www.youtube.com/watch?v=8QHrpxErmfc
리니지2m 무과금 직업추천 TOP4 / 선택에 후회가 없으시길!,"조회수 91,289회",2019. 11. 26.,229,45,잼따,구독자 3.02천명,https://www.youtube.com/watch?v=WWMYnzoXvg4
오늘밤 12시 리니지2m 하기전에 꼭보세요 클래스 무조건 이거하세요!!,"조회수 17,633회",2019. 11. 26.,36,40,창현리니지M,구독자 3.07만명,https://www.youtube.com/watch?v=HH9IZIF8rPY
리니지2m : 42화,조회수 8회,2019. 11. 26.,1,0,BJ화렌세스,구독자 153명,https://www.youtube.com/watch?v=ftDGb-IfBq0
Lineage 2M (19) - Grand Open | Android/IOS MMORPG Gameplay,"조회수 30,459회",2019. 11. 26.,462,39,Gaming Mobile,구독자 18.5만명,https://www.youtube.com/watch?v=nscS1VyJ_3s
Lineage 2M : 19 (18+) Adult Version [60fps] First Impressions and Gameplay,조회수 69회,2019. 11. 26.,1,0,dailyTube,,https://www.youtube.com/watch?v=iBUbMO4uPMk
[제이] 리니지2M 과금 패키지 추천해 드릴께요! 호구되지 마세요!,"조회수 6,009회",2019. 11. 26.,64,21,제이,구독자 2.9만명,https://www.youtube.com/watch?v=vjymB0kE6vk
리니지2m 솔직후기 남기겠습니다. (무과금 랭커찍다),"조회수 20,250회",2019. 11. 26.,93,15,무과금TV,구독자 1.56만명,https://www.youtube.com/watch?v=Bs4YCskD5LI
Lineage 2M Mobile Gameplay,조회수 20회,2019. 11. 26.,2,0,ติดเกม by Vam,구독자 20명,https://www.youtube.com/watch?v=EufYX1ulYow
윗머가리들 때문에 개발자만 죽어나네... [리니지2M],"조회수 510,215회",2019. 11. 26.,8천,422,지존조세,구독자 11.5만명,https://www.youtube.com/watch?v=flDCKfFYwzw
LINEAGE 2M(12) Gameplay Sword Human Lvl 24 - LINEAGE 2M(12) First Look Gameplay,조회수 87회,2019. 11. 26.,1,0,Sabo Mobile,구독자 8명,https://www.youtube.com/watch?v=dY1f8OIByBA
[리니지2M] 정말 몇년간 따라갈수 없겠네...ㅋㅋ,"조회수 230,606회",2019. 11. 26.,2.3천,176,갓존슨,구독자 2.04만명,https://www.youtube.com/watch?v=P1EQ4F_SkhU
리니지 2M(LINEAGE 2M) 지그하르트 01 서버 휴먼 나이트 #4 (대파2939),조회수 60회,2019. 11. 27.,1,0,대파2939,,https://www.youtube.com/watch?v=mD2SLNxGt6A
리니지 2M(LINEAGE 2M) 지그하르트 01 서버 휴먼 나이트 #3 (대파2939),조회수 24회,2019. 11. 27.,1,0,대파2939,,https://www.youtube.com/watch?v=b3Le43NnzUs
리니지2m 12시에 오픈한 진짜이유...,"조회수 12,715회",2019. 11. 27.,34,14,창현리니지M,구독자 3.07만명,https://www.youtube.com/watch?v=EbNURFTwMaI
리니지 2M(LINEAGE 2M) 지그하르트 01 서버 휴먼 나이트 #5 (대파2939),조회수 81회,2019. 11. 27.,1,0,대파2939,,https://www.youtube.com/watch?v=h2zi-BlsVvE
Lineage 2M (12) Android/iOS Gameplay,조회수 156회,2019. 11. 27.,3,0,GameScott,구독자 2.21만명,https://www.youtube.com/watch?v=d0XTmDEExYQ
리니지 2M(LINEAGE 2M) 지그하르트 01 서버 휴먼 나이트 #6 (대파2939),조회수 15회,2019. 11. 27.,1,0,대파2939,,https://www.youtube.com/watch?v=EyswZ7ZVww8
"리니지2M 솔직한 리뷰, 리니지 시대의 종지부를 찍다!! NC MMORPG 모바일 게임 [휘재TV - Lineage2M]","조회수 170,397회",2019. 11. 27.,1.2천,126,휘재TV,구독자 6.22천명,https://www.youtube.com/watch?v=OUaw_sfcO40
리니지 2M(LINEAGE 2M) 지그하르트 01 서버 휴먼 나이트 #2 (대파2939),조회수 48회,2019. 11. 27.,1,0,대파2939,,https://www.youtube.com/watch?v=XN1CYjJLhIA
알면 유용한 36가지 꿀팁 【진만❘리니지2M】,조회수 337회,2019. 11. 28.,좋아요,싫어요,진만,,https://www.youtube.com/watch?v=jkFxKgjtcvo
리니지2M 무과금유즈,조회수 6회,2019. 11. 28.,0,0,이건뭐지TV,구독자 3명,https://www.youtube.com/watch?v=psdqRrpDIhQ
리니지2M 무과금 8가지 나노 팁,"조회수 2,616회",2019. 11. 28.,16,4,쑤쯔 SSOOZZ,구독자 338명,https://www.youtube.com/watch?v=j3MtRTuAi3g
LINEAGE 2M Level33 The Daily Quest #1 리니지2M 레벨33 일일퀘스트,조회수 18회,2019. 11. 29.,1,0,Everything in the Game World,구독자 7명,https://www.youtube.com/watch?v=TynIHXD3xgE
[박카부] 리니지2M 당신이 놓치고 있는 무과금에겐 특별한 꿀팁,조회수 118회,2019. 11. 29.,9,0,박카부,구독자 59명,https://www.youtube.com/watch?v=EqhVfaK1R50
[리니지2m] 글루디오에 오다 (게임플레이 -4),조회수 3회,2019. 11. 29.,0,0,리뷰맨,구독자 445명,https://www.youtube.com/watch?v=ma0EzHHKglc
[제이] 리니지2M 오브 무한 마나 사냥! (인트 위즈)스탯 장비 비교 총정리!,"조회수 8,353회",2019. 11. 29.,65,97,제이,구독자 2.9만명,https://www.youtube.com/watch?v=eL0H6uHkD_Y
[v4] 브이포 방송인 게임사에 팩트날리는 제이(리니지2M),"조회수 5,353회",2019. 11. 7.,128,19,제이,구독자 2.9만명,https://www.youtube.com/watch?v=eJRXAmL8IbY
"리니지2M 사전예약, 사전캐릭터생성에서 혈맹 만들기까지! 혈맹명은 ??? 입니다. (TW SUB)","조회수 1,312회",2019. 11. 9.,39,0,콩만한정은이,구독자 3.4천명,https://www.youtube.com/watch?v=Y5afME10dQU
[렌] [리니지2M] 11월 구독자 이벤트 당첨자 발표 영상 / 12월 한달 간 연락 안주시면 당첨은 자동 취소되오니 꼭 영상 확인하세요! (완전 무편집 영상) Lineage2M,조회수 620회,2019. 12. 1.,18,0,렌 [리니지2M],구독자 734명,https://www.youtube.com/watch?v=XuvH7n1UUgw
12월2일 리니지2M 바츠1 전섭 최초 9다크 러쉬 성공 9크단 동급 데미지 및 이펙트 공개,조회수 40회,2019. 12. 1.,좋아요,싫어요,쏠카tv,,https://www.youtube.com/watch?v=VUtFZ-mZdkE
리니지2M 12월 2주차 업데이트 리뷰!,조회수 8회,2019. 12. 10.,0,0,밤밤,,https://www.youtube.com/watch?v=u0V_TRQl3q4
"[리니지2m] 변하지 않는 회사 ""엔씨소프트""의 리니지m2 - 12월 11일 업데이트 요약","조회수 8,590회",2019. 12. 10.,45,23,쵸튜브[쵸피],,https://www.youtube.com/watch?v=a7Lh__Y_iFc
리니지2m 법사스탯 완벽정리,"조회수 2,529회",2019. 12. 10.,26,2,두리두리밤밤,구독자 1.62천명,https://www.youtube.com/watch?v=IgVAWPinmiU
[리니지2M] 두번째 업데이트 내용(12월11일),"조회수 1,030회",2019. 12. 10.,5,0,공돌이겜TV,구독자 77명,https://www.youtube.com/watch?v=oT975qqu_DM
문화상품권 이벤트 당첨자 분들은 꼭 보세요! l 리니지2m 데나,조회수 270회,2019. 12. 10.,12,0,데나,,https://www.youtube.com/watch?v=_XGivPpezOs
"혈맹전 선전포고! 리니지의 꽃, 혈맹전 맛보기[리니지2M] (TW SUB)",조회수 318회,2019. 12. 10.,21,1,콩만한정은이,구독자 3.4천명,https://www.youtube.com/watch?v=6Fuc_RWQepM
리니지2m 12월 2주차 업데이트 무과금 필수 이벤트,조회수 165회,2019. 12. 10.,2,0,YUNI TUBE 유니튜브,구독자 156명,https://www.youtube.com/watch?v=tT9kR1y61kQ
[리니지2m] 파티사냥을 강조했던 리니지2m 과연 의미가 있을까?,"조회수 5,212회",2019. 12. 11.,29,16,쵸튜브[쵸피],,https://www.youtube.com/watch?v=SmX1ht8zNkQ
리니지2m 무과금아재 12월 11일 업데이트뉴스.,조회수 43회,2019. 12. 11.,1,0,무과금아재TV,구독자 1명,https://www.youtube.com/watch?v=v4RuNN2pyo8
리니지2M 12월 11일 업데이트 4가지로 요약설명,조회수 196회,2019. 12. 11.,3,0,헨리TV,구독자 19명,https://www.youtube.com/watch?v=p74U7pCsC2k
리니지2m 무과금 40랩 빨리 찍어야 하는 이유,조회수 30회,2019. 12. 11.,2,0,쏭방,,https://www.youtube.com/watch?v=GAqnqb3ugrI
[리니지2M]12월18일 이후 유저 반토막 나지않기를...,"조회수 15,863회",2019. 12. 11.,91,13,게소리,구독자 695명,https://www.youtube.com/watch?v=DC2tWTiI0H0
[리니지2M] ⚒12월 2주⚒ 신규제작이⚒ 나왔다구여??? 현금천만원 올영웅 다크셋 제작도전!,"조회수 2,734회",2019. 12. 11.,13,4,BJ지호,구독자 2.3천명,https://www.youtube.com/watch?v=3TeASAwxBhU
[리니지2M] 12만 다이아 전설 아가시온 도전! 설마 설마 하다가 설마가 사람 잡다??,"조회수 19,721회",2019. 12. 11.,134,43,스트리머 사또,구독자 6.39만명,https://www.youtube.com/watch?v=BlQvB96HTBQ
[리니지2m] 게임이지만 참 세상 무섭네요..,"조회수 25,390회",2019. 12. 12.,146,44,쵸튜브[쵸피],,https://www.youtube.com/watch?v=8lhGUjtKrTk
리니지2m 무과금 다이아 아테나 벌수 있는 장소,조회수 61회,2019. 12. 12.,3,0,쏭방,,https://www.youtube.com/watch?v=uV9vfUQPPuw
리니지2M 무과금 다이아모으기 레벨37 LINEAGE 2M Free charge collect Dia,조회수 29회,2019. 12. 12.,2,0,Everything in the Game World,구독자 7명,https://www.youtube.com/watch?v=utsdYf1tPG4
[리니지2M]내가 보스몹으로 보이냐?~30:1 이게 가능한가 #불도그,"조회수 49,514회",2019. 12. 12.,219,33,불도그,구독자 7.69만명,https://www.youtube.com/watch?v=6ednQ2cs90M
[리니지2M]뽑기왕 인정? 영웅무기 뽑기 참 쉽네요 #불도그,"조회수 36,661회",2019. 12. 12.,135,21,불도그,구독자 7.69만명,https://www.youtube.com/watch?v=rickWImubw4
[리니지2M]군주라는게 쟁도 안하고 주둥이만 8시간을 털어~킹아더형님 현질하세요 #불도그,"조회수 36,212회",2019. 12. 12.,176,29,불도그,구독자 7.69만명,https://www.youtube.com/watch?v=9MX7VbDqI6k
[민벤토리] 리니지2M 크루마탑 층별 최고의 사냥터는??,조회수 656회,2019. 12. 12.,7,0,민벤토리,구독자 60명,https://www.youtube.com/watch?v=dOuhpggvrmo
[리니지2M]방어력 202방 완성~장비 대량 업그레이드~전섭1등이 멀지 않았다 #불도그,"조회수 43,555회",2019. 12. 12.,149,22,불도그,구독자 7.69만명,https://www.youtube.com/watch?v=J11NTQLXKb0
리니지2M]마제스틱 2피스보유! 풀 세트 위해 전재산 텁니다. 한피스라도 성공 가즈아!,조회수 119회,2019. 12. 12.,2,0,윤쿵쿵TV,구독자 6.4천명,https://www.youtube.com/watch?v=MJnG1IDAoZY
"리니지2m 영웅 아가시온 성능 체력이랑 마나 회복 대박 - 얼음여왕 프레야, 스칼렛 반 할리샤",조회수 176회,2019. 12. 12.,5,0,[김존슨tv] 리니지 전문가 - 구독해주세요,구독자 1.09천명,https://www.youtube.com/watch?v=8zdr0XSfJqs
"[아덴 뉴스] 리니지2M 12월 2주차, 유저들 사이에서 가장 핫했던 이슈는!?",조회수 159회,2019. 12. 12.,6,0,리니지2M - CH:NPC,구독자 1.37천명,https://www.youtube.com/watch?v=e2qF0FnOkOc
(리니지2M)범쨩:: 12월11일 하이라이트 영상!! 다이아벌기 팁부터 명중올리는 방법! 영웅무기 러쉬와 영웅스킬뽑기까지!!,조회수 94회,2019. 12. 12.,2,1,범쨩TV,구독자 4.66천명,https://www.youtube.com/watch?v=fJSQWvRDixI
요즘 인기쩌는 신작모바일게임 리니지2M 크루마탑 4층 공략간다!!,조회수 18회,2019. 12. 12.,0,0,박한글,구독자 3명,https://www.youtube.com/watch?v=HAvCQkSZsiU
[고씨형제] 리니지2M 12월 1주차 업데이트 내용.(ft.유물) 내용 변동가능성 있음,조회수 740회,2019. 12. 3.,4,1,고씨형제KO bros,구독자 73명,https://www.youtube.com/watch?v=aauhFMn1I8Y
[민벤토리]리니지2m 12월4일 업데이트 내용,조회수 101회,2019. 12. 3.,3,0,민벤토리,구독자 60명,https://www.youtube.com/watch?v=yXAB1MzJZM4
리니지2M 12월 1주차 업데이트소식! 택진이형이 달라졌어요~!! ★ 정가을TV,조회수 55회,2019. 12. 3.,7,0,정가을TV,구독자 830명,https://www.youtube.com/watch?v=VqCkiJn_Qy8
“리니지2M 출시에도 리니지M 사용자 감소 없어”,조회수 4회,2019. 12. 3.,0,0,Gray Woman,구독자 73명,https://www.youtube.com/watch?v=S2_dnxqh8BQ
리니지2M(12)/악신,조회수 1회,2019. 12. 3.,0,0,악신,구독자 249명,https://www.youtube.com/watch?v=5TaUPQBBF8o
리니지2M 12월4일 업데이트 정리,조회수 34회,2019. 12. 3.,2,0,오락실,구독자 10명,https://www.youtube.com/watch?v=dOr2iTfHafA
[리니지2M] 12월4일 업데이트 뉴스 정리,조회수 307회,2019. 12. 3.,2,1,공돌이겜TV,구독자 77명,https://www.youtube.com/watch?v=VSW4i9QcXFs
[리니지2m] 12/4일 업데이트 요약 - 본색을 드러내는 엔ㅆ소프트,"조회수 16,199회",2019. 12. 3.,75,40,쵸튜브[쵸피],,https://www.youtube.com/watch?v=ut9655djMVY
[리니지2m] 여러분 지금이 기회예요. 무과금도 즐길수 있는게임 2019 최고의 그래픽 모바일 게임 (Game),조회수 260회,2019. 12. 4.,0,2,강초록TV,구독자 326명,https://www.youtube.com/watch?v=Z8PQXq6mJEs
리니지2M 엠틱 85 맞추기 무과금도 가능합니다(오브 궁수) Lineage2M,"조회수 8,962회",2019. 12. 4.,67,68,제이,구독자 2.9만명,https://www.youtube.com/watch?v=YiC3SJnlydk
2019년12월06일 : 리니지2M(오필리아7서버)Full ver,조회수 21회,2019. 12. 5.,0,0,윈드로,구독자 3명,https://www.youtube.com/watch?v=i_a9JkoSKUs
[똘끼]리니지2M 2019-12-04 풀영상,"조회수 3,561회",2019. 12. 5.,31,3,똘끼100%,구독자 11.3만명,https://www.youtube.com/watch?v=n399PMhGGMs
"""이 게임, 리니지2M이야? 리니지M2야?""",조회수 3회,2019. 12. 6.,0,0,Sky Korea,구독자 256명,https://www.youtube.com/watch?v=EpuFtk_0iqI
"[아덴 뉴스] 리니지2M 12월 1주차, 런칭 이후 아덴 월드에는 무슨 일이!? 핫한 아이템부터 전서버 최고 레벨까지!","조회수 1,131회",2019. 12. 6.,19,2,리니지2M - CH:NPC,구독자 1.37천명,https://www.youtube.com/watch?v=rxLLzflSFKo
리니지2m 아직도 휴대폰으로 하십니까? #리니지 #리니지2M #리니지무과금 #리니지컴퓨터,조회수 70회,2019. 12. 6.,1,0,어눅,,https://www.youtube.com/watch?v=Z1oIWuabBW0
[똘끼]리니지2M 2019-12-06 풀영상,"조회수 12,153회",2019. 12. 7.,156,10,똘끼100%,구독자 11.3만명,https://www.youtube.com/watch?v=E0Gp6Ks5qbw
[리니지2m] 리니지m2라도 무과금 유저분들 할수있습니다,"조회수 31,512회",2019. 12. 9.,139,76,쵸튜브[쵸피],,https://www.youtube.com/watch?v=eZxvzo_yRBY
"리니지2 카인서버 진검 제조 척살 콜렉션 (혈기병,옹)",조회수 172회,2019. 4. 3.,7,0,쏠카tv,,https://www.youtube.com/watch?v=yvnac_xlNVs
"리니지2 제조집단 척살 콜렉션 (스미스,꼬막,혈기병,이형)",조회수 80회,2019. 4. 6.,7,0,쏠카tv,,https://www.youtube.com/watch?v=g0PKrI08c7U
'리니지2M' 11월 출격 유력...넥슨 'V4'도 출사표 / 머니투데이방송 (뉴스),"조회수 6,062회",2019. 7. 12.,13,2,MTN 머니투데이방송,구독자 18만명,https://www.youtube.com/watch?v=-lVsFkIKEas
"엔씨소프트 주가 전망 '야호~'넥슨, 넷마블 '으악~' 리니지2M티저사이트 오픈 주식투자 주식강의 주식초보 게임주 경기방어주",조회수 397회,2019. 8. 21.,9,0,시그널스탁TV,구독자 8.37천명,https://www.youtube.com/watch?v=H1gaiWcMzi0
리니지2 데스서버 고급마법램프 1등 나오다 경험치 12억 초대박!,"조회수 3,122회",2019. 8. 27.,12,3,데나,,https://www.youtube.com/watch?v=lnh0vHGioEY
"리니지2M 11월말,12월초로 정식오픈 예상하는 이유![리니지M 이벤트비교!]",조회수 742회,2019. 9. 16.,5,1,윤쿵쿵TV,구독자 6.4천명,https://www.youtube.com/watch?v=usq4-vgeZos
김택진 사장이 “다른 회사는 리니지2M 못 따라온다”라고 말한 이유,"조회수 19,253회",2019. 9. 25.,110,49,디스이즈게임,구독자 2.31만명,https://www.youtube.com/watch?v=shsb9QbY1TA
[리니지2M] 12시 캐릭 사전생성 및 닉네임&서버 선점 / [일곱개의대죄] - The Seven Deadly Sins : 七つの大罪,조회수 515회,실시간 스트리밍 시작일: 2019. 10. 14.,7,2,연강,구독자 2.13천명,https://www.youtube.com/watch?v=-w-BzlWTyWA
리니지2m은 에리카04서버로 정했습니다. 사전예약 10월15일 12시,"조회수 1,129회",실시간 스트리밍 시작일: 2019. 10. 14.,11,3,데나,,https://www.youtube.com/watch?v=wlyWgXen0_A
리니지2M 미니게임11월 12일 마지막 모두 지름(라이젠 3700x 원컴 방송),조회수 39회,실시간 스트리밍 시작일: 2019. 11. 12.,0,0,형과같이 극,,https://www.youtube.com/watch?v=qxFVOHvpeRI
리니지M 이실로테 1섭 육성 리니지2M 12시 사전다운로드 설치과정,조회수 49회,실시간 스트리밍 시작일: 2019. 11. 24.,3,0,쏠카tv,,https://www.youtube.com/watch?v=wIN7qGTTorE
[리니지2M] 악마의 게임 리니지2M 오픈! 변신뽑기 500만원 도전하겠습니다.- 11/26~11/27 생방송 풀버전,"조회수 172,356회",실시간 스트리밍 시작일: 2019. 11. 26.,548,191,쵸튜브[쵸피],,https://www.youtube.com/watch?v=MZXCUZcimY8
브금뿜뿜 리니지2m 28사제 무과금으로 키우기 오필리아 09,조회수 4회,실시간 스트리밍 시작일: 2019. 11. 26.,0,0,브금뿜뿜,,https://www.youtube.com/watch?v=on0-_X1nC3I
리니지2M PC 무과금 처음시작,조회수 16회,실시간 스트리밍 시작일: 2019. 11. 26.,0,0,취미로 하는 던전생활,구독자 112명,https://www.youtube.com/watch?v=v-P1OI5TpI8
[리니지2M] 과금유저 아님 12시 찍먹 맛보기,조회수 185회,실시간 스트리밍 시작일: 2019. 11. 26.,1,0,경환몬TV,구독자 463명,https://www.youtube.com/watch?v=228SAYaKYik
Lineage 2 M - 리니지2M(19) - Gameplay,조회수 272회,실시간 스트리밍 시작일: 2019. 11. 26.,15,0,Proloq,구독자 725명,https://www.youtube.com/watch?v=udI86xeGGdU
[비달] 리니지2M,조회수 23회,실시간 스트리밍 시작일: 2019. 11. 26.,4,0,비달,구독자 252명,https://www.youtube.com/watch?v=AkePgZDpQPI
[리니지2M] 12시 오픈! 카인10 엘프 궁수 정보공유해요,조회수 11회,실시간 스트리밍 시작일: 2019. 11. 26.,0,0,해랑*,,https://www.youtube.com/watch?v=J3x7mL_YDuE
[리니지2M] 아이린04서버 스피릿터입니다. 서버점검끝!!,조회수 39회,실시간 스트리밍 시작일: 2019. 11. 28.,1,0,스피릿터,구독자 83명,https://www.youtube.com/watch?v=bBzbv-AOT5o
[윤선배][리니지2M]킹아더혈 보탐해서 강해지는중 바츠8섭 2019-12-01,"조회수 4,180회",실시간 스트리밍 시작일: 2019. 11. 30.,80,9,윤선배,구독자 7.93천명,https://www.youtube.com/watch?v=xiICmCxrE_Q
2019-12-01 리니지2M 바츠1 과금0원(40렙) 희귀득템 무과금랭커 나이트입니다(lineage2m),"조회수 7,040회",실시간 스트리밍 시작일: 2019. 11. 30.,36,12,MBC Tekken,구독자 1.43만명,https://www.youtube.com/watch?v=bkKtKOUOemY
[리니지2M] 여왕개미 레이드에서 영웅템 먹었습니다!! - 12/01 생방송 풀버전,"조회수 29,987회",실시간 스트리밍 시작일: 2019. 12. 1.,123,51,쵸튜브[쵸피],,https://www.youtube.com/watch?v=zvukH3tkU4s
12/1 넷마블 pc방사장님 게스트 바둑이 리니지2m 홀덤 마카오 건달 타짜,"조회수 42,576회",실시간 스트리밍 시작일: 2019. 12. 1.,좋아요,싫어요,이문주,구독자 4.21만명,https://www.youtube.com/watch?v=Oj9voo7plHw
12/1 넷마블 리니지2m 바둑이 바카라 해선 여캠 홀덤 정양 비도오고그래서 김치전 멸치국수!!,"조회수 2,025회",실시간 스트리밍 시작일: 2019. 12. 1.,47,46,정양,구독자 956명,https://www.youtube.com/watch?v=24ZudZYrpeE
2019-12-02(1)리니지2M 바츠1 과금0원(40렙) 희귀득템 무과금랭커 나이트입니다(lineage2m),"조회수 1,230회",실시간 스트리밍 시작일: 2019. 12. 1.,11,1,MBC Tekken,구독자 1.43만명,https://www.youtube.com/watch?v=0bBu8pIGQ8c
[빠빠TV]리니지2m 최초전설변신 궁수/영인 +9활 120방 PK보여드리죠 12/01일 라이브방송,"조회수 1,620회",실시간 스트리밍 시작일: 2019. 12. 1.,10,1,빠빠TV,구독자 192명,https://www.youtube.com/watch?v=_3kNKZhSkxo
리니지m 듀크5 리니지2m 드비안느1 무과금 훈수환영!!,조회수 31회,실시간 스트리밍 시작일: 2019. 12. 1.,0,0,딤플스TV,구독자 110명,https://www.youtube.com/watch?v=RGksbOGyFd0
[윤선배][리니지2M]킹아더혈 휘귀클래스 1등입니다 ㅎㅎ 바츠8섭 2019-12-02,"조회수 4,459회",실시간 스트리밍 시작일: 2019. 12. 1.,71,12,윤선배,구독자 7.93천명,https://www.youtube.com/watch?v=HLDrIttaY7s
12/11 넷마블 바카라 바둑이 실시간 리니지2m 블랙잭 홀덤 한게임 피망 슬롯 마카오 해선 해외선물 (호랑이는 굶더라도 풀은 뜯지 않는다!!),"조회수 10,145회",실시간 스트리밍 시작일: 2019. 12. 10.,44,107,타이거리,구독자 3천명,https://www.youtube.com/watch?v=mDy7Q5AKW54
12/10 넷마블 골드 바둑이 코쟁이족치기 리니지2m lineage2m 홀덤 마카오 건달 타짜,"조회수 31,079회",실시간 스트리밍 시작일: 2019. 12. 10.,126,75,이문주,구독자 4.21만명,https://www.youtube.com/watch?v=SrJdgg-6OTI
[볼빨간레드향] 리니지2m 드비안느1 안녕하세요(_ _)힐쟁이 와씀니다^^ 12월10일방송입니다,조회수 48회,실시간 스트리밍 시작일: 2019. 12. 10.,3,0,볼빨간레드향,구독자 267명,https://www.youtube.com/watch?v=q3uNGi4Y45I
리니지2m 조용히 보탐 닥사,조회수 60회,실시간 스트리밍 시작일: 2019. 12. 10.,1,0,그니그니상그니,구독자 66명,https://www.youtube.com/watch?v=Z1CiRf_EF_Y
12/10 넷마블 골드 바둑이 코쟁이족치기 리니지2m lineage2m 홀덤 마카오 건달 타짜,"조회수 21,742회",실시간 스트리밍 시작일: 2019. 12. 10.,121,57,이문주,구독자 4.21만명,https://www.youtube.com/watch?v=6BHpOYn3SLk
리니지2m 12/9 생성 에르휘나1서버 단검,조회수 40회,실시간 스트리밍 시작일: 2019. 12. 10.,1,0,김강일,,https://www.youtube.com/watch?v=rHEOufZ7UIQ
리니지2M]12/10 100장! 4만다이아 클래스뽑기갑니닷 마지막 보스폭식예정! 대리문의환영 카인10,조회수 947회,실시간 스트리밍 시작일: 2019. 12. 10.,18,6,윤쿵쿵TV,구독자 6.4천명,https://www.youtube.com/watch?v=Oj1RKkmPNxM
★리니지2M☆바츠8 바스크보스 잡기 12월11일방송 (불도그 사또 똘끼 킹아더 만만 용느 기뉴다 킹아더 은호 난닝구 이문주),조회수 9회,실시간 스트리밍 시작일: 2019. 12. 10.,0,0,타미킴,,https://www.youtube.com/watch?v=5U8kkwQAG_E
2019-12-11 (lineage2m)리니지2M 바츠1 과금0원(46렙) 엠아재 4에바4지룡귀 무과금의희망 나이트입니다,조회수 845회,실시간 스트리밍 시작일: 2019. 12. 10.,8,7,MBC Tekken,구독자 1.43만명,https://www.youtube.com/watch?v=cPGsh6E9BW8
[리니지2M] 무과금러의 길 - 초보육성러 #3!! ! 85.8(12월 11일),조회수 44회,실시간 스트리밍 시작일: 2019. 12. 10.,3,0,달달한라디오,구독자 46명,https://www.youtube.com/watch?v=Hl888xKYZtE
[리니지2m] 12월11일 패키지 다크셋 40만다이아 뽑기+컬렉션 ㄱㄱ랭킹1등이 전하는 리니지2m에모든것 [리니지m최초 nc인터뷰 최고레벨 달성 지호아재 랭킹1위 방송],"조회수 9,598회",실시간 스트리밍 시작일: 2019. 12. 10.,48,20,BJ지호,구독자 2.3천명,https://www.youtube.com/watch?v=R-C6exeJpPs
(리니지2m/무과금)두리TV_꽁냥꽁냥!! 노력만이살길이당!!(초보환영),조회수 60회,실시간 스트리밍 시작일: 2019. 12. 10.,7,0,두리TV,구독자 240명,https://www.youtube.com/watch?v=_d5EywFiOc8
★리니지2M☆바츠8 서약퀘진행 12월11일방송 (불도그 사또 똘끼 킹아더 만만 용느 기뉴다 킹아더 은호 난닝구 이문주),조회수 41회,실시간 스트리밍 시작일: 2019. 12. 10.,0,0,타미킴,,https://www.youtube.com/watch?v=rXXtPxa_YP8
12/11 리니지2m 악몽방어구 뽑자 넷마블 lineage2m 홀덤 마카오 건달 타짜,"조회수 51,251회",실시간 스트리밍 시작일: 2019. 12. 10.,398,90,이문주,구독자 4.21만명,https://www.youtube.com/watch?v=Dn834u_5XpU
리니지2M]12/12 카인10서버 크루마6층보스 잡으러 갑니다! 쟁 구도 만들자! 마제스틱 세트 가는 중! 영법!,조회수 351회,실시간 스트리밍 시작일: 2019. 12. 11.,10,2,윤쿵쿵TV,구독자 6.4천명,https://www.youtube.com/watch?v=RA1TuO4ai7g
12/11 넷마블 바카라 바둑이 리니지2m -28700 오늘은 몇개나 이겨볼까,"조회수 10,388회",실시간 스트리밍 시작일: 2019. 12. 11.,좋아요,싫어요,이하연,구독자 5.86천명,https://www.youtube.com/watch?v=tDiQq1LzRsY
리니지2M 사냥터 아덴 작업중,"조회수 5,561회",실시간 스트리밍 시작일: 2019. 12. 11.,22,5,오필리아7 신서버 구독하세요 리니지2M,구독자 1.06천명,https://www.youtube.com/watch?v=uJAsHYAi3Pg
12/12 넷마블 바카라 바둑이 실시간 리니지2m 블랙잭 홀덤 한게임 피망 슬롯 마카오 해선 해외선물 (호랑이는 굶더라도 풀은 뜯지 않는다!!),"조회수 4,574회",실시간 스트리밍 시작일: 2019. 12. 11.,32,63,타이거리,구독자 3천명,https://www.youtube.com/watch?v=wbbu7rVHXhE
리니지2M 격전의섬 으로,조회수 23회,실시간 스트리밍 시작일: 2019. 12. 11.,0,0,그니그니상그니,구독자 66명,https://www.youtube.com/watch?v=ApF3NKNkt_k
12/11 넷마블 블라인드 바둑이 리니지2m lineage2m 홀덤 마카오 건달 타짜,"조회수 45,618회",실시간 스트리밍 시작일: 2019. 12. 11.,213,99,이문주,구독자 4.21만명,https://www.youtube.com/watch?v=v18DUMniHms
2019-12-12 (lineage2m)리니지2M 바츠1 과금0원(47렙) 엠아재 4에바4지룡귀 무과금의희망 나이트입니다,"조회수 1,332회",실시간 스트리밍 시작일: 2019. 12. 11.,15,4,MBC Tekken,구독자 1.43만명,https://www.youtube.com/watch?v=Vr5G7blAup8
★리니지2M☆바츠8 힐러도무한사냥 12월12일방송 (불도그 사또 똘끼 킹아더 만만 용느 기뉴다 킹아더 은호 난닝구 이문주),조회수 24회,실시간 스트리밍 시작일: 2019. 12. 11.,0,0,타미킴,,https://www.youtube.com/watch?v=6y9m5W-EP7w
12/12 리니지2m 넷마블 lineage2m 홀덤 마카오 건달 타짜,"조회수 23,509회",실시간 스트리밍 시작일: 2019. 12. 11.,220,154,이문주,구독자 4.21만명,https://www.youtube.com/watch?v=lWyl2bBkdf0
[리니지2M] 무과금러의 길 파티사냥 #4!! ! 85.8(12월 12일),조회수 30회,실시간 스트리밍 시작일: 2019. 12. 11.,3,0,달달한라디오,구독자 46명,https://www.youtube.com/watch?v=weqEWLGGu74
넷마블 바둑이세븐포커 홀덤 실시간 리니지M 리니지2M,"조회수 3,836회",실시간 스트리밍 시작일: 2019. 12. 12.,32,33,정병천,구독자 4.51천명,https://www.youtube.com/watch?v=rhdBKNeRjR8
12/12 넷마블 블라인드 바둑이 리니지2m lineage2m 홀덤 마카오 건달 타짜,"조회수 63,526회",실시간 스트리밍 시작일: 2019. 12. 12.,323,146,이문주,구독자 4.21만명,https://www.youtube.com/watch?v=l6Ss0CvB9JQ
[리니지2m] 바츠1서버 30만다이아 800만원 전설 변신 도전 - 12/12 생방송 풀버전,"조회수 12,447회",실시간 스트리밍 시작일: 2019. 12. 12.,82,26,쵸튜브[쵸피],,https://www.youtube.com/watch?v=0RofRlWoaQQ
12/12 넷마블 바둑이 실시간 리니지2m 홀덤 한게임 피망,조회수 4회,실시간 스트리밍 시작일: 2019. 12. 12.,0,0,Pease Saleana,,https://www.youtube.com/watch?v=EgbOCmR8iGY
탐나라종합게임]리니지2M 카인02 나는 개똥벌레 친구가 없네..,조회수 없음,실시간 스트리밍 시작일: 2019. 12. 12.,0,0,탐나라의게임나라,구독자 10명,https://www.youtube.com/watch?v=19RKOH6eJ68
12/12 넷마블 리니지2m 바둑이 바카라 해선 홀덤 여캠 오늘은 바카라로 조지자,조회수 660회,실시간 스트리밍 시작일: 2019. 12. 12.,32,17,정양,구독자 956명,https://www.youtube.com/watch?v=DJ19n6RyACE
똘끼 리니지 리니지2M 바츠8 1등뺏겼다.... 찾으러간다 귀걸이없다... 2019.12.12 LIVE,"조회수 126,575회",실시간 스트리밍 시작일: 2019. 12. 12.,1.5천,92,똘끼100%,구독자 11.3만명,https://www.youtube.com/watch?v=vfheJrYf0aU
12/12 넷마블 바카라 바둑이 리니지2m -29500 아ㅏㅏ일해라절해라ㅏ,"조회수 7,978회",실시간 스트리밍 시작일: 2019. 12. 12.,좋아요,싫어요,이하연,구독자 5.86천명,https://www.youtube.com/watch?v=q5I0dahe1HI
탐나라종합게임]리니지2M 카인02 나는 개똥벌레 친구가 없네..,조회수 5회,실시간 스트리밍 시작일: 2019. 12. 12.,0,0,탐나라의게임나라,구독자 10명,https://www.youtube.com/watch?v=CzVKchPMSRw
(리니지2m/무과금/카인5섭)두리tv_꾸꾸까까~~,조회수 45회,실시간 스트리밍 시작일: 2019. 12. 12.,8,0,두리TV,구독자 240명,https://www.youtube.com/watch?v=dLW7YyGHb7o
리니지2M]12/13 슬슬 잡히는 쟁구도? 슬슬 템 맞춰보즈아! 카인10서버 최강혈맹!,조회수 373회,실시간 스트리밍 시작일: 2019. 12. 12.,16,5,윤쿵쿵TV,구독자 6.4천명,https://www.youtube.com/watch?v=4an6du6jcUE
12/2 리니지2m 올7악세부터 시작해본다 lineage2m 넷마블 홀덤 마카오 건달 타짜,"조회수 34,584회",실시간 스트리밍 시작일: 2019. 12. 2.,379,100,이문주,구독자 4.21만명,https://www.youtube.com/watch?v=YwBIDBLIa3w
[리니지2m]12/03 바츠1섭 우주최초캔슬먹음 인형부터뽑을게요 V4 v4 브이포 Nexon 리니지2M,"조회수 2,033회",실시간 스트리밍 시작일: 2019. 12. 2.,18,4,가미가미,,https://www.youtube.com/watch?v=h2T_ckhZRmM
★리니지2M☆바츠8 힐러키우기 12월02일방송 (만만 용느 기뉴다 킹아더 은호 난닝구),조회수 10회,실시간 스트리밍 시작일: 2019. 12. 2.,0,0,타미킴,,https://www.youtube.com/watch?v=G9qPVpjmGks
2019-12-02(2)리니지2M 바츠1 과금0원(40렙) 희귀득템 무과금랭커 나이트입니다(lineage2m),조회수 687회,실시간 스트리밍 시작일: 2019. 12. 2.,6,1,MBC Tekken,구독자 1.43만명,https://www.youtube.com/watch?v=uvlwWDrKksY
"[윤선배][리니지2M]킹아더혈 영웅,영인캐릭터로 새로시작합니다 바츠8섭 2019-12-03","조회수 5,570회",실시간 스트리밍 시작일: 2019. 12. 2.,68,11,윤선배,구독자 7.93천명,https://www.youtube.com/watch?v=TlE2QRoxXmw
2019-12-03(lineage2m)리니지2M 바츠1 과금0원(42렙) 4에바4지룡귀 무과금랭커 나이트입니다,"조회수 1,006회",실시간 스트리밍 시작일: 2019. 12. 2.,14,3,MBC Tekken,구독자 1.43만명,https://www.youtube.com/watch?v=DA1ji3TwGjA
리니지2M 무과금 플레이 Lineage2M,조회수 13회,실시간 스트리밍 시작일: 2019. 12. 2.,0,0,PHILSLOVER,구독자 3.89천명,https://www.youtube.com/watch?v=5wfrR7KgDsI
[빠빠TV]리니지2m 전설변신 궁수/영인 +9활 난닝구/막부 무한필드 하루종일싸운다 12/03일 라이브방송,조회수 194회,실시간 스트리밍 시작일: 2019. 12. 3.,1,0,빠빠TV,구독자 192명,https://www.youtube.com/watch?v=lGiA7gFeRdQ
2019년12월3일 리니지2m 실시간 사냥 한손검으로 재전직함,조회수 530회,실시간 스트리밍 시작일: 2019. 12. 3.,0,0,고비쓰고비쓰,구독자 1.75천명,https://www.youtube.com/watch?v=A77GGIuxvx4
12/3 리니지2m 7팔찌도전 갑니다 8귀걸띄움 lineage2m 넷마블 홀덤 마카오 건달 타짜,"조회수 18,714회",실시간 스트리밍 시작일: 2019. 12. 3.,173,45,이문주,구독자 4.21만명,https://www.youtube.com/watch?v=kLd9DtCqRHw
12/3 넷마블 바카라 바둑이 실시간 리니지2m 블랙잭 홀덤 한게임 피망 슬롯 마카오 해선 해외선물 (호랑이는 굶더라도 풀은 뜯지 않는다!!),"조회수 6,690회",실시간 스트리밍 시작일: 2019. 12. 3.,51,92,타이거리,구독자 3천명,https://www.youtube.com/watch?v=6TTRvXxH8Dk
12/3 넷마블 블라인드 바둑이 리니지2m 저녁12시 전설도전 홀덤 마카오 건달 타짜,"조회수 47,614회",실시간 스트리밍 시작일: 2019. 12. 3.,261,129,이문주,구독자 4.21만명,https://www.youtube.com/watch?v=4yP4tZ8Res0
12/3 넷마블 리니지2m 바둑이 바카라 해선 여캠 홀덤 정양 좀잘해보자ㅠㅠㅠ,"조회수 1,452회",실시간 스트리밍 시작일: 2019. 12. 3.,37,39,정양,구독자 956명,https://www.youtube.com/watch?v=ofzKnfSIVxk
[빠빠TV]리니지2m 전설변신 궁수/영인 +9활 난닝구/막부 무한필드 하루종일싸운다 12/03일 라이브방송,"조회수 1,485회",실시간 스트리밍 시작일: 2019. 12. 3.,6,3,빠빠TV,구독자 192명,https://www.youtube.com/watch?v=aXdCGIQJi0c
12/4 넷마블 바카라 바둑이 실시간 리니지2m 블랙잭 홀덤 한게임 피망 슬롯 마카오 해선 해외선물 (호랑이는 굶더라도 풀은 뜯지 않는다!!),"조회수 4,630회",실시간 스트리밍 시작일: 2019. 12. 3.,28,64,타이거리,구독자 3천명,https://www.youtube.com/watch?v=4SnufTV6OkM
[윤선배][리니지2M] 과금 나왔네요^^ 현명한과금합니다 바츠8섭 2019-12-04,"조회수 2,363회",실시간 스트리밍 시작일: 2019. 12. 3.,48,4,윤선배,구독자 7.93천명,https://www.youtube.com/watch?v=9sdnhY1TIyU
[리니지2m] 랭킹1등 12월4일 생방송중 현금1500만원 악세러쉬의 결과?리니지m최초 nc인터뷰 최고레벨 달성 지호아재 랭킹1위 방송 달빛조각사 로한M 검은사막M 에오스레드 V4,"조회수 14,025회",실시간 스트리밍 시작일: 2019. 12. 3.,56,20,BJ지호,구독자 2.3천명,https://www.youtube.com/watch?v=9W64dSq6M-c
12월5일 [리니지2M] 바츠1섭 무인 자동사냥 실시간 Korea Lineage 2 Mobile Game play Real Time,조회수 139회,실시간 스트리밍 시작일: 2019. 12. 4.,좋아요,싫어요,쏠카tv,,https://www.youtube.com/watch?v=Ak_Hb0tzNTQ
12/4 짜리엄마 한게임 하이로우 넷마블 카지노 피망 슬롯머신 바카라 블랙잭 바둑이 홀덤 여캠 먹방 리니지2M 화이팅!와써잉~~!!,"조회수 3,021회",실시간 스트리밍 시작일: 2019. 12. 4.,좋아요,싫어요,짜리엄마,구독자 3.6천명,https://www.youtube.com/watch?v=DGqXX3tJ1H8
[리니지2M] 빠징코 nc 드디어 시작 - 12/14 생방송 풀버전,"조회수 16,474회",실시간 스트리밍 시작일: 2019. 12. 4.,65,33,쵸튜브[쵸피],,https://www.youtube.com/watch?v=P-Pk0He2sYk
12/4 넷마블 바카라 바둑이 리니지2m -31900 아 게임할맛이가 안난다,"조회수 11,736회",실시간 스트리밍 시작일: 2019. 12. 4.,좋아요,싫어요,이하연,구독자 5.86천명,https://www.youtube.com/watch?v=z0x9vR0YLjU
12/4 넷마블 리니지2m 바둑이 바카라 해선 여캠 홀덤 정양 이제진짜 끝입니다.,조회수 745회,실시간 스트리밍 시작일: 2019. 12. 4.,36,27,정양,구독자 956명,https://www.youtube.com/watch?v=WSlMhUC-qf4
12/4 리니지2m 230만다이아 전설도전 넷마블 lineage2m 홀덤 마카오 건달 타짜,"조회수 98,252회",실시간 스트리밍 시작일: 2019. 12. 4.,2.8천,227,이문주,구독자 4.21만명,https://www.youtube.com/watch?v=Y6SZzlgilQI
[빠빠TV]리니지2m 전설변신 궁수/영인 +9활 난닝구/막부 무한필드 하루종일싸운다 12/03일 라이브방송,"조회수 1,084회",실시간 스트리밍 시작일: 2019. 12. 4.,5,1,빠빠TV,구독자 192명,https://www.youtube.com/watch?v=e6mcYYI0an0
[윤선배][리니지2M]아침부터 대기걸리는.... 바츠8섭 2019-12-05,"조회수 4,631회",실시간 스트리밍 시작일: 2019. 12. 4.,85,8,윤선배,구독자 7.93천명,https://www.youtube.com/watch?v=GQjTI6AhW4Q
리니지2m 12/06 바츠1섭 100만아덴으로 4천다야만들기 쌍영웅무기+원거리스턴 달빛조각사 V4 v4 브이포 Nexon 리니지2M,"조회수 4,730회",실시간 스트리밍 시작일: 2019. 12. 4.,28,9,가미가미,,https://www.youtube.com/watch?v=K6w6V8jXpVc
2019-12-05(lineage2m)리니지2M 바츠1 과금0원(44렙) 4에바4지룡귀 무과금 나이트입니다,"조회수 1,056회",실시간 스트리밍 시작일: 2019. 12. 4.,9,6,MBC Tekken,구독자 1.43만명,https://www.youtube.com/watch?v=3FEIBPj0-Ig
"리니지2m 12/06 바츠1섭 과금대별캐릭,무기추천해드립니다 달빛조각사 V4 v4 브이포 Nexon 리니지2M","조회수 3,787회",실시간 스트리밍 시작일: 2019. 12. 5.,24,6,가미가미,,https://www.youtube.com/watch?v=uRG4rTp0nNU
[윤선배][리니지2M]영웅스킬1개 배웠습니다 바츠8섭 2019-12-06,"조회수 2,578회",실시간 스트리밍 시작일: 2019. 12. 5.,63,4,윤선배,구독자 7.93천명,https://www.youtube.com/watch?v=0N1yQ3CKf70
12/5 리니지2m 120만다이아 전변 전인 도전 넷마블 lineage2m 홀덤 마카오 건달 타짜,"조회수 82,039회",실시간 스트리밍 시작일: 2019. 12. 5.,853,143,이문주,구독자 4.21만명,https://www.youtube.com/watch?v=SQNHyz2quZk
12/5 넷마블 바카라 바둑이 리니지2m -28600 드디어....!!!★☆★,"조회수 7,483회",실시간 스트리밍 시작일: 2019. 12. 5.,좋아요,싫어요,이하연,구독자 5.86천명,https://www.youtube.com/watch?v=R0iByN2tw-w
[리니지2M] 10만다이아 영웅6개 뽑아냈습니다 전설도전갑니다 - 12/05 생방송 풀버전,"조회수 12,416회",실시간 스트리밍 시작일: 2019. 12. 5.,48,37,쵸튜브[쵸피],,https://www.youtube.com/watch?v=tdJUo_E6VBc
[리니지2m] 크루마탑 최종보스를 도전해보기 - 12/6 생방송 풀버전,"조회수 10,945회",실시간 스트리밍 시작일: 2019. 12. 5.,57,25,쵸튜브[쵸피],,https://www.youtube.com/watch?v=N8o0ghhYlGA
[볼빨간레드향] 리니지2m ㅎㅎ 40렙 띡었어요^^ 12월6일방송입니다,조회수 32회,실시간 스트리밍 시작일: 2019. 12. 6.,5,0,볼빨간레드향,구독자 267명,https://www.youtube.com/watch?v=zp2ZnO_M_PA
★리니지2M☆바츠8 힐러키우기 12월07일방송 (불도그 킹아더 만만 용느 기뉴다 킹아더 은호 난닝구),조회수 58회,실시간 스트리밍 시작일: 2019. 12. 6.,0,0,타미킴,,https://www.youtube.com/watch?v=MDn_I3cVWlA
[볼빨간레드향] 리니지2m ㅎㅎ 40렙 띡었어요^^ 12월6일방송입니다,조회수 18회,실시간 스트리밍 시작일: 2019. 12. 6.,2,0,볼빨간레드향,구독자 267명,https://www.youtube.com/watch?v=hlwAuShGGew
12/7 리니지2m 용사 이문주 lineage2m 홀덤 마카오 건달 타짜,"조회수 50,916회",실시간 스트리밍 시작일: 2019. 12. 6.,400,92,이문주,구독자 4.21만명,https://www.youtube.com/watch?v=W4KjCuS_R7k
[생]드비안느1 41렙 무과금 8일차 리니지2M,조회수 11회,실시간 스트리밍 시작일: 2019. 12. 6.,0,0,밤밤,,https://www.youtube.com/watch?v=F-PgqstBtk8
12/5 넷마블 리니지2m 바둑이 바카라 해선 여캠 홀덤 정양 긍정적인 마음으로!!,"조회수 1,052회",실시간 스트리밍 시작일: 2019. 12. 6.,36,21,정양,구독자 956명,https://www.youtube.com/watch?v=IcyTVKkznJ8
12/7 넷마블 바카라 바둑이 실시간 리니지2m 블랙잭 홀덤 한게임 피망 슬롯 마카오 해선 해외선물 (호랑이는 굶더라도 풀은 뜯지 않는다!!),"조회수 6,889회",실시간 스트리밍 시작일: 2019. 12. 6.,37,78,타이거리,구독자 3천명,https://www.youtube.com/watch?v=Yo9XvGK87w0
12/6 넷마블 바카라 바둑이 리니지2m -29250 내가 왜시러?,"조회수 9,337회",실시간 스트리밍 시작일: 2019. 12. 6.,좋아요,싫어요,이하연,구독자 5.86천명,https://www.youtube.com/watch?v=24bhN3jK7wg
12/6 넷마블 바카라 아가시온 인생검 리니지2m lineage2m 홀덤 마카오 건달 타짜,"조회수 37,840회",실시간 스트리밍 시작일: 2019. 12. 6.,286,86,이문주,구독자 4.21만명,https://www.youtube.com/watch?v=1tTetd0W6Jc
★리니지2M☆바츠8 바스크 보스잡기 12월08일방송 (불도그 사또 똘끼 킹아더 만만 용느 기뉴다 킹아더 은호 난닝구),조회수 7회,실시간 스트리밍 시작일: 2019. 12. 7.,0,1,타미킴,,https://www.youtube.com/watch?v=V7-V0rQEim4
12/7 넷마블 리니지2m 바둑이 바카라 해선 여캠 홀덤 정양 졸업은 흐르미야~!,"조회수 1,075회",실시간 스트리밍 시작일: 2019. 12. 7.,31,17,정양,구독자 956명,https://www.youtube.com/watch?v=d8BPvd31Dt8
12/6 넷마블 리니지2m 바둑이 바카라 해선 여캠 홀덤 정양 이제 15연졸?,조회수 791회,실시간 스트리밍 시작일: 2019. 12. 7.,36,11,정양,구독자 956명,https://www.youtube.com/watch?v=SjS5wlaL-5E
[윤선배][리니지2M]소과금 3영웅 이도류캐릭터 바츠8섭 2019-12-08,"조회수 2,728회",실시간 스트리밍 시작일: 2019. 12. 7.,38,3,윤선배,구독자 7.93천명,https://www.youtube.com/watch?v=sbsbMUvNFl8
[리니지2m] 다음주 영웅 방어구 뽑기예정 폭주하는 nc소프트 - 12/7 생방송 풀버전,"조회수 7,676회",실시간 스트리밍 시작일: 2019. 12. 7.,42,17,쵸튜브[쵸피],,https://www.youtube.com/watch?v=9pRC-KvgRFo
12/8 넷마블 바카라 바둑이 실시간 리니지2m 블랙잭 홀덤 한게임 피망 슬롯 마카오 해선 해외선물 (호랑이는 굶더라도 풀은 뜯지 않는다!!),"조회수 8,344회",실시간 스트리밍 시작일: 2019. 12. 7.,52,68,타이거리,구독자 3천명,https://www.youtube.com/watch?v=nCbXSYUEHDs
12/8 리니지2M 아가시온40만 모래시계40만 lineage2m 홀덤 마카오 건달 타짜,"조회수 71,931회",실시간 스트리밍 시작일: 2019. 12. 7.,848,114,이문주,구독자 4.21만명,https://www.youtube.com/watch?v=EHXQp-hvxks
리니지2M]12/07. 이제 블랙릴리차례! 다음은 베히모스. 차례대로 독식! 빨간색대리문의환영 카인10,조회수 497회,실시간 스트리밍 시작일: 2019. 12. 7.,13,0,윤쿵쿵TV,구독자 6.4천명,https://www.youtube.com/watch?v=-cn2cUbr7jc
12/7 넷마블 바카라 만개만 이겨본다 리니지2M lineage2m 홀덤 마카오 건달 타짜,"조회수 25,681회",실시간 스트리밍 시작일: 2019. 12. 7.,199,57,이문주,구독자 4.21만명,https://www.youtube.com/watch?v=8NRPSyRmrUY
에이스경마 고배당 먹는방법 알려드림,조회수 27회,실시간 스트리밍 시작일: 2019. 12. 7.,2,0,에이스경마,구독자 26명,https://www.youtube.com/watch?v=HlLE3h3vJrk
"리니지2M]12/07. 여왕개미,블랙릴리,베히모스. 차례대로 독식하기! 빨간색,보라템 먹자! 대리문의환영 카인10",조회수 249회,실시간 스트리밍 시작일: 2019. 12. 7.,8,0,윤쿵쿵TV,구독자 6.4천명,https://www.youtube.com/watch?v=ShbL-KLNyuA
12/7 넷마블 바카라 바둑이 리니지2m -32050 요즘 행복했는데 진,"조회수 7,983회",실시간 스트리밍 시작일: 2019. 12. 7.,좋아요,싫어요,이하연,구독자 5.86천명,https://www.youtube.com/watch?v=yL_jmUlTxAs
리니지2m 12/9 지그1서버 활~!,조회수 11회,실시간 스트리밍 시작일: 2019. 12. 8.,0,0,김강일,,https://www.youtube.com/watch?v=cXv9DShJ2K4
리니지2m 12/9 생성 단검,조회수 15회,실시간 스트리밍 시작일: 2019. 12. 8.,1,0,김강일,,https://www.youtube.com/watch?v=vg9XVECtZvc
12/9 리니지2m 아침소통방송 바츠8 넷마블 lineage2m 홀덤 마카오 건달 타짜,"조회수 37,806회",실시간 스트리밍 시작일: 2019. 12. 8.,412,75,이문주,구독자 4.21만명,https://www.youtube.com/watch?v=mVk3MAHqwAM
"리니지2M 위브의 소과금 성장기 , Lineage2 天堂2(12월8일)","조회수 4,762회",실시간 스트리밍 시작일: 2019. 12. 8.,85,25,위브,구독자 4.17천명,https://www.youtube.com/watch?v=N7LrGnJn6NM
[볼빨간레드향] 리니지2m 드비안느1 안녕하세요(_ _) 12월8일방송입니다,조회수 33회,실시간 스트리밍 시작일: 2019. 12. 8.,3,0,볼빨간레드향,구독자 267명,https://www.youtube.com/watch?v=-SjvmfWu9xw
12/8 넷마블 바카라 리니지2m lineage2m 홀덤 마카오 건달 타짜,"조회수 50,438회",실시간 스트리밍 시작일: 2019. 12. 8.,271,113,이문주,구독자 4.21만명,https://www.youtube.com/watch?v=A7hSfrx4UEA
12/7 넷마블 바카라 바둑이 리니지2m -30950 오늘덜도말고 제발 +1000,"조회수 12,941회",실시간 스트리밍 시작일: 2019. 12. 8.,좋아요,싫어요,이하연,구독자 5.86천명,https://www.youtube.com/watch?v=N_JFrDry76Y
[윤선배]리니지2M 바츠08섭 소과금 용던까지 사냥가능합니다 2019-12-09,"조회수 4,365회",실시간 스트리밍 시작일: 2019. 12. 8.,43,6,윤선배,구독자 7.93천명,https://www.youtube.com/watch?v=7UNRw6hQck4
12월9일 넷마블 리니지2m빡가리,조회수 7회,실시간 스트리밍 시작일: 2019. 12. 9.,1,0,빡가리큐,구독자 159명,https://www.youtube.com/watch?v=CuLuUOYjVIE
12/10 넷마블 바카라 바둑이 실시간 리니지2m 블랙잭 홀덤 한게임 피망 슬롯 마카오 해선 해외선물 (호랑이는 굶더라도 풀은 뜯지 않는다!!),"조회수 8,184회",실시간 스트리밍 시작일: 2019. 12. 9.,35,65,타이거리,구독자 3천명,https://www.youtube.com/watch?v=L7qIB-Y-utI
2019-12-10 (lineage2m)리니지2M 바츠1 과금0원(45렙) 4에바4지룡귀 무과금의희망 나이트입니다,"조회수 1,087회",실시간 스트리밍 시작일: 2019. 12. 9.,15,4,MBC Tekken,구독자 1.43만명,https://www.youtube.com/watch?v=TXK2op4hQXA
12/9 넷마블 바카라 바둑이 실시간 리니지2m 블랙잭 홀덤 한게임 피망 슬롯 마카오 해선 해외선물 (호랑이는 굶더라도 풀은 뜯지 않는다!!),"조회수 11,399회",실시간 스트리밍 시작일: 2019. 12. 9.,37,81,타이거리,구독자 3천명,https://www.youtube.com/watch?v=ksULFQbBG1I
12/9 리니지2m 아가시온 전설도전 바츠8 넷마블 lineage2m 홀덤 마카오 건달 타짜,"조회수 9,398회",실시간 스트리밍 시작일: 2019. 12. 9.,101,22,이문주,구독자 4.21만명,https://www.youtube.com/watch?v=Aj6yREOQbnQ
리니지2M]12/09해설데뷔기념. 영인뽑기간닷! 상위레이드 독식 중! 대리문의환영 카인10,조회수 733회,실시간 스트리밍 시작일: 2019. 12. 9.,29,1,윤쿵쿵TV,구독자 6.4천명,https://www.youtube.com/watch?v=5Vq35LifyNg
[리니지2M]호크아이Red의 리니지 무과금러의 길 - 데일리로 희귀클래스뽑아 출세~? #2!! ! 85.8(12월 10일),조회수 30회,실시간 스트리밍 시작일: 2019. 12. 9.,3,0,달달한라디오,구독자 46명,https://www.youtube.com/watch?v=iIKRU9BozKE
"[리니지2m] 서버최초 여왕개미망토 득, 크루마탑 최종보스 공략완료 - 12/8 생방송 풀버전","조회수 14,447회",실시간 스트리밍 시작일: 2019. 12. 9.,67,26,쵸튜브[쵸피],,https://www.youtube.com/watch?v=igao9kQlbvM
"리니지2 진검 대각선 제조 (대화내용공개) 실시간 lineage2,เชื้อสาย 2,リネージュ2",조회수 159회,실시간 스트리밍 시작일: 2019. 3. 24.,5,0,쏠카tv,,https://www.youtube.com/watch?v=5entJdPF9gE
"리니지2 카인섭 대각선님 부활후 노매너플레이 속삭임 실시간 lineage2,เชื้อสาย 2,リネージュ2",조회수 186회,실시간 스트리밍 시작일: 2019. 3. 25.,6,0,쏠카tv,,https://www.youtube.com/watch?v=l5Nw6ZOoMVs
"리니지2 진검 카인서버 오렌성 상아탑 분화구 솔로잉 , 리니지2 m ,리니지2 모바일, 비트코인, 한게임, 넷마블 , ASMR",조회수 10회,실시간 스트리밍 시작일: 2019. 3. 4.,0,0,쏠카tv,,https://www.youtube.com/watch?v=yJ8vln9m4HU
"리니지2 진검 카인서버 실시간 3월7일 , 리니지2 m ,리니지2 모바일, 비트코인, 한게임, 넷마블 , ASMR",조회수 2회,실시간 스트리밍 시작일: 2019. 3. 7.,0,0,쏠카tv,,https://www.youtube.com/watch?v=pIQXp1dRw-s
리니지2M 대적할 게임이 없는 이유(2020년 모바일 게임 기대작 라인업 총공개),"조회수 9,571회",최초 공개: 2019. 11. 18.,125,30,제이,구독자 2.9만명,https://www.youtube.com/watch?v=8C7u45r5RvY
[제이] 리니지2M 인게임 플레이 최초공개! 화질이 4K 독보적!!,"조회수 28,085회",최초 공개: 2019. 11. 19.,174,98,제이,구독자 2.9만명,https://www.youtube.com/watch?v=w05oiEzOtgU
"[제이] 리니지2M 직업별 캐릭터 추천(무과금,소과금,핵과금) Lineage2M","조회수 22,385회",최초 공개: 2019. 11. 23.,153,55,제이,구독자 2.9만명,https://www.youtube.com/watch?v=zGJB9voDqZ0
[리니지2M] 필드 드랍템 총정리 70레벨까지! 최초는 제이지! Lineage2M,"조회수 11,268회",최초 공개: 2019. 11. 26.,122,42,제이,구독자 2.9만명,https://www.youtube.com/watch?v=FHuJU9vPiJQ
[제이] 리니지2M 스텟 총정리! 오브 캐릭터는 가산점이 있다! Lineage2M,"조회수 14,547회",최초 공개: 2019. 11. 26.,62,33,제이,구독자 2.9만명,https://www.youtube.com/watch?v=fcsiXo89H1M
[제이] 리니지2M 오브 무한 힐 스텟 찍는방법! 무과금 최강 캐릭터!,"조회수 25,699회",최초 공개: 2019. 11. 26.,156,51,제이,구독자 2.9만명,https://www.youtube.com/watch?v=T7NEoWFO5K8
리니지2M 무과금 육성 다이아 2000개 노가다 실화냐?,"조회수 4,550회",최초 공개: 2019. 11. 29.,14,2,케이TV,구독자 3.28천명,https://www.youtube.com/watch?v=lR2ZgGSqnkM
리니지2M 영웅무기 16만 5천원 쓸래? 레아의 개돼지 패키지! 업데이트 뉴스!,"조회수 4,823회",최초 공개: 2019. 12. 3.,47,69,제이,구독자 2.9만명,https://www.youtube.com/watch?v=TRFQRzWryUk
"리니지2M도, 넥슨도 없다. 그렇다면, 희망은 있나?","조회수 385,846회",최초 공개: 2019. 12. 6.,9.6천,188,김성회의 G식백과,구독자 42.1만명,https://www.youtube.com/watch?v=1xoox9bj6iQ
