﻿title,count,date,good_count,bad_count,youtuber,subscriber,url
Hello Neighbor Shopping Challenge! Hello Neighbor Act 3 is CRAZY HARD! KIDCITY GAMING,"조회수 1,086,964회",2019. 1. 29.,4.9천,380,KidCity Gaming,구독자 33.5만명,https://www.youtube.com/watch?v=8-EastSh6l0
Crazy Shopping vs Drop & Smash Gameplay and Review,"조회수 1,050회",2019. 10. 16.,25,3,Family Review Show,구독자 5.4천명,https://www.youtube.com/watch?v=l8IvMbGVXsA
Crazy Shopping iOS Gameplay Part 2-HD,조회수 502회,2019. 10. 17.,1,2,Taply Gameplay,구독자 96명,https://www.youtube.com/watch?v=qbtssBPfKNc
Crazy Shopping | iOS / Android Mobile Gameplay,"조회수 6,193회",2019. 10. 17.,65,15,Rise of Mobile Games,구독자 6.85천명,https://www.youtube.com/watch?v=JO51EfnMYy4
Crazy Shopping-New Store ios Gameplay Part 6-HD,조회수 644회,2019. 10. 18.,5,1,Taply Gameplay,구독자 96명,https://www.youtube.com/watch?v=vIrUJEoG97U
Crazy Shopping New Store ios Gameplay Part 5-HD,"조회수 21,571회",2019. 10. 18.,231,40,Taply Gameplay,구독자 96명,https://www.youtube.com/watch?v=jtoOpxsUsZY
Crazy Shopping New Store Ios Gameplay Part 4-HD,조회수 395회,2019. 10. 18.,2,3,Taply Gameplay,구독자 96명,https://www.youtube.com/watch?v=hT3HWxkEcco
Crazy Shopping ios Gameplay Part 3-HD,조회수 657회,2019. 10. 18.,12,1,Taply Gameplay,구독자 96명,https://www.youtube.com/watch?v=_LhDgT_UIbI
Crazy Shopping-New Store ios Gameplay Part 7-HD,조회수 220회,2019. 10. 18.,0,0,Taply Gameplay,구독자 96명,https://www.youtube.com/watch?v=hatDsjOjIlg
"Real Racing 3,Drop & Smash,Bike Race,Crazy Shopping",조회수 201회,2019. 10. 19.,1,1,Mister Gameplay,구독자 3.46천명,https://www.youtube.com/watch?v=IUh2be0BtUg
"Draw Race, Crazy Shopping, Icing On The Cake, Sticky Block, Spinner.io, I Peel Good, Golf Battle",조회수 911회,2019. 10. 19.,7,0,Dr.Racing,구독자 7.08천명,https://www.youtube.com/watch?v=Sb-51-NIZb8
Crazy Shopping New Store ios Gameplay Part 8-HD,조회수 222회,2019. 10. 19.,5,0,Taply Gameplay,구독자 96명,https://www.youtube.com/watch?v=LGih1bQzr2g
"Crazy Shopping - Gameplay Trailer (iOS, Android)","조회수 19,184회",2019. 10. 20.,272,34,KuGo,구독자 14.9만명,https://www.youtube.com/watch?v=EarryTf7icI
Crazy Shopping New Store ios Gameplay Part 10-HD,조회수 244회,2019. 10. 20.,2,0,Taply Gameplay,구독자 96명,https://www.youtube.com/watch?v=CJAh1fd2M_c
"PvZ, Run Race 3D, Stickman Hook, Crazy Shopping, Sticky Block, Stickman Epic Archer, Stack Jump",조회수 812회,2019. 10. 20.,31,0,MobAMGames,,https://www.youtube.com/watch?v=gt4iIdgLxog
Crazy Shopping New Store ios Gameplay Part 9-HD,조회수 398회,2019. 10. 20.,3,0,Taply Gameplay,구독자 96명,https://www.youtube.com/watch?v=savYqOnIbgU
Crazy Shopping - Gameplay IOS & Android,조회수 39회,2019. 10. 21.,0,1,MediaTech - Gameplay Channel,,https://www.youtube.com/watch?v=vIg6scPZDnk
Crazy Shopping - Gameplay Walkthrough Part 4 - gameplay HD,조회수 724회,2019. 10. 21.,5,0,Gaming K,구독자 1.2천명,https://www.youtube.com/watch?v=K26Dz35Qovo
"Crazy Shopping - Gameplay Walkthrough Part 3 ( ios, android game )",조회수 581회,2019. 10. 21.,4,0,Gaming K,구독자 1.2천명,https://www.youtube.com/watch?v=697bGhg2Xfs
Crazy Shopping Gameplay || ios/android,조회수 343회,2019. 10. 22.,10,0,Hot Games Unlimited,,https://www.youtube.com/watch?v=NeTs05dhxaY
Crazy Shopping Прохождение Часть 1 Безумные Покупки | Андроид/iOS Геймплей,"조회수 1,873회",2019. 10. 23.,56,2,000ArmGamer000,구독자 53.9만명,https://www.youtube.com/watch?v=yhXfzPxS-JU
Crazy Shopping New Store ios Gameplay Part 12-HD,조회수 102회,2019. 10. 23.,1,0,Taply Gameplay,구독자 96명,https://www.youtube.com/watch?v=FLAEtDmo1bU
Crazy Shopping New Store ios Gameplay Part 13-HD,조회수 368회,2019. 10. 23.,2,0,Taply Gameplay,구독자 96명,https://www.youtube.com/watch?v=9MH9b4elEk4
Crazy Shopping Gameplay,"조회수 3,726회",2019. 10. 24.,72,8,Gamers Unbounded,구독자 443명,https://www.youtube.com/watch?v=Xc7ItYtfx3c
"Crazy Shopping - Gameplay Walkthrough Part 5 ( ios, android game )","조회수 1,636회",2019. 10. 25.,28,0,Gaming K,구독자 1.2천명,https://www.youtube.com/watch?v=GFajd6_nfzU
"Crazy Shopping - Gameplay Part 1 (Android,IOS)","조회수 2,508회",2019. 10. 25.,50,2,Zerw Gameplay,구독자 3.1만명,https://www.youtube.com/watch?v=YxKEHaLDu2E
"Crazy Shopping - Gameplay Part 3 (Android,IOS)","조회수 1,463회",2019. 10. 25.,21,1,Zerw Gameplay,구독자 3.1만명,https://www.youtube.com/watch?v=rkstcFTPXDc
"Crazy Shopping - Gameplay Part 2 (Android,IOS)","조회수 1,470회",2019. 10. 25.,13,5,Zerw Gameplay,구독자 3.1만명,https://www.youtube.com/watch?v=-aRwcTzSN1Y
"Run Race 3D, Drop & Smash, Kick The Buddy, Crazy Shopping, Stickman Epic Archer, The Catapult",조회수 261회,2019. 10. 27.,4,0,Dr.Racing,구독자 7.08천명,https://www.youtube.com/watch?v=tBa5138OJY4
Crazy Shopping New Store ios Gameplay Part 16-HD,조회수 308회,2019. 10. 27.,7,0,Taply Gameplay,구독자 96명,https://www.youtube.com/watch?v=4Gfg-s6h1gc
Crazy Shopping Прохождение Часть 2 Много Бонусов | Андроид/iOS Геймплей,"조회수 1,465회",2019. 10. 28.,59,2,000ArmGamer000,구독자 53.9만명,https://www.youtube.com/watch?v=Z4eCj9dngK4
"Crazy Shopping - Gameplay Walkthrough Part 6 ( ios, android game )",조회수 374회,2019. 10. 29.,6,1,Gaming K,구독자 1.2천명,https://www.youtube.com/watch?v=AUliKE6Kovg
Crazy Shopping v1.1.2 (Mod),조회수 443회,2019. 10. 31.,0,4,amazing android,구독자 162명,https://www.youtube.com/watch?v=2gRnaVUN8Os
"Animal Escape, Zooba, Mario Run, Crazy Shopping, New Red Ball, Sandwich, Bad Piggies, Fit The Fat 3",조회수 587회,2019. 11. 1.,25,1,MobAMGames,,https://www.youtube.com/watch?v=UrnVVe9W76I
Crazy Shopping New store ios Gameplay Part 18-HD,"조회수 7,341회",2019. 11. 1.,63,12,Taply Gameplay,구독자 96명,https://www.youtube.com/watch?v=ngznSzfj81U
Crazy shopping 🛒,조회수 30회,2019. 11. 1.,1,0,I Play,구독자 2명,https://www.youtube.com/watch?v=ABloutBpjFI
Crazy Shopping Прохождение Часть 3 Ювелирный Магазин | Андроид/iOS Геймплей,"조회수 1,370회",2019. 11. 1.,41,1,000ArmGamer000,구독자 53.9만명,https://www.youtube.com/watch?v=6_2PvSoifW4
Crazy Shopping (by Kwalee) - iOS / ANDROID GAMEPLAY,조회수 144회,2019. 11. 1.,3,0,Puzzlegamesolver,구독자 2.03만명,https://www.youtube.com/watch?v=n0P0K2ZVsKM
Crazy Shopping v1.1.2 New Update Mod ||KJ,조회수 355회,2019. 11. 1.,9,2,Sát Thủ Killer J,구독자 10명,https://www.youtube.com/watch?v=wAJW0lMnhOU
Crazy Shopping New Game 2019 Gameplay Part 1,조회수 25회,2019. 11. 1.,1,1,KHELIYO KHELIYO,구독자 21명,https://www.youtube.com/watch?v=pP8xRa_PjjM
crazy robbery I mean shopping,조회수 18회,2019. 11. 1.,5,0,Ali vlogs/gaming,구독자 54명,https://www.youtube.com/watch?v=tI6fWKfEZfE
Lets Play Crazy Shopping,조회수 없음,2019. 11. 10.,0,0,Jeric Ahrqie Prudente,,https://www.youtube.com/watch?v=m64YzUOdsIc
크레이지 쇼핑 강도인가?!쇼핑인가?!,조회수 118회,2019. 11. 10.,11,0,tv윈드준,구독자 56명,https://www.youtube.com/watch?v=xWp2a7N1hFs
Crazy Shopping Spinning Level (Level 5) - GETTING IN THE MIDDLE!!! 🤯,조회수 91회,2019. 11. 10.,1,0,Noob Gamer,구독자 6명,https://www.youtube.com/watch?v=MNiJmeES0wU
Crazy Shopping at Game at Game,조회수 5회,2019. 11. 10.,0,0,Unicorn Puppet the Unicorn Puppet,,https://www.youtube.com/watch?v=ASAUDkXEgxA
ITS TIME TO GO SHOPING!!!(crazy shopping),조회수 4회,2019. 11. 10.,2,0,Thegamingraptorchicken,구독자 6명,https://www.youtube.com/watch?v=M4PvgfgqYRE
Crazy shopping game,조회수 5회,2019. 11. 10.,0,0,Azaan Khan,구독자 2명,https://www.youtube.com/watch?v=LhgYc0YzVfE
Crazy Shopping Прохождение Часть 5 Очень много Людей в Магазине | Андроид/iOS Геймплей,조회수 364회,2019. 11. 10.,26,0,000ArmGamer000,구독자 53.9만명,https://www.youtube.com/watch?v=EKDfxwe5_k4
Crazy shopping,조회수 2회,2019. 11. 11.,0,0,Mealon Hed,구독자 2명,https://www.youtube.com/watch?v=7KcPI_IBkWU
Black Friday♧Crazy shopping,조회수 13회,2019. 11. 11.,3,0,Liviadina12 game,구독자 24명,https://www.youtube.com/watch?v=Rs9ft9DXxfI
Crazy shopping with Taim suliman part1,조회수 5회,2019. 11. 12.,0,0,Taim Suliman,구독자 5명,https://www.youtube.com/watch?v=D3SrKOLopso
【Game】Crazy Shopping,조회수 4회,2019. 11. 12.,0,0,蚊蚊TV,구독자 51명,https://www.youtube.com/watch?v=2G3gxacqKOs
Грабуємо всі магазини міста Crazy Shopping,조회수 18회,2019. 11. 12.,2,0,Пряник Game,구독자 17명,https://www.youtube.com/watch?v=JiJ8pU29peg
Playing crazy shopping,조회수 19회,2019. 11. 12.,2,0,Cool_ Kid,구독자 229명,https://www.youtube.com/watch?v=tButkRDn3QQ
"Crazy Shopping - Gameplay Trailer (iOS, Android)",조회수 77회,2019. 11. 12.,8,0,Daniel Araujo,구독자 426명,https://www.youtube.com/watch?v=0jx2EM7q3ts
Playing Crazy Shopping 🛍🛍🛍,조회수 31회,2019. 11. 13.,1,0,FGTeeV Jacob,구독자 51명,https://www.youtube.com/watch?v=q1EThfOtnus
Crazy Shopping Game Level 6 - GETTING ALL 3 SPECIAL ITEMS 🍣,조회수 12회,2019. 11. 13.,0,0,Noob Gamer,구독자 6명,https://www.youtube.com/watch?v=WQzlCQULkpg
Нас загружують Crazy Shopping,조회수 9회,2019. 11. 13.,1,0,Пряник Game,구독자 17명,https://www.youtube.com/watch?v=N8M0nxIlIjs
Crazy Shopping New store ios Gameplay Part 19-HD,조회수 20회,2019. 11. 13.,0,0,Taply Gameplay,구독자 96명,https://www.youtube.com/watch?v=tuNQCAUJGCI
Crazy Shopping New store ios Gameplay Part 21-HD,조회수 10회,2019. 11. 13.,0,0,Taply Gameplay,구독자 96명,https://www.youtube.com/watch?v=sPZpTntPLP4
Crazy Shopping New store ios Gameplay Part 20-HD,조회수 19회,2019. 11. 13.,0,0,Taply Gameplay,구독자 96명,https://www.youtube.com/watch?v=_XGB3-XAAfM
Crazy Shopping New store ios Gameplay Part 22-HD,조회수 20회,2019. 11. 13.,0,0,Taply Gameplay,구독자 96명,https://www.youtube.com/watch?v=o2ASmJvsGkY
Crazy Shopping New store ios Gameplay Part 23-HD,조회수 18회,2019. 11. 13.,1,0,Taply Gameplay,구독자 96명,https://www.youtube.com/watch?v=00Ift5UA864
جيم بلاي لعبة Crazy Shopping دقيقة لتشتري أي شيء! للاندرويد و الايفون,조회수 95회,2019. 11. 14.,16,0,GAMESTORE جيم بلاي,,https://www.youtube.com/watch?v=vFNHhlndmjk
"My Boo,Sonic Dash,Crazy Shopping,Disney Frozen,Garfield,Tom Jump Up","조회수 2,027회",2019. 11. 15.,좋아요,싫어요,BRUKS HD,,https://www.youtube.com/watch?v=MOjdIjxsmQo
"Crazy Shopping Maxed Out Crowd 50 People Empty Shop (Android, iOS)",조회수 18회,2019. 11. 15.,0,0,Tap Touch,구독자 652명,https://www.youtube.com/watch?v=enmZ20TnS60
[Thịnh Mafia] Trải Nghiệm Game Crazy Shopping Và Cái Kết,조회수 12회,2019. 11. 15.,2,0,Thịnh Mafia,구독자 7명,https://www.youtube.com/watch?v=5_DZXfua5NY
These Shopper Are CRAZY!-Crazy Shopping Ep1,조회수 3회,2019. 11. 15.,0,0,Kinzin Ballou,구독자 6명,https://www.youtube.com/watch?v=lehvnpyf2BY
Crazy shopping part 1: bargain pit market | let make video,조회수 1회,2019. 11. 16.,0,0,Khmer Game and post,구독자 5명,https://www.youtube.com/watch?v=Mv0ZIiyNclU
Crazy shopping gameplay!!!!!,조회수 14회,2019. 11. 17.,3,0,Jo Keenan,구독자 12명,https://www.youtube.com/watch?v=JqZ4yh4hwLQ
Crazy shopping e brawls stars,조회수 20회,2019. 11. 17.,3,0,André gacha brawl,구독자 40명,https://www.youtube.com/watch?v=K_kv70I29ZE
Crazy shopping,조회수 8회,2019. 11. 17.,2,0,Derpo the derp,구독자 16명,https://www.youtube.com/watch?v=qtpJ72Y-ZrA
Play Crazy Shopping,조회수 없음,2019. 11. 17.,0,0,Tiger Girl,구독자 3명,https://www.youtube.com/watch?v=6JTV0jgc0mk
"""!Me playing crazy shopping!"" {part 2}🤭",조회수 3회,2019. 11. 17.,1,0,Layla Baca,구독자 7명,https://www.youtube.com/watch?v=ANYGetfWtno
크레이지 쇼핑! 모바일 (Crazy Shopping) 사람수 늘려가며 마구잡이로 쇼핑하는 게임.,조회수 3회,2019. 11. 18.,0,0,김게남,,https://www.youtube.com/watch?v=ZGnaMD67NO8
New Casual Android / iOS Game 2019 [Crazy Shopping] Gameplay,조회수 80회,2019. 11. 18.,5,0,STAPRIX - Gaming,구독자 31명,https://www.youtube.com/watch?v=PT-GCv0ZRKc
크레이지 쇼핑! 쇼핑몰에 진상 손님들이 쳐들어오는 병맛게임! - 아매킹,조회수 59회,2019. 11. 18.,0,0,아매킹TV,구독자 449명,https://www.youtube.com/watch?v=QNsKHmU6Q7I
Crazy Shopping Gameplay - Part 1 (IOS/Android),조회수 34회,2019. 11. 19.,2,0,Runyo,구독자 3.63천명,https://www.youtube.com/watch?v=u7Mq9J5mAc4
Rich Girl Crazy Shopping games for girls,조회수 6회,2019. 11. 19.,0,0,Top Games Pro Gamer,구독자 4명,https://www.youtube.com/watch?v=gvqyUMecNp4
Crazy Shopping Level 8 - ALL 3 SPECIAL ITEMS 🎧,조회수 12회,2019. 11. 19.,0,0,Noob Gamer,구독자 6명,https://www.youtube.com/watch?v=mRjye5fcIX4
Robbing a Shop 😐😐 (Crazy Shopping),조회수 13회,2019. 11. 19.,1,0,Mr. Labrador,구독자 12명,https://www.youtube.com/watch?v=RsNBufCBgZY
How to Play Crazy Shopping on Pc Keyboard Mapping with Memu Android Emulator,조회수 21회,2019. 11. 2.,0,0,Johan Fayt,구독자 6.84천명,https://www.youtube.com/watch?v=Rf_o4j2isrg
This is how people don't shop (crazy shopping),조회수 7회,2019. 11. 2.,0,0,youssef gamer,구독자 12명,https://www.youtube.com/watch?v=0Fwb31C-PUQ
Crazy Shopping,조회수 2회,2019. 11. 2.,0,0,Willow The Weirdo,구독자 60명,https://www.youtube.com/watch?v=lGQVNY_KMJE
Quick crazy shopping part 2,조회수 3회,2019. 11. 2.,0,0,Deadles Plays,구독자 9명,https://www.youtube.com/watch?v=xS-i8QGb0wY
Я скупил весь магазин 😮😮😮😮😮 в Crazy Shop! Обзор на мобильную игру!,조회수 49회,2019. 11. 2.,4,0,Аластор Channel,구독자 17명,https://www.youtube.com/watch?v=jZc7ibqmFoI
"PvZ, Crazy Shopping, Cowboy, Hill Climb 2, Train Taxi, Minion Rush, Clean Up 3D, Hole.io",조회수 8회,2019. 11. 2.,1,0,BEsS,구독자 249명,https://www.youtube.com/watch?v=1U3wKQEuHO8
Crazy Shopping and Square Bird YouTube Ad,조회수 78회,2019. 11. 2.,1,0,JonathanAlfaroF12,구독자 110명,https://www.youtube.com/watch?v=4WC0fx0VI5w
CRAZY SHOPPING EPISODE 1,조회수 4회,2019. 11. 2.,0,0,Kristi Odister,,https://www.youtube.com/watch?v=iKIEjg7Jo-Y
Crazy Shopping - Map Control [Max Level],"조회수 4,872회",2019. 11. 2.,72,0,Tifo,구독자 13만명,https://www.youtube.com/watch?v=CnNDI1CP3z8
Me playing crazy shopping,조회수 없음,2019. 11. 20.,0,0,Pacifa Adele,구독자 4명,https://www.youtube.com/watch?v=_3OJ-YbnjVU
It's BLACK FRIDAY (crazy shopping),조회수 2회,2019. 11. 20.,0,0,it's the gaming Goat,구독자 2명,https://www.youtube.com/watch?v=WRVSxrqY7mA
"Crazy Shopping , Addictive Gameplay",조회수 3회,2019. 11. 20.,0,0,Manay Studios,구독자 2명,https://www.youtube.com/watch?v=K_yG7TWo8XY
Rich girl Crazy Shopping games,조회수 5회,2019. 11. 21.,0,0,Top Games Pro Gamer,구독자 4명,https://www.youtube.com/watch?v=vhJwBRS-9jc
Crazy Shopping Level 10 - 3 SPECIAL ITEMS + A BOAT! ⛵,조회수 1회,2019. 11. 22.,0,0,Noob Gamer,구독자 6명,https://www.youtube.com/watch?v=LvF24oM7uQQ
크레이지 쇼핑 리뷰,조회수 40회,2019. 11. 22.,0,0,Hu후레기,구독자 34명,https://www.youtube.com/watch?v=HB0QToXEJK0
"Crazy Shopping: Gameplay #1 (Android, iOS) – New Stores and Bonus Levels",조회수 77회,2019. 11. 23.,0,0,Kiza Gameplays,구독자 19명,https://www.youtube.com/watch?v=eijArlTsYec
Crazy shopping game Malaysia sorry sakit tekak,조회수 6회,2019. 11. 23.,1,0,gamingbersama faqihah,구독자 2명,https://www.youtube.com/watch?v=42Zd4RXTK6c
"폰게임리뷰 ""crazy shopping""",조회수 14회,2019. 11. 23.,5,0,G리뷰,구독자 4명,https://www.youtube.com/watch?v=yx2ddXfgJNg
Crazy Shopping Level 11 Gameplay - ALL 3 SPECIAL ITEMS! 🌭,조회수 6회,2019. 11. 23.,0,0,Noob Gamer,구독자 6명,https://www.youtube.com/watch?v=xqWTaaqIaws
Crazy shopping ep:1,조회수 없음,2019. 11. 23.,0,0,Blue Bird,구독자 5명,https://www.youtube.com/watch?v=NiuU7U1dRfQ
Crazy Shopping gameplay,조회수 2회,2019. 11. 25.,0,0,Bonnie bun buns,구독자 3명,https://www.youtube.com/watch?v=rTcO5R0j080
Crazy Shopping Level 12 Gameplay - ALL 3 SPECIAL ITEMS 🚽,조회수 1회,2019. 11. 25.,0,0,Noob Gamer,구독자 6명,https://www.youtube.com/watch?v=-CyzueHPwfs
Crazy 🤡 shopping !,조회수 2회,2019. 11. 26.,0,0,The Blogger,구독자 6명,https://www.youtube.com/watch?v=ZXv-bps_MgQ
#Crazy Shopping #Black_Friday is coming! Were you crazy for shopping?,조회수 5회,2019. 11. 26.,0,0,Mobile Game Fundais -,구독자 11명,https://www.youtube.com/watch?v=q6RfelfXxBA
새로운게임 소개 (크레이지 쇼핑)♥♥[블루샤크],조회수 없음,2019. 11. 26.,0,0,블루샤크,구독자 3명,https://www.youtube.com/watch?v=gDMGzCIo-Rk
Crazy Shopping level 13 Gameplay - All 3 SPECIAL ITEMS! 🔊,조회수 1회,2019. 11. 26.,0,0,Noob Gamer,구독자 6명,https://www.youtube.com/watch?v=j15gxdGdhVE
relaxing game called shopping crazy,조회수 3회,2019. 11. 27.,1,0,The fun of RANDOM,구독자 4명,https://www.youtube.com/watch?v=b3Wb1_c-89A
Crazy Shopping Max Level - FINAL LEVEL!?! 🤯,조회수 3회,2019. 11. 27.,0,0,Noob Gamer,구독자 6명,https://www.youtube.com/watch?v=fMX-hz7Keo4
"Crazy Shopping, The Catapult, Farmers.io, Hole.io, Wrecking Ball, Kick The Buddy Forever, Red Ball 5",조회수 5회,2019. 11. 27.,1,0,BEsS,구독자 249명,https://www.youtube.com/watch?v=Im0Bvq0-vXY
Crazy Shopping (safe for kids),조회수 1회,2019. 11. 28.,0,0,veranitaymiguelito,구독자 32명,https://www.youtube.com/watch?v=oN_NolLyAhQ
Crazy shopping(미친 쇼핑)ㅋㅋㅋㅋㅋ,조회수 7회,2019. 11. 28.,1,0,do geong TV,구독자 23명,https://www.youtube.com/watch?v=Cdd0h4eBGK4
"I play three different games.Idle world,Idle car and Crazy shopping.",조회수 4회,2019. 11. 28.,2,0,Ricardo De La Cruz,구독자 9명,https://www.youtube.com/watch?v=bMgMmceHa8w
Crazy Talking Jason - Thanksgiving Shopping LOL - Friday The 13th : The Game,조회수 220회,2019. 11. 28.,40,2,Mr_T_ RUN,구독자 1.02천명,https://www.youtube.com/watch?v=n5jwz91nldg
Black Friday Shopping Crazy Packed Mall Game Stop and Other Stores,조회수 127회,2019. 11. 29.,12,1,Slushystudent38,구독자 283명,https://www.youtube.com/watch?v=FBt3a0LqNjU
Main game Crazy Shopping,조회수 5회,2019. 11. 29.,2,0,REZERRR,구독자 6명,https://www.youtube.com/watch?v=Df6Sf9hjX0I
Crazy Shopping game android 2019,조회수 18회,2019. 11. 3.,0,0,KHELIYO KHELIYO,구독자 21명,https://www.youtube.com/watch?v=_09446Iv-ao
Shopping for FUN |CRAZY SHOPPING,조회수 5회,2019. 11. 3.,0,0,Foxygacha Vids,구독자 32명,https://www.youtube.com/watch?v=0jCqLu3L6sg
Crazy Shopping Mod Apk Download [All MOD Features Working],조회수 611회,2019. 11. 3.,좋아요,싫어요,Fred Bricks,,https://www.youtube.com/watch?v=WPv2uSIiJFk
Stickman crazy Shopping,조회수 3회,2019. 11. 3.,0,0,KIRILL GAME,구독자 1명,https://www.youtube.com/watch?v=RweyJOzZctM
Crazy Shopping Game New Trending kwalee,조회수 55회,2019. 11. 3.,3,0,Scottish Gaming Duo,구독자 1.25천명,https://www.youtube.com/watch?v=o9eWpgFajUE
Crazy shopping,조회수 15회,2019. 11. 3.,2,0,Chanel Jones,구독자 3명,https://www.youtube.com/watch?v=rU4CVJbE6Jw
Crazy Shopping - 2019-11-30,조회수 1회,2019. 11. 30.,0,0,Perisha Cole,구독자 1명,https://www.youtube.com/watch?v=3Uey2W5y7LM
Funny Crazy Shopping game | Android gameplay,조회수 26회,2019. 11. 4.,7,3,VoiceLess,구독자 22명,https://www.youtube.com/watch?v=81VcACK46dM
"Crazy Shopping MOD APK download (MOD Money, No Ads)","조회수 1,028회",2019. 11. 4.,10,5,MODCosy,,https://www.youtube.com/watch?v=OacCsI3_4wg
Crazy Shopping Level 1 (First Store) Gameplay on Android - It's SO WEIRD!! 🛍️,조회수 26회,2019. 11. 4.,6,0,Noob Gamer,구독자 6명,https://www.youtube.com/watch?v=P1yALkha-2E
Crazy shopping android game - first open store (Part 1) - It's really crazy!,조회수 9회,2019. 11. 4.,0,0,Jenda Gameplay,구독자 1명,https://www.youtube.com/watch?v=E_JJCN6gS7A
Crazy Shopping 201x android phone gameplay day 1 - St. Louis Galleria,조회수 8회,2019. 11. 4.,1,0,Delta Ray Studios 2,구독자 209명,https://www.youtube.com/watch?v=d0Vcw9ynLhQ
"I Stole a Golden Toilet! - Crazy Shopping Gameplay (Android, iOS)",조회수 8회,2019. 11. 4.,1,0,Ravenare Gaming,구독자 122명,https://www.youtube.com/watch?v=nS0LDQcSp_0
Crazy Shopping Mod Hack apk VIP & Money,"조회수 4,454회",2019. 11. 4.,64,15,Mod Mode,구독자 3.34천명,https://www.youtube.com/watch?v=14HGEWoZ0yE
"PLAYING ""CRAZY SHOPPING ""Part ONE😛😛🤗",조회수 6회,2019. 11. 4.,1,0,Layla Baca,구독자 7명,https://www.youtube.com/watch?v=9lpRekdDN2s
Crazy Shopping - Android Gameplay Part 1,조회수 2회,2019. 11. 4.,2,0,Lima Khanom,구독자 124명,https://www.youtube.com/watch?v=N9BfOTzQkFw
Crazy Shopping Level 2 (2nd Store) Gameplay - STEALING A CAR!! 🚗,조회수 23회,2019. 11. 5.,2,0,Noob Gamer,구독자 6명,https://www.youtube.com/watch?v=Zl1eBPaXcwI
Crazy Shopping First Impressions and Walkthrough (part 1) - Android Gameplay HD,조회수 41회,2019. 11. 5.,6,0,GamePlays365,구독자 599명,https://www.youtube.com/watch?v=-ghA44NXdLo
Crazy Shopping Прохождение Часть 4 Чистим Полностью Магазин | Андроид/iOS Геймплей,조회수 458회,2019. 11. 5.,30,1,000ArmGamer000,구독자 53.9만명,https://www.youtube.com/watch?v=e3kj97HAqgU
THE BIGGEST HOUSE IN THE STORE IN THE GAME CRAZY SHOPPING!!!EVOLUTION!!!GAMEPLAY!!!!,조회수 6회,2019. 11. 5.,0,0,Powerglide,구독자 54명,https://www.youtube.com/watch?v=4urd41NZiiA
Crazy Shopping Level 3 (3rd Store) - STEALING the GOLDEN TV!! 📺,조회수 16회,2019. 11. 5.,2,0,Noob Gamer,구독자 6명,https://www.youtube.com/watch?v=qx8gDM4lc8I
Crazy Shopping - iOS/Android Gameplay Video,조회수 269회,2019. 11. 5.,3,1,GAMEPLAYCUBE,구독자 4.09만명,https://www.youtube.com/watch?v=ASOJbDR0l74
Crazy Shopping Mod Apk (Oyun),조회수 614회,2019. 11. 6.,7,5,ModApkOyun,구독자 792명,https://www.youtube.com/watch?v=KAiZtJ-OPzM
Crazy Shopping,조회수 없음,2019. 11. 6.,0,0,Chilled Noob,구독자 14명,https://www.youtube.com/watch?v=HewgC-KL5yQ
Crazy Shopping Level 4 - GETTING ALL SPECIAL ITEMS 🍕,조회수 14회,2019. 11. 6.,2,0,Noob Gamer,구독자 6명,https://www.youtube.com/watch?v=h81tMHjWWI8
Crazy Shopping 마트 다 털어버리는 게임이라구??[껨부자]모바일게임,조회수 70회,2019. 11. 6.,7,0,껨부자GGAM Dad&Son,구독자 832명,https://www.youtube.com/watch?v=gldNxZu1OZo
Crazy shopping game play (really crazy),조회수 91회,2019. 11. 6.,2,1,Play Reels,구독자 11명,https://www.youtube.com/watch?v=NaMhWsjJi9c
Crazy Shopping | Google Play No.1 Trending Game - SO FUN TO PLAY!,조회수 없음,2019. 11. 6.,0,0,X Pro - Clash Royale,구독자 6명,https://www.youtube.com/watch?v=gqHWB4LOMHc
crazy shopping: game funny hahahha🤣🤣🤣,조회수 8회,2019. 11. 6.,1,0,Raymond ison,구독자 8명,https://www.youtube.com/watch?v=xpgADwVFvFU
Crazy shopping🛒,조회수 2회,2019. 11. 6.,1,0,GameBoyeee #1,구독자 31명,https://www.youtube.com/watch?v=X29ZjsebYXQ
"3 GAMEPLAYS 😝🤩 ( aquapark io, party io, crazy shopping)",조회수 5회,2019. 11. 6.,1,0,Candii,구독자 30명,https://www.youtube.com/watch?v=xy6ixb9klwk
"Farmers.io, Crazy Shopping, Drive Ahead, Big Big Baller, Mr Bullet, Snowball.io, New Red Ball",조회수 257회,2019. 11. 7.,4,1,Dr.Racing,구독자 7.08천명,https://www.youtube.com/watch?v=C_EsrscIrrA
Crazy shopping (I had to close my video),조회수 8회,2019. 11. 7.,2,0,Filiper 2601,구독자 15명,https://www.youtube.com/watch?v=wPWHRqrndIk
Crazy shopping játékbemutató - Őrület!,조회수 16회,2019. 11. 7.,3,0,Domi Plays,구독자 153명,https://www.youtube.com/watch?v=wL0ls4cJJdQ
[crazy shopping]!상점을 털어보자! ㅡ시간내에!ㅡ,조회수 20회,2019. 11. 8.,2,0,CROW까마귀,구독자 66명,https://www.youtube.com/watch?v=9oOb8AR_57o
"Crazy Shopping, Big Big Baller, Hill Dash 2, Multi Craft, Rail Rush, Flip Dunk, Road Drow","조회수 4,107회",2019. 11. 8.,64,3,MobAMGames,,https://www.youtube.com/watch?v=7zzhXpbdjDE
Crazy shopping ep.1,조회수 20회,2019. 11. 8.,2,0,Game Master,구독자 21명,https://www.youtube.com/watch?v=94Q4GX4jTO0
Crazy shopping,조회수 5회,2019. 11. 9.,0,0,trilladair 7,구독자 3명,https://www.youtube.com/watch?v=w3H-cHicj18
CRAZY SHOPPING !! ( Mobile game ),조회수 14회,2019. 11. 9.,4,0,Coin Pine,구독자 22명,https://www.youtube.com/watch?v=5woPVdNTR2I
crazy shopping gilerrrrrr gilerrrrrr bro,조회수 7회,2019. 11. 9.,2,0,Aisy Syahmi,구독자 3명,https://www.youtube.com/watch?v=Sy8LiRV5vUE
Playing a game called crazy shopping,조회수 12회,2019. 11. 9.,7,0,Gaming with Pratham Manani,구독자 30명,https://www.youtube.com/watch?v=gKNLGLiXMA0
Crazy shopping ep.2,조회수 17회,2019. 11. 9.,5,2,Game Master,구독자 21명,https://www.youtube.com/watch?v=l-heQb_AmWs
#2 Crazy Shopping (Games),조회수 1회,2019. 12. 10.,0,0,queen tea tv,구독자 19명,https://www.youtube.com/watch?v=9t3gqDU8S40
블랙프라이데이 시뮬레이터 - crazy shopping - MOBILE화면용,조회수 2회,2019. 12. 10.,1,0,객설TV,구독자 16명,https://www.youtube.com/watch?v=PTV3Lkq3fnk
Crazy shopping,조회수 없음,2019. 12. 10.,0,0,Gabriel game de jogos top 10,구독자 4명,https://www.youtube.com/watch?v=Hhgd1I8XE0Y
crazy shopping,조회수 4회,2019. 12. 10.,0,0,GRUPO GAME ORIGEM,구독자 152명,https://www.youtube.com/watch?v=S2pz6I6Fy80
블랙프라이데이 시뮬레이터 - crazy shopping - PC화면용,조회수 없음,2019. 12. 10.,0,0,객설TV,구독자 16명,https://www.youtube.com/watch?v=74zHtSEx2YI
Rich Girl Crazy Shopping-Fashion Game.,조회수 5회,2019. 12. 11.,3,0,Fatimə Qafarova,구독자 27명,https://www.youtube.com/watch?v=0YRh3NeH_OM
CRAZY SHOPPING IOS GAMEPLAY FIRST #1,조회수 1회,2019. 12. 11.,0,0,iSnapiyy,구독자 2명,https://www.youtube.com/watch?v=zdMLjyEd5uc
"Fun Race 3D, Farmers.io, PvZ, Splash Park, Line Color, Crazy Shopping, Hole.io, Hill Climb","조회수 2,380회",2019. 12. 11.,28,0,MobAMGames,,https://www.youtube.com/watch?v=DUuEqKnV6H8
Review Game Crazy Shopping,조회수 4회,2019. 12. 2.,1,0,Little Rabbit Channel,구독자 11명,https://www.youtube.com/watch?v=L9HJlAgX6UA
Crazy shopping,조회수 없음,2019. 12. 2.,0,0,Ninjafoxko_ blue the adventuring Fox,구독자 12명,https://www.youtube.com/watch?v=VDVEG66fTQM
Playing crazy shopping,조회수 1회,2019. 12. 4.,1,0,King Ali official channel,구독자 3명,https://www.youtube.com/watch?v=pf1cWskzCq4
Episode 2 Crazy Shopping #SO MUCH GOLD!!!!!!!!!!,조회수 1회,2019. 12. 4.,0,0,Lance Tabor,구독자 5명,https://www.youtube.com/watch?v=805UoF3N8hc
Jetpack Jump - Crazy Shopping - Rocket Sky - Clean Up 3D - State of Survival - GAMES,조회수 51회,2019. 12. 4.,0,0,MASA NASA,구독자 3명,https://www.youtube.com/watch?v=sOvBzLLQuzA
Episode 1 Crazy Shopping!!!!!!!!!!,조회수 3회,2019. 12. 4.,1,0,Lance Tabor,구독자 5명,https://www.youtube.com/watch?v=FhVFuut8WGE
"Crazy Shopping, Tom Jetski, Cut the Loveballs, CandyCrushSaga, Loser Runaway - iPad Gameplay",조회수 243회,2019. 12. 5.,34,1,HappyFunnyGames,구독자 182명,https://www.youtube.com/watch?v=qgVnRpv0YRg
Episode 3 Crazy Shopping,조회수 1회,2019. 12. 5.,0,0,Lance Tabor,구독자 5명,https://www.youtube.com/watch?v=Hv0g1TOTV70
"Cut the Loveballs, Loser Runaway, Crazy Shopping, Tom Jetski, CandyCrushSaga - iPad Gameplay",조회수 2회,2019. 12. 5.,0,0,MobiFight,구독자 115명,https://www.youtube.com/watch?v=FuMa33LGaaY
"CandyCrushSaga, Tom Jetski, Cut the Loveballs, Loser Runaway, Crazy Shopping - iPad Gameplay",조회수 3회,2019. 12. 5.,0,0,Blower,구독자 144명,https://www.youtube.com/watch?v=2bh5G1Wavlw
Army clash and crazy shopping gameplay,조회수 1회,2019. 12. 6.,0,0,dead soldier,구독자 9명,https://www.youtube.com/watch?v=27vfX0OJLuk
THE CRAZY PEOPLE IN CRAZY shopping. In hindi by SQUIR MINE,조회수 9회,2019. 12. 8.,2,0,Squir Mine,구독자 11명,https://www.youtube.com/watch?v=dgyDLUdPlWk
Crazy Shopping Gameplay + Review|Latest Games|,조회수 8회,2019. 12. 8.,3,0,Mr.Cookie Gaming Paradise,구독자 231명,https://www.youtube.com/watch?v=OoN8BNyA6Rg
Mr. chicken plays crazy shopping,조회수 10회,2019. 12. 8.,0,0,Mr. Chicken productions,구독자 11명,https://www.youtube.com/watch?v=dsgkfnLM07Q
"Crazy Shopping, Aquapark.io, Pimp My Car, Hit Master, Hole.io, Sausage Wars, Ink Inc, Rolly Vortex","조회수 1,011회",2019. 12. 8.,5,0,Dr.Racing,구독자 7.08천명,https://www.youtube.com/watch?v=PyC7XO4InBY
Crazy Shopping Gameplay,조회수 1회,2019. 12. 9.,0,0,Maha Khader,구독자 165명,https://www.youtube.com/watch?v=vZtU9zKJVJU
PLAYING CRAZY SHOPPING!,조회수 5회,2019. 12. 9.,2,0,From Roblox To Adventures,구독자 8명,https://www.youtube.com/watch?v=q7tfxk4ONmo
Crazy Shopping Cart Simulator,조회수 53회,2019. 2. 18.,0,1,Harrobia,구독자 45명,https://www.youtube.com/watch?v=lpblptKtHWA
Rich girl crazy shopping,조회수 351회,2019. 2. 18.,96,2,Android miscellaneous channel,,https://www.youtube.com/watch?v=1nXPqtlDFAA
Crazy hill climb racing hack free shopping,조회수 47회,2019. 3. 13.,0,1,Mohamadtheboss 302,구독자 19명,https://www.youtube.com/watch?v=iDqhZvy44nI
MY FIRST GAME WITH THE LAKERS + GOING CAR SHOPPING! LEBRON CRAZY OOP! NBA 2K19 MY CAREER,조회수 81회,2019. 3. 13.,7,0,RuthlessDK,구독자 1.67천명,https://www.youtube.com/watch?v=ZZhk3wJdAR8
Crazy Thumbs Retro Game Shop in Tooting England 2019,조회수 197회,2019. 5. 18.,3,1,Had0ken86,구독자 2.2천명,https://www.youtube.com/watch?v=AwYo5U5Zn7Q
CRAZY SHOPPING SPREE EARLY IN THE GAME!!(Madden Mobile 20),조회수 257회,2019. 8. 1.,6,1,Wazvs,구독자 152명,https://www.youtube.com/watch?v=rHRGH0hn3b0
Baby Granny's CRAZY SECRET GAME!!! | Granny The Mobile Horror Game (Mods),"조회수 267,265회",2019. 8. 13.,1.7천,306,dakblake,구독자 59.7만명,https://www.youtube.com/watch?v=8Ame913mruo
Borderlands 3 - Chapter 7 Sanctuary: Window Shopping at Crazy Earl's: Vending Machine (2019),조회수 73회,2019. 9. 17.,0,0,Video Games Source,구독자 6.7만명,https://www.youtube.com/watch?v=8YSBhpWEFJI
Crazy Shopping IOS Gameplay,"조회수 4,111회",2019. 9. 27.,36,6,Usman's Gaming,구독자 4.61천명,https://www.youtube.com/watch?v=-J1_2fHjNOQ
Crazy Shopping IOS Gameplay,"조회수 1,416회",2019. 9. 28.,41,1,F2PlayGames,구독자 1.31천명,https://www.youtube.com/watch?v=uEcCQe6FBHQ
Crazy Shopping IOS Gameplay - HD,조회수 966회,2019. 9. 30.,8,1,Taply Gameplay,구독자 96명,https://www.youtube.com/watch?v=8EvFXZ-o-8g
Crazy Shopping Gameplay | Ios Android Game Walkthrough,"조회수 1,225회",실시간 스트리밍 시작일: 2019. 10. 24.,6,2,Wendy,구독자 1.02천명,https://www.youtube.com/watch?v=9kVSnqyQGaM
Crazy Shopping full - Gameplay walkthrough part 1,조회수 520회,실시간 스트리밍 시작일: 2019. 10. 31.,18,1,Gaming K,구독자 1.2천명,https://www.youtube.com/watch?v=c8gxqnoYy-M
Crazy Shopping full - Gameplay walkthrough part 2,조회수 160회,실시간 스트리밍 시작일: 2019. 10. 31.,2,0,Gaming K,구독자 1.2천명,https://www.youtube.com/watch?v=-YBPINrFbm8
kenneth playz crazy shopping,조회수 7회,실시간 스트리밍 시작일: 2019. 11. 7.,1,0,Great Kenneth dude,구독자 12명,https://www.youtube.com/watch?v=B91o_hG3l0k
Crazy Shopping - Gameplay Walkthrough Part 1 - trailer gameplay,"조회수 6,027회",최초 공개: 2019. 10. 19.,65,13,Gaming K,구독자 1.2천명,https://www.youtube.com/watch?v=6UZaPQXAGb0
"Crazy Shopping - Gameplay Walkthrough Part 2 ( ios, android game )","조회수 1,728회",최초 공개: 2019. 10. 20.,11,2,Gaming K,구독자 1.2천명,https://www.youtube.com/watch?v=QTSARH__iPw
Open That Box! Brawl Stars Box Simulator and Crazy Shopping,조회수 834회,최초 공개: 2019. 10. 22.,18,3,just gameplay,구독자 5.75만명,https://www.youtube.com/watch?v=ys11LC3_NQI
Crazy Shopping - Kwalee - Walkthrough Super Bloody Recommend index three stars,조회수 193회,최초 공개: 2019. 11. 11.,1,0,2pFreeGames,구독자 21.2만명,https://www.youtube.com/watch?v=fmfjERY3mzE
"TotM：color,Birds Galss,RunRace 3D,Mr Bullet,Stupid Bird,Crazy Shopping,Roller Smash,Archery Go",조회수 3회,최초 공개: 2019. 11. 7.,1,0,Magic baby games,,https://www.youtube.com/watch?v=s7F8WO2NNxI
