﻿title,count,date,good_count,bad_count,youtuber,subscriber,url
[스트라이커즈 1945-3] 1주차,조회수 64회,2018. 12. 25.,3,0,Han Hee Lee,구독자 1.68천명,https://www.youtube.com/watch?v=EDi4aCmG9cM
1945k III 원코인,"조회수 1,267회",2019. 1. 10.,7,2,DOMAWE,구독자 8.28천명,https://www.youtube.com/watch?v=V7qz6T_pzOY
[Strikers 1945 PLUS]오락실1999 고전 레트로게임 켠왕 공략,"조회수 1,249회",2019. 1. 11.,41,2,이빨맨 TV,구독자 1.16천명,https://www.youtube.com/watch?v=YNIhoc06HNw
타도의고전게임 744.1945k III 1945k III 무한코인 Infinite coin 난이도:4,조회수 133회,2019. 1. 21.,0,0,타도의고전게임,,https://www.youtube.com/watch?v=BhoBE85mhjo
자낙 (1986): 추억의게임_MSX 재믹스V,조회수 169회,2019. 1. 23.,2,1,Funny Play,구독자 795명,https://www.youtube.com/watch?v=pQpgXRNnb9g
[고전게임] 1945보다 재밌는 비행슈팅게임 텐가이 - 범자의 텐가이 (TENGAI),조회수 211회,2019. 1. 5.,1,0,범자ᄏ,구독자 25명,https://www.youtube.com/watch?v=v8Lt37iBd2Y
우리의 추억이랑 뭔가 다른 슈팅 모바일 게임 - 1945 Air Force - MOBILE화면용,조회수 12회,2019. 10. 18.,0,0,객설TV,구독자 17명,https://www.youtube.com/watch?v=ubkoTznFLkQ
"[워 썬더] 이것은 워썬더인가 스트라이커즈 1945인가, 독일제 플라잉 순양함 BV238","조회수 7,128회",2019. 10. 22.,112,4,제디,구독자 4.2천명,https://www.youtube.com/watch?v=BdG06JAIu5g
고전게임 원코인)1945K 슈팅게임 시리즈(ORIENTAL 2000)원코인 한판하기,조회수 22회,2019. 10. 28.,0,0,후니훈TV,구독자 1.44천명,https://www.youtube.com/watch?v=Q9Dw2Br9zdE
고전게임 원코인)스트라이커즈 1945 Psikyo(Strikers 1945 1995)원코인 한판하기,조회수 19회,2019. 10. 29.,0,0,후니훈TV,구독자 1.44천명,https://www.youtube.com/watch?v=vb2osGM32zw
1945 - 모바일 게임 (초반 플레이),조회수 59회,2019. 10. 3.,좋아요,싫어요,무풍,구독자 103명,https://www.youtube.com/watch?v=iDLG5v7rdMU
오락실 그대로 돌아온 슈팅 모바일 게임 - 스트라이커즈1945 2 - MOBILE화면용,조회수 7회,2019. 10. 30.,0,0,객설TV,구독자 17명,https://www.youtube.com/watch?v=GsY27CX0t4c
오락실 그대로 돌아온 슈팅 모바일 게임 - 스트라이커즈1945 2 - PC화면용,조회수 2회,2019. 10. 30.,0,0,객설TV,구독자 17명,https://www.youtube.com/watch?v=zDqr7gMW6Ug
[한국팀 스트라이커즈 1945 / Strikers 1945 ] 고전 비행기 슈팅게임 스트라이커즈 1945 끝판깨기 191002,조회수 57회,2019. 10. 5.,2,0,한국팀TV,구독자 88명,https://www.youtube.com/watch?v=vf0URCZV-10
1945비행기게임--15스테이지중간보스!,조회수 12회,2019. 10. 8.,1,0,TV레드무트,구독자 6명,https://www.youtube.com/watch?v=6uUM86kzY9c
벽돌깨기 1945_1945스트라이커즈가 벽돌깨기로 돌아왔다,조회수 14회,2019. 10. 9.,2,0,Game촌,구독자 28명,https://www.youtube.com/watch?v=W13klxUk6D4
[스트라이커즈 1945 모작]쥬신게임아카데미 게임학원 게임프로그래밍 3개월차 API 개인 작품 시연회_101기 엄희범_클라이언트,조회수 16회,2019. 11. 14.,1,0,쥬신게임아카데미,구독자 233명,https://www.youtube.com/watch?v=sKpnGW4IMoM
1945 Air Force 한글버전 게임,조회수 없음,2019. 11. 17.,0,0,m star,,https://www.youtube.com/watch?v=xZpRY1mQNMU
스트라이커즈 1945를 손안에서 즐겨보자(이거 100원으로 왕까지 간 사람 있냐뀨?),조회수 29회,2019. 11. 18.,2,0,김택견,구독자 168명,https://www.youtube.com/watch?v=He4jndSBxyc
고전게임 원코인)스트라이커즈 1945 Plus Psikyo(Strikers 1945 Plus 1999)원코인 한판하기,조회수 17회,2019. 11. 18.,1,0,후니훈TV,구독자 1.44천명,https://www.youtube.com/watch?v=dupuqvyfANU
고전게임 원코인)스트라이커즈 1945 III Psikyo(Strikers 1945 III 1999)원코인 한판하기,조회수 30회,2019. 11. 18.,1,0,후니훈TV,구독자 1.44천명,https://www.youtube.com/watch?v=gwEfgfcv7_U
고전게임 원코인)스트라이커즈 1945 II Psikyo(Strikers 1945 II 1997)원코인 한판하기,조회수 11회,2019. 11. 19.,0,0,후니훈TV,구독자 1.44천명,https://www.youtube.com/watch?v=osIyuEzXJZU
제5인격 Ai VS albatros1945 Ai농락하기 ㅋㅋㅋ,조회수 9회,2019. 11. 2.,1,0,albatros 1945,구독자 12명,https://www.youtube.com/watch?v=-eQz1JH7v0s
GAME 스트라이커즈 1945 II 2019 11 25,조회수 3회,2019. 11. 24.,0,0,효지,,https://www.youtube.com/watch?v=PfXyUVgutrs
고전게임 스트라이크1945 Classical game,조회수 48회,2019. 11. 26.,1,0,주부아빠TV,구독자 151명,https://www.youtube.com/watch?v=kvH1hx4cI4Y
1945게임을 해보았습니다 (실력),조회수 6회,2019. 11. 28.,0,0,정이현,구독자 2명,https://www.youtube.com/watch?v=AhmajgzPT7I
스트라이커 1945 비행기 게임,조회수 32회,2019. 11. 3.,0,0,고나짱,구독자 130명,https://www.youtube.com/watch?v=CwL1Lftfusk
[아무나고전게임]Strikers 1945 Plus P-38 Lightning (스트라이커 1945 Plus P-38 라이트닝),조회수 16회,2019. 11. 3.,1,0,아무나당구,구독자 42명,https://www.youtube.com/watch?v=qJO03Hn67JY
우리의 추억이랑 뭔가 다른 슈팅 모바일 게임 - 1945 Air Force - PC화면용,조회수 22회,2019. 11. 3.,0,0,객설TV,구독자 17명,https://www.youtube.com/watch?v=cVO9uZnZRmA
오락실에서 한번은 해봤잖아요? 내가 오락실 동네 대장! 1945 슈팅게임 (Arcade Game 1945),조회수 128회,2019. 11. 4.,3,0,녹차바나나,구독자 1.25천명,https://www.youtube.com/watch?v=w_MsaUSPZQ4
스트라이커즈1945 3 x36 원코인 / Strikers 1945 III 1cc,조회수 52회,2019. 11. 7.,1,0,비취빛,구독자 193명,https://www.youtube.com/watch?v=QdccbcKjETQ
"아이들놀아줘!!대처법!![아케이드게임]Sky Roller,무한의계단,1945,피아노타일",조회수 202회,2019. 12. 1.,1,0,[꼬꼬TV]께임꼬꼬,구독자 2명,https://www.youtube.com/watch?v=l69wTAWSis8
추억의 오락실 비행기 게임 1945 (채널활성화용 내용없음),조회수 25회,2019. 12. 10.,2,0,독거총각K,구독자 84명,https://www.youtube.com/watch?v=pkhRVrDyARY
추억의 오락실 고전게임 스트라이커즈1945(보스전만),조회수 115회,2019. 12. 3.,27,0,택형,구독자 269명,https://www.youtube.com/watch?v=N1fK5-dVe7k
고전 오락실 게임(모바일) 1945 Air Force Gamplay 1-1,조회수 14회,2019. 12. 4.,1,0,프럼조이 fromjoy,구독자 133명,https://www.youtube.com/watch?v=ipEfUVorHd0
[게임빈] 고전 슈팅게임 1945 II 스트라이커즈 원코인 노다이 공략을 해보았습니다,조회수 204회,2019. 2. 1.,1,0,게임빈,,https://www.youtube.com/watch?v=YuL_WA46rsw
[스트라이커즈 1945-3] 2주차 바다,조회수 49회,2019. 2. 20.,1,1,Han Hee Lee,구독자 1.68천명,https://www.youtube.com/watch?v=RhewcQ5AIXc
[스트라이커즈 1945 3] 마지막 보스 폭탄 안쓰고 깨는 공략,조회수 93회,2019. 2. 5.,3,0,Han Hee Lee,구독자 1.68천명,https://www.youtube.com/watch?v=o6o_46F2hYI
"닌텐도 스위치 플립 그립 스트라이커 1945 플레이(Flip Grip, Strikers 1945)",조회수 283회,2019. 3. 10.,1,1,가태한,구독자 5명,https://www.youtube.com/watch?v=r6FEEOzCl98
스트라이커즈 1945-1 모바일판 라이트닝 1주차 노미스,조회수 64회,2019. 3. 16.,0,0,용가리,구독자 478명,https://www.youtube.com/watch?v=sW8AfgYPC3g
Fgo 페그오 구다구다제도성배기담1945 제육천마왕 오키타 얼터 솔플,조회수 466회,2019. 4. 21.,7,0,Etro,구독자 633명,https://www.youtube.com/watch?v=fDNeSapCnhQ
사기캐릭터[1945 III]히든 X-36 1999오락실 고전 레트로게임 켠왕 공략 원코인,조회수 931회,2019. 4. 23.,36,1,이빨맨 TV,구독자 1.16천명,https://www.youtube.com/watch?v=ZkDOyYb7yGk
스트라이커즈1945 2 M(Strikers 1945 2 M) 플레이 영상,조회수 55회,2019. 4. 7.,1,0,겜조TV,구독자 3.9천명,https://www.youtube.com/watch?v=jDGTK0JiwGQ
고전게임 스트라이커즈 1945 III,조회수 41회,2019. 4. 7.,3,0,롤엘,구독자 1.69천명,https://www.youtube.com/watch?v=idfECBmC4K4
"고전게임 [SS] Strikers 1945 / 스트라이커즈 1945 (Atlus, 1996) ~Novice Play, 허접플레이",조회수 29회,2019. 5. 22.,0,0,레트로맨,구독자 28명,https://www.youtube.com/watch?v=UTHSA4F7lMA
"고전게임 [Arcade] 1945k III (Oriental Soft, 2000) ~Novice Play, 허접플레이",조회수 5회,2019. 6. 16.,0,0,레트로맨,구독자 28명,https://www.youtube.com/watch?v=cIadSi8pU54
고전게임 오락실 스트라이커1945 2 2인용,조회수 42회,2019. 6. 18.,1,0,롤엘,구독자 1.69천명,https://www.youtube.com/watch?v=ZngXe9uBp94
프론트라인 1945 모바일 게임 소개 영상,조회수 557회,2019. 6. 18.,7,0,게임셋 Gameset,,https://www.youtube.com/watch?v=r8cZyD5uBb8
[프론트라인1945] 영상,조회수 3회,2019. 6. 19.,0,0,게임추천,구독자 2명,https://www.youtube.com/watch?v=3Sbo9Eu3TQ8
프론트라인1945 모바일게임,조회수 24회,2019. 6. 19.,0,0,정보공유,구독자 880명,https://www.youtube.com/watch?v=qoMTR9oqaCo
[고전게임] 1945 STRIKERS 스트라이커즈1945 켠왕 앤딩 오락실 레트로 Retro game,조회수 90회,2019. 6. 2.,6,0,성치아재SeongChi,구독자 1.43천명,https://www.youtube.com/watch?v=D_E7ijFCOSg
[프론트라인:1945]세계의 전장을 지배하라,"조회수 9,201회",2019. 6. 20.,3,1,GamamobiKR,구독자 8명,https://www.youtube.com/watch?v=_3qAgFPvT2Y
[사전예약 ]실시간 세계대전 SLG 프론트라인:1945 사전예약하고 지금 보상받으세요!,조회수 4회,2019. 6. 21.,0,0,Channel JINY's,구독자 1명,https://www.youtube.com/watch?v=BBvo787_uRQ
[프론트라인:1945]동남전선,"조회수 22,766회",2019. 6. 7.,1,0,GamamobiKR,구독자 8명,https://www.youtube.com/watch?v=5lkejG3qGLc
[프론트라인:1945]서남전선,"조회수 8,426회",2019. 6. 7.,0,0,GamamobiKR,구독자 8명,https://www.youtube.com/watch?v=cs6-92mATsQ
[프론트라인:1945]세계의 전장을 지배하라!,"조회수 3,442회",2019. 6. 7.,1,0,GamamobiKR,구독자 8명,https://www.youtube.com/watch?v=JiBPTsbHSSk
[프론트라인:1945]동북전선,"조회수 5,171회",2019. 6. 7.,0,0,GamamobiKR,구독자 8명,https://www.youtube.com/watch?v=cVg7NDaPdR0
고전게임] 1945 STRIKERS 2 1945스트라이커즈2 어딜가도 이게임은 있었다. 오락실 레트로 Retro game,조회수 129회,2019. 6. 8.,8,0,성치아재SeongChi,구독자 1.43천명,https://www.youtube.com/watch?v=rG_8YqgrcUY
[프론트라인:1945]문명의 건설,"조회수 21,689회",2019. 7. 1.,1,1,GamamobiKR,구독자 8명,https://www.youtube.com/watch?v=s3BGe-gVb5Q
[프론트라인:1945]전맹으로 가즈아 !,"조회수 2,289회",2019. 7. 1.,0,0,GamamobiKR,구독자 8명,https://www.youtube.com/watch?v=w9jnvY5LYAk
[프론트라인:1945] 전쟁의 진한 모습! ver2,"조회수 13,738회",2019. 7. 1.,0,0,GamamobiKR,구독자 8명,https://www.youtube.com/watch?v=HJc_aaNiav0
[프론트라인:1945]패배는 승리로 이끈다.,"조회수 1,135회",2019. 7. 1.,0,0,GamamobiKR,구독자 8명,https://www.youtube.com/watch?v=thJHcW6_n00
[프론트라인:1945]화력으로 승부하라! 15s ver2,"조회수 4,956회",2019. 7. 1.,0,0,GamamobiKR,구독자 8명,https://www.youtube.com/watch?v=Fu5Zd0bJffg
[프론트라인:1945] 이것이 바로 진정한 SLG전쟁!,"조회수 3,674회",2019. 7. 1.,0,2,GamamobiKR,구독자 8명,https://www.youtube.com/watch?v=b4kExhGL2nY
[프론트라인:1945]거절!VIP시스템,"조회수 4,200회",2019. 7. 1.,0,0,GamamobiKR,구독자 8명,https://www.youtube.com/watch?v=VKi2otjRhqc
[프론트라인:1945]화력으로 승부하라! 15s,"조회수 49,669회",2019. 7. 1.,0,0,GamamobiKR,구독자 8명,https://www.youtube.com/watch?v=GJXonjAgRAI
[프론트라인:1945]화력으로 승부하라!,"조회수 2,653회",2019. 7. 1.,0,0,GamamobiKR,구독자 8명,https://www.youtube.com/watch?v=K3NCU0qfc0A
[프론트라인:1945] 남자의 로망-최종전쟁,"조회수 1,058회",2019. 7. 1.,1,0,GamamobiKR,구독자 8명,https://www.youtube.com/watch?v=8lZ69C4KIys
[프론트라인:1945] 전쟁의 진한 모습!,"조회수 5,205회",2019. 7. 1.,0,0,GamamobiKR,구독자 8명,https://www.youtube.com/watch?v=hsjQaex3Grs
[프론트라인:1945]2차세계대전으로 돌아가자,"조회수 23,679회",2019. 7. 1.,1,0,GamamobiKR,구독자 8명,https://www.youtube.com/watch?v=Dnr4xed0KuE
[프론트라인:1945]탱크4,"조회수 2,643회",2019. 7. 1.,2,0,GamamobiKR,구독자 8명,https://www.youtube.com/watch?v=6ry6J-8KrSg
[프론트라인:1945]연맹전은 남자의 로망,"조회수 1,185회",2019. 7. 1.,1,0,GamamobiKR,구독자 8명,https://www.youtube.com/watch?v=uS4z6PQOQAA
[프론트라인:1945]레벨 어어어어업! 15s,조회수 957회,2019. 7. 1.,0,0,GamamobiKR,구독자 8명,https://www.youtube.com/watch?v=mUlOUpIkCZQ
[프론트라인:1945]탱크2,"조회수 1,156회",2019. 7. 1.,0,0,GamamobiKR,구독자 8명,https://www.youtube.com/watch?v=JahzcqTHx3c
[프론트라인:1945]레벨 어어어어업!,"조회수 1,257회",2019. 7. 1.,0,0,GamamobiKR,구독자 8명,https://www.youtube.com/watch?v=wdiXwqBATN8
"[프론트라인:1945] 죄송합니다,형님!!","조회수 5,433회",2019. 7. 1.,1,0,GamamobiKR,구독자 8명,https://www.youtube.com/watch?v=vn9LC2Br-Hw
[프론트라인:1945] 고급지휘관!,조회수 745회,2019. 7. 1.,0,0,GamamobiKR,구독자 8명,https://www.youtube.com/watch?v=0jOh4j6JtoQ
"프론트라인 1945, 지금부터 알려드립니다!-내정편-",조회수 193회,2019. 7. 10.,3,0,Mr.탄산,구독자 21명,https://www.youtube.com/watch?v=fCzAGu4iw9E
"프론트라인 1945, 지금부터 알려드립니다!-점령및 외부인터페이스편-",조회수 62회,2019. 7. 10.,1,0,Mr.탄산,구독자 21명,https://www.youtube.com/watch?v=n4L6gqCevoo
프렌즈팝콘 1945,조회수 없음,2019. 7. 14.,0,0,김생유,,https://www.youtube.com/watch?v=TASLFyPFKcE
스트라이커즈 1945-1 스핏파이어 2-6 1봄,조회수 11회,2019. 7. 28.,0,0,용가리,구독자 478명,https://www.youtube.com/watch?v=XdhClYMqEXY
스트라이커즈 1945-1 2-7 중보스 모음집,조회수 19회,2019. 7. 28.,0,0,용가리,구독자 478명,https://www.youtube.com/watch?v=J73m88sJx4o
스트라이커즈 1945-1 2-7 보스 모음집,조회수 27회,2019. 7. 28.,0,0,용가리,구독자 478명,https://www.youtube.com/watch?v=toSSqIpxtCg
cara download + riviuw game strikers 1945 plus ppsspp,조회수 77회,2019. 7. 3.,4,0,Mr. KeosZ,,https://www.youtube.com/watch?v=oxBHAfbC3t8
추억의게임1945,조회수 1회,2019. 7. 30.,0,0,알파구,구독자 1명,https://www.youtube.com/watch?v=pQWNV6Prszk
1945 Air Forces / All Final Bosses in Medium Mod / Best Of Special,"조회수 13,059회",2019. 7. 30.,69,14,Games & Family TV,,https://www.youtube.com/watch?v=u5dWVzMOWQk
프론트라인1945플레이리뷰,조회수 348회,2019. 7. 6.,2,0,Mr.탄산,구독자 21명,https://www.youtube.com/watch?v=dLsy1etav_A
프론트라인 1945 소개영상 No.1,조회수 36회,2019. 7. 7.,0,0,모든영상tv,구독자 986명,https://www.youtube.com/watch?v=-TD97uKCoP4
프론트라인1945 플레이 영상,조회수 122회,2019. 7. 8.,1,0,겜조TV,구독자 3.9천명,https://www.youtube.com/watch?v=X5DnbzMOzjI
스트라이커즈-1945 설명창에 링크 적어놈,조회수 13회,2019. 8. 10.,1,0,말튜,구독자 7명,https://www.youtube.com/watch?v=YggG6M5sySo
Game LEGENDARY : STRIKERS 1945 - 3 master mode(END),조회수 48회,2019. 8. 10.,0,0,ReWyN REVO,,https://www.youtube.com/watch?v=JUj4eMVHpwc
STRIKERS 1999(1945-3),조회수 24회,2019. 8. 11.,1,0,Green Wave Mobile Games,구독자 16명,https://www.youtube.com/watch?v=5urGLtSp6SM
민족말살통치1930년~1945년까지,조회수 81회,2019. 8. 13.,5,0,김주다쿤성,구독자 10명,https://www.youtube.com/watch?v=CD5vJoBk0SE
1945디자인툴 포트폴리오 영상,조회수 26회,2019. 8. 18.,0,0,조국현,구독자 2명,https://www.youtube.com/watch?v=LmVLoU7FFWA
Win32API로 제작한 1945 모작 플레이 영상,조회수 27회,2019. 8. 18.,1,0,조국현,구독자 2명,https://www.youtube.com/watch?v=cEC2j77PKZY
1945-2 2주차 북극인지 남극인지 몰라 맵 Ki84 하야테,조회수 21회,2019. 8. 23.,0,0,좋아해요게임,구독자 8명,https://www.youtube.com/watch?v=7o3A74q5M6M
한판마안~ 스트라이커스1945 오락실플레이,조회수 58회,2019. 8. 25.,4,0,함수빈TV,구독자 331명,https://www.youtube.com/watch?v=NspgdZrnGZM
포레스트 생방송 2019.8.25 # 사이쿄 컬렉션 Vol. 2 # 스트라이커즈 1945 2,조회수 3회,2019. 8. 25.,1,0,포레스트,구독자 388명,https://www.youtube.com/watch?v=fFkQ-P65Tgw
포레스트 생방송 2019.8.26 # 사이쿄 컬렉션 Vol. 3 # 스트라이커즈 1945 3 # 1,조회수 9회,2019. 8. 26.,1,0,포레스트,구독자 388명,https://www.youtube.com/watch?v=eR02ixPurfQ
MAME 스트라이커1945(Strikers1945 1995)원코인 한판!비행슈팅게임의 히트작!절묘한 타이밍에 폭탄쓰는것도 기술???,조회수 11회,2019. 8. 3.,0,0,후니훈TV,구독자 1.44천명,https://www.youtube.com/watch?v=LTYROmtExpc
고전게임1945 Air force,조회수 없음,2019. 8. 30.,0,0,Gag TV,,https://www.youtube.com/watch?v=BYO1kbS6iAE
스트라이커즈 1945-2 2인플레이 올클리어,조회수 88회,2019. 8. 8.,0,0,용가리,구독자 478명,https://www.youtube.com/watch?v=c4dAho2TgSk
[스트라이커즈 1945 모작]쥬신게임아카데미 게임학원 게임프로그래밍 3개월차 API 개인 작품 시연회_99기 정동수_클라이언트,조회수 121회,2019. 9. 11.,2,0,쥬신게임아카데미,구독자 233명,https://www.youtube.com/watch?v=g4NU1o1IvDA
"Strikers 1945 Plus, NeoGeo, Game Review",조회수 102회,2019. 9. 2.,24,0,Betty Horde Clinic,구독자 727명,https://www.youtube.com/watch?v=0pVaru1Ldlc
고전게임 1945 보스 한방에 원샷원킬 죽이기 전문고수 방문,조회수 180회,2019. 9. 20.,12,1,모모통신TV,구독자 180명,https://www.youtube.com/watch?v=GXkSOhvVIdU
고전게임 1945 3탄 로버트변신 히든케릭터,조회수 62회,2019. 9. 28.,8,1,모모통신TV,구독자 180명,https://www.youtube.com/watch?v=XUc1wjER5eQ
"""1945스트라이커즈"" 고전게임 엔딩까지 (feat.시청자와 함께하는 소통방송)",조회수 102회,실시간 스트리밍 시작일: 2019. 1. 20.,13,0,식스맨TV축구해설,구독자 5.19천명,https://www.youtube.com/watch?v=l1hdlBM-OfA
"""1945-2"" 고전게임 엔딩까지 (feat.시청자와 함께하는 소통방송)",조회수 485회,실시간 스트리밍 시작일: 2019. 1. 28.,22,0,식스맨TV축구해설,구독자 5.19천명,https://www.youtube.com/watch?v=e5Os8WSt63A
[폰게임/채팅못봐요] 1945 에어포스,조회수 16회,실시간 스트리밍 시작일: 2019. 10. 2.,0,0,불꽃시참카이샤르,구독자 181명,https://www.youtube.com/watch?v=C4byV0eY9yc
{고전게임} 스트라이커즈 1945-3 [1999] (국제판) !!!,조회수 36회,실시간 스트리밍 시작일: 2019. 2. 3.,0,0,Team My Way,,https://www.youtube.com/watch?v=bYkDC3zX_04
게임에서 총알을 한발도 안쏘면 생기는 일!! Strikers 1945 3 총알한발도 안쏘는 실험 - 청쓸실,"조회수 5,034회",최초 공개: 2019. 11. 4.,180,3,청일 TV,구독자 2.29만명,https://www.youtube.com/watch?v=U6gdEwwhblw
