﻿title,count,date,good_count,bad_count,youtuber,subscriber,url
Elite Dangerous: The power of double shot frag cannons,조회수 282회,2019. 1. 26.,5,0,NoPizzaNoGlory,구독자 9명,https://www.youtube.com/watch?v=XnZCGN21E_o
This TNT cannon shot us above the build limit...,"조회수 10,315회",2019. 1. 26.,685,8,Zyper,구독자 7.41만명,https://www.youtube.com/watch?v=01gCTySgpWw
Perfect Cannon Shot,조회수 5회,2019. 10. 11.,0,0,Jimmy537,구독자 2명,https://www.youtube.com/watch?v=jOu6OV_fQj4
Nasty hand cannon shot off spawn,조회수 6회,2019. 10. 17.,0,0,Super Nova,구독자 1명,https://www.youtube.com/watch?v=SXsO3nqAnNA
Star Wars Battlefront (2015) - Pulse Cannon Shot (feat. ChicagoLatinPapi),조회수 16회,2019. 10. 18.,3,1,Dabuss55,구독자 62명,https://www.youtube.com/watch?v=0nFbKVsGJKs
Angry Birds Cannon Collection 2 - SHOOTING THE GIANT PIGGIES BOSS WITH MAXIMUM BIRDS!,"조회수 29,855회",2019. 10. 25.,82,19,ToonGamesGuys,구독자 30.2만명,https://www.youtube.com/watch?v=mUT64lZR6mQ
Star Wars Battlefront (2015) - Silber-ing Rivalry (Pulse Cannon Shot),조회수 39회,2019. 10. 26.,2,0,Dabuss55,구독자 62명,https://www.youtube.com/watch?v=Rf4EzDJDIKU
Cannon Shot!,조회수 없음,2019. 11. 10.,0,0,Gamer360XD 2,구독자 923명,https://www.youtube.com/watch?v=tN48IngNwBI
Cannon Shot Ad,조회수 43회,2019. 11. 11.,3,0,cannon shot,구독자 12명,https://www.youtube.com/watch?v=beuVur5TuWQ
Cannon Shot Android Gameplay,조회수 775회,2019. 11. 12.,5,1,KruGames,구독자 16.5만명,https://www.youtube.com/watch?v=2MfBqxBbZlo
CANNON SHOT | GAME OFFLINE TAPI SERU BANGET,조회수 5회,2019. 11. 13.,2,0,MURIST JR,,https://www.youtube.com/watch?v=L6Lp4iwWAEc
Cannon shot #1 trending game on octorber 14,조회수 8회,2019. 11. 13.,1,0,Zee Gaming,구독자 2명,https://www.youtube.com/watch?v=N_Lan4gtodI
Play game: Cannon Shot from level 1 to level 10,조회수 9회,2019. 11. 13.,1,0,Video Games 3D,구독자 8명,https://www.youtube.com/watch?v=_wowkbNiV28
Cannon Shot! Gameplay Level: 15-29 #2 (Android),조회수 4회,2019. 11. 13.,0,0,Monster Squid,구독자 11명,https://www.youtube.com/watch?v=OHpyUyfBwb4
Cannon Shot! Level 1 Till 20 Casual Mobile Game,조회수 12회,2019. 11. 13.,3,0,Scottish Gaming Duo,구독자 1.25천명,https://www.youtube.com/watch?v=9tSNmo4uCls
Cannon Shot! Gameplay Level: 1-14 #1 (Android),조회수 11회,2019. 11. 13.,0,0,Monster Squid,구독자 11명,https://www.youtube.com/watch?v=mz-c2H8Z4Vs
CANNON SHOT! Levels 26-50 Walkthrough,조회수 7회,2019. 11. 14.,1,0,Stratomobile,,https://www.youtube.com/watch?v=7ZPGcCOmoOI
"Cannon Shot! Level 1-100 3 Stars Gameplay Walkthrough (Android, iOS)","조회수 3,397회",2019. 11. 14.,25,10,Tap Touch,구독자 673명,https://www.youtube.com/watch?v=ENH-CsmPHyU
Cannon Shot! Gameplay - Level 26-50 Walkthrough (IOS/Android),조회수 328회,2019. 11. 14.,3,1,Runyo,구독자 3.63천명,https://www.youtube.com/watch?v=67zWqeYL76A
Cannon Shot! IOS Gameplay,조회수 55회,2019. 11. 14.,14,1,F2PlayGames,구독자 1.33천명,https://www.youtube.com/watch?v=wmFqPxVf7ZM
Cannon Shot! Gameplay - Level 1-25 Walkthrough (IOS/Android),조회수 405회,2019. 11. 14.,4,0,Runyo,구독자 3.63천명,https://www.youtube.com/watch?v=4Fsfzhe5Q4g
Cannon Shot!Gameplay!(New Update)Level to 80,조회수 36회,2019. 11. 14.,0,0,Happy Game Time,구독자 1.43천명,https://www.youtube.com/watch?v=rP74sGlW4TM
CANNON SHOT! Levels 1-25 Walkthrough,조회수 8회,2019. 11. 14.,1,0,Stratomobile,,https://www.youtube.com/watch?v=GkACOUsscL4
Cannon Shot Levels 1-20 IOS Gameplay,"조회수 6,388회",2019. 11. 14.,32,6,Usman's Gaming,구독자 4.75천명,https://www.youtube.com/watch?v=2dA96OODXvQ
Cannon Shot! - Gameplay,조회수 136회,2019. 11. 14.,1,0,Gamers Unbounded,구독자 456명,https://www.youtube.com/watch?v=5VA6JA6Qx-0
Shot at Redemption - Cannon Fire Podcast Ep. 82,조회수 377회,2019. 11. 14.,23,1,Cannon Fire Podcast,구독자 631명,https://www.youtube.com/watch?v=VI4WTviUkDQ
Cannon Shot! Gameplay - Level 51-75 Walkthrough (IOS/Android),조회수 80회,2019. 11. 15.,2,0,Runyo,구독자 3.63천명,https://www.youtube.com/watch?v=e_l1OxzqfSw
CANNON SHOT! Levels 51-75 Walkthrough,조회수 14회,2019. 11. 15.,0,0,Stratomobile,,https://www.youtube.com/watch?v=hilgEUgbHS0
Cannon Shot Level 111 112 113 114 115 116 117 118 119 120 (NEW UPDATE),조회수 446회,2019. 11. 15.,5,0,Happy Game Time,구독자 1.43천명,https://www.youtube.com/watch?v=yQzfRk2TVj0
Cannon Shot Level 101 102 103 104 105 106 107 108 109 110 (NEW UPDATE),조회수 507회,2019. 11. 15.,6,0,Happy Game Time,구독자 1.43천명,https://www.youtube.com/watch?v=SNPeNnht0Uk
Cannon Shot Level 141 142 143 144 145 146 147 148 149 150 (NEW UPDATE),조회수 41회,2019. 11. 15.,1,0,Happy Game Time,구독자 1.43천명,https://www.youtube.com/watch?v=3KbXXbLXhCQ
CANNON SHOT GAME NOOB VS PRO,조회수 44회,2019. 11. 15.,1,1,Green Field,구독자 1.75천명,https://www.youtube.com/watch?v=rf6ig4P1pMs
Cannon Shot Level 121 122 123 124 125 126 127 128 129 130 (NEW UPDATE),조회수 222회,2019. 11. 15.,1,0,Happy Game Time,구독자 1.43천명,https://www.youtube.com/watch?v=n_MTX6cjw4Q
Cannon Shot Level 176 177 178 179 180 (NEW UPDATE),조회수 23회,2019. 11. 15.,0,0,Happy Game Time,구독자 1.43천명,https://www.youtube.com/watch?v=_uNi4Kj9fG0
Cannon Shot Level 196 197 198 199 200 (NEW UPDATE),조회수 34회,2019. 11. 15.,0,0,Happy Game Time,구독자 1.43천명,https://www.youtube.com/watch?v=9mI3rnZoNPw
Cannon Shot! Gameplay - Level 76-100 Walkthrough (IOS/Android),조회수 217회,2019. 11. 15.,1,0,Runyo,구독자 3.63천명,https://www.youtube.com/watch?v=epTEgH2PE1k
Cannon Shot Level 131 132 133 134 135 136 137 138 139 140 (NEW UPDATE),조회수 57회,2019. 11. 15.,1,1,Happy Game Time,구독자 1.43천명,https://www.youtube.com/watch?v=iTFQqeQPzlw
Cannon Shot: level 1 to 100 - First Impressions and Gameplay Walkthrough,"조회수 1,192회",2019. 11. 15.,5,1,GamePlays365,구독자 759명,https://www.youtube.com/watch?v=t2ZOTaIRe_8
Cannon Shot Level 18 Walkthrough,조회수 15회,2019. 11. 15.,0,0,Friends & Fun,구독자 6.86천명,https://www.youtube.com/watch?v=eY3JX0VBkZo
Cannon Shot Level 14 Walkthrough,조회수 6회,2019. 11. 15.,0,0,Friends & Fun,구독자 6.86천명,https://www.youtube.com/watch?v=3LUCweh20QU
Cannon Shot Level 13 Walkthrough,조회수 6회,2019. 11. 15.,0,0,Friends & Fun,구독자 6.86천명,https://www.youtube.com/watch?v=i3R-R18ofOQ
Cannon Shot Level 11 Walkthrough,조회수 8회,2019. 11. 15.,1,0,Friends & Fun,구독자 6.86천명,https://www.youtube.com/watch?v=l5MWfaoaF_4
Cannon Shot Boss 2 Walkthrough,조회수 80회,2019. 11. 15.,0,0,Friends & Fun,구독자 6.86천명,https://www.youtube.com/watch?v=zrWtBBxNgkI
Cannon Shot Level 15 Walkthrough,조회수 8회,2019. 11. 15.,0,0,Friends & Fun,구독자 6.86천명,https://www.youtube.com/watch?v=iMQ5nSSkXrU
Cannon Shot! android gameplay! | Cannon Shot! level 1 - 30!,조회수 5회,2019. 11. 15.,0,0,Ak me Paul,,https://www.youtube.com/watch?v=myFWCrfOYJw
Cannon shot 31 to 40 walkthrouth and 3 boss lvls.,조회수 28회,2019. 11. 15.,0,0,Rajesh Gaikwad,구독자 1명,https://www.youtube.com/watch?v=QEmWwINOjTo
Cannon Shot Boss 3 Walkthrough,조회수 392회,2019. 11. 15.,1,2,Friends & Fun,구독자 6.86천명,https://www.youtube.com/watch?v=FOlEB3XTtvE
Cannon Shot Level 16 Walkthrough,조회수 39회,2019. 11. 15.,0,0,Friends & Fun,구독자 6.86천명,https://www.youtube.com/watch?v=d1oChXbxGw8
Cannon Shot Level 19 Walkthrough,조회수 11회,2019. 11. 15.,0,0,Friends & Fun,구독자 6.86천명,https://www.youtube.com/watch?v=UaldG3xXBAg
Cannon Shot Level 20 Walkthrough,조회수 33회,2019. 11. 15.,1,0,Friends & Fun,구독자 6.86천명,https://www.youtube.com/watch?v=kruvTzee1-I
Cannon Shot Level 171 172 173 174 175 (NEW UPDATE),조회수 16회,2019. 11. 15.,0,0,Happy Game Time,구독자 1.43천명,https://www.youtube.com/watch?v=l9uSrqItwDA
Cannon Shot Level 12 Walkthrough,조회수 2회,2019. 11. 15.,0,0,Friends & Fun,구독자 6.86천명,https://www.youtube.com/watch?v=L5f7o4TlxzQ
Cannon Shot Level 166 167 168 169 170 (NEW UPDATE),조회수 25회,2019. 11. 15.,0,0,Happy Game Time,구독자 1.43천명,https://www.youtube.com/watch?v=3zWz29yM8c0
Cannon Shot Level 17 Walkthrough,조회수 31회,2019. 11. 15.,0,0,Friends & Fun,구독자 6.86천명,https://www.youtube.com/watch?v=J_CSep0Tlqk
Cannon Shot Level 151 152 153 154 155 (NEW UPDATE),조회수 15회,2019. 11. 15.,0,0,Happy Game Time,구독자 1.43천명,https://www.youtube.com/watch?v=qajb1OfkHlY
Cannon Shot! Level 1-10 ios Gameplay-HD,조회수 2회,2019. 11. 15.,0,0,Taply Gameplay,구독자 96명,https://www.youtube.com/watch?v=A9a0lq95Ros
Cannon Shot Level 5 Walkthrough,조회수 8회,2019. 11. 15.,0,0,Friends & Fun,구독자 6.86천명,https://www.youtube.com/watch?v=EcYKgD1cldI
Cannon Shot Level 10 Walkthrough,조회수 4회,2019. 11. 15.,0,0,Friends & Fun,구독자 6.86천명,https://www.youtube.com/watch?v=cdGxMJ3kq68
Cannon Shot! Level 1-100 Gameplay,"조회수 3,986회",2019. 11. 15.,37,4,TheGameAnswers,구독자 2.6만명,https://www.youtube.com/watch?v=egYcgeeBGG8
Cannon Shot Level 9 Walkthrough,조회수 5회,2019. 11. 15.,0,0,Friends & Fun,구독자 6.86천명,https://www.youtube.com/watch?v=uGKEvUx0s_Q
Cannon Shot Level 7 Walkthrough,조회수 4회,2019. 11. 15.,0,0,Friends & Fun,구독자 6.86천명,https://www.youtube.com/watch?v=on6xcsoGutM
Cannon Shot Level 8 Walkthrough,조회수 5회,2019. 11. 15.,0,0,Friends & Fun,구독자 6.86천명,https://www.youtube.com/watch?v=q7fMoFrrC20
Cannon Shot! Level 11-20 Ios Gameplay-HD,조회수 10회,2019. 11. 15.,0,0,Taply Gameplay,구독자 96명,https://www.youtube.com/watch?v=lk3oPAafDdU
Cannon Shot Level 1 2 3 4 5 6 7 8 9 10 (NEW UPDATE),조회수 60회,2019. 11. 15.,1,0,Happy Game Time,구독자 1.43천명,https://www.youtube.com/watch?v=Gy_PztJ4F2c
Cannon Shot Level 41 42 43 44 45 46 47 48 49 50 (NEW UPDATE),조회수 61회,2019. 11. 15.,1,0,Happy Game Time,구독자 1.43천명,https://www.youtube.com/watch?v=k7x57NRrHuQ
Cannon Shot Level 61 62 63 64 65 66 67 68 69 70 (NEW UPDATE),조회수 51회,2019. 11. 15.,0,0,Happy Game Time,구독자 1.43천명,https://www.youtube.com/watch?v=rXN_GowH330
Cannon Shot Level 31 32 33 34 35 36 37 38 39 40 (NEW UPDATE),조회수 79회,2019. 11. 15.,0,0,Happy Game Time,구독자 1.43천명,https://www.youtube.com/watch?v=kRAkhQdJxjo
Cannon Shot Boss 1 Walkthrough,조회수 46회,2019. 11. 15.,0,0,Friends & Fun,구독자 6.86천명,https://www.youtube.com/watch?v=BCgTqGpEdeo
Cannon Shot Level 51 52 53 54 55 56 57 58 59 60 (NEW UPDATE),조회수 45회,2019. 11. 15.,0,0,Happy Game Time,구독자 1.43천명,https://www.youtube.com/watch?v=4rsrKY3jxaE
Cannon Shot Level 81 82 83 84 85 86 87 88 89 90 (NEW UPDATE),조회수 122회,2019. 11. 15.,1,0,Happy Game Time,구독자 1.43천명,https://www.youtube.com/watch?v=YZ5WKmC2RQY
Cannon Shot Level 156 157 158 159 160 (NEW UPDATE),조회수 17회,2019. 11. 15.,0,0,Happy Game Time,구독자 1.43천명,https://www.youtube.com/watch?v=HKjNu-JOhFU
Cannon Shot Level 181 182 183 184 185 (NEW UPDATE),조회수 13회,2019. 11. 15.,0,0,Happy Game Time,구독자 1.43천명,https://www.youtube.com/watch?v=HWDFKKfDLzU
Cannon Shot Level 186 187 188 189 190 (NEW UPDATE),조회수 22회,2019. 11. 15.,0,0,Happy Game Time,구독자 1.43천명,https://www.youtube.com/watch?v=O-wNYWJq018
Cannon Shot Level 191 192 193 194 195 (NEW UPDATE),조회수 25회,2019. 11. 15.,0,0,Happy Game Time,구독자 1.43천명,https://www.youtube.com/watch?v=I45oKImb7yQ
Cannon Shot! Level 41-50 Ios Gameplay-HD,조회수 27회,2019. 11. 15.,0,0,Taply Gameplay,구독자 96명,https://www.youtube.com/watch?v=w3ynqZ1OOpk
Cannon Shot Level 161 162 163 164 165 (NEW UPDATE),조회수 18회,2019. 11. 15.,0,0,Happy Game Time,구독자 1.43천명,https://www.youtube.com/watch?v=IhaM7qWgNdM
Cannon Shot! Level 31-40 Ios Gameplay-HD,조회수 10회,2019. 11. 15.,0,0,Taply Gameplay,구독자 96명,https://www.youtube.com/watch?v=jnQmUg1VwUI
Cannon Shot Level 21 22 23 24 25 26 27 28 29 30 (NEW UPDATE),조회수 124회,2019. 11. 15.,1,0,Happy Game Time,구독자 1.43천명,https://www.youtube.com/watch?v=ybGJk9ddjvo
Cannon Shot Level 91 92 93 94 95 96 97 98 99 100 (NEW UPDATE),조회수 139회,2019. 11. 15.,1,0,Happy Game Time,구독자 1.43천명,https://www.youtube.com/watch?v=xZ96q3BMcnI
Cannon Shot Level 11 12 13 14 15 16 17 18 19 20 (NEW UPDATE),조회수 38회,2019. 11. 15.,0,0,Happy Game Time,구독자 1.43천명,https://www.youtube.com/watch?v=qPI-MtpCFLc
Cannon Shot Level 71 72 73 74 75 76 77 78 79 80 (NEW UPDATE),조회수 105회,2019. 11. 15.,0,1,Happy Game Time,구독자 1.43천명,https://www.youtube.com/watch?v=h5sau8hiPXU
Cannon Shot! Level 21-30 Ios Gameplay-HD,조회수 16회,2019. 11. 15.,0,0,Taply Gameplay,구독자 96명,https://www.youtube.com/watch?v=OvEqJHHzSIM
Cannon Shot Level 39 Walkthrough,조회수 32회,2019. 11. 16.,0,0,Friends & Fun,구독자 6.86천명,https://www.youtube.com/watch?v=qJzx3oOlM54
Cannon Shot Level 35 Walkthrough,조회수 7회,2019. 11. 16.,0,0,Friends & Fun,구독자 6.86천명,https://www.youtube.com/watch?v=8fpO6AGfvCg
Cannon Shot Boss 7 Walkthrough,조회수 717회,2019. 11. 16.,7,0,Friends & Fun,구독자 6.86천명,https://www.youtube.com/watch?v=RGTuYSjK464
Cannon Shot Level 37 Walkthrough,조회수 20회,2019. 11. 16.,0,0,Friends & Fun,구독자 6.86천명,https://www.youtube.com/watch?v=-gqqFZT9j-U
Cannon Shot Level 32 Walkthrough,조회수 27회,2019. 11. 16.,0,0,Friends & Fun,구독자 6.86천명,https://www.youtube.com/watch?v=Dz9YuBCUH1M
Cannon Shot Level 38 Walkthrough,조회수 5회,2019. 11. 16.,0,0,Friends & Fun,구독자 6.86천명,https://www.youtube.com/watch?v=FJXrYI3v12c
Cannon Shot Level 33 Walkthrough,조회수 2회,2019. 11. 16.,0,0,Friends & Fun,구독자 6.86천명,https://www.youtube.com/watch?v=PP7pm1nCjjk
Cannon Shot Level 40 Walkthrough,조회수 25회,2019. 11. 16.,1,0,Friends & Fun,구독자 6.86천명,https://www.youtube.com/watch?v=NJokG6AO_1I
Cannon Shot Level 36 Walkthrough,조회수 2회,2019. 11. 16.,0,0,Friends & Fun,구독자 6.86천명,https://www.youtube.com/watch?v=cjzn-zw0iyo
Cannon Shot Boss 8 Walkthrough,조회수 189회,2019. 11. 16.,1,0,Friends & Fun,구독자 6.86천명,https://www.youtube.com/watch?v=RO8DHqfCBTQ
Cannon Shot Level 41 Walkthrough,조회수 62회,2019. 11. 16.,0,0,Friends & Fun,구독자 6.86천명,https://www.youtube.com/watch?v=lP1p4c4QgWM
Cannon Shot Level 42 Walkthrough,조회수 19회,2019. 11. 16.,0,0,Friends & Fun,구독자 6.86천명,https://www.youtube.com/watch?v=cC7JCgtZojA
Cannon Shot Level 44 Walkthrough,조회수 13회,2019. 11. 16.,0,0,Friends & Fun,구독자 6.86천명,https://www.youtube.com/watch?v=yj3iP-kEEKc
Cannon Shot Level 45 Walkthrough,조회수 11회,2019. 11. 16.,0,0,Friends & Fun,구독자 6.86천명,https://www.youtube.com/watch?v=M9fwIz3EXl4
Cannon Shot Level 47 Walkthrough,조회수 3회,2019. 11. 16.,0,0,Friends & Fun,구독자 6.86천명,https://www.youtube.com/watch?v=aO7thCE68hw
Cannon Shot Level 48 Walkthrough,조회수 7회,2019. 11. 16.,0,0,Friends & Fun,구독자 6.86천명,https://www.youtube.com/watch?v=QBn-DUGQePg
Cannon Shot Level 46 Walkthrough,조회수 19회,2019. 11. 16.,1,0,Friends & Fun,구독자 6.86천명,https://www.youtube.com/watch?v=ZZF5DM9p7W4
Cannon Shot Level 50 Walkthrough,조회수 15회,2019. 11. 16.,0,0,Friends & Fun,구독자 6.86천명,https://www.youtube.com/watch?v=gxqyZYqbaUk
Cannon Shot Boss 9 Walkthrough,조회수 402회,2019. 11. 16.,1,3,Friends & Fun,구독자 6.86천명,https://www.youtube.com/watch?v=RHIozM2nzz4
Cannon Shot Level 34 Walkthrough,조회수 46회,2019. 11. 16.,0,0,Friends & Fun,구독자 6.86천명,https://www.youtube.com/watch?v=z3MmYxTZt9Y
Cannon Shot Level 43 Walkthrough,조회수 27회,2019. 11. 16.,0,0,Friends & Fun,구독자 6.86천명,https://www.youtube.com/watch?v=piw9ReyE5Fg
Cannon Shot Level 49 Walkthrough,조회수 8회,2019. 11. 16.,0,0,Friends & Fun,구독자 6.86천명,https://www.youtube.com/watch?v=cY70zkrkK0U
Cannon Shot! Levels 66-95 - iOS Gameplay,조회수 7회,2019. 11. 16.,0,0,Htube Gaming,구독자 340명,https://www.youtube.com/watch?v=EgtSj4_tFIU
Cannon Shot Boss 6 Walkthrough,조회수 636회,2019. 11. 16.,2,1,Friends & Fun,구독자 6.86천명,https://www.youtube.com/watch?v=NF7tWIWJ2uE
Cannon Shot Level 31 Walkthrough,조회수 5회,2019. 11. 16.,0,0,Friends & Fun,구독자 6.86천명,https://www.youtube.com/watch?v=dX9vYz9ayi8
GAME TERBARU !!! CANNON SHOT! GAMEPLAY !,조회수 37회,2019. 11. 16.,13,0,RAV Official,구독자 218명,https://www.youtube.com/watch?v=678eLRpFn_4
CANNON SHOT! Levels 76-100 Walkthrough,조회수 7회,2019. 11. 16.,0,0,Stratomobile,,https://www.youtube.com/watch?v=FNdRafrzOg4
Cannon Shot Gameplay - A CANNON GAME!,조회수 27회,2019. 11. 16.,3,1,AndreJ HD,구독자 2.97천명,https://www.youtube.com/watch?v=62nn05zl518
Cannon Shot Level 23 Walkthrough,조회수 94회,2019. 11. 16.,0,0,Friends & Fun,구독자 6.86천명,https://www.youtube.com/watch?v=DK2gJWUxqYo
Cannon Shot Level 24 Walkthrough,조회수 40회,2019. 11. 16.,0,0,Friends & Fun,구독자 6.86천명,https://www.youtube.com/watch?v=86jJy4ApTBk
Cannon Shot Level 22 Walkthrough,조회수 5회,2019. 11. 16.,0,0,Friends & Fun,구독자 6.86천명,https://www.youtube.com/watch?v=dkx7FAqcbcI
Cannon Shot Level 21 Walkthrough,조회수 107회,2019. 11. 16.,0,0,Friends & Fun,구독자 6.86천명,https://www.youtube.com/watch?v=moeaSPPinJw
Cannon Shot Level 25 Walkthrough,조회수 23회,2019. 11. 16.,0,0,Friends & Fun,구독자 6.86천명,https://www.youtube.com/watch?v=RoZG8QfApGE
Cannon shot levels 15 to 25,조회수 1회,2019. 11. 16.,0,0,ayman aji,구독자 29명,https://www.youtube.com/watch?v=cyVoJHYxZxc
Cannon Shot Boss 4 Walkthrough,조회수 783회,2019. 11. 16.,6,0,Friends & Fun,구독자 6.86천명,https://www.youtube.com/watch?v=iuySU753ch4
Cannon Shot Level 29 Walkthrough,조회수 10회,2019. 11. 16.,0,0,Friends & Fun,구독자 6.86천명,https://www.youtube.com/watch?v=O1_RN8fhbJw
Cannon Shot Level 26 Walkthrough,조회수 1회,2019. 11. 16.,0,0,Friends & Fun,구독자 6.86천명,https://www.youtube.com/watch?v=6uzxaQOrgvw
Cannon Shot Level 27 Walkthrough,조회수 20회,2019. 11. 16.,0,0,Friends & Fun,구독자 6.86천명,https://www.youtube.com/watch?v=0PdyJQEUyVI
Cannon Shot Boss 5 Walkthrough,조회수 418회,2019. 11. 16.,3,1,Friends & Fun,구독자 6.86천명,https://www.youtube.com/watch?v=D4qIPCJGQcc
Cannon Shot Level 28 Walkthrough,조회수 15회,2019. 11. 16.,0,0,Friends & Fun,구독자 6.86천명,https://www.youtube.com/watch?v=bnqoaAG02sg
Cannon Shot Level 30 Walkthrough,조회수 8회,2019. 11. 16.,1,0,Friends & Fun,구독자 6.86천명,https://www.youtube.com/watch?v=0V6xmiP1EvQ
Cannon Shot! Gameplay Level: 30-45 #3 (Android),조회수 1회,2019. 11. 16.,0,0,Monster Squid,구독자 11명,https://www.youtube.com/watch?v=ti0kCUcwqfg
CANNON SHOT! Levels 101-125 Walkthrough,조회수 171회,2019. 11. 16.,2,1,Stratomobile,,https://www.youtube.com/watch?v=YXtY1vOzjQE
Cannon Shot! Levels 33-50 - iOS Gameplay,조회수 15회,2019. 11. 16.,0,0,Htube Gaming,구독자 340명,https://www.youtube.com/watch?v=WBJM8ce6wew
Cannon shot,조회수 6회,2019. 11. 16.,0,0,Gaming Boy,구독자 21명,https://www.youtube.com/watch?v=Xn2AzwCQ8wc
Cannon Shot Level 66 Walkthrough,조회수 12회,2019. 11. 17.,0,0,Friends & Fun,구독자 6.86천명,https://www.youtube.com/watch?v=wsfMIU6lJlI
Cannon Shot Level 61 Walkthrough,조회수 3회,2019. 11. 17.,0,0,Friends & Fun,구독자 6.86천명,https://www.youtube.com/watch?v=LbdmKVhesNY
Cannon Shot Level 63 Walkthrough,조회수 3회,2019. 11. 17.,0,0,Friends & Fun,구독자 6.86천명,https://www.youtube.com/watch?v=U5Ros3ZlP9U
Cannon Shot Level 68 Walkthrough,조회수 17회,2019. 11. 17.,0,0,Friends & Fun,구독자 6.86천명,https://www.youtube.com/watch?v=bKPEbmk3oqs
Cannon Shot Level 64 Walkthrough,조회수 없음,2019. 11. 17.,0,0,Friends & Fun,구독자 6.86천명,https://www.youtube.com/watch?v=5zPelCLQ6ZA
Cannon Shot Boss 13 Walkthrough,조회수 88회,2019. 11. 17.,0,0,Friends & Fun,구독자 6.86천명,https://www.youtube.com/watch?v=wxJHJ0EC7kM
Cannon Shot Level 62 Walkthrough,조회수 11회,2019. 11. 17.,0,0,Friends & Fun,구독자 6.86천명,https://www.youtube.com/watch?v=bJMckIh9eAw
Cannon Shot Boss 12 Walkthrough,조회수 65회,2019. 11. 17.,0,0,Friends & Fun,구독자 6.86천명,https://www.youtube.com/watch?v=WJgQdIALOuk
Cannon Shot Level 67 Walkthrough,조회수 22회,2019. 11. 17.,0,0,Friends & Fun,구독자 6.86천명,https://www.youtube.com/watch?v=FnlbdkfZP3s
Playing cannon shot,조회수 2회,2019. 11. 17.,0,0,Bonnie the gamer 99,구독자 6명,https://www.youtube.com/watch?v=g9If8Ei1Vsw
Cannon Shot Level 69 Walkthrough,조회수 23회,2019. 11. 17.,1,0,Friends & Fun,구독자 6.86천명,https://www.youtube.com/watch?v=jVdFtQFZNuo
"Cannon Shot: Level 1 To 21 - 3 Stars , iOS/Android Walkthrough",조회수 182회,2019. 11. 17.,2,1,SSSB Games,,https://www.youtube.com/watch?v=cic1WissOEk
Cannon Shot Noob vs Pro,조회수 9회,2019. 11. 17.,0,0,klasok kl,구독자 4.22천명,https://www.youtube.com/watch?v=rEqn0dubh2Q
Cannon Shot Level 61-70 Ios Gameplay-HD,조회수 28회,2019. 11. 17.,1,0,Taply Gameplay,구독자 96명,https://www.youtube.com/watch?v=-1kGYGC-UjQ
Cannon Shot Level 1 to 50 Complete ( By Say Games ) Android iOS Gameplay,조회수 41회,2019. 11. 17.,0,0,Shivam Gamer,구독자 6.85천명,https://www.youtube.com/watch?v=DNJP31eFgOw
Cannon shot (eram pe nivelul 13 si am ajuns pe 16)yo this game is so easy,조회수 4회,2019. 11. 17.,0,0,alex gamer476 Serban,,https://www.youtube.com/watch?v=tAWqzGj2oKU
Cannon Shot Level 58 Walkthrough,조회수 23회,2019. 11. 17.,0,0,Friends & Fun,구독자 6.86천명,https://www.youtube.com/watch?v=y5YEaaAtR-0
Cannon Shot Boss 11 Walkthrough,조회수 31회,2019. 11. 17.,0,0,Friends & Fun,구독자 6.86천명,https://www.youtube.com/watch?v=wm8ndaiClQE
Cannon Shot Level 60 Walkthrough,조회수 7회,2019. 11. 17.,0,0,Friends & Fun,구독자 6.86천명,https://www.youtube.com/watch?v=4GDlGreKQjU
Cannon Shot Level 56 Walkthrough,조회수 35회,2019. 11. 17.,0,0,Friends & Fun,구독자 6.86천명,https://www.youtube.com/watch?v=zAOVloEnpFo
Cannon Shot Level 59 Walkthrough,조회수 8회,2019. 11. 17.,0,0,Friends & Fun,구독자 6.86천명,https://www.youtube.com/watch?v=iAhhgCjnmIs
Cannon Shot Level 57 Walkthrough,조회수 32회,2019. 11. 17.,0,0,Friends & Fun,구독자 6.86천명,https://www.youtube.com/watch?v=maKbQC7GWiQ
Cannon Shot V/S Hoop Stars GAME COMPARISON || Gameplay By GAMERZ TOPER,조회수 27회,2019. 11. 17.,4,0,Gamerz Toper,,https://www.youtube.com/watch?v=-VC6hRtHIaM
Cannon Shot Level 51 Walkthrough,조회수 4회,2019. 11. 17.,0,0,Friends & Fun,구독자 6.86천명,https://www.youtube.com/watch?v=-WQOCj6Mvgc
Cannon Shot Level 54 Walkthrough,조회수 7회,2019. 11. 17.,0,0,Friends & Fun,구독자 6.86천명,https://www.youtube.com/watch?v=dVg1dTbu9i0
Cannon Shot Level 51-60 Ios Gameplay-HD,조회수 13회,2019. 11. 17.,0,0,Taply Gameplay,구독자 96명,https://www.youtube.com/watch?v=06YKWHsyxWo
Cannon Shot! Gameplay Level: 60-74 + BOSS BATTLE #5 (Android),조회수 33회,2019. 11. 17.,0,0,Monster Squid,구독자 11명,https://www.youtube.com/watch?v=tpgbZR5SLi4
Cannon Shot Level 70 Walkthrough,조회수 41회,2019. 11. 17.,0,0,Friends & Fun,구독자 6.86천명,https://www.youtube.com/watch?v=GwWWv6mrnY4
Cannon Shot Level 80 Walkthrough,조회수 66회,2019. 11. 18.,1,0,Friends & Fun,구독자 6.86천명,https://www.youtube.com/watch?v=hwayKcWX-2M
Cannon Shot Boss 15 Walkthrough,조회수 109회,2019. 11. 18.,0,1,Friends & Fun,구독자 6.86천명,https://www.youtube.com/watch?v=MU7PKBiLAnw
Cannon Shot Level 77 Walkthrough,조회수 4회,2019. 11. 18.,0,0,Friends & Fun,구독자 6.86천명,https://www.youtube.com/watch?v=fYwxOEky3fk
Cannon Shot Level 79 Walkthrough,조회수 4회,2019. 11. 18.,0,0,Friends & Fun,구독자 6.86천명,https://www.youtube.com/watch?v=6g9kQxNusc8
Cannon Shot! Gameplay - Level 101-120 Walkthrough (IOS/Android),조회수 168회,2019. 11. 18.,3,0,Runyo,구독자 3.63천명,https://www.youtube.com/watch?v=J4Q61Ua-kb0
Cannon Shot Level 78 Walkthrough,조회수 4회,2019. 11. 18.,0,0,Friends & Fun,구독자 6.86천명,https://www.youtube.com/watch?v=I17_TnJL8-k
"CANNON SHOT - LEVEL #1, LEVEL #999",조회수 119회,2019. 11. 18.,2,1,Frustrated Gamer,,https://www.youtube.com/watch?v=UISDrC9_bDk
Cannon Shot Level 71 Walkthrough,조회수 12회,2019. 11. 18.,0,0,Friends & Fun,구독자 6.86천명,https://www.youtube.com/watch?v=gU2CajH-x80
Cannon Shot Boss 14 Walkthrough,조회수 146회,2019. 11. 18.,1,0,Friends & Fun,구독자 6.86천명,https://www.youtube.com/watch?v=CUAZeCi4ZHU
ADDICTIVE GAME | CANNON SHOT | MOBILE GAME,조회수 54회,2019. 11. 18.,1,0,Cer Cerna,구독자 1.29천명,https://www.youtube.com/watch?v=TCM0Yi1HYXk
Cannon Shot! Gameplay - Level 121-150 Walkthrough (IOS/Android),조회수 39회,2019. 11. 18.,0,0,Runyo,구독자 3.63천명,https://www.youtube.com/watch?v=EqOnCLLqbJE
Cannon Shot By Saygames Android/Ios Gameplay,조회수 10회,2019. 11. 18.,0,0,Casual Mobile Games,구독자 145명,https://www.youtube.com/watch?v=1A_xV-oYK7w
Cannon shot game play,조회수 8회,2019. 11. 18.,1,0,KO cocuk,구독자 8명,https://www.youtube.com/watch?v=5jNyO-xHMy0
Cannon Shot! - Shoot and Catch Gameplay - Part 1,조회수 137회,2019. 11. 18.,1,0,WhattaGameplay,구독자 4.22만명,https://www.youtube.com/watch?v=d4L-Dq5L-EM
"Cannon Shot: Level 22 To 41 - 3 Stars , iOS/Android Walkthrough",조회수 475회,2019. 11. 18.,2,2,SSSB Games,,https://www.youtube.com/watch?v=EtQ0chys3ek
CANNON SHOT! Levels 126-150 Walkthrough,조회수 24회,2019. 11. 18.,0,0,Stratomobile,,https://www.youtube.com/watch?v=DalnQOPQKNk
Cannon Shot Level 74 Walkthrough,조회수 18회,2019. 11. 18.,0,0,Friends & Fun,구독자 6.86천명,https://www.youtube.com/watch?v=r1OmHgMYgA4
"Cannon Shot: Level 42 To 65 - 3 Stars , iOS/Android Walkthrough",조회수 228회,2019. 11. 18.,4,0,SSSB Games,,https://www.youtube.com/watch?v=QjSNORGiY7Y
Cannon Shot Level 72 Walkthrough,조회수 25회,2019. 11. 18.,0,0,Friends & Fun,구독자 6.86천명,https://www.youtube.com/watch?v=vEzPZXOKJGc
Cannon Shot Level 73 Walkthrough,조회수 32회,2019. 11. 18.,0,0,Friends & Fun,구독자 6.86천명,https://www.youtube.com/watch?v=CR6l0MdfLpk
Cannon Shot Level 75 Walkthrough,조회수 51회,2019. 11. 18.,0,1,Friends & Fun,구독자 6.86천명,https://www.youtube.com/watch?v=jmbL-7y2jFU
Cannon Shot Level 90 Walkthrough,조회수 13회,2019. 11. 19.,0,0,Friends & Fun,구독자 6.86천명,https://www.youtube.com/watch?v=1GX1G3iY1Z8
Cannon Shot Level 84 Walkthrough,조회수 16회,2019. 11. 19.,0,0,Friends & Fun,구독자 6.86천명,https://www.youtube.com/watch?v=YF8u3b66r9M
Cannon Shot Level 82 Walkthrough,조회수 5회,2019. 11. 19.,0,0,Friends & Fun,구독자 6.86천명,https://www.youtube.com/watch?v=cJPKS2e_rmE
Cannon Shot Level 85 Walkthrough,조회수 25회,2019. 11. 19.,0,0,Friends & Fun,구독자 6.86천명,https://www.youtube.com/watch?v=c97VG0I94wE
Cannon Shot Level 83 Walkthrough,조회수 50회,2019. 11. 19.,0,1,Friends & Fun,구독자 6.86천명,https://www.youtube.com/watch?v=YiYCmiVvA0w
Cannon Shot Boss 16 Walkthrough,조회수 76회,2019. 11. 19.,0,0,Friends & Fun,구독자 6.86천명,https://www.youtube.com/watch?v=LmIXDe9dt1w
"Cannon Shot: Level 66 To 88 - 3 Stars , iOS/Android Walkthrough",조회수 323회,2019. 11. 19.,2,0,SSSB Games,,https://www.youtube.com/watch?v=boYoaVgWyio
Cannon Shot Boss level 2,조회수 19회,2019. 11. 19.,0,0,Мульти Варка,구독자 1명,https://www.youtube.com/watch?v=zNUdMLnp8n8
Cannon Shot Level 87 Walkthrough,조회수 7회,2019. 11. 19.,0,0,Friends & Fun,구독자 6.86천명,https://www.youtube.com/watch?v=luwni_mXaVY
Cannon Shot Level 86 Walkthrough,조회수 6회,2019. 11. 19.,0,0,Friends & Fun,구독자 6.86천명,https://www.youtube.com/watch?v=kPkLffP1qEE
Cannon Shot Level 89 Walkthrough,조회수 3회,2019. 11. 19.,0,0,Friends & Fun,구독자 6.86천명,https://www.youtube.com/watch?v=w1lc7Vi_6YU
Cannon Shot Level 88 Walkthrough,조회수 8회,2019. 11. 19.,0,0,Friends & Fun,구독자 6.86천명,https://www.youtube.com/watch?v=pZ1OVyZ6iQo
Cannon Shot Boss 17 Walkthrough,조회수 43회,2019. 11. 19.,0,0,Friends & Fun,구독자 6.86천명,https://www.youtube.com/watch?v=S36N-vRKDh8
Cannon Shot Level 81 Walkthrough,조회수 7회,2019. 11. 19.,0,0,Friends & Fun,구독자 6.86천명,https://www.youtube.com/watch?v=FhsMlXQETuU
"Cannon Shot! Level 101-200 3 Stars With Bosses Gameplay Walkthrough (Android, iOS)",조회수 942회,2019. 11. 19.,5,1,Tap Touch,구독자 673명,https://www.youtube.com/watch?v=rXC-U4KUnaI
Playing dino t-rex and cannon shot,조회수 8회,2019. 11. 20.,2,0,zizer toe_king,구독자 7명,https://www.youtube.com/watch?v=jETxQTlwdDQ
Main game canon shot dalam mobile (senang),조회수 3회,2019. 11. 20.,0,1,Irfan Zaquan,구독자 1명,https://www.youtube.com/watch?v=SC5zstbxvXo
Cannon Shot Boss 18 Walkthrough,"조회수 1,318회",2019. 11. 20.,7,1,Friends & Fun,구독자 6.86천명,https://www.youtube.com/watch?v=hMbeRkPWAzk
Cannon Shot Level 92 Walkthrough,조회수 30회,2019. 11. 20.,0,0,Friends & Fun,구독자 6.86천명,https://www.youtube.com/watch?v=i_dFXp8EqZY
Cannon Shot Level 93 Walkthrough,조회수 62회,2019. 11. 20.,1,0,Friends & Fun,구독자 6.86천명,https://www.youtube.com/watch?v=RbFlS6jBts4
Cannon Shot Level 95 Walkthrough,조회수 10회,2019. 11. 20.,0,0,Friends & Fun,구독자 6.86천명,https://www.youtube.com/watch?v=7NzNVRydAjk
Cannon Shot Level 94 Walkthrough,조회수 17회,2019. 11. 20.,0,0,Friends & Fun,구독자 6.86천명,https://www.youtube.com/watch?v=Fq30x1XNG_w
Cannon Shot Level 91 Walkthrough,조회수 12회,2019. 11. 20.,0,0,Friends & Fun,구독자 6.86천명,https://www.youtube.com/watch?v=6kAuKXoFpZs
Cannon Shot,조회수 9회,2019. 11. 20.,4,0,Simulator Games Android,구독자 38명,https://www.youtube.com/watch?v=shWWN5QgY3Q
CANNON SHOT All Levels 1-30+ALL BOSSES! [ANDROID GAMEPLAY],조회수 784회,2019. 11. 20.,좋아요,싫어요,BEST ANDROID GAMEPLAY,구독자 3.29천명,https://www.youtube.com/watch?v=YM8XkIFjrFI
Cannon Shot Game Levels 1-20,조회수 20회,2019. 11. 20.,1,0,UncleBunGameplay,구독자 8명,https://www.youtube.com/watch?v=tkZ3xQyebpQ
Cannon Shot Level 100 Walkthrough,조회수 5회,2019. 11. 21.,0,0,Friends & Fun,구독자 6.86천명,https://www.youtube.com/watch?v=Jt8RAiAKxsE
Cannon Shot Level 96 Walkthrough,조회수 6회,2019. 11. 21.,0,0,Friends & Fun,구독자 6.86천명,https://www.youtube.com/watch?v=DaOKhV-Y9s0
Cannon Shot Level 99 Walkthrough,조회수 51회,2019. 11. 21.,0,0,Friends & Fun,구독자 6.86천명,https://www.youtube.com/watch?v=vhimXHhJ5Wo
Cannon Shot Boss 19 Walkthrough,조회수 82회,2019. 11. 21.,0,0,Friends & Fun,구독자 6.86천명,https://www.youtube.com/watch?v=RgMKVB149MY
Cannon Shot! 3d Gamplay bosses Defeat,조회수 9회,2019. 11. 21.,0,0,Manay Studios,구독자 2명,https://www.youtube.com/watch?v=5FYcUcnpsGI
"Cannon Shot: Level 89 To 113 - 3 Stars , iOS/Android Walkthrough",조회수 502회,2019. 11. 21.,5,0,SSSB Games,,https://www.youtube.com/watch?v=HZ7pH2nxQsI
Hand cannon shot,조회수 12회,2019. 11. 21.,3,0,ruin clapz,구독자 10명,https://www.youtube.com/watch?v=JVsGMPszrDs
Cannon Shot Level 98 Walkthrough,조회수 7회,2019. 11. 21.,0,0,Friends & Fun,구독자 6.86천명,https://www.youtube.com/watch?v=XiMGHl20fOA
Cannon Shot Level 97 Walkthrough,조회수 4회,2019. 11. 21.,0,0,Friends & Fun,구독자 6.86천명,https://www.youtube.com/watch?v=ZV9hZFDI_oA
Playing Cannon Shot,조회수 18회,2019. 11. 21.,2,0,Itz Game Time,구독자 6명,https://www.youtube.com/watch?v=Ej_Gkh3UV3s
That Game is Cannon Shot.,조회수 2회,2019. 11. 22.,0,0,Unicorn Puppet the Unicorn Puppet,,https://www.youtube.com/watch?v=K9yEyYuS4fg
CANNON SHOT LEVEL 128 - 184 | MOBILE GAME PLAY (HD),조회수 78회,2019. 11. 22.,1,0,Cer Cerna,구독자 1.29천명,https://www.youtube.com/watch?v=3LyvoJEQFSc
Cannon shot boss level 9 walkthrough || link in the discripation,조회수 525회,2019. 11. 22.,2,0,Krish thakkar,구독자 10명,https://www.youtube.com/watch?v=Lw4u6BX28GI
Cannon Shot Levels 21-40 + Boss Fights IOS Gameplay,"조회수 2,140회",2019. 11. 22.,12,3,Usman's Gaming,구독자 4.75천명,https://www.youtube.com/watch?v=HMA-x5htJG4
Cannon shot level 31 to 35 walkthrough || link in the discripation,조회수 없음,2019. 11. 22.,0,0,Krish thakkar,구독자 10명,https://www.youtube.com/watch?v=aY1yGXMNaoU
Cannon shot level 41 to 45 walkthrough || link in the discripation,조회수 2회,2019. 11. 22.,0,0,Krish thakkar,구독자 10명,https://www.youtube.com/watch?v=47QxOEoUu8o
Cannon shot boss 7 walkthrough link in the discripation,조회수 377회,2019. 11. 22.,2,0,Krish thakkar,구독자 10명,https://www.youtube.com/watch?v=LWU3sCsjtXc
Cannon shot Level 1 to 6 walkthrough,조회수 1회,2019. 11. 22.,0,0,Krish thakkar,구독자 10명,https://www.youtube.com/watch?v=oiUoM1kGMfE
Cannon Shot - Android Game,조회수 3회,2019. 11. 22.,0,0,Gaming Playground,,https://www.youtube.com/watch?v=OqLyT3-QfSY
Cannon shot boss 1 walkthrough,조회수 12회,2019. 11. 22.,0,0,Krish thakkar,구독자 10명,https://www.youtube.com/watch?v=U0I3KseG_Gw
Main Game Offline Ke-2 | Cannon Shot,조회수 2회,2019. 11. 23.,0,0,Itz_FrostBlitz,구독자 7명,https://www.youtube.com/watch?v=hfDP3EhW--A
Cannon Shot Boss level 6,조회수 377회,2019. 11. 23.,2,0,Мульти Варка,구독자 1명,https://www.youtube.com/watch?v=KYAQeVfsEZo
Cannon shot boss level 10 walkthrough || link in the discripation,조회수 28회,2019. 11. 23.,0,0,Krish thakkar,구독자 10명,https://www.youtube.com/watch?v=6V7IMH70Zmc
Cannon Shot Boss level 7,조회수 100회,2019. 11. 23.,0,0,Мульти Варка,구독자 1명,https://www.youtube.com/watch?v=ON3EjlJDvZg
A GAMEPLAY OF CANNON SHOT,조회수 1회,2019. 11. 23.,0,0,NOOB GAMING CLAN,구독자 6명,https://www.youtube.com/watch?v=dWjqLQO67D8
cannon shot,조회수 10회,2019. 11. 23.,2,0,OYUN GAME,구독자 1명,https://www.youtube.com/watch?v=Nt2a-TTXknM
Cannon shot,조회수 없음,2019. 11. 24.,0,0,playing video games o,구독자 1명,https://www.youtube.com/watch?v=v54EHs2nlFM
CANNON SHOT! Level 94-105 with BOSS BATTLE,조회수 61회,2019. 11. 24.,0,0,Mrniceguy143 Gaming,,https://www.youtube.com/watch?v=oCwemf5C3-E
Main Cannon Shot Game higt level #Cannon Shot gameplay,조회수 8회,2019. 11. 25.,0,0,iseng wee,,https://www.youtube.com/watch?v=OS0HZMPqFsU
CANNON SHOT GAMEPLAY!,조회수 1회,2019. 11. 25.,0,0,The Game Chanel,구독자 30명,https://www.youtube.com/watch?v=kDpba86y6OY
"Cannon Shot! : Gameplay Walkthrough #1 (Android, iOS) – Levels 1-20 and Bosses",조회수 114회,2019. 11. 25.,1,0,Kiza Gameplays,구독자 19명,https://www.youtube.com/watch?v=SDpMO_iPya0
Main Game Cannon Shot,조회수 1회,2019. 11. 25.,0,0,Bhogel Gaming,구독자 31명,https://www.youtube.com/watch?v=xoAdcPltcjM
Cannon Shot! Android Gameplay 2019 || Best Game of the month November 2019,조회수 1회,2019. 11. 25.,0,0,Gaming Babaji,,https://www.youtube.com/watch?v=SOiTYQgcb7U
CANNON SHOT! Level 107-111 with BOSS BATTLE,조회수 42회,2019. 11. 25.,1,0,Mrniceguy143 Gaming,,https://www.youtube.com/watch?v=k96Z2wLv6ho
Cannon Shot Level 33-40.,조회수 13회,2019. 11. 26.,4,0,MIFKA GAMING,구독자 132명,https://www.youtube.com/watch?v=t6GxM5umLog
CANNON SHOT BOSS FIGHT GAMEPLAY,조회수 18회,2019. 11. 26.,0,0,MI ANDROID GAMEPLAY,,https://www.youtube.com/watch?v=JiTMEyWyASk
Defeating the 28th boss in cannon shot!,조회수 56회,2019. 11. 26.,3,0,Ethan Nass,구독자 362명,https://www.youtube.com/watch?v=JKguJjTjlfA
Main Cannon Shot Pro Boss Fight #gameoffline keren,조회수 22회,2019. 11. 26.,2,0,iseng wee,,https://www.youtube.com/watch?v=BK7yN3KG98c
CANNON SHOT - NEW GAME BOSS FIGHT 1 GAMEPLAY,조회수 16회,2019. 11. 27.,0,0,Chintu Android Gameplay,,https://www.youtube.com/watch?v=iJUMs2-wSr0
Cannon Shot - Android Gameplay #1,조회수 4회,2019. 11. 27.,0,0,Android GameRec,구독자 1명,https://www.youtube.com/watch?v=kRVCd6XKv6Y
Defeating the 35th boss in cannon shot!,조회수 5회,2019. 11. 27.,0,0,Ethan Nass,구독자 362명,https://www.youtube.com/watch?v=VfJ_eYN8iCc
Defeating the 34th boss in cannon shot!,조회수 7회,2019. 11. 27.,0,0,Ethan Nass,구독자 362명,https://www.youtube.com/watch?v=xBYx41Vbu_w
Defeating the 29th boss in cannon shot!,조회수 20회,2019. 11. 27.,2,0,Ethan Nass,구독자 362명,https://www.youtube.com/watch?v=C2ioxzel_BI
Cannon Shot! (by SayGames) - puzzle game for android and iOS - gameplay.,조회수 35회,2019. 11. 27.,3,0,andro-games,구독자 7.09천명,https://www.youtube.com/watch?v=pDwlvY8oNX8
Defeating the 32nd boss in cannon shot!,조회수 7회,2019. 11. 27.,0,0,Ethan Nass,구독자 362명,https://www.youtube.com/watch?v=xCOgoXH9BHc
Cannon shot! Gameplay.,조회수 7회,2019. 11. 28.,0,0,Hayden Donovan,구독자 8명,https://www.youtube.com/watch?v=L1RVav01DlI
Cannon Shot! Gameplay - Level 151-170 Walkthrough (IOS/Android),조회수 31회,2019. 11. 28.,0,0,Runyo,구독자 3.63천명,https://www.youtube.com/watch?v=VE1sDT_Verc
Cannon Shot! Gameplay - Level 171-200 Walkthrough (IOS/Android),조회수 41회,2019. 11. 28.,1,0,Runyo,구독자 3.63천명,https://www.youtube.com/watch?v=Sc7ceZo1p6o
Cannon Shot Game Hd Gameplay _ Lets Play Cannon Shot _ Android,조회수 5회,2019. 11. 29.,1,0,NextLevel Gaming,구독자 25명,https://www.youtube.com/watch?v=_iSG878_Kvs
CANNON SHOT BOSS FIGHT 4 - NEW ANDROID GAMEPLAY,조회수 4회,2019. 11. 29.,0,0,Chintu Android Gameplay,,https://www.youtube.com/watch?v=HPXOF5E7t7A
Cannon shot game!!!!,조회수 4회,2019. 11. 29.,1,0,Mega Handout,구독자 5명,https://www.youtube.com/watch?v=8CeYxEzbF70
Cannon Shot! Game Walkthrough Level 1-50,조회수 942회,2019. 11. 29.,10,1,Top Games Walkthrough,구독자 2.75만명,https://www.youtube.com/watch?v=hx4-IY4D9NQ
Defeating the 37th boss in cannon shot!,조회수 12회,2019. 11. 29.,1,0,Ethan Nass,구독자 362명,https://www.youtube.com/watch?v=Vq7vY-ze1bo
Cannon Shot! Level 1 - 30 Incredible Gameplay Best Game Ever || Say Games,조회수 10회,2019. 11. 29.,2,0,Zain Ali Gaming,,https://www.youtube.com/watch?v=RVFubseak3A
playing cannon shot,조회수 없음,2019. 11. 29.,0,0,Ruth Perales,,https://www.youtube.com/watch?v=EoVfjJsPMcw
Random cannon shot,조회수 3회,2019. 11. 30.,0,0,Tad1922 - Stream Clips & more!,구독자 3명,https://www.youtube.com/watch?v=_s59kxX0DU4
Hand cannon shot,조회수 5회,2019. 11. 30.,0,0,cLoUt_ Exoticc,구독자 15명,https://www.youtube.com/watch?v=lblSA-1p6WY
CANNON SHOT WORLD 2 BOSS FIGHT 5 AND BOSS FIGHT 6 GAMEPLAY - NEW CANNON UNLOCKED,조회수 20회,2019. 11. 30.,0,0,Chintu Android Gameplay,,https://www.youtube.com/watch?v=JNcqQrkidKg
Cannon Shot Levels 41-60 + Boss Fights IOS Gameplay,"조회수 1,499회",2019. 11. 30.,9,1,Usman's Gaming,구독자 4.75천명,https://www.youtube.com/watch?v=e9HfnPK7ah8
Cannon Shot! Level 50 to 100 Complete | Android iOS Gameplay,조회수 14회,2019. 11. 30.,1,0,Shivam Gamer,구독자 6.85천명,https://www.youtube.com/watch?v=zTp7MD0CE4M
"TOM HERO, CLEAN ROAD, STOP THEM ALL, CANNON SHOT, PART 27",조회수 164회,2019. 11. 30.,0,0,GAMER GAMEPLAY,,https://www.youtube.com/watch?v=aNlLrr7s6uU
Cannon Shot _ Level 83 _ HD Gameplay Android,조회수 3회,2019. 11. 30.,0,0,NextLevel Gaming,구독자 25명,https://www.youtube.com/watch?v=GudDuM1X8H4
Cannon Shot _Boss Fight Level 6 _ Android Gameplay,조회수 11회,2019. 11. 30.,1,0,NextLevel Gaming,구독자 25명,https://www.youtube.com/watch?v=17ZjEghskYY
Cannon Shot! (by SayGames) - Android / iOS Gameplay,조회수 8회,2019. 11. 30.,0,0,TeBsZzz Gaming,구독자 1.77천명,https://www.youtube.com/watch?v=NgMKx13hZQY
Cannon Shot 1-59 Levels,"조회수 2,176회",2019. 11. 7.,21,2,daydreamz studio,구독자 845명,https://www.youtube.com/watch?v=cJGLQVjoKeQ
Cannon Shot Gameplay Level 1 to 50,조회수 487회,2019. 11. 7.,7,1,Happy Game Time,구독자 1.43천명,https://www.youtube.com/watch?v=8s6DppKd8b0
Cannon shot -High Speed Crashes #30 - BeamNG Drive,"조회수 2,868회",2019. 11. 9.,10,0,Sense of speed,구독자 9.12만명,https://www.youtube.com/watch?v=hiitrg5KONs
Cannon Shot Boss level 8 “Toxic”,조회수 10회,2019. 12. 1.,0,0,Мульти Варка,구독자 1명,https://www.youtube.com/watch?v=8MNXdO-QP0Q
Cannon Shot! LEVEL 34 BOSS 7 Gameplay,조회수 274회,2019. 12. 1.,7,0,iDarwichGames,구독자 1.62만명,https://www.youtube.com/watch?v=jVRGcci5h70
CANNON SHOT WORLD 2 - BOSS FIGHT 7 GAMEPLAY,조회수 26회,2019. 12. 1.,1,0,Chintu Android Gameplay,,https://www.youtube.com/watch?v=HCJN2A3l8QQ
Defeating the 40th boss in cannon shot! ITS MY BIRTHDAY TODAY!!!,조회수 6회,2019. 12. 1.,1,0,Ethan Nass,구독자 362명,https://www.youtube.com/watch?v=uoPIlZ8JCBc
Defeating the 39th boss in cannon shot!,조회수 4회,2019. 12. 1.,0,0,Ethan Nass,구독자 362명,https://www.youtube.com/watch?v=2MEFQYz4wbg
Cannon Shot! Gameplay,조회수 없음,2019. 12. 1.,0,0,Maha Khader,구독자 171명,https://www.youtube.com/watch?v=Y2mnXL6QzGY
Complete Cannon Shot! Level 112,조회수 62회,2019. 12. 1.,1,0,Sanidhya 250,구독자 18명,https://www.youtube.com/watch?v=EJ-bOK5LXUU
Cannon Shot Level 26-35 Android/ios Gameplay,조회수 977회,2019. 12. 1.,6,0,Mobile Videogames,구독자 1.74만명,https://www.youtube.com/watch?v=ZRBkSDsaNqI
CANNON SHOT,조회수 3회,2019. 12. 1.,0,0,ARROWMAN 00,구독자 6명,https://www.youtube.com/watch?v=aNUb5YV--iw
Cannon Shot! Level 1-50 Gameplay walkthrough -(ios/Android),조회수 8회,2019. 12. 1.,1,0,Trending Mobile Games,,https://www.youtube.com/watch?v=5H6V2RApD18
Cannon shot boss level 34 walkthrough subscribe my channel,조회수 11회,2019. 12. 1.,1,0,Krish thakkar,구독자 10명,https://www.youtube.com/watch?v=FWjqIExF8J4
Cannon Shot! Level 392 to 395 and Boss 80 complete,조회수 없음,2019. 12. 10.,0,0,Gabsfrac BR,,https://www.youtube.com/watch?v=l8QszrQ4MwM
"Cannon Shot! Level 1, 2, 3, 4, First Boss (Android)",조회수 6회,2019. 12. 10.,0,0,MuchaLaLa,구독자 310명,https://www.youtube.com/watch?v=plnjUcLVtmQ
"Cannon Shot! Level 8, 9, Boss 2 (Android)",조회수 1회,2019. 12. 10.,0,0,MuchaLaLa,구독자 310명,https://www.youtube.com/watch?v=RtLrk7zHvMc
CANNON SHOT WORLD 4 BOSS FIGHT 18 GAMEPLAY,조회수 4회,2019. 12. 10.,0,0,Chintu Android Gameplay,,https://www.youtube.com/watch?v=lT4d_5jKCoU
"Cannon Shot Level 10, 11, 12",조회수 5회,2019. 12. 10.,0,0,MuchaLaLa,구독자 310명,https://www.youtube.com/watch?v=tHhbRcigGyI
Cannon Shot! Episode seven,조회수 1회,2019. 12. 10.,0,0,Just,구독자 8명,https://www.youtube.com/watch?v=i8MRJsy5cQ4
Cannon Shot! Game Play [Android-IOS] Level 74-90,조회수 90회,2019. 12. 10.,3,0,Android Gaming,,https://www.youtube.com/watch?v=f5Pp5dbAyZs
Cannon shot game play,조회수 21회,2019. 12. 11.,1,0,Oatmealz,구독자 15명,https://www.youtube.com/watch?v=kKB4t06JDTI
Star Wars Battlefront (2015) - Pulse Cannon Shot,조회수 5회,2019. 12. 11.,0,0,Dabuss55,구독자 62명,https://www.youtube.com/watch?v=veTQD9LrDQs
Cannon Shot! Game Play [Android-IOS] Level 91-115,조회수 165회,2019. 12. 11.,3,0,Android Gaming,,https://www.youtube.com/watch?v=_TFgMhg36yI
Cannon Shot! Game Play [Android-IOS] Level 119-138,조회수 207회,2019. 12. 11.,4,0,Android Gaming,,https://www.youtube.com/watch?v=bJnoG-cnxZw
"BDO SEA - ""[Event] Lara's Request"" Cannon Shot",조회수 122회,2019. 12. 11.,4,0,Yoga Wijaya,구독자 5명,https://www.youtube.com/watch?v=NKI5NOctGXA
Cannon shot,조회수 5회,2019. 12. 12.,1,0,지지,구독자 10명,https://www.youtube.com/watch?v=SB-WwPWHOnk
CANNON SHOT BOSS FIGHT 8 GAMEPLAY,조회수 8회,2019. 12. 2.,0,0,Chintu Android Gameplay,,https://www.youtube.com/watch?v=lLBsYpP0hmg
Cannon shot level 2 #KN,조회수 1회,2019. 12. 2.,0,0,KHURRAM NAWAZ,,https://www.youtube.com/watch?v=w2ZpL65KTT0
Cannon Shot Game! Levels 1-10,조회수 4회,2019. 12. 2.,1,0,DESI GAMES,구독자 1명,https://www.youtube.com/watch?v=oJ5E5UoMDUw
My greates hand cannon shot of all time (season 6),조회수 5회,2019. 12. 2.,1,0,Adventure Bot,구독자 1명,https://www.youtube.com/watch?v=S7AMRrJ1GJs
My best hand cannon shot,조회수 3회,2019. 12. 2.,1,0,twitch branchy,구독자 4명,https://www.youtube.com/watch?v=50qtFzZRZxI
Mobil Android Oyunlar..Cannon Shot!,조회수 8회,2019. 12. 2.,1,0,Acemi PRO,구독자 2명,https://www.youtube.com/watch?v=oJNCC7PUaC0
"CANNON SHOT,BATTLE DISC, PICKED 3D, STOP THEM ALL PART 31",조회수 56회,2019. 12. 2.,0,0,GAMER GAMEPLAY,,https://www.youtube.com/watch?v=2iuwMGj_06k
"Cannon Shot: Level 139 To 163 - 3 Stars , iOS/Android Walkthrough",조회수 55회,2019. 12. 2.,1,0,SSSB Games,,https://www.youtube.com/watch?v=afk34KT8P9g
Cannon Shot! Game Walkthrough Level 51-100,조회수 692회,2019. 12. 2.,7,3,Top Games Walkthrough,구독자 2.75만명,https://www.youtube.com/watch?v=g60iiNv5tXI
MONI BAGS - GAME OVER FREESTYLE: Shot by DaddyFatChops (Canon EOS R Official Music Video),조회수 37회,2019. 12. 3.,1,0,Reid Baby,구독자 58명,https://www.youtube.com/watch?v=IMTbydt1Zuc
BOOM SHOOT! | CANNON SHOT - #1,조회수 7회,2019. 12. 3.,2,0,Eurie PH,구독자 8명,https://www.youtube.com/watch?v=sswsPodLBUk
CANNON SHOT WORLD TWO BOSS FIGHT GAMEPLAY,조회수 5회,2019. 12. 4.,0,0,MI ANDROID GAMEPLAY,,https://www.youtube.com/watch?v=uQK8yRmoCZQ
Cannon shot gameing,조회수 2회,2019. 12. 4.,1,0,Nob Nishant,구독자 4명,https://www.youtube.com/watch?v=YgjpjP3kevo
Complete Cannon Shot! Level 165-170,조회수 13회,2019. 12. 4.,0,0,Sanidhya 250,구독자 18명,https://www.youtube.com/watch?v=MqUOFQ-7Nik
Complete Cannon Shot! Level 185-190,조회수 3회,2019. 12. 5.,0,0,Sanidhya 250,구독자 18명,https://www.youtube.com/watch?v=Aw15qK6Dne0
Cannon Shot! Boss Level 3 Walkthrough,조회수 60회,2019. 12. 5.,2,0,maruf rafi,구독자 15명,https://www.youtube.com/watch?v=xOzoUC2f5-o
The “BOSS” cannon shot episode 2,조회수 4회,2019. 12. 5.,0,0,Aj world,구독자 29명,https://www.youtube.com/watch?v=4ufeyZHQWmU
Cannon Shot! Game Level 118th,조회수 5회,2019. 12. 5.,0,0,WEsiii NAzar,구독자 19명,https://www.youtube.com/watch?v=b8u9ZhNumTo
Cannon Shot! Boss Level 1 Walkthrough,조회수 4회,2019. 12. 5.,0,0,maruf rafi,구독자 15명,https://www.youtube.com/watch?v=oLrTH3FMgzo
CANNON SHOT WORLD 3 BOSS FIGHT 11 GAMEPLAY,조회수 2회,2019. 12. 5.,0,0,Chintu Android Gameplay,,https://www.youtube.com/watch?v=3TEjmlEwJIs
Cannon Shot! Boss Level 2 Walkthrough,조회수 3회,2019. 12. 5.,0,0,maruf rafi,구독자 15명,https://www.youtube.com/watch?v=orCxaxqUNmc
Cannon Shot! Boss Level 4 Walkthrough,조회수 10회,2019. 12. 5.,0,0,maruf rafi,구독자 15명,https://www.youtube.com/watch?v=QBaycbYjAMA
Playing cannon shot level 11-34 iOS gameplay,조회수 19회,2019. 12. 5.,5,0,King K Gaming,구독자 9명,https://www.youtube.com/watch?v=pJWRqcylPRE
Cannon Shot! Boss Level 6 Walkthrough,조회수 176회,2019. 12. 5.,1,0,maruf rafi,구독자 15명,https://www.youtube.com/watch?v=_gl06E8MmgA
Cannon Shot! Boss Level 7 Walkthrough,조회수 64회,2019. 12. 5.,2,0,maruf rafi,구독자 15명,https://www.youtube.com/watch?v=KEF--XiDjmo
Cannon Shot! Boss Level 8 Walkthrough,조회수 64회,2019. 12. 5.,2,0,maruf rafi,구독자 15명,https://www.youtube.com/watch?v=g3rZNnxuOlk
Cannon Shot game Boss 50 #maingame sampe puas,조회수 2회,2019. 12. 6.,1,0,iseng wee,,https://www.youtube.com/watch?v=Udxr8c4IH2g
CANNON SHOT! :- Game with Infinite Max,조회수 1회,2019. 12. 6.,1,0,INFINITE MAX LUCKY,구독자 15명,https://www.youtube.com/watch?v=ZDkrSawg-ew
Cannon Shot! Boss Level 9 Walkthrough,조회수 28회,2019. 12. 6.,0,0,maruf rafi,구독자 15명,https://www.youtube.com/watch?v=IXom-Xo_sl4
Playing Clash of Blocks and Cannon Shot,조회수 2회,2019. 12. 6.,2,0,Dawid_Robakowski,구독자 6명,https://www.youtube.com/watch?v=XB2gftt0QVk
Cannon Shot! Boss Level 10 Walkthrough,조회수 9회,2019. 12. 6.,0,0,maruf rafi,구독자 15명,https://www.youtube.com/watch?v=net1cmse3kg
Deafening 2 bosses in cannon shot,조회수 5회,2019. 12. 6.,0,0,It Convex101,구독자 5명,https://www.youtube.com/watch?v=EGVKRVdjcUQ
Reviewing Cannon Shot from Snapchat,조회수 6회,2019. 12. 6.,1,0,Game Reviews,구독자 4명,https://www.youtube.com/watch?v=duslFJo4IsE
CANNON SHOT WORLD 3 BOSS FIGHT 12 GAMEPLAY,조회수 1회,2019. 12. 6.,0,0,Chintu Android Gameplay,,https://www.youtube.com/watch?v=dHreYyJYbQ4
Cannon Shot! ||Android Gameplay||,조회수 1회,2019. 12. 6.,0,0,Unos Riptom,구독자 18명,https://www.youtube.com/watch?v=GQJkQ4ockTU
Cannon Shot! Boss Level 11 Walkthrough,조회수 5회,2019. 12. 6.,0,0,maruf rafi,구독자 15명,https://www.youtube.com/watch?v=FdW3gSDFhKw
Cannon Shot! Boss Level 12 Walkthrough,조회수 6회,2019. 12. 6.,0,0,maruf rafi,구독자 15명,https://www.youtube.com/watch?v=j4DekxBjdgU
Cannon Shot! Boss Level 13 Walkthrough,조회수 17회,2019. 12. 6.,0,0,maruf rafi,구독자 15명,https://www.youtube.com/watch?v=nDz-WRjh1ao
Cannon Shot! Boss Level 14 Walkthrough,조회수 19회,2019. 12. 6.,0,0,maruf rafi,구독자 15명,https://www.youtube.com/watch?v=WBTZOZ7L6f0
Cannon Shot! Boss Level 16 Walkthrough,조회수 18회,2019. 12. 6.,0,0,maruf rafi,구독자 15명,https://www.youtube.com/watch?v=qBTTr9Odyvc
Cannon Shot! Boss Level 15 Walkthrough,조회수 7회,2019. 12. 6.,0,0,maruf rafi,구독자 15명,https://www.youtube.com/watch?v=YP0VQDR6kzw
Cannon Shot! Boss Level 18 Walkthrough,조회수 17회,2019. 12. 6.,0,0,maruf rafi,구독자 15명,https://www.youtube.com/watch?v=ziw1JixKQ0M
Bad end to a cannon shot,조회수 2회,2019. 12. 7.,0,0,Infidel_sg,구독자 10명,https://www.youtube.com/watch?v=XrOdMs7vaFY
Cannon Shot! Boss Level 19 Walkthrough,조회수 13회,2019. 12. 7.,0,0,maruf rafi,구독자 15명,https://www.youtube.com/watch?v=-0afnM1bCRM
Cannon Shot! Boss Level 20 Walkthrough,조회수 22회,2019. 12. 7.,0,0,maruf rafi,구독자 15명,https://www.youtube.com/watch?v=Qfj1gUhxriQ
chơi game cannon shot!,조회수 없음,2019. 12. 7.,0,0,thiên kỳ doge gaminh,구독자 6명,https://www.youtube.com/watch?v=xsx5kvucCZc
Cannon Shot 게임,조회수 4회,2019. 12. 7.,0,0,홍이는멋쟁이,구독자 2명,https://www.youtube.com/watch?v=6T7Ufo9pHdw
Cannon shot “The easiest level ever” episode 3,조회수 3회,2019. 12. 7.,0,0,Aj world,구독자 29명,https://www.youtube.com/watch?v=VbeJGw4AM2A
Cannon Shot! Boss Level 21 Walkthrough,조회수 9회,2019. 12. 7.,0,0,maruf rafi,구독자 15명,https://www.youtube.com/watch?v=7ihrHmLwCVM
Cannon Shot! Boss Level 22 Walkthrough,조회수 7회,2019. 12. 7.,0,0,maruf rafi,구독자 15명,https://www.youtube.com/watch?v=jgdid3AsxiQ
Cannon Shot! Boss Level 23 Walkthrough,조회수 210회,2019. 12. 7.,3,0,maruf rafi,구독자 15명,https://www.youtube.com/watch?v=FadnSUYIPxQ
Cannon Shot! Boss Level 24 Walkthrough,조회수 7회,2019. 12. 7.,0,0,maruf rafi,구독자 15명,https://www.youtube.com/watch?v=ynTRHtGaDDc
Cannon Shot! Hold To Shoot good Game,조회수 3회,2019. 12. 7.,1,0,GAMEs LOVEr 007,,https://www.youtube.com/watch?v=OiTVQ5BNSGU
Cannon Shot! Boss Level 27 Walkthrough,조회수 11회,2019. 12. 8.,0,0,maruf rafi,구독자 15명,https://www.youtube.com/watch?v=jTYVcHrMAwo
Trải nhiệm game cannon shot,조회수 13회,2019. 12. 8.,3,0,tets games vs trải nghiệm,구독자 12명,https://www.youtube.com/watch?v=LV_0szPDN3g
CANNON SHOT WORLD 4 BOSS FIGHT 16 GAMEPLAY,조회수 3회,2019. 12. 8.,0,0,Chintu Android Gameplay,,https://www.youtube.com/watch?v=pumHWL6VHA8
Android game -Cannon Shot! (say games),조회수 12회,2019. 12. 8.,2,0,new gen people,구독자 5명,https://www.youtube.com/watch?v=Uhxfc6oDqEQ
Cannon Shot! Boss Level 30 Walkthrough,조회수 4회,2019. 12. 8.,0,0,maruf rafi,구독자 15명,https://www.youtube.com/watch?v=c9Hw14Vqj6k
Cannon Shot! Boss Level 28 Walkthrough,조회수 12회,2019. 12. 8.,0,0,maruf rafi,구독자 15명,https://www.youtube.com/watch?v=-nqXnrChKJI
Cannon Shot Lavel 36-45 Android/ios Gameplay,조회수 216회,2019. 12. 8.,3,0,Mobile Videogames,구독자 1.74만명,https://www.youtube.com/watch?v=9YK3fxl7dQ8
Cannon Shot! Boss Level 26 Walkthrough,조회수 13회,2019. 12. 8.,0,0,maruf rafi,구독자 15명,https://www.youtube.com/watch?v=LOSVukAOAVc
180 turn no aim Han cannon shot,조회수 9회,2019. 12. 9.,0,0,ItzDizzyyy,구독자 7명,https://www.youtube.com/watch?v=uvcUSfuJy1Q
CANNON SHOT ! LEVEL 1 - 10!!!,조회수 8회,2019. 12. 9.,0,0,Happy,,https://www.youtube.com/watch?v=55ooXkc1Q34
CANNON SHOT WORLD 4 BOSS FIGHT 17 GAMEPLAY,조회수 3회,2019. 12. 9.,0,0,Chintu Android Gameplay,,https://www.youtube.com/watch?v=iyZ1MzUSEps
Game Play CANNON SHOT!!!!👌,조회수 7회,2019. 12. 9.,1,0,Alex Jami,구독자 28명,https://www.youtube.com/watch?v=6y92bIQmG1w
1 in a Million Cannon Shot,조회수 49회,2019. 3. 28.,0,0,DunkinDingus,구독자 1.19천명,https://www.youtube.com/watch?v=VvsZ4HjCD3I
MAN SHOT BY CANON at Columbus Blue Jackets hockey game,"조회수 10,618회",2019. 3. 9.,111,3,Joey Smith,구독자 11명,https://www.youtube.com/watch?v=9DH3Uuctaf4
Fortnite Ep3 CRAZY CANNON SHOT!!!!! - KingDallas2004,조회수 156회,2019. 4. 17.,6,0,Nicho Worth,구독자 9.09천명,https://www.youtube.com/watch?v=0UStb8nOQaA
Canon Shot Spinny Shooter - Cannon Game,조회수 699회,2019. 5. 13.,0,0,Appstr Games,구독자 1명,https://www.youtube.com/watch?v=NVnRIzHBUKA
Hand cannon shot,조회수 6회,2019. 5. 18.,0,0,Dynamiic_haden gamer,구독자 29명,https://www.youtube.com/watch?v=chwcw3R0qaQ
Megatron The Last Knight Red Cannon - Fly Shot Gameplay - TRANSFORMERS Online 2019,"조회수 1,508회",2019. 5. 19.,42,2,MMOJACKX57,구독자 5.09만명,https://www.youtube.com/watch?v=XCe4Bn07KgA
Mini cannon shot bounces on RPG shot?! | Cops'n'robbers funny moments,조회수 59회,2019. 5. 20.,6,0,Superluigi2212,구독자 52명,https://www.youtube.com/watch?v=i3u-mijTmUU
Nice hand cannon shot,조회수 10회,2019. 5. 22.,0,0,Jay Jay,구독자 7명,https://www.youtube.com/watch?v=Ir0U4R9lcwo
Epic cannon shot,조회수 30회,2019. 5. 23.,2,0,NXN_Orange_Just 75,구독자 134명,https://www.youtube.com/watch?v=pdfQXrd5pNk
The 360 Hand Cannon Shot,조회수 36회,2019. 5. 31.,2,0,Dante Saltsman,구독자 4명,https://www.youtube.com/watch?v=8Eb4tlWvhGI
Arena Solo (Best Hand cannon shot),조회수 32회,2019. 6. 14.,2,0,Recon Asap,구독자 27명,https://www.youtube.com/watch?v=X2HLbX5CKBk
My nasty hand cannon shot,조회수 18회,2019. 6. 2.,3,0,UnLucky Clan,구독자 68명,https://www.youtube.com/watch?v=sovGwYAwSDg
Longest Hand Cannon shot EVER!!!!! (208 m),조회수 12회,2019. 6. 20.,0,0,Diamond Hawk,구독자 22명,https://www.youtube.com/watch?v=m53OEo-LOss
My luckiest hand cannon shot ever 🤪,조회수 18회,2019. 6. 24.,2,0,Brody Clipz,구독자 6명,https://www.youtube.com/watch?v=d8NH_9ojXFU
Destroying a truck with cannon shot (Roblox),조회수 13회,2019. 6. 25.,0,0,Connor Irvin,구독자 2명,https://www.youtube.com/watch?v=VfyvBPJHg3o
Fortnite hand cannon shot,조회수 5회,2019. 6. 27.,0,0,Cameron Smith,,https://www.youtube.com/watch?v=MJlI5Am4YoQ
Insane Lucky Hand Cannon Shot,조회수 26회,2019. 6. 6.,1,0,Humor With Saphal,구독자 27명,https://www.youtube.com/watch?v=LaowPqhkrgw
Old hand cannon shot,조회수 9회,2019. 6. 6.,0,0,impailed,구독자 4명,https://www.youtube.com/watch?v=oMM7acratxE
Epic cannon shot,조회수 3회,2019. 6. 7.,1,0,Beastmode 56603,구독자 1명,https://www.youtube.com/watch?v=-tU3ketYhkk
Decent hand cannon shot,조회수 41회,2019. 6. 8.,6,0,PoopStain C:,구독자 67명,https://www.youtube.com/watch?v=JtOvdmKPeGU
Hand Cannon SHOT,조회수 14회,2019. 7. 2.,2,0,Team Glitch,구독자 10명,https://www.youtube.com/watch?v=8K1u0osjUvs
Star Wars Battlefront (2015) - Pulse Cannon Shot,조회수 5회,2019. 7. 20.,1,0,Dabuss55,구독자 62명,https://www.youtube.com/watch?v=wVac2duOFL0
Easy pickaxe and head shot hand cannon shot ⚡❄,조회수 18회,2019. 7. 27.,2,1,TTV. ACe,구독자 2명,https://www.youtube.com/watch?v=Vtv2i4SLM_U
Hit a cannon shot*,조회수 7회,2019. 7. 29.,1,0,Strxck,구독자 8명,https://www.youtube.com/watch?v=j0TPOkFBdFY
I hit a 248 meter Hand Cannon shot in scrims.,조회수 27회,2019. 7. 31.,0,1,James Walters,구독자 57명,https://www.youtube.com/watch?v=s37pmUj_K60
Sick Hand Cannon Shot,조회수 6회,2019. 7. 7.,1,0,brady swain,구독자 21명,https://www.youtube.com/watch?v=ck7VmbOKB1M
Brian's Shockwave Hand Cannon Shot,조회수 4회,2019. 7. 7.,0,0,Dustin Johnson,,https://www.youtube.com/watch?v=wqgIkTZNfEc
Cannon Shot: Crie você também seu app / game para android,조회수 7회,2019. 8. 1.,0,0,Canal do Jota,구독자 6명,https://www.youtube.com/watch?v=zAXbXrER0yo
Hand cannon shot creative 1v1,조회수 13회,2019. 8. 13.,0,0,Mythic,구독자 9명,https://www.youtube.com/watch?v=OPsI3O6TrFw
my best HAND CANNON SHOT ever,조회수 46회,2019. 8. 13.,10,0,xNickTheBoy,구독자 45명,https://www.youtube.com/watch?v=mNAP2Ogi5Cs
Sick Hand Cannon Shot,조회수 13회,2019. 8. 14.,1,0,Noster,구독자 37명,https://www.youtube.com/watch?v=3hb0BruoP2M
Hand cannon shot Epic,조회수 9회,2019. 8. 14.,1,0,RayLit BOI,구독자 6명,https://www.youtube.com/watch?v=AM9yseWzyxM
Sniper Cannon Shot,조회수 없음,2019. 8. 18.,0,0,iNNate Gaming,,https://www.youtube.com/watch?v=zeD3tvdwSPQ
Zelda Twilight Princess - 48 - Shot Out Of A Cannon,"조회수 283,987회",2019. 8. 19.,9.7천,111,GameGrumps,구독자 518만명,https://www.youtube.com/watch?v=lhzxEb-Xm5o
First orbitol cannon shot,조회수 없음,2019. 8. 21.,0,0,Brooks Blair,구독자 8명,https://www.youtube.com/watch?v=XvzqIlxN8g4
Lucky hand cannon shot,조회수 9회,2019. 8. 23.,0,0,OrangeRaptor007,구독자 3명,https://www.youtube.com/watch?v=N8STgFKU1rE
Hand cannon shot,조회수 6회,2019. 8. 26.,2,0,MYSTIC W0LFL3SS,구독자 12명,https://www.youtube.com/watch?v=Hl2In_SMGdU
Criação Cannon Shot - Crie seu game Mobile!,조회수 9회,2019. 8. 3.,0,1,Canal do Jota,구독자 6명,https://www.youtube.com/watch?v=YvSQwqbocHg
NASTY hand cannon shot,조회수 3회,2019. 8. 3.,0,0,Shiny Pizza,구독자 32명,https://www.youtube.com/watch?v=DMe3jJvoSng
The reliable one shot hand cannon,"조회수 235,643회",2019. 8. 30.,8.6천,167,Mr. Fruit,구독자 165만명,https://www.youtube.com/watch?v=3TqW6zZK64s
Sea of Thieves: Epic cannon shot,조회수 28회,2019. 8. 4.,4,0,BananaKing,구독자 14명,https://www.youtube.com/watch?v=97y-gnyLMcQ
Best hand cannon shot!,조회수 43회,2019. 8. 5.,4,1,Aiden the Scot,구독자 57명,https://www.youtube.com/watch?v=Lp7NPS6G7Lo
Insane YEET cannon shot!,조회수 23회,2019. 9. 18.,2,0,Arturo Rios,구독자 4명,https://www.youtube.com/watch?v=P-_qI0arCok
epic hand cannon shot! get wrecked by me!,조회수 24회,2019. 9. 2.,4,0,nbagoatgamingTS,구독자 41명,https://www.youtube.com/watch?v=qt4iWJ6zTWc
Referee injured by cannon at Maine Maritime Academy football game,"조회수 25,274회",2019. 9. 25.,19,3,NEWS CENTER Maine,구독자 5.53천명,https://www.youtube.com/watch?v=LwKwyYQKk0k
Crazy sea of thieves cannon shot,조회수 23회,2019. 9. 4.,4,0,Jon Mahar,구독자 3명,https://www.youtube.com/watch?v=s5wBjue07ik
Cannon Showcase : 250 L/R (2 shot any offset regen),조회수 556회,2019. 9. 5.,7,0,Hazec,구독자 74명,https://www.youtube.com/watch?v=ccphucuFLng
Omg !!! Dirty hand cannon shot ever,조회수 42회,2019. 9. 8.,7,0,NBX07,구독자 77명,https://www.youtube.com/watch?v=DZPuAvwMOE4
🔴 LIVE | CANNON SHOT | SCREEN RECORDER,조회수 10회,실시간 스트리밍 시작일: 2019. 11. 14.,1,1,ScreenRecorder,구독자 1.18천명,https://www.youtube.com/watch?v=F1N5Z7_8AdE
cannon shot,조회수 3회,실시간 스트리밍 시작일: 2019. 11. 18.,0,0,GAMING BROTHERS,구독자 52명,https://www.youtube.com/watch?v=vXpUci1LTSs
Space Engineers #2 MY GIANT CANNON SHOT MY BASE!!!!,조회수 2회,실시간 스트리밍 시작일: 2019. 7. 28.,0,0,AMPlays _,구독자 23명,https://www.youtube.com/watch?v=5Z06NzUwaVc
Cool hand cannon shot,조회수 4회,실시간 스트리밍 시작일: 2019. 9. 18.,0,0,SHANK_ KILLZ_,구독자 35명,https://www.youtube.com/watch?v=5YOhLqKOw5Q
Cannon Shot Android Gameplay Levels 1-50 by Saygames,조회수 83회,최초 공개: 2019. 11. 19.,4,0,PlayGamesWalkthrough,구독자 7.27천명,https://www.youtube.com/watch?v=stPhcXejSE8
"Pokey Ball,Bullet Master,Nonstop 3D,Battle Disc,Cannon Shot!,Mr Spy,Traffic Run!,Baseball Fury",조회수 2회,최초 공개: 2019. 11. 21.,0,0,Magic baby games,,https://www.youtube.com/watch?v=Q3nsuYV6OGA
Cannon Shot! - SayGames LLC - Walkthrough Get Started Recommend index four stars,조회수 107회,최초 공개: 2019. 12. 4.,1,0,2pFreeGames,구독자 21.2만명,https://www.youtube.com/watch?v=58fatBdHmr8
