﻿title,count,date,good_count,bad_count,youtuber,subscriber,url
"블루스택4 최초 64비트 버전 출시(리니지 레볼루션,리니지2M,블소 레볼루션,검은사막 모바일)","조회수 5,318회",2019. 1. 19.,34,14,제이,구독자 2.9만명,https://www.youtube.com/watch?v=3FVfn2jRLYY
[리니지2m] 무과금분들을 위한 최종 직업 추천 TOP5,"조회수 192,087회",2019. 10. 14.,393,138,쵸튜브[쵸피],,https://www.youtube.com/watch?v=4zzHbWbkhNQ
[리니지2M 쌈용] 드디어 캐릭터 생성! 힐러 클래스 분석해보겠습니다,"조회수 36,773회",2019. 10. 19.,138,25,쌈용BJ,구독자 4.74만명,https://www.youtube.com/watch?v=u8mPo_IeN-8
#Lineage2M #Character #REGINA #리니지2m,조회수 188회,2019. 10. 19.,9,0,201TV,,https://www.youtube.com/watch?v=Evp6IR4WQ6o
Lineage 2M - How to enhance Bow weapon.,조회수 446회,2019. 10. 19.,1,0,De'Marcus Aundre Official,구독자 8명,https://www.youtube.com/watch?v=ufCDrUNMCOg
[고씨형제]리니지2M 사전예약! 직업소개 11만원 준비완료 ㅋㅋㅋㅋㅋㅋㅋLineage2 Mobile Introduction,조회수 545회,2019. 10. 19.,9,0,고씨형제KO bros,구독자 73명,https://www.youtube.com/watch?v=QEeCxOyieOA
#리니지2M 을 색다르게 그 시작은 #퍼플#PURPLE,조회수 7회,2019. 11. 19.,1,0,kophilfamily코필가족,구독자 1.26천명,https://www.youtube.com/watch?v=tQccnYBXh-k
Lineage 2M (KR) - New logo reveal trailer,"조회수 1,223회",2019. 11. 19.,좋아요,싫어요,MMO Culture,,https://www.youtube.com/watch?v=nm_8Gs3RssI
[렌] [리니지2M] [리니지M] 11월 구독자 이벤트 설명 영상! 꼭 끝까지 들으세요! (12월 1일 이벤트 종료되었습니다) Lineage2M,"조회수 3,550회",2019. 11. 19.,363,1,렌 [리니지2M],구독자 734명,https://www.youtube.com/watch?v=bjWPSKlOQXg
"[PURPLE] Ep. 2 : 리니지2M을 색다르게, 그 시작은 퍼플(PURPLE)","조회수 5,604회",2019. 11. 19.,24,2,엔씨 퍼플,구독자 438명,https://www.youtube.com/watch?v=tGsjR9wgqmk
"[PURPLE] Ep. 2 : 리니지2M을 색다르게, 그 시작은 퍼플(PURPLE)","조회수 36,673회",2019. 11. 19.,148,37,엔씨소프트,구독자 10.5만명,https://www.youtube.com/watch?v=Mxm6vfsXSuc
[Lineage2M] 리니지2M 신규 B.I 공개,"조회수 31,507회",2019. 11. 19.,99,38,엔씨소프트,구독자 10.5만명,https://www.youtube.com/watch?v=NCbh5TJICb0
리니지2M 플레이 영상분석,"조회수 26,996회",2019. 11. 19.,121,20,겜알이TV,구독자 1.34천명,https://www.youtube.com/watch?v=S8Tr3j7BVp0
리니지2m 과금시스템 과연 얼마나 심하길래?,"조회수 5,789회",2019. 11. 19.,37,3,G-Man지맨,구독자 3.02천명,https://www.youtube.com/watch?v=uCOIdVyo7bk
"[PURPLE] 리니지2M을 색다르게, 그 시작은 퍼플(PURPLE)","조회수 4,908회",2019. 11. 19.,65,10,엔씨소프트,구독자 10.5만명,https://www.youtube.com/watch?v=tZQNtj5uYQ0
리니지 2M 직업추천 6가지만 알면 완벽하다!,"조회수 97,242회",2019. 11. 21.,299,76,잼따,구독자 3.01천명,https://www.youtube.com/watch?v=epiR5OJFUSg
[리니지2m] 어떤 직업이 가장 좋을까?(종족별 스텟 및 무기 총정리),"조회수 34,771회",2019. 11. 23.,137,19,G-Man지맨,구독자 3.02천명,https://www.youtube.com/watch?v=Dy4QuVXKAgs
리니지2M 미공개 영상! 무과금러가 과금러에게 덤비면 벌어지는 일ㅋㅋ NC MMORPG 모바일 게임 [휘재TV - Lineage2M],"조회수 66,810회",2019. 11. 23.,좋아요,싫어요,휘재TV,구독자 6.22천명,https://www.youtube.com/watch?v=CO2wycvH6Bs
리니지2M 25일 현재 사전 다운로드 시작~! (전용 앱플레이어 퍼플도 함께),조회수 149회,2019. 11. 24.,0,0,아이엠,,https://www.youtube.com/watch?v=CnPMwBnVK7U
Lineage 2m new High Graphics Game,조회수 106회,2019. 11. 24.,2,1,NOFAKE,,https://www.youtube.com/watch?v=L5FzAPyyDxg
Sudah Bisa di Download! - Lineage 2M (Android/iOS),"조회수 42,831회",2019. 11. 24.,695,24,Lein Xceed,구독자 20.9만명,https://www.youtube.com/watch?v=b8g72ww6zro
LINEAGE 2M - Grand Open 27/11/2019,조회수 32회,2019. 11. 24.,1,0,Center Game,,https://www.youtube.com/watch?v=JovCD2Plbe0
"리니지2M 클래스 선택 전 필독! 무기, 종족, 전직의 개념까지 / 직업 추천","조회수 18,675회",2019. 11. 25.,39,6,리니지2M - CH:NPC,구독자 1.37천명,https://www.youtube.com/watch?v=olURM7bCt5Q
Lineage 2M Pre-download starts now.,조회수 42회,2019. 11. 25.,2,0,ติดเกม by Vam,구독자 20명,https://www.youtube.com/watch?v=aICbicdeyJQ
리니지2M 오프닝 영상 리니지 2 모바일 출시임박 lineage2m,조회수 98회,2019. 11. 25.,9,0,일구형의 게임티비,구독자 444명,https://www.youtube.com/watch?v=EYG2NDG_2yg
리니지2m 퍼플 세계 최초로 접속했습니다 1억 준비 리니지2M Lineage2M [기뉴다],"조회수 42,006회",2019. 11. 25.,좋아요,싫어요,기뉴다GINEWDA,구독자 10.9만명,https://www.youtube.com/watch?v=dbtBo0lPi8s
Lineage 2 M - 리니지2M(19) - Trailer / mmorpg,조회수 314회,2019. 11. 25.,9,1,Gry Mobilne - Mobile Games Rev,,https://www.youtube.com/watch?v=sgw9ictvf6U
Lineage 2M: 19 (pre download) 27/11 Open game.,조회수 47회,2019. 11. 25.,1,1,Hsai Htaung,,https://www.youtube.com/watch?v=4MMO5XA9VLI
Lineage 2M Gameplay [Android/iOS] KR,조회수 339회,2019. 11. 26.,6,0,AKaMiKz,구독자 1.24만명,https://www.youtube.com/watch?v=XAB4GxuJANk
LINEAGE 2M (KR) Cinematic Trailler,조회수 1회,2019. 11. 26.,0,0,TapGameplay123,,https://www.youtube.com/watch?v=fukLlxaFvO4
Lineage 2M (19) - Grand Open | Android/IOS MMORPG Gameplay,조회수 31회,2019. 11. 26.,1,0,TapGameplay123,,https://www.youtube.com/watch?v=manNFTrkYe4
Sa Wakas Lineage 2M (Open World MMORPG) Ph Gameplay Review [Android/IOS/PC] Korean Ver.,"조회수 5,057회",2019. 11. 26.,27,3,PH MOBILE & PC GAMEPLAY REVIEW,구독자 1.26만명,https://www.youtube.com/watch?v=H3En_ILYDXI
Lineage 2M first impressions gameplay | 리니지2M19,조회수 54회,2019. 11. 26.,2,0,Onikiri Gaming,,https://www.youtube.com/watch?v=E2eijsdOx2Q
LINEAGE 2M : 19 (KR) | FULL GAMEPLAY (#1) HIGH GRAPHICS,"조회수 2,207회",2019. 11. 26.,61,2,X7studio,구독자 2.93만명,https://www.youtube.com/watch?v=aKtn_EX-gOg
Lineage 2M : 19 (18+) Adult Version [60fps] First Impressions and Gameplay,조회수 69회,2019. 11. 26.,1,0,dailyTube,,https://www.youtube.com/watch?v=iBUbMO4uPMk
리니지2M 다운로드 2가지 버전이 존재 12세or19세 Lineage2M,조회수 287회,2019. 11. 26.,2,0,Super K,,https://www.youtube.com/watch?v=vLOEQi3idHU
[리니지2M] 700만 유저를 속여버린 최고의 18력!! ㅋㅋ 모바일게임 리뷰 엉아 (Lineage2M),"조회수 40,985회",2019. 11. 26.,663,38,엉아 TV,구독자 1.54만명,https://www.youtube.com/watch?v=8QHrpxErmfc
Lineage 2M: 19 nyobain di hp snap435 (android) gameplay,조회수 131회,2019. 11. 26.,5,0,Gamer Ndeso,구독자 1.28천명,https://www.youtube.com/watch?v=GeYXmmifHSA
Lineage 2 M - 리니지2M(19) - Gameplay NEW !!! MMORPG,조회수 346회,2019. 11. 26.,3,0,Gry Mobilne - Mobile Games Rev,,https://www.youtube.com/watch?v=pZZdc8z5ZdY
Lineage 2M Gameplay (OPEN WORLD MMORPG) Android/IOS,"조회수 2,156회",2019. 11. 26.,29,0,Nathaniel Owusu,구독자 1.09만명,https://www.youtube.com/watch?v=qZn8TERQ3Ow
Lineage 2M (19) - Grand Open | Android/IOS MMORPG Gameplay,"조회수 30,438회",2019. 11. 26.,462,39,Gaming Mobile,구독자 18.5만명,https://www.youtube.com/watch?v=nscS1VyJ_3s
Lineage 2 M (KR) - Character Selection and Gameplay Android,"조회수 1,439회",2019. 11. 26.,7,1,Pandu RO,구독자 5.77천명,https://www.youtube.com/watch?v=QEolfQX2J0U
Gila Main di Emulator Purple MULUS Banget - Lineage 2M (PC-MOBILE) Grand OPEN,"조회수 12,319회",2019. 11. 26.,198,12,R0ixy Dragony,구독자 6.27만명,https://www.youtube.com/watch?v=rxj1__2hDzE
리니지2M(19) (LINEAGE 2M) - Dagger,조회수 15회,2019. 11. 26.,0,0,Globalizer AGAIN,구독자 140명,https://www.youtube.com/watch?v=3CroIEe47iA
Rilis! Ternyata Seperti Ini - Lineage 2M (Android),"조회수 33,183회",2019. 11. 26.,581,20,Lein Xceed,구독자 20.9만명,https://www.youtube.com/watch?v=cRT_E5rLZ4A
Lineage 2M - Android Gameplay / IOS,조회수 111회,2019. 11. 26.,2,0,Jin Pio,,https://www.youtube.com/watch?v=uEpoa4jBaEo
리니지2M(19) (LINEAGE 2M) - Staff,조회수 11회,2019. 11. 26.,0,1,Globalizer AGAIN,구독자 140명,https://www.youtube.com/watch?v=vJ7eRlgGC64
In-game view of Lineage 2M (Official Release Korea),조회수 7회,2019. 11. 26.,0,0,Cheah TH,구독자 13명,https://www.youtube.com/watch?v=7U1sy0FtVcI
리니지2M(19) (LINEAGE 2M),조회수 52회,2019. 11. 26.,2,0,Globalizer AGAIN,구독자 140명,https://www.youtube.com/watch?v=ZQ_fRWQ5Qqk
[리니지2m] 엔씨소프트가 추천하는 무과금이 할수있는 직업,"조회수 57,620회",2019. 11. 26.,165,108,쵸튜브[쵸피],,https://www.youtube.com/watch?v=eo4BPVhHt5g
리니지2m : 42화,조회수 7회,2019. 11. 26.,1,0,BJ화렌세스,구독자 153명,https://www.youtube.com/watch?v=ftDGb-IfBq0
리니지2m 무과금 직업추천 TOP4 / 선택에 후회가 없으시길!,"조회수 91,258회",2019. 11. 26.,229,45,잼따,구독자 3.01천명,https://www.youtube.com/watch?v=WWMYnzoXvg4
Muncul lagi MMORPG keren !! Lineage 2M First Gameplay,조회수 50회,2019. 11. 26.,10,0,Reztian Gaming,,https://www.youtube.com/watch?v=1IiUEBdXXWo
LINEAGE 2M Gameplay | New MMORPG Launched,조회수 253회,2019. 11. 26.,6,1,Gaming_Madness,구독자 1.05천명,https://www.youtube.com/watch?v=ukIxhmJK7H0
Lineage 2M 19 - Siêu Phẩm ĐỒ HỌA HÀN QUỐC Con Cưng NCSOFT Gần 3GB Dung Lượng Chính Thức Ra Mắt,"조회수 3,264회",2019. 11. 26.,75,2,Review Game,구독자 10.2만명,https://www.youtube.com/watch?v=wtW_jOr0yJo
Harga Item 6 JUTA! Lineage 2M (19),"조회수 1,284회",2019. 11. 26.,22,3,Hioz Gaming,구독자 8.46천명,https://www.youtube.com/watch?v=aEHWnLOuvIc
Lineage 2M Gameplay Korea Android | Lineage 2M 19 Mobile Ncsoft Gameplay + Download Link,조회수 49회,2019. 11. 26.,2,0,Serious Gamer X,구독자 7.58천명,https://www.youtube.com/watch?v=NWl1Qc6rI6Y
LINEAGE 2M : 19 (KR) | FULL GAMEPLAY (#2) HIGH GRAPHICS,"조회수 1,121회",2019. 11. 26.,31,1,X7studio,구독자 2.93만명,https://www.youtube.com/watch?v=7vMpPrdghts
Lineage 2M (리니지2M) - Trailer | NCSoft,조회수 43회,2019. 11. 26.,14,0,TOMSAK - MOBILE GAMING,,https://www.youtube.com/watch?v=keDGjFT1jFA
Lineage 2M Gameplay/First Look/Official Launch/Android/IOS,조회수 170회,2019. 11. 26.,2,0,BaguioGaming,구독자 247명,https://www.youtube.com/watch?v=jLxm5JGTSUI
리니지2m 무과금 공략 및 직업추천,"조회수 8,797회",2019. 11. 26.,20,10,후니후니,구독자 1.46천명,https://www.youtube.com/watch?v=7iHdyR2OSzI
[리니지2M] 정말 몇년간 따라갈수 없겠네...ㅋㅋ,"조회수 230,582회",2019. 11. 26.,2.3천,176,갓존슨,구독자 2.04만명,https://www.youtube.com/watch?v=P1EQ4F_SkhU
윗머가리들 때문에 개발자만 죽어나네... [리니지2M],"조회수 510,098회",2019. 11. 26.,8천,422,지존조세,구독자 11.5만명,https://www.youtube.com/watch?v=flDCKfFYwzw
"Game ini Emang ""Beda"" - Lineage 2M (Android)","조회수 25,506회",2019. 11. 26.,409,14,Lein Xceed,구독자 20.9만명,https://www.youtube.com/watch?v=kEAUyNVH0JY
[이데일리N] 리니지2M 출시 첫날부터 질주…인기 순위 1위 外,조회수 89회,2019. 11. 26.,2,1,이데일리TV,구독자 3.01만명,https://www.youtube.com/watch?v=5cL78mD4tcI
LINEAGE 2M Gameplay Android / iOS (SS Galaxy S9) (KR) (3D Open World MMORPG),"조회수 3,912회",2019. 11. 26.,72,0,Android/iOS/Nintendo Switch Gameplay - PROAPK,구독자 18.3만명,https://www.youtube.com/watch?v=C8x7RDGpdck
Lineage 2M - Gameplay [Open World MMORPG] Android/IOS/PC,조회수 686회,2019. 11. 26.,3,2,MobileZero,구독자 4.01천명,https://www.youtube.com/watch?v=T9HgSeN81-4
Lineage 2M Mobile Gameplay,조회수 19회,2019. 11. 26.,2,0,ติดเกม by Vam,구독자 20명,https://www.youtube.com/watch?v=EufYX1ulYow
[리니지2m] 게임이 아니라 도박을 만들었네? 최악의 x망겜 리뷰,"조회수 335,081회",2019. 11. 26.,4.6천,163,짝태TV,구독자 6.72천명,https://www.youtube.com/watch?v=oTpCJoPtFGs
¦¦ LINEAGE 2M -Grand Open _Ultra Graphics MMORPG Gameplay And Download Link Android_iOS ¦¦,조회수 152회,2019. 11. 26.,17,0,ANDROID PLAYSTATION GAMER,,https://www.youtube.com/watch?v=ZzzZD5v4FCQ
Lineage 2M (19) Grand Open - MMORPG Gameplay (Android/IOS),조회수 116회,2019. 11. 27.,2,0,Review Mobile Games,구독자 2.54천명,https://www.youtube.com/watch?v=yyYYx3-9Tk0
리니지 2M(LINEAGE 2M) 지그하르트 01 서버 휴먼 나이트 #3 (대파2939),조회수 22회,2019. 11. 27.,1,0,대파2939,,https://www.youtube.com/watch?v=b3Le43NnzUs
리니지 2M(LINEAGE 2M) 지그하르트 01 서버 휴먼 나이트 #5 (대파2939),조회수 81회,2019. 11. 27.,1,0,대파2939,,https://www.youtube.com/watch?v=h2zi-BlsVvE
리니지 2M(LINEAGE 2M) 지그하르트 01 서버 휴먼 나이트 #2 (대파2939),조회수 47회,2019. 11. 27.,1,0,대파2939,,https://www.youtube.com/watch?v=XN1CYjJLhIA
Dungeon Level 30 & Bahas Fitur !!! Lineage 2M (PC-Mobile),"조회수 9,200회",2019. 11. 27.,108,6,R0ixy Dragony,구독자 6.27만명,https://www.youtube.com/watch?v=oDDKgSGycc0
"Wow 3D Version & Very Good Graphic ""Lineage 2M (19)"" Game MMORPG Android (KR)",조회수 16회,2019. 11. 27.,1,0,Daeng Bugis Gaming,구독자 69명,https://www.youtube.com/watch?v=ySRfm9YyXtc
리니지 2M(LINEAGE 2M) 지그하르트 01 서버 휴먼 나이트 #4 (대파2939),조회수 60회,2019. 11. 27.,1,0,대파2939,,https://www.youtube.com/watch?v=mD2SLNxGt6A
First Look - Lineage 2 M | Human Mage Gameplay | Android & iOS (KR Launch),조회수 157회,2019. 11. 27.,2,0,Deathstryke,구독자 50명,https://www.youtube.com/watch?v=fgs1zzyLtDY
Lineage 2M Gameplay #1 (First Look) | Lineage 2M (Mobile) Gameplay,조회수 25회,2019. 11. 27.,1,0,ACTION2WILL,,https://www.youtube.com/watch?v=Rx56VPH6M98
[NCSOFT] 리니지2M LV 35 보스레이드 / LINEAGE 2M(mobile mmorpg game BOSS RAID video),"조회수 5,205회",2019. 11. 27.,16,2,이슈게임,구독자 392명,https://www.youtube.com/watch?v=HtJNcJFmfVs
(ULTRA GRAPHICS) LINEAGE 2M 19 ON ANDROID POCO F1 REALISTIC GRAPHICS OPEN WORLD GAME ANDROID IOS,조회수 288회,2019. 11. 27.,25,0,Andro RG,구독자 2만명,https://www.youtube.com/watch?v=Z6-Hegv7ecY
Lineage 2M (Android/APK-KR) no VPN - MMORPG Open World - Dark Elf Gameplay [takeru GT],조회수 185회,2019. 11. 27.,33,2,takeru GT,구독자 363명,https://www.youtube.com/watch?v=ixd2kzvyDvw
Lineage 2M (MMORPG) Ultra High Graphics Mobile Gameplay (Android/iOS),"조회수 2,267회",2019. 11. 27.,182,5,NonStopGaming,,https://www.youtube.com/watch?v=Vg884QIMuxk
리니지 2M(LINEAGE 2M) 지그하르트 01 서버 휴먼 나이트 #6 (대파2939),조회수 14회,2019. 11. 27.,1,0,대파2939,,https://www.youtube.com/watch?v=EyswZ7ZVww8
Lineage 2M Gameplay #1 | Mukhadie Games,조회수 12회,2019. 11. 27.,0,0,Mukhadie Android Games,구독자 6명,https://www.youtube.com/watch?v=iP2DZvYFpxw
리니지2m 공략 종족 직업 퍼플 purple 게임 플레이 PC 구동 #01,조회수 161회,2019. 11. 27.,3,0,게임 놀이터,구독자 1.1천명,https://www.youtube.com/watch?v=WfCGsiLFvkM
【海外ゲーム】リネージュ2M　리니지2M(19)　面白い携帯スマホゲームアプリ,조회수 333회,2019. 11. 27.,4,1,最速!ゲーム情報ちゃんねる,구독자 6.64천명,https://www.youtube.com/watch?v=O23bt2tSVc0
LINEAGE 2M:19 HD Graphic MMORPG Online Android/ios Gameplay Mobile,조회수 62회,2019. 11. 27.,1,0,Skylove Gaming,구독자 327명,https://www.youtube.com/watch?v=mQ586kwpz0g
GILA KEREN BANGET - CBT LINEAGE 2M - Android Gameplay,조회수 30회,2019. 11. 27.,좋아요,싫어요,Android Game Village,구독자 1.56천명,https://www.youtube.com/watch?v=W4nNbFx14O0
Lineage 2M Android Gameplay [1080p],조회수 673회,2019. 11. 27.,14,0,Uptodown,구독자 11만명,https://www.youtube.com/watch?v=-4j3aAfpfvo
"리니지2M 솔직한 리뷰, 리니지 시대의 종지부를 찍다!! NC MMORPG 모바일 게임 [휘재TV - Lineage2M]","조회수 170,382회",2019. 11. 27.,1.2천,126,휘재TV,구독자 6.22천명,https://www.youtube.com/watch?v=OUaw_sfcO40
LINEAGE 2M : 19 (KR) | FULL GAMEPLAY (#3) HIGH GRAPHICS,"조회수 1,147회",2019. 11. 27.,34,0,X7studio,구독자 2.93만명,https://www.youtube.com/watch?v=1IbYEyCj5r0
리니지2M 게임방송005 리니지2m 초반 무기 방어구 맞추는 방법,조회수 971회,2019. 11. 28.,12,1,nCbD_ Broadcasting,구독자 1.2천명,https://www.youtube.com/watch?v=kJuJqCvf8cQ
[900MB] Download Lineage 2M: 19 Mobile Download Android Highly Compressed Apk+OBB,조회수 195회,2019. 11. 28.,7,1,Serious Gamer X,구독자 7.58천명,https://www.youtube.com/watch?v=5sj6aTtMcM0
[리니지2m] 무과금유저를 위한 꿀팁모음집 1탄,"조회수 46,830회",2019. 11. 28.,265,32,G-Man지맨,구독자 3.02천명,https://www.youtube.com/watch?v=a8Gp71LPHeI
[신작게임 인스턴트 3분리뷰] #28 리니지2M - V4 재평가를 하게 될 줄이야,조회수 390회,2019. 11. 29.,6,0,노닥TV 노재웅,구독자 1.42천명,https://www.youtube.com/watch?v=9rvIOmuGY9Y
Game Yang Bikin Hp Lu Nanggis :D | Lineage 2M: 19 (KR),조회수 129회,2019. 11. 29.,7,0,Whize NgopsKuy,구독자 3.32천명,https://www.youtube.com/watch?v=O-UGJq2__4w
Lineage 2M Gameplay (#2) | Lineage 2M Gameplay (Android/iOS) | NCSOFT,조회수 21회,2019. 11. 29.,2,0,ACTION2WILL,,https://www.youtube.com/watch?v=-df_f4PWFuQ
"""Lineage 2M (19)"" Game MMORPG Android (KR) #2",조회수 41회,2019. 11. 30.,0,0,Daeng Bugis Gaming,구독자 69명,https://www.youtube.com/watch?v=g3EMsh6h3Lk
Lineage 2M 19 на андроид,조회수 50회,2019. 11. 30.,1,1,Zhirdik Games,구독자 85명,https://www.youtube.com/watch?v=1dwcx4cOMJc
리니지2M 직업 출시일 무기 정보 소개 모바일 2019 11월 출시 신작 게임,조회수 209회,2019. 11. 8.,2,3,게임 놀이터,구독자 1.1천명,https://www.youtube.com/watch?v=NJzJX87S5Ok
LINEAGE 2M (19) GRÁFICOS NO MÁXIMO (POCOPHONE F1),조회수 35회,2019. 12. 1.,3,0,DIKGAMERS FF,구독자 24명,https://www.youtube.com/watch?v=fDi4yETB6_U
Lineage 2M - 리니지2M(19) [ Android APK ] Gameplay,조회수 152회,2019. 12. 2.,2,0,Free2PlayMMOs Gaming Channel,구독자 9.71천명,https://www.youtube.com/watch?v=S1QAI1A-7uU
LINEAGE2M 리니지2m 체험해보기 자동사냥,조회수 11회,2019. 12. 3.,0,0,김견tv,구독자 1명,https://www.youtube.com/watch?v=qoPWpmD-MiE
Lineage 2M: 19 (game trailer) Android & iOS,조회수 28회,2019. 12. 4.,2,0,S-WORLD,구독자 277명,https://www.youtube.com/watch?v=dJ53CYBtebQ
Nyobain Game Lineage 2m - Gameplay lineage 2m indonesia,조회수 21회,2019. 12. 5.,1,0,Bebonk Gaming,구독자 45명,https://www.youtube.com/watch?v=ND1vvQfjMTo
"리니지 2M(LINEAGE 2M) ""크루마 탑 1 ~ 3층 "" 지그하르트 01 서버 휴먼 나이트 #19 (대파2939)",조회수 31회,2019. 12. 5.,1,0,대파2939,,https://www.youtube.com/watch?v=VUVUetBfuyM
"성인게임 시장 뛰어든 애플 ""리니지2M 특수 놓칠 수 없다"" / 머니투데이방송 (뉴스)",조회수 423회,2019. 8. 27.,1,0,MTN 머니투데이방송,구독자 18만명,https://www.youtube.com/watch?v=wktc6gyswgI
원작의 감성까지 챙긴 모바일MMORPG 리니지2M 신작모바일게임 출시임박?!,조회수 35회,2019. 9. 19.,0,0,practice,,https://www.youtube.com/watch?v=VnfYRm6WtLE
"만만형 v4 하는데 따라가냐구요? ""V4"" vs ""리니지2M""","조회수 29,753회",2019. 9. 19.,61,26,창현리니지M,구독자 3.04만명,https://www.youtube.com/watch?v=IjEfUofRGh0
‘모바일 한계 넘다’ 김택진 대표 “몇 년간 리니지2M 뛰어넘을 게임 없을 것”,"조회수 2,666회",2019. 9. 4.,17,13,안다TV ANDATV,구독자 1.02만명,https://www.youtube.com/watch?v=5M78cVMxW-Y
19년 연말 출시예정게임! 현존 모바일MMORPG과는 비교 불가 리니지2M,조회수 38회,2019. 9. 6.,0,0,봐도봐도 안질려,,https://www.youtube.com/watch?v=9KLb1cyC0rI
리니지2m : 19화,조회수 9회,2019. 9. 6.,1,0,BJ화렌세스,구독자 153명,https://www.youtube.com/watch?v=YIGSX100X24
리니지2M 절대 하지마세요 (NC 모바일게임을 거르는 이유),"조회수 523,424회",2019. 9. 8.,2.4천,540,쵸튜브[쵸피],,https://www.youtube.com/watch?v=vF3pSSYsrp8
19년 하반기 사전예약게임 중 가장 스케일이 큰 모바일MMORPG 리니지2M!,조회수 13회,2019. 9. 9.,0,0,이거이거 이래도돼?,구독자 1명,https://www.youtube.com/watch?v=0s0NMyYigf4
리니지2m 출시일 사전예약 새로운 게임 영상 정보 소개,조회수 386회,2019. 9. 9.,2,1,게임 놀이터,구독자 1.1천명,https://www.youtube.com/watch?v=lJTZlC-TV_M
[ V4 ] 브이포 나이트 또 상향 캬캬캬캬캬(리니지2M),"조회수 2,384회",실시간 스트리밍 시작일: 2019. 11. 19.,38,10,제이,구독자 2.9만명,https://www.youtube.com/watch?v=ZWXHCPBEl-M
리니지2M(19) live now！,조회수 8회,실시간 스트리밍 시작일: 2019. 11. 26.,1,0,ติดเกม by Vam,구독자 20명,https://www.youtube.com/watch?v=29vi-Z_88ac
[리니지2M] 플레이 해 봅니다!,"조회수 13,756회",실시간 스트리밍 시작일: 2019. 11. 26.,89,7,갓존슨,구독자 2.04만명,https://www.youtube.com/watch?v=c3DDq4qGeUY
리니지2M(19) в эфире！,조회수 18회,실시간 스트리밍 시작일: 2019. 11. 26.,1,0,Дмитрий Колчин,구독자 2명,https://www.youtube.com/watch?v=WvfV575iDuE
리니지2M(19) live now！,조회수 17회,실시간 스트리밍 시작일: 2019. 11. 26.,0,0,Tiago Pereira,구독자 10명,https://www.youtube.com/watch?v=EGUOYagmeME
리니지2M(19) live now！Lineage 2M live Rog phone 2,조회수 38회,실시간 스트리밍 시작일: 2019. 11. 26.,0,0,Tiago Pereira,구독자 10명,https://www.youtube.com/watch?v=5BIqNo2Hx00
Lineage 2M(19) в эфире！,조회수 28회,실시간 스트리밍 시작일: 2019. 11. 26.,0,0,Дмитрий Колчин,구독자 2명,https://www.youtube.com/watch?v=C6nzVmGa_P8
Lineage 2 M - 리니지2M(19) - Gameplay,조회수 272회,실시간 스트리밍 시작일: 2019. 11. 26.,15,0,Proloq,구독자 725명,https://www.youtube.com/watch?v=udI86xeGGdU
[리니지2M] 실시간 방송 | 출시와 동시에 처음 시작해서 레벨 19까지 올렸습니다 | Lineage2Mobile,조회수 287회,실시간 스트리밍 시작일: 2019. 11. 26.,9,0,만두아빠[게임],구독자 50명,https://www.youtube.com/watch?v=by57c8eXbZc
[리니지2M] 실시간 방송 19레벨부터 무과금 27렙까지 육성함 | Lineage2Mobile,조회수 85회,실시간 스트리밍 시작일: 2019. 11. 27.,9,0,만두아빠[게임],구독자 50명,https://www.youtube.com/watch?v=8G51HtjwDEI
리니지2M(19) 直播中！,조회수 47회,실시간 스트리밍 시작일: 2019. 11. 27.,0,0,路那斯,구독자 31명,https://www.youtube.com/watch?v=AO6E7x_xR_M
(풀버전 다시보기) 랑쯔 V4 전투력 19만찍을께요. 리니지2M 안합니당..,"조회수 6,472회",실시간 스트리밍 시작일: 2019. 11. 27.,34,9,랑쯔,구독자 1.25만명,https://www.youtube.com/watch?v=8ALewShA9y8
(풀버전 다시보기) 랑쯔 V4 월드보스 게임끝! 투력19만 코앞 리니지2M 안합니당..,"조회수 5,988회",실시간 스트리밍 시작일: 2019. 11. 30.,36,2,랑쯔,구독자 1.25만명,https://www.youtube.com/watch?v=VcaKc_0ca8c
[제이] 리니지2M 상점 최초 공개! 직업별 무기 뽑기가 있다? (Lineage2M),"조회수 10,177회",최초 공개: 2019. 11. 19.,104,25,제이,구독자 2.9만명,https://www.youtube.com/watch?v=jgVKGOThjkc
[제이] 리니지2M 인게임 플레이 최초공개! 화질이 4K 독보적!!,"조회수 28,085회",최초 공개: 2019. 11. 19.,174,98,제이,구독자 2.9만명,https://www.youtube.com/watch?v=w05oiEzOtgU
넥슨 초대작 V4 v4 vs 리니지2m 모바일 게임 개돼지 토론 [19/11/21] [기뉴다 생방송 풀버전],"조회수 9,389회",최초 공개: 2019. 11. 21.,143,14,기뉴다GINEWDA,구독자 10.9만명,https://www.youtube.com/watch?v=R-SSaeL-Ub0
"[제이] 리니지2M 직업별 캐릭터 추천(무과금,소과금,핵과금) Lineage2M","조회수 22,381회",최초 공개: 2019. 11. 23.,153,55,제이,구독자 2.9만명,https://www.youtube.com/watch?v=zGJB9voDqZ0
"리니지 2억 과금 20년차 개돼지 ""리니지2m 절대 하지마세요!!"" 리니지2M Lineage2M [기뉴다]","조회수 36,283회",최초 공개: 2019. 11. 23.,220,65,기뉴다GINEWDA,구독자 10.9만명,https://www.youtube.com/watch?v=ZRD_l8M6xF8
엔씨 초대작 리니지2m 하루 만에 접었습니다. [19/11/27] [기뉴다 생방송 풀버전],"조회수 31,753회",최초 공개: 2019. 11. 26.,231,41,기뉴다GINEWDA,구독자 10.9만명,https://www.youtube.com/watch?v=IdUb7Wwlw_8
