﻿title,count,date,good_count,bad_count,youtuber,subscriber,url
[게임 쿠키] Township v7.0.1 버그판 크랙버전 Apk 다운로드 (꿈의 마을 Mod Apk),조회수 797회,2019. 10. 10.,좋아요,싫어요,게임 쿠키,구독자 59명,https://www.youtube.com/watch?v=QZTQziAQo9I
꿈의마을(township)1,조회수 10회,2019. 11. 1.,2,0,준희의 포켓몬tv,구독자 5명,https://www.youtube.com/watch?v=GVL6HSZnpRE
Township 30레벨 공략 2화 7레벨까지 갔습니다!,조회수 10회,2019. 11. 15.,1,0,tuna GD,구독자 9명,https://www.youtube.com/watch?v=ohkboQI79iU
Township 꿈의마을,조회수 6회,2019. 11. 16.,0,0,팡인냥냥이,,https://www.youtube.com/watch?v=YU1nJTO9JYg
Township Level 83 Gameplay #2 꿈의마을,조회수 16회,2019. 11. 17.,2,0,Triple Cherrys,구독자 2명,https://www.youtube.com/watch?v=YcQW8loDi_c
꿈의마을 버그판 링크 설명란에 있습니다,조회수 213회,2019. 11. 18.,1,0,찬혁반,구독자 28명,https://www.youtube.com/watch?v=O-p6s_n4Vco
Township Level 83 Gameplay #15 꿈의마을,조회수 17회,2019. 11. 19.,2,0,Triple Cherrys,구독자 2명,https://www.youtube.com/watch?v=Czv_dS0sOdQ
Township Level 83 Gameplay #10 꿈의마을,조회수 4회,2019. 11. 19.,1,0,Triple Cherrys,구독자 2명,https://www.youtube.com/watch?v=2Lc7m2CJP6w
Township Level 83 Gameplay #8 꿈의마을,조회수 9회,2019. 11. 19.,1,0,Triple Cherrys,구독자 2명,https://www.youtube.com/watch?v=zyCJnt0hmG0
희수의 꿈의마을 행운의 집,조회수 14회,2019. 2. 10.,2,0,희수의대장 프로그램,구독자 6명,https://www.youtube.com/watch?v=ycAHJVU_fuQ
희수의 꿈의마을 광산캐기,조회수 8회,2019. 2. 11.,1,0,희수의대장 프로그램,구독자 6명,https://www.youtube.com/watch?v=7NjZiYb_Pc4
꿈의 마을 갓겜인데요?,조회수 38회,2019. 2. 21.,3,0,쟁짜TV,구독자 11명,https://www.youtube.com/watch?v=os85yZtHtnE
꿈에 마을,조회수 10회,2019. 3. 1.,0,0,지담tv,구독자 18명,https://www.youtube.com/watch?v=3gq7KicN8hs
Township / 타운쉽 시작하기! 폰게임 같이해요,조회수 257회,2019. 3. 12.,5,0,주아주아,구독자 8명,https://www.youtube.com/watch?v=M3etZt9mnN8
꿈의마을!,조회수 85회,2019. 3. 15.,1,0,잎푸,구독자 14명,https://www.youtube.com/watch?v=wqdeZ3eoyV8
와우!!타운쉽(TOWN SHIP),조회수 43회,2019. 3. 2.,0,0,빙빙tv,구독자 11명,https://www.youtube.com/watch?v=XdIkg-SpJ6s
꿈의 마을 가꾸기ㅣ정수연의 DIY 유튜브,조회수 68회,2019. 3. 24.,8,0,정수연의 DIY 유튜브,구독자 17명,https://www.youtube.com/watch?v=aiasnijRWD8
[지니의 모바일 게임월드] Township 마을 꾸미기~!,조회수 20회,2019. 3. 6.,1,0,지니지니,구독자 23명,https://www.youtube.com/watch?v=qPAHNEl-k7Y
20190423 타운쉽 township 플레이일기,조회수 31회,2019. 4. 22.,0,0,kongram _,구독자 3명,https://www.youtube.com/watch?v=IuY3EFxulxc
20190425 타운쉽 광산캐기 4337층까지,조회수 52회,2019. 4. 25.,2,0,kongram _,구독자 3명,https://www.youtube.com/watch?v=rh2_0o6tdoo
농장 무료 모바일 게임 추천 TOP 7,"조회수 4,759회",2019. 4. 30.,14,2,Goodluck 7,,https://www.youtube.com/watch?v=GzAZr4xMYBk
돌아온 꿈의 마을,조회수 34회,2019. 4. 6.,3,1,6호TV TV,구독자 10명,https://www.youtube.com/watch?v=hLsXOcIAPI0
심시티 비슷한 무료 모바일 게임 추천 TOP 10,"조회수 9,315회",2019. 4. 9.,32,4,Goodluck 7,,https://www.youtube.com/watch?v=rO3gzsAU1jg
꿈의 마을 (Township) - 2019-05-11,조회수 16회,2019. 5. 10.,0,1,한아름귀옥,,https://www.youtube.com/watch?v=7sl9l21ga6M
상상너프 발전 게임 시작!! (꿈의 마을),조회수 306회,2019. 5. 12.,1,3,오로라Aurora,구독자 77명,https://www.youtube.com/watch?v=SskT4qZblm0
꿈의 마을 town ship 그리고 파세코 창문형 에어컨 정보 실외기가 없다,조회수 14회,2019. 6. 21.,0,0,남익,구독자 1.1천명,https://www.youtube.com/watch?v=QYLdS3CaN_I
타운 쉽 (꿈의 마을),조회수 30회,2019. 6. 8.,0,0,조은샘,구독자 8명,https://www.youtube.com/watch?v=nVrgxj3fAW8
타운쉽 게임중,조회수 151회,2019. 7. 10.,1,0,삐리카,구독자 1명,https://www.youtube.com/watch?v=YT-C2oLORLw
[SM엔터테인먼트]레이 우롱 휴대폰의 모바일 게임 TV광고 [꿈의 마을 - 동물농장 편],조회수 451회,2019. 7. 21.,1,0,서울4호선469편성,구독자 283명,https://www.youtube.com/watch?v=ZwhOsveHfAE
[SM엔터테인먼트]레이 우롱 휴대폰의 모바일 게임 TV광고 [꿈의 마을 - 건설 편],조회수 267회,2019. 7. 21.,0,2,서울4호선469편성,구독자 283명,https://www.youtube.com/watch?v=1UH9tXnGCRQ
20190706 타운쉽 township 63레벨 플레이일기,조회수 51회,2019. 7. 6.,0,0,kongram _,구독자 3명,https://www.youtube.com/watch?v=0OC1o_5q_Lc
20190707 타운쉽 township 눈뜨자마자게임하기,조회수 625회,2019. 7. 6.,2,1,kongram _,구독자 3명,https://www.youtube.com/watch?v=jbsTn9rd03c
꿈의마을 Township 타운쉽 공기계 무과금 게임 상황 [20190818],조회수 253회,2019. 8. 17.,0,0,yona simo,구독자 562명,https://www.youtube.com/watch?v=sHwR92EfMKE
꿈의마을 Township 타운쉽 돈되는 광산 채굴,조회수 480회,2019. 8. 20.,4,1,yona simo,구독자 562명,https://www.youtube.com/watch?v=-myz9hYwFmA
꿈의마을 play,조회수 2회,2019. 8. 23.,0,0,tv슬위,,https://www.youtube.com/watch?v=qEEpux06fCk
타운쉽꾸미기 레벨69 township,조회수 178회,2019. 8. 24.,0,0,kongram _,구독자 3명,https://www.youtube.com/watch?v=zRec_lpQBgA
꿈의 마을!! 생각 보다 한게 없네요!,조회수 15회,2019. 8. 26.,0,1,유아람,구독자 5명,https://www.youtube.com/watch?v=w4ZWsPzhZtk
마을을 건설해요 (모바일 게임),조회수 120회,2019. 8. 8.,1,0,호이토이 [HoyToy],구독자 4.57천명,https://www.youtube.com/watch?v=rERHzMyy3Eo
타운쉽 [Township] 꿈의 마을 공기계 무과금 5년째 상황,"조회수 1,742회",2019. 8. 9.,11,1,yona simo,구독자 562명,https://www.youtube.com/watch?v=VGmFtOOd5Rk
꿈의 마을 하기,조회수 12회,2019. 9. 15.,1,0,제시카YULIO,구독자 1명,https://www.youtube.com/watch?v=y7e8UpL7wBM
꿈의마을 시작 도전기!!!!,조회수 19회,2019. 9. 3.,1,0,방그시,구독자 8명,https://www.youtube.com/watch?v=dDWXvLAA8Ow
꿈의 마을,조회수 3회,2019. 9. 7.,0,0,TV테드,,https://www.youtube.com/watch?v=ciuNtbq9JGw
타운쉽 생방송,조회수 18회,실시간 스트리밍 시작일: 2019. 8. 10.,0,0,전예준,구독자 13명,https://www.youtube.com/watch?v=NQixBqtKa4M
