﻿title,count,date,good_count,bad_count,youtuber,subscriber,url
[기적의분식집] 요즘 핫한 게임이라해서 해봄 / PC 스팀 게임 리뷰,"조회수 63,754회",2019. 1. 13.,932,70,지존조세,구독자 11.5만명,https://www.youtube.com/watch?v=CEI2wW3pX-Q
[#16/최종화] [기적의분식집] - '필리아' 새드부터 진엔딩까지,"조회수 223,508회",2019. 1. 15.,1.4천,62,서농,구독자 11.9만명,https://www.youtube.com/watch?v=zMLcWO8-LT4
기적의 검,조회수 215회,2019. 10. 1.,0,3,이밴을하자,구독자 47명,https://www.youtube.com/watch?v=HUyNyfqNDMk
기적의검 플레이영상 양산형스웩,조회수 235회,2019. 10. 1.,0,0,전폴드,,https://www.youtube.com/watch?v=y-yt2OK7WXY
[기적의검 광고 모음 포함] 30초 스피드 리뷰,"조회수 60,735회",2019. 10. 1.,좋아요,싫어요,정뱀,구독자 512명,https://www.youtube.com/watch?v=iOAnE_4HgP4
기적의 검 광고 - 안젤리나 다닐로바,"조회수 3,026회",2019. 10. 14.,9,17,꼬깔콘,구독자 150명,https://www.youtube.com/watch?v=WW-YP6dR4fA
[기적의검 ] 그놈의 기적의검 제가 한번 해보겠습니다!,조회수 363회,2019. 10. 14.,15,1,황사부,구독자 165명,https://www.youtube.com/watch?v=nOG2HOYB9nc
기적의검,조회수 208회,2019. 10. 14.,1,1,한빛티비,구독자 1.18천명,https://www.youtube.com/watch?v=bPbv6w9Ee0g
중국산 기적의 검 한치도 예상에 벗어나지 않고 실망시키지 않았다. 역시 기대에 부흥하는 중국산 양산형 방치 RPG 게임,"조회수 22,583회",2019. 10. 15.,좋아요,싫어요,꼬무신TV,구독자 5.09천명,https://www.youtube.com/watch?v=eBPzXhPwL0g
기적의검 광고 모음 3탄ㅋㅋㅋㅋㅋㅋㅋㅋㅋ,"조회수 31,986회",2019. 10. 16.,209,12,정뱀,구독자 512명,https://www.youtube.com/watch?v=Wbk7K_qMZYE
적당히 불편한 영화같은 자동 모바일 게임 - 기적의 검 - MOBILE화면용,조회수 81회,2019. 10. 18.,0,0,객설TV,구독자 17명,https://www.youtube.com/watch?v=goZY2mXnjm8
기적의검(정지훈),조회수 889회,2019. 10. 19.,4,3,정지훈바보멍청이,구독자 5명,https://www.youtube.com/watch?v=ijUx4WoJmMs
기좆의검,조회수 57회,2019. 10. 23.,2,0,센터와멜론,구독자 38명,https://www.youtube.com/watch?v=fi2JfG8obpc
고품격모바일리뷰 BJ천상천하-[기적의 검] -'또 돈은..뻘짓에 날린 게임이 추가 대는것인가 광고캐스팅에 반값이라도 더 게임에 투자해야할것을..ㅉㅉ'',조회수 383회,2019. 10. 28.,1,0,천상천하,,https://www.youtube.com/watch?v=2AE9cBf1UXg
2019 New Mobile game 기적의 검 feat.소지섭 게임맞나요?,조회수 133회,2019. 10. 28.,0,0,강초록TV,구독자 326명,https://www.youtube.com/watch?v=cHlRvzpd6Po
"모바일게임 글로리 리뷰! 2019 Hot Mobile game, Glory 구글 평점5점만점에 4.9!!",조회수 27회,2019. 10. 29.,1,0,강초록TV,구독자 326명,https://www.youtube.com/watch?v=-x7f-KBdYTk
기적의검을 해보았다......,조회수 18회,2019. 10. 29.,0,0,겜곰,구독자 29명,https://www.youtube.com/watch?v=F-6F52lkRtI
기적의검/악신,조회수 117회,2019. 10. 3.,0,0,악신,구독자 249명,https://www.youtube.com/watch?v=yify1WLoCYU
기적의검 직업별 플레이영상(세로모드게임) - 소지섭게임,조회수 592회,2019. 10. 30.,좋아요,싫어요,게임중독쟁이,,https://www.youtube.com/watch?v=rNq_DPs-oHs
4399 기적의검 방치형게임 플레이,조회수 417회,2019. 10. 31.,1,2,이재덕,구독자 82명,https://www.youtube.com/watch?v=6pI-GYu6nxQ
바이러스 감염으로 하반신 마비 기적의 치료법 등장,"조회수 2,092회",2019. 10. 6.,60,3,구당TV,구독자 8.26천명,https://www.youtube.com/watch?v=nMxyaYgll3g
[SM엔터테인먼트]레이 우롱 휴대폰의 모바일 게임 TV광고 [기적의 검 - 티저 편],조회수 61회,2019. 10. 6.,0,1,서울4호선469편성,구독자 283명,https://www.youtube.com/watch?v=VUpAVl52WAQ
[기적의검] 분명 리니지2M 인데 리니지2M이 아니다?! 모바일게임 리뷰 엉아 곽철용 화남 ㅋㅋ,"조회수 10,271회",2019. 10. 6.,141,12,엉아 TV,구독자 1.54만명,https://www.youtube.com/watch?v=VrMLzR8VcOk
[기적의검] 게임플레이,"조회수 7,208회",2019. 10. 7.,7,25,youTube칠피아,구독자 238명,https://www.youtube.com/watch?v=2iIIlVFpQ78
[기적의검] 경기장 랭킹 올리기,조회수 210회,2019. 10. 7.,2,0,youTube칠피아,구독자 238명,https://www.youtube.com/watch?v=bqEvT5xBPZM
'기적의 검' RPG 모바일게임을 해봄 | 겜생(GAMELIFE),"조회수 8,635회",2019. 10. 7.,13,27,겜생,,https://www.youtube.com/watch?v=2wAGEDOIbyc
소지섭이 광고하는 기적의검 갓겜인가?,조회수 311회,2019. 10. 8.,4,2,하경운,구독자 139명,https://www.youtube.com/watch?v=mKK3y6P9Qzg
[기적의검] 다같이 모여서 가즈아!! 보상!!,조회수 295회,2019. 10. 8.,2,0,youTube칠피아,구독자 238명,https://www.youtube.com/watch?v=1ww-praZbNk
기적의검 게임 플레이,조회수 286회,2019. 10. 9.,2,0,youTube칠피아,구독자 238명,https://www.youtube.com/watch?v=dZ6BuD9jpGc
기적의검 광고 모음2,"조회수 83,745회",2019. 10. 9.,446,94,정뱀,구독자 512명,https://www.youtube.com/watch?v=F05tg2vbFRo
모바일 오버워치 FPS 게임 / Ace Force 플레이 영상 / 중국 게임 너무 잘 만드네요,조회수 172회,2019. 11. 11.,5,0,경콩아,구독자 247명,https://www.youtube.com/watch?v=6Zpl7GPc3lk
기적의검 광고,"조회수 2,643회",2019. 11. 12.,16,3,도움!,구독자 25명,https://www.youtube.com/watch?v=Ow6pA4P51RU
[기적의검] 광고부터 갓겜이네?? 열받게 하지마라,"조회수 36,554회",2019. 11. 12.,362,28,짝태TV,구독자 6.73천명,https://www.youtube.com/watch?v=hydEvssiqcQ
기적의검 광고 ㅋㅋㅋㅋㅋ,조회수 606회,2019. 11. 14.,15,1,RUNI YOUTUBE,구독자 800명,https://www.youtube.com/watch?v=AxICSUdBVbQ
"기적의검 s1서버 닉:개 인성(화면가로) 쓰레기 공유,Miracle Sword S1Server Personality Waste Sharing,奇迹之剑s1服务器共享人性垃圾",조회수 294회,2019. 11. 15.,3,0,판텡,구독자 1.12천명,https://www.youtube.com/watch?v=hDJuzkGepMw
기적의 검!!!!,조회수 43회,2019. 11. 16.,1,1,박수박tv,구독자 1명,https://www.youtube.com/watch?v=dbMpilgaJZs
아직도 기적의검 하는흑우없제? 양산형본격리뷰,조회수 62회,2019. 11. 16.,1,0,행보케,,https://www.youtube.com/watch?v=zSzDVGZgMn8
하는게 기적같은 기적의검 플레이 해보았다!,조회수 182회,2019. 11. 16.,2,0,Y.R이랑,구독자 30명,https://www.youtube.com/watch?v=Sb3b8vGsJs4
기적의 검 광고 모음,"조회수 1,135회",2019. 11. 16.,3,3,규량인_RIN_TAR_ LOVE,구독자 97명,https://www.youtube.com/watch?v=9N-s7kEq8_c
기적의검,조회수 71회,2019. 11. 17.,1,0,TV보자,구독자 3명,https://www.youtube.com/watch?v=q16H1HCMO-M
기적의 검 광고 - 안젤리나 다닐로바,조회수 327회,2019. 11. 17.,5,3,꼬깔콘,구독자 150명,https://www.youtube.com/watch?v=6KaHhP-tBsA
#기적의검#시간때우기#시간가는줄모름 시간때우기 좋은게임 시작붙어 바쁩니다 정신없이 퀘스트 완료 정신없이 보스가나옵니다,조회수 29회,2019. 11. 18.,2,2,미친불소,구독자 16명,https://www.youtube.com/watch?v=XSxxw7b5Dj4
기적의 검 리뷰,조회수 53회,2019. 11. 18.,4,0,에드업,구독자 18명,https://www.youtube.com/watch?v=wdgCGLcGJY8
기적의 그 게임 280렙을 찍고 2탄을 찍어보았다!,조회수 291회,2019. 11. 19.,2,1,Y.R이랑,구독자 30명,https://www.youtube.com/watch?v=6m_U6NKkX5E
유튜브에서 맨날 보이는 그 광고 제가 해보겠습니다,조회수 85회,2019. 11. 2.,0,0,YouTube 더운,구독자 9명,https://www.youtube.com/watch?v=Z50TlSbz7Q0
어색한 한국어로 어떻게든 빨아보려는 중국 양산형 게임 기적의 검,"조회수 1,313회",2019. 11. 2.,53,0,하얀곰돌님,구독자 4.68천명,https://www.youtube.com/watch?v=yim6s8zo0AU
[기적의 검/RPG 게임] 요즘 핫한 게임을 해보았다.,조회수 40회,2019. 11. 20.,0,0,민윤,구독자 2명,https://www.youtube.com/watch?v=1UovYFW8n70
기적의 검 리뷰,조회수 59회,2019. 11. 20.,1,0,비케이g,구독자 13명,https://www.youtube.com/watch?v=HSOWDZdKd6o
기적의검 보스처치,조회수 43회,2019. 11. 21.,0,0,한빛티비,구독자 1.18천명,https://www.youtube.com/watch?v=MXBKSKySEb0
제가 직접 기적의검을 해봤습니다.,조회수 15회,2019. 11. 21.,2,0,겜푸리,구독자 3명,https://www.youtube.com/watch?v=HSaWoHBUUC4
기적의 검 제가 해보겠습니다,조회수 4회,2019. 11. 22.,0,0,ggumeei 8588,구독자 2명,https://www.youtube.com/watch?v=a1XV_ewjh-g
[기적의검 리뷰] 이게 매출 4위라고?,"조회수 7,773회",2019. 11. 22.,54,6,"엉기의 잡학사전, 시간 때우는 게임 채널",구독자 751명,https://www.youtube.com/watch?v=BDqR0aOAmls
너무 좆은 기적의검 플레이^^,조회수 16회,2019. 11. 22.,0,0,Korea [ASMR SOUND],구독자 2명,https://www.youtube.com/watch?v=Cqil1J1rnpE
[기적의검]바쁜분들을 위해서 요약해봤습니다,조회수 330회,2019. 11. 22.,4,0,Mr.탄산,구독자 21명,https://www.youtube.com/watch?v=iesszCz4D0c
[기적의검] 해보라고 해서 하고만든 사이다 가득담긴 리뷰입니다^^,조회수 91회,2019. 11. 23.,4,0,Mr.탄산,구독자 21명,https://www.youtube.com/watch?v=ToZUl--ksAI
기적의검,조회수 13회,2019. 11. 23.,0,0,임시현,구독자 3명,https://www.youtube.com/watch?v=tmpxSXeJp9c
기적의검 광고 4탄 ㅣ 역대 최다 광고 개수ㅋㅋㅋ,"조회수 9,959회",2019. 11. 23.,91,8,정뱀,구독자 512명,https://www.youtube.com/watch?v=roSH1rCOCHo
노답광고겜..............,조회수 6회,2019. 11. 23.,0,0,약관승,구독자 25명,https://www.youtube.com/watch?v=AQSBY0JOI_I
광고만 봐도 뭣같은 기적의 검 플레이! 리뷰최초 깔지마세요 발언; 유튜브 광고에 맨날 나오는 기.적.의.검,조회수 164회,2019. 11. 24.,2,1,슈크란,구독자 41명,https://www.youtube.com/watch?v=0M9aJZLLlCI
기적의검을 해보았다,조회수 85회,2019. 11. 24.,2,1,그런사람모릅니다,구독자 73명,https://www.youtube.com/watch?v=zugR5TUzyOQ
기적의 검을 하는 날,조회수 43회,2019. 11. 25.,1,0,YouTube jun su,구독자 34명,https://www.youtube.com/watch?v=CxYm_Zeouwg
'기적의 검' 쿠폰 총 정리 바로입력 가능 마감 전 꼭 챙기자!!! | 겜생(GAMELIFE),"조회수 9,522회",2019. 11. 28.,53,19,겜생,,https://www.youtube.com/watch?v=Ve-QMVgTZC0
엘프 누나가 나와서 맨날 재밌다고 해서 접속해 보았드앙 기적의 검 모바일 게임,조회수 258회,2019. 11. 29.,3,0,에이치TV,구독자 4.84천명,https://www.youtube.com/watch?v=4MaMUd6VyoY
기적의 검 광고,조회수 248회,2019. 11. 29.,1,1,데일리광고,구독자 19명,https://www.youtube.com/watch?v=EQYkSHXV0jY
기적의 검 광고 2,"조회수 1,341회",2019. 11. 29.,11,4,데일리광고,구독자 19명,https://www.youtube.com/watch?v=PnacHEHLBFI
기적의 검 장점 단점,조회수 40회,2019. 11. 29.,0,1,라토파,구독자 1명,https://www.youtube.com/watch?v=aOUJ5bQ-1Q0
'기적의 검' 검술사 한손 액션 RPG 모바일게임을 해봄 | 겜생(GAMELIFE),"조회수 3,263회",2019. 11. 3.,9,2,겜생,,https://www.youtube.com/watch?v=p_gnvVEzzls
기적의 검 광고가 너무 싫어서 10분 재생해봤읍니다..,"조회수 2,100회",2019. 11. 3.,6,1,기적의검,구독자 7명,https://www.youtube.com/watch?v=ENkygoPYqxU
적당히 불편한 영화같은 자동 모바일 게임 - 기적의 검 - PC화면용,조회수 47회,2019. 11. 3.,1,0,객설TV,구독자 17명,https://www.youtube.com/watch?v=-z_Rx2BqGcg
기적의검 괴담...,조회수 26회,2019. 11. 30.,2,0,감주채널,,https://www.youtube.com/watch?v=Jv796brie6Y
[기적의검] 싹 다 날려버리고 싶다 진짜.. ㅋ 모바일게임 리뷰 엉아,"조회수 16,736회",2019. 11. 30.,289,11,엉아 TV,구독자 1.54만명,https://www.youtube.com/watch?v=CTr_WZzmWls
띵작 게임 개발자님이 변신카드를 만들어 줬다! 꼬무신 쿠폰 - 모바일 게임 경비병M,"조회수 1,588회",2019. 11. 5.,15,1,꼬무신TV,구독자 5.09천명,https://www.youtube.com/watch?v=3B8y2JfkRnw
중국산 기적의 검 다시해서 장점찾기 역시 재미있 아니 웃긴 게임 - 중국산 양산형 방치 RPG 모바일 게임,"조회수 2,421회",2019. 11. 6.,10,1,꼬무신TV,구독자 5.09천명,https://www.youtube.com/watch?v=xpQRHEyBxn0
[대똥꼬쇼] 최악의 중국인 더빙 광고. '기적의 검' 제가 대신 해보겠습니다.,"조회수 971,028회",2019. 11. 8.,1만,458,모아요,구독자 36.6만명,https://www.youtube.com/watch?v=DHZw8jjq19Q
[엘몽유튜브] 요즘 광고하는 게임들 5가지 리뷰,조회수 85회,2019. 11. 8.,18,1,엘몽YOUTUBE,구독자 537명,https://www.youtube.com/watch?v=B-BcJGYx6qk
기적의검 152레벨찍음 나이스ㅋㅋㅋ,조회수 642회,2019. 11. 9.,2,5,벌꿀벌tv,,https://www.youtube.com/watch?v=p6zrCKMWmMQ
[기적의 검]기적의검은 어떤 게임일까??!!(리뷰),조회수 552회,2019. 11. 9.,5,4,레오LEO,구독자 328명,https://www.youtube.com/watch?v=dX786Nee62g
재훈TV기적의검플래이영상 구독좋아요 알림설정!!!!,조회수 39회,2019. 12. 1.,4,0,재훈TV,구독자 21명,https://www.youtube.com/watch?v=86wqnP3M8iQ
어재 기적의검 깔았는데 계속하면 생기는일,"조회수 1,067회",2019. 12. 1.,1,4,잼꿀,구독자 7명,https://www.youtube.com/watch?v=oO52V3sVbTE
"기적의검 무과금 플레이 ( 신수강화한번에 전투력50만상승! 룬,신수,부마 완벽정리)",조회수 449회,2019. 12. 10.,3,0,메카닉코리아,구독자 50명,https://www.youtube.com/watch?v=MbMGQFbp6Kw
레백티 기적의 검 광고,조회수 24회,2019. 12. 11.,0,0,시즌 2레전드 백두산 티비,구독자 38명,https://www.youtube.com/watch?v=Jp2u3QZ8RnU
기적의검 월드보스,조회수 2회,2019. 12. 11.,0,0,기적의검TV,구독자 2명,https://www.youtube.com/watch?v=29bImNMqwow
기적의검 무과금 플레이 (오프효율편 안하면3억경험치증발),조회수 531회,2019. 12. 12.,4,1,메카닉코리아,구독자 50명,https://www.youtube.com/watch?v=7KXPiKlVKGI
기적의검 무과금 1일차 (초반가이드1-1),조회수 349회,2019. 12. 2.,3,0,메카닉코리아,구독자 50명,https://www.youtube.com/watch?v=m8Emi3fyAaU
광고 드럽게 많이 나오네! 진짜! [기적의 검]리뷰,조회수 17회,2019. 12. 3.,0,0,치기 GAME CHANNEL,구독자 3명,https://www.youtube.com/watch?v=YYYfaPSwNvc
소지섭이 광고한 기적의검 초반 플에이영상,조회수 12회,2019. 12. 3.,0,0,뭐여이게임,구독자 634명,https://www.youtube.com/watch?v=-mPFEIN-wIo
기적의검 무과금 3일차 (아이템 강화방법),조회수 576회,2019. 12. 3.,4,0,메카닉코리아,구독자 50명,https://www.youtube.com/watch?v=eX0tD-cL4tI
기적의검 무과금 2일차(초반가이드1-2),조회수 603회,2019. 12. 3.,4,1,메카닉코리아,구독자 50명,https://www.youtube.com/watch?v=Zw9c4VMpnNw
기적의검 광고모음 (시청주의),"조회수 4,864회",2019. 12. 4.,19,38,하디,구독자 38명,https://www.youtube.com/watch?v=xa5OxzrzO70
"기적의검 무과금 4일차 (아이템강화,세트,인연던전)",조회수 808회,2019. 12. 4.,5,0,메카닉코리아,구독자 50명,https://www.youtube.com/watch?v=eZWA7c2xS48
"기적의검 무과금 플레이 (아이템주고받기,거래방법)",조회수 294회,2019. 12. 4.,1,0,메카닉코리아,구독자 50명,https://www.youtube.com/watch?v=v6kT41MhjZs
"기적의검 무과금 플레이 (레벨업 빨리하는법, 아이템 얻는법)","조회수 4,110회",2019. 12. 5.,15,20,메카닉코리아,구독자 50명,https://www.youtube.com/watch?v=qav31A9-jQ8
기적의검 무과금 플레이 (연맹이벤트 혜자다!!!!),조회수 179회,2019. 12. 5.,2,0,메카닉코리아,구독자 50명,https://www.youtube.com/watch?v=eyRd3dULY-U
기적의검 무과금 플레이 6일차 (마안세트 맞추는법),"조회수 1,288회",2019. 12. 6.,5,7,메카닉코리아,구독자 50명,https://www.youtube.com/watch?v=FvAKe_N6LAQ
기적의 검 보스처치,조회수 10회,2019. 12. 6.,0,0,안상미,구독자 2명,https://www.youtube.com/watch?v=Y0qc0odLoIA
기적의검 무과금 플레이 (룬 강화해서 전투력올리기),조회수 400회,2019. 12. 6.,3,0,메카닉코리아,구독자 50명,https://www.youtube.com/watch?v=eEC9fPKcoHM
'기적의 검' 무과금 육성기 #01 전투력을 늘려보자 | 겜생(GAMELIFE),"조회수 2,621회",2019. 12. 6.,11,9,겜생,,https://www.youtube.com/watch?v=7MG4oEloOKg
광고에 미친듯이 나오는 게임 기적의 검을 해보았습니다.,조회수 34회,2019. 12. 6.,3,0,이 차는 이제제 껍니다,구독자 116명,https://www.youtube.com/watch?v=0iVzDon9Sog
기적의 검 광고,조회수 95회,2019. 12. 6.,4,0,이 차는 이제제 껍니다,구독자 116명,https://www.youtube.com/watch?v=cltNNE1lmZQ
에란트 활 (40레벨 달성하기 2),조회수 2회,2019. 12. 6.,0,0,ruin,구독자 17명,https://www.youtube.com/watch?v=29gkn6h39v8
기저귀검(기적의 검)-루카-(편집본),조회수 9회,2019. 12. 7.,2,0,루카RuKu,구독자 1명,https://www.youtube.com/watch?v=LgYfua1YK4s
광고에 계속나오는 기적의검을 플레이 해보았다,조회수 6회,2019. 12. 7.,0,0,웹툰좋아,,https://www.youtube.com/watch?v=0bYxZgEZol4
기적의 검 인가 기ㅈ의 검 인가.. 기적의 검 광고 리뷰,조회수 91회,2019. 12. 7.,좋아요,싫어요,재튜브,구독자 66명,https://www.youtube.com/watch?v=YYRHIqk9j0w
뚱즈의 기적의 검1화 (유료광고포함),조회수 23회,2019. 12. 7.,1,0,tv뚱즈,구독자 54명,https://www.youtube.com/watch?v=gxvZB2h4elo
기적의검 무과금 7일만에 7급3성풀셋마안셋전투력350만!? 실화냐! 이영상은 곧 성지가됩니다.,"조회수 1,372회",2019. 12. 7.,6,1,메카닉코리아,구독자 50명,https://www.youtube.com/watch?v=ctCdnFgHjkc
기적의검 무과금 플레이 (통합서버영지이벤트 직캠),조회수 136회,2019. 12. 7.,1,0,메카닉코리아,구독자 50명,https://www.youtube.com/watch?v=8vokBU-ejy8
기적의검 광고가 ㅈ같은이유[정체불명],조회수 55회,2019. 12. 7.,3,1,정체불명,구독자 13명,https://www.youtube.com/watch?v=oZgUZpqqzCc
"기적의검 무과금 플레이 (4차전직 ,투력400만달성)",조회수 375회,2019. 12. 7.,2,0,메카닉코리아,구독자 50명,https://www.youtube.com/watch?v=5TayLB05_ho
'기적의 검' 무과금 육성기 #02 전투력 100만 달성..PK.. 내가 사람을 주겨따니... | 겜생(GAMELIFE),조회수 326회,2019. 12. 8.,4,3,겜생,,https://www.youtube.com/watch?v=WzGutWNuFJw
과금없이 기적의검 해보았습니다,조회수 17회,2019. 12. 8.,1,0,기적의검TV,구독자 2명,https://www.youtube.com/watch?v=46ALHcfYrGI
기적의검 보스던전,조회수 9회,2019. 12. 8.,0,0,기적의검TV,구독자 2명,https://www.youtube.com/watch?v=RkERMda8KKM
기적의검 무과금 플레이 10일차 500만 달성 (320랩 후 부마속성과 신수속성)4차전직짧은설명포함,조회수 596회,2019. 12. 9.,3,3,메카닉코리아,구독자 50명,https://www.youtube.com/watch?v=l-tMDMVYhAM
기적의검 23층 던전 실패,조회수 6회,2019. 12. 9.,1,0,기적의검TV,구독자 2명,https://www.youtube.com/watch?v=PEphWS1L46g
기적의검 무과금 플레이 (인연도대체뭘까?전투력올려준다고?),조회수 289회,2019. 12. 9.,2,1,메카닉코리아,구독자 50명,https://www.youtube.com/watch?v=ic4RMXBNrX8
기적의검 월드보스던전 Lv210,조회수 6회,2019. 12. 9.,0,0,기적의검TV,구독자 2명,https://www.youtube.com/watch?v=DQ9j150Ofmg
"불후의검 리뷰,양산형 게임의 정점,말이필요없는 게임,모바일 게임","조회수 1,852회",2019. 5. 24.,15,4,디야TV,,https://www.youtube.com/watch?v=QhpIQ9QkeD0
[원재] 110만원 10초만에쓰는 기적의 게임 - 리니지m 케레니스5서버 天堂m リネージュm,"조회수 6,642회",2019. 5. 30.,좋아요,싫어요,원재가조아해,,https://www.youtube.com/watch?v=8hrb0qjp7pc
[ 일곱개의대죄 #2 ] 기적 - 성기사의검,조회수 25회,2019. 6. 5.,1,0,연백TV,구독자 1.58천명,https://www.youtube.com/watch?v=FZGIenW8U1c
뗑컨과 바텀 듀오,조회수 10회,2019. 7. 24.,0,0,Cloe Cage,구독자 20명,https://www.youtube.com/watch?v=h_zYkrwfXNE
사도 : 신의 검 (사도 온라인) 네이버 게임 메인브금/음악/Naver Game/The Divine Sword BGM,조회수 28회,2019. 7. 5.,0,0,슈퍼반사,,https://www.youtube.com/watch?v=510PYKqrzN4
테라 클래식 쿠폰 입력 방법,조회수 315회,2019. 8. 13.,0,0,MASTER KEATON,구독자 57명,https://www.youtube.com/watch?v=CT1xPkfJMDE
[기적의 검] 소지섭 티져 공개!,"조회수 39,446회",2019. 8. 18.,57,79,4399 Korea,구독자 830명,https://www.youtube.com/watch?v=obHR4YQWjwI
모바일게임 기적의검 원작게임 영항수호 (永恆守護) 플레이영상 by. 민수르,"조회수 2,285회",2019. 8. 25.,8,2,Play민수르,구독자 103명,https://www.youtube.com/watch?v=dbu1rEjpj4w
[기적의검] 한국모바일게임협회가 선정한?? 9월 ONE STAR 게임!! 모바일게임 리뷰 엉아,"조회수 7,546회",2019. 8. 31.,108,4,엉아 TV,구독자 1.54만명,https://www.youtube.com/watch?v=ybwI8OWZKVA
"""와5성이다! 또 5성이야"" 30분이면 5성을 만든다는데 진짜일까? | 새천하를열다 광고","조회수 21,579회",2019. 8. 31.,131,13,정뱀,구독자 512명,https://www.youtube.com/watch?v=g4vjyfjd-bo
[기적의 검] CF 감독판,"조회수 6,671회",2019. 9. 10.,35,209,4399 Korea,구독자 830명,https://www.youtube.com/watch?v=B-wOxL_VNxk
신작 게임 기적의검 아니 소지섭 형은 왜 또 여기서 나와?,조회수 71회,2019. 9. 10.,1,0,스콜튜브,,https://www.youtube.com/watch?v=hMoOXbuwk08
"기적의검 리뷰, 기대했었는데...","조회수 40,123회",2019. 9. 10.,114,40,디야TV,,https://www.youtube.com/watch?v=0cyzULXNj1M
기적의검 초반 10분 플레이 영상,"조회수 18,188회",2019. 9. 10.,13,30,겜조TV,구독자 3.89천명,https://www.youtube.com/watch?v=FTuTKy4VSUs
신규 모바일 게임 지섭이 형 믿고 해본 기적의 검 원스타 프로젝트 추천작이라는데..,조회수 274회,2019. 9. 11.,4,1,대써남후후,구독자 1.77천명,https://www.youtube.com/watch?v=Io31MoGQV8s
[기적의 검] 진짜 엘프는 따로 있다?! 지섭이형 근데 게임은 해본거야? | 김덕구 게임리뷰,"조회수 9,764회",2019. 9. 14.,좋아요,싫어요,장작TV 게임리뷰,구독자 1.73천명,https://www.youtube.com/watch?v=y4EQfm73Iq0
기적의검 rpg 모바일게임 자동전투,조회수 249회,2019. 9. 15.,0,0,jooderella주데렐라,구독자 6.42천명,https://www.youtube.com/watch?v=QC0dBPp34MU
기적의 검 소지섭과 안젤리나의 지하철광고입니다.,조회수 179회,2019. 9. 21.,1,3,괴수의왕 Movie Monster,구독자 1.64천명,https://www.youtube.com/watch?v=hVUT_Q6lHao
기적의 검 광고 - 안젤리나 다닐로바,"조회수 20,160회",2019. 9. 22.,79,217,꼬깔콘,구독자 150명,https://www.youtube.com/watch?v=QAM43M9RULU
기적의검처음,조회수 138회,2019. 9. 24.,0,0,달빛람,구독자 5명,https://www.youtube.com/watch?v=XDnQiYRsym8
기적의 검,조회수 466회,2019. 9. 26.,2,3,Sky Garden,구독자 143명,https://www.youtube.com/watch?v=GsOFgE2nTqU
기적의검,"조회수 2,264회",2019. 9. 26.,14,11,성현Tv,구독자 9명,https://www.youtube.com/watch?v=zs4A1nmqjYg
저작권아닙니다 꼭봐주세요 기적의검 게임 구독좋아요해주세요 설명봐주세여,조회수 156회,2019. 9. 27.,2,4,이근형,구독자 2명,https://www.youtube.com/watch?v=PJCFFWnzA1g
[기적의 검] 런칭 영상 공개!,"조회수 12,528회",2019. 9. 9.,43,185,4399 Korea,구독자 830명,https://www.youtube.com/watch?v=uNQsfK-J7xY
기적의검 모바일 방치형 RPG 초반플레이!!,조회수 403회,2019. 9. 9.,0,0,리얼파일,구독자 1.98천명,https://www.youtube.com/watch?v=bkBm3T6P1qI
[기적의검] 중국게임 먹여살리는 대단한 한국!! 모바일게임 리뷰 엉아,"조회수 39,646회",2019. 9. 9.,289,39,엉아 TV,구독자 1.54만명,https://www.youtube.com/watch?v=trc0yWKAOBY
기적의검 - 모바일 게임 (초반 플레이),"조회수 2,845회",2019. 9. 9.,좋아요,싫어요,무풍,구독자 103명,https://www.youtube.com/watch?v=wYzFj1iu_EM
[기적의검] 20초 광고 영상,"조회수 7,369회",2019. 9. 9.,22,180,4399 Korea,구독자 830명,https://www.youtube.com/watch?v=mY9VfnaWjHM
[달빛조각사] 평작 게임도 대작으로 바꾸는 게임방송 오늘은 기적의 검을 고쳐봅시다. #달빛조각사 #게임기획 #기적의검,"조회수 1,326회",실시간 스트리밍 시작일: 2019. 12. 4.,38,1,김경태PD,,https://www.youtube.com/watch?v=1lLwvwahaTg
기적의검] 모델이 무려 소지섭! 게다가 한국모바일게임협회 추천작? 한 번 해보겠습니다,"조회수 4,840회",실시간 스트리밍 시작일: 2019. 9. 10.,11,10,윤쿵쿵TV,구독자 6.39천명,https://www.youtube.com/watch?v=2PHbuwHMmLg
신작게임 기적의 검 스트리밍,조회수 735회,실시간 스트리밍 시작일: 2019. 9. 9.,11,1,온옹,구독자 1.33천명,https://www.youtube.com/watch?v=UOyCq45Z-Uw
기적의 검 간단리뷰,"조회수 1,550회",실시간 스트리밍 시작일: 2019. 9. 9.,12,1,온옹,구독자 1.33천명,https://www.youtube.com/watch?v=4ZtGcILx1Ig
개빡치는 극혐 유튜브 광고 TOP3,"조회수 1,563회",최초 공개: 2019. 10. 8.,40,6,규마,구독자 6.81천명,https://www.youtube.com/watch?v=F1aURU84u9E
신입 모바일게임 광고많이하는 기적의검 1,조회수 103회,최초 공개: 2019. 11. 18.,0,1,소중한기억Tv,구독자 104명,https://www.youtube.com/watch?v=4ZNpn1xkusY
