﻿rank,date,name
1,2019_09_20,라이즈 오브 킹덤즈
2,2019_09_20,리치리치
3,2019_09_20,비천무협
4,2019_09_20,미친소녀
5,2019_09_20,오늘도 우라라 원시 헌팅 라이프
6,2019_09_20,Cool Goal!
7,2019_09_20,원정
8,2019_09_20,Dinosaur Rampage
9,2019_09_20,브롤스타즈
10,2019_09_20,쿵야 캐치마인드
11,2019_09_20,배틀그라운드
12,2019_09_20,워드퍼즐 - 단어 게임
13,2019_09_20,동물의 집
14,2019_09_20,Perfect Slices
15,2019_09_20,기적의 검
16,2019_09_20,Sand Balls
17,2019_09_20,신강호
18,2019_09_20,궁수의 전설
19,2019_09_20,꿈의 집 (Homescapes)
20,2019_09_20,Mr Bullet - 스파이 퍼즐
21,2019_09_20,피망 뉴맞고 : 고스톱으로 대한민국 1등
22,2019_09_20,Fun Race 3D
23,2019_09_20,aquapark.io
24,2019_09_20,꿈의 정원 (Gardenscapes)
25,2019_09_20,Rummikub
26,2019_09_20,무한의 계단
27,2019_09_20,피망 섯다
28,2019_09_20,스타쉽 배틀
29,2019_09_20,ROBLOX
30,2019_09_20,Color Fill 3D
31,2019_09_20,Crowd City
32,2019_09_20,Granny Legend
33,2019_09_20,모두의마블
34,2019_09_20,삼국지 디펜스M
35,2019_09_20,1945
36,2019_09_20,꿈의 마을 (Township)
37,2019_09_20,Minecraft 체험판
38,2019_09_20,스나이퍼 3D 어쌔신: 무료 슈팅 게임 (Sniper 3D Assassin)
39,2019_09_20,한게임 신맞고 : 대한민국 원조 고스톱
40,2019_09_20,좀비고등학교
41,2019_09_20,Empires & Puzzles: RPG Quest
42,2019_09_20,가온:신규서버오픈
43,2019_09_20,Popcorn Burst
44,2019_09_20,Jelly Shift
45,2019_09_20,브롤 스타즈 상자깡 버그판 마인크래프트 게임 고양이 Brawl Stars
46,2019_09_20,보스레이브
47,2019_09_20,Bottle Flip 3D
48,2019_09_20,마피아42
49,2019_09_20,삼국지 오리진
50,2019_09_20,신비아파트 고스트헌터
51,2019_09_20,에오스 레드
52,2019_09_20,토킹톰 히어로 대시
53,2019_09_20,Run Race 3D
54,2019_09_20,아스팔트 9: 레전드- 2019 액션 카 레이싱 게임
55,2019_09_20,나선영웅전
56,2019_09_20,바이러스 워 - 우주 슈팅 게임
57,2019_09_20,토킹톰 골드런
58,2019_09_20,롤링 스카이
59,2019_09_20,Tank Stars
60,2019_09_20,"피망 포커: 카지노 로얄 (7포커, 로우바둑이, 하이로우)"
61,2019_09_20,Granny: Chapter Two
62,2019_09_20,한게임 포커
63,2019_09_20,Happy Glass
64,2019_09_20,Magic Tiles 3
65,2019_09_20,클래시 로얄
66,2019_09_20,Paper.io 2
67,2019_09_20,라플라스M
68,2019_09_20,슈퍼펭귄 (Super Penguins)
69,2019_09_20,벽돌깨기 퀘스트
70,2019_09_20,"좋은 피자, 위대한 피자"
71,2019_09_20,라이더 마스터 - 무료 모토 레이싱 게임
72,2019_09_20,프렌즈레이싱
73,2019_09_20,갤럭시 슈터 - 팔콘 스쿼드 - 외계인 슈팅게임
74,2019_09_20,"Happy Color – 컬러링북, 숫자 색칠 게임"
75,2019_09_20,로드 모바일: 제국의 전쟁 - MMORPG
76,2019_09_20,도끼.io
77,2019_09_20,쿠키런: 오븐브레이크
78,2019_09_20,Rider
79,2019_09_20,아기 팬더: 공주 메이크업
80,2019_09_20,삼국지강타
81,2019_09_20,우주 전쟁: 외계인들의 공격
82,2019_09_20,지오메트리 대시 라이트 (Geometry Dash L)
83,2019_09_20,Polysphere
84,2019_09_20,냥코 대전쟁
85,2019_09_20,MLB 9이닝스 19
86,2019_09_20,Puzzle Fuzzle
87,2019_09_20,FIFA ONLINE 4 M by EA SPORTS™
88,2019_09_20,The Looper
89,2019_09_20,maybe-메이비:내가 만드는 이야기
90,2019_09_20,Pokémon GO
91,2019_09_20,Draw it
92,2019_09_20,Piano Tiles 2™
93,2019_09_20,Pokémon Masters
94,2019_09_20,Auto Chess
95,2019_09_20,미로 온라인 - 실시간 미로탈출
96,2019_09_20,Shadow of Death: 다크니스 RPG - 지금 싸움을
97,2019_09_20,의지의 히어로
98,2019_09_20,스페이스 슈터: 외계인 슈팅게임
99,2019_09_20,Snowball.io
100,2019_09_20,킹스레이드
