﻿rank,date,name
1,2019_10_23,Brain Out – 가장 어색한 게임
2,2019_10_23,달빛조각사
3,2019_10_23,Icing On The Cake
4,2019_10_23,콜 오브 듀티: 모바일
5,2019_10_23,세인트 세이야 : 각성
6,2019_10_23,봉인의서
7,2019_10_23,라이즈 오브 킹덤즈
8,2019_10_23,Wrecking Ball
9,2019_10_23,꽃피는 달빛
10,2019_10_23,브롤스타즈
11,2019_10_23,무한의 계단
12,2019_10_23,궁수의 전설
13,2019_10_23,Rolling Domino
14,2019_10_23,배틀그라운드
15,2019_10_23,Perfect Slices
16,2019_10_23,킹 오브 타워
17,2019_10_23,꿈의 집 (Homescapes)
18,2019_10_23,I Peel Good
19,2019_10_23,꿈의 정원 (Gardenscapes)
20,2019_10_23,Square Bird
21,2019_10_23,Cool Goal!
22,2019_10_23,Dancing Road: Color Ball Run!
23,2019_10_23,기적의 검
24,2019_10_23,노블레스 : 제로 with NAVER WEBTOON
25,2019_10_23,ROBLOX
26,2019_10_23,워드퍼즐 - 단어 게임
27,2019_10_23,Zooba - 동물원 배틀 아레나
28,2019_10_23,오늘도 우라라 원시 헌팅 라이프
29,2019_10_23,Minecraft 체험판
30,2019_10_23,Sand Balls
31,2019_10_23,무한의 농장
32,2019_10_23,3차원 채우기 (Fill in 3D)
33,2019_10_23,펭귄의 섬
34,2019_10_23,올스타 스매시
35,2019_10_23,Zipline Valley - 물리학 퍼즐 게임
36,2019_10_23,Granny Legend
37,2019_10_23,리치리치
38,2019_10_23,신비아파트 고스트헌터
39,2019_10_23,Magic Tiles 3
40,2019_10_23,클래시 로얄
41,2019_10_23,Star Trek™ 플릿 커맨드
42,2019_10_23,1945
43,2019_10_23,해양 유목민 - 뗏목 생존: Survival on Raft - Ocean Nomad
44,2019_10_23,햄스터 타운 - 당신이 원하는 힐링 두뇌 퍼즐 게임 - 햄스터 타운! 심쿵사 주의
45,2019_10_23,바이러스 워 - 우주 슈팅 게임
46,2019_10_23,Bouncemasters!
47,2019_10_23,Dinosaur Rampage
48,2019_10_23,aquapark.io
49,2019_10_23,Fun Race 3D
50,2019_10_23,이터:던전의 포식자
51,2019_10_23,숨바꼭질 온라인 - 실시간 숨바꼭질
52,2019_10_23,Rider
53,2019_10_23,꿈의 마을 (Township)
54,2019_10_23,좀비고등학교
55,2019_10_23,Mario Kart Tour
56,2019_10_23,도시어부M
57,2019_10_23,Polysphere
58,2019_10_23,Mr Bullet - 스파이 퍼즐
59,2019_10_23,토킹톰 골드런
60,2019_10_23,피망 뉴맞고 : 고스톱으로 대한민국 1등
61,2019_10_23,Color Saw 3D
62,2019_10_23,지오메트리 대시 라이트 (Geometry Dash L)
63,2019_10_23,Empires & Puzzles: RPG Quest
64,2019_10_23,Sandwich!
65,2019_10_23,스도쿠 - 무료 클래식 스도쿠 퍼즐
66,2019_10_23,신강호
67,2019_10_23,디지몬 리얼라이즈 -Digimon ReArise-
68,2019_10_23,SweetBeat
69,2019_10_23,도끼.io
70,2019_10_23,Marbleous!
71,2019_10_23,블록 퍼즐
72,2019_10_23,로얄 다이스(Royal Dice) : 랜덤 디펜스
73,2019_10_23,Color Fill 3D
74,2019_10_23,Happy Glass
75,2019_10_23,Crowd City
76,2019_10_23,마피아42
77,2019_10_23,피츠메이커
78,2019_10_23,슈퍼펭귄 (Super Penguins)
79,2019_10_23,토킹톰 히어로 대시
80,2019_10_23,LoL 프렌즈
81,2019_10_23,Rummikub
82,2019_10_23,로드 크래쉬
83,2019_10_23,Supreme Duelist Stickman
84,2019_10_23,Run Race 3D
85,2019_10_23,쿠키런: 오븐브레이크
86,2019_10_23,롤링 스카이
87,2019_10_23,OX 퀴즈 서바이벌 100
88,2019_10_23,피망 섯다
89,2019_10_23,전투 마스터
90,2019_10_23,Nonogram.com - 픽처 크로스 퍼즐 게임
91,2019_10_23,동물의 집
92,2019_10_23,"좋은 피자, 위대한 피자"
93,2019_10_23,The Real Juggle
94,2019_10_23,Popcorn Burst
95,2019_10_23,회사 탈출3　-탈출 게임
96,2019_10_23,Soul Knight
97,2019_10_23,Pokémon GO
98,2019_10_23,의지의 히어로
99,2019_10_23,환란 삼국지
100,2019_10_23,마이토킹톰 2
