﻿rank,date,name
1,2019_10_11,달빛조각사
2,2019_10_11,콜 오브 듀티: 모바일
3,2019_10_11,Brain Out – 가장 어색한 게임
4,2019_10_11,도시어부M
5,2019_10_11,라이즈 오브 킹덤즈
6,2019_10_11,신의 연대기-신규서버오픈
7,2019_10_11,Mario Kart Tour
8,2019_10_11,The Real Juggle
9,2019_10_11,Dinosaur Rampage
10,2019_10_11,워드퍼즐 - 단어 게임
11,2019_10_11,브롤스타즈
12,2019_10_11,3차원 채우기 (Fill in 3D)
13,2019_10_11,I Peel Good
14,2019_10_11,Puzzle Fuzzle
15,2019_10_11,Cool Goal!
16,2019_10_11,Perfect Slices
17,2019_10_11,Square Bird
18,2019_10_11,무한의 계단
19,2019_10_11,Color Saw 3D
20,2019_10_11,올스타 스매시
21,2019_10_11,Bouncemasters!
22,2019_10_11,꿈의 집 (Homescapes)
23,2019_10_11,오늘도 우라라 원시 헌팅 라이프
24,2019_10_11,꿈의 정원 (Gardenscapes)
25,2019_10_11,궁수의 전설
26,2019_10_11,이터:던전의 포식자
27,2019_10_11,배틀그라운드
28,2019_10_11,Sand Balls
29,2019_10_11,기적의 검
30,2019_10_11,Fun Race 3D
31,2019_10_11,바이러스 워 - 우주 슈팅 게임
32,2019_10_11,피망 뉴맞고 : 고스톱으로 대한민국 1등
33,2019_10_11,Zipline Valley - 물리학 퍼즐 게임
34,2019_10_11,1945
35,2019_10_11,펭귄의 섬
36,2019_10_11,ROBLOX
37,2019_10_11,Mr Bullet - 스파이 퍼즐
38,2019_10_11,aquapark.io
39,2019_10_11,좀비고등학교
40,2019_10_11,보스레이브
41,2019_10_11,쌍삼국지
42,2019_10_11,Zooba - 동물원 배틀 아레나
43,2019_10_11,피츠메이커
44,2019_10_11,Magic Tiles 3
45,2019_10_11,Paper.io 2
46,2019_10_11,Granny Legend
47,2019_10_11,꿈의 마을 (Township)
48,2019_10_11,Rope Slash
49,2019_10_11,Minecraft 체험판
50,2019_10_11,햄스터 타운 - 당신이 원하는 힐링 두뇌 퍼즐 게임 - 햄스터 타운! 심쿵사 주의
51,2019_10_11,Run Race 3D
52,2019_10_11,Color Fill 3D
53,2019_10_11,클래시 로얄
54,2019_10_11,Jelly Shift
55,2019_10_11,Crowd City
56,2019_10_11,Marbleous!
57,2019_10_11,토킹톰 골드런
58,2019_10_11,Rider
59,2019_10_11,왕국건설 스토리
60,2019_10_11,타워 브레이커(Tower Breaker) - 신의 탑 부수기
61,2019_10_11,Partymasters - Fun Idle Game
62,2019_10_11,Pokémon GO
63,2019_10_11,동물의 집
64,2019_10_11,Empires & Puzzles: RPG Quest
65,2019_10_11,신비아파트 고스트헌터
66,2019_10_11,리치리치
67,2019_10_11,"Happy Color – 컬러링북, 숫자 색칠 게임"
68,2019_10_11,마피아42
69,2019_10_11,피망 섯다
70,2019_10_11,지오메트리 대시 라이트 (Geometry Dash L)
71,2019_10_11,Stop them ALL !
72,2019_10_11,Granny: Chapter Two
73,2019_10_11,토킹톰 히어로 대시
74,2019_10_11,Robot Clash
75,2019_10_11,Bottle Flip 3D
76,2019_10_11,슈퍼펭귄 (Super Penguins)
77,2019_10_11,숨바꼭질 온라인 - 실시간 숨바꼭질
78,2019_10_11,Idle Stickman
79,2019_10_11,Line Color 3D
80,2019_10_11,Supreme Duelist Stickman
81,2019_10_11,Rummikub
82,2019_10_11,"Numpuz: Classic Number Games, Num Riddle Puzzle"
83,2019_10_11,검협: 그리고 전설
84,2019_10_11,익스트림풋볼:3대3 멀티 축구
85,2019_10_11,스나이퍼 3D 어쌔신: 무료 슈팅 게임 (Sniper 3D Assassin)
86,2019_10_11,갤럭시 슈터 - 팔콘 스쿼드 - 외계인 슈팅게임
87,2019_10_11,Shadow of Death: 다크니스 RPG - 지금 싸움을
88,2019_10_11,Wrecking Ball
89,2019_10_11,해양 유목민 - 뗏목 생존: Survival on Raft - Ocean Nomad
90,2019_10_11,스페이스 슈터: 외계인 슈팅게임
91,2019_10_11,Hole.io
92,2019_10_11,Merge Magic!
93,2019_10_11,롤링 스카이
94,2019_10_11,Two Dots
95,2019_10_11,쿠키런: 오븐브레이크
96,2019_10_11,Happy Glass
97,2019_10_11,아스팔트 9: 레전드- 2019 액션 카 레이싱 게임
98,2019_10_11,신강호
99,2019_10_11,"좋은 피자, 위대한 피자"
100,2019_10_11,쿵야 캐치마인드
