﻿rank,date,name
1,2019_09_13,리치리치
2,2019_09_13,라이즈 오브 킹덤즈
3,2019_09_13,Cool Goal!
4,2019_09_13,오늘도 우라라 원시 헌팅 라이프
5,2019_09_13,원정
6,2019_09_13,브롤스타즈
7,2019_09_13,Perfect Slices
8,2019_09_13,쿵야 캐치마인드
9,2019_09_13,메탈슬러그 인피니티 - 방치형 RPG
10,2019_09_13,기적의 검
11,2019_09_13,Sand Balls
12,2019_09_13,궁수의 전설
13,2019_09_13,꿈의 집 (Homescapes)
14,2019_09_13,aquapark.io
15,2019_09_13,Mr Bullet - 스파이 퍼즐
16,2019_09_13,Fun Race 3D
17,2019_09_13,배틀그라운드
18,2019_09_13,꿈의 정원 (Gardenscapes)
19,2019_09_13,동물의 집
20,2019_09_13,ROBLOX
21,2019_09_13,무한의 계단
22,2019_09_13,오늘도 환생
23,2019_09_13,Rummikub
24,2019_09_13,피망 뉴맞고 : 고스톱으로 대한민국 1등
25,2019_09_13,Minecraft 체험판
26,2019_09_13,신비아파트 고스트헌터
27,2019_09_13,Color Fill 3D
28,2019_09_13,스나이퍼 3D 어쌔신: 무료 슈팅 게임 (Sniper 3D Assassin)
29,2019_09_13,꿈의 마을 (Township)
30,2019_09_13,"좋은 피자, 위대한 피자"
31,2019_09_13,Jelly Shift
32,2019_09_13,Run Race 3D
33,2019_09_13,Crowd City
34,2019_09_13,토킹톰 히어로 대시
35,2019_09_13,좀비고등학교
36,2019_09_13,벽돌깨기 퀘스트
37,2019_09_13,모두의마블
38,2019_09_13,1945
39,2019_09_13,Pokémon Masters
40,2019_09_13,토킹톰 골드런
41,2019_09_13,피망 섯다
42,2019_09_13,Happy Glass
43,2019_09_13,삼국지 디펜스M
44,2019_09_13,슈퍼펭귄 (Super Penguins)
45,2019_09_13,마피아42
46,2019_09_13,Pokémon GO
47,2019_09_13,클래시 로얄
48,2019_09_13,롤링 스카이
49,2019_09_13,에오스 레드
50,2019_09_13,브롤 스타즈 상자깡 버그판 마인크래프트 게임 고양이 Brawl Stars
51,2019_09_13,Bottle Flip 3D
52,2019_09_13,아스팔트 9: 레전드- 2019 액션 카 레이싱 게임
53,2019_09_13,바이러스 워 - 우주 슈팅 게임
54,2019_09_13,한게임 신맞고 : 대한민국 원조 고스톱
55,2019_09_13,Rider
56,2019_09_13,Paper.io 2
57,2019_09_13,프렌즈레이싱
58,2019_09_13,숨바꼭질 온라인 - 실시간 숨바꼭질
59,2019_09_13,가온:신규서버오픈
60,2019_09_13,닌자세계대전
61,2019_09_13,Piano Tiles 2™
62,2019_09_13,Tank Stars
63,2019_09_13,지오메트리 대시 라이트 (Geometry Dash L)
64,2019_09_13,용사식당
65,2019_09_13,Hoop Stars
66,2019_09_13,쿠키런: 오븐브레이크
67,2019_09_13,도끼.io
68,2019_09_13,보스레이브
69,2019_09_13,Empires & Puzzles: RPG Quest
70,2019_09_13,Shadow of Death: 다크니스 RPG - 지금 싸움을
71,2019_09_13,Traffic Run!
72,2019_09_13,의지의 히어로
73,2019_09_13,Blade Master - Mini Action RPG Game
74,2019_09_13,Wrecking Ball
75,2019_09_13,Kick the Buddy: Forever
76,2019_09_13,미로 온라인 - 실시간 미로탈출
77,2019_09_13,미친소녀
78,2019_09_13,Snowball.io
79,2019_09_13,Granny: Chapter Two
80,2019_09_13,아기 팬더: 공주 메이크업
81,2019_09_13,별난닭 키우기
82,2019_09_13,Supreme Duelist Stickman
83,2019_09_13,OnPipe
84,2019_09_13,스페이스 슈터: 외계인 슈팅게임
85,2019_09_13,"Happy Color – 컬러링북, 숫자 색칠 게임"
86,2019_09_13,세레스M
87,2019_09_13,Draw it
88,2019_09_13,마이토킹톰 2
89,2019_09_13,갤럭시 슈터 - 팔콘 스쿼드 - 외계인 슈팅게임
90,2019_09_13,라플라스M
91,2019_09_13,FIFA ONLINE 4 M by EA SPORTS™
92,2019_09_13,Bouncemasters!
93,2019_09_13,Soul Knight
94,2019_09_13,Dream Piano - Music Game
95,2019_09_13,바운스볼
96,2019_09_13,냥코 대전쟁
97,2019_09_13,Hungry Shark Evolution
98,2019_09_13,Auto Chess
99,2019_09_13,한게임 포커
100,2019_09_13,피아노 실제 - 음악 매직 게임 실행하며 피아노 키보드 로 노래를 배워보세요
