﻿rank,date,name
1,2019_11_04,Rescue Cut - Rope Puzzle
2,2019_11_04,Brain Out – 가장 어색한 게임
3,2019_11_04,DX : 신 세기의 전쟁
4,2019_11_04,Icing On The Cake
5,2019_11_04,킹 오브 타워
6,2019_11_04,콜 오브 듀티: 모바일
7,2019_11_04,신강호
8,2019_11_04,Crazy Shopping
9,2019_11_04,Minecraft Earth
10,2019_11_04,Zipline Valley - 물리학 퍼즐 게임
11,2019_11_04,로드 크래쉬
12,2019_11_04,세인트 세이야 : 각성
13,2019_11_04,완미세계
14,2019_11_04,무한의 계단
15,2019_11_04,라이즈 오브 킹덤즈
16,2019_11_04,데이트 어 라이브: 다시 만난 정령
17,2019_11_04,브롤스타즈
18,2019_11_04,Drop & Smash
19,2019_11_04,동물극장 - 귀여운 동물들과 영화보며 힐링
20,2019_11_04,기적의 검
21,2019_11_04,King of Avalon: 전략 멀티 플레이어 전쟁 | 드래곤 전쟁
22,2019_11_04,Granny Legend
23,2019_11_04,메탈슬러그 인피니티 - 방치형 RPG
24,2019_11_04,리치리치
25,2019_11_04,꿈의 집 (Homescapes)
26,2019_11_04,Draw Around
27,2019_11_04,Puzzle Fuzzle
28,2019_11_04,꽃피는 달빛
29,2019_11_04,달빛조각사
30,2019_11_04,Rolling Domino
31,2019_11_04,쿠키런: 오븐브레이크
32,2019_11_04,테니스 클래시: 3D 스포츠 - 무료 멀티플레이어 게임
33,2019_11_04,꿈의 정원 (Gardenscapes)
34,2019_11_04,톰 오브 더 마스크: 컬러
35,2019_11_04,궁수의 전설
36,2019_11_04,Minecraft 체험판
37,2019_11_04,ROBLOX
38,2019_11_04,I Peel Good
39,2019_11_04,바이러스 워 - 우주 슈팅 게임
40,2019_11_04,Empires & Puzzles: RPG Quest
41,2019_11_04,워드퍼즐 - 단어 게임
42,2019_11_04,익스트림풋볼:3대3 멀티 축구
43,2019_11_04,로얄 다이스(Royal Dice) : 랜덤 디펜스
44,2019_11_04,배틀그라운드
45,2019_11_04,판타지타운
46,2019_11_04,꿈의 마을 (Township)
47,2019_11_04,Perfect Slices
48,2019_11_04,Collect Cubes
49,2019_11_04,무한의 농장
50,2019_11_04,Sand Balls
51,2019_11_04,해양 유목민 - 뗏목 생존: Survival on Raft - Ocean Nomad
52,2019_11_04,Magic Tiles 3
53,2019_11_04,피망 뉴맞고 : 고스톱으로 대한민국 1등
54,2019_11_04,클래시 로얄
55,2019_11_04,지오메트리 대시 라이트 (Geometry Dash L)
56,2019_11_04,Fun Race 3D
57,2019_11_04,Soul Land: 엘피스 전기
58,2019_11_04,Rider
59,2019_11_04,3차원 채우기 (Fill in 3D)
60,2019_11_04,Wrecking Ball
61,2019_11_04,Cool Goal!
62,2019_11_04,펭귄의 섬
63,2019_11_04,Zooba - 동물원 배틀 아레나
64,2019_11_04,Block Puzzle Universe
65,2019_11_04,Mr Bullet - 스파이 퍼즐
66,2019_11_04,토킹톰 골드런
67,2019_11_04,1945
68,2019_11_04,롤링 스카이
69,2019_11_04,aquapark.io
70,2019_11_04,좀비고등학교
71,2019_11_04,토킹톰 히어로 대시
72,2019_11_04,스도쿠 - 무료 클래식 스도쿠 퍼즐
73,2019_11_04,Gang Clash
74,2019_11_04,햄스터 타운 - 당신이 원하는 힐링 두뇌 퍼즐 게임 - 햄스터 타운! 심쿵사 주의
75,2019_11_04,Dancing Road: Color Ball Run!
76,2019_11_04,브롤 스타즈 상자깡 버그판 마인크래프트 게임 고양이 Brawl Stars
77,2019_11_04,용사식당
78,2019_11_04,"좋은 피자, 위대한 피자"
79,2019_11_04,오늘도 우라라 원시 헌팅 라이프
80,2019_11_04,Happy Glass
81,2019_11_04,Kick the Buddy: Forever
82,2019_11_04,Mahjong City Tours
83,2019_11_04,OX 퀴즈 서바이벌 100
84,2019_11_04,Marbleous!
85,2019_11_04,신비아파트 고스트헌터
86,2019_11_04,Nonogram.com - 픽처 크로스 퍼즐 게임
87,2019_11_04,Perfect Paint
88,2019_11_04,Run Race 3D
89,2019_11_04,매직 직소 퍼즐
90,2019_11_04,Paper.io 2
91,2019_11_04,놈 플랜트
92,2019_11_04,Merge Robots - Idle Tycoon Games 2019
93,2019_11_04,The Real Juggle
94,2019_11_04,Color Saw 3D
95,2019_11_04,무한의 기차
96,2019_11_04,노블레스 : 제로 with NAVER WEBTOON
97,2019_11_04,슈퍼펭귄 (Super Penguins)
98,2019_11_04,숨바꼭질 온라인 - 실시간 숨바꼭질
99,2019_11_04,마피아42
100,2019_11_04,봉인의서
