﻿rank,date,name
1,2019_10_17,Brain Out – 가장 어색한 게임
2,2019_10_17,콜 오브 듀티: 모바일
3,2019_10_17,달빛조각사
4,2019_10_17,세레스M
5,2019_10_17,라이즈 오브 킹덤즈
6,2019_10_17,Wrecking Ball
7,2019_10_17,신의 연대기-신규서버오픈
8,2019_10_17,봉인의서
9,2019_10_17,브롤스타즈
10,2019_10_17,기적의 검
11,2019_10_17,Icing On The Cake
12,2019_10_17,소울아크: 리부트
13,2019_10_17,워드퍼즐 - 단어 게임
14,2019_10_17,궁수의 전설
15,2019_10_17,무한의 계단
16,2019_10_17,Perfect Slices
17,2019_10_17,배틀그라운드
18,2019_10_17,꿈의 집 (Homescapes)
19,2019_10_17,펭귄의 섬
20,2019_10_17,Square Bird
21,2019_10_17,Dinosaur Rampage
22,2019_10_17,Bouncemasters!
23,2019_10_17,Cool Goal!
24,2019_10_17,올스타 스매시
25,2019_10_17,디지몬 리얼라이즈 -Digimon ReArise-
26,2019_10_17,꿈의 정원 (Gardenscapes)
27,2019_10_17,I Peel Good
28,2019_10_17,Puzzle Fuzzle
29,2019_10_17,이터:던전의 포식자
30,2019_10_17,1945
31,2019_10_17,Mario Kart Tour
32,2019_10_17,꽃피는 달빛
33,2019_10_17,ROBLOX
34,2019_10_17,도시어부M
35,2019_10_17,Magic Tiles 3
36,2019_10_17,Zipline Valley - 물리학 퍼즐 게임
37,2019_10_17,3차원 채우기 (Fill in 3D)
38,2019_10_17,Sand Balls
39,2019_10_17,신강호
40,2019_10_17,오늘도 우라라 원시 헌팅 라이프
41,2019_10_17,Granny Legend
42,2019_10_17,Fun Race 3D
43,2019_10_17,바이러스 워 - 우주 슈팅 게임
44,2019_10_17,피망 뉴맞고 : 고스톱으로 대한민국 1등
45,2019_10_17,The Real Juggle
46,2019_10_17,신비아파트 고스트헌터
47,2019_10_17,Mr Bullet - 스파이 퍼즐
48,2019_10_17,장기2.0
49,2019_10_17,Color Saw 3D
50,2019_10_17,꿈의 마을 (Township)
51,2019_10_17,Zooba - 동물원 배틀 아레나
52,2019_10_17,좀비고등학교
53,2019_10_17,클래시 로얄
54,2019_10_17,aquapark.io
55,2019_10_17,Empires & Puzzles: RPG Quest
56,2019_10_17,Paper.io 2
57,2019_10_17,피츠메이커
58,2019_10_17,Rider
59,2019_10_17,숨바꼭질 온라인 - 실시간 숨바꼭질
60,2019_10_17,장기의 달인
61,2019_10_17,Minecraft 체험판
62,2019_10_17,Color Fill 3D
63,2019_10_17,세븐나이츠
64,2019_10_17,Rummikub
65,2019_10_17,Run Race 3D
66,2019_10_17,리치리치
67,2019_10_17,햄스터 타운 - 당신이 원하는 힐링 두뇌 퍼즐 게임 - 햄스터 타운! 심쿵사 주의
68,2019_10_17,토킹톰 골드런
69,2019_10_17,스도쿠 - 무료 클래식 스도쿠 퍼즐
70,2019_10_17,환란 삼국지
71,2019_10_17,피망 섯다
72,2019_10_17,Happy Glass
73,2019_10_17,Crowd City
74,2019_10_17,Kick the Buddy: Forever
75,2019_10_17,무한의 농장
76,2019_10_17,아스팔트 9: 레전드- 2019 액션 카 레이싱 게임
77,2019_10_17,"Numpuz: Classic Number Games, Num Riddle Puzzle"
78,2019_10_17,전투 마스터
79,2019_10_17,Hole.io
80,2019_10_17,Nonogram.com - 픽처 크로스 퍼즐 게임
81,2019_10_17,겜브링 GGAM BRING
82,2019_10_17,Two Dots
83,2019_10_17,왕국건설 스토리
84,2019_10_17,지오메트리 대시 라이트 (Geometry Dash L)
85,2019_10_17,마피아42
86,2019_10_17,해양 유목민 - 뗏목 생존: Survival on Raft - Ocean Nomad
87,2019_10_17,보스레이브
88,2019_10_17,메이플스토리M
89,2019_10_17,갤럭시 슈터 - 팔콘 스쿼드 - 외계인 슈팅게임
90,2019_10_17,쿠키런: 오븐브레이크
91,2019_10_17,한게임 포커
92,2019_10_17,세인트 세이야 : 각성
93,2019_10_17,"피망 포커: 카지노 로얄 (7포커, 로우바둑이, 하이로우)"
94,2019_10_17,Robot Clash
95,2019_10_17,"Happy Color – 컬러링북, 숫자 색칠 게임"
96,2019_10_17,Rope Slash
97,2019_10_17,토킹톰 히어로 대시
98,2019_10_17,리니지M
99,2019_10_17,슈퍼펭귄 (Super Penguins)
100,2019_10_17,삼국지 오리진
