﻿rank,date,name
1,2019_09_17,라이즈 오브 킹덤즈
2,2019_09_17,리치리치
3,2019_09_17,오늘도 우라라 원시 헌팅 라이프
4,2019_09_17,Cool Goal!
5,2019_09_17,원정
6,2019_09_17,브롤스타즈
7,2019_09_17,Perfect Slices
8,2019_09_17,배틀그라운드
9,2019_09_17,쿵야 캐치마인드
10,2019_09_17,동물의 집
11,2019_09_17,Sand Balls
12,2019_09_17,aquapark.io
13,2019_09_17,Mr Bullet - 스파이 퍼즐
14,2019_09_17,꿈의 집 (Homescapes)
15,2019_09_17,궁수의 전설
16,2019_09_17,기적의 검
17,2019_09_17,Fun Race 3D
18,2019_09_17,Rummikub
19,2019_09_17,ROBLOX
20,2019_09_17,꿈의 정원 (Gardenscapes)
21,2019_09_17,워드퍼즐 - 단어 게임
22,2019_09_17,무한의 계단
23,2019_09_17,Crowd City
24,2019_09_17,피망 뉴맞고 : 고스톱으로 대한민국 1등
25,2019_09_17,Color Fill 3D
26,2019_09_17,Jelly Shift
27,2019_09_17,신비아파트 고스트헌터
28,2019_09_17,Minecraft 체험판
29,2019_09_17,스나이퍼 3D 어쌔신: 무료 슈팅 게임 (Sniper 3D Assassin)
30,2019_09_17,꿈의 마을 (Township)
31,2019_09_17,롤링 스카이
32,2019_09_17,좀비고등학교
33,2019_09_17,토킹톰 골드런
34,2019_09_17,토킹톰 히어로 대시
35,2019_09_17,Run Race 3D
36,2019_09_17,Tank Stars
37,2019_09_17,모두의마블
38,2019_09_17,Happy Glass
39,2019_09_17,Bottle Flip 3D
40,2019_09_17,Paper.io 2
41,2019_09_17,벽돌깨기 퀘스트
42,2019_09_17,마피아42
43,2019_09_17,슈퍼펭귄 (Super Penguins)
44,2019_09_17,삼국지 디펜스M
45,2019_09_17,피망 섯다
46,2019_09_17,"좋은 피자, 위대한 피자"
47,2019_09_17,한게임 신맞고 : 대한민국 원조 고스톱
48,2019_09_17,브롤 스타즈 상자깡 버그판 마인크래프트 게임 고양이 Brawl Stars
49,2019_09_17,Piano Tiles 2™
50,2019_09_17,프렌즈레이싱
51,2019_09_17,Popcorn Burst
52,2019_09_17,Rider
53,2019_09_17,Dream Piano - Music Game
54,2019_09_17,1945
55,2019_09_17,아스팔트 9: 레전드- 2019 액션 카 레이싱 게임
56,2019_09_17,Kick the Buddy: Forever
57,2019_09_17,에오스 레드
58,2019_09_17,Polysphere
59,2019_09_17,아기 팬더: 공주 메이크업
60,2019_09_17,클래시 로얄
61,2019_09_17,라플라스M
62,2019_09_17,Draw it
63,2019_09_17,Magic Tiles 3
64,2019_09_17,Granny Legend
65,2019_09_17,다운블레이드(DownBlade)
66,2019_09_17,Empires & Puzzles: RPG Quest
67,2019_09_17,Granny: Chapter Two
68,2019_09_17,Pokémon Masters
69,2019_09_17,쿠키런: 오븐브레이크
70,2019_09_17,바이러스 워 - 우주 슈팅 게임
71,2019_09_17,미로 온라인 - 실시간 미로탈출
72,2019_09_17,숨바꼭질 온라인 - 실시간 숨바꼭질
73,2019_09_17,지오메트리 대시 라이트 (Geometry Dash L)
74,2019_09_17,Snowball.io
75,2019_09_17,Bouncemasters!
76,2019_09_17,보스레이브
77,2019_09_17,Swing Star
78,2019_09_17,"Happy Color – 컬러링북, 숫자 색칠 게임"
79,2019_09_17,의지의 히어로
80,2019_09_17,OnPipe
81,2019_09_17,냥코 대전쟁
82,2019_09_17,Traffic Run!
83,2019_09_17,마이토킹톰 2
84,2019_09_17,Shadow of Death: 다크니스 RPG - 지금 싸움을
85,2019_09_17,Helix Jump
86,2019_09_17,Wrecking Ball
87,2019_09_17,Pokémon GO
88,2019_09_17,삼국지 오리진
89,2019_09_17,도끼.io
90,2019_09_17,로드 모바일: 제국의 전쟁 - MMORPG
91,2019_09_17,Neon Splash
92,2019_09_17,닌자세계대전
93,2019_09_17,Tiles Hop: EDM Rush!
94,2019_09_17,Blade Master - Mini Action RPG Game
95,2019_09_17,미친소녀
96,2019_09_17,Line Color 3D
97,2019_09_17,Color Hole 3D
98,2019_09_17,Puzzle Fuzzle
99,2019_09_17,"피망 포커: 카지노 로얄 (7포커, 로우바둑이, 하이로우)"
100,2019_09_17,FIFA ONLINE 4 M by EA SPORTS™
