﻿rank,date,name
1,2019_10_29,Icing On The Cake
2,2019_10_29,완미세계
3,2019_10_29,Brain Out – 가장 어색한 게임
4,2019_10_29,Rescue Cut - Rope Puzzle
5,2019_10_29,Zipline Valley - 물리학 퍼즐 게임
6,2019_10_29,콜 오브 듀티: 모바일
7,2019_10_29,로드 크래쉬
8,2019_10_29,신강호
9,2019_10_29,달빛조각사
10,2019_10_29,판타지타운
11,2019_10_29,브롤스타즈
12,2019_10_29,무한의 계단
13,2019_10_29,Rolling Domino
14,2019_10_29,라이즈 오브 킹덤즈
15,2019_10_29,I Peel Good
16,2019_10_29,Soul Land: 엘피스 전기
17,2019_10_29,꿈의 집 (Homescapes)
18,2019_10_29,꽃피는 달빛
19,2019_10_29,기적의 검
20,2019_10_29,꿈의 정원 (Gardenscapes)
21,2019_10_29,Puzzle Fuzzle
22,2019_10_29,킹 오브 타워
23,2019_10_29,Wrecking Ball
24,2019_10_29,동물극장 - 귀여운 동물들과 영화보며 힐링
25,2019_10_29,3차원 채우기 (Fill in 3D)
26,2019_10_29,봉인의서
27,2019_10_29,Perfect Slices
28,2019_10_29,배틀그라운드
29,2019_10_29,궁수의 전설
30,2019_10_29,테니스 클래시: 3D 스포츠 - 무료 멀티플레이어 게임
31,2019_10_29,ROBLOX
32,2019_10_29,쿠키런: 오븐브레이크
33,2019_10_29,Minecraft 체험판
34,2019_10_29,Draw Around
35,2019_10_29,Magic Tiles 3
36,2019_10_29,꿈의 마을 (Township)
37,2019_10_29,오늘도 우라라 원시 헌팅 라이프
38,2019_10_29,Line Driver
39,2019_10_29,Cool Goal!
40,2019_10_29,해양 유목민 - 뗏목 생존: Survival on Raft - Ocean Nomad
41,2019_10_29,바이러스 워 - 우주 슈팅 게임
42,2019_10_29,리치리치
43,2019_10_29,워드퍼즐 - 단어 게임
44,2019_10_29,Sand Balls
45,2019_10_29,Dancing Road: Color Ball Run!
46,2019_10_29,용사식당
47,2019_10_29,좀비고등학교
48,2019_10_29,"좋은 피자, 위대한 피자"
49,2019_10_29,Zooba - 동물원 배틀 아레나
50,2019_10_29,올스타 스매시
51,2019_10_29,Granny Legend
52,2019_10_29,aquapark.io
53,2019_10_29,무한의 농장
54,2019_10_29,클래시 로얄
55,2019_10_29,Rider
56,2019_10_29,롤링 스카이
57,2019_10_29,지오메트리 대시 라이트 (Geometry Dash L)
58,2019_10_29,토킹톰 히어로 대시
59,2019_10_29,Fun Race 3D
60,2019_10_29,Color Saw 3D
61,2019_10_29,신비아파트 고스트헌터
62,2019_10_29,펭귄의 섬
63,2019_10_29,토킹톰 골드런
64,2019_10_29,로얄 다이스(Royal Dice) : 랜덤 디펜스
65,2019_10_29,동물의 집
66,2019_10_29,이터:던전의 포식자
67,2019_10_29,익스트림풋볼:3대3 멀티 축구
68,2019_10_29,Mr Bullet - 스파이 퍼즐
69,2019_10_29,Square Bird
70,2019_10_29,Mario Kart Tour
71,2019_10_29,피망 뉴맞고 : 고스톱으로 대한민국 1등
72,2019_10_29,Dinosaur Rampage
73,2019_10_29,브롤 스타즈 상자깡 버그판 마인크래프트 게임 고양이 Brawl Stars
74,2019_10_29,세인트 세이야 : 각성
75,2019_10_29,Empires & Puzzles: RPG Quest
76,2019_10_29,1945
77,2019_10_29,햄스터 타운 - 당신이 원하는 힐링 두뇌 퍼즐 게임 - 햄스터 타운! 심쿵사 주의
78,2019_10_29,숨바꼭질 온라인 - 실시간 숨바꼭질
79,2019_10_29,Crowd City
80,2019_10_29,스도쿠 - 무료 클래식 스도쿠 퍼즐
81,2019_10_29,Happy Glass
82,2019_10_29,Tiles Hop: EDM Rush!
83,2019_10_29,Paper.io 2
84,2019_10_29,슈퍼펭귄 (Super Penguins)
85,2019_10_29,Kick the Buddy: Forever
86,2019_10_29,Bouncemasters!
87,2019_10_29,OX 퀴즈 서바이벌 100
88,2019_10_29,Run Race 3D
89,2019_10_29,Nonogram.com - 픽처 크로스 퍼즐 게임
90,2019_10_29,Rummikub
91,2019_10_29,마피아42
92,2019_10_29,무한의 기차
93,2019_10_29,FIFA ONLINE 4 M by EA SPORTS™
94,2019_10_29,Piano Tiles 2™
95,2019_10_29,Popcorn Burst
96,2019_10_29,Draw it
97,2019_10_29,팽이로 보석캐기
98,2019_10_29,Soul Knight
99,2019_10_29,LoL 프렌즈
100,2019_10_29,광산타이쿤 - 방치형 광산 매니저
