﻿rank,date,name
1,2019_09_24,라이즈 오브 킹덤즈
2,2019_09_24,Dinosaur Rampage
3,2019_09_24,리치리치
4,2019_09_24,신강호
5,2019_09_24,오늘도 우라라 원시 헌팅 라이프
6,2019_09_24,Cool Goal!
7,2019_09_24,미친소녀
8,2019_09_24,쌍삼국지
9,2019_09_24,올스타 스매시
10,2019_09_24,브롤스타즈
11,2019_09_24,Puzzle Fuzzle
12,2019_09_24,워드퍼즐 - 단어 게임
13,2019_09_24,동물의 집
14,2019_09_24,I Peel Good
15,2019_09_24,Square Bird
16,2019_09_24,Brain Out – 가장 어색한 게임
17,2019_09_24,Sand Balls
18,2019_09_24,Perfect Slices
19,2019_09_24,기적의 검
20,2019_09_24,꿈의 집 (Homescapes)
21,2019_09_24,배틀그라운드
22,2019_09_24,궁수의 전설
23,2019_09_24,무한의 계단
24,2019_09_24,Mr Bullet - 스파이 퍼즐
25,2019_09_24,쿵야 캐치마인드
26,2019_09_24,Fun Race 3D
27,2019_09_24,햄스터 타운 - 당신이 원하는 힐링 두뇌 퍼즐 게임 - 햄스터 타운! 심쿵사 주의
28,2019_09_24,ROBLOX
29,2019_09_24,바이러스 워 - 우주 슈팅 게임
30,2019_09_24,피망 뉴맞고 : 고스톱으로 대한민국 1등
31,2019_09_24,aquapark.io
32,2019_09_24,꿈의 정원 (Gardenscapes)
33,2019_09_24,Minecraft 체험판
34,2019_09_24,보스레이브
35,2019_09_24,비천무협
36,2019_09_24,피망 섯다
37,2019_09_24,Color Fill 3D
38,2019_09_24,Rummikub
39,2019_09_24,Crowd City
40,2019_09_24,으라차차 돌격 라그나로크
41,2019_09_24,Magic Tiles 3
42,2019_09_24,꿈의 마을 (Township)
43,2019_09_24,브롤 스타즈 상자깡 버그판 마인크래프트 게임 고양이 Brawl Stars
44,2019_09_24,좀비고등학교
45,2019_09_24,신비아파트 고스트헌터
46,2019_09_24,Granny: Chapter Two
47,2019_09_24,Zipline Valley - 물리학 퍼즐 게임
48,2019_09_24,1945
49,2019_09_24,토킹톰 히어로 대시
50,2019_09_24,아스팔트 9: 레전드- 2019 액션 카 레이싱 게임
51,2019_09_24,토킹톰 골드런
52,2019_09_24,에오스 레드
53,2019_09_24,Empires & Puzzles: RPG Quest
54,2019_09_24,스나이퍼 3D 어쌔신: 무료 슈팅 게임 (Sniper 3D Assassin)
55,2019_09_24,Bottle Flip 3D
56,2019_09_24,슈퍼펭귄 (Super Penguins)
57,2019_09_24,Line Color 3D
58,2019_09_24,Run Race 3D
59,2019_09_24,클래시 로얄
60,2019_09_24,마피아42
61,2019_09_24,프렌즈레이싱
62,2019_09_24,"좋은 피자, 위대한 피자"
63,2019_09_24,Granny Legend
64,2019_09_24,Jelly Shift
65,2019_09_24,Rider
66,2019_09_24,낚시 클래시: 스포츠 낚시 게임 (Fishing Clash)
67,2019_09_24,Tank Stars
68,2019_09_24,아기 팬더: 공주 메이크업
69,2019_09_24,지오메트리 대시 라이트 (Geometry Dash L)
70,2019_09_24,로드 모바일: 제국의 전쟁 - MMORPG
71,2019_09_24,Tiles Hop: EDM Rush!
72,2019_09_24,Wrecking Ball
73,2019_09_24,한게임 신맞고 : 대한민국 원조 고스톱
74,2019_09_24,롤링 스카이
75,2019_09_24,쿠키런: 오븐브레이크
76,2019_09_24,Polysphere
77,2019_09_24,Battle Disc
78,2019_09_24,Snowball.io
79,2019_09_24,Popcorn Burst
80,2019_09_24,도끼.io
81,2019_09_24,마이토킹톰 2
82,2019_09_24,갤럭시 슈터 - 팔콘 스쿼드 - 외계인 슈팅게임
83,2019_09_24,"Happy Color – 컬러링북, 숫자 색칠 게임"
84,2019_09_24,"피망 포커: 카지노 로얄 (7포커, 로우바둑이, 하이로우)"
85,2019_09_24,모두의마블
86,2019_09_24,라스트 쉘터 (Last Shelter: Survival)
87,2019_09_24,라플라스M
88,2019_09_24,피아노 실제 - 음악 매직 게임 실행하며 피아노 키보드 로 노래를 배워보세요
89,2019_09_24,의지의 히어로
90,2019_09_24,Paper.io 2
91,2019_09_24,Piano Tiles 2™
92,2019_09_24,한게임 포커
93,2019_09_24,Pokémon GO
94,2019_09_24,Supreme Duelist Stickman
95,2019_09_24,삼국지 오리진
96,2019_09_24,우주 전쟁: 외계인들의 공격
97,2019_09_24,FIFA ONLINE 4 M by EA SPORTS™
98,2019_09_24,황제라 칭하라
99,2019_09_24,가온:신규서버오픈
100,2019_09_24,스페이스 슈터: 외계인 슈팅게임
