﻿rank,date,name
1,2019_09_16,리치리치
2,2019_09_16,라이즈 오브 킹덤즈
3,2019_09_16,오늘도 우라라 원시 헌팅 라이프
4,2019_09_16,Cool Goal!
5,2019_09_16,브롤스타즈
6,2019_09_16,원정
7,2019_09_16,Perfect Slices
8,2019_09_16,배틀그라운드
9,2019_09_16,쿵야 캐치마인드
10,2019_09_16,동물의 집
11,2019_09_16,aquapark.io
12,2019_09_16,Sand Balls
13,2019_09_16,Mr Bullet - 스파이 퍼즐
14,2019_09_16,궁수의 전설
15,2019_09_16,꿈의 집 (Homescapes)
16,2019_09_16,Rummikub
17,2019_09_16,ROBLOX
18,2019_09_16,Fun Race 3D
19,2019_09_16,무한의 계단
20,2019_09_16,기적의 검
21,2019_09_16,Crowd City
22,2019_09_16,꿈의 정원 (Gardenscapes)
23,2019_09_16,신비아파트 고스트헌터
24,2019_09_16,Minecraft 체험판
25,2019_09_16,피망 뉴맞고 : 고스톱으로 대한민국 1등
26,2019_09_16,Jelly Shift
27,2019_09_16,Color Fill 3D
28,2019_09_16,좀비고등학교
29,2019_09_16,토킹톰 골드런
30,2019_09_16,롤링 스카이
31,2019_09_16,Run Race 3D
32,2019_09_16,스나이퍼 3D 어쌔신: 무료 슈팅 게임 (Sniper 3D Assassin)
33,2019_09_16,토킹톰 히어로 대시
34,2019_09_16,모두의마블
35,2019_09_16,슈퍼펭귄 (Super Penguins)
36,2019_09_16,Tank Stars
37,2019_09_16,마피아42
38,2019_09_16,Paper.io 2
39,2019_09_16,벽돌깨기 퀘스트
40,2019_09_16,"좋은 피자, 위대한 피자"
41,2019_09_16,꿈의 마을 (Township)
42,2019_09_16,Happy Glass
43,2019_09_16,Piano Tiles 2™
44,2019_09_16,Bottle Flip 3D
45,2019_09_16,프렌즈레이싱
46,2019_09_16,Rider
47,2019_09_16,브롤 스타즈 상자깡 버그판 마인크래프트 게임 고양이 Brawl Stars
48,2019_09_16,워드퍼즐 - 단어 게임
49,2019_09_16,클래시 로얄
50,2019_09_16,Dream Piano - Music Game
51,2019_09_16,숨바꼭질 온라인 - 실시간 숨바꼭질
52,2019_09_16,Kick the Buddy: Forever
53,2019_09_16,삼국지 디펜스M
54,2019_09_16,피망 섯다
55,2019_09_16,지오메트리 대시 라이트 (Geometry Dash L)
56,2019_09_16,Draw it
57,2019_09_16,1945
58,2019_09_16,아스팔트 9: 레전드- 2019 액션 카 레이싱 게임
59,2019_09_16,Pokémon Masters
60,2019_09_16,쿠키런: 오븐브레이크
61,2019_09_16,한게임 신맞고 : 대한민국 원조 고스톱
62,2019_09_16,아기 팬더: 공주 메이크업
63,2019_09_16,의지의 히어로
64,2019_09_16,Snowball.io
65,2019_09_16,Magic Tiles 3
66,2019_09_16,미로 온라인 - 실시간 미로탈출
67,2019_09_16,바이러스 워 - 우주 슈팅 게임
68,2019_09_16,Bouncemasters!
69,2019_09_16,냥코 대전쟁
70,2019_09_16,Traffic Run!
71,2019_09_16,Pokémon GO
72,2019_09_16,Polysphere
73,2019_09_16,Swing Star
74,2019_09_16,Helix Jump
75,2019_09_16,OnPipe
76,2019_09_16,에오스 레드
77,2019_09_16,Granny: Chapter Two
78,2019_09_16,마이토킹톰 2
79,2019_09_16,Neon Splash
80,2019_09_16,Blade Master - Mini Action RPG Game
81,2019_09_16,Empires & Puzzles: RPG Quest
82,2019_09_16,"Happy Color – 컬러링북, 숫자 색칠 게임"
83,2019_09_16,도끼.io
84,2019_09_16,메탈슬러그 인피니티 - 방치형 RPG
85,2019_09_16,Tiles Hop: EDM Rush!
86,2019_09_16,라플라스M
87,2019_09_16,Supreme Duelist Stickman
88,2019_09_16,다운블레이드(DownBlade)
89,2019_09_16,Shadow of Death: 다크니스 RPG - 지금 싸움을
90,2019_09_16,Soul Knight
91,2019_09_16,쿠키런 for Kakao
92,2019_09_16,Color Hole 3D
93,2019_09_16,바운스볼
94,2019_09_16,Hungry Shark Evolution
95,2019_09_16,Dancing Road: Color Ball Run!
96,2019_09_16,Wrecking Ball
97,2019_09_16,"Numpuz: Classic Number Games, Num Riddle Puzzle"
98,2019_09_16,OX 퀴즈 서바이벌 100
99,2019_09_16,Hole.io
100,2019_09_16,"나의최애캐 (언니돌, #unniedoll)"
