﻿rank,date,name
1,2019_11_22,엑소스 히어로즈
2,2019_11_22,Brain Out – 가장 어색한 게임
3,2019_11_22,탄탄러시
4,2019_11_22,Ink Inc. - Tattoo Tycoon
5,2019_11_22,워드퍼즐 - 단어 게임
6,2019_11_22,소드 아트 온라인 앨리시제이션 라이징 스틸
7,2019_11_22,부탁해요 매니저님
8,2019_11_22,염왕이 뿔났다
9,2019_11_22,킹 오브 타워
10,2019_11_22,무한의 계단
11,2019_11_22,두근두근 레스토랑: 헬로키티 콜라보레이션
12,2019_11_22,콜 오브 듀티: 모바일
13,2019_11_22,질풍닌자전
14,2019_11_22,브롤스타즈
15,2019_11_22,Cannon Shot!
16,2019_11_22,무한의 농장
17,2019_11_22,기적의 검
18,2019_11_22,V4
19,2019_11_22,Hunter Assassin
20,2019_11_22,펭귄의 섬
21,2019_11_22,로드 크래쉬
22,2019_11_22,Stencil Art - Spray Masters
23,2019_11_22,Sky Roller
24,2019_11_22,Icing On The Cake
25,2019_11_22,꽃피는 달빛
26,2019_11_22,Fun Race 3D
27,2019_11_22,Clash of Blocks
28,2019_11_22,Run Race 3D
29,2019_11_22,꿈의 정원 (Gardenscapes)
30,2019_11_22,Pocket World 3D
31,2019_11_22,궁수의 전설
32,2019_11_22,꿈의 집 (Homescapes)
33,2019_11_22,Rescue Cut - Rope Puzzle
34,2019_11_22,Mr Bullet - 스파이 퍼즐
35,2019_11_22,Crazy Shopping
36,2019_11_22,꿈의 마을 (Township)
37,2019_11_22,오버독스
38,2019_11_22,피망 뉴맞고 : 고스톱으로 대한민국 1등
39,2019_11_22,Zipline Valley - 물리학 퍼즐 게임
40,2019_11_22,Supreme Duelist Stickman
41,2019_11_22,Granny Legend
42,2019_11_22,Vlinder Life：Dressup Avatar & Fashion Doll
43,2019_11_22,테니스 클래시: 3D 스포츠 - 무료 멀티플레이어 게임
44,2019_11_22,이터:던전의 포식자
45,2019_11_22,배틀그라운드
46,2019_11_22,"좋은 피자, 위대한 피자"
47,2019_11_22,Gang Clash
48,2019_11_22,Paper.io 2
49,2019_11_22,Minecraft 체험판
50,2019_11_22,1945
51,2019_11_22,Gym Flip
52,2019_11_22,Sand Balls
53,2019_11_22,쿠키런: 오븐브레이크
54,2019_11_22,라이즈 오브 킹덤즈
55,2019_11_22,도끼.io
56,2019_11_22,Rummikub
57,2019_11_22,해양 유목민 - 뗏목 생존: Survival on Raft - Ocean Nomad
58,2019_11_22,애프터라이프
59,2019_11_22,Nonogram.com - 픽처 크로스 퍼즐 게임
60,2019_11_22,Block Puzzle Rune
61,2019_11_22,Square Bird
62,2019_11_22,바이러스 워 - 우주 슈팅 게임
63,2019_11_22,Cool Goal!
64,2019_11_22,ROBLOX
65,2019_11_22,Magic Tiles 3
66,2019_11_22,보틀 점프 3D
67,2019_11_22,Puzzle Fuzzle
68,2019_11_22,햄스터 타운 - 당신이 원하는 힐링 두뇌 퍼즐 게임 - 햄스터 타운! 심쿵사 주의
69,2019_11_22,Piano Tiles 2™
70,2019_11_22,Dancing Road: Color Ball Run!
71,2019_11_22,신강호
72,2019_11_22,쿠키런 for Kakao
73,2019_11_22,클래시 로얄
74,2019_11_22,궁수 키우기 : 전설의 궁수
75,2019_11_22,Draw it
76,2019_11_22,이말년과 침착한 녀석들
77,2019_11_22,데이트 어 라이브: 다시 만난 정령
78,2019_11_22,Empires & Puzzles: RPG Quest
79,2019_11_22,FIFA ONLINE 4 M by EA SPORTS™
80,2019_11_22,달빛조각사
81,2019_11_22,삼국지 오리진
82,2019_11_22,토킹톰 골드런
83,2019_11_22,피망 섯다
84,2019_11_22,좀비고등학교
85,2019_11_22,Happy Glass
86,2019_11_22,Perfect Slices
87,2019_11_22,오목의 달인
88,2019_11_22,롤링 스카이
89,2019_11_22,매직 직소 퍼즐
90,2019_11_22,스나이퍼 3D 어쌔신: 무료 슈팅 게임 (Sniper 3D Assassin)
91,2019_11_22,Rider
92,2019_11_22,지오메트리 대시 라이트 (Geometry Dash L)
93,2019_11_22,클래식 어드벤처
94,2019_11_22,Color Saw 3D
95,2019_11_22,Snowball.io
96,2019_11_22,aquapark.io
97,2019_11_22,마피아42
98,2019_11_22,고전적인 블록 퍼즐
99,2019_11_22,광산타이쿤 - 방치형 광산 매니저
100,2019_11_22,한게임 섯다
