﻿rank,date,name
1,2019_09_23,라이즈 오브 킹덤즈
2,2019_09_23,Dinosaur Rampage
3,2019_09_23,신강호
4,2019_09_23,리치리치
5,2019_09_23,쌍삼국지
6,2019_09_23,오늘도 우라라 원시 헌팅 라이프
7,2019_09_23,미친소녀
8,2019_09_23,Cool Goal!
9,2019_09_23,올스타 스매시
10,2019_09_23,브롤스타즈
11,2019_09_23,Puzzle Fuzzle
12,2019_09_23,비천무협
13,2019_09_23,워드퍼즐 - 단어 게임
14,2019_09_23,동물의 집
15,2019_09_23,Square Bird
16,2019_09_23,I Peel Good
17,2019_09_23,기적의 검
18,2019_09_23,Perfect Slices
19,2019_09_23,배틀그라운드
20,2019_09_23,Sand Balls
21,2019_09_23,꿈의 집 (Homescapes)
22,2019_09_23,무한의 계단
23,2019_09_23,궁수의 전설
24,2019_09_23,Fun Race 3D
25,2019_09_23,쿵야 캐치마인드
26,2019_09_23,Mr Bullet - 스파이 퍼즐
27,2019_09_23,바이러스 워 - 우주 슈팅 게임
28,2019_09_23,Brain Out – 가장 어색한 게임
29,2019_09_23,aquapark.io
30,2019_09_23,햄스터 타운 - 당신이 원하는 힐링 두뇌 퍼즐 게임 - 햄스터 타운! 심쿵사 주의
31,2019_09_23,피망 뉴맞고 : 고스톱으로 대한민국 1등
32,2019_09_23,꿈의 정원 (Gardenscapes)
33,2019_09_23,Minecraft 체험판
34,2019_09_23,ROBLOX
35,2019_09_23,피망 섯다
36,2019_09_23,보스레이브
37,2019_09_23,으라차차 돌격 라그나로크
38,2019_09_23,Crowd City
39,2019_09_23,브롤 스타즈 상자깡 버그판 마인크래프트 게임 고양이 Brawl Stars
40,2019_09_23,Rummikub
41,2019_09_23,Color Fill 3D
42,2019_09_23,좀비고등학교
43,2019_09_23,Granny: Chapter Two
44,2019_09_23,Magic Tiles 3
45,2019_09_23,토킹톰 히어로 대시
46,2019_09_23,토킹톰 골드런
47,2019_09_23,신비아파트 고스트헌터
48,2019_09_23,꿈의 마을 (Township)
49,2019_09_23,슈퍼펭귄 (Super Penguins)
50,2019_09_23,Granny Legend
51,2019_09_23,클래시 로얄
52,2019_09_23,마피아42
53,2019_09_23,1945
54,2019_09_23,Bottle Flip 3D
55,2019_09_23,아스팔트 9: 레전드- 2019 액션 카 레이싱 게임
56,2019_09_23,Empires & Puzzles: RPG Quest
57,2019_09_23,에오스 레드
58,2019_09_23,프렌즈레이싱
59,2019_09_23,"좋은 피자, 위대한 피자"
60,2019_09_23,스나이퍼 3D 어쌔신: 무료 슈팅 게임 (Sniper 3D Assassin)
61,2019_09_23,Run Race 3D
62,2019_09_23,아기 팬더: 공주 메이크업
63,2019_09_23,Rider
64,2019_09_23,Zipline Valley - 물리학 퍼즐 게임
65,2019_09_23,낚시 클래시: 스포츠 낚시 게임 (Fishing Clash)
66,2019_09_23,지오메트리 대시 라이트 (Geometry Dash L)
67,2019_09_23,Jelly Shift
68,2019_09_23,Line Color 3D
69,2019_09_23,Tank Stars
70,2019_09_23,롤링 스카이
71,2019_09_23,Popcorn Burst
72,2019_09_23,쿠키런: 오븐브레이크
73,2019_09_23,Tiles Hop: EDM Rush!
74,2019_09_23,로드 모바일: 제국의 전쟁 - MMORPG
75,2019_09_23,한게임 신맞고 : 대한민국 원조 고스톱
76,2019_09_23,도끼.io
77,2019_09_23,마이토킹톰 2
78,2019_09_23,의지의 히어로
79,2019_09_23,모두의마블
80,2019_09_23,라스트 쉘터 (Last Shelter: Survival)
81,2019_09_23,Snowball.io
82,2019_09_23,Battle Disc
83,2019_09_23,Polysphere
84,2019_09_23,갤럭시 슈터 - 팔콘 스쿼드 - 외계인 슈팅게임
85,2019_09_23,"Happy Color – 컬러링북, 숫자 색칠 게임"
86,2019_09_23,Pokémon GO
87,2019_09_23,Supreme Duelist Stickman
88,2019_09_23,Paper.io 2
89,2019_09_23,Wrecking Ball
90,2019_09_23,Piano Tiles 2™
91,2019_09_23,"피망 포커: 카지노 로얄 (7포커, 로우바둑이, 하이로우)"
92,2019_09_23,냥코 대전쟁
93,2019_09_23,한게임 포커
94,2019_09_23,스페이스 슈터: 외계인 슈팅게임
95,2019_09_23,가온:신규서버오픈
96,2019_09_23,피아노 실제 - 음악 매직 게임 실행하며 피아노 키보드 로 노래를 배워보세요
97,2019_09_23,우주 전쟁: 외계인들의 공격
98,2019_09_23,미로 온라인 - 실시간 미로탈출
99,2019_09_23,Happy Glass
100,2019_09_23,FIFA ONLINE 4 M by EA SPORTS™
