﻿rank,date,name
1,2019_11_28,리니지2M(19)
2,2019_11_28,리니지2M(12)
3,2019_11_28,게임빌프로야구 슈퍼스타즈
4,2019_11_28,고수 with NAVER WEBTOON
5,2019_11_28,Brain Out – 가장 어색한 게임
6,2019_11_28,엑소스 히어로즈
7,2019_11_28,Park of Monster
8,2019_11_28,Rusty Blower 3D
9,2019_11_28,Pocket World 3D
10,2019_11_28,Ink Inc. - Tattoo Tycoon
11,2019_11_28,Sky Roller
12,2019_11_28,워드퍼즐 - 단어 게임
13,2019_11_28,무한의 계단
14,2019_11_28,킹 오브 타워
15,2019_11_28,Puzzrama (퍼즈라마)
16,2019_11_28,진화소녀
17,2019_11_28,기적의 검
18,2019_11_28,브롤스타즈
19,2019_11_28,Clash of Blocks
20,2019_11_28,무한의 농장
21,2019_11_28,Cannon Shot!
22,2019_11_28,Tales Rush!
23,2019_11_28,콜 오브 듀티: 모바일
24,2019_11_28,꿈의 정원 (Gardenscapes)
25,2019_11_28,밥 먹고 갈래요?
26,2019_11_28,꿈의 집 (Homescapes)
27,2019_11_28,애프터라이프
28,2019_11_28,Fun Race 3D
29,2019_11_28,왕비의 맛
30,2019_11_28,계급장 키우기
31,2019_11_28,배틀그라운드
32,2019_11_28,염왕이 뿔났다
33,2019_11_28,Crazy Shopping
34,2019_11_28,Sandwich!
35,2019_11_28,Mr Bullet - 스파이 퍼즐
36,2019_11_28,꽃피는 달빛
37,2019_11_28,질풍닌자전
38,2019_11_28,킹 오브 파이터 올스타
39,2019_11_28,Run Race 3D
40,2019_11_28,라이즈 오브 킹덤즈
41,2019_11_28,펭귄의 섬
42,2019_11_28,Dancing Line
43,2019_11_28,탄탄러시
44,2019_11_28,Supreme Duelist Stickman
45,2019_11_28,궁수의 전설
46,2019_11_28,바이러스 워 - 우주 슈팅 게임
47,2019_11_28,꿈의 마을 (Township)
48,2019_11_28,ROBLOX
49,2019_11_28,Icing On The Cake
50,2019_11_28,로드 크래쉬
51,2019_11_28,V4
52,2019_11_28,Pokémon GO
53,2019_11_28,클래시 로얄
54,2019_11_28,Rescue Cut - Rope Puzzle
55,2019_11_28,두근두근 레스토랑: 헬로키티 콜라보레이션
56,2019_11_28,Gang Clash
57,2019_11_28,Rummikub
58,2019_11_28,워너비챌린지
59,2019_11_28,Minecraft 체험판
60,2019_11_28,Sand Balls
61,2019_11_28,1945
62,2019_11_28,Stencil Art - Spray Masters
63,2019_11_28,Paper.io 2
64,2019_11_28,Color Saw 3D
65,2019_11_28,Perfect Slices
66,2019_11_28,Rider
67,2019_11_28,지오메트리 대시 라이트 (Geometry Dash L)
68,2019_11_28,Cool Goal!
69,2019_11_28,Piano Tiles 2™
70,2019_11_28,보틀 점프 3D
71,2019_11_28,피망 뉴맞고 : 고스톱으로 대한민국 1등
72,2019_11_28,"좋은 피자, 위대한 피자"
73,2019_11_28,Square Bird
74,2019_11_28,Q*bert
75,2019_11_28,마피아42
76,2019_11_28,쿠키런: 오븐브레이크
77,2019_11_28,Tank Stars
78,2019_11_28,부탁해요 매니저님
79,2019_11_28,Dancing Road: Color Ball Run!
80,2019_11_28,eFootball PES 2020
81,2019_11_28,리니지2 레볼루션
82,2019_11_28,Pressure Washer
83,2019_11_28,Zipline Valley - 물리학 퍼즐 게임
84,2019_11_28,aquapark.io
85,2019_11_28,쿠키런 for Kakao
86,2019_11_28,Wrecking Ball
87,2019_11_28,Idle Construction 3D
88,2019_11_28,오버독스
89,2019_11_28,Puzzle Fuzzle
90,2019_11_28,Crowd City
91,2019_11_28,스도쿠 - 무료 클래식 스도쿠 퍼즐
92,2019_11_28,스나이퍼 3D 어쌔신: 무료 슈팅 게임 (Sniper 3D Assassin)
93,2019_11_28,토킹톰 골드런
94,2019_11_28,롤링 스카이
95,2019_11_28,Nonogram.com - 픽처 크로스 퍼즐 게임
96,2019_11_28,Happy Glass
97,2019_11_28,토킹톰 히어로 대시
98,2019_11_28,Hero Wars
99,2019_11_28,해양 유목민 - 뗏목 생존: Survival on Raft - Ocean Nomad
100,2019_11_28,클래식 어드벤처
