﻿rank,date,name
1,2019_11_21,Brain Out – 가장 어색한 게임
2,2019_11_21,Ink Inc. - Tattoo Tycoon
3,2019_11_21,탄탄러시
4,2019_11_21,부탁해요 매니저님
5,2019_11_21,두근두근 레스토랑: 헬로키티 콜라보레이션
6,2019_11_21,킹 오브 타워
7,2019_11_21,워드퍼즐 - 단어 게임
8,2019_11_21,무한의 계단
9,2019_11_21,V4
10,2019_11_21,염왕이 뿔났다
11,2019_11_21,꽃피는 달빛
12,2019_11_21,엑소스 히어로즈
13,2019_11_21,콜 오브 듀티: 모바일
14,2019_11_21,브롤스타즈
15,2019_11_21,무한의 농장
16,2019_11_21,질풍닌자전
17,2019_11_21,기적의 검
18,2019_11_21,로드 크래쉬
19,2019_11_21,Crazy Shopping
20,2019_11_21,Cannon Shot!
21,2019_11_21,꿈의 집 (Homescapes)
22,2019_11_21,Sky Roller
23,2019_11_21,Hunter Assassin
24,2019_11_21,Icing On The Cake
25,2019_11_21,펭귄의 섬
26,2019_11_21,Clash of Blocks
27,2019_11_21,Zipline Valley - 물리학 퍼즐 게임
28,2019_11_21,Granny Legend
29,2019_11_21,Pocket World 3D
30,2019_11_21,Run Race 3D
31,2019_11_21,Fun Race 3D
32,2019_11_21,Mr Bullet - 스파이 퍼즐
33,2019_11_21,Rescue Cut - Rope Puzzle
34,2019_11_21,배틀그라운드
35,2019_11_21,라이즈 오브 킹덤즈
36,2019_11_21,꿈의 정원 (Gardenscapes)
37,2019_11_21,Sand Balls
38,2019_11_21,테니스 클래시: 3D 스포츠 - 무료 멀티플레이어 게임
39,2019_11_21,꿈의 마을 (Township)
40,2019_11_21,궁수의 전설
41,2019_11_21,이터:던전의 포식자
42,2019_11_21,Block Puzzle Rune
43,2019_11_21,신강호
44,2019_11_21,ROBLOX
45,2019_11_21,바이러스 워 - 우주 슈팅 게임
46,2019_11_21,Vlinder Life：Dressup Avatar & Fashion Doll
47,2019_11_21,Piano Tiles 2™
48,2019_11_21,Dancing Road: Color Ball Run!
49,2019_11_21,Supreme Duelist Stickman
50,2019_11_21,클래시 로얄
51,2019_11_21,Stencil Art - Spray Masters
52,2019_11_21,피망 뉴맞고 : 고스톱으로 대한민국 1등
53,2019_11_21,Paper.io 2
54,2019_11_21,Minecraft 체험판
55,2019_11_21,"좋은 피자, 위대한 피자"
56,2019_11_21,Perfect Slices
57,2019_11_21,소드 아트 온라인 앨리시제이션 라이징 스틸
58,2019_11_21,Gym Flip
59,2019_11_21,해양 유목민 - 뗏목 생존: Survival on Raft - Ocean Nomad
60,2019_11_21,오버독스
61,2019_11_21,Rider
62,2019_11_21,1945
63,2019_11_21,쿠키런: 오븐브레이크
64,2019_11_21,삼국지 오리진
65,2019_11_21,Magic Tiles 3
66,2019_11_21,달빛조각사
67,2019_11_21,보틀 점프 3D
68,2019_11_21,도끼.io
69,2019_11_21,지오메트리 대시 라이트 (Geometry Dash L)
70,2019_11_21,aquapark.io
71,2019_11_21,Color Saw 3D
72,2019_11_21,Puzzle Fuzzle
73,2019_11_21,Rummikub
74,2019_11_21,Nonogram.com - 픽처 크로스 퍼즐 게임
75,2019_11_21,Cool Goal!
76,2019_11_21,Pokémon GO
77,2019_11_21,햄스터 타운 - 당신이 원하는 힐링 두뇌 퍼즐 게임 - 햄스터 타운! 심쿵사 주의
78,2019_11_21,Tiles Hop: EDM Rush!
79,2019_11_21,Square Bird
80,2019_11_21,숨바꼭질 온라인 - 실시간 숨바꼭질
81,2019_11_21,Gang Clash
82,2019_11_21,Draw it
83,2019_11_21,Drop & Smash
84,2019_11_21,스도쿠 - 무료 클래식 스도쿠 퍼즐
85,2019_11_21,쿠키런 for Kakao
86,2019_11_21,토킹톰 골드런
87,2019_11_21,히어로즈 스트라이크
88,2019_11_21,이말년과 침착한 녀석들
89,2019_11_21,FIFA ONLINE 4 M by EA SPORTS™
90,2019_11_21,Happy Glass
91,2019_11_21,로얄 다이스(Royal Dice) : 랜덤 디펜스
92,2019_11_21,롤링 스카이
93,2019_11_21,Empires & Puzzles: RPG Quest
94,2019_11_21,Crowd City
95,2019_11_21,좀비고등학교
96,2019_11_21,궁수 키우기 : 전설의 궁수
97,2019_11_21,토킹톰 히어로 대시
98,2019_11_21,블록 퍼즐
99,2019_11_21,매직 직소 퍼즐
100,2019_11_21,한게임 신맞고 : 대한민국 원조 고스톱
