﻿rank,date,name
1,2019_10_21,Brain Out – 가장 어색한 게임
2,2019_10_21,달빛조각사
3,2019_10_21,콜 오브 듀티: 모바일
4,2019_10_21,Icing On The Cake
5,2019_10_21,세인트 세이야 : 각성
6,2019_10_21,봉인의서
7,2019_10_21,꽃피는 달빛
8,2019_10_21,Wrecking Ball
9,2019_10_21,라이즈 오브 킹덤즈
10,2019_10_21,브롤스타즈
11,2019_10_21,무한의 계단
12,2019_10_21,궁수의 전설
13,2019_10_21,배틀그라운드
14,2019_10_21,노블레스 : 제로 with NAVER WEBTOON
15,2019_10_21,Perfect Slices
16,2019_10_21,Rolling Domino
17,2019_10_21,꿈의 집 (Homescapes)
18,2019_10_21,꿈의 정원 (Gardenscapes)
19,2019_10_21,Square Bird
20,2019_10_21,Cool Goal!
21,2019_10_21,I Peel Good
22,2019_10_21,기적의 검
23,2019_10_21,Zooba - 동물원 배틀 아레나
24,2019_10_21,ROBLOX
25,2019_10_21,오늘도 우라라 원시 헌팅 라이프
26,2019_10_21,펭귄의 섬
27,2019_10_21,Dancing Road: Color Ball Run!
28,2019_10_21,올스타 스매시
29,2019_10_21,워드퍼즐 - 단어 게임
30,2019_10_21,리치리치
31,2019_10_21,무한의 농장
32,2019_10_21,Minecraft 체험판
33,2019_10_21,도시어부M
34,2019_10_21,Sand Balls
35,2019_10_21,신비아파트 고스트헌터
36,2019_10_21,햄스터 타운 - 당신이 원하는 힐링 두뇌 퍼즐 게임 - 햄스터 타운! 심쿵사 주의
37,2019_10_21,Magic Tiles 3
38,2019_10_21,클래시 로얄
39,2019_10_21,Granny Legend
40,2019_10_21,Zipline Valley - 물리학 퍼즐 게임
41,2019_10_21,3차원 채우기 (Fill in 3D)
42,2019_10_21,Bouncemasters!
43,2019_10_21,1945
44,2019_10_21,Dinosaur Rampage
45,2019_10_21,해양 유목민 - 뗏목 생존: Survival on Raft - Ocean Nomad
46,2019_10_21,바이러스 워 - 우주 슈팅 게임
47,2019_10_21,좀비고등학교
48,2019_10_21,aquapark.io
49,2019_10_21,Mario Kart Tour
50,2019_10_21,Rider
51,2019_10_21,숨바꼭질 온라인 - 실시간 숨바꼭질
52,2019_10_21,Star Trek™ 플릿 커맨드
53,2019_10_21,Fun Race 3D
54,2019_10_21,토킹톰 골드런
55,2019_10_21,꿈의 마을 (Township)
56,2019_10_21,지오메트리 대시 라이트 (Geometry Dash L)
57,2019_10_21,디지몬 리얼라이즈 -Digimon ReArise-
58,2019_10_21,피망 뉴맞고 : 고스톱으로 대한민국 1등
59,2019_10_21,이터:던전의 포식자
60,2019_10_21,Mr Bullet - 스파이 퍼즐
61,2019_10_21,피츠메이커
62,2019_10_21,신강호
63,2019_10_21,Empires & Puzzles: RPG Quest
64,2019_10_21,Color Saw 3D
65,2019_10_21,Polysphere
66,2019_10_21,Color Fill 3D
67,2019_10_21,슈퍼펭귄 (Super Penguins)
68,2019_10_21,스도쿠 - 무료 클래식 스도쿠 퍼즐
69,2019_10_21,마피아42
70,2019_10_21,도끼.io
71,2019_10_21,LoL 프렌즈
72,2019_10_21,토킹톰 히어로 대시
73,2019_10_21,Happy Glass
74,2019_10_21,Crowd City
75,2019_10_21,전투 마스터
76,2019_10_21,로드 크래쉬
77,2019_10_21,SweetBeat
78,2019_10_21,쿠키런: 오븐브레이크
79,2019_10_21,블록 퍼즐
80,2019_10_21,Run Race 3D
81,2019_10_21,Marbleous!
82,2019_10_21,Rummikub
83,2019_10_21,OX 퀴즈 서바이벌 100
84,2019_10_21,롤링 스카이
85,2019_10_21,Supreme Duelist Stickman
86,2019_10_21,무한의 기차
87,2019_10_21,"좋은 피자, 위대한 피자"
88,2019_10_21,피망 섯다
89,2019_10_21,Robot Clash
90,2019_10_21,회사 탈출3　-탈출 게임
91,2019_10_21,Soul Knight
92,2019_10_21,Nonogram.com - 픽처 크로스 퍼즐 게임
93,2019_10_21,The Real Juggle
94,2019_10_21,Pokémon GO
95,2019_10_21,의지의 히어로
96,2019_10_21,Sandwich!
97,2019_10_21,동물의 집
98,2019_10_21,마이토킹톰 2
99,2019_10_21,Popcorn Burst
100,2019_10_21,Bottle Flip 3D
