﻿rank,date,name
1,2019_10_06,Mario Kart Tour
2,2019_10_06,콜 오브 듀티: 모바일
3,2019_10_06,Brain Out – 가장 어색한 게임
4,2019_10_06,라이즈 오브 킹덤즈
5,2019_10_06,신의 연대기-신규서버오픈
6,2019_10_06,올스타 스매시
7,2019_10_06,신강호
8,2019_10_06,Color Saw 3D
9,2019_10_06,Dinosaur Rampage
10,2019_10_06,Cool Goal!
11,2019_10_06,워드퍼즐 - 단어 게임
12,2019_10_06,I Peel Good
13,2019_10_06,Idle Stickman
14,2019_10_06,브롤스타즈
15,2019_10_06,쌍삼국지
16,2019_10_06,Puzzle Fuzzle
17,2019_10_06,오늘도 우라라 원시 헌팅 라이프
18,2019_10_06,리치리치
19,2019_10_06,Stop them ALL !
20,2019_10_06,기적의 검
21,2019_10_06,Square Bird
22,2019_10_06,이터:던전의 포식자
23,2019_10_06,바이러스 워 - 우주 슈팅 게임
24,2019_10_06,궁수의 전설
25,2019_10_06,꿈의 집 (Homescapes)
26,2019_10_06,무한의 계단
27,2019_10_06,배틀그라운드
28,2019_10_06,꿈의 정원 (Gardenscapes)
29,2019_10_06,Sand Balls
30,2019_10_06,동물의 집
31,2019_10_06,Zipline Valley - 물리학 퍼즐 게임
32,2019_10_06,Perfect Slices
33,2019_10_06,피망 뉴맞고 : 고스톱으로 대한민국 1등
34,2019_10_06,Mr Bullet - 스파이 퍼즐
35,2019_10_06,Marbleous!
36,2019_10_06,꿈의 마을 (Township)
37,2019_10_06,Fun Race 3D
38,2019_10_06,aquapark.io
39,2019_10_06,ROBLOX
40,2019_10_06,Color Fill 3D
41,2019_10_06,쿵야 캐치마인드
42,2019_10_06,피망 섯다
43,2019_10_06,Minecraft 체험판
44,2019_10_06,The Real Juggle
45,2019_10_06,Granny Legend
46,2019_10_06,클래시 로얄
47,2019_10_06,피츠메이커
48,2019_10_06,1945
49,2019_10_06,좀비고등학교
50,2019_10_06,"좋은 피자, 위대한 피자"
51,2019_10_06,Wrecking Ball
52,2019_10_06,스나이퍼 3D 어쌔신: 무료 슈팅 게임 (Sniper 3D Assassin)
53,2019_10_06,Rider
54,2019_10_06,Run Race 3D
55,2019_10_06,Polysphere
56,2019_10_06,Magic Tiles 3
57,2019_10_06,Rummikub
58,2019_10_06,Crowd City
59,2019_10_06,도끼.io
60,2019_10_06,Kick the Buddy
61,2019_10_06,신비아파트 고스트헌터
62,2019_10_06,토킹톰 골드런
63,2019_10_06,Empires & Puzzles: RPG Quest
64,2019_10_06,에오스 레드
65,2019_10_06,토킹톰 히어로 대시
66,2019_10_06,쿠키런: 오븐브레이크
67,2019_10_06,항로:새로운 시대
68,2019_10_06,지오메트리 대시 라이트 (Geometry Dash L)
69,2019_10_06,바운스볼
70,2019_10_06,아스팔트 9: 레전드- 2019 액션 카 레이싱 게임
71,2019_10_06,Hungry Shark Evolution
72,2019_10_06,Knives Crash
73,2019_10_06,보스레이브
74,2019_10_06,Paper.io 2
75,2019_10_06,Merge Magic!
76,2019_10_06,Supreme Duelist Stickman
77,2019_10_06,Bottle Flip 3D
78,2019_10_06,마피아42
79,2019_10_06,슈퍼펭귄 (Super Penguins)
80,2019_10_06,요리중독: 미치게 빠르고 레스토랑 요리 게임
81,2019_10_06,용사식당
82,2019_10_06,한게임 신맞고 : 대한민국 원조 고스톱
83,2019_10_06,아웃로 - 실시간 슈팅
84,2019_10_06,Jelly Shift
85,2019_10_06,Hole.io
86,2019_10_06,왕국건설 스토리
87,2019_10_06,해양 유목민 - 뗏목 생존: Survival on Raft - Ocean Nomad
88,2019_10_06,Soul Knight
89,2019_10_06,햄스터 타운 - 당신이 원하는 힐링 두뇌 퍼즐 게임 - 햄스터 타운! 심쿵사 주의
90,2019_10_06,"피망 포커: 카지노 로얄 (7포커, 로우바둑이, 하이로우)"
91,2019_10_06,FIFA ONLINE 4 M by EA SPORTS™
92,2019_10_06,픽셀 건 3D (Pixel Gun 3D)
93,2019_10_06,maybe-메이비:내가 만드는 이야기
94,2019_10_06,펭귄의 섬
95,2019_10_06,스페이스 슈터: 외계인 슈팅게임
96,2019_10_06,한게임 포커
97,2019_10_06,파이널레이드
98,2019_10_06,오목의 달인
99,2019_10_06,프렌즈레이싱
100,2019_10_06,낚시 클래시: 스포츠 낚시 게임 (Fishing Clash)
