﻿rank,date,name
1,2019_09_19,라이즈 오브 킹덤즈
2,2019_09_19,비천무협
3,2019_09_19,리치리치
4,2019_09_19,오늘도 우라라 원시 헌팅 라이프
5,2019_09_19,원정
6,2019_09_19,Cool Goal!
7,2019_09_19,브롤스타즈
8,2019_09_19,Dinosaur Rampage
9,2019_09_19,쿵야 캐치마인드
10,2019_09_19,워드퍼즐 - 단어 게임
11,2019_09_19,배틀그라운드
12,2019_09_19,동물의 집
13,2019_09_19,Perfect Slices
14,2019_09_19,Sand Balls
15,2019_09_19,기적의 검
16,2019_09_19,궁수의 전설
17,2019_09_19,꿈의 집 (Homescapes)
18,2019_09_19,피망 뉴맞고 : 고스톱으로 대한민국 1등
19,2019_09_19,Mr Bullet - 스파이 퍼즐
20,2019_09_19,신강호
21,2019_09_19,Fun Race 3D
22,2019_09_19,꿈의 정원 (Gardenscapes)
23,2019_09_19,aquapark.io
24,2019_09_19,Rummikub
25,2019_09_19,피망 섯다
26,2019_09_19,무한의 계단
27,2019_09_19,Color Fill 3D
28,2019_09_19,ROBLOX
29,2019_09_19,Granny Legend
30,2019_09_19,Crowd City
31,2019_09_19,모두의마블
32,2019_09_19,삼국지 디펜스M
33,2019_09_19,스나이퍼 3D 어쌔신: 무료 슈팅 게임 (Sniper 3D Assassin)
34,2019_09_19,Popcorn Burst
35,2019_09_19,꿈의 마을 (Township)
36,2019_09_19,한게임 신맞고 : 대한민국 원조 고스톱
37,2019_09_19,1945
38,2019_09_19,스타쉽 배틀
39,2019_09_19,보스레이브
40,2019_09_19,Empires & Puzzles: RPG Quest
41,2019_09_19,Minecraft 체험판
42,2019_09_19,Jelly Shift
43,2019_09_19,좀비고등학교
44,2019_09_19,브롤 스타즈 상자깡 버그판 마인크래프트 게임 고양이 Brawl Stars
45,2019_09_19,에오스 레드
46,2019_09_19,Bottle Flip 3D
47,2019_09_19,마피아42
48,2019_09_19,삼국지 오리진
49,2019_09_19,Run Race 3D
50,2019_09_19,신비아파트 고스트헌터
51,2019_09_19,토킹톰 히어로 대시
52,2019_09_19,"피망 포커: 카지노 로얄 (7포커, 로우바둑이, 하이로우)"
53,2019_09_19,토킹톰 골드런
54,2019_09_19,Granny: Chapter Two
55,2019_09_19,가온:신규서버오픈
56,2019_09_19,한게임 포커
57,2019_09_19,라플라스M
58,2019_09_19,Tank Stars
59,2019_09_19,아스팔트 9: 레전드- 2019 액션 카 레이싱 게임
60,2019_09_19,롤링 스카이
61,2019_09_19,Happy Glass
62,2019_09_19,미친소녀
63,2019_09_19,벽돌깨기 퀘스트
64,2019_09_19,Paper.io 2
65,2019_09_19,"좋은 피자, 위대한 피자"
66,2019_09_19,클래시 로얄
67,2019_09_19,갤럭시 슈터 - 팔콘 스쿼드 - 외계인 슈팅게임
68,2019_09_19,슈퍼펭귄 (Super Penguins)
69,2019_09_19,"Happy Color – 컬러링북, 숫자 색칠 게임"
70,2019_09_19,프렌즈레이싱
71,2019_09_19,Magic Tiles 3
72,2019_09_19,The Looper
73,2019_09_19,아기 팬더: 공주 메이크업
74,2019_09_19,나선영웅전
75,2019_09_19,Polysphere
76,2019_09_19,Rider
77,2019_09_19,로드 모바일: 제국의 전쟁 - MMORPG
78,2019_09_19,바이러스 워 - 우주 슈팅 게임
79,2019_09_19,도끼.io
80,2019_09_19,쿠키런: 오븐브레이크
81,2019_09_19,Piano Tiles 2™
82,2019_09_19,라이더 마스터 - 무료 모토 레이싱 게임
83,2019_09_19,우주 전쟁: 외계인들의 공격
84,2019_09_19,냥코 대전쟁
85,2019_09_19,지오메트리 대시 라이트 (Geometry Dash L)
86,2019_09_19,FIFA ONLINE 4 M by EA SPORTS™
87,2019_09_19,maybe-메이비:내가 만드는 이야기
88,2019_09_19,Shadow of Death: 다크니스 RPG - 지금 싸움을
89,2019_09_19,Draw it
90,2019_09_19,미로 온라인 - 실시간 미로탈출
91,2019_09_19,Puzzle Fuzzle
92,2019_09_19,Auto Chess
93,2019_09_19,다운블레이드(DownBlade)
94,2019_09_19,Pokémon GO
95,2019_09_19,Wrecking Ball
96,2019_09_19,Pokémon Masters
97,2019_09_19,삼국지강타
98,2019_09_19,스페이스 슈터: 외계인 슈팅게임
99,2019_09_19,스도쿠 - 무료 클래식 스도쿠 퍼즐
100,2019_09_19,Dream Piano - Music Game
