﻿rank,date,name
1,2019_09_27,라이즈 오브 킹덤즈
2,2019_09_27,신강호
3,2019_09_27,Dinosaur Rampage
4,2019_09_27,리치리치
5,2019_09_27,Brain Out – 가장 어색한 게임
6,2019_09_27,워드퍼즐 - 단어 게임
7,2019_09_27,쌍삼국지
8,2019_09_27,오늘도 우라라 원시 헌팅 라이프
9,2019_09_27,Cool Goal!
10,2019_09_27,I Peel Good
11,2019_09_27,올스타 스매시
12,2019_09_27,브롤스타즈
13,2019_09_27,이터:던전의 포식자
14,2019_09_27,Puzzle Fuzzle
15,2019_09_27,기적의 검
16,2019_09_27,배틀그라운드
17,2019_09_27,동물의 집
18,2019_09_27,메탈슬러그 인피니티 - 방치형 RPG
19,2019_09_27,궁수의 전설
20,2019_09_27,Sand Balls
21,2019_09_27,바이러스 워 - 우주 슈팅 게임
22,2019_09_27,Mario Kart Tour
23,2019_09_27,피망 뉴맞고 : 고스톱으로 대한민국 1등
24,2019_09_27,꿈의 집 (Homescapes)
25,2019_09_27,미친소녀
26,2019_09_27,햄스터 타운 - 당신이 원하는 힐링 두뇌 퍼즐 게임 - 햄스터 타운! 심쿵사 주의
27,2019_09_27,무한의 계단
28,2019_09_27,피망 섯다
29,2019_09_27,Color Saw 3D
30,2019_09_27,쿵야 캐치마인드
31,2019_09_27,Perfect Slices
32,2019_09_27,꿈의 정원 (Gardenscapes)
33,2019_09_27,Mr Bullet - 스파이 퍼즐
34,2019_09_27,Fun Race 3D
35,2019_09_27,Square Bird
36,2019_09_27,Idle Stickman
37,2019_09_27,Zipline Valley - 물리학 퍼즐 게임
38,2019_09_27,ROBLOX
39,2019_09_27,Marbleous!
40,2019_09_27,Color Fill 3D
41,2019_09_27,도끼.io
42,2019_09_27,보스레이브
43,2019_09_27,aquapark.io
44,2019_09_27,1945
45,2019_09_27,꿈의 마을 (Township)
46,2019_09_27,Rummikub
47,2019_09_27,Granny Legend
48,2019_09_27,Empires & Puzzles: RPG Quest
49,2019_09_27,에오스 레드
50,2019_09_27,Crowd City
51,2019_09_27,Minecraft 체험판
52,2019_09_27,으라차차 돌격 라그나로크
53,2019_09_27,낚시 클래시: 스포츠 낚시 게임 (Fishing Clash)
54,2019_09_27,오늘도 환생
55,2019_09_27,Magic Tiles 3
56,2019_09_27,좀비고등학교
57,2019_09_27,아스팔트 9: 레전드- 2019 액션 카 레이싱 게임
58,2019_09_27,스나이퍼 3D 어쌔신: 무료 슈팅 게임 (Sniper 3D Assassin)
59,2019_09_27,토킹톰 골드런
60,2019_09_27,클래시 로얄
61,2019_09_27,"피망 포커: 카지노 로얄 (7포커, 로우바둑이, 하이로우)"
62,2019_09_27,가디언나이츠
63,2019_09_27,신비아파트 고스트헌터
64,2019_09_27,Rider
65,2019_09_27,로드 모바일: 제국의 전쟁 - MMORPG
66,2019_09_27,토킹톰 히어로 대시
67,2019_09_27,브롤 스타즈 상자깡 버그판 마인크래프트 게임 고양이 Brawl Stars
68,2019_09_27,한게임 신맞고 : 대한민국 원조 고스톱
69,2019_09_27,Bottle Flip 3D
70,2019_09_27,갤럭시 슈터 - 팔콘 스쿼드 - 외계인 슈팅게임
71,2019_09_27,마피아42
72,2019_09_27,지오메트리 대시 라이트 (Geometry Dash L)
73,2019_09_27,슈퍼펭귄 (Super Penguins)
74,2019_09_27,Merge Magic!
75,2019_09_27,삼국지 오리진
76,2019_09_27,라플라스M
77,2019_09_27,Run Race 3D
78,2019_09_27,한게임 포커
79,2019_09_27,용사식당
80,2019_09_27,Granny: Chapter Two
81,2019_09_27,프렌즈레이싱
82,2019_09_27,"좋은 피자, 위대한 피자"
83,2019_09_27,우주 전쟁: 외계인들의 공격
84,2019_09_27,쿠키런: 오븐브레이크
85,2019_09_27,Line Color 3D
86,2019_09_27,스페이스 슈터: 외계인 슈팅게임
87,2019_09_27,Pokémon GO
88,2019_09_27,Tiles Hop: EDM Rush!
89,2019_09_27,Supreme Duelist Stickman
90,2019_09_27,Jelly Shift
91,2019_09_27,Polysphere
92,2019_09_27,캔디크러쉬사가
93,2019_09_27,"Happy Color – 컬러링북, 숫자 색칠 게임"
94,2019_09_27,모두의마블
95,2019_09_27,Auto Chess
96,2019_09_27,Tank Stars
97,2019_09_27,라스트 쉘터 (Last Shelter: Survival)
98,2019_09_27,한게임 섯다
99,2019_09_27,아기 팬더: 공주 메이크업
100,2019_09_27,스도쿠 - 무료 클래식 스도쿠 퍼즐
