﻿rank,date,name
1,2019_09_15,리치리치
2,2019_09_15,라이즈 오브 킹덤즈
3,2019_09_15,오늘도 우라라 원시 헌팅 라이프
4,2019_09_15,Cool Goal!
5,2019_09_15,브롤스타즈
6,2019_09_15,원정
7,2019_09_15,Perfect Slices
8,2019_09_15,쿵야 캐치마인드
9,2019_09_15,배틀그라운드
10,2019_09_15,aquapark.io
11,2019_09_15,궁수의 전설
12,2019_09_15,Sand Balls
13,2019_09_15,동물의 집
14,2019_09_15,Mr Bullet - 스파이 퍼즐
15,2019_09_15,꿈의 집 (Homescapes)
16,2019_09_15,Rummikub
17,2019_09_15,ROBLOX
18,2019_09_15,Fun Race 3D
19,2019_09_15,무한의 계단
20,2019_09_15,기적의 검
21,2019_09_15,신비아파트 고스트헌터
22,2019_09_15,Minecraft 체험판
23,2019_09_15,꿈의 정원 (Gardenscapes)
24,2019_09_15,Crowd City
25,2019_09_15,피망 뉴맞고 : 고스톱으로 대한민국 1등
26,2019_09_15,Color Fill 3D
27,2019_09_15,Jelly Shift
28,2019_09_15,좀비고등학교
29,2019_09_15,모두의마블
30,2019_09_15,토킹톰 골드런
31,2019_09_15,Run Race 3D
32,2019_09_15,롤링 스카이
33,2019_09_15,스나이퍼 3D 어쌔신: 무료 슈팅 게임 (Sniper 3D Assassin)
34,2019_09_15,"좋은 피자, 위대한 피자"
35,2019_09_15,슈퍼펭귄 (Super Penguins)
36,2019_09_15,토킹톰 히어로 대시
37,2019_09_15,마피아42
38,2019_09_15,Paper.io 2
39,2019_09_15,벽돌깨기 퀘스트
40,2019_09_15,Piano Tiles 2™
41,2019_09_15,Rider
42,2019_09_15,Tank Stars
43,2019_09_15,Happy Glass
44,2019_09_15,꿈의 마을 (Township)
45,2019_09_15,프렌즈레이싱
46,2019_09_15,Bottle Flip 3D
47,2019_09_15,클래시 로얄
48,2019_09_15,메탈슬러그 인피니티 - 방치형 RPG
49,2019_09_15,지오메트리 대시 라이트 (Geometry Dash L)
50,2019_09_15,숨바꼭질 온라인 - 실시간 숨바꼭질
51,2019_09_15,브롤 스타즈 상자깡 버그판 마인크래프트 게임 고양이 Brawl Stars
52,2019_09_15,Pokémon Masters
53,2019_09_15,쿠키런: 오븐브레이크
54,2019_09_15,피망 섯다
55,2019_09_15,의지의 히어로
56,2019_09_15,1945
57,2019_09_15,Pokémon GO
58,2019_09_15,아스팔트 9: 레전드- 2019 액션 카 레이싱 게임
59,2019_09_15,삼국지 디펜스M
60,2019_09_15,Dream Piano - Music Game
61,2019_09_15,Kick the Buddy: Forever
62,2019_09_15,Snowball.io
63,2019_09_15,바이러스 워 - 우주 슈팅 게임
64,2019_09_15,Draw it
65,2019_09_15,한게임 신맞고 : 대한민국 원조 고스톱
66,2019_09_15,미로 온라인 - 실시간 미로탈출
67,2019_09_15,냥코 대전쟁
68,2019_09_15,Bouncemasters!
69,2019_09_15,Blade Master - Mini Action RPG Game
70,2019_09_15,Magic Tiles 3
71,2019_09_15,Traffic Run!
72,2019_09_15,아기 팬더: 공주 메이크업
73,2019_09_15,Helix Jump
74,2019_09_15,Soul Knight
75,2019_09_15,OnPipe
76,2019_09_15,도끼.io
77,2019_09_15,에오스 레드
78,2019_09_15,마이토킹톰 2
79,2019_09_15,바운스볼
80,2019_09_15,Supreme Duelist Stickman
81,2019_09_15,쿠키런 for Kakao
82,2019_09_15,Empires & Puzzles: RPG Quest
83,2019_09_15,Shadow of Death: 다크니스 RPG - 지금 싸움을
84,2019_09_15,"Happy Color – 컬러링북, 숫자 색칠 게임"
85,2019_09_15,Hungry Shark Evolution
86,2019_09_15,Swing Star
87,2019_09_15,Neon Splash
88,2019_09_15,Granny: Chapter Two
89,2019_09_15,Tiles Hop: EDM Rush!
90,2019_09_15,닌자세계대전
91,2019_09_15,OX 퀴즈 서바이벌 100
92,2019_09_15,"나의최애캐 (언니돌, #unniedoll)"
93,2019_09_15,Hoop Stars
94,2019_09_15,Polysphere
95,2019_09_15,Color Hole 3D
96,2019_09_15,별난닭 키우기
97,2019_09_15,Dancing Road: Color Ball Run!
98,2019_09_15,Wrecking Ball
99,2019_09_15,Clean Road
100,2019_09_15,Auto Chess
