﻿rank,date,name
1,2019_10_30,Icing On The Cake
2,2019_10_30,Brain Out – 가장 어색한 게임
3,2019_10_30,완미세계
4,2019_10_30,Rescue Cut - Rope Puzzle
5,2019_10_30,Zipline Valley - 물리학 퍼즐 게임
6,2019_10_30,콜 오브 듀티: 모바일
7,2019_10_30,신강호
8,2019_10_30,달빛조각사
9,2019_10_30,로드 크래쉬
10,2019_10_30,판타지타운
11,2019_10_30,브롤스타즈
12,2019_10_30,무한의 계단
13,2019_10_30,라이즈 오브 킹덤즈
14,2019_10_30,I Peel Good
15,2019_10_30,Soul Land: 엘피스 전기
16,2019_10_30,Rolling Domino
17,2019_10_30,꿈의 집 (Homescapes)
18,2019_10_30,꽃피는 달빛
19,2019_10_30,기적의 검
20,2019_10_30,킹 오브 타워
21,2019_10_30,Wrecking Ball
22,2019_10_30,동물극장 - 귀여운 동물들과 영화보며 힐링
23,2019_10_30,3차원 채우기 (Fill in 3D)
24,2019_10_30,꿈의 정원 (Gardenscapes)
25,2019_10_30,봉인의서
26,2019_10_30,배틀그라운드
27,2019_10_30,Perfect Slices
28,2019_10_30,Puzzle Fuzzle
29,2019_10_30,궁수의 전설
30,2019_10_30,테니스 클래시: 3D 스포츠 - 무료 멀티플레이어 게임
31,2019_10_30,Draw Around
32,2019_10_30,꿈의 마을 (Township)
33,2019_10_30,Line Driver
34,2019_10_30,바이러스 워 - 우주 슈팅 게임
35,2019_10_30,리치리치
36,2019_10_30,워드퍼즐 - 단어 게임
37,2019_10_30,쿠키런: 오븐브레이크
38,2019_10_30,Sand Balls
39,2019_10_30,Dancing Road: Color Ball Run!
40,2019_10_30,용사식당
41,2019_10_30,좀비고등학교
42,2019_10_30,Granny Legend
43,2019_10_30,aquapark.io
44,2019_10_30,클래시 로얄
45,2019_10_30,ROBLOX
46,2019_10_30,Magic Tiles 3
47,2019_10_30,Rider
48,2019_10_30,롤링 스카이
49,2019_10_30,토킹톰 히어로 대시
50,2019_10_30,지오메트리 대시 라이트 (Geometry Dash L)
51,2019_10_30,Color Saw 3D
52,2019_10_30,Minecraft 체험판
53,2019_10_30,오늘도 우라라 원시 헌팅 라이프
54,2019_10_30,로얄 다이스(Royal Dice) : 랜덤 디펜스
55,2019_10_30,Cool Goal!
56,2019_10_30,Mr Bullet - 스파이 퍼즐
57,2019_10_30,익스트림풋볼:3대3 멀티 축구
58,2019_10_30,해양 유목민 - 뗏목 생존: Survival on Raft - Ocean Nomad
59,2019_10_30,Square Bird
60,2019_10_30,Mario Kart Tour
61,2019_10_30,피망 뉴맞고 : 고스톱으로 대한민국 1등
62,2019_10_30,Dinosaur Rampage
63,2019_10_30,브롤 스타즈 상자깡 버그판 마인크래프트 게임 고양이 Brawl Stars
64,2019_10_30,Zooba - 동물원 배틀 아레나
65,2019_10_30,세인트 세이야 : 각성
66,2019_10_30,햄스터 타운 - 당신이 원하는 힐링 두뇌 퍼즐 게임 - 햄스터 타운! 심쿵사 주의
67,2019_10_30,"좋은 피자, 위대한 피자"
68,2019_10_30,Fun Race 3D
69,2019_10_30,무한의 농장
70,2019_10_30,펭귄의 섬
71,2019_10_30,Empires & Puzzles: RPG Quest
72,2019_10_30,이터:던전의 포식자
73,2019_10_30,숨바꼭질 온라인 - 실시간 숨바꼭질
74,2019_10_30,Crowd City
75,2019_10_30,스도쿠 - 무료 클래식 스도쿠 퍼즐
76,2019_10_30,Happy Glass
77,2019_10_30,Tiles Hop: EDM Rush!
78,2019_10_30,슈퍼펭귄 (Super Penguins)
79,2019_10_30,Kick the Buddy: Forever
80,2019_10_30,1945
81,2019_10_30,OX 퀴즈 서바이벌 100
82,2019_10_30,토킹톰 골드런
83,2019_10_30,Run Race 3D
84,2019_10_30,동물의 집
85,2019_10_30,올스타 스매시
86,2019_10_30,신비아파트 고스트헌터
87,2019_10_30,Rummikub
88,2019_10_30,마피아42
89,2019_10_30,Mahjong City Tours
90,2019_10_30,FIFA ONLINE 4 M by EA SPORTS™
91,2019_10_30,Popcorn Burst
92,2019_10_30,Draw it
93,2019_10_30,톰 오브 더 마스크: 컬러
94,2019_10_30,회사 탈출3　-탈출 게임
95,2019_10_30,Nonogram.com - 픽처 크로스 퍼즐 게임
96,2019_10_30,의지의 히어로
97,2019_10_30,Paper.io 2
98,2019_10_30,피망 섯다
99,2019_10_30,피아노 실제 - 음악 매직 게임 실행하며 피아노 키보드 로 노래를 배워보세요
100,2019_10_30,LoL 프렌즈
