﻿rank,date,name
1,2019_09_11,라이즈 오브 킹덤즈
2,2019_09_11,Cool Goal!
3,2019_09_11,Perfect Slices
4,2019_09_11,메탈슬러그 인피니티 - 방치형 RPG
5,2019_09_11,쿵야 캐치마인드
6,2019_09_11,원정
7,2019_09_11,브롤스타즈
8,2019_09_11,Sand Balls
9,2019_09_11,Mr Bullet - 스파이 퍼즐
10,2019_09_11,궁수의 전설
11,2019_09_11,오늘도 환생
12,2019_09_11,꿈의 정원 (Gardenscapes)
13,2019_09_11,aquapark.io
14,2019_09_11,꿈의 집 (Homescapes)
15,2019_09_11,Fun Race 3D
16,2019_09_11,배틀그라운드
17,2019_09_11,ROBLOX
18,2019_09_11,피망 뉴맞고 : 고스톱으로 대한민국 1등
19,2019_09_11,동물의 집
20,2019_09_11,꽃송이
21,2019_09_11,기적의 검
22,2019_09_11,Hoop Stars
23,2019_09_11,에오스 레드
24,2019_09_11,Minecraft 체험판
25,2019_09_11,Color Fill 3D
26,2019_09_11,꿈의 마을 (Township)
27,2019_09_11,Rummikub
28,2019_09_11,무한의 계단
29,2019_09_11,스나이퍼 3D 어쌔신: 무료 슈팅 게임 (Sniper 3D Assassin)
30,2019_09_11,리치리치
31,2019_09_11,보스레이브
32,2019_09_11,벽돌깨기 퀘스트
33,2019_09_11,피망 섯다
34,2019_09_11,Wrecking Ball
35,2019_09_11,Jelly Shift
36,2019_09_11,1945
37,2019_09_11,Pokémon Masters
38,2019_09_11,Run Race 3D
39,2019_09_11,바이러스 워 - 우주 슈팅 게임
40,2019_09_11,삼국지 디펜스M
41,2019_09_11,Crowd City
42,2019_09_11,토킹톰 히어로 대시
43,2019_09_11,아스팔트 9: 레전드- 2019 액션 카 레이싱 게임
44,2019_09_11,신비아파트 고스트헌터
45,2019_09_11,좀비고등학교
46,2019_09_11,미르의 전설2 어게인
47,2019_09_11,Tank Stars
48,2019_09_11,"좋은 피자, 위대한 피자"
49,2019_09_11,마피아42
50,2019_09_11,한게임 신맞고 : 대한민국 원조 고스톱
51,2019_09_11,숨바꼭질 온라인 - 실시간 숨바꼭질
52,2019_09_11,Happy Glass
53,2019_09_11,도끼.io
54,2019_09_11,가온:신규서버오픈
55,2019_09_11,토킹톰 골드런
56,2019_09_11,프렌즈레이싱
57,2019_09_11,미친소녀
58,2019_09_11,Paper.io 2
59,2019_09_11,Kick the Buddy: Forever
60,2019_09_11,라플라스M
61,2019_09_11,브롤 스타즈 상자깡 버그판 마인크래프트 게임 고양이 Brawl Stars
62,2019_09_11,Bottle Flip 3D
63,2019_09_11,Traffic Run!
64,2019_09_11,클래시 로얄
65,2019_09_11,Pokémon GO
66,2019_09_11,Empires & Puzzles: RPG Quest
67,2019_09_11,라스트 쉘터 (Last Shelter: Survival)
68,2019_09_11,모두의마블
69,2019_09_11,Rider
70,2019_09_11,요괴미식가:Cook&Life
71,2019_09_11,"Happy Color – 컬러링북, 숫자 색칠 게임"
72,2019_09_11,슈퍼펭귄 (Super Penguins)
73,2019_09_11,포뮬러 카 레이싱 2019
74,2019_09_11,롤링 스카이
75,2019_09_11,아기 팬더: 공주 메이크업
76,2019_09_11,Sandwich!
77,2019_09_11,갤럭시 슈터 - 팔콘 스쿼드 - 외계인 슈팅게임
78,2019_09_11,로드 모바일: 제국의 전쟁 - MMORPG
79,2019_09_11,OnPipe
80,2019_09_11,Blade Master - Mini Action RPG Game
81,2019_09_11,Snowball.io
82,2019_09_11,FIFA ONLINE 4 M by EA SPORTS™
83,2019_09_11,삼국지강타
84,2019_09_11,Shadow of Death: 다크니스 RPG - 지금 싸움을
85,2019_09_11,Piano Tiles 2™
86,2019_09_11,쿠키런: 오븐브레이크
87,2019_09_11,Neon Splash
88,2019_09_11,의지의 히어로
89,2019_09_11,Auto Chess
90,2019_09_11,지오메트리 대시 라이트 (Geometry Dash L)
91,2019_09_11,Draw it
92,2019_09_11,별난닭 키우기
93,2019_09_11,마피아 시티
94,2019_09_11,독특한 마법과 부스터가 가득한 궁극의 블록 퍼즐 게임!
95,2019_09_11,마이토킹톰 2
96,2019_09_11,한게임 포커
97,2019_09_11,스페이스 슈터: 외계인 슈팅게임
98,2019_09_11,"피망 포커: 카지노 로얄 (7포커, 로우바둑이, 하이로우)"
99,2019_09_11,Supreme Duelist Stickman
100,2019_09_11,Puzzle Fuzzle
