﻿rank,date,name
1,2019_10_26,완미세계
2,2019_10_26,Brain Out – 가장 어색한 게임
3,2019_10_26,Icing On The Cake
4,2019_10_26,킹 오브 타워
5,2019_10_26,콜 오브 듀티: 모바일
6,2019_10_26,달빛조각사
7,2019_10_26,Zipline Valley - 물리학 퍼즐 게임
8,2019_10_26,브롤스타즈
9,2019_10_26,판타지타운
10,2019_10_26,신강호
11,2019_10_26,Rolling Domino
12,2019_10_26,봉인의서
13,2019_10_26,라이즈 오브 킹덤즈
14,2019_10_26,무한의 계단
15,2019_10_26,Soul Land: 엘피스 전기
16,2019_10_26,꿈의 정원 (Gardenscapes)
17,2019_10_26,I Peel Good
18,2019_10_26,꿈의 집 (Homescapes)
19,2019_10_26,궁수의 전설
20,2019_10_26,꽃피는 달빛
21,2019_10_26,Wrecking Ball
22,2019_10_26,워드퍼즐 - 단어 게임
23,2019_10_26,세인트 세이야 : 각성
24,2019_10_26,Granny Legend
25,2019_10_26,배틀그라운드
26,2019_10_26,기적의 검
27,2019_10_26,이터:던전의 포식자
28,2019_10_26,3차원 채우기 (Fill in 3D)
29,2019_10_26,로드 크래쉬
30,2019_10_26,Perfect Slices
31,2019_10_26,올스타 스매시
32,2019_10_26,오늘도 우라라 원시 헌팅 라이프
33,2019_10_26,SuperStar STARSHIP
34,2019_10_26,Dancing Road: Color Ball Run!
35,2019_10_26,로얄 다이스(Royal Dice) : 랜덤 디펜스
36,2019_10_26,Sand Balls
37,2019_10_26,꿈의 마을 (Township)
38,2019_10_26,Cool Goal!
39,2019_10_26,펭귄의 섬
40,2019_10_26,피망 뉴맞고 : 고스톱으로 대한민국 1등
41,2019_10_26,NBA NOW 모바일 농구 게임
42,2019_10_26,바이러스 워 - 우주 슈팅 게임
43,2019_10_26,Zooba - 동물원 배틀 아레나
44,2019_10_26,Rescue Cut - Rope Puzzle
45,2019_10_26,Fun Race 3D
46,2019_10_26,무한의 농장
47,2019_10_26,리치리치
48,2019_10_26,1945
49,2019_10_26,팽이로 보석캐기
50,2019_10_26,쿠키런: 오븐브레이크
51,2019_10_26,Minecraft 체험판
52,2019_10_26,스도쿠 - 무료 클래식 스도쿠 퍼즐
53,2019_10_26,클래시 로얄
54,2019_10_26,ROBLOX
55,2019_10_26,Empires & Puzzles: RPG Quest
56,2019_10_26,해양 유목민 - 뗏목 생존: Survival on Raft - Ocean Nomad
57,2019_10_26,테니스 클래시: 3D 스포츠 - 무료 멀티플레이어 게임
58,2019_10_26,Rider
59,2019_10_26,Square Bird
60,2019_10_26,Mr Bullet - 스파이 퍼즐
61,2019_10_26,좀비고등학교
62,2019_10_26,Mario Kart Tour
63,2019_10_26,톰 오브 더 마스크: 컬러
64,2019_10_26,햄스터 타운 - 당신이 원하는 힐링 두뇌 퍼즐 게임 - 햄스터 타운! 심쿵사 주의
65,2019_10_26,지오메트리 대시 라이트 (Geometry Dash L)
66,2019_10_26,Color Saw 3D
67,2019_10_26,피망 섯다
68,2019_10_26,브롤 스타즈 상자깡 버그판 마인크래프트 게임 고양이 Brawl Stars
69,2019_10_26,"좋은 피자, 위대한 피자"
70,2019_10_26,한게임 포커
71,2019_10_26,익스트림풋볼:3대3 멀티 축구
72,2019_10_26,소울 시커 R
73,2019_10_26,염왕이 뿔났다-CBT
74,2019_10_26,aquapark.io
75,2019_10_26,Star Trek™ 플릿 커맨드
76,2019_10_26,FIFA ONLINE 4 M by EA SPORTS™
77,2019_10_26,블록 퍼즐
78,2019_10_26,노블레스 : 제로 with NAVER WEBTOON
79,2019_10_26,삼국지 오리진
80,2019_10_26,Rummikub
81,2019_10_26,Magic Tiles 3
82,2019_10_26,Happy Glass
83,2019_10_26,토킹톰 히어로 대시
84,2019_10_26,한게임 신맞고 : 대한민국 원조 고스톱
85,2019_10_26,Block Puzzle Universe
86,2019_10_26,디지몬 리얼라이즈 -Digimon ReArise-
87,2019_10_26,Two Dots
88,2019_10_26,신비아파트 고스트헌터
89,2019_10_26,마피아42
90,2019_10_26,숨바꼭질 온라인 - 실시간 숨바꼭질
91,2019_10_26,토킹톰 골드런
92,2019_10_26,프렌즈타운
93,2019_10_26,LoL 프렌즈
94,2019_10_26,도미노 스매시
95,2019_10_26,Puzzle Fuzzle
96,2019_10_26,"피망 포커: 카지노 로얄 (7포커, 로우바둑이, 하이로우)"
97,2019_10_26,Crowd City
98,2019_10_26,Bouncemasters!
99,2019_10_26,배구 : 스파이크 마스터
100,2019_10_26,Supreme Duelist Stickman
