﻿rank,date,name
1,2019_10_04,Mario Kart Tour
2,2019_10_04,콜 오브 듀티: 모바일
3,2019_10_04,Brain Out – 가장 어색한 게임
4,2019_10_04,라이즈 오브 킹덤즈
5,2019_10_04,신의 연대기-신규서버오픈
6,2019_10_04,올스타 스매시
7,2019_10_04,신강호
8,2019_10_04,Color Saw 3D
9,2019_10_04,Dinosaur Rampage
10,2019_10_04,Cool Goal!
11,2019_10_04,워드퍼즐 - 단어 게임
12,2019_10_04,I Peel Good
13,2019_10_04,Idle Stickman
14,2019_10_04,브롤스타즈
15,2019_10_04,쌍삼국지
16,2019_10_04,Puzzle Fuzzle
17,2019_10_04,오늘도 우라라 원시 헌팅 라이프
18,2019_10_04,리치리치
19,2019_10_04,Stop them ALL !
20,2019_10_04,기적의 검
21,2019_10_04,Square Bird
22,2019_10_04,이터:던전의 포식자
23,2019_10_04,바이러스 워 - 우주 슈팅 게임
24,2019_10_04,3차원 채우기 (Fill in 3D)
25,2019_10_04,궁수의 전설
26,2019_10_04,꿈의 집 (Homescapes)
27,2019_10_04,무한의 계단
28,2019_10_04,배틀그라운드
29,2019_10_04,꿈의 정원 (Gardenscapes)
30,2019_10_04,Sand Balls
31,2019_10_04,동물의 집
32,2019_10_04,Zipline Valley - 물리학 퍼즐 게임
33,2019_10_04,Perfect Slices
34,2019_10_04,피망 뉴맞고 : 고스톱으로 대한민국 1등
35,2019_10_04,Mr Bullet - 스파이 퍼즐
36,2019_10_04,Marbleous!
37,2019_10_04,꿈의 마을 (Township)
38,2019_10_04,Fun Race 3D
39,2019_10_04,Zooba - 동물원 배틀 아레나
40,2019_10_04,aquapark.io
41,2019_10_04,ROBLOX
42,2019_10_04,Color Fill 3D
43,2019_10_04,쿵야 캐치마인드
44,2019_10_04,피망 섯다
45,2019_10_04,Minecraft 체험판
46,2019_10_04,The Real Juggle
47,2019_10_04,Granny Legend
48,2019_10_04,클래시 로얄
49,2019_10_04,피츠메이커
50,2019_10_04,1945
51,2019_10_04,좀비고등학교
52,2019_10_04,Wrecking Ball
53,2019_10_04,스나이퍼 3D 어쌔신: 무료 슈팅 게임 (Sniper 3D Assassin)
54,2019_10_04,Rider
55,2019_10_04,Run Race 3D
56,2019_10_04,Polysphere
57,2019_10_04,Magic Tiles 3
58,2019_10_04,Rummikub
59,2019_10_04,Crowd City
60,2019_10_04,도끼.io
61,2019_10_04,Kick the Buddy
62,2019_10_04,신비아파트 고스트헌터
63,2019_10_04,토킹톰 골드런
64,2019_10_04,Empires & Puzzles: RPG Quest
65,2019_10_04,에오스 레드
66,2019_10_04,토킹톰 히어로 대시
67,2019_10_04,쿠키런: 오븐브레이크
68,2019_10_04,항로:새로운 시대
69,2019_10_04,지오메트리 대시 라이트 (Geometry Dash L)
70,2019_10_04,바운스볼
71,2019_10_04,아스팔트 9: 레전드- 2019 액션 카 레이싱 게임
72,2019_10_04,Hungry Shark Evolution
73,2019_10_04,Knives Crash
74,2019_10_04,보스레이브
75,2019_10_04,Paper.io 2
76,2019_10_04,Merge Magic!
77,2019_10_04,Supreme Duelist Stickman
78,2019_10_04,Bottle Flip 3D
79,2019_10_04,마피아42
80,2019_10_04,슈퍼펭귄 (Super Penguins)
81,2019_10_04,요리중독: 미치게 빠르고 레스토랑 요리 게임
82,2019_10_04,"좋은 피자, 위대한 피자"
83,2019_10_04,용사식당
84,2019_10_04,한게임 신맞고 : 대한민국 원조 고스톱
85,2019_10_04,아웃로 - 실시간 슈팅
86,2019_10_04,Jelly Shift
87,2019_10_04,Hole.io
88,2019_10_04,왕국건설 스토리
89,2019_10_04,해양 유목민 - 뗏목 생존: Survival on Raft - Ocean Nomad
90,2019_10_04,Soul Knight
91,2019_10_04,햄스터 타운 - 당신이 원하는 힐링 두뇌 퍼즐 게임 - 햄스터 타운! 심쿵사 주의
92,2019_10_04,"피망 포커: 카지노 로얄 (7포커, 로우바둑이, 하이로우)"
93,2019_10_04,FIFA ONLINE 4 M by EA SPORTS™
94,2019_10_04,maybe-메이비:내가 만드는 이야기
95,2019_10_04,펭귄의 섬
96,2019_10_04,스페이스 슈터: 외계인 슈팅게임
97,2019_10_04,한게임 포커
98,2019_10_04,파이널레이드
99,2019_10_04,오목의 달인
100,2019_10_04,프렌즈레이싱
