﻿rank,date,name
1,2019_10_31,Icing On The Cake
2,2019_10_31,Rescue Cut - Rope Puzzle
3,2019_10_31,Brain Out – 가장 어색한 게임
4,2019_10_31,완미세계
5,2019_10_31,킹 오브 타워
6,2019_10_31,콜 오브 듀티: 모바일
7,2019_10_31,Zipline Valley - 물리학 퍼즐 게임
8,2019_10_31,신강호
9,2019_10_31,로드 크래쉬
10,2019_10_31,달빛조각사
11,2019_10_31,라이즈 오브 킹덤즈
12,2019_10_31,기적의 검
13,2019_10_31,무한의 계단
14,2019_10_31,Soul Land: 엘피스 전기
15,2019_10_31,브롤스타즈
16,2019_10_31,Rolling Domino
17,2019_10_31,동물극장 - 귀여운 동물들과 영화보며 힐링
18,2019_10_31,테니스 클래시: 3D 스포츠 - 무료 멀티플레이어 게임
19,2019_10_31,꿈의 정원 (Gardenscapes)
20,2019_10_31,꿈의 집 (Homescapes)
21,2019_10_31,Puzzle Fuzzle
22,2019_10_31,꽃피는 달빛
23,2019_10_31,Draw Around
24,2019_10_31,I Peel Good
25,2019_10_31,마기아 : 카르마 사가
26,2019_10_31,리치리치
27,2019_10_31,궁수의 전설
28,2019_10_31,워드퍼즐 - 단어 게임
29,2019_10_31,쿠키런: 오븐브레이크
30,2019_10_31,피망 뉴맞고 : 고스톱으로 대한민국 1등
31,2019_10_31,판타지타운
32,2019_10_31,3차원 채우기 (Fill in 3D)
33,2019_10_31,Granny Legend
34,2019_10_31,용사식당
35,2019_10_31,바이러스 워 - 우주 슈팅 게임
36,2019_10_31,봉인의서
37,2019_10_31,배틀그라운드
38,2019_10_31,로얄 다이스(Royal Dice) : 랜덤 디펜스
39,2019_10_31,데이트 어 라이브: 다시 만난 정령
40,2019_10_31,Wrecking Ball
41,2019_10_31,꿈의 마을 (Township)
42,2019_10_31,Magic Tiles 3
43,2019_10_31,Empires & Puzzles: RPG Quest
44,2019_10_31,Sand Balls
45,2019_10_31,Perfect Slices
46,2019_10_31,ROBLOX
47,2019_10_31,아르카나 택틱스
48,2019_10_31,오늘도 우라라 원시 헌팅 라이프
49,2019_10_31,Minecraft 체험판
50,2019_10_31,1945
51,2019_10_31,익스트림풋볼:3대3 멀티 축구
52,2019_10_31,Cool Goal!
53,2019_10_31,펭귄의 섬
54,2019_10_31,Fun Race 3D
55,2019_10_31,이터:던전의 포식자
56,2019_10_31,Zooba - 동물원 배틀 아레나
57,2019_10_31,스도쿠 - 무료 클래식 스도쿠 퍼즐
58,2019_10_31,클래시 로얄
59,2019_10_31,무한의 농장
60,2019_10_31,해양 유목민 - 뗏목 생존: Survival on Raft - Ocean Nomad
61,2019_10_31,Mr Bullet - 스파이 퍼즐
62,2019_10_31,세인트 세이야 : 각성
63,2019_10_31,Line Driver
64,2019_10_31,지오메트리 대시 라이트 (Geometry Dash L)
65,2019_10_31,"좋은 피자, 위대한 피자"
66,2019_10_31,aquapark.io
67,2019_10_31,좀비고등학교
68,2019_10_31,Rider
69,2019_10_31,Color Saw 3D
70,2019_10_31,Dancing Road: Color Ball Run!
71,2019_10_31,Block Puzzle Universe
72,2019_10_31,토킹톰 히어로 대시
73,2019_10_31,햄스터 타운 - 당신이 원하는 힐링 두뇌 퍼즐 게임 - 햄스터 타운! 심쿵사 주의
74,2019_10_31,신의 연대기-신규서버오픈
75,2019_10_31,롤링 스카이
76,2019_10_31,토킹톰 골드런
77,2019_10_31,Nonogram.com - 픽처 크로스 퍼즐 게임
78,2019_10_31,메탈슬러그 인피니티 - 방치형 RPG
79,2019_10_31,Mahjong City Tours
80,2019_10_31,한게임 포커
81,2019_10_31,Crazy Shopping
82,2019_10_31,Rummikub
83,2019_10_31,Happy Glass
84,2019_10_31,LoL 프렌즈
85,2019_10_31,Gang Clash
86,2019_10_31,한게임 신맞고 : 대한민국 원조 고스톱
87,2019_10_31,신비아파트 고스트헌터
88,2019_10_31,Mario Kart Tour
89,2019_10_31,피망 섯다
90,2019_10_31,동물의 집
91,2019_10_31,Kick the Buddy: Forever
92,2019_10_31,쌍삼국지
93,2019_10_31,Square Bird
94,2019_10_31,브롤 스타즈 상자깡 버그판 마인크래프트 게임 고양이 Brawl Stars
95,2019_10_31,OX 퀴즈 서바이벌 100
96,2019_10_31,팽이로 보석캐기
97,2019_10_31,FIFA ONLINE 4 M by EA SPORTS™
98,2019_10_31,Crowd City
99,2019_10_31,Paper.io 2
100,2019_10_31,Run Race 3D
