﻿rank,date,name
1,2019_11_11,V4
2,2019_11_11,Brain Out – 가장 어색한 게임
3,2019_11_11,Rescue Cut - Rope Puzzle
4,2019_11_11,DX : 신 세기의 전쟁
5,2019_11_11,Crazy Shopping
6,2019_11_11,킹 오브 타워
7,2019_11_11,Icing On The Cake
8,2019_11_11,마기아 : 카르마 사가
9,2019_11_11,Sky Roller
10,2019_11_11,무한의 계단
11,2019_11_11,콜 오브 듀티: 모바일
12,2019_11_11,라이즈 오브 킹덤즈
13,2019_11_11,Zipline Valley - 물리학 퍼즐 게임
14,2019_11_11,브롤스타즈
15,2019_11_11,로드 크래쉬
16,2019_11_11,무한의 농장
17,2019_11_11,판타지타운
18,2019_11_11,히어로즈 스트라이크
19,2019_11_11,Drop & Smash
20,2019_11_11,꿈의 집 (Homescapes)
21,2019_11_11,기적의 검
22,2019_11_11,ROBLOX
23,2019_11_11,꽃피는 달빛
24,2019_11_11,톰 오브 더 마스크: 컬러
25,2019_11_11,꿈의 마을 (Township)
26,2019_11_11,워드퍼즐 - 단어 게임
27,2019_11_11,Granny Legend
28,2019_11_11,질풍닌자전
29,2019_11_11,Perfect Slices
30,2019_11_11,Minecraft 체험판
31,2019_11_11,배틀그라운드
32,2019_11_11,해양 유목민 - 뗏목 생존: Survival on Raft - Ocean Nomad
33,2019_11_11,Puzzle Fuzzle
34,2019_11_11,클래시 로얄
35,2019_11_11,Pokémon GO
36,2019_11_11,꿈의 정원 (Gardenscapes)
37,2019_11_11,쿠키런: 오븐브레이크
38,2019_11_11,Draw Around
39,2019_11_11,궁수의 전설
40,2019_11_11,Run Race 3D
41,2019_11_11,Sand Balls
42,2019_11_11,펭귄의 섬
43,2019_11_11,테니스 클래시: 3D 스포츠 - 무료 멀티플레이어 게임
44,2019_11_11,Rider
45,2019_11_11,Magic Tiles 3
46,2019_11_11,지오메트리 대시 라이트 (Geometry Dash L)
47,2019_11_11,바이러스 워 - 우주 슈팅 게임
48,2019_11_11,달빛조각사
49,2019_11_11,Cool Goal!
50,2019_11_11,롤링 스카이
51,2019_11_11,Dancing Road: Color Ball Run!
52,2019_11_11,Collect Cubes
53,2019_11_11,Fun Race 3D
54,2019_11_11,Robot Clash
55,2019_11_11,햄스터 타운 - 당신이 원하는 힐링 두뇌 퍼즐 게임 - 햄스터 타운! 심쿵사 주의
56,2019_11_11,토킹톰 골드런
57,2019_11_11,Perfect Paint
58,2019_11_11,익스트림풋볼:3대3 멀티 축구
59,2019_11_11,Mr Bullet - 스파이 퍼즐
60,2019_11_11,리치리치
61,2019_11_11,Paper.io 2
62,2019_11_11,신비아파트 고스트헌터
63,2019_11_11,토킹톰 히어로 대시
64,2019_11_11,그래니를 잡아라
65,2019_11_11,브롤 스타즈 상자깡 버그판 마인크래프트 게임 고양이 Brawl Stars
66,2019_11_11,로그의 전설
67,2019_11_11,보틀 점프 3D
68,2019_11_11,매직 직소 퍼즐
69,2019_11_11,Tasty Planet Forever
70,2019_11_11,Marbleous!
71,2019_11_11,로얄 다이스(Royal Dice) : 랜덤 디펜스
72,2019_11_11,aquapark.io
73,2019_11_11,피망 뉴맞고 : 고스톱으로 대한민국 1등
74,2019_11_11,Ball Jump
75,2019_11_11,Piano Tiles 2™
76,2019_11_11,좀비고등학교
77,2019_11_11,Gang Clash
78,2019_11_11,Happy Glass
79,2019_11_11,Wrecking Ball
80,2019_11_11,"좋은 피자, 위대한 피자"
81,2019_11_11,쿠키런 for Kakao
82,2019_11_11,Square Bird
83,2019_11_11,Crowd City
84,2019_11_11,Minecraft Earth
85,2019_11_11,Color Saw 3D
86,2019_11_11,신강호
87,2019_11_11,Draw it
88,2019_11_11,솔리테르 트라이픽스: 팜 어드벤처
89,2019_11_11,슈퍼펭귄 (Super Penguins)
90,2019_11_11,Kick the Buddy: Forever
91,2019_11_11,OX 퀴즈 서바이벌 100
92,2019_11_11,도끼.io
93,2019_11_11,무한의 기차
94,2019_11_11,스도쿠 - 무료 클래식 스도쿠 퍼즐
95,2019_11_11,Supreme Duelist Stickman
96,2019_11_11,숨바꼭질 온라인 - 실시간 숨바꼭질
97,2019_11_11,Snowball.io
98,2019_11_11,동물극장 - 귀여운 동물들과 영화보며 힐링
99,2019_11_11,Zooba - 동물원 배틀 아레나
100,2019_11_11,블록 퍼즐
