﻿rank,date,name
1,2019_11_12,V4
2,2019_11_12,Brain Out – 가장 어색한 게임
3,2019_11_12,Rescue Cut - Rope Puzzle
4,2019_11_12,Crazy Shopping
5,2019_11_12,DX : 신 세기의 전쟁
6,2019_11_12,킹 오브 타워
7,2019_11_12,Sky Roller
8,2019_11_12,Icing On The Cake
9,2019_11_12,콜 오브 듀티: 모바일
10,2019_11_12,마기아 : 카르마 사가
11,2019_11_12,무한의 계단
12,2019_11_12,Zipline Valley - 물리학 퍼즐 게임
13,2019_11_12,라이즈 오브 킹덤즈
14,2019_11_12,브롤스타즈
15,2019_11_12,로드 크래쉬
16,2019_11_12,무한의 농장
17,2019_11_12,꽃피는 달빛
18,2019_11_12,히어로즈 스트라이크
19,2019_11_12,기적의 검
20,2019_11_12,꿈의 집 (Homescapes)
21,2019_11_12,Drop & Smash
22,2019_11_12,워드퍼즐 - 단어 게임
23,2019_11_12,ROBLOX
24,2019_11_12,꿈의 마을 (Township)
25,2019_11_12,톰 오브 더 마스크: 컬러
26,2019_11_12,질풍닌자전
27,2019_11_12,Granny Legend
28,2019_11_12,Perfect Slices
29,2019_11_12,배틀그라운드
30,2019_11_12,Minecraft 체험판
31,2019_11_12,판타지타운
32,2019_11_12,해양 유목민 - 뗏목 생존: Survival on Raft - Ocean Nomad
33,2019_11_12,Puzzle Fuzzle
34,2019_11_12,Run Race 3D
35,2019_11_12,펭귄의 섬
36,2019_11_12,꿈의 정원 (Gardenscapes)
37,2019_11_12,클래시 로얄
38,2019_11_12,Pokémon GO
39,2019_11_12,Draw Around
40,2019_11_12,쿠키런: 오븐브레이크
41,2019_11_12,Sand Balls
42,2019_11_12,궁수의 전설
43,2019_11_12,바이러스 워 - 우주 슈팅 게임
44,2019_11_12,테니스 클래시: 3D 스포츠 - 무료 멀티플레이어 게임
45,2019_11_12,Magic Tiles 3
46,2019_11_12,Cool Goal!
47,2019_11_12,Rider
48,2019_11_12,Robot Clash
49,2019_11_12,롤링 스카이
50,2019_11_12,지오메트리 대시 라이트 (Geometry Dash L)
51,2019_11_12,Dancing Road: Color Ball Run!
52,2019_11_12,Mr Bullet - 스파이 퍼즐
53,2019_11_12,Fun Race 3D
54,2019_11_12,로그의 전설
55,2019_11_12,Collect Cubes
56,2019_11_12,달빛조각사
57,2019_11_12,Perfect Paint
58,2019_11_12,Paper.io 2
59,2019_11_12,그래니를 잡아라
60,2019_11_12,매직 직소 퍼즐
61,2019_11_12,토킹톰 골드런
62,2019_11_12,보틀 점프 3D
63,2019_11_12,신비아파트 고스트헌터
64,2019_11_12,로얄 다이스(Royal Dice) : 랜덤 디펜스
65,2019_11_12,피망 뉴맞고 : 고스톱으로 대한민국 1등
66,2019_11_12,aquapark.io
67,2019_11_12,햄스터 타운 - 당신이 원하는 힐링 두뇌 퍼즐 게임 - 햄스터 타운! 심쿵사 주의
68,2019_11_12,솔리테르 트라이픽스: 팜 어드벤처
69,2019_11_12,토킹톰 히어로 대시
70,2019_11_12,브롤 스타즈 상자깡 버그판 마인크래프트 게임 고양이 Brawl Stars
71,2019_11_12,Piano Tiles 2™
72,2019_11_12,리치리치
73,2019_11_12,Tasty Planet Forever
74,2019_11_12,신강호
75,2019_11_12,Gang Clash
76,2019_11_12,Wrecking Ball
77,2019_11_12,삼국지 오리진
78,2019_11_12,Square Bird
79,2019_11_12,Ball Jump
80,2019_11_12,Minecraft Earth
81,2019_11_12,익스트림풋볼:3대3 멀티 축구
82,2019_11_12,Crowd City
83,2019_11_12,Color Saw 3D
84,2019_11_12,Draw it
85,2019_11_12,좀비고등학교
86,2019_11_12,쿠키런 for Kakao
87,2019_11_12,Happy Glass
88,2019_11_12,"좋은 피자, 위대한 피자"
89,2019_11_12,이터:던전의 포식자
90,2019_11_12,스도쿠 - 무료 클래식 스도쿠 퍼즐
91,2019_11_12,Marbleous!
92,2019_11_12,동물극장 - 귀여운 동물들과 영화보며 힐링
93,2019_11_12,OX 퀴즈 서바이벌 100
94,2019_11_12,블록 퍼즐
95,2019_11_12,Supreme Duelist Stickman
96,2019_11_12,슈퍼펭귄 (Super Penguins)
97,2019_11_12,Snowball.io
98,2019_11_12,숨바꼭질 온라인 - 실시간 숨바꼭질
99,2019_11_12,Kick the Buddy: Forever
100,2019_11_12,도끼.io
