﻿rank,date,name
1,2019_10_10,콜 오브 듀티: 모바일
2,2019_10_10,Brain Out – 가장 어색한 게임
3,2019_10_10,도시어부M
4,2019_10_10,라이즈 오브 킹덤즈
5,2019_10_10,Mario Kart Tour
6,2019_10_10,신의 연대기-신규서버오픈
7,2019_10_10,워드퍼즐 - 단어 게임
8,2019_10_10,Dinosaur Rampage
9,2019_10_10,브롤스타즈
10,2019_10_10,The Real Juggle
11,2019_10_10,3차원 채우기 (Fill in 3D)
12,2019_10_10,Cool Goal!
13,2019_10_10,I Peel Good
14,2019_10_10,Puzzle Fuzzle
15,2019_10_10,쌍삼국지
16,2019_10_10,Perfect Slices
17,2019_10_10,무한의 계단
18,2019_10_10,보스레이브
19,2019_10_10,꿈의 집 (Homescapes)
20,2019_10_10,Color Saw 3D
21,2019_10_10,Bouncemasters!
22,2019_10_10,꿈의 정원 (Gardenscapes)
23,2019_10_10,Square Bird
24,2019_10_10,오늘도 우라라 원시 헌팅 라이프
25,2019_10_10,기적의 검
26,2019_10_10,배틀그라운드
27,2019_10_10,Sand Balls
28,2019_10_10,궁수의 전설
29,2019_10_10,Zipline Valley - 물리학 퍼즐 게임
30,2019_10_10,aquapark.io
31,2019_10_10,바이러스 워 - 우주 슈팅 게임
32,2019_10_10,올스타 스매시
33,2019_10_10,피망 뉴맞고 : 고스톱으로 대한민국 1등
34,2019_10_10,이터:던전의 포식자
35,2019_10_10,1945
36,2019_10_10,Fun Race 3D
37,2019_10_10,ROBLOX
38,2019_10_10,펭귄의 섬
39,2019_10_10,Mr Bullet - 스파이 퍼즐
40,2019_10_10,피츠메이커
41,2019_10_10,좀비고등학교
42,2019_10_10,Rope Slash
43,2019_10_10,동물의 집
44,2019_10_10,Magic Tiles 3
45,2019_10_10,Granny Legend
46,2019_10_10,검협: 그리고 전설
47,2019_10_10,Zooba - 동물원 배틀 아레나
48,2019_10_10,Paper.io 2
49,2019_10_10,Minecraft 체험판
50,2019_10_10,왕국건설 스토리
51,2019_10_10,Run Race 3D
52,2019_10_10,꿈의 마을 (Township)
53,2019_10_10,Jelly Shift
54,2019_10_10,Color Fill 3D
55,2019_10_10,Stop them ALL !
56,2019_10_10,Crowd City
57,2019_10_10,클래시 로얄
58,2019_10_10,피망 섯다
59,2019_10_10,익스트림풋볼:3대3 멀티 축구
60,2019_10_10,리치리치
61,2019_10_10,Rider
62,2019_10_10,Idle Stickman
63,2019_10_10,Marbleous!
64,2019_10_10,토킹톰 골드런
65,2019_10_10,Rummikub
66,2019_10_10,햄스터 타운 - 당신이 원하는 힐링 두뇌 퍼즐 게임 - 햄스터 타운! 심쿵사 주의
67,2019_10_10,Partymasters - Fun Idle Game
68,2019_10_10,Hole.io
69,2019_10_10,타워 브레이커(Tower Breaker) - 신의 탑 부수기
70,2019_10_10,마피아42
71,2019_10_10,신비아파트 고스트헌터
72,2019_10_10,Empires & Puzzles: RPG Quest
73,2019_10_10,"Happy Color – 컬러링북, 숫자 색칠 게임"
74,2019_10_10,Bottle Flip 3D
75,2019_10_10,Line Color 3D
76,2019_10_10,Pokémon GO
77,2019_10_10,스나이퍼 3D 어쌔신: 무료 슈팅 게임 (Sniper 3D Assassin)
78,2019_10_10,슈퍼펭귄 (Super Penguins)
79,2019_10_10,Granny: Chapter Two
80,2019_10_10,갤럭시 슈터 - 팔콘 스쿼드 - 외계인 슈팅게임
81,2019_10_10,숨바꼭질 온라인 - 실시간 숨바꼭질
82,2019_10_10,토킹톰 히어로 대시
83,2019_10_10,Kick the Buddy: Forever
84,2019_10_10,지오메트리 대시 라이트 (Geometry Dash L)
85,2019_10_10,신강호
86,2019_10_10,쿵야 캐치마인드
87,2019_10_10,쿠키런: 오븐브레이크
88,2019_10_10,Dream Piano - Music Game
89,2019_10_10,Supreme Duelist Stickman
90,2019_10_10,"Numpuz: Classic Number Games, Num Riddle Puzzle"
91,2019_10_10,도미노 스매시
92,2019_10_10,Kick the Buddy
93,2019_10_10,Happy Glass
94,2019_10_10,Merge Magic!
95,2019_10_10,해양 유목민 - 뗏목 생존: Survival on Raft - Ocean Nomad
96,2019_10_10,스페이스 슈터: 외계인 슈팅게임
97,2019_10_10,아스팔트 9: 레전드- 2019 액션 카 레이싱 게임
98,2019_10_10,에오스 레드
99,2019_10_10,"좋은 피자, 위대한 피자"
100,2019_10_10,한게임 신맞고 : 대한민국 원조 고스톱
