﻿rank,date,name
1,2019_10_03,Mario Kart Tour
2,2019_10_03,콜 오브 듀티: 모바일
3,2019_10_03,Brain Out – 가장 어색한 게임
4,2019_10_03,라이즈 오브 킹덤즈
5,2019_10_03,신의 연대기-신규서버오픈
6,2019_10_03,올스타 스매시
7,2019_10_03,신강호
8,2019_10_03,Color Saw 3D
9,2019_10_03,Dinosaur Rampage
10,2019_10_03,Cool Goal!
11,2019_10_03,워드퍼즐 - 단어 게임
12,2019_10_03,I Peel Good
13,2019_10_03,Idle Stickman
14,2019_10_03,브롤스타즈
15,2019_10_03,쌍삼국지
16,2019_10_03,Puzzle Fuzzle
17,2019_10_03,오늘도 우라라 원시 헌팅 라이프
18,2019_10_03,리치리치
19,2019_10_03,Stop them ALL !
20,2019_10_03,기적의 검
21,2019_10_03,Square Bird
22,2019_10_03,이터:던전의 포식자
23,2019_10_03,바이러스 워 - 우주 슈팅 게임
24,2019_10_03,궁수의 전설
25,2019_10_03,꿈의 집 (Homescapes)
26,2019_10_03,무한의 계단
27,2019_10_03,배틀그라운드
28,2019_10_03,꿈의 정원 (Gardenscapes)
29,2019_10_03,Sand Balls
30,2019_10_03,동물의 집
31,2019_10_03,Zipline Valley - 물리학 퍼즐 게임
32,2019_10_03,Perfect Slices
33,2019_10_03,피망 뉴맞고 : 고스톱으로 대한민국 1등
34,2019_10_03,Mr Bullet - 스파이 퍼즐
35,2019_10_03,Marbleous!
36,2019_10_03,꿈의 마을 (Township)
37,2019_10_03,Fun Race 3D
38,2019_10_03,aquapark.io
39,2019_10_03,ROBLOX
40,2019_10_03,Color Fill 3D
41,2019_10_03,쿵야 캐치마인드
42,2019_10_03,피망 섯다
43,2019_10_03,Minecraft 체험판
44,2019_10_03,스나이퍼 3D 어쌔신: 무료 슈팅 게임 (Sniper 3D Assassin)
45,2019_10_03,The Real Juggle
46,2019_10_03,Granny Legend
47,2019_10_03,클래시 로얄
48,2019_10_03,피츠메이커
49,2019_10_03,1945
50,2019_10_03,좀비고등학교
51,2019_10_03,Wrecking Ball
52,2019_10_03,Rider
53,2019_10_03,Run Race 3D
54,2019_10_03,Polysphere
55,2019_10_03,Magic Tiles 3
56,2019_10_03,Rummikub
57,2019_10_03,Crowd City
58,2019_10_03,도끼.io
59,2019_10_03,Kick the Buddy
60,2019_10_03,신비아파트 고스트헌터
61,2019_10_03,토킹톰 골드런
62,2019_10_03,Empires & Puzzles: RPG Quest
63,2019_10_03,에오스 레드
64,2019_10_03,토킹톰 히어로 대시
65,2019_10_03,쿠키런: 오븐브레이크
66,2019_10_03,항로:새로운 시대
67,2019_10_03,지오메트리 대시 라이트 (Geometry Dash L)
68,2019_10_03,바운스볼
69,2019_10_03,아스팔트 9: 레전드- 2019 액션 카 레이싱 게임
70,2019_10_03,Hungry Shark Evolution
71,2019_10_03,Knives Crash
72,2019_10_03,보스레이브
73,2019_10_03,Paper.io 2
74,2019_10_03,Merge Magic!
75,2019_10_03,Supreme Duelist Stickman
76,2019_10_03,Bottle Flip 3D
77,2019_10_03,마피아42
78,2019_10_03,슈퍼펭귄 (Super Penguins)
79,2019_10_03,요리중독: 미치게 빠르고 레스토랑 요리 게임
80,2019_10_03,용사식당
81,2019_10_03,한게임 신맞고 : 대한민국 원조 고스톱
82,2019_10_03,아웃로 - 실시간 슈팅
83,2019_10_03,Jelly Shift
84,2019_10_03,Hole.io
85,2019_10_03,왕국건설 스토리
86,2019_10_03,해양 유목민 - 뗏목 생존: Survival on Raft - Ocean Nomad
87,2019_10_03,Soul Knight
88,2019_10_03,햄스터 타운 - 당신이 원하는 힐링 두뇌 퍼즐 게임 - 햄스터 타운! 심쿵사 주의
89,2019_10_03,"피망 포커: 카지노 로얄 (7포커, 로우바둑이, 하이로우)"
90,2019_10_03,FIFA ONLINE 4 M by EA SPORTS™
91,2019_10_03,maybe-메이비:내가 만드는 이야기
92,2019_10_03,펭귄의 섬
93,2019_10_03,스페이스 슈터: 외계인 슈팅게임
94,2019_10_03,한게임 포커
95,2019_10_03,파이널레이드
96,2019_10_03,오목의 달인
97,2019_10_03,프렌즈레이싱
98,2019_10_03,낚시 클래시: 스포츠 낚시 게임 (Fishing Clash)
99,2019_10_03,"Happy Color – 컬러링북, 숫자 색칠 게임"
100,2019_10_03,로드 모바일: 제국의 전쟁 - MMORPG
