﻿rank,date,name
1,2019_11_29,리니지2M(19)
2,2019_11_29,리니지2M(12)
3,2019_11_29,고수 with NAVER WEBTOON
4,2019_11_29,게임빌프로야구 슈퍼스타즈
5,2019_11_29,Brain Out – 가장 어색한 게임
6,2019_11_29,Rusty Blower 3D
7,2019_11_29,진화소녀
8,2019_11_29,엑소스 히어로즈
9,2019_11_29,Park of Monster
10,2019_11_29,Pocket World 3D
11,2019_11_29,Ink Inc. - Tattoo Tycoon
12,2019_11_29,워드퍼즐 - 단어 게임
13,2019_11_29,Sky Roller
14,2019_11_29,무한의 계단
15,2019_11_29,킹 오브 타워
16,2019_11_29,워너비챌린지
17,2019_11_29,마기아 : 카르마 사가
18,2019_11_29,Puzzrama (퍼즈라마)
19,2019_11_29,밥 먹고 갈래요?
20,2019_11_29,기적의 검
21,2019_11_29,무한의 농장
22,2019_11_29,브롤스타즈
23,2019_11_29,Tales Rush!
24,2019_11_29,Clash of Blocks
25,2019_11_29,애프터라이프
26,2019_11_29,꽃피는 달빛
27,2019_11_29,콜 오브 듀티: 모바일
28,2019_11_29,꿈의 정원 (Gardenscapes)
29,2019_11_29,Cannon Shot!
30,2019_11_29,꿈의 집 (Homescapes)
31,2019_11_29,Fun Race 3D
32,2019_11_29,V4
33,2019_11_29,왕비의 맛
34,2019_11_29,Sandwich!
35,2019_11_29,배틀그라운드
36,2019_11_29,클래시 로얄
37,2019_11_29,펭귄의 섬
38,2019_11_29,Crazy Shopping
39,2019_11_29,궁수의 전설
40,2019_11_29,계급장 키우기
41,2019_11_29,라이즈 오브 킹덤즈
42,2019_11_29,Supreme Duelist Stickman
43,2019_11_29,Stencil Art - Spray Masters
44,2019_11_29,Rummikub
45,2019_11_29,Mr Bullet - 스파이 퍼즐
46,2019_11_29,킹 오브 파이터 올스타
47,2019_11_29,염왕이 뿔났다
48,2019_11_29,1945
49,2019_11_29,바이러스 워 - 우주 슈팅 게임
50,2019_11_29,꿈의 마을 (Township)
51,2019_11_29,Run Race 3D
52,2019_11_29,Q*bert
53,2019_11_29,ROBLOX
54,2019_11_29,질풍닌자전
55,2019_11_29,Icing On The Cake
56,2019_11_29,Piano Tiles 2™
57,2019_11_29,리니지2 레볼루션
58,2019_11_29,Gang Clash
59,2019_11_29,Cool Goal!
60,2019_11_29,로드 크래쉬
61,2019_11_29,Sand Balls
62,2019_11_29,Dancing Line
63,2019_11_29,Minecraft 체험판
64,2019_11_29,Rescue Cut - Rope Puzzle
65,2019_11_29,Pokémon GO
66,2019_11_29,"좋은 피자, 위대한 피자"
67,2019_11_29,피망 뉴맞고 : 고스톱으로 대한민국 1등
68,2019_11_29,홈 디자인 꾸미기
69,2019_11_29,Color Saw 3D
70,2019_11_29,지오메트리 대시 라이트 (Geometry Dash L)
71,2019_11_29,Paper.io 2
72,2019_11_29,쿠키런: 오븐브레이크
73,2019_11_29,Rider
74,2019_11_29,eFootball PES 2020
75,2019_11_29,Perfect Slices
76,2019_11_29,Idle Construction 3D
77,2019_11_29,마피아42
78,2019_11_29,부탁해요 매니저님
79,2019_11_29,Pressure Washer
80,2019_11_29,쿠키런 for Kakao
81,2019_11_29,Tank Stars
82,2019_11_29,Square Bird
83,2019_11_29,스도쿠 - 무료 클래식 스도쿠 퍼즐
84,2019_11_29,보틀 점프 3D
85,2019_11_29,오버독스
86,2019_11_29,스나이퍼 3D 어쌔신: 무료 슈팅 게임 (Sniper 3D Assassin)
87,2019_11_29,Dancing Road: Color Ball Run!
88,2019_11_29,Empires & Puzzles: RPG Quest
89,2019_11_29,리니지M
90,2019_11_29,오목의 달인
91,2019_11_29,Hero Wars
92,2019_11_29,Crowd City
93,2019_11_29,Zipline Valley - 물리학 퍼즐 게임
94,2019_11_29,클래식 어드벤처
95,2019_11_29,토킹톰 히어로 대시
96,2019_11_29,Puzzle Fuzzle
97,2019_11_29,고양이 식탁
98,2019_11_29,Nonogram.com - 픽처 크로스 퍼즐 게임
99,2019_11_29,FIFA ONLINE 4 M by EA SPORTS™
100,2019_11_29,토킹톰 골드런
