﻿rank,date,name
1,2019_09_21,라이즈 오브 킹덤즈
2,2019_09_21,신강호
3,2019_09_21,리치리치
4,2019_09_21,미친소녀
5,2019_09_21,Dinosaur Rampage
6,2019_09_21,비천무협
7,2019_09_21,오늘도 우라라 원시 헌팅 라이프
8,2019_09_21,쌍삼국지
9,2019_09_21,Cool Goal!
10,2019_09_21,브롤스타즈
11,2019_09_21,원정
12,2019_09_21,워드퍼즐 - 단어 게임
13,2019_09_21,올스타 스매시
14,2019_09_21,기적의 검
15,2019_09_21,쿵야 캐치마인드
16,2019_09_21,배틀그라운드
17,2019_09_21,동물의 집
18,2019_09_21,Sand Balls
19,2019_09_21,피망 뉴맞고 : 고스톱으로 대한민국 1등
20,2019_09_21,궁수의 전설
21,2019_09_21,Perfect Slices
22,2019_09_21,꿈의 집 (Homescapes)
23,2019_09_21,Mr Bullet - 스파이 퍼즐
24,2019_09_21,나선영웅전
25,2019_09_21,Fun Race 3D
26,2019_09_21,으라차차 돌격 라그나로크
27,2019_09_21,피망 섯다
28,2019_09_21,꿈의 정원 (Gardenscapes)
29,2019_09_21,Rummikub
30,2019_09_21,aquapark.io
31,2019_09_21,무한의 계단
32,2019_09_21,Granny Legend
33,2019_09_21,스타쉽 배틀
34,2019_09_21,ROBLOX
35,2019_09_21,Color Fill 3D
36,2019_09_21,I Peel Good
37,2019_09_21,Crowd City
38,2019_09_21,Puzzle Fuzzle
39,2019_09_21,에오스 레드
40,2019_09_21,모두의마블
41,2019_09_21,1945
42,2019_09_21,삼국지 디펜스M
43,2019_09_21,Empires & Puzzles: RPG Quest
44,2019_09_21,삼국지 오리진
45,2019_09_21,꿈의 마을 (Township)
46,2019_09_21,한게임 신맞고 : 대한민국 원조 고스톱
47,2019_09_21,보스레이브
48,2019_09_21,스나이퍼 3D 어쌔신: 무료 슈팅 게임 (Sniper 3D Assassin)
49,2019_09_21,브롤 스타즈 상자깡 버그판 마인크래프트 게임 고양이 Brawl Stars
50,2019_09_21,가온:신규서버오픈
51,2019_09_21,"피망 포커: 카지노 로얄 (7포커, 로우바둑이, 하이로우)"
52,2019_09_21,아스팔트 9: 레전드- 2019 액션 카 레이싱 게임
53,2019_09_21,좀비고등학교
54,2019_09_21,Minecraft 체험판
55,2019_09_21,한게임 포커
56,2019_09_21,마피아42
57,2019_09_21,Popcorn Burst
58,2019_09_21,Bottle Flip 3D
59,2019_09_21,검은달
60,2019_09_21,클래시 로얄
61,2019_09_21,바이러스 워 - 우주 슈팅 게임
62,2019_09_21,토킹톰 골드런
63,2019_09_21,토킹톰 히어로 대시
64,2019_09_21,Granny: Chapter Two
65,2019_09_21,갤럭시 슈터 - 팔콘 스쿼드 - 외계인 슈팅게임
66,2019_09_21,Magic Tiles 3
67,2019_09_21,Run Race 3D
68,2019_09_21,Jelly Shift
69,2019_09_21,라플라스M
70,2019_09_21,신비아파트 고스트헌터
71,2019_09_21,"Happy Color – 컬러링북, 숫자 색칠 게임"
72,2019_09_21,Tank Stars
73,2019_09_21,"좋은 피자, 위대한 피자"
74,2019_09_21,슈퍼펭귄 (Super Penguins)
75,2019_09_21,프렌즈레이싱
76,2019_09_21,롤링 스카이
77,2019_09_21,우주 전쟁: 외계인들의 공격
78,2019_09_21,로드 모바일: 제국의 전쟁 - MMORPG
79,2019_09_21,도끼.io
80,2019_09_21,쿠키런: 오븐브레이크
81,2019_09_21,Happy Glass
82,2019_09_21,FIFA ONLINE 4 M by EA SPORTS™
83,2019_09_21,Rider
84,2019_09_21,아기 팬더: 공주 메이크업
85,2019_09_21,Paper.io 2
86,2019_09_21,지오메트리 대시 라이트 (Geometry Dash L)
87,2019_09_21,삼국지강타
88,2019_09_21,Pokémon GO
89,2019_09_21,maybe-메이비:내가 만드는 이야기
90,2019_09_21,냥코 대전쟁
91,2019_09_21,MLB 9이닝스 19
92,2019_09_21,한게임 섯다
93,2019_09_21,유휴 냄비 육성
94,2019_09_21,진짜 총알
95,2019_09_21,벽돌깨기 퀘스트
96,2019_09_21,Guns of Glory: 왕을 위한 장대한 군대 구축
97,2019_09_21,Age of Z
98,2019_09_21,Orkus - 오르쿠스
99,2019_09_21,Auto Chess
100,2019_09_21,Polysphere
