﻿rank,date,name
1,2019_09_09,Cool Goal!
2,2019_09_09,라이즈 오브 킹덤즈
3,2019_09_09,Perfect Slices
4,2019_09_09,Sand Balls
5,2019_09_09,브롤스타즈
6,2019_09_09,꿈의 정원 (Gardenscapes)
7,2019_09_09,aquapark.io
8,2019_09_09,원정
9,2019_09_09,Mr Bullet - 스파이 퍼즐
10,2019_09_09,궁수의 전설
11,2019_09_09,쿵야 캐치마인드
12,2019_09_09,ROBLOX
13,2019_09_09,Fun Race 3D
14,2019_09_09,꿈의 집 (Homescapes)
15,2019_09_09,Hoop Stars
16,2019_09_09,Minecraft 체험판
17,2019_09_09,배틀그라운드
18,2019_09_09,Jelly Shift
19,2019_09_09,토킹톰 히어로 대시
20,2019_09_09,무한의 계단
21,2019_09_09,Amazing PG Frog Simulator
22,2019_09_09,Wrecking Ball
23,2019_09_09,꿈의 마을 (Township)
24,2019_09_09,Run Race 3D
25,2019_09_09,Crowd City
26,2019_09_09,Color Fill 3D
27,2019_09_09,스나이퍼 3D 어쌔신: 무료 슈팅 게임 (Sniper 3D Assassin)
28,2019_09_09,Traffic Run!
29,2019_09_09,Happy Glass
30,2019_09_09,Kick the Buddy: Forever
31,2019_09_09,토킹톰 골드런
32,2019_09_09,Bottle Flip 3D
33,2019_09_09,브롤 스타즈 상자깡 버그판 마인크래프트 게임 고양이 Brawl Stars
34,2019_09_09,Paper.io 2
35,2019_09_09,신비아파트 고스트헌터
36,2019_09_09,Tank Stars
37,2019_09_09,동물의 집
38,2019_09_09,롤링 스카이
39,2019_09_09,OnPipe
40,2019_09_09,벽돌깨기 퀘스트
41,2019_09_09,Snowball.io
42,2019_09_09,Sandwich!
43,2019_09_09,아기 팬더: 공주 메이크업
44,2019_09_09,클래식 어드벤처
45,2019_09_09,바이러스 워 - 우주 슈팅 게임
46,2019_09_09,요괴미식가:Cook&Life
47,2019_09_09,좀비고등학교
48,2019_09_09,Rider
49,2019_09_09,숨바꼭질 온라인 - 실시간 숨바꼭질
50,2019_09_09,1945
51,2019_09_09,프렌즈레이싱
52,2019_09_09,보스레이브
53,2019_09_09,"좋은 피자, 위대한 피자"
54,2019_09_09,슈퍼펭귄 (Super Penguins)
55,2019_09_09,Neon Splash
56,2019_09_09,클래시 로얄
57,2019_09_09,마이토킹톰 2
58,2019_09_09,Blade Master - Mini Action RPG Game
59,2019_09_09,의지의 히어로
60,2019_09_09,도끼.io
61,2019_09_09,Pokémon GO
62,2019_09_09,"Happy Color – 컬러링북, 숫자 색칠 게임"
63,2019_09_09,Piano Tiles 2™
64,2019_09_09,Supreme Duelist Stickman
65,2019_09_09,Pokémon Masters
66,2019_09_09,"나의최애캐 (언니돌, #unniedoll)"
67,2019_09_09,피망 뉴맞고 : 고스톱으로 대한민국 1등
68,2019_09_09,Toon Blast
69,2019_09_09,Puzzle Fuzzle
70,2019_09_09,스페이스 슈터: 외계인 슈팅게임
71,2019_09_09,Kick the Buddy
72,2019_09_09,Train Taxi
73,2019_09_09,City Fighter vs Street Gang
74,2019_09_09,"Numpuz: Classic Number Games, Num Riddle Puzzle"
75,2019_09_09,에오스 레드
76,2019_09_09,Tomb of the Mask
77,2019_09_09,미로 온라인 - 실시간 미로탈출
78,2019_09_09,갤럭시 슈터 - 팔콘 스쿼드 - 외계인 슈팅게임
79,2019_09_09,마피아42
80,2019_09_09,지오메트리 대시 라이트 (Geometry Dash L)
81,2019_09_09,냥코 대전쟁
82,2019_09_09,Helix Jump
83,2019_09_09,미라큘러스 레이디버그와 블랙캣
84,2019_09_09,Bouncemasters!
85,2019_09_09,픽셀 건 3D (Pixel Gun 3D)
86,2019_09_09,Dancing Road: Color Ball Run!
87,2019_09_09,Draw it
88,2019_09_09,아스팔트 9: 레전드- 2019 액션 카 레이싱 게임
89,2019_09_09,Rummikub
90,2019_09_09,Empires & Puzzles: RPG Quest
91,2019_09_09,Battle Disc
92,2019_09_09,낚시 클래시: 스포츠 낚시 게임 (Fishing Clash)
93,2019_09_09,Tiles Hop: EDM Rush!
94,2019_09_09,로드 모바일: 제국의 전쟁 - MMORPG
95,2019_09_09,쿠키런: 오븐브레이크
96,2019_09_09,Dream Piano - Music Game
97,2019_09_09,Hungry Shark Evolution
98,2019_09_09,Merge Plane - Click & Idle Tycoon
99,2019_09_09,아기 팬더의 펭귄 달리기
100,2019_09_09,Hole.io
