﻿rank,date,name
1,2019_09_10,라이즈 오브 킹덤즈
2,2019_09_10,Cool Goal!
3,2019_09_10,Perfect Slices
4,2019_09_10,Sand Balls
5,2019_09_10,브롤스타즈
6,2019_09_10,꿈의 정원 (Gardenscapes)
7,2019_09_10,aquapark.io
8,2019_09_10,Mr Bullet - 스파이 퍼즐
9,2019_09_10,궁수의 전설
10,2019_09_10,꿈의 집 (Homescapes)
11,2019_09_10,Fun Race 3D
12,2019_09_10,쿵야 캐치마인드
13,2019_09_10,ROBLOX
14,2019_09_10,원정
15,2019_09_10,배틀그라운드
16,2019_09_10,Minecraft 체험판
17,2019_09_10,Hoop Stars
18,2019_09_10,Jelly Shift
19,2019_09_10,무한의 계단
20,2019_09_10,Amazing PG Frog Simulator
21,2019_09_10,토킹톰 히어로 대시
22,2019_09_10,꿈의 마을 (Township)
23,2019_09_10,Run Race 3D
24,2019_09_10,Crowd City
25,2019_09_10,스나이퍼 3D 어쌔신: 무료 슈팅 게임 (Sniper 3D Assassin)
26,2019_09_10,Wrecking Ball
27,2019_09_10,Kick the Buddy: Forever
28,2019_09_10,Color Fill 3D
29,2019_09_10,Tank Stars
30,2019_09_10,벽돌깨기 퀘스트
31,2019_09_10,신비아파트 고스트헌터
32,2019_09_10,동물의 집
33,2019_09_10,Happy Glass
34,2019_09_10,토킹톰 골드런
35,2019_09_10,Traffic Run!
36,2019_09_10,Bottle Flip 3D
37,2019_09_10,Paper.io 2
38,2019_09_10,꽃송이
39,2019_09_10,브롤 스타즈 상자깡 버그판 마인크래프트 게임 고양이 Brawl Stars
40,2019_09_10,롤링 스카이
41,2019_09_10,OnPipe
42,2019_09_10,아기 팬더: 공주 메이크업
43,2019_09_10,Snowball.io
44,2019_09_10,1945
45,2019_09_10,Sandwich!
46,2019_09_10,Rider
47,2019_09_10,바이러스 워 - 우주 슈팅 게임
48,2019_09_10,좀비고등학교
49,2019_09_10,숨바꼭질 온라인 - 실시간 숨바꼭질
50,2019_09_10,"좋은 피자, 위대한 피자"
51,2019_09_10,슈퍼펭귄 (Super Penguins)
52,2019_09_10,마이토킹톰 2
53,2019_09_10,클래시 로얄
54,2019_09_10,"Happy Color – 컬러링북, 숫자 색칠 게임"
55,2019_09_10,프렌즈레이싱
56,2019_09_10,클래식 어드벤처
57,2019_09_10,Neon Splash
58,2019_09_10,Pokémon GO
59,2019_09_10,의지의 히어로
60,2019_09_10,Piano Tiles 2™
61,2019_09_10,Blade Master - Mini Action RPG Game
62,2019_09_10,피망 뉴맞고 : 고스톱으로 대한민국 1등
63,2019_09_10,요괴미식가:Cook&Life
64,2019_09_10,보스레이브
65,2019_09_10,스페이스 슈터: 외계인 슈팅게임
66,2019_09_10,미로 온라인 - 실시간 미로탈출
67,2019_09_10,Supreme Duelist Stickman
68,2019_09_10,갤럭시 슈터 - 팔콘 스쿼드 - 외계인 슈팅게임
69,2019_09_10,Puzzle Fuzzle
70,2019_09_10,"나의최애캐 (언니돌, #unniedoll)"
71,2019_09_10,Train Taxi
72,2019_09_10,도끼.io
73,2019_09_10,Kick the Buddy
74,2019_09_10,Toon Blast
75,2019_09_10,Empires & Puzzles: RPG Quest
76,2019_09_10,Bouncemasters!
77,2019_09_10,Tomb of the Mask
78,2019_09_10,"Numpuz: Classic Number Games, Num Riddle Puzzle"
79,2019_09_10,마피아42
80,2019_09_10,미라큘러스 레이디버그와 블랙캣
81,2019_09_10,Draw it
82,2019_09_10,Helix Jump
83,2019_09_10,Dancing Road: Color Ball Run!
84,2019_09_10,아스팔트 9: 레전드- 2019 액션 카 레이싱 게임
85,2019_09_10,픽셀 건 3D (Pixel Gun 3D)
86,2019_09_10,지오메트리 대시 라이트 (Geometry Dash L)
87,2019_09_10,Rummikub
88,2019_09_10,Battle Disc
89,2019_09_10,Pokémon Masters
90,2019_09_10,우주 전쟁: 외계인들의 공격
91,2019_09_10,냥코 대전쟁
92,2019_09_10,Dream Piano - Music Game
93,2019_09_10,쿠키런: 오븐브레이크
94,2019_09_10,Tiles Hop: EDM Rush!
95,2019_09_10,낚시 클래시: 스포츠 낚시 게임 (Fishing Clash)
96,2019_09_10,에오스 레드
97,2019_09_10,City Fighter vs Street Gang
98,2019_09_10,Hole.io
99,2019_09_10,Merge Plane - Click & Idle Tycoon
100,2019_09_10,가온:신규서버오픈
