﻿rank,date,name
1,2019_11_02,Rescue Cut - Rope Puzzle
2,2019_11_02,Brain Out – 가장 어색한 게임
3,2019_11_02,Icing On The Cake
4,2019_11_02,DX : 신 세기의 전쟁
5,2019_11_02,완미세계
6,2019_11_02,콜 오브 듀티: 모바일
7,2019_11_02,세인트 세이야 : 각성
8,2019_11_02,메탈슬러그 인피니티 - 방치형 RPG
9,2019_11_02,신강호
10,2019_11_02,킹 오브 타워
11,2019_11_02,Zipline Valley - 물리학 퍼즐 게임
12,2019_11_02,로드 크래쉬
13,2019_11_02,라이즈 오브 킹덤즈
14,2019_11_02,데이트 어 라이브: 다시 만난 정령
15,2019_11_02,판타지타운
16,2019_11_02,무한의 계단
17,2019_11_02,기적의 검
18,2019_11_02,달빛조각사
19,2019_11_02,브롤스타즈
20,2019_11_02,동물극장 - 귀여운 동물들과 영화보며 힐링
21,2019_11_02,Soul Land: 엘피스 전기
22,2019_11_02,테니스 클래시: 3D 스포츠 - 무료 멀티플레이어 게임
23,2019_11_02,꿈의 집 (Homescapes)
24,2019_11_02,Rolling Domino
25,2019_11_02,Crazy Shopping
26,2019_11_02,꿈의 정원 (Gardenscapes)
27,2019_11_02,피망 뉴맞고 : 고스톱으로 대한민국 1등
28,2019_11_02,Puzzle Fuzzle
29,2019_11_02,Draw Around
30,2019_11_02,워드퍼즐 - 단어 게임
31,2019_11_02,Granny Legend
32,2019_11_02,리치리치
33,2019_11_02,꽃피는 달빛
34,2019_11_02,궁수의 전설
35,2019_11_02,바이러스 워 - 우주 슈팅 게임
36,2019_11_02,쿠키런: 오븐브레이크
37,2019_11_02,마기아 : 카르마 사가
38,2019_11_02,I Peel Good
39,2019_11_02,로얄 다이스(Royal Dice) : 랜덤 디펜스
40,2019_11_02,Empires & Puzzles: RPG Quest
41,2019_11_02,꿈의 마을 (Township)
42,2019_11_02,배틀그라운드
43,2019_11_02,아르카나 택틱스
44,2019_11_02,Sand Balls
45,2019_11_02,3차원 채우기 (Fill in 3D)
46,2019_11_02,1945
47,2019_11_02,Drop & Smash
48,2019_11_02,Magic Tiles 3
49,2019_11_02,Wrecking Ball
50,2019_11_02,스도쿠 - 무료 클래식 스도쿠 퍼즐
51,2019_11_02,Perfect Slices
52,2019_11_02,익스트림풋볼:3대3 멀티 축구
53,2019_11_02,ROBLOX
54,2019_11_02,용사식당
55,2019_11_02,한게임 신맞고 : 대한민국 원조 고스톱
56,2019_11_02,Block Puzzle Universe
57,2019_11_02,Minecraft 체험판
58,2019_11_02,Fun Race 3D
59,2019_11_02,Cool Goal!
60,2019_11_02,Mr Bullet - 스파이 퍼즐
61,2019_11_02,펭귄의 섬
62,2019_11_02,Zooba - 동물원 배틀 아레나
63,2019_11_02,클래시 로얄
64,2019_11_02,지오메트리 대시 라이트 (Geometry Dash L)
65,2019_11_02,보스레이브
66,2019_11_02,오늘도 우라라 원시 헌팅 라이프
67,2019_11_02,봉인의서
68,2019_11_02,무한의 농장
69,2019_11_02,이터:던전의 포식자
70,2019_11_02,Gang Clash
71,2019_11_02,Rider
72,2019_11_02,해양 유목민 - 뗏목 생존: Survival on Raft - Ocean Nomad
73,2019_11_02,"좋은 피자, 위대한 피자"
74,2019_11_02,Nonogram.com - 픽처 크로스 퍼즐 게임
75,2019_11_02,aquapark.io
76,2019_11_02,Line Driver
77,2019_11_02,Mahjong City Tours
78,2019_11_02,쌍삼국지
79,2019_11_02,토킹톰 히어로 대시
80,2019_11_02,햄스터 타운 - 당신이 원하는 힐링 두뇌 퍼즐 게임 - 햄스터 타운! 심쿵사 주의
81,2019_11_02,토킹톰 골드런
82,2019_11_02,좀비고등학교
83,2019_11_02,한게임 포커
84,2019_11_02,롤링 스카이
85,2019_11_02,Color Saw 3D
86,2019_11_02,Dancing Road: Color Ball Run!
87,2019_11_02,신의 연대기-신규서버오픈
88,2019_11_02,Kick the Buddy: Forever
89,2019_11_02,Rummikub
90,2019_11_02,피망 섯다
91,2019_11_02,스나이퍼 3D 어쌔신: 무료 슈팅 게임 (Sniper 3D Assassin)
92,2019_11_02,톰 오브 더 마스크: 컬러
93,2019_11_02,Run Race 3D
94,2019_11_02,Color Fill 3D
95,2019_11_02,Happy Glass
96,2019_11_02,The Real Juggle
97,2019_11_02,"피망 포커: 카지노 로얄 (7포커, 로우바둑이, 하이로우)"
98,2019_11_02,일반상식 퀴즈. 무료 퀴즈 게임: QuizzLand
99,2019_11_02,OX 퀴즈 서바이벌 100
100,2019_11_02,Popcorn Burst
