﻿rank,date,name
1,2019_11_09,V4
2,2019_11_09,Brain Out – 가장 어색한 게임
3,2019_11_09,Rescue Cut - Rope Puzzle
4,2019_11_09,콜 오브 듀티: 모바일
5,2019_11_09,킹 오브 타워
6,2019_11_09,DX : 신 세기의 전쟁
7,2019_11_09,Icing On The Cake
8,2019_11_09,Crazy Shopping
9,2019_11_09,로드 크래쉬
10,2019_11_09,Drop & Smash
11,2019_11_09,오늘도 환생
12,2019_11_09,라이즈 오브 킹덤즈
13,2019_11_09,질풍닌자전
14,2019_11_09,무한의 계단
15,2019_11_09,Zipline Valley - 물리학 퍼즐 게임
16,2019_11_09,기적의 검
17,2019_11_09,Marbleous!
18,2019_11_09,히어로즈 스트라이크
19,2019_11_09,Sky Roller
20,2019_11_09,브롤스타즈
21,2019_11_09,무한의 농장
22,2019_11_09,꿈의 마을 (Township)
23,2019_11_09,신강호
24,2019_11_09,배틀그라운드
25,2019_11_09,Granny Legend
26,2019_11_09,꿈의 집 (Homescapes)
27,2019_11_09,달빛조각사
28,2019_11_09,Puzzle Fuzzle
29,2019_11_09,꽃피는 달빛
30,2019_11_09,테니스 클래시: 3D 스포츠 - 무료 멀티플레이어 게임
31,2019_11_09,Block Puzzle Universe
32,2019_11_09,Kick the Buddy: Forever
33,2019_11_09,워드퍼즐 - 단어 게임
34,2019_11_09,ROBLOX
35,2019_11_09,리치리치
36,2019_11_09,Minecraft 체험판
37,2019_11_09,Rider
38,2019_11_09,Hero Wars
39,2019_11_09,꿈의 정원 (Gardenscapes)
40,2019_11_09,궁수의 전설
41,2019_11_09,톰 오브 더 마스크: 컬러
42,2019_11_09,펭귄의 섬
43,2019_11_09,피망 뉴맞고 : 고스톱으로 대한민국 1등
44,2019_11_09,쿠키런: 오븐브레이크
45,2019_11_09,동물극장 - 귀여운 동물들과 영화보며 힐링
46,2019_11_09,Perfect Slices
47,2019_11_09,Wrecking Ball
48,2019_11_09,aquapark.io
49,2019_11_09,Sand Balls
50,2019_11_09,Draw Around
51,2019_11_09,클래시 로얄
52,2019_11_09,Fun Race 3D
53,2019_11_09,로얄 다이스(Royal Dice) : 랜덤 디펜스
54,2019_11_09,I Peel Good
55,2019_11_09,V4(12)
56,2019_11_09,좀비고등학교
57,2019_11_09,매직 직소 퍼즐
58,2019_11_09,Pokémon GO
59,2019_11_09,바이러스 워 - 우주 슈팅 게임
60,2019_11_09,Zooba - 동물원 배틀 아레나
61,2019_11_09,익스트림풋볼:3대3 멀티 축구
62,2019_11_09,햄스터 타운 - 당신이 원하는 힐링 두뇌 퍼즐 게임 - 햄스터 타운! 심쿵사 주의
63,2019_11_09,블록 퍼즐
64,2019_11_09,Color Fill 3D
65,2019_11_09,토킹톰 히어로 대시
66,2019_11_09,Magic Tiles 3
67,2019_11_09,해양 유목민 - 뗏목 생존: Survival on Raft - Ocean Nomad
68,2019_11_09,Nonogram.com - 픽처 크로스 퍼즐 게임
69,2019_11_09,지오메트리 대시 라이트 (Geometry Dash L)
70,2019_11_09,Collect Cubes
71,2019_11_09,Perfect Paint
72,2019_11_09,Mr Bullet - 스파이 퍼즐
73,2019_11_09,리니지M
74,2019_11_09,클래식 어드벤처
75,2019_11_09,용사식당
76,2019_11_09,신의 연대기-신규서버오픈
77,2019_11_09,고전적인 블록 퍼즐
78,2019_11_09,Cool Goal!
79,2019_11_09,OX 퀴즈 서바이벌 100
80,2019_11_09,피망 섯다
81,2019_11_09,스도쿠 - 무료 클래식 스도쿠 퍼즐
82,2019_11_09,Crowd City
83,2019_11_09,Empires & Puzzles: RPG Quest
84,2019_11_09,쌍삼국지
85,2019_11_09,Supreme Duelist Stickman
86,2019_11_09,봉인의서
87,2019_11_09,1945
88,2019_11_09,롤링 스카이
89,2019_11_09,스나이퍼 3D 어쌔신: 무료 슈팅 게임 (Sniper 3D Assassin)
90,2019_11_09,Dancing Road: Color Ball Run!
91,2019_11_09,Mario Kart Tour
92,2019_11_09,숨바꼭질 온라인 - 실시간 숨바꼭질
93,2019_11_09,삼국지 오리진
94,2019_11_09,황제라 칭하라
95,2019_11_09,FIFA ONLINE 4 M by EA SPORTS™
96,2019_11_09,한게임 포커
97,2019_11_09,이터:던전의 포식자
98,2019_11_09,한게임 신맞고 : 대한민국 원조 고스톱
99,2019_11_09,Gang Clash
100,2019_11_09,Rolling Domino
