﻿rank,date,name
1,2019_10_16,Brain Out – 가장 어색한 게임
2,2019_10_16,달빛조각사
3,2019_10_16,콜 오브 듀티: 모바일
4,2019_10_16,세레스M
5,2019_10_16,라이즈 오브 킹덤즈
6,2019_10_16,Wrecking Ball
7,2019_10_16,브롤스타즈
8,2019_10_16,소울아크: 리부트
9,2019_10_16,신의 연대기-신규서버오픈
10,2019_10_16,Dinosaur Rampage
11,2019_10_16,Square Bird
12,2019_10_16,무한의 계단
13,2019_10_16,Perfect Slices
14,2019_10_16,Bouncemasters!
15,2019_10_16,Icing On The Cake
16,2019_10_16,디지몬 리얼라이즈 -Digimon ReArise-
17,2019_10_16,워드퍼즐 - 단어 게임
18,2019_10_16,도시어부M
19,2019_10_16,기적의 검
20,2019_10_16,궁수의 전설
21,2019_10_16,펭귄의 섬
22,2019_10_16,Puzzle Fuzzle
23,2019_10_16,Mario Kart Tour
24,2019_10_16,Cool Goal!
25,2019_10_16,I Peel Good
26,2019_10_16,꿈의 집 (Homescapes)
27,2019_10_16,배틀그라운드
28,2019_10_16,3차원 채우기 (Fill in 3D)
29,2019_10_16,올스타 스매시
30,2019_10_16,Magic Tiles 3
31,2019_10_16,The Real Juggle
32,2019_10_16,꿈의 정원 (Gardenscapes)
33,2019_10_16,1945
34,2019_10_16,신비아파트 고스트헌터
35,2019_10_16,Sand Balls
36,2019_10_16,이터:던전의 포식자
37,2019_10_16,ROBLOX
38,2019_10_16,오늘도 우라라 원시 헌팅 라이프
39,2019_10_16,Mr Bullet - 스파이 퍼즐
40,2019_10_16,Color Saw 3D
41,2019_10_16,Zipline Valley - 물리학 퍼즐 게임
42,2019_10_16,장기2.0
43,2019_10_16,바이러스 워 - 우주 슈팅 게임
44,2019_10_16,Paper.io 2
45,2019_10_16,aquapark.io
46,2019_10_16,Fun Race 3D
47,2019_10_16,좀비고등학교
48,2019_10_16,숨바꼭질 온라인 - 실시간 숨바꼭질
49,2019_10_16,Granny Legend
50,2019_10_16,피츠메이커
51,2019_10_16,신강호
52,2019_10_16,세븐나이츠
53,2019_10_16,Minecraft 체험판
54,2019_10_16,Zooba - 동물원 배틀 아레나
55,2019_10_16,피망 뉴맞고 : 고스톱으로 대한민국 1등
56,2019_10_16,꿈의 마을 (Township)
57,2019_10_16,클래시 로얄
58,2019_10_16,토킹톰 골드런
59,2019_10_16,Rider
60,2019_10_16,Kick the Buddy: Forever
61,2019_10_16,장기의 달인
62,2019_10_16,햄스터 타운 - 당신이 원하는 힐링 두뇌 퍼즐 게임 - 햄스터 타운! 심쿵사 주의
63,2019_10_16,Hole.io
64,2019_10_16,Crowd City
65,2019_10_16,Run Race 3D
66,2019_10_16,Color Fill 3D
67,2019_10_16,"Numpuz: Classic Number Games, Num Riddle Puzzle"
68,2019_10_16,Happy Glass
69,2019_10_16,Rummikub
70,2019_10_16,보스레이브
71,2019_10_16,리치리치
72,2019_10_16,왕국건설 스토리
73,2019_10_16,지오메트리 대시 라이트 (Geometry Dash L)
74,2019_10_16,해양 유목민 - 뗏목 생존: Survival on Raft - Ocean Nomad
75,2019_10_16,Robot Clash
76,2019_10_16,Rope Slash
77,2019_10_16,Empires & Puzzles: RPG Quest
78,2019_10_16,마피아42
79,2019_10_16,아스팔트 9: 레전드- 2019 액션 카 레이싱 게임
80,2019_10_16,Nonogram.com - 픽처 크로스 퍼즐 게임
81,2019_10_16,슈퍼펭귄 (Super Penguins)
82,2019_10_16,Bottle Flip 3D
83,2019_10_16,"Happy Color – 컬러링북, 숫자 색칠 게임"
84,2019_10_16,토킹톰 히어로 대시
85,2019_10_16,무한의 농장
86,2019_10_16,쿠키런: 오븐브레이크
87,2019_10_16,Line Color 3D
88,2019_10_16,Dancing Road: Color Ball Run!
89,2019_10_16,Draw it
90,2019_10_16,동물의 집
91,2019_10_16,피망 섯다
92,2019_10_16,Marbleous!
93,2019_10_16,롤링 스카이
94,2019_10_16,Jelly Shift
95,2019_10_16,Granny: Chapter Two
96,2019_10_16,Kick the Buddy
97,2019_10_16,"좋은 피자, 위대한 피자"
98,2019_10_16,Two Dots
99,2019_10_16,스나이퍼 3D 어쌔신: 무료 슈팅 게임 (Sniper 3D Assassin)
100,2019_10_16,OX 퀴즈 서바이벌 100
