﻿rank,date,name
1,2019_11_13,V4
2,2019_11_13,Brain Out – 가장 어색한 게임
3,2019_11_13,Rescue Cut - Rope Puzzle
4,2019_11_13,킹 오브 타워
5,2019_11_13,Crazy Shopping
6,2019_11_13,콜 오브 듀티: 모바일
7,2019_11_13,Sky Roller
8,2019_11_13,마기아 : 카르마 사가
9,2019_11_13,무한의 계단
10,2019_11_13,Icing On The Cake
11,2019_11_13,라이즈 오브 킹덤즈
12,2019_11_13,DX : 신 세기의 전쟁
13,2019_11_13,Zipline Valley - 물리학 퍼즐 게임
14,2019_11_13,브롤스타즈
15,2019_11_13,로드 크래쉬
16,2019_11_13,무한의 농장
17,2019_11_13,꽃피는 달빛
18,2019_11_13,워드퍼즐 - 단어 게임
19,2019_11_13,기적의 검
20,2019_11_13,꿈의 집 (Homescapes)
21,2019_11_13,질풍닌자전
22,2019_11_13,Drop & Smash
23,2019_11_13,ROBLOX
24,2019_11_13,꿈의 마을 (Township)
25,2019_11_13,히어로즈 스트라이크
26,2019_11_13,Perfect Slices
27,2019_11_13,Granny Legend
28,2019_11_13,펭귄의 섬
29,2019_11_13,배틀그라운드
30,2019_11_13,톰 오브 더 마스크: 컬러
31,2019_11_13,꿈의 정원 (Gardenscapes)
32,2019_11_13,Run Race 3D
33,2019_11_13,Pokémon GO
34,2019_11_13,궁수의 전설
35,2019_11_13,바이러스 워 - 우주 슈팅 게임
36,2019_11_13,Sand Balls
37,2019_11_13,Minecraft 체험판
38,2019_11_13,테니스 클래시: 3D 스포츠 - 무료 멀티플레이어 게임
39,2019_11_13,Cool Goal!
40,2019_11_13,Puzzle Fuzzle
41,2019_11_13,클래시 로얄
42,2019_11_13,해양 유목민 - 뗏목 생존: Survival on Raft - Ocean Nomad
43,2019_11_13,쿠키런: 오븐브레이크
44,2019_11_13,Robot Clash
45,2019_11_13,Fun Race 3D
46,2019_11_13,Draw Around
47,2019_11_13,Mr Bullet - 스파이 퍼즐
48,2019_11_13,Rider
49,2019_11_13,달빛조각사
50,2019_11_13,솔리테르 트라이픽스: 팜 어드벤처
51,2019_11_13,Magic Tiles 3
52,2019_11_13,삼국지 오리진
53,2019_11_13,로그의 전설
54,2019_11_13,신강호
55,2019_11_13,피망 뉴맞고 : 고스톱으로 대한민국 1등
56,2019_11_13,로얄 다이스(Royal Dice) : 랜덤 디펜스
57,2019_11_13,보틀 점프 3D
58,2019_11_13,지오메트리 대시 라이트 (Geometry Dash L)
59,2019_11_13,매직 직소 퍼즐
60,2019_11_13,Dancing Road: Color Ball Run!
61,2019_11_13,롤링 스카이
62,2019_11_13,Gang Clash
63,2019_11_13,Paper.io 2
64,2019_11_13,판타지타운
65,2019_11_13,Piano Tiles 2™
66,2019_11_13,스도쿠 - 무료 클래식 스도쿠 퍼즐
67,2019_11_13,블록 퍼즐
68,2019_11_13,이터:던전의 포식자
69,2019_11_13,aquapark.io
70,2019_11_13,토킹톰 골드런
71,2019_11_13,Perfect Paint
72,2019_11_13,Collect Cubes
73,2019_11_13,그래니를 잡아라
74,2019_11_13,신비아파트 고스트헌터
75,2019_11_13,리치리치
76,2019_11_13,Square Bird
77,2019_11_13,Supreme Duelist Stickman
78,2019_11_13,토킹톰 히어로 대시
79,2019_11_13,햄스터 타운 - 당신이 원하는 힐링 두뇌 퍼즐 게임 - 햄스터 타운! 심쿵사 주의
80,2019_11_13,브롤 스타즈 상자깡 버그판 마인크래프트 게임 고양이 Brawl Stars
81,2019_11_13,Wrecking Ball
82,2019_11_13,Draw it
83,2019_11_13,Color Saw 3D
84,2019_11_13,Ball Jump
85,2019_11_13,쿠키런 for Kakao
86,2019_11_13,Tasty Planet Forever
87,2019_11_13,Happy Glass
88,2019_11_13,Crowd City
89,2019_11_13,Empires & Puzzles: RPG Quest
90,2019_11_13,도끼.io
91,2019_11_13,Minecraft Earth
92,2019_11_13,"좋은 피자, 위대한 피자"
93,2019_11_13,1945
94,2019_11_13,좀비고등학교
95,2019_11_13,Hero Wars
96,2019_11_13,동물극장 - 귀여운 동물들과 영화보며 힐링
97,2019_11_13,익스트림풋볼:3대3 멀티 축구
98,2019_11_13,Ink Inc. - Tattoo Tycoon
99,2019_11_13,OX 퀴즈 서바이벌 100
100,2019_11_13,3차원 채우기 (Fill in 3D)
