﻿rank,date,name
1,2019_11_07,V4
2,2019_11_07,Brain Out – 가장 어색한 게임
3,2019_11_07,Rescue Cut - Rope Puzzle
4,2019_11_07,DX : 신 세기의 전쟁
5,2019_11_07,Icing On The Cake
6,2019_11_07,킹 오브 타워
7,2019_11_07,Crazy Shopping
8,2019_11_07,콜 오브 듀티: 모바일
9,2019_11_07,신강호
10,2019_11_07,Zipline Valley - 물리학 퍼즐 게임
11,2019_11_07,라이즈 오브 킹덤즈
12,2019_11_07,Drop & Smash
13,2019_11_07,로드 크래쉬
14,2019_11_07,무한의 계단
15,2019_11_07,Marbleous!
16,2019_11_07,브롤스타즈
17,2019_11_07,히어로즈 스트라이크
18,2019_11_07,무한의 농장
19,2019_11_07,꿈의 집 (Homescapes)
20,2019_11_07,Granny Legend
21,2019_11_07,기적의 검
22,2019_11_07,리치리치
23,2019_11_07,질풍닌자전
24,2019_11_07,Hero Wars
25,2019_11_07,꿈의 마을 (Township)
26,2019_11_07,Sky Roller
27,2019_11_07,톰 오브 더 마스크: 컬러
28,2019_11_07,배틀그라운드
29,2019_11_07,오늘도 환생
30,2019_11_07,꿈의 정원 (Gardenscapes)
31,2019_11_07,Kick the Buddy: Forever
32,2019_11_07,Puzzle Fuzzle
33,2019_11_07,워드퍼즐 - 단어 게임
34,2019_11_07,Minecraft Earth
35,2019_11_07,꽃피는 달빛
36,2019_11_07,Draw Around
37,2019_11_07,Collect Cubes
38,2019_11_07,궁수의 전설
39,2019_11_07,피망 뉴맞고 : 고스톱으로 대한민국 1등
40,2019_11_07,Perfect Paint
41,2019_11_07,Block Puzzle Universe
42,2019_11_07,Perfect Slices
43,2019_11_07,쿠키런: 오븐브레이크
44,2019_11_07,달빛조각사
45,2019_11_07,매직 직소 퍼즐
46,2019_11_07,Sand Balls
47,2019_11_07,펭귄의 섬
48,2019_11_07,Magic Tiles 3
49,2019_11_07,ROBLOX
50,2019_11_07,Minecraft 체험판
51,2019_11_07,Fun Race 3D
52,2019_11_07,테니스 클래시: 3D 스포츠 - 무료 멀티플레이어 게임
53,2019_11_07,바이러스 워 - 우주 슈팅 게임
54,2019_11_07,로얄 다이스(Royal Dice) : 랜덤 디펜스
55,2019_11_07,클래시 로얄
56,2019_11_07,해양 유목민 - 뗏목 생존: Survival on Raft - Ocean Nomad
57,2019_11_07,익스트림풋볼:3대3 멀티 축구
58,2019_11_07,Rider
59,2019_11_07,동물극장 - 귀여운 동물들과 영화보며 힐링
60,2019_11_07,용사식당
61,2019_11_07,Mr Bullet - 스파이 퍼즐
62,2019_11_07,지오메트리 대시 라이트 (Geometry Dash L)
63,2019_11_07,Empires & Puzzles: RPG Quest
64,2019_11_07,Rolling Domino
65,2019_11_07,Cool Goal!
66,2019_11_07,스도쿠 - 무료 클래식 스도쿠 퍼즐
67,2019_11_07,1945
68,2019_11_07,Wrecking Ball
69,2019_11_07,롤링 스카이
70,2019_11_07,세인트 세이야 : 각성
71,2019_11_07,aquapark.io
72,2019_11_07,이터:던전의 포식자
73,2019_11_07,I Peel Good
74,2019_11_07,Dancing Road: Color Ball Run!
75,2019_11_07,데이트 어 라이브: 다시 만난 정령
76,2019_11_07,3차원 채우기 (Fill in 3D)
77,2019_11_07,봉인의서
78,2019_11_07,Piano Tiles 2™
79,2019_11_07,Supreme Duelist Stickman
80,2019_11_07,토킹톰 골드런
81,2019_11_07,Paper.io 2
82,2019_11_07,삼국지 오리진
83,2019_11_07,Gang Clash
84,2019_11_07,브롤 스타즈 상자깡 버그판 마인크래프트 게임 고양이 Brawl Stars
85,2019_11_07,완미세계
86,2019_11_07,Zooba - 동물원 배틀 아레나
87,2019_11_07,좀비고등학교
88,2019_11_07,블록 퍼즐
89,2019_11_07,Run Race 3D
90,2019_11_07,피망 섯다
91,2019_11_07,Mahjong City Tours
92,2019_11_07,토킹톰 히어로 대시
93,2019_11_07,Happy Glass
94,2019_11_07,Color Saw 3D
95,2019_11_07,Nonogram.com - 픽처 크로스 퍼즐 게임
96,2019_11_07,Color Fill 3D
97,2019_11_07,Rummikub
98,2019_11_07,일반상식 퀴즈. 무료 퀴즈 게임: QuizzLand
99,2019_11_07,스택 볼 - 플랫폼을 다 뚫어버리세요 
100,2019_11_07,쿠키런 for Kakao
