﻿rank,date,name
1,2019_10_07,도시어부M
2,2019_10_07,Mario Kart Tour
3,2019_10_07,콜 오브 듀티: 모바일
4,2019_10_07,Brain Out – 가장 어색한 게임
5,2019_10_07,라이즈 오브 킹덤즈
6,2019_10_07,신의 연대기-신규서버오픈
7,2019_10_07,올스타 스매시
8,2019_10_07,신강호
9,2019_10_07,Color Saw 3D
10,2019_10_07,Dinosaur Rampage
11,2019_10_07,Cool Goal!
12,2019_10_07,워드퍼즐 - 단어 게임
13,2019_10_07,I Peel Good
14,2019_10_07,Idle Stickman
15,2019_10_07,브롤스타즈
16,2019_10_07,쌍삼국지
17,2019_10_07,Puzzle Fuzzle
18,2019_10_07,오늘도 우라라 원시 헌팅 라이프
19,2019_10_07,리치리치
20,2019_10_07,Stop them ALL !
21,2019_10_07,기적의 검
22,2019_10_07,Square Bird
23,2019_10_07,이터:던전의 포식자
24,2019_10_07,바이러스 워 - 우주 슈팅 게임
25,2019_10_07,궁수의 전설
26,2019_10_07,꿈의 집 (Homescapes)
27,2019_10_07,무한의 계단
28,2019_10_07,배틀그라운드
29,2019_10_07,꿈의 정원 (Gardenscapes)
30,2019_10_07,Sand Balls
31,2019_10_07,동물의 집
32,2019_10_07,Zipline Valley - 물리학 퍼즐 게임
33,2019_10_07,Perfect Slices
34,2019_10_07,피망 뉴맞고 : 고스톱으로 대한민국 1등
35,2019_10_07,Mr Bullet - 스파이 퍼즐
36,2019_10_07,Marbleous!
37,2019_10_07,꿈의 마을 (Township)
38,2019_10_07,Fun Race 3D
39,2019_10_07,aquapark.io
40,2019_10_07,ROBLOX
41,2019_10_07,Color Fill 3D
42,2019_10_07,쿵야 캐치마인드
43,2019_10_07,피망 섯다
44,2019_10_07,Minecraft 체험판
45,2019_10_07,The Real Juggle
46,2019_10_07,Granny Legend
47,2019_10_07,클래시 로얄
48,2019_10_07,피츠메이커
49,2019_10_07,슈퍼펭귄 (Super Penguins)
50,2019_10_07,"좋은 피자, 위대한 피자"
51,2019_10_07,1945
52,2019_10_07,좀비고등학교
53,2019_10_07,Wrecking Ball
54,2019_10_07,스나이퍼 3D 어쌔신: 무료 슈팅 게임 (Sniper 3D Assassin)
55,2019_10_07,Rider
56,2019_10_07,Run Race 3D
57,2019_10_07,Polysphere
58,2019_10_07,Magic Tiles 3
59,2019_10_07,Rummikub
60,2019_10_07,Crowd City
61,2019_10_07,도끼.io
62,2019_10_07,Kick the Buddy
63,2019_10_07,신비아파트 고스트헌터
64,2019_10_07,토킹톰 골드런
65,2019_10_07,Empires & Puzzles: RPG Quest
66,2019_10_07,에오스 레드
67,2019_10_07,토킹톰 히어로 대시
68,2019_10_07,쿠키런: 오븐브레이크
69,2019_10_07,항로:새로운 시대
70,2019_10_07,지오메트리 대시 라이트 (Geometry Dash L)
71,2019_10_07,바운스볼
72,2019_10_07,아스팔트 9: 레전드- 2019 액션 카 레이싱 게임
73,2019_10_07,Hungry Shark Evolution
74,2019_10_07,Knives Crash
75,2019_10_07,보스레이브
76,2019_10_07,Paper.io 2
77,2019_10_07,Merge Magic!
78,2019_10_07,Supreme Duelist Stickman
79,2019_10_07,Bottle Flip 3D
80,2019_10_07,마피아42
81,2019_10_07,요리중독: 미치게 빠르고 레스토랑 요리 게임
82,2019_10_07,용사식당
83,2019_10_07,한게임 신맞고 : 대한민국 원조 고스톱
84,2019_10_07,아웃로 - 실시간 슈팅
85,2019_10_07,Jelly Shift
86,2019_10_07,Hole.io
87,2019_10_07,왕국건설 스토리
88,2019_10_07,해양 유목민 - 뗏목 생존: Survival on Raft - Ocean Nomad
89,2019_10_07,Soul Knight
90,2019_10_07,햄스터 타운 - 당신이 원하는 힐링 두뇌 퍼즐 게임 - 햄스터 타운! 심쿵사 주의
91,2019_10_07,"피망 포커: 카지노 로얄 (7포커, 로우바둑이, 하이로우)"
92,2019_10_07,FIFA ONLINE 4 M by EA SPORTS™
93,2019_10_07,maybe-메이비:내가 만드는 이야기
94,2019_10_07,펭귄의 섬
95,2019_10_07,스페이스 슈터: 외계인 슈팅게임
96,2019_10_07,한게임 포커
97,2019_10_07,파이널레이드
98,2019_10_07,오목의 달인
99,2019_10_07,프렌즈레이싱
100,2019_10_07,낚시 클래시: 스포츠 낚시 게임 (Fishing Clash)
