﻿rank,date,name
1,2019_10_15,Brain Out – 가장 어색한 게임
2,2019_10_15,달빛조각사
3,2019_10_15,콜 오브 듀티: 모바일
4,2019_10_15,세레스M
5,2019_10_15,라이즈 오브 킹덤즈
6,2019_10_15,Wrecking Ball
7,2019_10_15,브롤스타즈
8,2019_10_15,소울아크: 리부트
9,2019_10_15,신의 연대기-신규서버오픈
10,2019_10_15,Dinosaur Rampage
11,2019_10_15,Square Bird
12,2019_10_15,Bouncemasters!
13,2019_10_15,무한의 계단
14,2019_10_15,Perfect Slices
15,2019_10_15,Icing On The Cake
16,2019_10_15,Mario Kart Tour
17,2019_10_15,디지몬 리얼라이즈 -Digimon ReArise-
18,2019_10_15,도시어부M
19,2019_10_15,워드퍼즐 - 단어 게임
20,2019_10_15,펭귄의 섬
21,2019_10_15,기적의 검
22,2019_10_15,궁수의 전설
23,2019_10_15,Puzzle Fuzzle
24,2019_10_15,Cool Goal!
25,2019_10_15,I Peel Good
26,2019_10_15,꿈의 집 (Homescapes)
27,2019_10_15,배틀그라운드
28,2019_10_15,올스타 스매시
29,2019_10_15,3차원 채우기 (Fill in 3D)
30,2019_10_15,Magic Tiles 3
31,2019_10_15,The Real Juggle
32,2019_10_15,꿈의 정원 (Gardenscapes)
33,2019_10_15,1945
34,2019_10_15,Sand Balls
35,2019_10_15,신비아파트 고스트헌터
36,2019_10_15,이터:던전의 포식자
37,2019_10_15,오늘도 우라라 원시 헌팅 라이프
38,2019_10_15,ROBLOX
39,2019_10_15,Mr Bullet - 스파이 퍼즐
40,2019_10_15,장기2.0
41,2019_10_15,Color Saw 3D
42,2019_10_15,Zipline Valley - 물리학 퍼즐 게임
43,2019_10_15,aquapark.io
44,2019_10_15,바이러스 워 - 우주 슈팅 게임
45,2019_10_15,Granny Legend
46,2019_10_15,Paper.io 2
47,2019_10_15,Fun Race 3D
48,2019_10_15,좀비고등학교
49,2019_10_15,숨바꼭질 온라인 - 실시간 숨바꼭질
50,2019_10_15,피츠메이커
51,2019_10_15,Zooba - 동물원 배틀 아레나
52,2019_10_15,Minecraft 체험판
53,2019_10_15,세븐나이츠
54,2019_10_15,장기의 달인
55,2019_10_15,피망 뉴맞고 : 고스톱으로 대한민국 1등
56,2019_10_15,클래시 로얄
57,2019_10_15,꿈의 마을 (Township)
58,2019_10_15,Rider
59,2019_10_15,토킹톰 골드런
60,2019_10_15,햄스터 타운 - 당신이 원하는 힐링 두뇌 퍼즐 게임 - 햄스터 타운! 심쿵사 주의
61,2019_10_15,Kick the Buddy: Forever
62,2019_10_15,Hole.io
63,2019_10_15,Crowd City
64,2019_10_15,지오메트리 대시 라이트 (Geometry Dash L)
65,2019_10_15,Run Race 3D
66,2019_10_15,Color Fill 3D
67,2019_10_15,"Numpuz: Classic Number Games, Num Riddle Puzzle"
68,2019_10_15,Rummikub
69,2019_10_15,Happy Glass
70,2019_10_15,Robot Clash
71,2019_10_15,왕국건설 스토리
72,2019_10_15,리치리치
73,2019_10_15,슈퍼펭귄 (Super Penguins)
74,2019_10_15,보스레이브
75,2019_10_15,Rope Slash
76,2019_10_15,해양 유목민 - 뗏목 생존: Survival on Raft - Ocean Nomad
77,2019_10_15,마피아42
78,2019_10_15,Empires & Puzzles: RPG Quest
79,2019_10_15,Nonogram.com - 픽처 크로스 퍼즐 게임
80,2019_10_15,아스팔트 9: 레전드- 2019 액션 카 레이싱 게임
81,2019_10_15,토킹톰 히어로 대시
82,2019_10_15,Bottle Flip 3D
83,2019_10_15,무한의 농장
84,2019_10_15,"Happy Color – 컬러링북, 숫자 색칠 게임"
85,2019_10_15,Line Color 3D
86,2019_10_15,쿠키런: 오븐브레이크
87,2019_10_15,Granny: Chapter Two
88,2019_10_15,Dancing Road: Color Ball Run!
89,2019_10_15,Draw it
90,2019_10_15,동물의 집
91,2019_10_15,Marbleous!
92,2019_10_15,피망 섯다
93,2019_10_15,롤링 스카이
94,2019_10_15,Jelly Shift
95,2019_10_15,"좋은 피자, 위대한 피자"
96,2019_10_15,Kick the Buddy
97,2019_10_15,Two Dots
98,2019_10_15,타워 브레이커(Tower Breaker) - 신의 탑 부수기
99,2019_10_15,Partymasters - Fun Idle Game
100,2019_10_15,도끼.io
