﻿rank,date,name
1,2019_11_06,Brain Out – 가장 어색한 게임
2,2019_11_06,Rescue Cut - Rope Puzzle
3,2019_11_06,Icing On The Cake
4,2019_11_06,DX : 신 세기의 전쟁
5,2019_11_06,Zipline Valley - 물리학 퍼즐 게임
6,2019_11_06,Crazy Shopping
7,2019_11_06,신강호
8,2019_11_06,콜 오브 듀티: 모바일
9,2019_11_06,로드 크래쉬
10,2019_11_06,킹 오브 타워
11,2019_11_06,무한의 계단
12,2019_11_06,Drop & Smash
13,2019_11_06,라이즈 오브 킹덤즈
14,2019_11_06,브롤스타즈
15,2019_11_06,Marbleous!
16,2019_11_06,리치리치
17,2019_11_06,톰 오브 더 마스크: 컬러
18,2019_11_06,꿈의 집 (Homescapes)
19,2019_11_06,Collect Cubes
20,2019_11_06,Draw Around
21,2019_11_06,기적의 검
22,2019_11_06,배틀그라운드
23,2019_11_06,Granny Legend
24,2019_11_06,완미세계
25,2019_11_06,히어로즈 스트라이크
26,2019_11_06,동물극장 - 귀여운 동물들과 영화보며 힐링
27,2019_11_06,무한의 농장
28,2019_11_06,데이트 어 라이브: 다시 만난 정령
29,2019_11_06,Minecraft Earth
30,2019_11_06,꿈의 정원 (Gardenscapes)
31,2019_11_06,Kick the Buddy: Forever
32,2019_11_06,쿠키런: 오븐브레이크
33,2019_11_06,Puzzle Fuzzle
34,2019_11_06,꿈의 마을 (Township)
35,2019_11_06,Hero Wars
36,2019_11_06,꽃피는 달빛
37,2019_11_06,Sand Balls
38,2019_11_06,달빛조각사
39,2019_11_06,클래시 로얄
40,2019_11_06,Perfect Paint
41,2019_11_06,Rider
42,2019_11_06,테니스 클래시: 3D 스포츠 - 무료 멀티플레이어 게임
43,2019_11_06,Perfect Slices
44,2019_11_06,Magic Tiles 3
45,2019_11_06,Minecraft 체험판
46,2019_11_06,ROBLOX
47,2019_11_06,워드퍼즐 - 단어 게임
48,2019_11_06,Block Puzzle Universe
49,2019_11_06,매직 직소 퍼즐
50,2019_11_06,궁수의 전설
51,2019_11_06,Empires & Puzzles: RPG Quest
52,2019_11_06,펭귄의 섬
53,2019_11_06,로얄 다이스(Royal Dice) : 랜덤 디펜스
54,2019_11_06,Fun Race 3D
55,2019_11_06,바이러스 워 - 우주 슈팅 게임
56,2019_11_06,해양 유목민 - 뗏목 생존: Survival on Raft - Ocean Nomad
57,2019_11_06,세인트 세이야 : 각성
58,2019_11_06,질풍닌자전
59,2019_11_06,Rolling Domino
60,2019_11_06,Paper.io 2
61,2019_11_06,토킹톰 히어로 대시
62,2019_11_06,브롤 스타즈 상자깡 버그판 마인크래프트 게임 고양이 Brawl Stars
63,2019_11_06,Wrecking Ball
64,2019_11_06,I Peel Good
65,2019_11_06,aquapark.io
66,2019_11_06,롤링 스카이
67,2019_11_06,지오메트리 대시 라이트 (Geometry Dash L)
68,2019_11_06,Cool Goal!
69,2019_11_06,피망 뉴맞고 : 고스톱으로 대한민국 1등
70,2019_11_06,Mr Bullet - 스파이 퍼즐
71,2019_11_06,놈 플랜트
72,2019_11_06,1945
73,2019_11_06,Run Race 3D
74,2019_11_06,Happy Glass
75,2019_11_06,익스트림풋볼:3대3 멀티 축구
76,2019_11_06,"좋은 피자, 위대한 피자"
77,2019_11_06,Dancing Road: Color Ball Run!
78,2019_11_06,3차원 채우기 (Fill in 3D)
79,2019_11_06,용사식당
80,2019_11_06,스도쿠 - 무료 클래식 스도쿠 퍼즐
81,2019_11_06,슈퍼펭귄 (Super Penguins)
82,2019_11_06,토킹톰 골드런
83,2019_11_06,Nonogram.com - 픽처 크로스 퍼즐 게임
84,2019_11_06,스택 볼 - 플랫폼을 다 뚫어버리세요 
85,2019_11_06,Piano Tiles 2™
86,2019_11_06,Zooba - 동물원 배틀 아레나
87,2019_11_06,Pokémon GO
88,2019_11_06,좀비고등학교
89,2019_11_06,Color Fill 3D
90,2019_11_06,메탈슬러그 인피니티 - 방치형 RPG
91,2019_11_06,오늘도 우라라 원시 헌팅 라이프
92,2019_11_06,무한의 기차
93,2019_11_06,King of Avalon: 전략 멀티 플레이어 전쟁 | 드래곤 전쟁
94,2019_11_06,Gang Clash
95,2019_11_06,Mario Kart Tour
96,2019_11_06,Supreme Duelist Stickman
97,2019_11_06,Rummikub
98,2019_11_06,Sky Roller
99,2019_11_06,Bouncemasters!
100,2019_11_06,이터:던전의 포식자
