﻿rank,date,name
1,2019_09_22,신강호
2,2019_09_22,라이즈 오브 킹덤즈
3,2019_09_22,쌍삼국지
4,2019_09_22,Dinosaur Rampage
5,2019_09_22,리치리치
6,2019_09_22,미친소녀
7,2019_09_22,비천무협
8,2019_09_22,Cool Goal!
9,2019_09_22,오늘도 우라라 원시 헌팅 라이프
10,2019_09_22,브롤스타즈
11,2019_09_22,올스타 스매시
12,2019_09_22,워드퍼즐 - 단어 게임
13,2019_09_22,동물의 집
14,2019_09_22,기적의 검
15,2019_09_22,Puzzle Fuzzle
16,2019_09_22,I Peel Good
17,2019_09_22,배틀그라운드
18,2019_09_22,Perfect Slices
19,2019_09_22,Sand Balls
20,2019_09_22,Square Bird
21,2019_09_22,꿈의 집 (Homescapes)
22,2019_09_22,궁수의 전설
23,2019_09_22,쿵야 캐치마인드
24,2019_09_22,무한의 계단
25,2019_09_22,Fun Race 3D
26,2019_09_22,피망 뉴맞고 : 고스톱으로 대한민국 1등
27,2019_09_22,Mr Bullet - 스파이 퍼즐
28,2019_09_22,으라차차 돌격 라그나로크
29,2019_09_22,ROBLOX
30,2019_09_22,바이러스 워 - 우주 슈팅 게임
31,2019_09_22,꿈의 정원 (Gardenscapes)
32,2019_09_22,aquapark.io
33,2019_09_22,피망 섯다
34,2019_09_22,Rummikub
35,2019_09_22,Granny Legend
36,2019_09_22,보스레이브
37,2019_09_22,Minecraft 체험판
38,2019_09_22,에오스 레드
39,2019_09_22,브롤 스타즈 상자깡 버그판 마인크래프트 게임 고양이 Brawl Stars
40,2019_09_22,Crowd City
41,2019_09_22,좀비고등학교
42,2019_09_22,Granny: Chapter Two
43,2019_09_22,햄스터 타운 - 당신이 원하는 힐링 두뇌 퍼즐 게임 - 햄스터 타운! 심쿵사 주의
44,2019_09_22,토킹톰 히어로 대시
45,2019_09_22,토킹톰 골드런
46,2019_09_22,Empires & Puzzles: RPG Quest
47,2019_09_22,1945
48,2019_09_22,Magic Tiles 3
49,2019_09_22,아스팔트 9: 레전드- 2019 액션 카 레이싱 게임
50,2019_09_22,클래시 로얄
51,2019_09_22,꿈의 마을 (Township)
52,2019_09_22,슈퍼펭귄 (Super Penguins)
53,2019_09_22,마피아42
54,2019_09_22,Color Fill 3D
55,2019_09_22,스타쉽 배틀
56,2019_09_22,스나이퍼 3D 어쌔신: 무료 슈팅 게임 (Sniper 3D Assassin)
57,2019_09_22,Bottle Flip 3D
58,2019_09_22,한게임 신맞고 : 대한민국 원조 고스톱
59,2019_09_22,신비아파트 고스트헌터
60,2019_09_22,Popcorn Burst
61,2019_09_22,Rider
62,2019_09_22,나선영웅전
63,2019_09_22,"좋은 피자, 위대한 피자"
64,2019_09_22,프렌즈레이싱
65,2019_09_22,지오메트리 대시 라이트 (Geometry Dash L)
66,2019_09_22,Run Race 3D
67,2019_09_22,아기 팬더: 공주 메이크업
68,2019_09_22,한게임 포커
69,2019_09_22,도끼.io
70,2019_09_22,쿠키런: 오븐브레이크
71,2019_09_22,"피망 포커: 카지노 로얄 (7포커, 로우바둑이, 하이로우)"
72,2019_09_22,Zipline Valley - 물리학 퍼즐 게임
73,2019_09_22,모두의마블
74,2019_09_22,Jelly Shift
75,2019_09_22,가온:신규서버오픈
76,2019_09_22,롤링 스카이
77,2019_09_22,Pokémon GO
78,2019_09_22,라스트 쉘터 (Last Shelter: Survival)
79,2019_09_22,Tank Stars
80,2019_09_22,의지의 히어로
81,2019_09_22,냥코 대전쟁
82,2019_09_22,갤럭시 슈터 - 팔콘 스쿼드 - 외계인 슈팅게임
83,2019_09_22,스페이스 슈터: 외계인 슈팅게임
84,2019_09_22,로드 모바일: 제국의 전쟁 - MMORPG
85,2019_09_22,Supreme Duelist Stickman
86,2019_09_22,마이토킹톰 2
87,2019_09_22,"Happy Color – 컬러링북, 숫자 색칠 게임"
88,2019_09_22,우주 전쟁: 외계인들의 공격
89,2019_09_22,FIFA ONLINE 4 M by EA SPORTS™
90,2019_09_22,낚시 클래시: 스포츠 낚시 게임 (Fishing Clash)
91,2019_09_22,삼국지 오리진
92,2019_09_22,maybe-메이비:내가 만드는 이야기
93,2019_09_22,Line Color 3D
94,2019_09_22,라이더 마스터 - 무료 모토 레이싱 게임
95,2019_09_22,배구 스포츠 게임
96,2019_09_22,진짜 총알
97,2019_09_22,Tiles Hop: EDM Rush!
98,2019_09_22,Polysphere
99,2019_09_22,Happy Glass
100,2019_09_22,Paper.io 2
