﻿rank,date,name
1,2019_09_18,라이즈 오브 킹덤즈
2,2019_09_18,리치리치
3,2019_09_18,비천무협
4,2019_09_18,오늘도 우라라 원시 헌팅 라이프
5,2019_09_18,원정
6,2019_09_18,Cool Goal!
7,2019_09_18,브롤스타즈
8,2019_09_18,꿈의 집 (Homescapes)
9,2019_09_18,쿵야 캐치마인드
10,2019_09_18,Perfect Slices
11,2019_09_18,배틀그라운드
12,2019_09_18,동물의 집
13,2019_09_18,Sand Balls
14,2019_09_18,워드퍼즐 - 단어 게임
15,2019_09_18,Mr Bullet - 스파이 퍼즐
16,2019_09_18,궁수의 전설
17,2019_09_18,기적의 검
18,2019_09_18,aquapark.io
19,2019_09_18,피망 뉴맞고 : 고스톱으로 대한민국 1등
20,2019_09_18,Fun Race 3D
21,2019_09_18,꿈의 정원 (Gardenscapes)
22,2019_09_18,Rummikub
23,2019_09_18,ROBLOX
24,2019_09_18,무한의 계단
25,2019_09_18,Color Fill 3D
26,2019_09_18,Crowd City
27,2019_09_18,한게임 신맞고 : 대한민국 원조 고스톱
28,2019_09_18,피망 섯다
29,2019_09_18,스나이퍼 3D 어쌔신: 무료 슈팅 게임 (Sniper 3D Assassin)
30,2019_09_18,꿈의 마을 (Township)
31,2019_09_18,Jelly Shift
32,2019_09_18,Popcorn Burst
33,2019_09_18,삼국지 디펜스M
34,2019_09_18,Minecraft 체험판
35,2019_09_18,모두의마블
36,2019_09_18,신비아파트 고스트헌터
37,2019_09_18,Granny Legend
38,2019_09_18,좀비고등학교
39,2019_09_18,토킹톰 히어로 대시
40,2019_09_18,롤링 스카이
41,2019_09_18,토킹톰 골드런
42,2019_09_18,벽돌깨기 퀘스트
43,2019_09_18,Run Race 3D
44,2019_09_18,에오스 레드
45,2019_09_18,Bottle Flip 3D
46,2019_09_18,마피아42
47,2019_09_18,1945
48,2019_09_18,Tank Stars
49,2019_09_18,Happy Glass
50,2019_09_18,브롤 스타즈 상자깡 버그판 마인크래프트 게임 고양이 Brawl Stars
51,2019_09_18,Paper.io 2
52,2019_09_18,Empires & Puzzles: RPG Quest
53,2019_09_18,보스레이브
54,2019_09_18,Dinosaur Rampage
55,2019_09_18,슈퍼펭귄 (Super Penguins)
56,2019_09_18,라플라스M
57,2019_09_18,"좋은 피자, 위대한 피자"
58,2019_09_18,아스팔트 9: 레전드- 2019 액션 카 레이싱 게임
59,2019_09_18,Granny: Chapter Two
60,2019_09_18,프렌즈레이싱
61,2019_09_18,클래시 로얄
62,2019_09_18,삼국지 오리진
63,2019_09_18,Polysphere
64,2019_09_18,Piano Tiles 2™
65,2019_09_18,Rider
66,2019_09_18,Magic Tiles 3
67,2019_09_18,"Happy Color – 컬러링북, 숫자 색칠 게임"
68,2019_09_18,아기 팬더: 공주 메이크업
69,2019_09_18,"피망 포커: 카지노 로얄 (7포커, 로우바둑이, 하이로우)"
70,2019_09_18,Draw it
71,2019_09_18,다운블레이드(DownBlade)
72,2019_09_18,쿠키런: 오븐브레이크
73,2019_09_18,Dream Piano - Music Game
74,2019_09_18,한게임 포커
75,2019_09_18,바이러스 워 - 우주 슈팅 게임
76,2019_09_18,Kick the Buddy: Forever
77,2019_09_18,미친소녀
78,2019_09_18,갤럭시 슈터 - 팔콘 스쿼드 - 외계인 슈팅게임
79,2019_09_18,미로 온라인 - 실시간 미로탈출
80,2019_09_18,지오메트리 대시 라이트 (Geometry Dash L)
81,2019_09_18,Shadow of Death: 다크니스 RPG - 지금 싸움을
82,2019_09_18,Pokémon Masters
83,2019_09_18,냥코 대전쟁
84,2019_09_18,가온:신규서버오픈
85,2019_09_18,로드 모바일: 제국의 전쟁 - MMORPG
86,2019_09_18,도끼.io
87,2019_09_18,Wrecking Ball
88,2019_09_18,FIFA ONLINE 4 M by EA SPORTS™
89,2019_09_18,Bouncemasters!
90,2019_09_18,OnPipe
91,2019_09_18,Snowball.io
92,2019_09_18,Pokémon GO
93,2019_09_18,Swing Star
94,2019_09_18,의지의 히어로
95,2019_09_18,모바일 레전드: Bang Bang
96,2019_09_18,마이토킹톰 2
97,2019_09_18,Auto Chess
98,2019_09_18,우주 전쟁: 외계인들의 공격
99,2019_09_18,숨바꼭질 온라인 - 실시간 숨바꼭질
100,2019_09_18,스페이스 슈터: 외계인 슈팅게임
