﻿rank,date,name
1,2019_09_08,Cool Goal!
2,2019_09_08,Perfect Slices
3,2019_09_08,라이즈 오브 킹덤즈
4,2019_09_08,Sand Balls
5,2019_09_08,꿈의 정원 (Gardenscapes)
6,2019_09_08,브롤스타즈
7,2019_09_08,Mr Bullet - 스파이 퍼즐
8,2019_09_08,궁수의 전설
9,2019_09_08,aquapark.io
10,2019_09_08,Hoop Stars
11,2019_09_08,쿵야 캐치마인드
12,2019_09_08,Fun Race 3D
13,2019_09_08,꿈의 집 (Homescapes)
14,2019_09_08,ROBLOX
15,2019_09_08,Wrecking Ball
16,2019_09_08,원정
17,2019_09_08,배틀그라운드
18,2019_09_08,Minecraft 체험판
19,2019_09_08,토킹톰 히어로 대시
20,2019_09_08,Jelly Shift
21,2019_09_08,무한의 계단
22,2019_09_08,꿈의 마을 (Township)
23,2019_09_08,Amazing PG Frog Simulator
24,2019_09_08,보스레이브
25,2019_09_08,Traffic Run!
26,2019_09_08,Sandwich!
27,2019_09_08,클래식 어드벤처
28,2019_09_08,Run Race 3D
29,2019_09_08,Happy Glass
30,2019_09_08,Color Fill 3D
31,2019_09_08,Crowd City
32,2019_09_08,스나이퍼 3D 어쌔신: 무료 슈팅 게임 (Sniper 3D Assassin)
33,2019_09_08,토킹톰 골드런
34,2019_09_08,Bottle Flip 3D
35,2019_09_08,요괴미식가:Cook&Life
36,2019_09_08,OnPipe
37,2019_09_08,Paper.io 2
38,2019_09_08,브롤 스타즈 상자깡 버그판 마인크래프트 게임 고양이 Brawl Stars
39,2019_09_08,신비아파트 고스트헌터
40,2019_09_08,바이러스 워 - 우주 슈팅 게임
41,2019_09_08,아기 팬더: 공주 메이크업
42,2019_09_08,Snowball.io
43,2019_09_08,Pokémon Masters
44,2019_09_08,벽돌깨기 퀘스트
45,2019_09_08,1945
46,2019_09_08,롤링 스카이
47,2019_09_08,Neon Splash
48,2019_09_08,Blade Master - Mini Action RPG Game
49,2019_09_08,Rider
50,2019_09_08,클래시 로얄
51,2019_09_08,스페이스 슈터: 외계인 슈팅게임
52,2019_09_08,도끼.io
53,2019_09_08,마이토킹톰 2
54,2019_09_08,갤럭시 슈터 - 팔콘 스쿼드 - 외계인 슈팅게임
55,2019_09_08,좀비고등학교
56,2019_09_08,프렌즈레이싱
57,2019_09_08,"Numpuz: Classic Number Games, Num Riddle Puzzle"
58,2019_09_08,슈퍼펭귄 (Super Penguins)
59,2019_09_08,숨바꼭질 온라인 - 실시간 숨바꼭질
60,2019_09_08,"좋은 피자, 위대한 피자"
61,2019_09_08,Supreme Duelist Stickman
62,2019_09_08,Toon Blast
63,2019_09_08,의지의 히어로
64,2019_09_08,로드 모바일: 제국의 전쟁 - MMORPG
65,2019_09_08,Empires & Puzzles: RPG Quest
66,2019_09_08,에오스 레드
67,2019_09_08,"Happy Color – 컬러링북, 숫자 색칠 게임"
68,2019_09_08,Piano Tiles 2™
69,2019_09_08,피망 뉴맞고 : 고스톱으로 대한민국 1등
70,2019_09_08,동물의 집
71,2019_09_08,낚시 클래시: 스포츠 낚시 게임 (Fishing Clash)
72,2019_09_08,Tank Stars
73,2019_09_08,Tomb of the Mask
74,2019_09_08,Train Taxi
75,2019_09_08,"나의최애캐 (언니돌, #unniedoll)"
76,2019_09_08,지오메트리 대시 라이트 (Geometry Dash L)
77,2019_09_08,Kick the Buddy: Forever
78,2019_09_08,냥코 대전쟁
79,2019_09_08,Puzzle Fuzzle
80,2019_09_08,Helix Jump
81,2019_09_08,Battle Disc
82,2019_09_08,마피아42
83,2019_09_08,Draw it
84,2019_09_08,Kick the Buddy
85,2019_09_08,Dancing Road: Color Ball Run!
86,2019_09_08,Pokémon GO
87,2019_09_08,픽셀 건 3D (Pixel Gun 3D)
88,2019_09_08,Tiles Hop: EDM Rush!
89,2019_09_08,City Fighter vs Street Gang
90,2019_09_08,아기 팬더의 패션 플라워 DIY
91,2019_09_08,꼬마 팬더의 보석 모험
92,2019_09_08,미라큘러스 레이디버그와 블랙캣
93,2019_09_08,아스팔트 9: 레전드- 2019 액션 카 레이싱 게임
94,2019_09_08,Rummikub
95,2019_09_08,Hungry Shark Evolution
96,2019_09_08,Worldkrafts
97,2019_09_08,Dream Piano - Music Game
98,2019_09_08,아기 판다의 날씨: 허리케인
99,2019_09_08,Jetpack Jump
100,2019_09_08,쿠키런: 오븐브레이크
