﻿rank,date,name
1,2019_09_25,라이즈 오브 킹덤즈
2,2019_09_25,신강호
3,2019_09_25,Dinosaur Rampage
4,2019_09_25,리치리치
5,2019_09_25,쌍삼국지
6,2019_09_25,오늘도 우라라 원시 헌팅 라이프
7,2019_09_25,Cool Goal!
8,2019_09_25,Brain Out – 가장 어색한 게임
9,2019_09_25,워드퍼즐 - 단어 게임
10,2019_09_25,올스타 스매시
11,2019_09_25,브롤스타즈
12,2019_09_25,미친소녀
13,2019_09_25,Puzzle Fuzzle
14,2019_09_25,I Peel Good
15,2019_09_25,동물의 집
16,2019_09_25,기적의 검
17,2019_09_25,Sand Balls
18,2019_09_25,배틀그라운드
19,2019_09_25,꿈의 집 (Homescapes)
20,2019_09_25,Square Bird
21,2019_09_25,Perfect Slices
22,2019_09_25,궁수의 전설
23,2019_09_25,피망 뉴맞고 : 고스톱으로 대한민국 1등
24,2019_09_25,바이러스 워 - 우주 슈팅 게임
25,2019_09_25,쿵야 캐치마인드
26,2019_09_25,햄스터 타운 - 당신이 원하는 힐링 두뇌 퍼즐 게임 - 햄스터 타운! 심쿵사 주의
27,2019_09_25,Mr Bullet - 스파이 퍼즐
28,2019_09_25,무한의 계단
29,2019_09_25,Fun Race 3D
30,2019_09_25,꿈의 정원 (Gardenscapes)
31,2019_09_25,으라차차 돌격 라그나로크
32,2019_09_25,피망 섯다
33,2019_09_25,Minecraft 체험판
34,2019_09_25,보스레이브
35,2019_09_25,ROBLOX
36,2019_09_25,aquapark.io
37,2019_09_25,Color Fill 3D
38,2019_09_25,Rummikub
39,2019_09_25,Zipline Valley - 물리학 퍼즐 게임
40,2019_09_25,도끼.io
41,2019_09_25,토킹톰 골드런
42,2019_09_25,1945
43,2019_09_25,꿈의 마을 (Township)
44,2019_09_25,Crowd City
45,2019_09_25,에오스 레드
46,2019_09_25,Empires & Puzzles: RPG Quest
47,2019_09_25,Magic Tiles 3
48,2019_09_25,아스팔트 9: 레전드- 2019 액션 카 레이싱 게임
49,2019_09_25,스나이퍼 3D 어쌔신: 무료 슈팅 게임 (Sniper 3D Assassin)
50,2019_09_25,Granny Legend
51,2019_09_25,이터:던전의 포식자
52,2019_09_25,신비아파트 고스트헌터
53,2019_09_25,좀비고등학교
54,2019_09_25,브롤 스타즈 상자깡 버그판 마인크래프트 게임 고양이 Brawl Stars
55,2019_09_25,Bottle Flip 3D
56,2019_09_25,낚시 클래시: 스포츠 낚시 게임 (Fishing Clash)
57,2019_09_25,토킹톰 히어로 대시
58,2019_09_25,Granny: Chapter Two
59,2019_09_25,Line Color 3D
60,2019_09_25,클래시 로얄
61,2019_09_25,로드 모바일: 제국의 전쟁 - MMORPG
62,2019_09_25,Run Race 3D
63,2019_09_25,슈퍼펭귄 (Super Penguins)
64,2019_09_25,한게임 신맞고 : 대한민국 원조 고스톱
65,2019_09_25,마피아42
66,2019_09_25,프렌즈레이싱
67,2019_09_25,Rider
68,2019_09_25,"피망 포커: 카지노 로얄 (7포커, 로우바둑이, 하이로우)"
69,2019_09_25,"좋은 피자, 위대한 피자"
70,2019_09_25,라플라스M
71,2019_09_25,Jelly Shift
72,2019_09_25,지오메트리 대시 라이트 (Geometry Dash L)
73,2019_09_25,삼국지 오리진
74,2019_09_25,Tank Stars
75,2019_09_25,Tiles Hop: EDM Rush!
76,2019_09_25,한게임 포커
77,2019_09_25,쿠키런: 오븐브레이크
78,2019_09_25,갤럭시 슈터 - 팔콘 스쿼드 - 외계인 슈팅게임
79,2019_09_25,아기 팬더: 공주 메이크업
80,2019_09_25,Polysphere
81,2019_09_25,Snowball.io
82,2019_09_25,Wrecking Ball
83,2019_09_25,Battle Disc
84,2019_09_25,"Happy Color – 컬러링북, 숫자 색칠 게임"
85,2019_09_25,롤링 스카이
86,2019_09_25,Pokémon GO
87,2019_09_25,비천무협
88,2019_09_25,모두의마블
89,2019_09_25,라스트 쉘터 (Last Shelter: Survival)
90,2019_09_25,피아노 실제 - 음악 매직 게임 실행하며 피아노 키보드 로 노래를 배워보세요
91,2019_09_25,마이토킹톰 2
92,2019_09_25,Popcorn Burst
93,2019_09_25,우주 전쟁: 외계인들의 공격
94,2019_09_25,용사식당
95,2019_09_25,Merge Magic!
96,2019_09_25,스페이스 슈터: 외계인 슈팅게임
97,2019_09_25,Piano Tiles 2™
98,2019_09_25,가온:신규서버오픈
99,2019_09_25,Paper.io 2
100,2019_09_25,FIFA ONLINE 4 M by EA SPORTS™
