﻿rank,date,name
1,2019_11_10,V4
2,2019_11_10,Brain Out – 가장 어색한 게임
3,2019_11_10,DX : 신 세기의 전쟁
4,2019_11_10,판타지타운
5,2019_11_10,Rescue Cut - Rope Puzzle
6,2019_11_10,킹 오브 타워
7,2019_11_10,브롤스타즈
8,2019_11_10,Crazy Shopping
9,2019_11_10,Icing On The Cake
10,2019_11_10,콜 오브 듀티: 모바일
11,2019_11_10,라이즈 오브 킹덤즈
12,2019_11_10,무한의 계단
13,2019_11_10,Sky Roller
14,2019_11_10,Zipline Valley - 물리학 퍼즐 게임
15,2019_11_10,히어로즈 스트라이크
16,2019_11_10,로드 크래쉬
17,2019_11_10,Marbleous!
18,2019_11_10,배틀그라운드
19,2019_11_10,무한의 농장
20,2019_11_10,꽃피는 달빛
21,2019_11_10,펭귄의 섬
22,2019_11_10,해양 유목민 - 뗏목 생존: Survival on Raft - Ocean Nomad
23,2019_11_10,질풍닌자전
24,2019_11_10,오늘도 환생
25,2019_11_10,꿈의 집 (Homescapes)
26,2019_11_10,Drop & Smash
27,2019_11_10,Magic Tiles 3
28,2019_11_10,Fun Race 3D
29,2019_11_10,워드퍼즐 - 단어 게임
30,2019_11_10,기적의 검
31,2019_11_10,매직 직소 퍼즐
32,2019_11_10,Granny Legend
33,2019_11_10,햄스터 타운 - 당신이 원하는 힐링 두뇌 퍼즐 게임 - 햄스터 타운! 심쿵사 주의
34,2019_11_10,꿈의 마을 (Township)
35,2019_11_10,롤링 스카이
36,2019_11_10,브롤 스타즈 상자깡 버그판 마인크래프트 게임 고양이 Brawl Stars
37,2019_11_10,꿈의 정원 (Gardenscapes)
38,2019_11_10,달빛조각사
39,2019_11_10,톰 오브 더 마스크: 컬러
40,2019_11_10,Tasty Planet Forever
41,2019_11_10,보틀 점프 3D
42,2019_11_10,신강호
43,2019_11_10,Piano Tiles 2™
44,2019_11_10,궁수의 전설
45,2019_11_10,"좋은 피자, 위대한 피자"
46,2019_11_10,Empires & Puzzles: RPG Quest
47,2019_11_10,Wrecking Ball
48,2019_11_10,쿠키런: 오븐브레이크
49,2019_11_10,피망 뉴맞고 : 고스톱으로 대한민국 1등
50,2019_11_10,ROBLOX
51,2019_11_10,Perfect Slices
52,2019_11_10,리치리치
53,2019_11_10,클래시 로얄
54,2019_11_10,도끼.io
55,2019_11_10,Puzzle Fuzzle
56,2019_11_10,Sand Balls
57,2019_11_10,테니스 클래시: 3D 스포츠 - 무료 멀티플레이어 게임
58,2019_11_10,로얄 다이스(Royal Dice) : 랜덤 디펜스
59,2019_11_10,Minecraft 체험판
60,2019_11_10,바이러스 워 - 우주 슈팅 게임
61,2019_11_10,Hero Wars
62,2019_11_10,Draw Around
63,2019_11_10,냥코 대전쟁
64,2019_11_10,블록 퍼즐
65,2019_11_10,숨바꼭질 온라인 - 실시간 숨바꼭질
66,2019_11_10,익스트림풋볼:3대3 멀티 축구
67,2019_11_10,Rider
68,2019_11_10,지오메트리 대시 라이트 (Geometry Dash L)
69,2019_11_10,봉인의서
70,2019_11_10,Cool Goal!
71,2019_11_10,Ink Inc. - Tattoo Tycoon
72,2019_11_10,Gang Clash
73,2019_11_10,Mr Bullet - 스파이 퍼즐
74,2019_11_10,리니지M
75,2019_11_10,Clash of Blocks
76,2019_11_10,Pokémon GO
77,2019_11_10,Soul Knight
78,2019_11_10,Rocket Sky!
79,2019_11_10,스도쿠 - 무료 클래식 스도쿠 퍼즐
80,2019_11_10,Collect Cubes
81,2019_11_10,Run Race 3D
82,2019_11_10,Perfect Paint
83,2019_11_10,쌍삼국지
84,2019_11_10,Dancing Road: Color Ball Run!
85,2019_11_10,황제라 칭하라
86,2019_11_10,메이플스토리M
87,2019_11_10,1945
88,2019_11_10,Kick the Buddy: Forever
89,2019_11_10,아스팔트 9: 레전드- 2019 액션 카 레이싱 게임
90,2019_11_10,토킹톰 골드런
91,2019_11_10,Supreme Duelist Stickman
92,2019_11_10,쿠키런 for Kakao
93,2019_11_10,Robot Clash
94,2019_11_10,aquapark.io
95,2019_11_10,토킹톰 히어로 대시
96,2019_11_10,Paper.io 2
97,2019_11_10,삼국지 오리진
98,2019_11_10,Mahjong City Tours
99,2019_11_10,eFootball PES 2020
100,2019_11_10,LoL 프렌즈
