﻿rank,date,name
1,2019_10_12,달빛조각사
2,2019_10_12,콜 오브 듀티: 모바일
3,2019_10_12,Brain Out – 가장 어색한 게임
4,2019_10_12,세레스M
5,2019_10_12,라이즈 오브 킹덤즈
6,2019_10_12,도시어부M
7,2019_10_12,신의 연대기-신규서버오픈
8,2019_10_12,디지몬 리얼라이즈 -Digimon ReArise-
9,2019_10_12,워드퍼즐 - 단어 게임
10,2019_10_12,Mario Kart Tour
11,2019_10_12,Dinosaur Rampage
12,2019_10_12,The Real Juggle
13,2019_10_12,브롤스타즈
14,2019_10_12,3차원 채우기 (Fill in 3D)
15,2019_10_12,I Peel Good
16,2019_10_12,Puzzle Fuzzle
17,2019_10_12,Perfect Slices
18,2019_10_12,Square Bird
19,2019_10_12,Cool Goal!
20,2019_10_12,무한의 계단
21,2019_10_12,이터:던전의 포식자
22,2019_10_12,숨바꼭질 온라인 - 실시간 숨바꼭질
23,2019_10_12,Bouncemasters!
24,2019_10_12,장기2.0
25,2019_10_12,꿈의 집 (Homescapes)
26,2019_10_12,올스타 스매시
27,2019_10_12,펭귄의 섬
28,2019_10_12,Color Saw 3D
29,2019_10_12,1945
30,2019_10_12,꿈의 정원 (Gardenscapes)
31,2019_10_12,기적의 검
32,2019_10_12,오늘도 우라라 원시 헌팅 라이프
33,2019_10_12,Sand Balls
34,2019_10_12,궁수의 전설
35,2019_10_12,배틀그라운드
36,2019_10_12,바이러스 워 - 우주 슈팅 게임
37,2019_10_12,Fun Race 3D
38,2019_10_12,Granny Legend
39,2019_10_12,장기의 달인
40,2019_10_12,피망 뉴맞고 : 고스톱으로 대한민국 1등
41,2019_10_12,Zipline Valley - 물리학 퍼즐 게임
42,2019_10_12,ROBLOX
43,2019_10_12,Mr Bullet - 스파이 퍼즐
44,2019_10_12,Paper.io 2
45,2019_10_12,aquapark.io
46,2019_10_12,Zooba - 동물원 배틀 아레나
47,2019_10_12,스케치퀴즈
48,2019_10_12,꿈의 마을 (Township)
49,2019_10_12,좀비고등학교
50,2019_10_12,Magic Tiles 3
51,2019_10_12,피츠메이커
52,2019_10_12,Empires & Puzzles: RPG Quest
53,2019_10_12,Color Fill 3D
54,2019_10_12,Partymasters - Fun Idle Game
55,2019_10_12,클래시 로얄
56,2019_10_12,Run Race 3D
57,2019_10_12,햄스터 타운 - 당신이 원하는 힐링 두뇌 퍼즐 게임 - 햄스터 타운! 심쿵사 주의
58,2019_10_12,보스레이브
59,2019_10_12,Rider
60,2019_10_12,Minecraft 체험판
61,2019_10_12,Rope Slash
62,2019_10_12,Crowd City
63,2019_10_12,리치리치
64,2019_10_12,피망 섯다
65,2019_10_12,토킹톰 골드런
66,2019_10_12,신비아파트 고스트헌터
67,2019_10_12,Rummikub
68,2019_10_12,쿵야 캐치마인드
69,2019_10_12,Robot Clash
70,2019_10_12,왕국건설 스토리
71,2019_10_12,Jelly Shift
72,2019_10_12,"Numpuz: Classic Number Games, Num Riddle Puzzle"
73,2019_10_12,"Happy Color – 컬러링북, 숫자 색칠 게임"
74,2019_10_12,마피아42
75,2019_10_12,지오메트리 대시 라이트 (Geometry Dash L)
76,2019_10_12,Two Dots
77,2019_10_12,갤럭시 슈터 - 팔콘 스쿼드 - 외계인 슈팅게임
78,2019_10_12,Wrecking Ball
79,2019_10_12,Supreme Duelist Stickman
80,2019_10_12,동물의 집
81,2019_10_12,쌍삼국지
82,2019_10_12,해양 유목민 - 뗏목 생존: Survival on Raft - Ocean Nomad
83,2019_10_12,Happy Glass
84,2019_10_12,Bottle Flip 3D
85,2019_10_12,토킹톰 히어로 대시
86,2019_10_12,익스트림풋볼:3대3 멀티 축구
87,2019_10_12,Line Color 3D
88,2019_10_12,Shadow of Death: 다크니스 RPG - 지금 싸움을
89,2019_10_12,Stop them ALL !
90,2019_10_12,슈퍼펭귄 (Super Penguins)
91,2019_10_12,한게임 포커
92,2019_10_12,Pokémon GO
93,2019_10_12,"피망 포커: 카지노 로얄 (7포커, 로우바둑이, 하이로우)"
94,2019_10_12,아스팔트 9: 레전드- 2019 액션 카 레이싱 게임
95,2019_10_12,FIFA ONLINE 4 M by EA SPORTS™
96,2019_10_12,유비전
97,2019_10_12,Hole.io
98,2019_10_12,타워 브레이커(Tower Breaker) - 신의 탑 부수기
99,2019_10_12,스나이퍼 3D 어쌔신: 무료 슈팅 게임 (Sniper 3D Assassin)
100,2019_10_12,Granny: Chapter Two
