﻿rank,date,name
1,2019_10_08,콜 오브 듀티: 모바일
2,2019_10_08,Mario Kart Tour
3,2019_10_08,도시어부M
4,2019_10_08,Brain Out – 가장 어색한 게임
5,2019_10_08,라이즈 오브 킹덤즈
6,2019_10_08,올스타 스매시
7,2019_10_08,신강호
8,2019_10_08,Color Saw 3D
9,2019_10_08,Dinosaur Rampage
10,2019_10_08,Cool Goal!
11,2019_10_08,워드퍼즐 - 단어 게임
12,2019_10_08,I Peel Good
13,2019_10_08,신의 연대기-신규서버오픈
14,2019_10_08,Idle Stickman
15,2019_10_08,Puzzle Fuzzle
16,2019_10_08,브롤스타즈
17,2019_10_08,Perfect Slices
18,2019_10_08,쌍삼국지
19,2019_10_08,오늘도 우라라 원시 헌팅 라이프
20,2019_10_08,리치리치
21,2019_10_08,Stop them ALL !
22,2019_10_08,기적의 검
23,2019_10_08,Square Bird
24,2019_10_08,이터:던전의 포식자
25,2019_10_08,바이러스 워 - 우주 슈팅 게임
26,2019_10_08,궁수의 전설
27,2019_10_08,꿈의 집 (Homescapes)
28,2019_10_08,무한의 계단
29,2019_10_08,ROBLOX
30,2019_10_08,배틀그라운드
31,2019_10_08,꿈의 정원 (Gardenscapes)
32,2019_10_08,Zipline Valley - 물리학 퍼즐 게임
33,2019_10_08,Sand Balls
34,2019_10_08,Mr Bullet - 스파이 퍼즐
35,2019_10_08,동물의 집
36,2019_10_08,좀비고등학교
37,2019_10_08,피망 뉴맞고 : 고스톱으로 대한민국 1등
38,2019_10_08,피츠메이커
39,2019_10_08,Marbleous!
40,2019_10_08,Zooba - 동물원 배틀 아레나
41,2019_10_08,Fun Race 3D
42,2019_10_08,aquapark.io
43,2019_10_08,꿈의 마을 (Township)
44,2019_10_08,Color Fill 3D
45,2019_10_08,Kick the Buddy: Forever
46,2019_10_08,쿵야 캐치마인드
47,2019_10_08,피망 섯다
48,2019_10_08,Minecraft 체험판
49,2019_10_08,The Real Juggle
50,2019_10_08,햄스터 타운 - 당신이 원하는 힐링 두뇌 퍼즐 게임 - 햄스터 타운! 심쿵사 주의
51,2019_10_08,Granny Legend
52,2019_10_08,클래시 로얄
53,2019_10_08,슈퍼펭귄 (Super Penguins)
54,2019_10_08,1945
55,2019_10_08,Wrecking Ball
56,2019_10_08,스나이퍼 3D 어쌔신: 무료 슈팅 게임 (Sniper 3D Assassin)
57,2019_10_08,Rider
58,2019_10_08,Run Race 3D
59,2019_10_08,Magic Tiles 3
60,2019_10_08,Rummikub
61,2019_10_08,Crowd City
62,2019_10_08,도끼.io
63,2019_10_08,Kick the Buddy
64,2019_10_08,신비아파트 고스트헌터
65,2019_10_08,토킹톰 골드런
66,2019_10_08,"좋은 피자, 위대한 피자"
67,2019_10_08,Empires & Puzzles: RPG Quest
68,2019_10_08,에오스 레드
69,2019_10_08,토킹톰 히어로 대시
70,2019_10_08,쿠키런: 오븐브레이크
71,2019_10_08,항로:새로운 시대
72,2019_10_08,지오메트리 대시 라이트 (Geometry Dash L)
73,2019_10_08,바운스볼
74,2019_10_08,아스팔트 9: 레전드- 2019 액션 카 레이싱 게임
75,2019_10_08,Hungry Shark Evolution
76,2019_10_08,Knives Crash
77,2019_10_08,보스레이브
78,2019_10_08,Paper.io 2
79,2019_10_08,Piano Tiles 2™
80,2019_10_08,Merge Magic!
81,2019_10_08,Supreme Duelist Stickman
82,2019_10_08,Polysphere
83,2019_10_08,Bottle Flip 3D
84,2019_10_08,FIFA ONLINE 4 M by EA SPORTS™
85,2019_10_08,마피아42
86,2019_10_08,요리중독: 미치게 빠르고 레스토랑 요리 게임
87,2019_10_08,일곱 개의 대죄: GRAND CROSS
88,2019_10_08,용사식당
89,2019_10_08,Jelly Shift
90,2019_10_08,Hole.io
91,2019_10_08,왕국건설 스토리
92,2019_10_08,해양 유목민 - 뗏목 생존: Survival on Raft - Ocean Nomad
93,2019_10_08,Soul Knight
94,2019_10_08,"피망 포커: 카지노 로얄 (7포커, 로우바둑이, 하이로우)"
95,2019_10_08,maybe-메이비:내가 만드는 이야기
96,2019_10_08,펭귄의 섬
97,2019_10_08,스페이스 슈터: 외계인 슈팅게임
98,2019_10_08,한게임 포커
99,2019_10_08,파이널레이드
100,2019_10_08,한게임 신맞고 : 대한민국 원조 고스톱
