﻿rank,date,name
1,2019_10_25,Brain Out – 가장 어색한 게임
2,2019_10_25,Icing On The Cake
3,2019_10_25,킹 오브 타워
4,2019_10_25,달빛조각사
5,2019_10_25,콜 오브 듀티: 모바일
6,2019_10_25,완미세계
7,2019_10_25,Zipline Valley - 물리학 퍼즐 게임
8,2019_10_25,봉인의서
9,2019_10_25,라이즈 오브 킹덤즈
10,2019_10_25,Rolling Domino
11,2019_10_25,브롤스타즈
12,2019_10_25,꽃피는 달빛
13,2019_10_25,Wrecking Ball
14,2019_10_25,궁수의 전설
15,2019_10_25,세인트 세이야 : 각성
16,2019_10_25,무한의 계단
17,2019_10_25,꿈의 정원 (Gardenscapes)
18,2019_10_25,꿈의 집 (Homescapes)
19,2019_10_25,I Peel Good
20,2019_10_25,NBA NOW 모바일 농구 게임
21,2019_10_25,배틀그라운드
22,2019_10_25,워드퍼즐 - 단어 게임
23,2019_10_25,기적의 검
24,2019_10_25,Granny Legend
25,2019_10_25,Perfect Slices
26,2019_10_25,Dancing Road: Color Ball Run!
27,2019_10_25,이터:던전의 포식자
28,2019_10_25,올스타 스매시
29,2019_10_25,햄스터 타운 - 당신이 원하는 힐링 두뇌 퍼즐 게임 - 햄스터 타운! 심쿵사 주의
30,2019_10_25,팽이로 보석캐기
31,2019_10_25,Cool Goal!
32,2019_10_25,3차원 채우기 (Fill in 3D)
33,2019_10_25,Sand Balls
34,2019_10_25,오늘도 우라라 원시 헌팅 라이프
35,2019_10_25,SuperStar STARSHIP
36,2019_10_25,Square Bird
37,2019_10_25,로얄 다이스(Royal Dice) : 랜덤 디펜스
38,2019_10_25,꿈의 마을 (Township)
39,2019_10_25,바이러스 워 - 우주 슈팅 게임
40,2019_10_25,1945
41,2019_10_25,Fun Race 3D
42,2019_10_25,리치리치
43,2019_10_25,Zooba - 동물원 배틀 아레나
44,2019_10_25,Empires & Puzzles: RPG Quest
45,2019_10_25,무한의 농장
46,2019_10_25,피망 뉴맞고 : 고스톱으로 대한민국 1등
47,2019_10_25,ROBLOX
48,2019_10_25,Minecraft 체험판
49,2019_10_25,클래시 로얄
50,2019_10_25,펭귄의 섬
51,2019_10_25,노블레스 : 제로 with NAVER WEBTOON
52,2019_10_25,Mr Bullet - 스파이 퍼즐
53,2019_10_25,Color Saw 3D
54,2019_10_25,해양 유목민 - 뗏목 생존: Survival on Raft - Ocean Nomad
55,2019_10_25,스도쿠 - 무료 클래식 스도쿠 퍼즐
56,2019_10_25,Rider
57,2019_10_25,Magic Tiles 3
58,2019_10_25,톰 오브 더 마스크: 컬러
59,2019_10_25,aquapark.io
60,2019_10_25,블록 퍼즐
61,2019_10_25,Star Trek™ 플릿 커맨드
62,2019_10_25,좀비고등학교
63,2019_10_25,한게임 포커
64,2019_10_25,신비아파트 고스트헌터
65,2019_10_25,Mario Kart Tour
66,2019_10_25,Polysphere
67,2019_10_25,Happy Glass
68,2019_10_25,Bouncemasters!
69,2019_10_25,신강호
70,2019_10_25,숨바꼭질 온라인 - 실시간 숨바꼭질
71,2019_10_25,지오메트리 대시 라이트 (Geometry Dash L)
72,2019_10_25,피망 섯다
73,2019_10_25,Dinosaur Rampage
74,2019_10_25,삼국지 오리진
75,2019_10_25,브롤 스타즈 상자깡 버그판 마인크래프트 게임 고양이 Brawl Stars
76,2019_10_25,Rummikub
77,2019_10_25,토킹톰 골드런
78,2019_10_25,디지몬 리얼라이즈 -Digimon ReArise-
79,2019_10_25,토킹톰 히어로 대시
80,2019_10_25,Two Dots
81,2019_10_25,Line Driver
82,2019_10_25,마피아42
83,2019_10_25,쿠키런: 오븐브레이크
84,2019_10_25,Supreme Duelist Stickman
85,2019_10_25,Crowd City
86,2019_10_25,한게임 신맞고 : 대한민국 원조 고스톱
87,2019_10_25,Nonogram.com - 픽처 크로스 퍼즐 게임
88,2019_10_25,황제라 칭하라
89,2019_10_25,LoL 프렌즈
90,2019_10_25,로드 크래쉬
91,2019_10_25,스나이퍼 3D 어쌔신: 무료 슈팅 게임 (Sniper 3D Assassin)
92,2019_10_25,Color Fill 3D
93,2019_10_25,도끼.io
94,2019_10_25,"피망 포커: 카지노 로얄 (7포커, 로우바둑이, 하이로우)"
95,2019_10_25,Run Race 3D
96,2019_10_25,피츠메이커
97,2019_10_25,아스팔트 9: 레전드- 2019 액션 카 레이싱 게임
98,2019_10_25,동물의 집
99,2019_10_25,익스트림풋볼:3대3 멀티 축구
100,2019_10_25,삼국지 디펜스M
