﻿rank,date,name
1,2019_11_05,Rescue Cut - Rope Puzzle
2,2019_11_05,Brain Out – 가장 어색한 게임
3,2019_11_05,Icing On The Cake
4,2019_11_05,DX : 신 세기의 전쟁
5,2019_11_05,Crazy Shopping
6,2019_11_05,콜 오브 듀티: 모바일
7,2019_11_05,Zipline Valley - 물리학 퍼즐 게임
8,2019_11_05,신강호
9,2019_11_05,로드 크래쉬
10,2019_11_05,킹 오브 타워
11,2019_11_05,라이즈 오브 킹덤즈
12,2019_11_05,무한의 계단
13,2019_11_05,Drop & Smash
14,2019_11_05,브롤스타즈
15,2019_11_05,Minecraft Earth
16,2019_11_05,기적의 검
17,2019_11_05,리치리치
18,2019_11_05,톰 오브 더 마스크: 컬러
19,2019_11_05,Marbleous!
20,2019_11_05,꿈의 집 (Homescapes)
21,2019_11_05,Puzzle Fuzzle
22,2019_11_05,Collect Cubes
23,2019_11_05,Granny Legend
24,2019_11_05,Draw Around
25,2019_11_05,배틀그라운드
26,2019_11_05,Kick the Buddy: Forever
27,2019_11_05,완미세계
28,2019_11_05,꽃피는 달빛
29,2019_11_05,데이트 어 라이브: 다시 만난 정령
30,2019_11_05,동물극장 - 귀여운 동물들과 영화보며 힐링
31,2019_11_05,Minecraft 체험판
32,2019_11_05,달빛조각사
33,2019_11_05,ROBLOX
34,2019_11_05,Perfect Slices
35,2019_11_05,히어로즈 스트라이크
36,2019_11_05,꿈의 마을 (Township)
37,2019_11_05,꿈의 정원 (Gardenscapes)
38,2019_11_05,Magic Tiles 3
39,2019_11_05,세인트 세이야 : 각성
40,2019_11_05,Perfect Paint
41,2019_11_05,Hero Wars
42,2019_11_05,쿠키런: 오븐브레이크
43,2019_11_05,Rolling Domino
44,2019_11_05,해양 유목민 - 뗏목 생존: Survival on Raft - Ocean Nomad
45,2019_11_05,무한의 농장
46,2019_11_05,Fun Race 3D
47,2019_11_05,Sand Balls
48,2019_11_05,I Peel Good
49,2019_11_05,궁수의 전설
50,2019_11_05,클래시 로얄
51,2019_11_05,바이러스 워 - 우주 슈팅 게임
52,2019_11_05,Wrecking Ball
53,2019_11_05,Rider
54,2019_11_05,롤링 스카이
55,2019_11_05,Block Puzzle Universe
56,2019_11_05,테니스 클래시: 3D 스포츠 - 무료 멀티플레이어 게임
57,2019_11_05,aquapark.io
58,2019_11_05,매직 직소 퍼즐
59,2019_11_05,Cool Goal!
60,2019_11_05,지오메트리 대시 라이트 (Geometry Dash L)
61,2019_11_05,워드퍼즐 - 단어 게임
62,2019_11_05,Dancing Road: Color Ball Run!
63,2019_11_05,토킹톰 골드런
64,2019_11_05,Empires & Puzzles: RPG Quest
65,2019_11_05,펭귄의 섬
66,2019_11_05,로얄 다이스(Royal Dice) : 랜덤 디펜스
67,2019_11_05,3차원 채우기 (Fill in 3D)
68,2019_11_05,익스트림풋볼:3대3 멀티 축구
69,2019_11_05,Mr Bullet - 스파이 퍼즐
70,2019_11_05,1945
71,2019_11_05,좀비고등학교
72,2019_11_05,King of Avalon: 전략 멀티 플레이어 전쟁 | 드래곤 전쟁
73,2019_11_05,질풍닌자전
74,2019_11_05,Zooba - 동물원 배틀 아레나
75,2019_11_05,피망 뉴맞고 : 고스톱으로 대한민국 1등
76,2019_11_05,Paper.io 2
77,2019_11_05,토킹톰 히어로 대시
78,2019_11_05,브롤 스타즈 상자깡 버그판 마인크래프트 게임 고양이 Brawl Stars
79,2019_11_05,Piano Tiles 2™
80,2019_11_05,용사식당
81,2019_11_05,신비아파트 고스트헌터
82,2019_11_05,스도쿠 - 무료 클래식 스도쿠 퍼즐
83,2019_11_05,놈 플랜트
84,2019_11_05,The Real Juggle
85,2019_11_05,Run Race 3D
86,2019_11_05,Supreme Duelist Stickman
87,2019_11_05,Happy Glass
88,2019_11_05,OX 퀴즈 서바이벌 100
89,2019_11_05,"좋은 피자, 위대한 피자"
90,2019_11_05,Color Saw 3D
91,2019_11_05,숨바꼭질 온라인 - 실시간 숨바꼭질
92,2019_11_05,동물의 집
93,2019_11_05,Crowd City
94,2019_11_05,슈퍼펭귄 (Super Penguins)
95,2019_11_05,Nonogram.com - 픽처 크로스 퍼즐 게임
96,2019_11_05,스택 볼 - 플랫폼을 다 뚫어버리세요 
97,2019_11_05,마피아42
98,2019_11_05,Gang Clash
99,2019_11_05,햄스터 타운 - 당신이 원하는 힐링 두뇌 퍼즐 게임 - 햄스터 타운! 심쿵사 주의
100,2019_11_05,Pokémon GO
