﻿rank,date,name
1,2019_09_28,Mario Kart Tour
2,2019_09_28,라이즈 오브 킹덤즈
3,2019_09_28,Dinosaur Rampage
4,2019_09_28,신강호
5,2019_09_28,Brain Out – 가장 어색한 게임
6,2019_09_28,쌍삼국지
7,2019_09_28,워드퍼즐 - 단어 게임
8,2019_09_28,신의 연대기-신규서버오픈
9,2019_09_28,리치리치
10,2019_09_28,Cool Goal!
11,2019_09_28,I Peel Good
12,2019_09_28,오늘도 우라라 원시 헌팅 라이프
13,2019_09_28,Color Saw 3D
14,2019_09_28,이터:던전의 포식자
15,2019_09_28,올스타 스매시
16,2019_09_28,메탈슬러그 인피니티 - 방치형 RPG
17,2019_09_28,브롤스타즈
18,2019_09_28,Puzzle Fuzzle
19,2019_09_28,Idle Stickman
20,2019_09_28,기적의 검
21,2019_09_28,궁수의 전설
22,2019_09_28,동물의 집
23,2019_09_28,바이러스 워 - 우주 슈팅 게임
24,2019_09_28,배틀그라운드
25,2019_09_28,피망 뉴맞고 : 고스톱으로 대한민국 1등
26,2019_09_28,Sand Balls
27,2019_09_28,Marbleous!
28,2019_09_28,꿈의 집 (Homescapes)
29,2019_09_28,햄스터 타운 - 당신이 원하는 힐링 두뇌 퍼즐 게임 - 햄스터 타운! 심쿵사 주의
30,2019_09_28,피망 섯다
31,2019_09_28,무한의 계단
32,2019_09_28,Zipline Valley - 물리학 퍼즐 게임
33,2019_09_28,꿈의 정원 (Gardenscapes)
34,2019_09_28,오늘도 환생
35,2019_09_28,쿵야 캐치마인드
36,2019_09_28,Fun Race 3D
37,2019_09_28,Square Bird
38,2019_09_28,Mr Bullet - 스파이 퍼즐
39,2019_09_28,Perfect Slices
40,2019_09_28,Color Fill 3D
41,2019_09_28,도끼.io
42,2019_09_28,ROBLOX
43,2019_09_28,Granny Legend
44,2019_09_28,1945
45,2019_09_28,꿈의 마을 (Township)
46,2019_09_28,Rummikub
47,2019_09_28,미친소녀
48,2019_09_28,보스레이브
49,2019_09_28,aquapark.io
50,2019_09_28,Empires & Puzzles: RPG Quest
51,2019_09_28,Crowd City
52,2019_09_28,Minecraft 체험판
53,2019_09_28,낚시 클래시: 스포츠 낚시 게임 (Fishing Clash)
54,2019_09_28,에오스 레드
55,2019_09_28,좀비고등학교
56,2019_09_28,가디언나이츠
57,2019_09_28,스나이퍼 3D 어쌔신: 무료 슈팅 게임 (Sniper 3D Assassin)
58,2019_09_28,Magic Tiles 3
59,2019_09_28,으라차차 돌격 라그나로크
60,2019_09_28,"피망 포커: 카지노 로얄 (7포커, 로우바둑이, 하이로우)"
61,2019_09_28,클래시 로얄
62,2019_09_28,Rider
63,2019_09_28,아스팔트 9: 레전드- 2019 액션 카 레이싱 게임
64,2019_09_28,한게임 신맞고 : 대한민국 원조 고스톱
65,2019_09_28,The Real Juggle
66,2019_09_28,토킹톰 골드런
67,2019_09_28,Merge Magic!
68,2019_09_28,마피아42
69,2019_09_28,신비아파트 고스트헌터
70,2019_09_28,용사식당
71,2019_09_28,로드 모바일: 제국의 전쟁 - MMORPG
72,2019_09_28,지오메트리 대시 라이트 (Geometry Dash L)
73,2019_09_28,왕비의 맛
74,2019_09_28,한게임 포커
75,2019_09_28,갤럭시 슈터 - 팔콘 스쿼드 - 외계인 슈팅게임
76,2019_09_28,토킹톰 히어로 대시
77,2019_09_28,브롤 스타즈 상자깡 버그판 마인크래프트 게임 고양이 Brawl Stars
78,2019_09_28,삼국지 오리진
79,2019_09_28,쿠키런: 오븐브레이크
80,2019_09_28,Polysphere
81,2019_09_28,Bottle Flip 3D
82,2019_09_28,Supreme Duelist Stickman
83,2019_09_28,파이널레이드
84,2019_09_28,슈퍼펭귄 (Super Penguins)
85,2019_09_28,스페이스 슈터: 외계인 슈팅게임
86,2019_09_28,Run Race 3D
87,2019_09_28,라플라스M
88,2019_09_28,우주 전쟁: 외계인들의 공격
89,2019_09_28,"좋은 피자, 위대한 피자"
90,2019_09_28,프렌즈레이싱
91,2019_09_28,Pokémon GO
92,2019_09_28,Kick the Buddy
93,2019_09_28,Granny: Chapter Two
94,2019_09_28,Line Color 3D
95,2019_09_28,Tiles Hop: EDM Rush!
96,2019_09_28,드랍더좀비
97,2019_09_28,Mr Troll Story - Word Games Puzzle
98,2019_09_28,한게임 섯다
99,2019_09_28,스도쿠 - 무료 클래식 스도쿠 퍼즐
100,2019_09_28,FIFA ONLINE 4 M by EA SPORTS™
