﻿rank,date,name
1,2019_11_08,V4
2,2019_11_08,Brain Out – 가장 어색한 게임
3,2019_11_08,Rescue Cut - Rope Puzzle
4,2019_11_08,킹 오브 타워
5,2019_11_08,DX : 신 세기의 전쟁
6,2019_11_08,Icing On The Cake
7,2019_11_08,Crazy Shopping
8,2019_11_08,콜 오브 듀티: 모바일
9,2019_11_08,라이즈 오브 킹덤즈
10,2019_11_08,오늘도 환생
11,2019_11_08,신강호
12,2019_11_08,Zipline Valley - 물리학 퍼즐 게임
13,2019_11_08,무한의 계단
14,2019_11_08,Marbleous!
15,2019_11_08,로드 크래쉬
16,2019_11_08,Drop & Smash
17,2019_11_08,히어로즈 스트라이크
18,2019_11_08,브롤스타즈
19,2019_11_08,무한의 농장
20,2019_11_08,질풍닌자전
21,2019_11_08,Sky Roller
22,2019_11_08,Granny Legend
23,2019_11_08,꿈의 집 (Homescapes)
24,2019_11_08,기적의 검
25,2019_11_08,리치리치
26,2019_11_08,Hero Wars
27,2019_11_08,워드퍼즐 - 단어 게임
28,2019_11_08,꿈의 마을 (Township)
29,2019_11_08,Draw Around
30,2019_11_08,꿈의 정원 (Gardenscapes)
31,2019_11_08,피망 뉴맞고 : 고스톱으로 대한민국 1등
32,2019_11_08,배틀그라운드
33,2019_11_08,궁수의 전설
34,2019_11_08,톰 오브 더 마스크: 컬러
35,2019_11_08,펭귄의 섬
36,2019_11_08,쿠키런: 오븐브레이크
37,2019_11_08,Puzzle Fuzzle
38,2019_11_08,클래시 로얄
39,2019_11_08,달빛조각사
40,2019_11_08,꽃피는 달빛
41,2019_11_08,로얄 다이스(Royal Dice) : 랜덤 디펜스
42,2019_11_08,Sand Balls
43,2019_11_08,Perfect Slices
44,2019_11_08,Block Puzzle Universe
45,2019_11_08,테니스 클래시: 3D 스포츠 - 무료 멀티플레이어 게임
46,2019_11_08,Fun Race 3D
47,2019_11_08,매직 직소 퍼즐
48,2019_11_08,Kick the Buddy: Forever
49,2019_11_08,ROBLOX
50,2019_11_08,Perfect Paint
51,2019_11_08,익스트림풋볼:3대3 멀티 축구
52,2019_11_08,바이러스 워 - 우주 슈팅 게임
53,2019_11_08,Minecraft 체험판
54,2019_11_08,Collect Cubes
55,2019_11_08,Magic Tiles 3
56,2019_11_08,V4(12)
57,2019_11_08,Rider
58,2019_11_08,용사식당
59,2019_11_08,해양 유목민 - 뗏목 생존: Survival on Raft - Ocean Nomad
60,2019_11_08,Mr Bullet - 스파이 퍼즐
61,2019_11_08,지오메트리 대시 라이트 (Geometry Dash L)
62,2019_11_08,Minecraft Earth
63,2019_11_08,스도쿠 - 무료 클래식 스도쿠 퍼즐
64,2019_11_08,고전적인 블록 퍼즐
65,2019_11_08,Cool Goal!
66,2019_11_08,Empires & Puzzles: RPG Quest
67,2019_11_08,블록 퍼즐
68,2019_11_08,봉인의서
69,2019_11_08,1945
70,2019_11_08,이터:던전의 포식자
71,2019_11_08,동물극장 - 귀여운 동물들과 영화보며 힐링
72,2019_11_08,Rolling Domino
73,2019_11_08,Supreme Duelist Stickman
74,2019_11_08,롤링 스카이
75,2019_11_08,삼국지 오리진
76,2019_11_08,Dancing Road: Color Ball Run!
77,2019_11_08,Wrecking Ball
78,2019_11_08,3차원 채우기 (Fill in 3D)
79,2019_11_08,Piano Tiles 2™
80,2019_11_08,aquapark.io
81,2019_11_08,Gang Clash
82,2019_11_08,쿠키런 for Kakao
83,2019_11_08,한게임 신맞고 : 대한민국 원조 고스톱
84,2019_11_08,Paper.io 2
85,2019_11_08,브롤 스타즈 상자깡 버그판 마인크래프트 게임 고양이 Brawl Stars
86,2019_11_08,리니지M
87,2019_11_08,토킹톰 골드런
88,2019_11_08,I Peel Good
89,2019_11_08,Run Race 3D
90,2019_11_08,좀비고등학교
91,2019_11_08,Pokémon GO
92,2019_11_08,피망 섯다
93,2019_11_08,보스레이브
94,2019_11_08,Mahjong City Tours
95,2019_11_08,Happy Glass
96,2019_11_08,Zooba - 동물원 배틀 아레나
97,2019_11_08,Rummikub
98,2019_11_08,일반상식 퀴즈. 무료 퀴즈 게임: QuizzLand
99,2019_11_08,Color Saw 3D
100,2019_11_08,햄스터 타운 - 당신이 원하는 힐링 두뇌 퍼즐 게임 - 햄스터 타운! 심쿵사 주의
