﻿rank,date,name
1,2019_10_05,Mario Kart Tour
2,2019_10_05,콜 오브 듀티: 모바일
3,2019_10_05,Brain Out – 가장 어색한 게임
4,2019_10_05,라이즈 오브 킹덤즈
5,2019_10_05,신의 연대기-신규서버오픈
6,2019_10_05,올스타 스매시
7,2019_10_05,신강호
8,2019_10_05,Dinosaur Rampage
9,2019_10_05,Cool Goal!
10,2019_10_05,I Peel Good
11,2019_10_05,Puzzle Fuzzle
12,2019_10_05,워드퍼즐 - 단어 게임
13,2019_10_05,The Real Juggle
14,2019_10_05,Idle Stickman
15,2019_10_05,브롤스타즈
16,2019_10_05,3차원 채우기 (Fill in 3D)
17,2019_10_05,Color Saw 3D
18,2019_10_05,쌍삼국지
19,2019_10_05,오늘도 우라라 원시 헌팅 라이프
20,2019_10_05,리치리치
21,2019_10_05,Stop them ALL !
22,2019_10_05,기적의 검
23,2019_10_05,Square Bird
24,2019_10_05,이터:던전의 포식자
25,2019_10_05,바이러스 워 - 우주 슈팅 게임
26,2019_10_05,궁수의 전설
27,2019_10_05,꿈의 집 (Homescapes)
28,2019_10_05,무한의 계단
29,2019_10_05,배틀그라운드
30,2019_10_05,꿈의 정원 (Gardenscapes)
31,2019_10_05,Zooba - 동물원 배틀 아레나
32,2019_10_05,Sand Balls
33,2019_10_05,동물의 집
34,2019_10_05,Mr Bullet - 스파이 퍼즐
35,2019_10_05,Zipline Valley - 물리학 퍼즐 게임
36,2019_10_05,Perfect Slices
37,2019_10_05,피망 뉴맞고 : 고스톱으로 대한민국 1등
38,2019_10_05,Marbleous!
39,2019_10_05,꿈의 마을 (Township)
40,2019_10_05,Fun Race 3D
41,2019_10_05,aquapark.io
42,2019_10_05,ROBLOX
43,2019_10_05,Run Race 3D
44,2019_10_05,Color Fill 3D
45,2019_10_05,쿵야 캐치마인드
46,2019_10_05,피망 섯다
47,2019_10_05,Minecraft 체험판
48,2019_10_05,Granny Legend
49,2019_10_05,클래시 로얄
50,2019_10_05,피츠메이커
51,2019_10_05,1945
52,2019_10_05,좀비고등학교
53,2019_10_05,Wrecking Ball
54,2019_10_05,스나이퍼 3D 어쌔신: 무료 슈팅 게임 (Sniper 3D Assassin)
55,2019_10_05,Rider
56,2019_10_05,Polysphere
57,2019_10_05,Magic Tiles 3
58,2019_10_05,Rummikub
59,2019_10_05,Crowd City
60,2019_10_05,도끼.io
61,2019_10_05,Kick the Buddy
62,2019_10_05,신비아파트 고스트헌터
63,2019_10_05,토킹톰 골드런
64,2019_10_05,"좋은 피자, 위대한 피자"
65,2019_10_05,Empires & Puzzles: RPG Quest
66,2019_10_05,에오스 레드
67,2019_10_05,토킹톰 히어로 대시
68,2019_10_05,Happy Glass
69,2019_10_05,쿠키런: 오븐브레이크
70,2019_10_05,항로:새로운 시대
71,2019_10_05,지오메트리 대시 라이트 (Geometry Dash L)
72,2019_10_05,바운스볼
73,2019_10_05,아스팔트 9: 레전드- 2019 액션 카 레이싱 게임
74,2019_10_05,Hungry Shark Evolution
75,2019_10_05,Knives Crash
76,2019_10_05,보스레이브
77,2019_10_05,Paper.io 2
78,2019_10_05,Merge Magic!
79,2019_10_05,Supreme Duelist Stickman
80,2019_10_05,Bottle Flip 3D
81,2019_10_05,마피아42
82,2019_10_05,슈퍼펭귄 (Super Penguins)
83,2019_10_05,요리중독: 미치게 빠르고 레스토랑 요리 게임
84,2019_10_05,용사식당
85,2019_10_05,한게임 신맞고 : 대한민국 원조 고스톱
86,2019_10_05,아웃로 - 실시간 슈팅
87,2019_10_05,Jelly Shift
88,2019_10_05,Hole.io
89,2019_10_05,왕국건설 스토리
90,2019_10_05,해양 유목민 - 뗏목 생존: Survival on Raft - Ocean Nomad
91,2019_10_05,Soul Knight
92,2019_10_05,햄스터 타운 - 당신이 원하는 힐링 두뇌 퍼즐 게임 - 햄스터 타운! 심쿵사 주의
93,2019_10_05,"피망 포커: 카지노 로얄 (7포커, 로우바둑이, 하이로우)"
94,2019_10_05,FIFA ONLINE 4 M by EA SPORTS™
95,2019_10_05,maybe-메이비:내가 만드는 이야기
96,2019_10_05,펭귄의 섬
97,2019_10_05,스페이스 슈터: 외계인 슈팅게임
98,2019_10_05,한게임 포커
99,2019_10_05,파이널레이드
100,2019_10_05,오목의 달인
