﻿rank,date,name
1,2019_10_28,완미세계
2,2019_10_28,Icing On The Cake
3,2019_10_28,Brain Out – 가장 어색한 게임
4,2019_10_28,Rescue Cut - Rope Puzzle
5,2019_10_28,Zipline Valley - 물리학 퍼즐 게임
6,2019_10_28,콜 오브 듀티: 모바일
7,2019_10_28,판타지타운
8,2019_10_28,로드 크래쉬
9,2019_10_28,달빛조각사
10,2019_10_28,신강호
11,2019_10_28,브롤스타즈
12,2019_10_28,무한의 계단
13,2019_10_28,킹 오브 타워
14,2019_10_28,Rolling Domino
15,2019_10_28,Soul Land: 엘피스 전기
16,2019_10_28,라이즈 오브 킹덤즈
17,2019_10_28,I Peel Good
18,2019_10_28,꿈의 집 (Homescapes)
19,2019_10_28,꿈의 정원 (Gardenscapes)
20,2019_10_28,봉인의서
21,2019_10_28,꽃피는 달빛
22,2019_10_28,Wrecking Ball
23,2019_10_28,3차원 채우기 (Fill in 3D)
24,2019_10_28,Puzzle Fuzzle
25,2019_10_28,배틀그라운드
26,2019_10_28,기적의 검
27,2019_10_28,Perfect Slices
28,2019_10_28,궁수의 전설
29,2019_10_28,ROBLOX
30,2019_10_28,Minecraft 체험판
31,2019_10_28,쿠키런: 오븐브레이크
32,2019_10_28,오늘도 우라라 원시 헌팅 라이프
33,2019_10_28,해양 유목민 - 뗏목 생존: Survival on Raft - Ocean Nomad
34,2019_10_28,Cool Goal!
35,2019_10_28,꿈의 마을 (Township)
36,2019_10_28,Dancing Road: Color Ball Run!
37,2019_10_28,리치리치
38,2019_10_28,테니스 클래시: 3D 스포츠 - 무료 멀티플레이어 게임
39,2019_10_28,좀비고등학교
40,2019_10_28,Granny Legend
41,2019_10_28,Magic Tiles 3
42,2019_10_28,동물극장 - 귀여운 동물들과 영화보며 힐링
43,2019_10_28,바이러스 워 - 우주 슈팅 게임
44,2019_10_28,올스타 스매시
45,2019_10_28,Zooba - 동물원 배틀 아레나
46,2019_10_28,워드퍼즐 - 단어 게임
47,2019_10_28,무한의 농장
48,2019_10_28,"좋은 피자, 위대한 피자"
49,2019_10_28,Sand Balls
50,2019_10_28,클래시 로얄
51,2019_10_28,Rider
52,2019_10_28,지오메트리 대시 라이트 (Geometry Dash L)
53,2019_10_28,aquapark.io
54,2019_10_28,토킹톰 히어로 대시
55,2019_10_28,Fun Race 3D
56,2019_10_28,신비아파트 고스트헌터
57,2019_10_28,롤링 스카이
58,2019_10_28,펭귄의 섬
59,2019_10_28,토킹톰 골드런
60,2019_10_28,이터:던전의 포식자
61,2019_10_28,Color Saw 3D
62,2019_10_28,팽이로 보석캐기
63,2019_10_28,브롤 스타즈 상자깡 버그판 마인크래프트 게임 고양이 Brawl Stars
64,2019_10_28,로얄 다이스(Royal Dice) : 랜덤 디펜스
65,2019_10_28,Mario Kart Tour
66,2019_10_28,동물의 집
67,2019_10_28,Line Driver
68,2019_10_28,익스트림풋볼:3대3 멀티 축구
69,2019_10_28,Mr Bullet - 스파이 퍼즐
70,2019_10_28,Square Bird
71,2019_10_28,Dinosaur Rampage
72,2019_10_28,용사식당
73,2019_10_28,햄스터 타운 - 당신이 원하는 힐링 두뇌 퍼즐 게임 - 햄스터 타운! 심쿵사 주의
74,2019_10_28,피망 뉴맞고 : 고스톱으로 대한민국 1등
75,2019_10_28,숨바꼭질 온라인 - 실시간 숨바꼭질
76,2019_10_28,Happy Glass
77,2019_10_28,1945
78,2019_10_28,Crowd City
79,2019_10_28,슈퍼펭귄 (Super Penguins)
80,2019_10_28,Tiles Hop: EDM Rush!
81,2019_10_28,Empires & Puzzles: RPG Quest
82,2019_10_28,스도쿠 - 무료 클래식 스도쿠 퍼즐
83,2019_10_28,Bouncemasters!
84,2019_10_28,Paper.io 2
85,2019_10_28,OX 퀴즈 서바이벌 100
86,2019_10_28,Draw Around
87,2019_10_28,Kick the Buddy: Forever
88,2019_10_28,마피아42
89,2019_10_28,세인트 세이야 : 각성
90,2019_10_28,FIFA ONLINE 4 M by EA SPORTS™
91,2019_10_28,Run Race 3D
92,2019_10_28,무한의 기차
93,2019_10_28,Soul Knight
94,2019_10_28,Rummikub
95,2019_10_28,회사 탈출3　-탈출 게임
96,2019_10_28,Piano Tiles 2™
97,2019_10_28,Nonogram.com - 픽처 크로스 퍼즐 게임
98,2019_10_28,Merge Robots - Idle Tycoon Games 2019
99,2019_10_28,Popcorn Burst
100,2019_10_28,Block Puzzle Universe
