﻿rank,date,name
1,2019_09_04,Perfect Slices
2,2019_09_04,Pokémon Masters
3,2019_09_04,Sand Balls
4,2019_09_04,쿵야 캐치마인드
5,2019_09_04,보스레이브
6,2019_09_04,Hoop Stars
7,2019_09_04,Cool Goal!
8,2019_09_04,에오스 레드
9,2019_09_04,브롤스타즈
10,2019_09_04,꿈의 정원 (Gardenscapes)
11,2019_09_04,Mr Bullet - 스파이 퍼즐
12,2019_09_04,aquapark.io
13,2019_09_04,꿈의 집 (Homescapes)
14,2019_09_04,Sandwich!
15,2019_09_04,궁수의 전설
16,2019_09_04,Fun Race 3D
17,2019_09_04,클래식 어드벤처
18,2019_09_04,Color Fill 3D
19,2019_09_04,꿈의 마을 (Township)
20,2019_09_04,배틀그라운드
21,2019_09_04,ROBLOX
22,2019_09_04,로드 모바일: 제국의 전쟁 - MMORPG
23,2019_09_04,Jelly Shift
24,2019_09_04,Traffic Run!
25,2019_09_04,무한의 계단
26,2019_09_04,Wrecking Ball
27,2019_09_04,Run Race 3D
28,2019_09_04,"Numpuz: Classic Number Games, Num Riddle Puzzle"
29,2019_09_04,바이러스 워 - 우주 슈팅 게임
30,2019_09_04,토킹톰 히어로 대시
31,2019_09_04,미르의 전설2 어게인
32,2019_09_04,Minecraft 체험판
33,2019_09_04,스나이퍼 3D 어쌔신: 무료 슈팅 게임 (Sniper 3D Assassin)
34,2019_09_04,Crowd City
35,2019_09_04,Happy Glass
36,2019_09_04,OnPipe
37,2019_09_04,Amazing PG Frog Simulator
38,2019_09_04,Paper.io 2
39,2019_09_04,모두의마블
40,2019_09_04,Bottle Flip 3D
41,2019_09_04,토킹톰 골드런
42,2019_09_04,Neon Splash
43,2019_09_04,피망 뉴맞고 : 고스톱으로 대한민국 1등
44,2019_09_04,롤링 스카이
45,2019_09_04,Snowball.io
46,2019_09_04,브롤 스타즈 상자깡 버그판 마인크래프트 게임 고양이 Brawl Stars
47,2019_09_04,아이돌마스터 밀리언 라이브! 시어터 데이즈
48,2019_09_04,Rider
49,2019_09_04,냥코 대전쟁
50,2019_09_04,아기 팬더: 공주 메이크업
51,2019_09_04,도끼.io
52,2019_09_04,Rummikub
53,2019_09_04,클래시 로얄
54,2019_09_04,Beach Clean
55,2019_09_04,숨바꼭질 온라인 - 실시간 숨바꼭질
56,2019_09_04,"좋은 피자, 위대한 피자"
57,2019_09_04,Battle Disc
58,2019_09_04,Blade Master - Mini Action RPG Game
59,2019_09_04,Empires & Puzzles: RPG Quest
60,2019_09_04,마이토킹톰 2
61,2019_09_04,Train Taxi
62,2019_09_04,Puzzle Fuzzle
63,2019_09_04,한게임 신맞고 : 대한민국 원조 고스톱
64,2019_09_04,의지의 히어로
65,2019_09_04,스페이스 슈터: 외계인 슈팅게임
66,2019_09_04,삼국지:략
67,2019_09_04,벽돌깨기 퀘스트
68,2019_09_04,갤럭시 슈터 - 팔콘 스쿼드 - 외계인 슈팅게임
69,2019_09_04,아스팔트 9: 레전드- 2019 액션 카 레이싱 게임
70,2019_09_04,신비아파트 고스트헌터
71,2019_09_04,슈퍼펭귄 (Super Penguins)
72,2019_09_04,Piano Tiles 2™
73,2019_09_04,마피아42
74,2019_09_04,Tomb of the Mask
75,2019_09_04,Draw it
76,2019_09_04,엄마는 라면 숨겼다 3 - 탈출 게임
77,2019_09_04,아기 팬더의 패션 플라워 DIY
78,2019_09_04,지오메트리 대시 라이트 (Geometry Dash L)
79,2019_09_04,Shootout 3D
80,2019_09_04,Supreme Duelist Stickman
81,2019_09_04,삼국지 디펜스M
82,2019_09_04,Box simulator for Brawl stars
83,2019_09_04,피망 섯다
84,2019_09_04,Idle Aqua Park
85,2019_09_04,Rocket Sky!
86,2019_09_04,1945
87,2019_09_04,라플라스M
88,2019_09_04,Magic Tiles 3
89,2019_09_04,FIFA ONLINE 4 M by EA SPORTS™
90,2019_09_04,쿠키런: 오븐브레이크
91,2019_09_04,Dream Piano - Music Game
92,2019_09_04,Dancing Road: Color Ball Run!
93,2019_09_04,행복의 저택
94,2019_09_04,좀비고등학교
95,2019_09_04,미라큘러스 레이디버그와 블랙캣
96,2019_09_04,"나의최애캐 (언니돌, #unniedoll)"
97,2019_09_04,낚시 클래시: 스포츠 낚시 게임 (Fishing Clash)
98,2019_09_04,Helix Jump
99,2019_09_04,Pokémon GO
100,2019_09_04,Tiles Hop: EDM Rush!
