﻿title,count,date,good_count,bad_count,youtuber,subscriber,url
무한의 계단 오치의 MVP 타자 칭호 도전기 (자막 있음),"143,935",2019_02_23,899,62,오치,66000,https://www.youtube.com/watch?v=09Vr49G2H2I
"무한의 계단 실버 마스크 (3.1배속 편집, 자막 있음)","19,736",2019_02_28,227,13,오치,66000,https://www.youtube.com/watch?v=9oj3YDksWU4
무한의 계단 버튼 스킨 등장 (자막 있음),"18,812",2019_02_28,195,9,오치,66000,https://www.youtube.com/watch?v=-xPrDm0OaZo
무한의 계단 다이소 터치펜으로 1000계단 오르기 (자막 있음),"52,502",2019_03_02,557,34,오치,66000,https://www.youtube.com/watch?v=s7Uyf4w2SZ4
"무한의 계단 오치가 목소리 공개를 안 하는 이유 (1.5배속, 자막 있음)","52,550",2019_03_04,540,19,오치,66000,https://www.youtube.com/watch?v=G5FYOyPGKLY
"무한의 계단 일일 미션 (자막 있음, 배속 편집)","18,078",2019_03_06,220,10,오치,66000,https://www.youtube.com/watch?v=_E6---P-4GI
무한의 계단 달의 요정 (자막 있음),"14,849",2019_03_08,197,5,오치,66000,https://www.youtube.com/watch?v=q9cH7jhVKyA
무한의 계단 3000계단 오르기 교실 (자막 있음),"7,870",2019_03_09,204,5,오치,66000,https://www.youtube.com/watch?v=q88O1lcTtu8
무한의계단 칭호 긴 생머리,57,2019_03_09,2,0,톨토씨,29,https://www.youtube.com/watch?v=vSVCAVbhTvs
무한의 계단 얼리어답터 늑대소녀 (자막 있음),"13,498",2019_03_13,143,5,오치,66000,https://www.youtube.com/watch?v=v2eGkt7oyBs
[오치손] 무한의 계단 약지로 1000계단 오르기 (자막 있음),"14,568",2019_03_15,174,8,오치,66000,https://www.youtube.com/watch?v=uFpA2DXPW7Y
무한의 계단 맨인블랙 외계로봇 (자막 있음),"7,523",2019_03_18,114,5,오치,66000,https://www.youtube.com/watch?v=nHmw4OWOZcQ
무한의 계단 200타임모드 신기록!! (11초대!),"1,465",2019_03_20,17,1,CS Healer,2640,https://www.youtube.com/watch?v=pbjZkD0G0Go
무한의 계단 한정판 새학기 세트 (자막 있음),"103,485",2019_03_22,863,36,오치,66000,https://www.youtube.com/watch?v=3WaK1Um2VYk
무한의계단남학생/여학생/골드마스크,391,2019_03_22,0,0,라디현질러,11,https://www.youtube.com/watch?v=ow5EB5Jg1cE
무한의 계단 여고생 바니걸 (자막 있음),"13,513",2019_03_23,208,11,오치,66000,https://www.youtube.com/watch?v=FspORO9eLvE
무한의 계단 한정판 새학기 세트 보상 싹쓸이,"20,088",2019_03_23,273,12,오치,66000,https://www.youtube.com/watch?v=FNoF4-9p07o
무한의계단#1)-초보,202,2019_03_27,6,0,제왕YouTuber,0,https://www.youtube.com/watch?v=7dMvSqIYZg0
무한의 계단 골드 마스크 (자막 있음),"36,136",2019_03_29,308,15,오치,66000,https://www.youtube.com/watch?v=qvF31gHRhMQ
오치가 생각하는 무한의 계단 고수 점수 (자막 있음),"137,116",2019_03_29,1100,63,오치,66000,https://www.youtube.com/watch?v=7IiZhkMFiVo
미스 무한의 계단 선발 대회 예선 1조 (자막 있음),"10,612",2019_03_30,181,5,오치,66000,https://www.youtube.com/watch?v=gGvN64ZsZng
무한의 계단 1000점가는 꿀팁!,95,2019_03_31,2,0,NAME 1080,20,https://www.youtube.com/watch?v=avTwALOo8JI
무한의 계단 여학생 & 알람시계 (자막 있음),"5,215",2019_04_06,109,8,오치,66000,https://www.youtube.com/watch?v=vRxHnKu6kMI
무한의계단 핵 게임가디언X 공유합니다,551,2019_04_07,3,1,s SuddenHack,0,https://www.youtube.com/watch?v=_DqO9Q6gBr0
미스 무한의 계단 선발 대회 예선 2조 (자막 있음),"5,405",2019_04_08,97,2,오치,66000,https://www.youtube.com/watch?v=6xjqcN1OIlU
무한의 계단 2019. 4. 12 업데이트 정리 (자막 있음),"4,255",2019_04_12,83,6,오치,66000,https://www.youtube.com/watch?v=XEA2HFgxwYw
무한의 계단 한정판 새학기 세트 총정리 (자막 있음),"5,308",2019_04_12,81,2,오치,66000,https://www.youtube.com/watch?v=Mfv7fn1T3X0
무한의 계단 돈이 없어 pvp를 하는 거지힐러... (99%무편집),315,2019_04_13,9,1,CS Healer,2640,https://www.youtube.com/watch?v=pOl_47Igvu4
무한의 계단 스테이터스 단계와 등급표 (자막 있음),"4,658",2019_04_15,62,2,오치,66000,https://www.youtube.com/watch?v=F6qHDxkKjd0
무한의 계단 정글 개구쟁이 (자막 있음),"6,102",2019_04_20,88,4,오치,66000,https://www.youtube.com/watch?v=EMHR_JN0nKA
와....무한의계단 해봤습니다! 유투브 버그판 링크 를 검색 해 보세여!,"1,694",2019_04_20,7,7,새우고양이[게임.추천],17,https://www.youtube.com/watch?v=hWr9Z0Yrp50
(무한의 계단) 버그판 링크,"6,596",2019_04_21,22,9,옥탱크,862,https://www.youtube.com/watch?v=IfCov1TJyYM
무한의 계단 북극 곰인형 (자막 있음),"4,431",2019_04_22,87,2,오치,66000,https://www.youtube.com/watch?v=ZVLtr0I3y5c
"무한의 계단 복귀 및 플레이 영상(무한모드, 하드모드 포함)","7,777",2019_04_26,100,3,변건우,12500,https://www.youtube.com/watch?v=uEUuc-4CGbQ
[무한의계단/캐릭터] 비키니 바니걸,194,2019_04_26,0,0,콩나물공략,3,https://www.youtube.com/watch?v=_t-3DlKWZHM
무한의계단 버그판링크,"2,306",2019_04_27,15,6,홍리건,52,https://www.youtube.com/watch?v=-2LO1H0E9cI
무한의 계단 오치가 즐겨 사용한 캐릭터 BEST 10 (자막 있음),"49,804",2019_04_27,441,20,오치,66000,https://www.youtube.com/watch?v=0-3mUxKf5_o
무한의계단 고급엘리베이터 타기,389,2019_04_28,3,0,니소,2,https://www.youtube.com/watch?v=qjM1a-u53xo
무한의 계단 베이커리 검투사 (자막 있음),"3,531",2019_04_29,56,0,오치,66000,https://www.youtube.com/watch?v=DpvS-1NSJ1I
[게임] 무한의 계단 플래이!!!,28,2019_04_30,3,1,달님동생,11,https://www.youtube.com/watch?v=3JARcLtvSVc
[무한의 계단] 초고수가 과거~현재에 이르기 까지 pvp 기록들을 몇개 모아 봤습니다!!,"12,045",2019_05_01,123,4,변건우,12500,https://www.youtube.com/watch?v=88bAJnBrNqQ
무한의 계단 타락한 꼬마 백마법사 (자막 있음),"7,335",2019_05_01,85,0,오치,66000,https://www.youtube.com/watch?v=S9xY-r3Iq-k
무한의 계단 한정판 로봇 기지 세트 이벤트 (자막 있음),"87,840",2019_05_03,572,39,오치,66000,https://www.youtube.com/watch?v=eazlMkU4W5g
무한의 계단 TOTAL 1000만점 달성기 (자막 있음),"15,888",2019_05_04,172,5,오치,66000,https://www.youtube.com/watch?v=3xk9zZjG8Gg
"무한의 계단 PVP 비밀병기 곰돌이 (1.2배속 편집, 자막 있음)","36,612",2019_05_05,318,16,오치,66000,https://www.youtube.com/watch?v=St8JX6I_yhM
무한의 계단 개조 인간 (자막 있음),"58,116",2019_05_07,750,30,오치,66000,https://www.youtube.com/watch?v=OVfGm8OMeS8
무한의 계단 개조 쿵푸걸 (자막 있음),"5,534",2019_05_12,90,1,오치,66000,https://www.youtube.com/watch?v=4q0wKdlvjU4
무한의 계단 황제메달 챌린지!#2,199,2019_05_14,3,0,CS Healer,2640,https://www.youtube.com/watch?v=lDbkV8tAltI
무한의 계단 도둑잡기로 늑대탈 양치기 소녀 칭호 얻기 (자막 있음),"14,576",2019_05_15,146,5,오치,66000,https://www.youtube.com/watch?v=AeHzgsN6rpc
무한의 계단 한정판 펫 10종 모음 (infinite stairs limited pet),"8,851",2019_05_18,68,4,오치,66000,https://www.youtube.com/watch?v=Jn5HzqLbxsY
무한의 계단 장보러 온 검도선수 (자막 있음),"4,963",2019_05_20,61,2,오치,66000,https://www.youtube.com/watch?v=e47uU3ElGMk
무한의계단 asmr 모바일게임,"4,956",2019_05_23,83,0,효자씨,3400,https://www.youtube.com/watch?v=ZRezbT0O5wE
무한의 계단 2019. 5. 24 업데이트 정리 (자막 있음),"6,195",2019_05_25,87,5,오치,66000,https://www.youtube.com/watch?v=x71Llf2_99E
무한의 계단 드래곤 부화 모드 드래곤알 빨리 모으는 방법 (자막 있음),"6,392",2019_05_26,77,3,오치,66000,https://www.youtube.com/watch?v=e1H6D8y7KZQ
무한의 계단 운동부 태권소녀 (자막 있음),"6,546",2019_06_01,75,3,오치,66000,https://www.youtube.com/watch?v=251F5HuoSRU
무한의 계단 버그판! 근데무슨 일이?!,166,2019_06_05,2,0,로한겐,13,https://www.youtube.com/watch?v=oO3rM6uE6iQ
무한의 계단 황제 드래곤 (자막 있음),"243,687",2019_06_05,1400,83,오치,66000,https://www.youtube.com/watch?v=a4E9MYTuDKw
[공포게임] 무한의 계단 SCP - 087 B 플레이. 공포게임 전문 유튜버가 깨보았다.,108,2019_06_07,2,0,도사강진구,273,https://www.youtube.com/watch?v=Tc_0JVjYqlg
무한의 계단 고교생 드라큘라 (자막 있음),"6,980",2019_06_08,92,6,오치,66000,https://www.youtube.com/watch?v=w1dS28hnSm0
[HIGH HIGH]하이하이~지렁이 무한의계단? 켠왕 100층 가즈아! 중독성게임[쌍디],73,2019_06_08,6,0,쌍디의로블록스,1530,https://www.youtube.com/watch?v=dRz1xnIed5o
무한의 계단 베스트+조건 캐릭터 목소리 모음 (자막 열심히 넣음),"14,625",2019_06_12,205,8,오치,66000,https://www.youtube.com/watch?v=AKbdRsnY3m0
무한의 계단 한정판 학교 세트2 소개 (자막 있음),"10,604",2019_06_15,136,7,오치,66000,https://www.youtube.com/watch?v=I4WPjU_dLs4
[무한의계단]변건우님과 pvp 10000점,"9,086",2019_06_19,67,8,박주성,48,https://www.youtube.com/watch?v=6DQLTv4OPbw
무한의 계단 한정판 학교 세트 II 보상 총정리 (자막 있음),"6,341",2019_06_22,88,4,오치,66000,https://www.youtube.com/watch?v=0yKaKGTxx5A
무한의 계단 밴드부 래퍼 (자막 있음),"4,071",2019_06_25,53,5,오치,66000,https://www.youtube.com/watch?v=SzIQNwkXxZo
[오치손] 무한의 계단 투엄지 타법 교실 (자막 있음),"131,379",2019_06_29,964,61,오치,66000,https://www.youtube.com/watch?v=YBMBD4xFqD4
무한의 계단 사랑을 찾는 탐험가 (자막 있음),"15,004",2019_07_01,193,4,오치,66000,https://www.youtube.com/watch?v=2fU2GBb1m8s
무한의 계단 개굴개굴 흑마법사 릴레이 모드로 얻기 (자막 있음),"34,808",2019_07_03,238,11,오치,66000,https://www.youtube.com/watch?v=18-Q5ADwqI8
무한의 계단 무지개 마스크 (자막 있음),"127,121",2019_07_05,1000,45,오치,66000,https://www.youtube.com/watch?v=ouznBbbxv2k
무한의 계단 아케이드 개구쟁이 (자막 있음),"12,584",2019_07_06,122,6,오치,66000,https://www.youtube.com/watch?v=osSVDDNj1FU
로한M부터 무한의계단 등 인기 게임쿠폰 아이템매니아가 뿌림,324,2019_07_07,2,0,ITEM MANIA,317,https://www.youtube.com/watch?v=LnHQOpBz0Qg
무한의 계단 2019. 7. 4 업데이트 정리 (자막 있음),"6,700",2019_07_08,67,4,오치,66000,https://www.youtube.com/watch?v=Sv5N6K5jUt8
(무한의계단)레인보우(무지개)마스크얻는법,408,2019_07_09,0,4,아니이런,6,https://www.youtube.com/watch?v=Nn2rmKP8cDI
[무한의 계단]무한의 계단 검객 ★경지의 오른★칭호,120,2019_07_10,1,0,김윤수,3,https://www.youtube.com/watch?v=b-tWwebbHOE
무한의 계단 요일 던전 버그 (자막 있음),"6,902",2019_07_10,69,5,오치,66000,https://www.youtube.com/watch?v=bLOl4gvN4g4
무한의 계단 흑장미 괴도 (자막 있음),"10,499",2019_07_12,110,5,오치,66000,https://www.youtube.com/watch?v=kerM2rIvO18
무한의 계단 마스크 시리즈 대시 모음 (자막 있음),"53,477",2019_07_13,453,31,오치,66000,https://www.youtube.com/watch?v=2h_PzDKco-Q
무한의 계단 불여우 여우소녀 (자막 있음),"9,218",2019_07_16,113,2,오치,66000,https://www.youtube.com/watch?v=EZdTV1y1Lko
무한의 계단 전설의 검 기사 (자막 있음),"8,025",2019_07_17,75,7,오치,66000,https://www.youtube.com/watch?v=TgPUDL9MYks
#무한의계단 #korean game #Nfly studio 무한의계단 게임리뷰/infinite staircase korean game review,27,2019_07_19,0,0,조승연,1,https://www.youtube.com/watch?v=sNOIVdCvec0
무한의 계단 버그판 최신! (링크 설명란에),"3,212",2019_07_20,4,19,현호홍,77,https://www.youtube.com/watch?v=jsjYCphHKMY
무한의 계단 잘하는 법 (자막 있음),"93,720",2019_07_20,890,38,오치,66000,https://www.youtube.com/watch?v=LPqvMEeKeC8
무한의 계단 선물상자 인형소녀로 BONUS 글자 모으기 (자막 있음),"8,074",2019_07_22,86,2,오치,66000,https://www.youtube.com/watch?v=Vd1o1jKchys
무한의 계단 변기가 막힌 파라오 (자막 있음),"7,956",2019_07_24,96,2,오치,66000,https://www.youtube.com/watch?v=4tLr9mEDxEk
중독성 무엇?? 무한의 계단 게임 만들기 :: 코스페이시스 활용법(3),331,2019_07_24,6,0,케리스와 SW친구들,327,https://www.youtube.com/watch?v=hplp06PykbY
무한의 계단 무인도 표류기 1편 (자막 있음),"29,701",2019_07_26,273,11,오치,66000,https://www.youtube.com/watch?v=0D3ijFELQkw
무한의 계단 무인도 표류기 2편 (자막 있음),"45,343",2019_07_27,326,16,오치,66000,https://www.youtube.com/watch?v=MAMSHuqo7PI
무한의 계단 무인도 표류기 3편 (자막 있음),"80,142",2019_07_28,525,14,오치,66000,https://www.youtube.com/watch?v=hpgcuhwqKBU
무한의 계단 무인도 표류기 4편 (자막 있음),"86,149",2019_07_29,533,26,오치,66000,https://www.youtube.com/watch?v=1jYIlNzg1z4
무한의 계단 표류된 비지니스맨 구출기 2편 (자막 있음),"16,356",2019_07_31,207,6,오치,66000,https://www.youtube.com/watch?v=bt6phtWog5U
1.3.7 업데이트 리뷰&바캉스 공주_무한의 계단[을로],217,2019_07_31,1,1,허니에이드[을로],20,https://www.youtube.com/watch?v=oLNmEtzCQpE
무한의 계단 표류된 소녀 (자막 있음),"22,467",2019_08_03,295,15,오치,66000,https://www.youtube.com/watch?v=ZHzSAwc4PZg
무한의계단 포류된비지니스맨구출도즈언~~~~!,238,2019_08_03,2,5,TV레인져슈퍼,17,https://www.youtube.com/watch?v=bPX_0Ycea88
무한의 계단 표류된 복서 (자막 있음),"17,448",2019_08_05,234,8,오치,66000,https://www.youtube.com/watch?v=qQPhg-iX79c
[무한의계단] 황제 드래곤 획득 영상!,205,2019_08_05,2,0,태극궁극,26,https://www.youtube.com/watch?v=8WC8e4KCzow
무한의 계단 표류된 비지니스맨 구출기 5편 (자막 있음),"18,390",2019_08_06,220,10,오치,66000,https://www.youtube.com/watch?v=hbxkiNQQZ3c
무한의 계단 표류된 비지니스맨 구출기 6편 (자막 있음),"19,428",2019_08_08,223,6,오치,66000,https://www.youtube.com/watch?v=3Tt630i5KPI
"게임가디언 : 무한의 계단 돈, 보석 핵 [헬프가디언]","1,328",2019_08_08,7,4,헬프가디언,18,https://www.youtube.com/watch?v=XUEkvOjgQbE
무한의 계단 무인도 표류기 5편 (추가 업데이트),"55,865",2019_08_09,403,15,오치,66000,https://www.youtube.com/watch?v=5Mbf3mM3MaE
무한의 계단 무인도 표류기 6편 (자막 있음),"53,713",2019_08_10,491,18,오치,66000,https://www.youtube.com/watch?v=3ae58ocRGgk
무한의 계단 무인도 표류기 7편 (자막 있음),"65,278",2019_08_12,402,24,오치,66000,https://www.youtube.com/watch?v=26MMxs03or8
무한의 계단 소라 아이템 보상 알아보기 (자막 있음),"123,950",2019_08_13,838,43,오치,66000,https://www.youtube.com/watch?v=qGk2bxFS89M
무한의계단 모든 브금 모음!!!,"3,173",2019_08_14,30,2,연필깎이,184,https://www.youtube.com/watch?v=7qhm9t67zl0
무한의 계단 표류된 비지니스맨 구출기 완결편 (자막 있음),"121,684",2019_08_15,1000,52,오치,66000,https://www.youtube.com/watch?v=uiWKcEshPTA
[무한의 계단]무인도 포류기 스킨들 리뷰,208,2019_08_15,0,1,ᅵᅳ,113,https://www.youtube.com/watch?v=_YxVdpaAuLw
무한의 계단 표류된 보안관 (자막 있음),"17,651",2019_08_18,215,7,오치,66000,https://www.youtube.com/watch?v=lJ4FECe5kAk
무한의 계단 바캉스 공주 (자막 있음),"20,510",2019_08_19,345,10,오치,66000,https://www.youtube.com/watch?v=2l7_79G-IWk
"[무한의 계단] 무한의 계단 골드,보석 게임가디언 핵","1,973",2019_08_20,10,4,대전쟁냥이,782,https://www.youtube.com/watch?v=SJdp_nBm9vk
무한의 계단 소라 보상 알아보기,118,2019_08_20,0,0,주리유튜브,198,https://www.youtube.com/watch?v=VhgSHjmsoSk
무한의 계단 표류된 전투기 조종사 (자막 있음),"14,981",2019_08_20,195,9,오치,66000,https://www.youtube.com/watch?v=_H5O8TIqwTI
무한의 계단 무인도 표류기 이벤트는 언제까지 일까? (자막 있음),"20,043",2019_08_22,223,13,오치,66000,https://www.youtube.com/watch?v=Zk9HO6zvihg
무한의 계단 골든 유리인간 칭호 도전기 (자막 있음),"184,109",2019_08_24,1200,79,오치,66000,https://www.youtube.com/watch?v=eZfq_kqv-GY
무한의 계단 세계 1위의 타법 손캠 (feat.200타임모드),"2,200",2019_08_25,39,0,CS Healer,2640,https://www.youtube.com/watch?v=sxrkbwZaMVs
[ 무한의계단 ] 레드마스크로 400점 돌파하기 고정댓참,18,2019_08_25,2,0,딸기잼_,0,https://www.youtube.com/watch?v=SSn9hjJJJJE
무한의계단 건강주스 매니아 칭호 도전기,112,2019_08_26,6,0,민석이,19,https://www.youtube.com/watch?v=0q0reuW3peM
무한의계단 버그판,797,2019_08_27,7,12,밤톨맛쿠키,13,https://www.youtube.com/watch?v=hEG4q-6ymoE
무한의 계단 엘리베이터를 타도 코인돼지가 나올까? (최종편),"16,508",2019_08_29,198,3,오치,66000,https://www.youtube.com/watch?v=4zDW-Sg_j58
무한의 계단 메랑이 기운 태권소녀 칭호 도전기 (자막 있음),"137,734",2019_08_31,815,64,오치,66000,https://www.youtube.com/watch?v=bm6R_vEtUdc
무한의 계단 이벤트 피자 배달부 칭호 도전기 (자막 있음),"128,607",2019_09_02,724,49,오치,66000,https://www.youtube.com/watch?v=A2woiQ4eI7w
무한의 계단 철들은 말괄량이 (자막 있음),"33,601",2019_09_04,500,13,오치,66000,https://www.youtube.com/watch?v=Ayd1NjiE1MY
무한의계단 관우 얻기.,75,2019_09_07,0,1,이작가tv,8,https://www.youtube.com/watch?v=Pj7lOVCK0O8
무한의 계단 용의 탑 에피소드 1편 (자막 있음),"30,420",2019_09_07,347,15,오치,66000,https://www.youtube.com/watch?v=zfH2BLZR7uM
무한의계단 신규 이벤트 용의 탑 17층 클리어!!,348,2019_09_07,3,5,연필깎이,184,https://www.youtube.com/watch?v=OCSybkf-QzA
무한의 계단 고수를 모셔봤습니다!(재윤&예준tv),"2,183",2019_09_07,16,21,예준&재윤 TV,48,https://www.youtube.com/watch?v=O7J00PUum7k
무한의계단 오늘 처음 합니다! 무한의계단 모바일게임 (로맥스MAX),409,2019_09_08,17,1,로맥스MAX,2060,https://www.youtube.com/watch?v=nUHnkKt_JS0
무한의 계단 용의 탑 에피소드 2편 (자막 있음),"29,815",2019_09_08,357,11,오치,66000,https://www.youtube.com/watch?v=r_n4bc0Wrqo
무한의 계단 용의 탑 에피소드 3편 (자막 있음),"25,939",2019_09_10,452,12,오치,66000,https://www.youtube.com/watch?v=LwNQWFSwLMY
무한의 계단 용의 탑 에피소드 4편 (자막 있음),"25,647",2019_09_12,298,9,오치,66000,https://www.youtube.com/watch?v=qzaBseO5Zns
무한의계단초보!,35,2019_09_12,0,0,김시우,2,https://www.youtube.com/watch?v=Dl0fdwyM6Lw
무한의 계단 용의 탑 에피소드 5편 (자막 있음),"21,051",2019_09_14,299,6,오치,66000,https://www.youtube.com/watch?v=ic2hYi8pUW0
(보석 무한생성) 무한의 계단 버그판 링크,"2,393",2019_09_14,0,0,구독하면프사처럼됨,101,https://www.youtube.com/watch?v=TvaDTlT-cIg
무한의 계단 용의탑 400층 가기,171,2019_09_14,0,1,게임하는BB뱁새,21,https://www.youtube.com/watch?v=7EASZ0_9dvw
무한의 계단 용의탑 300층가기!! 300층을 가니 도적 래퍼를 준다??,26,2019_09_16,1,0,멀티펀,131,https://www.youtube.com/watch?v=oKKvRf4B_FE
1시간 안에 무한의 계단 '1000계단' 오르기 미션!,"326,941",2019_09_16,3400,181,밍모,495000,https://www.youtube.com/watch?v=3Ye6EprHs_Q
무한의 계단 용의 탑 에피소드 6편 (자막 있음),"67,889",2019_09_16,535,17,오치,66000,https://www.youtube.com/watch?v=b1tt7RyCiVk
무한의 계단 사과하는 큐피드 (자막 있음),"14,592",2019_09_18,169,5,오치,66000,https://www.youtube.com/watch?v=LLlP6Y7eMSc
무한의 계단 기사 비지니스맨 얻는 방법 (자막 있음),"23,934",2019_09_20,285,12,오치,66000,https://www.youtube.com/watch?v=alApKKH_wac
무한의 계단 기사 비지니스맨 구하기 1편 (자막 있음),"16,539",2019_09_23,196,4,오치,66000,https://www.youtube.com/watch?v=Wr5ezTquic8
무한의 계단 기사 비지니스맨 구하기 2편 (자막 있음),"11,222",2019_09_25,159,3,오치,66000,https://www.youtube.com/watch?v=XKrsXXUL-Hw
무한의계단 아이템 뽑기 약100000원,"2,013",2019_09_26,11,3,마인드tv,43,https://www.youtube.com/watch?v=gRY0KV5EhSY
무한의 계단 버그판공유!!사기X(설명란에!!,"1,227",2019_09_26,15,5,쿄쿄 쿄,91,https://www.youtube.com/watch?v=rFZKUEHZAQU
무한의계단게임하기,13,2019_09_27,0,0,홍민호,5,https://www.youtube.com/watch?v=-hJvniLZ-Ks
무한의 계단 얼음배달 택배기사 (자막 있음),"24,310",2019_09_27,289,11,오치,66000,https://www.youtube.com/watch?v=RIZhSWeLO6c
무한의계단 백만볼트모드 조건캐릭터 프랑켄 슈타인 얻기,49,2019_09_28,2,0,함녜HAMNE,13,https://www.youtube.com/watch?v=lQD_371WrxE
무한의 계단 용의 탑 클리어~!,62,2019_09_28,1,1,크너tv,60,https://www.youtube.com/watch?v=Qi0K0VJYk98
무한의계단 캐릭터 100개 돌파!!~,36,2019_09_28,0,1,시우tv시바견,201,https://www.youtube.com/watch?v=dWUoFBClioI
무한의 계단 코인 배수 올리는 법 (자막 있음),"68,937",2019_09_29,556,22,오치,66000,https://www.youtube.com/watch?v=87MqmJ0gEGA
무한의 계단 오치처럼 보너스 게임 점수 많이 올리는 법 (자막 있음),"45,792",2019_09_30,424,18,오치,66000,https://www.youtube.com/watch?v=p7MAFh6C8kw
무한의계단 1500계단 가보기 :: 밍모 쫄? 쫄?,"158,025",2019_10_01,1800,121,밍모,495000,https://www.youtube.com/watch?v=Jl-M5orBFZU
무한의 계단 선물상자 메두까기 인형 (자막 있음),"15,956",2019_10_02,190,9,오치,66000,https://www.youtube.com/watch?v=pF0xQ2MEDZw
무한의계단 버그판 리뷰~!!!!,211,2019_10_02,1,0,하늘T V,9,https://www.youtube.com/watch?v=g2y8EZiVgsY
무한의계단 키보드로하기 옥토퍼스 이용 보드 nkeyboard M,183,2019_10_03,2,1,YT 꾸물이_GGUWATER,38,https://www.youtube.com/watch?v=IX_HvEm3g7E
무인도 표류기 II (with 바다코끼리&토템)_무한의 계단[을로],199,2019_10_03,2,0,허니에이드[을로],20,https://www.youtube.com/watch?v=NQDO49jVV7U
무한의계단,63,2019_10_04,7,1,노답tv,20,https://www.youtube.com/watch?v=tt0iUuBhN5U
무한의 계단 용의 탑 에피소드 7편 (자막 있음),"76,378",2019_10_05,695,19,오치,66000,https://www.youtube.com/watch?v=W_ANnhGYQeE
무한의계단 용의탑! (1000층 달성!),"1,403",2019_10_06,9,2,강아지키움,81,https://www.youtube.com/watch?v=cLLtQYQi-8Q
무한의 계단 ?캐릭터 얻는 법,"6,827",2019_10_06,40,13,라라이즈 Raise,23,https://www.youtube.com/watch?v=36OWDM9GtTc
무한의 계단 용의 탑 에피소드 8편 (자막 있음),"52,221",2019_10_07,621,13,오치,66000,https://www.youtube.com/watch?v=ne6lbSYNXR0
[영이02]무한의 계단 용의 탑 에피소드 1000층 돌파&클리어,364,2019_10_07,4,0,영이02,480,https://www.youtube.com/watch?v=FOC0LWVI-C0
무한의 계단& 배틀그라운드 게임 2# 블루유튜브,4,2019_10_08,0,0,블루 유튜브,5,https://www.youtube.com/watch?v=R9Wn5fWBZaI
무한의 계단 용의 탑 800층 달성!!,210,2019_10_08,3,0,크너tv,60,https://www.youtube.com/watch?v=F3MQ8Ogo2ak
[모바일게임] 희돔의 게임교실#2 무한의계단 간단플레이,22,2019_10_08,2,0,희돔[No Japan 사지않습니다.쓰지않습니다.],25,https://www.youtube.com/watch?v=VpJ5kFmJYqQ
무한의 계단 용의 탑 에피소드 9편 (자막 있음),"31,681",2019_10_09,368,15,오치,66000,https://www.youtube.com/watch?v=iOJ-CZjdNOQ
무한의계단 용의탑 1000층 가는 영상,155,2019_10_09,2,0,youtube 재윤tv,72,https://www.youtube.com/watch?v=S7hLRrFaPE8
팽이 게임 무한의 계단 퀴즈 등을해보았당! 썸네일 만들기 귀찬당~,10,2019_10_10,1,1,TV뮴뮤트,6,https://www.youtube.com/watch?v=WpPwPRLkPFE
무한의 계단 용의 탑 에피소드 10편 (자막 있음),"33,656",2019_10_11,355,7,오치,66000,https://www.youtube.com/watch?v=pLF8dNN5YPg
무한의 계단 5000가기,30,2019_10_11,3,0,Bola_Volla,51,https://www.youtube.com/watch?v=mG-yGKgNBwM
이건 진짜 실패하면 안되는 미션입니다 ㅠㅠ : : 무한의 계단,"186,506",2019_10_11,2100,102,밍모,495000,https://www.youtube.com/watch?v=Qtmv7C6FIHc
구독!!! 오늘게임 무한의 계단,3,2019_10_12,1,0,여러가지게임들,0,https://www.youtube.com/watch?v=SDelEsS-K0E
무한의 계단 800점 기념!!!,20,2019_10_12,0,0,리프tv,13,https://www.youtube.com/watch?v=XHqMehlVjqM
(상어의 모바일 게임) 무한의 계단 500점 찍기!!! 499점 실화냐....??? [자막 있음],59,2019_10_12,4,1,han상어 YouTube,140,https://www.youtube.com/watch?v=4wdahdoI0js
무한의 계단 용의 탑 에피소드 11편 (자막 있음),"47,363",2019_10_13,743,26,오치,66000,https://www.youtube.com/watch?v=TE5nYQgwRzQ
무한의 계단 용의 탑 에피소드 최종편 (자막 있음),"130,143",2019_10_15,1000,64,오치,66000,https://www.youtube.com/watch?v=0aHpAewjYno
무한의 계단 버그판,"1,075",2019_10_15,3,8,유준수,1,https://www.youtube.com/watch?v=v3nBbTRlp0Q
무한의 계단 까는법!,522,2019_10_15,0,4,유준수,1,https://www.youtube.com/watch?v=ewV9POd0N3w
이 캐릭터로 무한의계단을 한다면...?,"182,337",2019_10_16,1700,111,밍모,495000,https://www.youtube.com/watch?v=KR7bTAmJclY
계단이 없다구 ?! ㅋㅋㅋ :: 무한의 계단 유리모드,"197,368",2019_10_17,2000,91,밍모,495000,https://www.youtube.com/watch?v=QM5nn2CEYfg
무한의 계단 용의 탑 (자막 있음),"50,604",2019_10_17,591,13,오치,66000,https://www.youtube.com/watch?v=fw-No9TNBeY
무한의계단 게임 하기,14,2019_10_18,0,0,지후와 시현이의 미술학원,5,https://www.youtube.com/watch?v=WQEl56xNVQw
무한의 계단 계단을 오르는게임! 계단을올라서 기록을 세워봐요!,10,2019_10_18,2,0,망고가 나가신다,14,https://www.youtube.com/watch?v=X5jXRPnI79A
무인도에 갇힌 무한의계단? ㅋㅋㅋ :: 무인도 표류기,"101,130",2019_10_18,1000,53,밍모,495000,https://www.youtube.com/watch?v=ZwuS72EgNV0
무한의 계단 RPG 등장 ?! :: 용의 탑,"42,238",2019_10_19,648,33,밍모,495000,https://www.youtube.com/watch?v=OR2UDlu1KZo
무한의 계단 기사 비지니스맨 ver.1 (자막 있음),"20,402",2019_10_19,276,6,오치,66000,https://www.youtube.com/watch?v=jwve6MbW-pI
(게임방송) 무한의 계단 1화(절력질주 모드 팔빠질뻔),9,2019_10_19,0,0,급식왕 최고,10,https://www.youtube.com/watch?v=uowaoHY-2YY
[게임] 무한의계단 - 기록 갱신 도전,28,2019_10_19,2,2,주니비트,25,https://www.youtube.com/watch?v=WwaMNOs-h4k
다냐 게임 오늘은 무한의 계단을 했어요,6,2019_10_19,1,0,김채연,2,https://www.youtube.com/watch?v=IdTbdZNguKw
무한의 계단 무한도전,5,2019_10_20,0,0,콜라TV,4,https://www.youtube.com/watch?v=J-J9mhGsegY
무한의 계단(게임),8,2019_10_20,1,0,아영TV,2,https://www.youtube.com/watch?v=tJY6NBrmtFo
"[똥손마미] 단순 재미게임, 무한의계단 게임을 즐겨보아요",5,2019_10_20,1,0,똥손마미 DDONGSONMAMMY,18,https://www.youtube.com/watch?v=js8Snch93xM
무한의계단게임가디언으로999999999가는법,921,2019_10_22,2,4,좀비고고나래,56,https://www.youtube.com/watch?v=R3yaSoh6S4I
2500계단 도전!! 부활만 있으면 가능?! :: 무한의 계단,"66,251",2019_10_22,784,33,밍모,495000,https://www.youtube.com/watch?v=9MvWNfmPbGE
자막을쓴무한의계단만화시리즈1화1편,16,2019_10_22,1,0,다양한게임유튜버,8,https://www.youtube.com/watch?v=hTgeCQd3tqQ
무한의 계단 Game을 오랬만에 해보았다❤/9️⃣8️⃣명 구독자 감사합니다🙇,20,2019_10_22,1,0,김채윤08tv,114,https://www.youtube.com/watch?v=1auhP-hM56A
무한의 계단 기사 비지니스맨 ver.2 (자막 있음),"17,341",2019_10_22,198,3,오치,66000,https://www.youtube.com/watch?v=koAig4UX6P8
무인도 대 탈출 작전 :: 무한의계단,"430,212",2019_10_23,3300,312,밍모,495000,https://www.youtube.com/watch?v=TmG-2M_Ec0Q
이 방법으로 2500계단 성공합니다 :: 무한의 계단,"98,752",2019_10_23,1100,44,밍모,495000,https://www.youtube.com/watch?v=FIFkPz56-eM
[무한의 계단] 10000점 돌파!! (시험 11일전에 무슨일이?!!),"4,179",2019_10_23,58,3,CS Healer,2640,https://www.youtube.com/watch?v=QizGogmyPnY
용의 탑 바로 클리어해버리기 :: 무한의계단,"122,284",2019_10_24,1200,63,밍모,495000,https://www.youtube.com/watch?v=uOKan5Y006c
무한의 계단 800점 돌파!!!,13,2019_10_25,0,0,이상화,10,https://www.youtube.com/watch?v=0OL0Kjxv8iA
"무한의계단,스네이크 ..등 게임",9,2019_10_25,1,0,고은tv,21,https://www.youtube.com/watch?v=49UlhUKO4t0
무한의 계단 용의 탑 에피소드 보물상자 보상 (자막 있음),"18,453",2019_10_25,248,5,오치,66000,https://www.youtube.com/watch?v=Fwup0Yk5mCs
[군캐R.P] 무한의계단 황금복서리뷰 (세로모드),179,2019_10_25,5,1,군캐R.P,232,https://www.youtube.com/watch?v=TiX2w9TktmM
/무한의계단/게임영상/설참👇🏻🤗,12,2019_10_26,3,0,달콩,49,https://www.youtube.com/watch?v=yLvhMHZQSOE
무한의 계단 오치가 팬아트 보내는 방법을 안 알려주는 이유 (자막 있음),"7,032",2019_10_26,168,5,오치,66000,https://www.youtube.com/watch?v=SY6j37FRYqA
무한의 계단(자막있음)(게임툴즈),4,2019_10_26,0,0,이창오,7,https://www.youtube.com/watch?v=g60axBu7GBk
[해킹씨] 무한의계단 유리인간,20,2019_10_26,2,0,솔져님,73,https://www.youtube.com/watch?v=Cwvy1d9tzIE
무한의계단 욕시 어려운 게임이여,4,2019_10_26,0,0,뼈다귀W,5,https://www.youtube.com/watch?v=3N0mKeN2i1U
무한의 계단이 재미있는 이유,"146,863",2019_10_28,2200,108,밍모,495000,https://www.youtube.com/watch?v=OR2863-tZpY
무한의 계단 도적 래퍼의 5000계단 도전기 (자막 있음),"66,380",2019_10_29,637,28,오치,66000,https://www.youtube.com/watch?v=rapFZb4BSwA
무한의 계단 용의탑 꼭대기까지 클리어~!,"311,406",2019_10_29,2400,148,밍모,495000,https://www.youtube.com/watch?v=DqV38Jamduk
김영우 무한의계단 게임,2,2019_10_30,1,0,김인호,0,https://www.youtube.com/watch?v=1q5M63AmjvA
게임 추천좀[무한의계단],7,2019_10_30,0,0,watermelon,6,https://www.youtube.com/watch?v=x9B4GkWPprA
무한의 계단 할로윈 기념 할로윈 세트로 PVP! (자막 있음),"28,377",2019_10_31,392,14,오치,66000,https://www.youtube.com/watch?v=EeYwvVHmJzA
계단오르기 게임(무한의계단),51,2019_10_31,6,0,택형,264,https://www.youtube.com/watch?v=89rJh3YIi58
무한의 계단 게임하기!! 에피소드 '용의탑' '무인도 포류기' 하기♥,40,2019_11_01,4,1,야미 yummy,31,https://www.youtube.com/watch?v=tFdijlMVvVc
무한의계단 무인도 완결편,"408,450",2019_11_01,3100,230,밍모,495000,https://www.youtube.com/watch?v=iXlBk7B-pKg
짜릿한 전기계단 오르는 게임 :: 무한의계단,"113,576",2019_11_01,1100,75,밍모,495000,https://www.youtube.com/watch?v=Nt9_TVo453A
무한의 계단 게임 중,9,2019_11_02,0,0,진욱꾹,5,https://www.youtube.com/watch?v=nyoMxVQke-Y
무한의 계단 게임에서 300계단 오르기,6,2019_11_02,1,0,구어린이TV,10,https://www.youtube.com/watch?v=apIfmg3RBNw
(게임영상)무한의계단 ※목소리 작음 주의,14,2019_11_02,2,0,레미TV,11,https://www.youtube.com/watch?v=SBXepovVIg0
(무한의 계단) 처음하는데 생각보다 잘한다(?),8,2019_11_02,1,0,워니,4,https://www.youtube.com/watch?v=GPccd43Bf94
[무한의계단] 무한의계단 PC(컴퓨터)로 하면 실력이 오를까? 내릴까? 무한의계단 모바일게임 (로맥스MAX),"3,736",2019_11_02,22,2,로맥스MAX,2060,https://www.youtube.com/watch?v=DBbfFreC0Hg
레드 드래곤을 얻었다?? 이게 캐릭터야 ?! :: 무한의계단,"249,361",2019_11_02,1900,142,밍모,495000,https://www.youtube.com/watch?v=NWt2klivKbw
무한의 계단 추천 게임 dnjstnddl♥♥,6,2019_11_03,2,0,원숭이,7,https://www.youtube.com/watch?v=LtwtqWgWSlY
[휴대폰 게임]무한의 계단~! 계단의 끝이 안보여요! 멍뭉이랑 같이 올라가요!!,38,2019_11_03,3,2,자탄 유튜브,16,https://www.youtube.com/watch?v=Wu2Pigzk3L8
무한의계단에서 쫓겨나 농부가 되어버렸다... :: 무한의 농장 1편,"98,685",2019_11_03,1000,37,밍모,495000,https://www.youtube.com/watch?v=t20gjOA2MEQ
무한의 계단 게임,2,2019_11_03,0,0,김준이,0,https://www.youtube.com/watch?v=vLdStQfq2rg
실수로 게임을 삭제했는데... 저장이... :: 무한의계단,"188,934",2019_11_04,2000,110,밍모,495000,https://www.youtube.com/watch?v=d2kVY60D3lw
Knife Hit게임과 무한의 계단 게임!,6,2019_11_04,2,0,이준빵 TV,38,https://www.youtube.com/watch?v=GkKvjJV6U7o
무한의 계단 백신 치료 좀비 (혐오 주의),"167,725",2019_11_04,1300,84,오치,66000,https://www.youtube.com/watch?v=YB_O83S5N3A
조카들 추천게임 무한의 계단,161,2019_11_05,8,1,지후삼촌,393,https://www.youtube.com/watch?v=hVYObTWvnuE
[모바일게임] 191105 무한의계단,8,2019_11_05,0,0,dlwnsdn0209,13,https://www.youtube.com/watch?v=oHWGhV64M3Y
무한의계단에 현질을 한다면...?!,"287,666",2019_11_05,2400,176,밍모,495000,https://www.youtube.com/watch?v=TVJlju0p-mQ
🐶%무한의계단%🐶 | 어린왕자 얻기,34,2019_11_05,2,0,측우CheugU,22,https://www.youtube.com/watch?v=jsCksiat0Lc
무한의계단 모바일게임 대결 ! 이긴 사람 마음대로 하기 ㅎ 버섯도리는 마인크래프트 아빠는 비행기 ㅋㅋ,"111,756",2019_11_06,1100,111,버섯도리,145000,https://www.youtube.com/watch?v=47UXGy9T3Cg
"무한의 계단 모든 캐릭터, 펫 소개 (2019. 10. 3 업데이트 기준)","25,318",2019_11_06,333,14,오치,66000,https://www.youtube.com/watch?v=hU6_V4p61cg
무한의 계단 제작자가 만든게임 리뷰,25,2019_11_06,5,1,루ty,47,https://www.youtube.com/watch?v=P7G4K1YBRg0
오랜만애 돌아온 대현의게임 무한의계단🚶🚶🚶🚶,13,2019_11_06,1,0,김대현TY,9,https://www.youtube.com/watch?v=c4RCds2uCpo
컴퓨터 무한의 계단으로 500점 넘겨 보았습니다!?!?!?,458,2019_11_06,8,0,머동 YouTube,1340,https://www.youtube.com/watch?v=WL0xxjTuOAI
어어...? 이거 진짜 가능한거야 ?? :: 무한의계단,"217,726",2019_11_07,2300,129,밍모,495000,https://www.youtube.com/watch?v=3TuQn3qJyBA
무한의 계단 업데이트 내용 (신규모드 타임어택 모드),15,2019_11_08,1,0,호그도신,17,https://www.youtube.com/watch?v=zNfflBIQLso
"무한의 계단설명,소개 그리고 게임play! 재미있게 봐주세요.",18,2019_11_08,1,0,tv나무,5,https://www.youtube.com/watch?v=ryl6S33nG04
무한의 계단 타임어택 모드 (2019. 11. 8 업데이트),"51,629",2019_11_08,490,27,오치,66000,https://www.youtube.com/watch?v=AFC_jVLc_5U
무한의 계단 업데이트! [타임어택 모드] 플레이!,"3,164",2019_11_08,22,2,CS Healer,2640,https://www.youtube.com/watch?v=M9XJEta4C0w
무한의계단 발로해보기,17,2019_11_08,1,0,소다찡,12,https://www.youtube.com/watch?v=qoMZS12oTXc
"무한의 계단,탕수육 먹방(첫영상)무인도1편",9,2019_11_08,0,0,산타모자TV,2,https://www.youtube.com/watch?v=vfdLAEJJC4w
플레이게임 1탄:무한의계단,13,2019_11_08,1,0,hongsunghyuk tv,0,https://www.youtube.com/watch?v=lmsaf3fpFik
무한의 계단을 시작해보았다. 신기록을 세워보자 [무한의 계단],21,2019_11_08,5,0,healer 11,94,https://www.youtube.com/watch?v=jiRofCwzB-E
[무한의 계단] 이게임이 진정 노가다 게임 입니다...ㅋㅋ,22,2019_11_08,1,0,PK TV,0,https://www.youtube.com/watch?v=nWLk9hRqgUM
무한의계단 해보기(못함주의),8,2019_11_08,1,0,구슬tv,14,https://www.youtube.com/watch?v=DlwQI6YbV9k
마왕루니 리뷰 (무한의계단 게임) 뒤에 이스터에그,35,2019_11_08,5,0,마엽,12,https://www.youtube.com/watch?v=khtc1KSWkNY
무한의 계단100가기 [너무 짜증난다.이 게임추천]ㅋㅋ,2,2019_11_08,0,0,신용화tv,12,https://www.youtube.com/watch?v=3H23i7438nA
Infinite stairs 무한의 계단 game play video 재미 없는 영상 비디오 게임 플레이 (보지 말고 가요),10,2019_11_09,1,0,Minyung Min Roblox,42,https://www.youtube.com/watch?v=0NBYow5IuL8
잉크센즈 무한의계단,4,2019_11_09,0,0,앙샌즈,2,https://www.youtube.com/watch?v=ZW7qBvcATaI
*NEW 오프닝* 무한의계단 1148인 내가 유리인간스킨을 얻으면??|타이TV|무한의계단|,491,2019_11_09,4,0,타이TV,134,https://www.youtube.com/watch?v=O192gZrV3XE
내가생각하는 가장 빠른캐릭터TOP5 스킨포함 (무한의계단),384,2019_11_09,2,0,제우튜브,11,https://www.youtube.com/watch?v=FCkmvZreWLQ
루니리뷰(무한의계단 게임),25,2019_11_09,3,1,마엽,12,https://www.youtube.com/watch?v=mJScDKT0NWE
무한의 계단 모바일 게임 플레잉이잉,16,2019_11_09,1,0,이예찬,1,https://www.youtube.com/watch?v=suL04S76xVQ
무한의 계단 폭풍 인간의 타임어택 100점 도전기 (자막 있음),"63,466",2019_11_09,533,21,오치,66000,https://www.youtube.com/watch?v=sR8BNdjJdOU
무한의계단 꿀팁이 있다굿~? 손캠영상,"199,009",2019_11_09,2000,103,밍모,495000,https://www.youtube.com/watch?v=-_5AXdNgLnE
무한의계단 1000계단하기 (하),14,2019_11_09,0,0,윤성호,15,https://www.youtube.com/watch?v=77Xz43Jk5zU
무한의계단이공포게임이됬다.........,9,2019_11_09,0,0,스파하는싸이코,26,https://www.youtube.com/watch?v=xD7Znm3fnNE
종원튜브에서 엄~청 올햇만에 무한의 계단 하즈아!,9,2019_11_09,0,0,종원튜브 Jongwon TUBE,68,https://www.youtube.com/watch?v=qVxQ7iuLE7U
무한의 계단 즐겨찾기 캐릭터들 금메달 만들기,4,2019_11_09,1,1,딸기맛예화ధ,0,https://www.youtube.com/watch?v=xOIR2YATpX8
미카엘TV의 고전게임 실시간 스트리밍(2부:무한의 계단/미션 받아요!),93,2019_11_09,5,0,미카엘TV 종합 유튜브,199,https://www.youtube.com/watch?v=oFcPqw7V274
[게임] 무한의계단 배속으로 돌리기,12,2019_11_09,2,1,주니비트,25,https://www.youtube.com/watch?v=jzbv3Co6RnA
도토리 무한의계단(장비얻은영상),2,2019_11_10,0,0,윤한홍,0,https://www.youtube.com/watch?v=wDzzyQvfufM
무한의 계단 5000계단 후후(무편집),35,2019_11_10,2,0,jj ftoz에프토즈,109,https://www.youtube.com/watch?v=oj5CWi4kkuE
무한의 계단 플레이 및 꿀팁 (5달만의 영상을 올림니다 ㅠㅠ),17,2019_11_10,1,0,하데스의 게임 방송 TV,7,https://www.youtube.com/watch?v=YufJmNQNLFM
무한의 계단,12,2019_11_10,3,1,xt구미호,7,https://www.youtube.com/watch?v=r00Ct_7E9YM
1300점 VS 1000점 (무한의 계단),14,2019_11_10,3,0,소행성,12,https://www.youtube.com/watch?v=CZDhEHCaNyc
무한의 우주 특공대 마스크맨 ~! :: 무한의계단,"194,117",2019_11_10,1600,106,밍모,495000,https://www.youtube.com/watch?v=LBrJqS4g-VQ
[무한의 계단] 우주침공 클리어 영상,26,2019_11_10,2,0,썩은감자,24,https://www.youtube.com/watch?v=HwdVax-uzE0
1편 (무한의 계단) 요즘 유명한 게임을 해보았다.,3,2019_11_10,0,0,달빛람,5,https://www.youtube.com/watch?v=XWflBIvM3kg
무한의 계단,8,2019_11_10,0,0,김다나,1,https://www.youtube.com/watch?v=LgslXA_TZz0
무한의 계단 끊김현상 없에는법(게임툴 되는폰),22,2019_11_10,0,0,파이어 붐,12,https://www.youtube.com/watch?v=-nAuQE90JKQ
게임방송.무한의 계단서연tv,0,2019_11_10,0,0,우정훈,0,https://www.youtube.com/watch?v=Iych5Az1vCM
모바일게임(휴대폰) PC(컴퓨터)로 하는법!!,"5,195",2019_11_10,39,6,로맥스MAX,2060,https://www.youtube.com/watch?v=PKJxOyOQeGE
무한의계단 버그판링크,"12,168",2019_11_10,677,22,버그판무료배포소,838,https://www.youtube.com/watch?v=8YXbEbeCWpw
무한의계단 출석체크 버그하는법,94,2019_11_11,0,0,G M,2,https://www.youtube.com/watch?v=2smc-GNTthI
무한의계단 소리 (ASMR),23,2019_11_11,0,0,가인수리,3,https://www.youtube.com/watch?v=GCyO2a_mZVw
(박민후)무한의 계단 (게임 삐뚜러짐),4,2019_11_11,1,0,박태용,3,https://www.youtube.com/watch?v=0hDmA7l7jZ0
저 무한의 계단 왕......초....보(무한의 계단),4,2019_11_11,1,0,블랙나오,0,https://www.youtube.com/watch?v=v1Oba9qXiSk
새로운게임무한의계단!!!!!!,14,2019_11_11,1,0,상상이tv,15,https://www.youtube.com/watch?v=28TsjCiBAXk
"무한의계단#3)치어리더""복실복실""칭호얻기",54,2019_11_12,0,0,뚝빽이,31,https://www.youtube.com/watch?v=kpRlzVoqN-4
무한의 계단,2,2019_11_12,1,0,김치치,18,https://www.youtube.com/watch?v=nc3xblibVDM
무한의 계단 4판만에 최고기록 깸?,19,2019_11_12,1,0,태선TV,5,https://www.youtube.com/watch?v=4cLMVFqUEA8
"무한의계단,졸라맨게임 입니다😎",7,2019_11_12,2,1,비비트TV,1,https://www.youtube.com/watch?v=dDW3rlkJig4
4000계단 가능한부분?! :: 무한의 계단,"166,288",2019_11_12,2000,106,밍모,495000,https://www.youtube.com/watch?v=4ntPHGI6Xu4
무한의계단PUP,16,2019_11_12,0,0,하드바,3,https://www.youtube.com/watch?v=va95z4L3oAM
무한의 계단 노래하는 배관공 칭호 (자막 있음),"101,248",2019_11_12,839,40,오치,66000,https://www.youtube.com/watch?v=VgH6gAdPEvI
게임들 무한의계단과브롤,0,2019_11_13,0,0,천창희,1,https://www.youtube.com/watch?v=8XtGLm95P6w
"무한의계단 플레이 구독,좋아요,알림설정GOGO!!!0",34,2019_11_13,2,3,양세복tv,14,https://www.youtube.com/watch?v=c19iccyO0C8
무한의 계단 기사 비지니스맨 PVP,1,2019_11_13,0,0,유다연,0,https://www.youtube.com/watch?v=0Kc5ZAWsZeI
골든유리인간얻는법 무한의계단,202,2019_11_13,3,0,현우,7,https://www.youtube.com/watch?v=mwqnN_CH3E8
"브롤스타즈, 무한의 계단 플레이 늑대소녀,펫 늑대 합체!!!이거는 꼭 봐야돼!!!",9,2019_11_14,0,0,불사조 레온TV,5,https://www.youtube.com/watch?v=eE2WhBbwY8k
(편집O) 무한의 계단 게임 영상 봐주십시오,6,2019_11_14,0,0,파진구채널,14,https://www.youtube.com/watch?v=bx5YRs9LcoM
무한의 계단 버그판 링크,"15,828",2019_11_14,707,32,iom 킬 K,1210,https://www.youtube.com/watch?v=swQZ10liBFY
무한의 계단 게임 힝 초보 소라 완전 못함주의,12,2019_11_14,1,0,소라타임튜브tv,25,https://www.youtube.com/watch?v=hWioMCo77qY
[무한의계단] '아~'를 가장 많이 하게 하는 모바일게임,86,2019_11_14,6,0,기씨TV,955,https://www.youtube.com/watch?v=iH4wxLBatUY
무한의계단3000점돌파~!,46,2019_11_14,1,2,이준호TV,11,https://www.youtube.com/watch?v=FfMwMoeS2kA
안녕하세요 무한의 계단 컴퓨터 한법알려드림 어려울수있음!!!,23,2019_11_14,0,0,만식이,5,https://www.youtube.com/watch?v=ZONmr9ZSBXA
무한의계단,8,2019_11_14,2,0,이재영임,2,https://www.youtube.com/watch?v=MzlLYpusrpc
무한의 계단 딸기샤베트 꼬마 눈사람 칭호 (자막 있음),"45,501",2019_11_14,471,16,오치,66000,https://www.youtube.com/watch?v=6DtmjYtxH-k
무한의계단 영상!/꿀잼보장!,20,2019_11_15,1,0,게임하는유저,10,https://www.youtube.com/watch?v=GO53UPi1SGk
"무한의계단 우주경찰,사이보그걸 리뷰",8,2019_11_15,0,0,%예녤님%,7,https://www.youtube.com/watch?v=OYRz3RtbiZ4
이제 나도 고수다무한의계단,21,2019_11_15,1,0,구하람,7,https://www.youtube.com/watch?v=GcFfsTMKeq4
인기가 떨어진 무한의계단을 하였습니다.,29,2019_11_15,3,0,축놈,5,https://www.youtube.com/watch?v=IULpsaRYfRU
무한의 계단,15,2019_11_15,1,1,멋진레온,10,https://www.youtube.com/watch?v=hmlZVkb35Ik
무한의 계단 초보자 꿀팁!!,32,2019_11_15,2,7,딩융TV즐겜,33,https://www.youtube.com/watch?v=GdeiIKyXbYk
추억의 게임 (무한의계단) 하기 !! 목소리 안나옴 엄마가 불러서 끊었음 ㅋㅋ,8,2019_11_15,1,0,설이야놀자,102,https://www.youtube.com/watch?v=wUIYSc1eXuM
무한의 계단 600도전!!!,8,2019_11_15,1,0,니해,4,https://www.youtube.com/watch?v=4sSoXyDRRXM
무한의 계단 게임,110,2019_11_15,3,2,특이한친구,7,https://www.youtube.com/watch?v=gZC9yc75v3g
지구유튜부 병맞게임VS무한의계단,30,2019_11_15,2,0,지구TV,2,https://www.youtube.com/watch?v=7buRPgtfSJo
무한의계단!(1)19.11.16(일주일에1번씩영상올라옴),21,2019_11_15,1,0,유스tv,2,https://www.youtube.com/watch?v=y3QZGCK40VU
무한의 계단 할로윈 말괄량이 칭호 (자막 있음),"44,068",2019_11_15,471,21,오치,66000,https://www.youtube.com/watch?v=zArBIKUZj-Y
갑자기 변신하는 캐릭터 등장?! ::무한의계단,"162,384",2019_11_15,1500,106,밍모,495000,https://www.youtube.com/watch?v=mFYH-boClYA
무한의 계단을 해보았습니다^^~~,3,2019_11_15,1,0,라몰,40,https://www.youtube.com/watch?v=P9lhGQ7dYmo
[무한의 계단 4번째 이야기] 복서 1000계단 메들리!,45,2019_11_15,4,0,healer 11,94,https://www.youtube.com/watch?v=ySJRZVPzAMs
무한의 계단 500계단 달성!!!!!,23,2019_11_16,1,0,즈지도TV,8,https://www.youtube.com/watch?v=rJi1JXuVuEo
"피자게임, 무한의계단",3,2019_11_16,0,0,난언제나 배고파,3,https://www.youtube.com/watch?v=HNFIeOlm77M
페트병 배달하는 택배기사아저씨(상황극)/무한의 계단,48,2019_11_16,5,1,브기TV,187,https://www.youtube.com/watch?v=t7IB7vzVEno
무한의계단 비싼맵 Top 5 (made in hello hello),3,2019_11_16,0,0,안녕안녕,1,https://www.youtube.com/watch?v=6Y6fconKND0
무한의 계단 (별로 재미없는 게임),6,2019_11_16,1,0,겜동윤,4,https://www.youtube.com/watch?v=H_bNoXZl3j8
[무한의계단] 무한의계단 PC(컴퓨터)에 깔아서 2시간 한 결과는? 무한의계단 모바일게임 (로맥스MAX),727,2019_11_16,12,0,로맥스MAX,2060,https://www.youtube.com/watch?v=e6YYWzyuocY
무한의 계단과 좀비고등학교 게임을 해봤다,3,2019_11_16,1,0,박강보,3,https://www.youtube.com/watch?v=3oqpagmsjkM
[링크설명란] 버그판 오랜만!! 근데. 또 너냐? l 무한의계단 버그판,"2,628",2019_11_16,12,6,초메가브롤,132,https://www.youtube.com/watch?v=bBl5JUcB6vk
무한의 계단900점가보겠습니다,13,2019_11_16,1,0,브롱스,2,https://www.youtube.com/watch?v=iX_gdMZZsl8
무한의계단 진짜못함 ※눈갱주의※,15,2019_11_16,3,0,이유정,3,https://www.youtube.com/watch?v=nRlx7AdHK2Y
무한의 계단 신규 모드 플래이 가봅시다!,10,2019_11_17,4,0,팬텀찡,24,https://www.youtube.com/watch?v=whXh8ZQ-iao
"브롤,무한의계단,쿠키런 종합게임",9,2019_11_17,1,0,키푸딩맛쿠,13,https://www.youtube.com/watch?v=QBI-fSS9e8U
핸드폰 바꾼기념 무한의계단,30,2019_11_17,2,0,갓동훈[DONGHUN],53,https://www.youtube.com/watch?v=XfNJ95qUnmQ
무한의 계단 변신 캐릭터 15종 총정리,"188,005",2019_11_17,1500,42,오치,66000,https://www.youtube.com/watch?v=XYVeG9LYdJg
무한의 계단 파도모드 1000점 찍기!!,14,2019_11_17,1,0,레코코2,1,https://www.youtube.com/watch?v=mtnzH6VtcgE
무한의계단 하드모드 300점도전 성공!!,12,2019_11_17,1,0,또치TV,6,https://www.youtube.com/watch?v=y7FdMloMET0
(무한의계단)무한의계단 유리인간 칭호:불투명한 깨기,43,2019_11_17,2,1,무지개 계단,17,https://www.youtube.com/watch?v=tgSJIynhplc
무한의계단,4,2019_11_17,1,0,판다TV,22,https://www.youtube.com/watch?v=0WrdvDf7UOI
제가 드디어 무한의계단 유리계단캐릭 골든스킨을 얻었습니다![무한의계단],17,2019_11_17,5,0,유다YouTube,297,https://www.youtube.com/watch?v=AHoCMksnFPk
무한의계단 자유게임(1)(^보너스time),7,2019_11_17,0,0,모지 mozy,1,https://www.youtube.com/watch?v=V_rFqAN_onQ
무한의계단 업데이트 ?? 훗훗훗,"165,607",2019_11_18,1700,106,밍모,495000,https://www.youtube.com/watch?v=OMMQfKzfTlM
게임 (무한의계단),3,2019_11_18,0,0,홍민호,5,https://www.youtube.com/watch?v=B2pyeP7R0ns
"무한의계단, 마인크래프트도 됩니다!",311,2019_11_19,17,1,게임짤,2330,https://www.youtube.com/watch?v=XQZg8OAnNRQ
무한의 계단 용의 탑 104층~157층,5,2019_11_19,0,0,도르크Dorke,112,https://www.youtube.com/watch?v=bTB86h16ujw
드래곤 총 집합 !! 개멋지다... :: 무한의계단,"154,327",2019_11_19,1400,88,밍모,495000,https://www.youtube.com/watch?v=OuKGLqZADlo
무한의계단을해봤다,9,2019_11_19,2,0,샤오미TV,10,https://www.youtube.com/watch?v=GZd4T4jtnkk
무한의계단,6,2019_11_19,1,0,김덕조,3,https://www.youtube.com/watch?v=gmvc3i8icas
무한의 계단으로 첫영상을 찍다! 여룬분들 많이 봐주세요 그다음 여러분들 및에 활살표 보이시죠 이걸 눌러주세요,2,2019_11_19,1,0,불루 울프,4,https://www.youtube.com/watch?v=3rajfVh1lfg
세로게임하는날인데 무한의 계단 실력이?,23,2019_11_20,2,0,갓LEON,19,https://www.youtube.com/watch?v=wTlu57ndrUo
**무한의 버튼 눌르는 손**(게임~)무한의 계단,5,2019_11_20,2,0,혼 파이터,9,https://www.youtube.com/watch?v=-siD1fEF9Wo
새로운 콘텐츠! 게임|::[무한의계단]::|(현주니),33,2019_11_20,4,0,삼총사,41,https://www.youtube.com/watch?v=vEyFvT0A0uA
무한의 계단 게임 (걍 대고 찍었습니다),3,2019_11_20,0,0,마크브롤minebrawl,6,https://www.youtube.com/watch?v=cQ0UOMORT8U
무한의 계단 오치의 Q&A 교실 (feat. 랜덤 캐릭터 & 랜덤 펫),"133,930",2019_11_20,2000,57,오치,66000,https://www.youtube.com/watch?v=3qczj-dd_KE
무한의 계단 무인도!!(영상은 무계 자막은 TMI),15,2019_11_20,2,0,폰닌tv,42,https://www.youtube.com/watch?v=qPNcVPn7-Xs
무한의계단 기계공학자로 PVP도전! (편집 없음 ㅠㅠ),18,2019_11_20,2,0,킬킬드,45,https://www.youtube.com/watch?v=Zf0C3tR_Fag
케로롱[게임:무한의계단] 유리인간 도전기 [무편집본],10,2019_11_20,0,0,엔드마스터,17,https://www.youtube.com/watch?v=Lpw1DHdVwx4
규엽 게임 채널에서 하는 무한의계단,38,2019_11_20,10,0,규엽,13,https://www.youtube.com/watch?v=PWGg5hKBfP4
오늘할게임 무한의계단,17,2019_11_20,1,0,갈램,5,https://www.youtube.com/watch?v=u_QzgKSE2I4
[무한의계단]3000승,52,2019_11_20,3,0,박주성,48,https://www.youtube.com/watch?v=u6ENq2N5Fu4
펫과 합체를 한다구요?! :: 무한의계단,"232,475",2019_11_21,2000,155,밍모,495000,https://www.youtube.com/watch?v=U_3dLmf17HM
아니 이런 게임이 있다고?! 무한의계단,16,2019_11_21,0,0,최고의여신,3,https://www.youtube.com/watch?v=EOYZIYLrE8s
무한의계단 30초 댄싱 킹,"1,115",2019_11_21,2,12,일반 TV,8,https://www.youtube.com/watch?v=eLleC6-6BwA
무한의 계단 댄스 에피소드 리뷰&플레이!,"1,676",2019_11_21,28,1,CS Healer,2640,https://www.youtube.com/watch?v=knNxXLmL2Q0
무한의계단게임,9,2019_11_21,2,0,오노리tv,7,https://www.youtube.com/watch?v=3qwjlRpjwQQ
무한의계단 하다가 어색한게임하기,11,2019_11_21,0,0,지누별이,9,https://www.youtube.com/watch?v=GHK1urKvxhg
무한의계단 신규모드 해보기,12,2019_11_21,2,2,소다찡,12,https://www.youtube.com/watch?v=JWu_EGM0I8k
무한의 계단 게임 했습니다,16,2019_11_21,4,0,아담tv,27,https://www.youtube.com/watch?v=p05p7v_BvHs
무한의계단(컴퓨터임),17,2019_11_22,3,0,주누에일상,31,https://www.youtube.com/watch?v=o_EkXUESa8E
무한의 계단,0,2019_11_22,0,0,여나나,0,https://www.youtube.com/watch?v=AlXp1pGSi9M
무한의 계단 댄싱킹 에피소드 1라운드 (자막 있음),"118,640",2019_11_22,1100,34,오치,66000,https://www.youtube.com/watch?v=fR8nbv1Stz0
게임 무한의 계단,18,2019_11_22,2,0,박트류tv,2,https://www.youtube.com/watch?v=hPGW_pHCmJs
"게임리뷰(무한의 계단,농장,브롤스타즈)",20,2019_11_22,1,0,에릭TV,7,https://www.youtube.com/watch?v=Itd9Lvcb6T4
무한의계단몇판돌려봅니다.....,5,2019_11_22,1,1,찡따오tv,7,https://www.youtube.com/watch?v=MnvjfqKgEEM
무한의 계단,0,2019_11_22,0,0,곤이준이,11,https://www.youtube.com/watch?v=t8RVa-n7khk
무한의 계단 신모드!? 댄싱 킹 Play하기!,445,2019_11_22,6,0,혁이TV,125,https://www.youtube.com/watch?v=5pTBN4sja_A
"추억의 모바일 게임 ""무한의 계단"" 오랜만에 복귀해보았습니다",33,2019_11_22,5,0,만능큐티보이,264,https://www.youtube.com/watch?v=x-amyT3RXKo
[토이펀 게임] 계속 가도 끝도 없는 「무한의 계단」 게임 플레이,38,2019_11_22,4,0,"토이펀[Toyfun TV]•어린이 장난감,게임,VLOG•",0,https://www.youtube.com/watch?v=T0MR6RKw9Lk
"무한의 계단,좀 연습 해야겠다",12,2019_11_22,1,0,신치TV,14,https://www.youtube.com/watch?v=VD5rGCRBN9w
무한의계단멀티!!!,20,2019_11_22,1,0,과일유튜브.,8,https://www.youtube.com/watch?v=QKEdzuJnHXk
새로운 계단이 등장했다 ?! :: 무한의계단,"225,214",2019_11_22,2100,125,밍모,495000,https://www.youtube.com/watch?v=kC_UrU814zM
[모바일게임] 추억의 게임 무한의 계단 게임하기!!,40,2019_11_23,3,2,선인장,0,https://www.youtube.com/watch?v=zN3KcPHkVV4
무한의 계단 댄싱 킹 클리어!,"20,606",2019_11_23,126,15,강아지키움,81,https://www.youtube.com/watch?v=xQYm9D_2WyM
무계(무한의 계단) 게임 했어요,6,2019_11_23,0,0,사샤리,1,https://www.youtube.com/watch?v=UJ7LNwj5H8s
"(모바일게임) 무한의계단 버그!? 코인,보석,캐릭터를 공짜로??!","3,632",2019_11_23,26,10,모바일게임,33,https://www.youtube.com/watch?v=cbhTWyX8lCQ
게임왕자의 무한의계단 유리계단모드와 댄싱킹 그리고 마법!,10,2019_11_23,1,0,현대궁전TV,6,https://www.youtube.com/watch?v=pYL5A3AeOiQ
무한의 계단 5번째 이야기...[모드 챌린지:하드모드 편],15,2019_11_23,4,0,healer 11,94,https://www.youtube.com/watch?v=fg3_mQURlIw
[게임]무한의 계단 신규 버그 발생,11,2019_11_23,0,0,햄이버거,14,https://www.youtube.com/watch?v=te-T4JAA53Y
무한의 계단! 초고수(?)분을 모시고 해봤습니다😅,75,2019_11_23,6,0,YouTube ruda,71,https://www.youtube.com/watch?v=CoWn5dEuTe4
무한의 계단 (게임),2,2019_11_23,1,0,이영진,2,https://www.youtube.com/watch?v=RTMb28zAh-w
종이컵맨의 무한의 계단(좀비),26,2019_11_23,3,0,종이컵맨,10,https://www.youtube.com/watch?v=XfTPzufNVVg
무한의 계단 해보기,18,2019_11_23,3,0,원준찡tv,4,https://www.youtube.com/watch?v=wTRDq6zHIMc
무한의계단 게임 공유!,8,2019_11_23,2,0,따봉띠TV,12,https://www.youtube.com/watch?v=H_9mdadgSD8
무한의계단의 뒤를 이을 게임 등장 ?! :: High Risers,"102,539",2019_11_23,1100,55,밍모,495000,https://www.youtube.com/watch?v=QoPTgzF7M2M
무한의 계단 첫 영상,5,2019_11_23,1,0,용화,7,https://www.youtube.com/watch?v=5yKbOjRG7eQ
무한의 계단 #01,3,2019_11_24,0,0,게임스타,2,https://www.youtube.com/watch?v=8imBX4PozWM
무한의 계단 댄싱킹 엔딩!,"1,554",2019_11_24,7,1,진여균,6,https://www.youtube.com/watch?v=xHhprznuxg8
무한의계단,11,2019_11_24,0,1,"캐브로tv,게임하는 개성있는 유투버",12,https://www.youtube.com/watch?v=8y9wCf5DEiE
아무거나 게임(무한의계단)(요리조리게임),3,2019_11_24,0,0,빵떡순이,6,https://www.youtube.com/watch?v=CdFwHKIqVco
무한의 계단 댄싱킹 에피소드 2라운드 (자막 있음),"115,133",2019_11_24,1100,43,오치,66000,https://www.youtube.com/watch?v=Tmp0hL0-uAs
무한의 계단 플레이 / 참고로 유튜브 처음함 / ( 빅토리TV ) / 나머지는 설참 = / 설명참고,3,2019_11_24,1,0,좋은 빅토리,1,https://www.youtube.com/watch?v=WA2t1-b5MGQ
재밌는 무한의 계단게임과 펭귄게임을 했어요,7,2019_11_24,1,0,재니꿀,1,https://www.youtube.com/watch?v=19aDEZKyGm8
[무한의 계단]댄싱킹 8라운드부터 10라운드까지 자막있음!!,122,2019_11_24,3,0,니츠,19,https://www.youtube.com/watch?v=adMViIyMSIY
[모바일게임] 무한의계단 1대1 PVP 모드에서 상대방 멘탈 터트리기!!,29,2019_11_24,6,1,선인장,0,https://www.youtube.com/watch?v=E8wWJMR_1-Q
[무한의계단] 처음하는 미션 과연 성공? 실패? 무한의계단 모바일게임 (로맥스MAX),93,2019_11_25,10,0,로맥스MAX,2060,https://www.youtube.com/watch?v=9yuuSnfG80k
마의 5000계단... 성공할 수 있을까?,"127,765",2019_11_25,1600,78,밍모,495000,https://www.youtube.com/watch?v=ZrTbpa34h8w
저는 사실 이 게임 고수입니다.... 무한의 계단 리뷰,10,2019_11_25,2,0,상현tv,10,https://www.youtube.com/watch?v=kpIFANFWfMc
무한의 계단 댄싱킹2탄,110,2019_11_25,4,2,TV게임고수,91,https://www.youtube.com/watch?v=ORVCuEe6Lwk
새로운게임과 무한의계단을 동시에 올려보았어요,4,2019_11_25,0,0,꿀멍tv,7,https://www.youtube.com/watch?v=MK_ZhWzjwCI
무한의 계단 스토리 조련사의 도망.,4,2019_11_25,0,0,김도윤,5,https://www.youtube.com/watch?v=McgiMED3Fho
산타는 2명이었다. [무한의 계단] 합체펫 써보기- 윤학,67,2019_11_25,5,0,-윤학,159,https://www.youtube.com/watch?v=zQpe4MrsgTY
[무한의 계단] 13648점 유저의 무한모드의 모든 것!,"75,523",2019_11_26,665,38,CS Healer,2640,https://www.youtube.com/watch?v=dJVJZc5FPA8
램덤캐릭터 플레이/램덤 캐릭터 얻는법 [무한의 계단] [infinite stairs ],162,2019_11_26,6,0,YOUTUBE특급우,4880,https://www.youtube.com/watch?v=Vba4r2yd4-g
[신작모바일게임 리뷰 추천 부부게임 커플 무한의계단] 1목숨 vs 5목숨 과연 승자는?,85,2019_11_26,12,0,연상연하햄볶부부TV,794,https://www.youtube.com/watch?v=tDw9gGXcGhw
[모바일게임] 무한의계단 유리계단 모드 시원한 플레이,30,2019_11_26,3,1,선인장,0,https://www.youtube.com/watch?v=LIGi14m8es4
무한의계단 망함............😭😭😭😭😭😭,16,2019_11_26,1,0,게임보이,1,https://www.youtube.com/watch?v=zWTgB9fepTA
무한의 계단 게임,0,2019_11_26,0,0,콜라,2,https://www.youtube.com/watch?v=zhP_HgcGgsk
무한의계단 댄싱 킹,9,2019_11_26,1,1,멋있는하빈,11,https://www.youtube.com/watch?v=HEDkWofqiV0
"무한의 계단 댄싱킹 에피소드 3, 4라운드 (자막 있음)","110,094",2019_11_26,1200,41,오치,66000,https://www.youtube.com/watch?v=uBeoC3VNDLo
무한의계단 손캠,29,2019_11_26,2,0,무한의 계단하는 사람,35,https://www.youtube.com/watch?v=x8bLxw5r9sw
무한의 계단 댄싱킹 마지막 보상은 뭘까?,"1,465",2019_11_26,12,3,코야,66,https://www.youtube.com/watch?v=gSc27n0SYEI
댄싱 킹(무한의 계단),7,2019_11_27,1,0,Over호랑이,9,https://www.youtube.com/watch?v=Vcqhdot1bcA
무한의 계단 소시지에게 소시지를 주는 조련사 인성 ㄴㄴ,21,2019_11_27,0,0,원더케이,16,https://www.youtube.com/watch?v=QiinmKURgEY
안뇽하세요 무한의 계단 해요,4,2019_11_27,0,0,배양아,1,https://www.youtube.com/watch?v=oKfZvTQShKw
[모바일게임] 무한의계단 1대1 PVP모드에서 초보인척 하다가 갑자기 잘해지면 생기는일 ㅋㅋㅋㅋ,42,2019_11_27,2,1,선인장,0,https://www.youtube.com/watch?v=YqQdTmlkUkg
무한의계단,8,2019_11_27,0,1,권한솔,2,https://www.youtube.com/watch?v=D8p_Hi6W-4U
무한의 계단 하는데 갑자기 .....게임했다.,0,2019_11_28,1,0,이힝tv,21,https://www.youtube.com/watch?v=m5GuqrstaGU
무한의 계단 댄싱킹 브금(BGM) 버그 (Feat.댄서 개구쟁이),"76,291",2019_11_28,846,38,오치,66000,https://www.youtube.com/watch?v=RPxmaVDt1Gc
무한의계단 버그 쓰는법,"1,978",2019_11_28,13,6,달려라참새TV,27,https://www.youtube.com/watch?v=auSIq1vtS9E
무한의 계단 댄싱킹 bgm버그 가르쳐 드리겠습니다,35,2019_11_28,3,1,킬러youtube,18,https://www.youtube.com/watch?v=ZLRWeVbUAVE
무한의계단 브급 댄싱킹 노래로 바꾸는법,17,2019_11_28,3,0,게임하는강아지,67,https://www.youtube.com/watch?v=0PSthzlBzLQ
[무한의계단]댄싱 킹,308,2019_11_28,5,0,박주성,48,https://www.youtube.com/watch?v=i5ePxotT_aM
무한의계단 2만원 미션이요? ㅎㅎ 개꿀~,"101,784",2019_11_28,1200,46,밍모,495000,https://www.youtube.com/watch?v=ux0VZHRv3ic
무한의 계단에서 인생게임 으로,1,2019_11_28,1,0,브롤나라,14,https://www.youtube.com/watch?v=aFkAi9wpBQ8
무한의 계단 계속하려고 했는데 너무어려워서 피자 게임함,3,2019_11_28,0,0,딸기잼냠냠,8,https://www.youtube.com/watch?v=oK2T0-wzRzQ
무한의계단 버그판,151,2019_11_29,1,1,장은주,0,https://www.youtube.com/watch?v=iAACufPvRb0
무한의 계단 어려운 게임 이었군..,20,2019_11_29,2,0,두둔이둔이,17,https://www.youtube.com/watch?v=EtMzTvxlKds
무한의 계단 100점이 코앞인데...,80,2019_11_29,2,1,GAME CHANNEL,49,https://www.youtube.com/watch?v=BGyVen75H00
댄싱 킹 엔딩!!![무한의 계단],64,2019_11_29,4,0,퍼기TV,110,https://www.youtube.com/watch?v=2QtgIvU1R3I
[무한의계단] 200계단 오르기 과연 몇초에 ? 무한의계단 모바일게임 (로맥스MAX),601,2019_11_29,16,0,로맥스MAX,2060,https://www.youtube.com/watch?v=K06JISHDlig
무한의 계단 댄싱킹 에피소드 5라운드 (자막 있음),"78,052",2019_11_29,781,18,오치,66000,https://www.youtube.com/watch?v=W73JfwWREe0
"High Risers 리뷰(게임,무한의 계단 비슷한 게임)",1,2019_11_29,1,0,불량소년,0,https://www.youtube.com/watch?v=RUSzP7zVPq0
오준영의 무한의계단게임,31,2019_11_29,1,0,오준영TV,79,https://www.youtube.com/watch?v=ZuiTW3U2xFg
💕무한의 계단 및 펭귄 게임💕,5,2019_11_29,0,0,모찌모찌,0,https://www.youtube.com/watch?v=PEQZ9PV02b4
무한의계단 버그?,68,2019_11_29,2,0,타자,18,https://www.youtube.com/watch?v=rCLPQAh7t8Y
만두 무한의 계단,12,2019_11_29,3,0,조민준,8,https://www.youtube.com/watch?v=VT09g9VSm5U
망한게임???아니죠 오늘은 무한의 계단,0,2019_11_29,0,0,승우 TV yt seungwoo TV,2,https://www.youtube.com/watch?v=eyLUY1lR5Ro
추억의 모바일 게임.. [무한의 계단],6,2019_11_29,0,0,_영버워치,8,https://www.youtube.com/watch?v=tr-66AA0NgM
무한의 계단 엄마 몰래 텐트속에서 게임하다 들킬 위기 ㅋㅋㅋㅋ미션을 통과 해야만 한다 GAME PLAYER START 하니쭈니TV,"1,124",2019_11_30,9,0,하니쭈니 TV,149,https://www.youtube.com/watch?v=wbCyL-031L4
무한의 계단 1300점인 말튜씨ㅋㅋㅋ 설명창의 무한의 계단 링크 적어놈,14,2019_11_30,0,0,말튜,7,https://www.youtube.com/watch?v=oLBC6Dr__K8
무한의계단2,18,2019_11_30,1,0,ᄀ게임세상꿀잼,11,https://www.youtube.com/watch?v=KP6-M9daBY4
무한의 계단 댄싱킹 브금 일반 모드에서 하기🎶🎶,24,2019_11_30,2,0,BS Oh,10,https://www.youtube.com/watch?v=pji7WCVsyaE
무한의계단 물음표캐릭터,34,2019_11_30,3,1,게임하는강아지,67,https://www.youtube.com/watch?v=nFykd4xvg6U
무한의 계단,8,2019_11_30,2,0,전설TV,2,https://www.youtube.com/watch?v=A649XEdpXPU
무한의 계단,13,2019_11_30,1,0,티라티라,106,https://www.youtube.com/watch?v=t_4BGE33qmY
무한의 계단,12,2019_11_30,1,0,별별,6,https://www.youtube.com/watch?v=mqRl8lXj4Yw
치킨요정!!새로운코너![게임요정]무한의계단,3,2019_11_30,0,0,MINJU KIM,7,https://www.youtube.com/watch?v=j063KEWlW1w
"무한의 계단, 무한의 기차, 무한의 농장 시리즈 플레이! 내일은 드빌,좀비고각!",242,2019_11_30,7,0,GJ대잭팟,13799,https://www.youtube.com/watch?v=rJ3pSgLacYA
무한의 계단~(게임 첫 영상),7,2019_11_30,1,0,김게임tv승현,0,https://www.youtube.com/watch?v=JE3Dmf1CtOA
갑자기 변신하는 펫이있다 ?! :: 무한의계단,"109,179",2019_11_30,1300,79,밍모,495000,https://www.youtube.com/watch?v=_kKccWJ6eqw
무한의 계단 게임,11,2019_11_30,2,0,복숭아,2,https://www.youtube.com/watch?v=tx9bDscIxeg
무한의 계단 댄싱킹 에피소드 6라운드 (자막 있음),"44,275",2019_12_01,558,17,오치,66000,https://www.youtube.com/watch?v=QQd5aULnhzo
무한의 계단 미션 게임|ytyoon0105,7,2019_12_01,3,0,YT_ Yoon0105,14,https://www.youtube.com/watch?v=L4j3D0PS4NE
헐!? 나 무한의계단 초고수였네? ㄷㄷ _ 무한의 계단,"124,233",2019_12_01,1500,107,자몽티비,393000,https://www.youtube.com/watch?v=WYCuWU11tx8
"아이들놀아줘!!대처법!![아케이드게임]Sky Roller,무한의계단,1945,피아노타일",198,2019_12_01,1,0,[꼬꼬TV]께임꼬꼬,2,https://www.youtube.com/watch?v=l69wTAWSis8
오버워치 무한의계단 모드,87,2019_12_02,1,0,시호유튜브,454,https://www.youtube.com/watch?v=kBbtI0VS-NQ
무한의 계단!재미있어요!!!치킨요정{게임랜드},3,2019_12_03,0,0,MINJU KIM,0,https://www.youtube.com/watch?v=NTWAaJPeLFw
백댄서 등장 ?! :: 무한의계단 댄싱킹 2탄,"74,902",2019_12_03,939,37,밍모,495000,https://www.youtube.com/watch?v=eonmyzFDELw
무한의계단을 이을게임?,17,2019_12_03,1,0,재블,27,https://www.youtube.com/watch?v=Vgk9yzvhVHs
무한의계단 업적스킨,37,2019_12_03,7,3,검은악마,9,https://www.youtube.com/watch?v=CAksxb7-X7Y
미친 무한의계단 보석 돈 무제한 버그판 댓글 링크 공유,"11,079",2019_12_03,0,0,OxO7,1600,https://www.youtube.com/watch?v=N8HevSezD2M
여홀이 못하는 게임을 찾았다???? 무한의 계단 여홀,4,2019_12_03,1,0,여홀TV,10,https://www.youtube.com/watch?v=SH78BBwN5_E
무한의 계단 댄싱킹 에피소드 7라운드 (자막 있음),"63,855",2019_12_03,618,32,오치,66000,https://www.youtube.com/watch?v=Gn3c5O1j3l0
무한의 계단 PVP 대결하기!! [무한의 계단],4,2019_12_03,0,0,화이트초코,4,https://www.youtube.com/watch?v=shjspo050uE
무한의계단침묵게임!!,2,2019_12_03,1,0,쪼글이t v,6,https://www.youtube.com/watch?v=2oGbfA9FNYA
오랜만에 무한의계단게임 가즈아~ㅎㅎㅎ,2,2019_12_03,1,0,도혜디TV,0,https://www.youtube.com/watch?v=-p6uSAiKu1k
무한의 계단 어디까지 갈수 있을까?,49,2019_12_04,4,0,구리구리TV,9,https://www.youtube.com/watch?v=qBSHzU-niSM
예전에 찍어놓은 무한의 계단(게임),7,2019_12_04,0,1,연아달빛,13,https://www.youtube.com/watch?v=if4rGWcWVMI
무한의 계단 게임,14,2019_12_04,4,0,나현 TV,10,https://www.youtube.com/watch?v=43WsJuedKwI
[무한의계단]저가 한 게임 중에 가장 어려웠던 게임...,23,2019_12_04,6,0,폭슨,28,https://www.youtube.com/watch?v=FeA8AZpsgjU
현질로 변신 캐릭터와 펫 지르고 신기록 세웠습니닷! _ 무한의 계단,"155,612",2019_12_04,1600,142,자몽티비,393000,https://www.youtube.com/watch?v=YZknCZClVN0
무한의계단 700점 오르기(도전),16,2019_12_04,0,0,korea스위치,9,https://www.youtube.com/watch?v=LP0oQ_Dh750
처음 해보는 유트브 오늘할 게임(무한의 계단),5,2019_12_04,0,0,김예찬,0,https://www.youtube.com/watch?v=IbGTd638vxo
무한의계단(게임)지금부터게임을시작하지,3,2019_12_05,1,0,김지원 이해바라기튜브,4,https://www.youtube.com/watch?v=cOjUSIMiKSI
"무한의 계단 댄싱킹 에피소드 8,9,10,11라운드 (자막 있음)","77,299",2019_12_05,825,41,오치,66000,https://www.youtube.com/watch?v=SLRgTE2xd68
메카 드래곤까지 얻었다 ?! :: 무한의계단 드래곤 리뷰,"117,774",2019_12_05,1300,71,밍모,495000,https://www.youtube.com/watch?v=kTmJsAF8ZHA
"게임하는형제2(feat,무한의계단)",19,2019_12_05,0,0,양마미 일상,3,https://www.youtube.com/watch?v=hSXOqLh86M8
무한의계단 깔자마자 현질하면 초고수 된다?! | 루루체체 게임즈,"6,489",2019_12_05,199,4,루루체체 게임즈,78300,https://www.youtube.com/watch?v=SOZ1a73Yx6M
무한의 계단게임!,2,2019_12_06,2,0,Gamestory박쥐,4,https://www.youtube.com/watch?v=vadl_hRedjo
무한의계단 돈 많이 모으는 법 ??,"162,985",2019_12_06,1900,103,밍모,495000,https://www.youtube.com/watch?v=EVquVQPFTzc
무한의 계단 게임 해보았습니다,4,2019_12_06,2,0,김김지은,13,https://www.youtube.com/watch?v=26r2dOQzUP0
무한의 계단 손캠(?),18,2019_12_06,0,0,지승진,57,https://www.youtube.com/watch?v=uEdJlfCuiFA
[모바일게임] 무한의계단 피서객 복서 획득하기 도전!!,27,2019_12_06,1,1,선인장,0,https://www.youtube.com/watch?v=lvQZJK-n6lU
룬이의게임세상 무한의계단PVP,20,2019_12_06,5,0,Hwang룬이의게임세상,8,https://www.youtube.com/watch?v=FG7tEEqbdvQ
요미호의 무한의 계단게임ㅋㅋ,6,2019_12_06,0,0,tv요야미호,9,https://www.youtube.com/watch?v=Vu1M607IJNQ
풍선게임&무한의계단,1,2019_12_06,0,0,효니tv,15,https://www.youtube.com/watch?v=X3DqFvm3EQE
무한의 계단 ♥ 최고기록이 300밖에 안된다고? ♥ 첫 게임 영상,24,2019_12_06,5,0,예솔youtube,16,https://www.youtube.com/watch?v=vh6nrZmYSOk
무한의계단+냥코대전쟁+브롤스타즈게임,3,2019_12_06,0,0,보승게임프로그램 TV,11,https://www.youtube.com/watch?v=K7RXjiyjPvg
무한의 계단 경쟁전 코차가 해봤습니다 (코차의 모바일 게임:무한의 계단편 1화),18,2019_12_06,2,0,코차,1,https://www.youtube.com/watch?v=KCyZJr49c5c
무한의 계단 pvp,11,2019_12_06,0,0,생재,20,https://www.youtube.com/watch?v=OFbHy-HlZZA
게임 무한의계단,1,2019_12_06,0,0,파란구미오,6,https://www.youtube.com/watch?v=HWqaDusw5-0
무한의 계단 게임 하기,2,2019_12_06,1,0,레레비,17,https://www.youtube.com/watch?v=wRxRJlzFdYI
무한의계단 오늘 좀 잘 풀리네!!(풀영상) 브롤스타즈 Brawl stars 무한의계단 좀비고등학교 좀비고 시청자 참여 모바일게임,627,2019_12_06,19,1,로맥스MAX,2060,https://www.youtube.com/watch?v=JKzI6wIvY3I
#무한의계단_1000계단_가고싶은_사람만_클릭,69,2019_12_06,1,0,이일치일:2171,3,https://www.youtube.com/watch?v=016F9McGGfc
종서의 무한의계단 게임하기,14,2019_12_06,1,0,종서야놀자TV,13,https://www.youtube.com/watch?v=Du3-e-7jMbo
무한의계단 댄싱킹플레이 4,0,2019_12_07,0,0,당물넘와꾸tv,13,https://www.youtube.com/watch?v=cgTDsJPd0JY
무한의 계단(재미없음)(짧음)(누룽누룽),5,2019_12_07,1,0,누룽누룽,8,https://www.youtube.com/watch?v=pqhf2HtIRTc
"코차의 모바일 게임 무한의 계단 댄싱 킹 6,7라운드를 해보았다!! (코차의 모바일 게임:무한의 계단편 2편)",5,2019_12_07,1,0,코차,1,https://www.youtube.com/watch?v=tINfode98Yw
무한의 계단,0,2019_12_07,0,0,주이아,21,https://www.youtube.com/watch?v=lHt1MCxwlw0
게임놀이#무한의 계단#지원#재밌게 봐주시고 구독과 좋아요 꼭 한번씩 눌러 주세요♡😊,10,2019_12_07,4,0,이이,12,https://www.youtube.com/watch?v=5lswGokcTtY
무한의계단 댄싱킹 노래,10,2019_12_07,1,0,브롤동연,6,https://www.youtube.com/watch?v=jK1oVtFSCQM
무한의 계단 던질까말까,9,2019_12_07,0,0,학생유튜버,22,https://www.youtube.com/watch?v=NR7XjFBFL6o
드래곤 끝판 왕 !! 황제드래곤 :: 무한의계단,"111,009",2019_12_07,1300,65,밍모,495000,https://www.youtube.com/watch?v=ZXM24yOgBdA
7분 게임 방송 무한의 계단,2,2019_12_07,0,0,귀요미냥코,6,https://www.youtube.com/watch?v=F83rpLM9qeQ
무한의 계단(이 게임 운동 됨니다),2,2019_12_07,0,0,이윤재,2,https://www.youtube.com/watch?v=_ZBBmO5_9mg
첫영상 // 무한의 계단 최고기록 도전 !!!,6,2019_12_07,2,0,가뻘_,0,https://www.youtube.com/watch?v=GRvx1xSwgik
"무한의 계단 댄싱킹 에피소드 12,13,14,15라운드 (최종화)","59,102",2019_12_07,726,21,오치,66000,https://www.youtube.com/watch?v=vHOMMJ2KC48
무한의계단!!,6,2019_12_07,1,0,qp aakk,2,https://www.youtube.com/watch?v=USF34rNFBQo
무한의 계단 버그판(최신),125,2019_12_08,3,0,214 Junmo,18,https://www.youtube.com/watch?v=ynOp9JbS7v8
무한의계단!!!!!!!,7,2019_12_08,1,1,김조밥,13,https://www.youtube.com/watch?v=d_iyFHNodwY
무한의 계단,3,2019_12_08,0,0,무한의 계단 유튜브,1,https://www.youtube.com/watch?v=_7kJZLg-S6I
[재미게임] 무한의계단 ㅋㅋㅋㅋㅋㅋ 어렵네ㅋㅋ,4,2019_12_08,0,0,노유찬,4,https://www.youtube.com/watch?v=xNqERl9NPmI
무한의계단,3,2019_12_08,0,0,TV리차리차,15,https://www.youtube.com/watch?v=2ytBDmrmLNY
[모바일게임] 무한의계단 1대1모드에서 20번 연속으로 복서와 대결했습니다!!,12,2019_12_08,1,0,선인장,0,https://www.youtube.com/watch?v=EDBkhwymo0k
무한의계단,1,2019_12_09,0,0,구독과종아요 눌러주세요피닉스,0,https://www.youtube.com/watch?v=K9nF0IhGKhc
무한의 계단#2,10,2019_12_09,4,0,TV현진,7,https://www.youtube.com/watch?v=EKXwhoTVXEQ
무한의계단 버그판 링크,188,2019_12_09,4,0,기모띠맨유,18,https://www.youtube.com/watch?v=TZc_Ybk1vQQ
게임 영상(무한의 계단)오랜만~간만에 영상 찍어요,0,2019_12_09,0,0,빛달,0,https://www.youtube.com/watch?v=XLyO1HaESwE
무한의계단 릴레이 모드,7,2019_12_09,1,0,유튜브로봇,30,https://www.youtube.com/watch?v=sfjywfya068
"룰루랄라 TV 고수의 무한의계단 용의탑 200층, 무인도 표류기, 댄싱킹 해봤다!",2,2019_12_09,0,0,서하준,17,https://www.youtube.com/watch?v=ZC_PIOzO_e8
무한의 계단 고인물 등장... 최고기록 갑니다!,"88,934",2019_12_09,1400,62,밍모,495000,https://www.youtube.com/watch?v=nEUJRSfc89c
[동먹골게임] 무한의계단 도전!!,21,2019_12_09,7,0,동먹골,12,https://www.youtube.com/watch?v=_adAK2FHOYc
무한의 계단,5,2019_12_09,1,0,정하연,0,https://www.youtube.com/watch?v=_3vdWylJqh4
무한의 계단....... 그냥 하는영상[댄싱킹],15,2019_12_09,1,0,쉐킷!,110,https://www.youtube.com/watch?v=8o2K_5Gg-2Q
무한의 계단PVP 1000승,55,2019_12_09,1,0,J CG,2,https://www.youtube.com/watch?v=aVo6yfdYLWU
★오늘은 무한의계단 게임영상는오랜만이다.ㅋㅋㅋ......★,3,2019_12_09,1,0,데빈TV,22,https://www.youtube.com/watch?v=mjUvVHhG0UY
무한의 계단 아케이드 타워 배경 얻는 방법 (자막 있음),"43,970",2019_12_09,561,18,오치,66000,https://www.youtube.com/watch?v=UbmTDH6jdUg
무한의 계단 댄싱킹 7탄,52,2019_12_09,3,1,TV게임고수,91,https://www.youtube.com/watch?v=4RNqT37Ikk4
무한의계단,0,2019_12_09,0,0,파이어스피릿,0,https://www.youtube.com/watch?v=_vCFRbO5jQ0
10ㆍ11탄 무한의계단 무한의기차,1,2019_12_09,0,0,이지연,1,https://www.youtube.com/watch?v=XZdgTKZAlWc
오늘은 무한의 계단!!!,1,2019_12_10,0,0,연필심,2,https://www.youtube.com/watch?v=ImGowHLZ-Gc
(첫 영상) 무한의 계단 1000도전!!!,8,2019_12_10,1,0,택탁TV,1,https://www.youtube.com/watch?v=gGkdcoHJKgI
무한의 계단3탄,9,2019_12_10,1,1,*롄뚱이_『달빛요정』*,4,https://www.youtube.com/watch?v=UFj38DAP758
무한의계단 2화 뻘짓하는중,2,2019_12_10,0,0,라면tv,71,https://www.youtube.com/watch?v=fccJTAYOnV0
#게임#게임영상#무한의계단#못함#게임영상#2탄#악플놉#구독과좋아요#눌러줘요#❤🔥,5,2019_12_10,2,0,서진이다,13,https://www.youtube.com/watch?v=2iU1Dg4WfnY
친구가 그러게 바라던 무한의 계단,5,2019_12_10,0,0,두따두따TV,11,https://www.youtube.com/watch?v=xsv68xs3i2k
최초!!조건무한의계단,11,2019_12_10,2,0,문초딩,16,https://www.youtube.com/watch?v=TBVlcdJLdCk
무한의 계단 🏆골드유리인간🏆 변신칭호 도전,9,2019_12_10,0,0,힐러-Healer,15,https://www.youtube.com/watch?v=BDEQRnbcZJ0
무한의 계단,3,2019_12_10,0,0,이이윤제,0,https://www.youtube.com/watch?v=rqxVDrrAiW0
[뚜르]첫 게임방송 무한의 계단! (긴장됌..),3,2019_12_10,1,0,뚜르tv,5,https://www.youtube.com/watch?v=DU-yjE6CLRs
오랜만에 무한의 계단 도전합니다,9,2019_12_10,2,0,꿀꿀이용준이,2,https://www.youtube.com/watch?v=a2T_-EHqAHU
우지리고의 무한의계단,4,2019_12_10,2,0,우지리고,2,https://www.youtube.com/watch?v=ZJ_U-NujE18
무한의계단,4,2019_12_10,0,0,권현민,4,https://www.youtube.com/watch?v=PlrlaV7TX2U
무한의계단 실력없는 나,45,2019_12_10,2,3,신지EVA,32,https://www.youtube.com/watch?v=VyZBDPEWEY8
처 첫 영상 무한의 계단,39,2019_12_10,2,2,겜보이,8,https://www.youtube.com/watch?v=Bps4DVrUMoM
맞구독방 무한의계단,13,2019_12_10,0,0,플레이 킹,16,https://www.youtube.com/watch?v=a__v_wn4IYk
무한의 계단,1,2019_12_10,0,0,김동할 슬탈슬,4,https://www.youtube.com/watch?v=I_FZx7bd1R4
"무한의 계단, 무한의 기차, 이터서 무한의☆☆까지??",2,2019_12_10,0,0,연유TV,10,https://www.youtube.com/watch?v=ozWfA4CE5bg
무한의계단 1편,18,2019_12_10,1,0,애던유튜브,3,https://www.youtube.com/watch?v=_kyQQrpVuq0
무한의 계단 백만볼트모드 캐릭터얻기,3,2019_12_11,0,0,밍짱tv,6,https://www.youtube.com/watch?v=PbhaByZ9620
무한의계단 최고기록 달성!!!,66,2019_12_11,3,1,연어 tv,1,https://www.youtube.com/watch?v=26BpR2By3-o
무한의계단!!재미있게 봐주세요💕💕,28,2019_12_11,3,0,{상큼발랄}지히,103,https://www.youtube.com/watch?v=huW86UJOi5Q
무한의계단버그,1,2019_12_11,0,0,허용수,18,https://www.youtube.com/watch?v=AYUh5FnknhA
무한의계단 용의탑플레이 3,0,2019_12_11,0,0,당물넘와꾸tv,13,https://www.youtube.com/watch?v=Kx0cvLscju8
무한의계단 용의탑플레이 2,0,2019_12_11,0,0,당물넘와꾸tv,13,https://www.youtube.com/watch?v=WOyPVLtrIkw
무한의 계단 최고 기록 달성! 1400!,2,2019_12_11,0,0,이강빈,29,https://www.youtube.com/watch?v=teQ7vDCEQxM
불편한 게임 무한의계단,9,2019_12_11,2,1,ty칙스,8,https://www.youtube.com/watch?v=DNn8JOciNJM
무한의계단 2편,7,2019_12_11,1,0,애던유튜브,3,https://www.youtube.com/watch?v=gETvZs80xsg
무한의계단,4,2019_12_11,0,0,승준의게임체널 양,1,https://www.youtube.com/watch?v=tPqVi0K9EQs
무한의계단,27,2019_12_11,1,5,좀비고zombiehighschool,27,https://www.youtube.com/watch?v=EcxFfQOpa3k
무한의 계단플레이!!! PVP,16,2019_12_11,0,0,Youtube건우,6,https://www.youtube.com/watch?v=PH72ObfwVZg
무한의계단| 7개 캐릭터 얻기!!,8,2019_12_11,3,0,무계하쟈무계하쟈,12,https://www.youtube.com/watch?v=3Ror8IQMmDk
갑자기 해보고싶어서 하는 무한의 계단,6,2019_12_11,2,0,별똥별,3,https://www.youtube.com/watch?v=S34_SwdX8HU
[동먹골게임] 무한의계단 오늘의기록은?,17,2019_12_11,5,0,동먹골,12,https://www.youtube.com/watch?v=wQrQE9xAzxw
무한의계단!,13,2019_12_11,4,0,윤건TV,8,https://www.youtube.com/watch?v=HeOrceP2_6s
[게임영상] 무한의 계단 플레이 영상.,8,2019_12_11,0,0,남철도TM,27,https://www.youtube.com/watch?v=7u1qe4A6npc
제 무한의 계단 실력입니다(답답주의),6,2019_12_11,1,0,젠니_,170,https://www.youtube.com/watch?v=adCW2O03EQI
브롤 않돼서 무한의 계단함,3,2019_12_11,2,0,하지허지후지HJHUJHOJ,4,https://www.youtube.com/watch?v=KS5d7DPaHNY
라이온 무한의 계단,3,2019_12_11,1,0,정희진,1,https://www.youtube.com/watch?v=DckYBufMF_c
[무한의계단]무인도표류기 1편,5,2019_12_11,0,0,해피말랑,15,https://www.youtube.com/watch?v=IBad3ZYyfi4
무한의 계단 6탄,8,2019_12_11,3,0,TV겜힘들,126,https://www.youtube.com/watch?v=KtydDSdUrc4
무한의 계단 게임 할게요..,6,2019_12_12,0,0,ミ달콤커피알바생유나롱ˇ,25,https://www.youtube.com/watch?v=z5LYgAchv_E
[게임] 무한의계단 입문 1일차 입니다. 나는 어디까지가 한계 일까요?,5,2019_12_12,0,0,고냥이,550,https://www.youtube.com/watch?v=j7ALkFSruVg
[게임] 무한의계단 입문1일차 _+2,7,2019_12_12,0,0,고냥이,550,https://www.youtube.com/watch?v=TPSclEIgofw
자막없음/무한의계단,2,2019_12_12,0,0,연이토끼,25,https://www.youtube.com/watch?v=a3WYKyBFSxA
무계당!!!(무한의 계단),2,2019_12_12,0,0,큘라닝,11,https://www.youtube.com/watch?v=bEqxq-1gQF4
무한의계단2,0,2019_12_12,0,0,도마뱀,0,https://www.youtube.com/watch?v=fM1dzo1DtpU
※주의!효과가 너무 한곳에 있습니다. 무한의 계단 핵초보가 즐겜 합니다.,2,2019_12_12,1,0,김플레옹YT크롬크롬,29,https://www.youtube.com/watch?v=3ihVug_vk-w
[추억의 게임] 무한의계단,3,2019_12_12,0,0,사또찡,46,https://www.youtube.com/watch?v=N9eOSPfsssc
무한의 계단 플레이 재미있게 봐주세요,1,2019_12_12,0,0,영훈이의 게임채널,13,https://www.youtube.com/watch?v=moUN5VnRoA4
무한의계단 가볍게 10000넘어 버리기~,25,2019_12_12,3,0,재연이의 뻘짓!,4,https://www.youtube.com/watch?v=T4CRyYHL8fU
무한의계단,0,2019_12_12,0,0,양태환,0,https://www.youtube.com/watch?v=fTVzl65rsOs
무한의계단,1,2019_12_12,0,0,이준,1,https://www.youtube.com/watch?v=mlgIMS1DLLc
무한의 계단을 했다,4,2019_12_12,2,0,승찬 유튜브,3,https://www.youtube.com/watch?v=VQstNcHDhMk
무한의 계단 마의 도둑잡기 29단계 깨기!!,2,2019_12_12,0,0,레비아틴,0,https://www.youtube.com/watch?v=iWiifztBOT4
[무한의계단] 강의영상 쌉고수되는법!,24,2019_12_12,3,0,유튜버샤코,0,https://www.youtube.com/watch?v=AecrvNibIVM
무한의계단 수도승 플레이,0,2019_12_12,0,0,그딴건없단다TV,14,https://www.youtube.com/watch?v=q0SPOrsCoKI
무한의계단 3화:레드레인저잠금해제^^,5,2019_12_12,1,0,쿠마TV,4,https://www.youtube.com/watch?v=JgPD6kkmsuI
무한의계단/준성게임,4,2019_12_12,1,0,유튜브You_Tube 준성,11,https://www.youtube.com/watch?v=VOBwowX000E
【무한의 계단】 컴퓨터로 플레이하고 랭킹가누?! (With. 녹스 앱플레이어),25,2019_12_12,3,0,녹스 앱플레이어,226,https://www.youtube.com/watch?v=H5oQmBFRstA
무한의 계단게임,0,2019_12_12,0,0,푸늘 TV,4,https://www.youtube.com/watch?v=QOVXkaCbSj8
게임영상(무한의 계단),0,2019_12_12,0,0,빛달,0,https://www.youtube.com/watch?v=JIDo_Mllrns
무한의계단 두 손가락 달인 (?),15,2019_12_12,2,0,로디 YouTube,60,https://www.youtube.com/watch?v=7t2skYEP_j0
무한의계단 생존자로 하기 최고982,0,2019_12_12,0,0,파랑프리카,0,https://www.youtube.com/watch?v=zp0faQOieQs
무한의계단 팀모드 500점찍자!!,25,2019_12_12,2,0,느차,47,https://www.youtube.com/watch?v=_JBCLfb8Jz0
첫 무한의계단 영상(편집 본),1,2019_12_12,2,0,무한의계단 TV,7,https://www.youtube.com/watch?v=09XhPf4OyaI
무한의계단 게임!^^,1,2019_12_12,0,0,st천재,1,https://www.youtube.com/watch?v=ofcBkvxpb2Q
무한의계단을 해보았다,1,2019_12_12,0,0,초축,6,https://www.youtube.com/watch?v=mrMfnbCzW6w
후...... 이 게임 매우 힘들고 짜증난다......(무한의 계단),1,2019_12_12,0,0,재우&장우 T v,31,https://www.youtube.com/watch?v=a6sXu9JGaTI
무한의계단 하얀밤을 지새웠다 ㅋㅋ,4,2019_12_12,0,0,럭키허니,2,https://www.youtube.com/watch?v=PzeL3Qe4gyo
무한의 계단 파도모드 1000달성기1,0,2019_12_12,0,0,램우,2,https://www.youtube.com/watch?v=i85nSWAOKfg
[무한의계단] 플로리스트로 1000계단 오르기,7,2019_12_12,2,0,민우,407,https://www.youtube.com/watch?v=i4M_uf3Ikrk
무한의계단 7편,4,2019_12_12,1,0,애던유튜브,10,https://www.youtube.com/watch?v=LqScrN6GFE4
[무한의 계단] 1280일차 고인물의 무계 타법의 모든 것!,"2,934",2019_12_12,31,2,CS Healer,2640,https://www.youtube.com/watch?v=jKN7cBwmIG8
무한의계단 펫합체늑대아잌ㅋㅋ,1,2019_12_12,0,0,무과금TV,8,https://www.youtube.com/watch?v=dk_ZzJIw9a0
제 업로드 무한의 계단 900층 도달영상,2,2019_12_12,1,0,게임 전문가YouTube,5,https://www.youtube.com/watch?v=KB_TIW9MGfg
무한의계단다른게임,3,2019_12_12,0,0,라이언나로,5,https://www.youtube.com/watch?v=NHBntzsPIiY
