﻿title,count,date,good_count,bad_count,youtuber,subscriber,url
Hello Neighbor Shopping Challenge! Hello Neighbor Act 3 is CRAZY HARD! KIDCITY GAMING,"1,086,964",2019_01_29,4900,380,KidCity Gaming,335000,https://www.youtube.com/watch?v=8-EastSh6l0
Crazy Shopping Cart Simulator,53,2019_02_18,0,1,Harrobia,45,https://www.youtube.com/watch?v=lpblptKtHWA
Rich girl crazy shopping,351,2019_02_18,96,2,Android miscellaneous channel,0,https://www.youtube.com/watch?v=1nXPqtlDFAA
Crazy hill climb racing hack free shopping,47,2019_03_13,0,1,Mohamadtheboss 302,19,https://www.youtube.com/watch?v=iDqhZvy44nI
MY FIRST GAME WITH THE LAKERS + GOING CAR SHOPPING! LEBRON CRAZY OOP! NBA 2K19 MY CAREER,81,2019_03_13,7,0,RuthlessDK,1670,https://www.youtube.com/watch?v=ZZhk3wJdAR8
Crazy Thumbs Retro Game Shop in Tooting England 2019,197,2019_05_18,3,1,Had0ken86,2200,https://www.youtube.com/watch?v=AwYo5U5Zn7Q
CRAZY SHOPPING SPREE EARLY IN THE GAME!!(Madden Mobile 20),257,2019_08_01,6,1,Wazvs,152,https://www.youtube.com/watch?v=rHRGH0hn3b0
Baby Granny's CRAZY SECRET GAME!!! | Granny The Mobile Horror Game (Mods),"267,265",2019_08_13,1700,306,dakblake,597000,https://www.youtube.com/watch?v=8Ame913mruo
Borderlands 3 - Chapter 7 Sanctuary: Window Shopping at Crazy Earl's: Vending Machine (2019),73,2019_09_17,0,0,Video Games Source,67000,https://www.youtube.com/watch?v=8YSBhpWEFJI
Crazy Shopping IOS Gameplay,"4,111",2019_09_27,36,6,Usman's Gaming,4610,https://www.youtube.com/watch?v=-J1_2fHjNOQ
Crazy Shopping IOS Gameplay,"1,416",2019_09_28,41,1,F2PlayGames,1310,https://www.youtube.com/watch?v=uEcCQe6FBHQ
Crazy Shopping IOS Gameplay - HD,966,2019_09_30,8,1,Taply Gameplay,96,https://www.youtube.com/watch?v=8EvFXZ-o-8g
Crazy Shopping vs Drop & Smash Gameplay and Review,"1,050",2019_10_16,25,3,Family Review Show,5400,https://www.youtube.com/watch?v=l8IvMbGVXsA
Crazy Shopping iOS Gameplay Part 2-HD,502,2019_10_17,1,2,Taply Gameplay,96,https://www.youtube.com/watch?v=qbtssBPfKNc
Crazy Shopping | iOS / Android Mobile Gameplay,"6,193",2019_10_17,65,15,Rise of Mobile Games,6850,https://www.youtube.com/watch?v=JO51EfnMYy4
Crazy Shopping-New Store ios Gameplay Part 6-HD,644,2019_10_18,5,1,Taply Gameplay,96,https://www.youtube.com/watch?v=vIrUJEoG97U
Crazy Shopping New Store ios Gameplay Part 5-HD,"21,571",2019_10_18,231,40,Taply Gameplay,96,https://www.youtube.com/watch?v=jtoOpxsUsZY
Crazy Shopping New Store Ios Gameplay Part 4-HD,395,2019_10_18,2,3,Taply Gameplay,96,https://www.youtube.com/watch?v=hT3HWxkEcco
Crazy Shopping ios Gameplay Part 3-HD,657,2019_10_18,12,1,Taply Gameplay,96,https://www.youtube.com/watch?v=_LhDgT_UIbI
Crazy Shopping-New Store ios Gameplay Part 7-HD,220,2019_10_18,0,0,Taply Gameplay,96,https://www.youtube.com/watch?v=hatDsjOjIlg
"Real Racing 3,Drop & Smash,Bike Race,Crazy Shopping",201,2019_10_19,1,1,Mister Gameplay,3460,https://www.youtube.com/watch?v=IUh2be0BtUg
Crazy Shopping - Gameplay Walkthrough Part 1 - trailer gameplay,"6,027",2019_10_19,65,13,Gaming K,1200,https://www.youtube.com/watch?v=6UZaPQXAGb0
"Draw Race, Crazy Shopping, Icing On The Cake, Sticky Block, Spinner.io, I Peel Good, Golf Battle",911,2019_10_19,7,0,Dr.Racing,7080,https://www.youtube.com/watch?v=Sb-51-NIZb8
Crazy Shopping New Store ios Gameplay Part 8-HD,222,2019_10_19,5,0,Taply Gameplay,96,https://www.youtube.com/watch?v=LGih1bQzr2g
"Crazy Shopping - Gameplay Trailer (iOS, Android)","19,184",2019_10_20,272,34,KuGo,149000,https://www.youtube.com/watch?v=EarryTf7icI
"Crazy Shopping - Gameplay Walkthrough Part 2 ( ios, android game )","1,728",2019_10_20,11,2,Gaming K,1200,https://www.youtube.com/watch?v=QTSARH__iPw
Crazy Shopping New Store ios Gameplay Part 9-HD,398,2019_10_20,3,0,Taply Gameplay,96,https://www.youtube.com/watch?v=savYqOnIbgU
Crazy Shopping New Store ios Gameplay Part 10-HD,244,2019_10_20,2,0,Taply Gameplay,96,https://www.youtube.com/watch?v=CJAh1fd2M_c
"PvZ, Run Race 3D, Stickman Hook, Crazy Shopping, Sticky Block, Stickman Epic Archer, Stack Jump",812,2019_10_20,31,0,MobAMGames,0,https://www.youtube.com/watch?v=gt4iIdgLxog
"Crazy Shopping - Gameplay Walkthrough Part 3 ( ios, android game )",581,2019_10_21,4,0,Gaming K,1200,https://www.youtube.com/watch?v=697bGhg2Xfs
Crazy Shopping - Gameplay Walkthrough Part 4 - gameplay HD,724,2019_10_21,5,0,Gaming K,1200,https://www.youtube.com/watch?v=K26Dz35Qovo
Crazy Shopping - Gameplay IOS & Android,39,2019_10_21,0,1,MediaTech - Gameplay Channel,0,https://www.youtube.com/watch?v=vIg6scPZDnk
Crazy Shopping Gameplay || ios/android,343,2019_10_22,10,0,Hot Games Unlimited,0,https://www.youtube.com/watch?v=NeTs05dhxaY
Open That Box! Brawl Stars Box Simulator and Crazy Shopping,834,2019_10_22,18,3,just gameplay,57500,https://www.youtube.com/watch?v=ys11LC3_NQI
Crazy Shopping New Store ios Gameplay Part 12-HD,102,2019_10_23,1,0,Taply Gameplay,96,https://www.youtube.com/watch?v=FLAEtDmo1bU
Crazy Shopping New Store ios Gameplay Part 13-HD,368,2019_10_23,2,0,Taply Gameplay,96,https://www.youtube.com/watch?v=9MH9b4elEk4
Crazy Shopping Прохождение Часть 1 Безумные Покупки | Андроид/iOS Геймплей,"1,873",2019_10_23,56,2,000ArmGamer000,539000,https://www.youtube.com/watch?v=yhXfzPxS-JU
Crazy Shopping Gameplay,"3,726",2019_10_24,72,8,Gamers Unbounded,443,https://www.youtube.com/watch?v=Xc7ItYtfx3c
Crazy Shopping Gameplay | Ios Android Game Walkthrough,"1,225",2019_10_24,6,2,Wendy,1020,https://www.youtube.com/watch?v=9kVSnqyQGaM
"Crazy Shopping - Gameplay Part 2 (Android,IOS)","1,470",2019_10_25,13,5,Zerw Gameplay,31000,https://www.youtube.com/watch?v=-aRwcTzSN1Y
"Crazy Shopping - Gameplay Part 3 (Android,IOS)","1,463",2019_10_25,21,1,Zerw Gameplay,31000,https://www.youtube.com/watch?v=rkstcFTPXDc
"Crazy Shopping - Gameplay Part 1 (Android,IOS)","2,508",2019_10_25,50,2,Zerw Gameplay,31000,https://www.youtube.com/watch?v=YxKEHaLDu2E
"Crazy Shopping - Gameplay Walkthrough Part 5 ( ios, android game )","1,636",2019_10_25,28,0,Gaming K,1200,https://www.youtube.com/watch?v=GFajd6_nfzU
Crazy Shopping New Store ios Gameplay Part 16-HD,308,2019_10_27,7,0,Taply Gameplay,96,https://www.youtube.com/watch?v=4Gfg-s6h1gc
"Run Race 3D, Drop & Smash, Kick The Buddy, Crazy Shopping, Stickman Epic Archer, The Catapult",261,2019_10_27,4,0,Dr.Racing,7080,https://www.youtube.com/watch?v=tBa5138OJY4
Crazy Shopping Прохождение Часть 2 Много Бонусов | Андроид/iOS Геймплей,"1,465",2019_10_28,59,2,000ArmGamer000,539000,https://www.youtube.com/watch?v=Z4eCj9dngK4
"Crazy Shopping - Gameplay Walkthrough Part 6 ( ios, android game )",374,2019_10_29,6,1,Gaming K,1200,https://www.youtube.com/watch?v=AUliKE6Kovg
Crazy Shopping full - Gameplay walkthrough part 1,520,2019_10_31,18,1,Gaming K,1200,https://www.youtube.com/watch?v=c8gxqnoYy-M
Crazy Shopping full - Gameplay walkthrough part 2,160,2019_10_31,2,0,Gaming K,1200,https://www.youtube.com/watch?v=-YBPINrFbm8
Crazy Shopping v1.1.2 (Mod),443,2019_10_31,0,4,amazing android,162,https://www.youtube.com/watch?v=2gRnaVUN8Os
crazy robbery I mean shopping,18,2019_11_01,5,0,Ali vlogs/gaming,54,https://www.youtube.com/watch?v=tI6fWKfEZfE
Crazy Shopping New Game 2019 Gameplay Part 1,25,2019_11_01,1,1,KHELIYO KHELIYO,21,https://www.youtube.com/watch?v=pP8xRa_PjjM
Crazy Shopping v1.1.2 New Update Mod ||KJ,355,2019_11_01,9,2,Sát Thủ Killer J,10,https://www.youtube.com/watch?v=wAJW0lMnhOU
Crazy Shopping (by Kwalee) - iOS / ANDROID GAMEPLAY,144,2019_11_01,3,0,Puzzlegamesolver,20299,https://www.youtube.com/watch?v=n0P0K2ZVsKM
Crazy Shopping Прохождение Часть 3 Ювелирный Магазин | Андроид/iOS Геймплей,"1,370",2019_11_01,41,1,000ArmGamer000,539000,https://www.youtube.com/watch?v=6_2PvSoifW4
Crazy shopping 🛒,30,2019_11_01,1,0,I Play,2,https://www.youtube.com/watch?v=ABloutBpjFI
Crazy Shopping New store ios Gameplay Part 18-HD,"7,341",2019_11_01,63,12,Taply Gameplay,96,https://www.youtube.com/watch?v=ngznSzfj81U
"Animal Escape, Zooba, Mario Run, Crazy Shopping, New Red Ball, Sandwich, Bad Piggies, Fit The Fat 3",587,2019_11_01,25,1,MobAMGames,0,https://www.youtube.com/watch?v=UrnVVe9W76I
Crazy Shopping,2,2019_11_02,0,0,Willow The Weirdo,60,https://www.youtube.com/watch?v=lGQVNY_KMJE
Quick crazy shopping part 2,3,2019_11_02,0,0,Deadles Plays,9,https://www.youtube.com/watch?v=xS-i8QGb0wY
Я скупил весь магазин 😮😮😮😮😮 в Crazy Shop! Обзор на мобильную игру!,49,2019_11_02,4,0,Аластор Channel,17,https://www.youtube.com/watch?v=jZc7ibqmFoI
"PvZ, Crazy Shopping, Cowboy, Hill Climb 2, Train Taxi, Minion Rush, Clean Up 3D, Hole.io",8,2019_11_02,1,0,BEsS,249,https://www.youtube.com/watch?v=1U3wKQEuHO8
Crazy Shopping and Square Bird YouTube Ad,78,2019_11_02,1,0,JonathanAlfaroF12,110,https://www.youtube.com/watch?v=4WC0fx0VI5w
How to Play Crazy Shopping on Pc Keyboard Mapping with Memu Android Emulator,21,2019_11_02,0,0,Johan Fayt,6840,https://www.youtube.com/watch?v=Rf_o4j2isrg
Crazy Shopping - Map Control [Max Level],"4,872",2019_11_02,72,0,Tifo,130000,https://www.youtube.com/watch?v=CnNDI1CP3z8
This is how people don't shop (crazy shopping),7,2019_11_02,0,0,youssef gamer,12,https://www.youtube.com/watch?v=0Fwb31C-PUQ
CRAZY SHOPPING EPISODE 1,4,2019_11_02,0,0,Kristi Odister,0,https://www.youtube.com/watch?v=iKIEjg7Jo-Y
Crazy shopping,15,2019_11_03,2,0,Chanel Jones,3,https://www.youtube.com/watch?v=rU4CVJbE6Jw
Stickman crazy Shopping,3,2019_11_03,0,0,KIRILL GAME,1,https://www.youtube.com/watch?v=RweyJOzZctM
Crazy Shopping Mod Apk Download [All MOD Features Working],611,2019_11_03,0,0,Fred Bricks,0,https://www.youtube.com/watch?v=WPv2uSIiJFk
Crazy Shopping Game New Trending kwalee,55,2019_11_03,3,0,Scottish Gaming Duo,1250,https://www.youtube.com/watch?v=o9eWpgFajUE
Crazy Shopping game android 2019,18,2019_11_03,0,0,KHELIYO KHELIYO,21,https://www.youtube.com/watch?v=_09446Iv-ao
Shopping for FUN |CRAZY SHOPPING,5,2019_11_03,0,0,Foxygacha Vids,32,https://www.youtube.com/watch?v=0jCqLu3L6sg
"I Stole a Golden Toilet! - Crazy Shopping Gameplay (Android, iOS)",8,2019_11_04,1,0,Ravenare Gaming,122,https://www.youtube.com/watch?v=nS0LDQcSp_0
Crazy shopping android game - first open store (Part 1) - It's really crazy!,9,2019_11_04,0,0,Jenda Gameplay,1,https://www.youtube.com/watch?v=E_JJCN6gS7A
Crazy Shopping Level 1 (First Store) Gameplay on Android - It's SO WEIRD!! 🛍️,26,2019_11_04,6,0,Noob Gamer,6,https://www.youtube.com/watch?v=P1yALkha-2E
"Crazy Shopping MOD APK download (MOD Money, No Ads)","1,028",2019_11_04,10,5,MODCosy,0,https://www.youtube.com/watch?v=OacCsI3_4wg
Crazy Shopping - Android Gameplay Part 1,2,2019_11_04,2,0,Lima Khanom,124,https://www.youtube.com/watch?v=N9BfOTzQkFw
"PLAYING ""CRAZY SHOPPING ""Part ONE😛😛🤗",6,2019_11_04,1,0,Layla Baca,7,https://www.youtube.com/watch?v=9lpRekdDN2s
Crazy Shopping Mod Hack apk VIP & Money,"4,454",2019_11_04,64,15,Mod Mode,3340,https://www.youtube.com/watch?v=14HGEWoZ0yE
Crazy Shopping 201x android phone gameplay day 1 - St. Louis Galleria,8,2019_11_04,1,0,Delta Ray Studios 2,209,https://www.youtube.com/watch?v=d0Vcw9ynLhQ
Funny Crazy Shopping game | Android gameplay,26,2019_11_04,7,3,VoiceLess,22,https://www.youtube.com/watch?v=81VcACK46dM
Crazy Shopping - iOS/Android Gameplay Video,269,2019_11_05,3,1,GAMEPLAYCUBE,40900,https://www.youtube.com/watch?v=ASOJbDR0l74
Crazy Shopping Level 3 (3rd Store) - STEALING the GOLDEN TV!! 📺,16,2019_11_05,2,0,Noob Gamer,6,https://www.youtube.com/watch?v=qx8gDM4lc8I
Crazy Shopping First Impressions and Walkthrough (part 1) - Android Gameplay HD,41,2019_11_05,6,0,GamePlays365,599,https://www.youtube.com/watch?v=-ghA44NXdLo
Crazy Shopping Прохождение Часть 4 Чистим Полностью Магазин | Андроид/iOS Геймплей,458,2019_11_05,30,1,000ArmGamer000,539000,https://www.youtube.com/watch?v=e3kj97HAqgU
THE BIGGEST HOUSE IN THE STORE IN THE GAME CRAZY SHOPPING!!!EVOLUTION!!!GAMEPLAY!!!!,6,2019_11_05,0,0,Powerglide,54,https://www.youtube.com/watch?v=4urd41NZiiA
Crazy Shopping Level 2 (2nd Store) Gameplay - STEALING A CAR!! 🚗,23,2019_11_05,2,0,Noob Gamer,6,https://www.youtube.com/watch?v=Zl1eBPaXcwI
"3 GAMEPLAYS 😝🤩 ( aquapark io, party io, crazy shopping)",5,2019_11_06,1,0,Candii,30,https://www.youtube.com/watch?v=xy6ixb9klwk
Crazy Shopping | Google Play No.1 Trending Game - SO FUN TO PLAY!,0,2019_11_06,0,0,X Pro - Clash Royale,6,https://www.youtube.com/watch?v=gqHWB4LOMHc
crazy shopping: game funny hahahha🤣🤣🤣,8,2019_11_06,1,0,Raymond ison,8,https://www.youtube.com/watch?v=xpgADwVFvFU
Crazy shopping game play (really crazy),91,2019_11_06,2,1,Play Reels,11,https://www.youtube.com/watch?v=NaMhWsjJi9c
Crazy Shopping 마트 다 털어버리는 게임이라구??[껨부자]모바일게임,70,2019_11_06,7,0,껨부자GGAM Dad&Son,832,https://www.youtube.com/watch?v=gldNxZu1OZo
Crazy Shopping Level 4 - GETTING ALL SPECIAL ITEMS 🍕,14,2019_11_06,2,0,Noob Gamer,6,https://www.youtube.com/watch?v=h81tMHjWWI8
Crazy Shopping,0,2019_11_06,0,0,Chilled Noob,14,https://www.youtube.com/watch?v=HewgC-KL5yQ
Crazy Shopping Mod Apk (Oyun),614,2019_11_06,7,5,ModApkOyun,792,https://www.youtube.com/watch?v=KAiZtJ-OPzM
Crazy shopping🛒,2,2019_11_06,1,0,GameBoyeee #1,31,https://www.youtube.com/watch?v=X29ZjsebYXQ
Crazy shopping (I had to close my video),8,2019_11_07,2,0,Filiper 2601,15,https://www.youtube.com/watch?v=wPWHRqrndIk
Crazy shopping játékbemutató - Őrület!,16,2019_11_07,3,0,Domi Plays,153,https://www.youtube.com/watch?v=wL0ls4cJJdQ
kenneth playz crazy shopping,7,2019_11_07,1,0,Great Kenneth dude,12,https://www.youtube.com/watch?v=B91o_hG3l0k
"Farmers.io, Crazy Shopping, Drive Ahead, Big Big Baller, Mr Bullet, Snowball.io, New Red Ball",257,2019_11_07,4,1,Dr.Racing,7080,https://www.youtube.com/watch?v=C_EsrscIrrA
"TotM：color,Birds Galss,RunRace 3D,Mr Bullet,Stupid Bird,Crazy Shopping,Roller Smash,Archery Go",3,2019_11_07,1,0,Magic baby games,0,https://www.youtube.com/watch?v=s7F8WO2NNxI
Crazy shopping ep.1,20,2019_11_08,2,0,Game Master,21,https://www.youtube.com/watch?v=94Q4GX4jTO0
"Crazy Shopping, Big Big Baller, Hill Dash 2, Multi Craft, Rail Rush, Flip Dunk, Road Drow","4,107",2019_11_08,64,3,MobAMGames,0,https://www.youtube.com/watch?v=7zzhXpbdjDE
[crazy shopping]!상점을 털어보자! ㅡ시간내에!ㅡ,20,2019_11_08,2,0,CROW까마귀,66,https://www.youtube.com/watch?v=9oOb8AR_57o
Crazy shopping,5,2019_11_09,0,0,trilladair 7,3,https://www.youtube.com/watch?v=w3H-cHicj18
CRAZY SHOPPING !! ( Mobile game ),14,2019_11_09,4,0,Coin Pine,22,https://www.youtube.com/watch?v=5woPVdNTR2I
Crazy shopping ep.2,17,2019_11_09,5,2,Game Master,21,https://www.youtube.com/watch?v=l-heQb_AmWs
Playing a game called crazy shopping,12,2019_11_09,7,0,Gaming with Pratham Manani,30,https://www.youtube.com/watch?v=gKNLGLiXMA0
crazy shopping gilerrrrrr gilerrrrrr bro,7,2019_11_09,2,0,Aisy Syahmi,3,https://www.youtube.com/watch?v=Sy8LiRV5vUE
Crazy Shopping Spinning Level (Level 5) - GETTING IN THE MIDDLE!!! 🤯,91,2019_11_10,1,0,Noob Gamer,6,https://www.youtube.com/watch?v=MNiJmeES0wU
Crazy Shopping at Game at Game,5,2019_11_10,0,0,Unicorn Puppet the Unicorn Puppet,0,https://www.youtube.com/watch?v=ASAUDkXEgxA
ITS TIME TO GO SHOPING!!!(crazy shopping),4,2019_11_10,2,0,Thegamingraptorchicken,6,https://www.youtube.com/watch?v=M4PvgfgqYRE
Crazy shopping game,5,2019_11_10,0,0,Azaan Khan,2,https://www.youtube.com/watch?v=LhgYc0YzVfE
Crazy Shopping Прохождение Часть 5 Очень много Людей в Магазине | Андроид/iOS Геймплей,364,2019_11_10,26,0,000ArmGamer000,539000,https://www.youtube.com/watch?v=EKDfxwe5_k4
Lets Play Crazy Shopping,0,2019_11_10,0,0,Jeric Ahrqie Prudente,0,https://www.youtube.com/watch?v=m64YzUOdsIc
크레이지 쇼핑 강도인가?!쇼핑인가?!,118,2019_11_10,11,0,tv윈드준,56,https://www.youtube.com/watch?v=xWp2a7N1hFs
Crazy shopping,2,2019_11_11,0,0,Mealon Hed,2,https://www.youtube.com/watch?v=7KcPI_IBkWU
Black Friday♧Crazy shopping,13,2019_11_11,3,0,Liviadina12 game,24,https://www.youtube.com/watch?v=Rs9ft9DXxfI
Crazy Shopping - Kwalee - Walkthrough Super Bloody Recommend index three stars,193,2019_11_11,1,0,2pFreeGames,212000,https://www.youtube.com/watch?v=fmfjERY3mzE
"Crazy Shopping - Gameplay Trailer (iOS, Android)",77,2019_11_12,8,0,Daniel Araujo,426,https://www.youtube.com/watch?v=0jx2EM7q3ts
Playing crazy shopping,19,2019_11_12,2,0,Cool_ Kid,229,https://www.youtube.com/watch?v=tButkRDn3QQ
【Game】Crazy Shopping,4,2019_11_12,0,0,蚊蚊TV,51,https://www.youtube.com/watch?v=2G3gxacqKOs
Crazy shopping with Taim suliman part1,5,2019_11_12,0,0,Taim Suliman,5,https://www.youtube.com/watch?v=D3SrKOLopso
Грабуємо всі магазини міста Crazy Shopping,18,2019_11_12,2,0,Пряник Game,17,https://www.youtube.com/watch?v=JiJ8pU29peg
Crazy Shopping New store ios Gameplay Part 20-HD,19,2019_11_13,0,0,Taply Gameplay,96,https://www.youtube.com/watch?v=_XGB3-XAAfM
Crazy Shopping New store ios Gameplay Part 21-HD,10,2019_11_13,0,0,Taply Gameplay,96,https://www.youtube.com/watch?v=sPZpTntPLP4
Crazy Shopping Game Level 6 - GETTING ALL 3 SPECIAL ITEMS 🍣,12,2019_11_13,0,0,Noob Gamer,6,https://www.youtube.com/watch?v=WQzlCQULkpg
Crazy Shopping New store ios Gameplay Part 22-HD,20,2019_11_13,0,0,Taply Gameplay,96,https://www.youtube.com/watch?v=o2ASmJvsGkY
Playing Crazy Shopping 🛍🛍🛍,31,2019_11_13,1,0,FGTeeV Jacob,51,https://www.youtube.com/watch?v=q1EThfOtnus
Crazy Shopping New store ios Gameplay Part 23-HD,18,2019_11_13,1,0,Taply Gameplay,96,https://www.youtube.com/watch?v=00Ift5UA864
Crazy Shopping New store ios Gameplay Part 19-HD,20,2019_11_13,0,0,Taply Gameplay,96,https://www.youtube.com/watch?v=tuNQCAUJGCI
Нас загружують Crazy Shopping,9,2019_11_13,1,0,Пряник Game,17,https://www.youtube.com/watch?v=N8M0nxIlIjs
جيم بلاي لعبة Crazy Shopping دقيقة لتشتري أي شيء! للاندرويد و الايفون,95,2019_11_14,16,0,GAMESTORE جيم بلاي,0,https://www.youtube.com/watch?v=vFNHhlndmjk
These Shopper Are CRAZY!-Crazy Shopping Ep1,3,2019_11_15,0,0,Kinzin Ballou,6,https://www.youtube.com/watch?v=lehvnpyf2BY
[Thịnh Mafia] Trải Nghiệm Game Crazy Shopping Và Cái Kết,12,2019_11_15,2,0,Thịnh Mafia,7,https://www.youtube.com/watch?v=5_DZXfua5NY
"Crazy Shopping Maxed Out Crowd 50 People Empty Shop (Android, iOS)",18,2019_11_15,0,0,Tap Touch,652,https://www.youtube.com/watch?v=enmZ20TnS60
"My Boo,Sonic Dash,Crazy Shopping,Disney Frozen,Garfield,Tom Jump Up","2,027",2019_11_15,0,0,BRUKS HD,0,https://www.youtube.com/watch?v=MOjdIjxsmQo
Crazy shopping part 1: bargain pit market | let make video,1,2019_11_16,0,0,Khmer Game and post,5,https://www.youtube.com/watch?v=Mv0ZIiyNclU
"""!Me playing crazy shopping!"" {part 2}🤭",3,2019_11_17,1,0,Layla Baca,7,https://www.youtube.com/watch?v=ANYGetfWtno
Play Crazy Shopping,0,2019_11_17,0,0,Tiger Girl,3,https://www.youtube.com/watch?v=6JTV0jgc0mk
Crazy shopping,8,2019_11_17,2,0,Derpo the derp,16,https://www.youtube.com/watch?v=qtpJ72Y-ZrA
Crazy shopping e brawls stars,20,2019_11_17,3,0,André gacha brawl,40,https://www.youtube.com/watch?v=K_kv70I29ZE
Crazy shopping gameplay!!!!!,14,2019_11_17,3,0,Jo Keenan,12,https://www.youtube.com/watch?v=JqZ4yh4hwLQ
크레이지 쇼핑! 쇼핑몰에 진상 손님들이 쳐들어오는 병맛게임! - 아매킹,59,2019_11_18,0,0,아매킹TV,449,https://www.youtube.com/watch?v=QNsKHmU6Q7I
New Casual Android / iOS Game 2019 [Crazy Shopping] Gameplay,80,2019_11_18,5,0,STAPRIX - Gaming,31,https://www.youtube.com/watch?v=PT-GCv0ZRKc
크레이지 쇼핑! 모바일 (Crazy Shopping) 사람수 늘려가며 마구잡이로 쇼핑하는 게임.,3,2019_11_18,0,0,김게남,0,https://www.youtube.com/watch?v=ZGnaMD67NO8
Robbing a Shop 😐😐 (Crazy Shopping),13,2019_11_19,1,0,Mr. Labrador,12,https://www.youtube.com/watch?v=RsNBufCBgZY
Rich Girl Crazy Shopping games for girls,6,2019_11_19,0,0,Top Games Pro Gamer,4,https://www.youtube.com/watch?v=gvqyUMecNp4
Crazy Shopping Level 8 - ALL 3 SPECIAL ITEMS 🎧,12,2019_11_19,0,0,Noob Gamer,6,https://www.youtube.com/watch?v=mRjye5fcIX4
Crazy Shopping Gameplay - Part 1 (IOS/Android),34,2019_11_19,2,0,Runyo,3630,https://www.youtube.com/watch?v=u7Mq9J5mAc4
Me playing crazy shopping,0,2019_11_20,0,0,Pacifa Adele,4,https://www.youtube.com/watch?v=_3OJ-YbnjVU
It's BLACK FRIDAY (crazy shopping),2,2019_11_20,0,0,it's the gaming Goat,2,https://www.youtube.com/watch?v=WRVSxrqY7mA
"Crazy Shopping , Addictive Gameplay",3,2019_11_20,0,0,Manay Studios,2,https://www.youtube.com/watch?v=K_yG7TWo8XY
Rich girl Crazy Shopping games,5,2019_11_21,0,0,Top Games Pro Gamer,4,https://www.youtube.com/watch?v=vhJwBRS-9jc
Crazy Shopping Level 10 - 3 SPECIAL ITEMS + A BOAT! ⛵,1,2019_11_22,0,0,Noob Gamer,6,https://www.youtube.com/watch?v=LvF24oM7uQQ
크레이지 쇼핑 리뷰,40,2019_11_22,0,0,Hu후레기,34,https://www.youtube.com/watch?v=HB0QToXEJK0
"Crazy Shopping: Gameplay #1 (Android, iOS) – New Stores and Bonus Levels",77,2019_11_23,0,0,Kiza Gameplays,19,https://www.youtube.com/watch?v=eijArlTsYec
Crazy shopping game Malaysia sorry sakit tekak,6,2019_11_23,1,0,gamingbersama faqihah,2,https://www.youtube.com/watch?v=42Zd4RXTK6c
"폰게임리뷰 ""crazy shopping""",14,2019_11_23,5,0,G리뷰,4,https://www.youtube.com/watch?v=yx2ddXfgJNg
Crazy Shopping Level 11 Gameplay - ALL 3 SPECIAL ITEMS! 🌭,6,2019_11_23,0,0,Noob Gamer,6,https://www.youtube.com/watch?v=xqWTaaqIaws
Crazy shopping ep:1,0,2019_11_23,0,0,Blue Bird,5,https://www.youtube.com/watch?v=NiuU7U1dRfQ
Crazy Shopping Level 12 Gameplay - ALL 3 SPECIAL ITEMS 🚽,1,2019_11_25,0,0,Noob Gamer,6,https://www.youtube.com/watch?v=-CyzueHPwfs
Crazy Shopping gameplay,2,2019_11_25,0,0,Bonnie bun buns,3,https://www.youtube.com/watch?v=rTcO5R0j080
Crazy 🤡 shopping !,2,2019_11_26,0,0,The Blogger,6,https://www.youtube.com/watch?v=ZXv-bps_MgQ
#Crazy Shopping #Black_Friday is coming! Were you crazy for shopping?,5,2019_11_26,0,0,Mobile Game Fundais -,11,https://www.youtube.com/watch?v=q6RfelfXxBA
Crazy Shopping level 13 Gameplay - All 3 SPECIAL ITEMS! 🔊,1,2019_11_26,0,0,Noob Gamer,6,https://www.youtube.com/watch?v=j15gxdGdhVE
새로운게임 소개 (크레이지 쇼핑)♥♥[블루샤크],0,2019_11_26,0,0,블루샤크,3,https://www.youtube.com/watch?v=gDMGzCIo-Rk
"Crazy Shopping, The Catapult, Farmers.io, Hole.io, Wrecking Ball, Kick The Buddy Forever, Red Ball 5",5,2019_11_27,1,0,BEsS,249,https://www.youtube.com/watch?v=Im0Bvq0-vXY
Crazy Shopping Max Level - FINAL LEVEL!?! 🤯,3,2019_11_27,0,0,Noob Gamer,6,https://www.youtube.com/watch?v=fMX-hz7Keo4
relaxing game called shopping crazy,3,2019_11_27,1,0,The fun of RANDOM,4,https://www.youtube.com/watch?v=b3Wb1_c-89A
Crazy Talking Jason - Thanksgiving Shopping LOL - Friday The 13th : The Game,220,2019_11_28,40,2,Mr_T_ RUN,1020,https://www.youtube.com/watch?v=n5jwz91nldg
Crazy Shopping (safe for kids),1,2019_11_28,0,0,veranitaymiguelito,32,https://www.youtube.com/watch?v=oN_NolLyAhQ
"I play three different games.Idle world,Idle car and Crazy shopping.",4,2019_11_28,2,0,Ricardo De La Cruz,9,https://www.youtube.com/watch?v=bMgMmceHa8w
Crazy shopping(미친 쇼핑)ㅋㅋㅋㅋㅋ,7,2019_11_28,1,0,do geong TV,23,https://www.youtube.com/watch?v=Cdd0h4eBGK4
Black Friday Shopping Crazy Packed Mall Game Stop and Other Stores,127,2019_11_29,12,1,Slushystudent38,283,https://www.youtube.com/watch?v=FBt3a0LqNjU
Main game Crazy Shopping,5,2019_11_29,2,0,REZERRR,6,https://www.youtube.com/watch?v=Df6Sf9hjX0I
Crazy Shopping - 2019-11-30,1,2019_11_30,0,0,Perisha Cole,1,https://www.youtube.com/watch?v=3Uey2W5y7LM
Review Game Crazy Shopping,4,2019_12_02,1,0,Little Rabbit Channel,11,https://www.youtube.com/watch?v=L9HJlAgX6UA
Crazy shopping,0,2019_12_02,0,0,Ninjafoxko_ blue the adventuring Fox,12,https://www.youtube.com/watch?v=VDVEG66fTQM
Jetpack Jump - Crazy Shopping - Rocket Sky - Clean Up 3D - State of Survival - GAMES,51,2019_12_04,0,0,MASA NASA,3,https://www.youtube.com/watch?v=sOvBzLLQuzA
Playing crazy shopping,1,2019_12_04,1,0,King Ali official channel,3,https://www.youtube.com/watch?v=pf1cWskzCq4
Episode 1 Crazy Shopping!!!!!!!!!!,3,2019_12_04,1,0,Lance Tabor,5,https://www.youtube.com/watch?v=FhVFuut8WGE
Episode 2 Crazy Shopping #SO MUCH GOLD!!!!!!!!!!,1,2019_12_04,0,0,Lance Tabor,5,https://www.youtube.com/watch?v=805UoF3N8hc
"CandyCrushSaga, Tom Jetski, Cut the Loveballs, Loser Runaway, Crazy Shopping - iPad Gameplay",3,2019_12_05,0,0,Blower,144,https://www.youtube.com/watch?v=2bh5G1Wavlw
"Crazy Shopping, Tom Jetski, Cut the Loveballs, CandyCrushSaga, Loser Runaway - iPad Gameplay",243,2019_12_05,34,1,HappyFunnyGames,182,https://www.youtube.com/watch?v=qgVnRpv0YRg
Episode 3 Crazy Shopping,1,2019_12_05,0,0,Lance Tabor,5,https://www.youtube.com/watch?v=Hv0g1TOTV70
"Cut the Loveballs, Loser Runaway, Crazy Shopping, Tom Jetski, CandyCrushSaga - iPad Gameplay",2,2019_12_05,0,0,MobiFight,115,https://www.youtube.com/watch?v=FuMa33LGaaY
Army clash and crazy shopping gameplay,1,2019_12_06,0,0,dead soldier,9,https://www.youtube.com/watch?v=27vfX0OJLuk
"Crazy Shopping, Aquapark.io, Pimp My Car, Hit Master, Hole.io, Sausage Wars, Ink Inc, Rolly Vortex","1,011",2019_12_08,5,0,Dr.Racing,7080,https://www.youtube.com/watch?v=PyC7XO4InBY
Mr. chicken plays crazy shopping,10,2019_12_08,0,0,Mr. Chicken productions,11,https://www.youtube.com/watch?v=dsgkfnLM07Q
Crazy Shopping Gameplay + Review|Latest Games|,8,2019_12_08,3,0,Mr.Cookie Gaming Paradise,231,https://www.youtube.com/watch?v=OoN8BNyA6Rg
THE CRAZY PEOPLE IN CRAZY shopping. In hindi by SQUIR MINE,9,2019_12_08,2,0,Squir Mine,11,https://www.youtube.com/watch?v=dgyDLUdPlWk
PLAYING CRAZY SHOPPING!,5,2019_12_09,2,0,From Roblox To Adventures,8,https://www.youtube.com/watch?v=q7tfxk4ONmo
Crazy Shopping Gameplay,1,2019_12_09,0,0,Maha Khader,165,https://www.youtube.com/watch?v=vZtU9zKJVJU
블랙프라이데이 시뮬레이터 - crazy shopping - MOBILE화면용,2,2019_12_10,1,0,객설TV,16,https://www.youtube.com/watch?v=PTV3Lkq3fnk
Crazy shopping,0,2019_12_10,0,0,Gabriel game de jogos top 10,4,https://www.youtube.com/watch?v=Hhgd1I8XE0Y
crazy shopping,4,2019_12_10,0,0,GRUPO GAME ORIGEM,152,https://www.youtube.com/watch?v=S2pz6I6Fy80
블랙프라이데이 시뮬레이터 - crazy shopping - PC화면용,0,2019_12_10,0,0,객설TV,16,https://www.youtube.com/watch?v=74zHtSEx2YI
#2 Crazy Shopping (Games),1,2019_12_10,0,0,queen tea tv,19,https://www.youtube.com/watch?v=9t3gqDU8S40
"Fun Race 3D, Farmers.io, PvZ, Splash Park, Line Color, Crazy Shopping, Hole.io, Hill Climb","2,380",2019_12_11,28,0,MobAMGames,0,https://www.youtube.com/watch?v=DUuEqKnV6H8
CRAZY SHOPPING IOS GAMEPLAY FIRST #1,1,2019_12_11,0,0,iSnapiyy,2,https://www.youtube.com/watch?v=zdMLjyEd5uc
Rich Girl Crazy Shopping-Fashion Game.,5,2019_12_11,3,0,Fatimə Qafarova,27,https://www.youtube.com/watch?v=0YRh3NeH_OM
