﻿title,count,date,good_count,bad_count,youtuber,subscriber,url
투명크리퍼 1000마리 VS 킹 오브 장돌하우스ㅋㅋㅋㅣ마인크래프트 타워디펜스[김짱돌],"63,938",2019_01_18,980,27,김짱돌,246000,https://www.youtube.com/watch?v=9IGGWXo7RcM
타격감 좋은 킹오브더파이터올스타 타워 7층부터 도전 영상,27,2019_05_26,0,0,잼킴TV,1350,https://www.youtube.com/watch?v=0JoV6OFnaCI
킹 오브 타워,977,2019_10_18,0,0,킹 오브 타워,12,https://www.youtube.com/watch?v=DlqFTX3whVg
킹 오브 타워,"5,700",2019_10_18,0,0,킹 오브 타워,12,https://www.youtube.com/watch?v=lRbbeSnjWhs
킹 오브 타워,"1,098",2019_10_18,0,0,킹 오브 타워,12,https://www.youtube.com/watch?v=qLjIb3zpT84
킹 오브 타워,385,2019_10_18,0,0,킹 오브 타워,12,https://www.youtube.com/watch?v=ArABmtEMnbg
킹 오브 타워,"1,231",2019_10_18,0,0,킹 오브 타워,12,https://www.youtube.com/watch?v=ePYy02vDVqI
킹 오브 타워,564,2019_10_18,0,0,킹 오브 타워,12,https://www.youtube.com/watch?v=u9Hh-pRWTcM
킹 오브 타워,81,2019_10_18,0,0,킹 오브 타워,12,https://www.youtube.com/watch?v=K8pDQ7pmOXI
킹 오브 타워,"1,707",2019_10_18,0,0,킹 오브 타워,12,https://www.youtube.com/watch?v=xmTHjag4mDQ
킹 오브 타워,"14,806",2019_10_18,0,0,킹 오브 타워,12,https://www.youtube.com/watch?v=PZYg-rTVr4Y
"킹 오브 타워, 오랜만에 디펜스게임 즐겼습니다","1,991",2019_10_20,8,1,디야TV,0,https://www.youtube.com/watch?v=XIUY7DmHgzE
킹 오브 타워 첫 플레이,367,2019_10_21,0,0,그냥올려봄,7,https://www.youtube.com/watch?v=qsxXIKvV_og
킹 오브 타워,4,2019_10_24,0,0,킹 오브 타워,12,https://www.youtube.com/watch?v=TPN--90ndMY
킹 오브 타워,16,2019_10_24,0,0,킹 오브 타워,12,https://www.youtube.com/watch?v=WjFzkWPnBro
킹 오브 타워,6,2019_10_24,0,0,킹 오브 타워,12,https://www.youtube.com/watch?v=EYY1wbgjcOY
킹 오브 타워,"18,616",2019_10_24,0,0,킹 오브 타워,12,https://www.youtube.com/watch?v=Ac2BUt2MLBw
삼국지 영웅들로 하는 타워 디펜스 모바일 게임 - 킹 오브 타워,517,2019_10_24,1,0,객설TV,17,https://www.youtube.com/watch?v=9WVUtLDJ3Gs
킹 오브 타워,114,2019_10_24,0,0,킹 오브 타워,12,https://www.youtube.com/watch?v=2bMQvmb81tA
킹 오브 타워,10,2019_10_24,0,0,킹 오브 타워,12,https://www.youtube.com/watch?v=VZHJXt6F_7E
킹 오브 타워,4,2019_10_24,0,0,킹 오브 타워,12,https://www.youtube.com/watch?v=FoRWih1cXUY
킹 오브 타워,4,2019_10_24,0,0,킹 오브 타워,12,https://www.youtube.com/watch?v=FaJp27T5ces
킹 오브 타워,4,2019_10_24,0,0,킹 오브 타워,12,https://www.youtube.com/watch?v=mPv8rxM2JaY
킹 오브 타워,15,2019_10_24,0,0,킹 오브 타워,12,https://www.youtube.com/watch?v=ZOee4E8LNns
킹 오브 타워,6,2019_10_24,0,0,킹 오브 타워,12,https://www.youtube.com/watch?v=279EJLzV9KE
킹 오브 타워,8,2019_10_24,0,0,킹 오브 타워,12,https://www.youtube.com/watch?v=yJxyuDQKtUE
킹 오브 타워,13,2019_10_24,1,0,킹 오브 타워,12,https://www.youtube.com/watch?v=rYqsd09LWwo
킹 오브 타워,53,2019_10_24,0,0,킹 오브 타워,12,https://www.youtube.com/watch?v=SVLTkiyj62c
킹 오브 타워,51,2019_10_24,0,0,킹 오브 타워,12,https://www.youtube.com/watch?v=KlkGX1jVZKQ
킹 오브 타워,18,2019_10_24,0,0,킹 오브 타워,12,https://www.youtube.com/watch?v=BswRd8rfGTY
킹 오브 타워,8,2019_10_24,0,0,킹 오브 타워,12,https://www.youtube.com/watch?v=j9Ud9qGTJUM
킹오브타워공,5,2019_10_29,0,0,킹 오브 타워,12,https://www.youtube.com/watch?v=2qkYnxka5wY
킹오브타워,4,2019_11_01,0,0,킹 오브 타워,12,https://www.youtube.com/watch?v=8whuIQaDie4
킹오브타워,12,2019_11_01,0,0,킹 오브 타워,12,https://www.youtube.com/watch?v=fVhoXMD8rtI
킹오브타워,13,2019_11_01,0,0,킹 오브 타워,12,https://www.youtube.com/watch?v=J8bwpRuwE-s
킹오브타워,4,2019_11_01,0,0,킹 오브 타워,12,https://www.youtube.com/watch?v=Jwci6uFmcRc
킹오브타워,7,2019_11_01,0,0,킹 오브 타워,12,https://www.youtube.com/watch?v=DbHB96p5UVw
킹오브타워,11,2019_11_01,0,0,킹 오브 타워,12,https://www.youtube.com/watch?v=lQ0OJcn5SKs
KOF ALL STAR Tower Trial Floor 48 Clear (global),189,2019_11_02,1,4,Ervis Berberi,12,https://www.youtube.com/watch?v=jw0W0-cd_ag
킹 오브 타워,4,2019_11_03,0,0,킹 오브 타워,12,https://www.youtube.com/watch?v=i6G7e6cTL3U
킹 오브 타워,7,2019_11_03,0,0,킹 오브 타워,12,https://www.youtube.com/watch?v=sOywleWBohU
킹 오브 타워,"2,608",2019_11_03,0,0,킹 오브 타워,12,https://www.youtube.com/watch?v=nWOTMNizwho
킹 오브 타워,4,2019_11_03,0,0,킹 오브 타워,12,https://www.youtube.com/watch?v=pY_d0hBVPfw
킹 오브 타워,"2,147",2019_11_03,0,0,킹 오브 타워,12,https://www.youtube.com/watch?v=Z2_1WEWxD6c
킹 오브 타워,11,2019_11_03,0,0,킹 오브 타워,12,https://www.youtube.com/watch?v=o5pJMT5EIK8
"모바일게임 추천 11월 1주차, 머리 풀기 좋은 게임 모음",52,2019_11_03,0,1,ITEM MANIA,317,https://www.youtube.com/watch?v=PvKn4cWVuZI
킹 오브 타워,311,2019_11_05,0,0,킹 오브 타워,12,https://www.youtube.com/watch?v=ali3fOJt4aw
킹 오브 타워,"1,807",2019_11_05,0,0,킹 오브 타워,12,https://www.youtube.com/watch?v=PQZfiq_z2Vg
킹 오브 타워,10,2019_11_05,0,0,킹 오브 타워,12,https://www.youtube.com/watch?v=Lkkyw72n35k
킹 오브 타워,465,2019_11_05,0,0,킹 오브 타워,12,https://www.youtube.com/watch?v=iDvrB1Cf-Ys
킹 오브 타워,304,2019_11_05,0,0,킹 오브 타워,12,https://www.youtube.com/watch?v=8ujOfZYjbT4
킹 오브 타워,2,2019_11_05,0,0,킹 오브 타워,12,https://www.youtube.com/watch?v=I_-VxowLkzo
킹 오브 타워,358,2019_11_05,0,1,킹 오브 타워,12,https://www.youtube.com/watch?v=pfuqjR9DVl8
킹 오브 타워,11,2019_11_05,0,0,킹 오브 타워,12,https://www.youtube.com/watch?v=Y_yUCLOl5Rs
킹 오브 타워,9,2019_11_07,0,0,킹 오브 타워,12,https://www.youtube.com/watch?v=HmrpW4Fku4w
네코랜드 신작 RPG 게임 데미지 거 너무한거 아니오! - 모바일 게임 더 킹 오브 타워,647,2019_11_08,8,2,꼬무신TV,5100,https://www.youtube.com/watch?v=fSy1DAcRXTc
킹 오브 타워,296,2019_11_10,1,0,킹 오브 타워,12,https://www.youtube.com/watch?v=VXjlVdISTFQ
킹 오브 타워,"11,284",2019_11_10,4,5,킹 오브 타워,12,https://www.youtube.com/watch?v=ocVYTKlYMUo
킹 오브 타워,522,2019_11_10,0,0,킹 오브 타워,12,https://www.youtube.com/watch?v=x4mHiXHJDfs
킹 오브 타워,427,2019_11_10,0,1,킹 오브 타워,12,https://www.youtube.com/watch?v=sstPuxUzT5A
[킹오브타워] 끝없이 몰려오는 병사를 막아라! 삼국지 디펜스게임 - 아매킹,30,2019_11_13,0,0,아매킹TV,480,https://www.youtube.com/watch?v=DxGz6JZN7C0
킹 오브 타워,15,2019_11_18,0,0,킹 오브 타워,12,https://www.youtube.com/watch?v=TBaMjam5xQk
중국산 산작 게임 스토어 인기 순위 1위 ! 엄청나다 - 모바일 게임 킹 오브 타워,380,2019_11_18,5,1,꼬무신TV,5100,https://www.youtube.com/watch?v=hfT_4yMIxP4
킹 오브 타워,684,2019_12_03,0,0,킹 오브 타워,12,https://www.youtube.com/watch?v=_hnY46mxYL8
킹 오브 타워,"1,522",2019_12_03,1,0,킹 오브 타워,12,https://www.youtube.com/watch?v=cOzBRjWcC0U
