﻿title,count,date,good_count,bad_count,youtuber,subscriber,url
Homescapes [HD] LEVEL 1506,28,2018_12_13,0,0,icaros,3270,https://www.youtube.com/watch?v=xDek3Wzlhpk
Homescapes [HD] LEVEL 1510,16,2018_12_13,0,0,icaros,3270,https://www.youtube.com/watch?v=RqcmRJjxM2I
Homescapes [HD] LEVEL 1507,144,2018_12_13,0,0,icaros,3270,https://www.youtube.com/watch?v=8_jrUfg82KQ
Homescapes [HD] HARD LEVEL 1509,"2,389",2018_12_13,8,1,icaros,3270,https://www.youtube.com/watch?v=P2UlSyk7EXQ
Homescapes [HD] LEVEL 1511,25,2018_12_18,0,0,icaros,3270,https://www.youtube.com/watch?v=wixFHUxvhis
Homescapes [HD] HARD LEVEL 1512,71,2018_12_18,0,0,icaros,3270,https://www.youtube.com/watch?v=I411-LycSls
Homescapes [HD] Hard Level 1514,"4,069",2018_12_18,20,9,icaros,3270,https://www.youtube.com/watch?v=oHJC60Rcb10
Homescapes [HD] LEVEL 1515,37,2018_12_18,0,0,icaros,3270,https://www.youtube.com/watch?v=wvuGYAh7PWY
Homescapes [HD] LEVEL 1513,356,2018_12_18,3,0,icaros,3270,https://www.youtube.com/watch?v=g5e37i57Zzs
Homescapes [HD] Level 1516,10,2018_12_20,0,0,icaros,3270,https://www.youtube.com/watch?v=XCdIGioi6i4
Homescapes [HD] Level 1519,12,2018_12_20,0,0,icaros,3270,https://www.youtube.com/watch?v=fiH2BpdIb8w
Homescapes [HD] Level 1520,609,2018_12_20,1,1,icaros,3270,https://www.youtube.com/watch?v=Z5kYHC0bwKA
Homescapes [HD] Hard Level 1518,170,2018_12_20,0,0,icaros,3270,https://www.youtube.com/watch?v=22Wh_QCEiFg
Homescapes [HD] Level 1517,34,2018_12_20,0,0,icaros,3270,https://www.youtube.com/watch?v=gPv71bx_RCE
Homescapes [HD] Level 1523,13,2018_12_24,0,0,icaros,3270,https://www.youtube.com/watch?v=TA_hQtmpRxY
Homescapes [HD] Hard Level 1525,46,2018_12_24,0,0,icaros,3270,https://www.youtube.com/watch?v=TmCt9GjSTBg
Homescapes [HD] Level 1524,9,2018_12_24,0,0,icaros,3270,https://www.youtube.com/watch?v=mXYuuqKS4Os
Homescapes [HD] Hard Level 1521,29,2018_12_24,0,0,icaros,3270,https://www.youtube.com/watch?v=Id7jZEVNBW0
Homescapes [HD] Level 1522,9,2018_12_24,0,0,icaros,3270,https://www.youtube.com/watch?v=lNpYzJz0Gxk
Homescapes [HD] Level 1527,34,2018_12_27,0,0,icaros,3270,https://www.youtube.com/watch?v=tF5Iw8hG7dk
Homescapes [HD] Hard Level 1528,31,2018_12_27,1,0,icaros,3270,https://www.youtube.com/watch?v=2BSqzj_2or4
Homescapes [HD] Hard Level 1530,19,2018_12_27,0,0,icaros,3270,https://www.youtube.com/watch?v=7CQf8T-R9rI
꿈의집 만랩 2121,"1,532",2018_12_27,1,0,황금악기,85,https://www.youtube.com/watch?v=YzU7l2qiS3k
Homescapes [HD] Hard Level 1534,141,2018_12_28,1,0,icaros,3270,https://www.youtube.com/watch?v=OnIvVImNW-M
Homescapes [HD] Level 1535,15,2018_12_28,1,0,icaros,3270,https://www.youtube.com/watch?v=jI9kfijlGAg
Homescapes [HD] Level 1531,8,2018_12_28,0,0,icaros,3270,https://www.youtube.com/watch?v=Tjo5v76oiFA
Homescapes [HD] Level 1532,8,2018_12_28,0,0,icaros,3270,https://www.youtube.com/watch?v=g5q5cSmpc_8
Homescapes [HD] Level 1541,44,2018_12_30,0,0,icaros,3270,https://www.youtube.com/watch?v=lS8vAhu_OUA
Homescapes [HD] Level 1543,23,2018_12_30,0,0,icaros,3270,https://www.youtube.com/watch?v=QZmY_gSowYE
Homescapes [HD] Level 1542,244,2018_12_30,2,0,icaros,3270,https://www.youtube.com/watch?v=XRpBL7Fh7Eo
Homescapes [HD] Hard Level 1544,120,2018_12_30,0,0,icaros,3270,https://www.youtube.com/watch?v=G_kSjWS0nHs
Homescapes [HD] Level 1545,20,2018_12_30,0,0,icaros,3270,https://www.youtube.com/watch?v=ND3yOLaz5nw
Homescapes [HD] Level 1540,10,2018_12_30,0,0,icaros,3270,https://www.youtube.com/watch?v=XmfSlHq5lfg
Homescapes [HD] Level 1539,9,2018_12_30,0,0,icaros,3270,https://www.youtube.com/watch?v=MCxYhIt1bFg
Homescapes [HD] Level 1538,30,2018_12_30,0,0,icaros,3270,https://www.youtube.com/watch?v=QXnsTRmxT8E
Homescapes [HD] Hard Level 1537,98,2018_12_30,0,0,icaros,3270,https://www.youtube.com/watch?v=NkdI9lf8Kfc
Homescapes [HD] Level 1536,23,2018_12_30,0,0,icaros,3270,https://www.youtube.com/watch?v=kg_cpFdmF7A
Homescapes [HD] Level 1547,11,2019_01_01,0,1,icaros,3270,https://www.youtube.com/watch?v=VP03_Af_FJQ
Homescapes [HD] Level 1548,24,2019_01_01,0,0,icaros,3270,https://www.youtube.com/watch?v=zX_OvPPi1XI
Homescapes [HD] Level 1546,40,2019_01_01,0,0,icaros,3270,https://www.youtube.com/watch?v=CzsUNOeuc2c
Homescapes [HD] Hard Level 1549,159,2019_01_01,0,0,icaros,3270,https://www.youtube.com/watch?v=sjCpgFS5QU4
Homescapes [HD] Level 1550,12,2019_01_01,0,0,icaros,3270,https://www.youtube.com/watch?v=4ovd0h39UFw
오스틴 꿈의 집 차고 6(완),"2,349",2019_01_02,7,0,갤비,14,https://www.youtube.com/watch?v=B6AxPnrpF5M
Homescapes [HD] Hard Level 1554,136,2019_01_04,0,0,icaros,3270,https://www.youtube.com/watch?v=XQPVga8atcw
Homescapes [HD] Hard Level 1552,104,2019_01_04,0,0,icaros,3270,https://www.youtube.com/watch?v=Lv6Gn7OIKdg
Homescapes [HD] Level 1553,13,2019_01_04,0,0,icaros,3270,https://www.youtube.com/watch?v=bBo0mic69Xg
Homescapes [HD] Level 1551,177,2019_01_04,2,0,icaros,3270,https://www.youtube.com/watch?v=TvBxmvKkFr4
Homescapes [HD] Level 1555,22,2019_01_04,0,0,icaros,3270,https://www.youtube.com/watch?v=3GB0l5dN_XM
Homescapes [HD] Level 1559,12,2019_01_05,0,0,icaros,3270,https://www.youtube.com/watch?v=MRxTpZ7_7RA
Homescapes [HD] Level 1556,11,2019_01_05,0,0,icaros,3270,https://www.youtube.com/watch?v=Xs4FrVLa7Gc
Homescapes [HD] Level 1557,10,2019_01_05,0,0,icaros,3270,https://www.youtube.com/watch?v=7V5mDENzhqQ
Homescapes [HD] Level 1558,6,2019_01_05,0,0,icaros,3270,https://www.youtube.com/watch?v=Y5ekR6omMwA
Homescapes [HD] Level 1562,6,2019_01_08,0,0,icaros,3270,https://www.youtube.com/watch?v=_3BWoPsP_K4
Homescapes [HD] Hard Level 1564,"1,136",2019_01_08,0,0,icaros,3270,https://www.youtube.com/watch?v=AqOWKgZy54k
Homescapes [HD] Level 1563,37,2019_01_08,0,0,icaros,3270,https://www.youtube.com/watch?v=hTwh1g2p7qQ
Homescapes [HD] Level 1565,30,2019_01_08,0,0,icaros,3270,https://www.youtube.com/watch?v=LVB06T7any4
Homescapes [HD] Level 1561,6,2019_01_08,0,0,icaros,3270,https://www.youtube.com/watch?v=YpfXoUN7LzI
Homescapes [HD] Level 1567,33,2019_01_12,1,0,icaros,3270,https://www.youtube.com/watch?v=11NyHvQ61IY
Homescapes [HD] Level 1570,11,2019_01_12,0,0,icaros,3270,https://www.youtube.com/watch?v=G4Wltl8luIw
Homescapes [HD] Level 1568,26,2019_01_12,0,0,icaros,3270,https://www.youtube.com/watch?v=yJmKXN1HOns
Homescapes [HD] Hard Level 1569,36,2019_01_12,0,0,icaros,3270,https://www.youtube.com/watch?v=aZTPiHyi8dw
Homescapes [HD] Level 1566,24,2019_01_12,0,0,icaros,3270,https://www.youtube.com/watch?v=0ed8_RBPwic
Homescapes level 437 (꿈의집 437),205,2019_01_13,0,0,Jiny Choi,25,https://www.youtube.com/watch?v=CrB5w26aHcU
Homescapes level 446 (꿈의집 446),20,2019_01_13,0,0,Jiny Choi,25,https://www.youtube.com/watch?v=KyxOg_L7efQ
Homescapes [HD] Level 1574,33,2019_01_14,0,0,icaros,3270,https://www.youtube.com/watch?v=Gr8GRX98mXo
Homescapes [HD] Level 1572,3,2019_01_14,0,0,icaros,3270,https://www.youtube.com/watch?v=KCijUx9m2l4
Homescapes [HD] Level 1575,18,2019_01_14,0,0,icaros,3270,https://www.youtube.com/watch?v=KdlJW5RVJYo
Homescapes [HD] Hard Level 1573,206,2019_01_14,1,0,icaros,3270,https://www.youtube.com/watch?v=2ZuCHMHqH4c
Homescapes [HD] Level 1571,8,2019_01_14,0,0,icaros,3270,https://www.youtube.com/watch?v=KA_wikDbqHw
Homescapes [HD] Level 1579,16,2019_01_16,0,0,icaros,3270,https://www.youtube.com/watch?v=4S7pxZIvI90
Homescapes [HD] Hard Level 1578,456,2019_01_16,2,0,icaros,3270,https://www.youtube.com/watch?v=X416XTX0VLU
Homescapes [HD] Level 1580,29,2019_01_16,0,0,icaros,3270,https://www.youtube.com/watch?v=tlS2E4NoXD8
Homescapes [HD] Level 1577,174,2019_01_16,0,0,icaros,3270,https://www.youtube.com/watch?v=KIgOwyCfEQY
Homescapes Level 1581,37,2019_01_17,1,0,icaros,3270,https://www.youtube.com/watch?v=7H-z2rmdCs4
Homescapes Level 1584,43,2019_01_17,1,0,icaros,3270,https://www.youtube.com/watch?v=iTm3t4uWSBU
Homescapes Hard Level 1583,344,2019_01_17,3,0,icaros,3270,https://www.youtube.com/watch?v=N5V-0-nhsAM
Homescapes Level 1585,43,2019_01_17,2,0,icaros,3270,https://www.youtube.com/watch?v=9_lGVhAuD8U
Homescapes Level 1582,58,2019_01_17,1,0,icaros,3270,https://www.youtube.com/watch?v=MXTQLhUGxuA
Homescapes Level 1589,37,2019_01_19,1,0,icaros,3270,https://www.youtube.com/watch?v=IghBwCB-wqQ
Homescapes Level 1588,32,2019_01_19,0,0,icaros,3270,https://www.youtube.com/watch?v=bMIc_QkmerI
Homescapes Level 1587,11,2019_01_19,0,0,icaros,3270,https://www.youtube.com/watch?v=VPN_TF8OCw8
Homescapes Hard Level 1590,205,2019_01_19,0,0,icaros,3270,https://www.youtube.com/watch?v=2mxNxdppkjg
Homescapes Level 1586,22,2019_01_19,0,0,icaros,3270,https://www.youtube.com/watch?v=zT6hmXfjG4M
꿈의 집 레벨 1595,152,2019_01_20,2,0,icaros,3270,https://www.youtube.com/watch?v=mM0OrEAL0ic
Homescapes Level 1594,33,2019_01_20,0,0,icaros,3270,https://www.youtube.com/watch?v=FDijhDTAd4U
Homescapes Hard Level 1592,"2,224",2019_01_20,5,1,icaros,3270,https://www.youtube.com/watch?v=ydnXw62iRFQ
Homescapes Level 1593,19,2019_01_20,0,0,icaros,3270,https://www.youtube.com/watch?v=L-LwnWAcMrE
Homescapes Level 1591,40,2019_01_20,0,0,icaros,3270,https://www.youtube.com/watch?v=Cn9N3pquWl0
Homescapes Level 1596,7,2019_01_23,0,0,icaros,3270,https://www.youtube.com/watch?v=XKTMSfsj5-0
Homescapes Hard Level 1597,77,2019_01_23,0,0,icaros,3270,https://www.youtube.com/watch?v=X5gbWGWDXsM
Homescapes Level 1600,150,2019_01_23,0,0,icaros,3270,https://www.youtube.com/watch?v=JnG2wTSTgFU
Homescapes Level 1598,18,2019_01_23,0,0,icaros,3270,https://www.youtube.com/watch?v=3KgKffDmyiU
Homescapes Hard Level 1599,152,2019_01_23,0,0,icaros,3270,https://www.youtube.com/watch?v=QQQKjBCyojc
Homescapes Level 1601,35,2019_01_25,0,0,icaros,3270,https://www.youtube.com/watch?v=hohNqW8jh5s
Homescapes Level 1604,14,2019_01_25,0,0,icaros,3270,https://www.youtube.com/watch?v=RyIVjMloomQ
Homescapes Hard Level 1605,607,2019_01_25,1,0,icaros,3270,https://www.youtube.com/watch?v=6j_diUsVE6E
Homescapes Level 1602,54,2019_01_25,0,0,icaros,3270,https://www.youtube.com/watch?v=H2a32Zxwi30
Homescapes level 490 (꿈의집 490),58,2019_01_26,0,0,Jiny Choi,25,https://www.youtube.com/watch?v=-vYMvCRrrlg
Homescapes level 475 (꿈의집 475),60,2019_01_26,0,0,Jiny Choi,25,https://www.youtube.com/watch?v=JsxhmEyObBM
Homescapes level 479 (꿈의집 479),85,2019_01_26,0,0,Jiny Choi,25,https://www.youtube.com/watch?v=Y1r_SATfbFk
Homescapes level 508 (꿈의집 508),73,2019_01_26,0,0,Jiny Choi,25,https://www.youtube.com/watch?v=AApVqB2fTEw
Homescapes Level 1608,55,2019_01_29,0,0,icaros,3270,https://www.youtube.com/watch?v=6ch55PM_3a8
Homescapes Hard Level 1609,113,2019_01_29,0,0,icaros,3270,https://www.youtube.com/watch?v=WBQYcrRabDM
Homescapes Level 1607,8,2019_01_29,0,0,icaros,3270,https://www.youtube.com/watch?v=QAPMJ8tFeMQ
Homescapes Level 1606,39,2019_01_29,0,0,icaros,3270,https://www.youtube.com/watch?v=waksQhEDPaM
Homescapes Level 1610,21,2019_01_29,0,0,icaros,3270,https://www.youtube.com/watch?v=9h5crDvyTZE
Homescapes Level 1614,35,2019_01_31,0,0,icaros,3270,https://www.youtube.com/watch?v=svaV8IEz0ew
Homescapes Level 1613,10,2019_01_31,0,0,icaros,3270,https://www.youtube.com/watch?v=pbSD5rqvdZk
Homescapes Level 1612,143,2019_01_31,0,0,icaros,3270,https://www.youtube.com/watch?v=usWk42cS5J8
Homescapes Level 1611,22,2019_01_31,0,0,icaros,3270,https://www.youtube.com/watch?v=wyUmEA7Mcyo
Homescapes Hard Level 1615,63,2019_01_31,0,0,icaros,3270,https://www.youtube.com/watch?v=YW-TM9E79mQ
Homescapes level 575 (꿈의집 575),92,2019_02_01,0,0,Jiny Choi,25,https://www.youtube.com/watch?v=MhoorvcLnbs
Homescapes level 579 (꿈의집 579),"1,322",2019_02_01,2,1,Jiny Choi,25,https://www.youtube.com/watch?v=t0fF2UE22HI
Homescapes level 590 (꿈의집 590),689,2019_02_01,1,3,Jiny Choi,25,https://www.youtube.com/watch?v=6rLmfYOZDXA
Homescapes level 613 (꿈의집 613),62,2019_02_02,0,0,Jiny Choi,25,https://www.youtube.com/watch?v=xC-tvW3oBH8
Homescapes level 604 (꿈의집 604),52,2019_02_02,0,0,Jiny Choi,25,https://www.youtube.com/watch?v=JZX5RARHDIc
Homescapes level 598 (꿈의집 598),143,2019_02_02,0,0,Jiny Choi,25,https://www.youtube.com/watch?v=jU89J4BZJx4
Homescapes level 690 (꿈의집 690),60,2019_02_05,1,0,Jiny Choi,25,https://www.youtube.com/watch?v=GxIlGh3S4wI
Homescapes level 674 (꿈의집 674),131,2019_02_05,0,0,Jiny Choi,25,https://www.youtube.com/watch?v=ki5jc8Av-NM
Homescapes level 705 (꿈의집 705),66,2019_02_06,0,0,Jiny Choi,25,https://www.youtube.com/watch?v=efgYzP3juR8
Homescapes level 715 (꿈의집 715),61,2019_02_07,0,0,Jiny Choi,25,https://www.youtube.com/watch?v=ZqzIUjBl3z8
Homescapes Level 1618,76,2019_02_09,0,0,icaros,3270,https://www.youtube.com/watch?v=a04Yl_XrT68
Homescapes Hard Level 1619,736,2019_02_09,5,2,icaros,3270,https://www.youtube.com/watch?v=dxL06vVtAVE
Homescapes Level 1617,21,2019_02_09,0,0,icaros,3270,https://www.youtube.com/watch?v=y93QU7_Mxbw
Homescapes Level 1620,62,2019_02_09,0,0,icaros,3270,https://www.youtube.com/watch?v=kKd7UHTcIf0
Homescapes Level 1616,18,2019_02_09,0,0,icaros,3270,https://www.youtube.com/watch?v=z4wxsfz0zgY
오스틴 꿈의 집 파티룸 1,353,2019_02_10,2,0,갤비,14,https://www.youtube.com/watch?v=CNKzQdxhfEQ
오스틴 꿈의 집 파티룸 2,334,2019_02_10,0,0,갤비,14,https://www.youtube.com/watch?v=ARTafDQgj1A
Homescapes Level 1624,52,2019_02_12,0,0,icaros,3270,https://www.youtube.com/watch?v=Rn1txB_-26Q
Homescapes Level 1621,65,2019_02_12,0,0,icaros,3270,https://www.youtube.com/watch?v=mQjScs64sfg
Homescapes Level 1623,51,2019_02_12,0,0,icaros,3270,https://www.youtube.com/watch?v=8pJWJV2xduA
Homescapes Hard Level 1625,284,2019_02_12,1,0,icaros,3270,https://www.youtube.com/watch?v=vUWDqdwETVE
Homescapes Level 1622,30,2019_02_12,0,0,icaros,3270,https://www.youtube.com/watch?v=wuyCe25p-ws
Homescapes 꿈의집 2306레벨 쿠키만들기,570,2019_02_14,3,0,황금악기,85,https://www.youtube.com/watch?v=RGH8B37zRkU
Homescapes Hard Level 1630,100,2019_02_19,1,1,icaros,3270,https://www.youtube.com/watch?v=vIx_-pKl6j0
Homescapes Level 1628,7,2019_02_19,0,0,icaros,3270,https://www.youtube.com/watch?v=BcNIJ3mxz1U
Homescapes Level 1627,61,2019_02_19,0,0,icaros,3270,https://www.youtube.com/watch?v=wNw4hIeGYfM
Homescapes Level 1629,50,2019_02_19,0,0,icaros,3270,https://www.youtube.com/watch?v=59C47wX7W_w
Homescapes Level 1626,16,2019_02_19,0,0,icaros,3270,https://www.youtube.com/watch?v=__JKdGKwaVg
Homescapes Level 1635,27,2019_02_21,0,0,icaros,3270,https://www.youtube.com/watch?v=CI00IOtztg0
Homescapes Level 1633,83,2019_02_21,0,0,icaros,3270,https://www.youtube.com/watch?v=3_NGN2MckVg
Homescapes Level 1631,16,2019_02_21,0,0,icaros,3270,https://www.youtube.com/watch?v=Biet7IaWSsc
Homescapes Level 1634,29,2019_02_21,0,0,icaros,3270,https://www.youtube.com/watch?v=cvWFl1xIi5E
꿈의집 별무한 버그판 플레이 영상,"8,344",2019_02_21,20,4,버그판 전문유카리,25,https://www.youtube.com/watch?v=fh4W9n96ZuY
Homescapes level 749 (꿈의집 749),87,2019_02_22,0,0,Jiny Choi,25,https://www.youtube.com/watch?v=Cv_fS__Vv5A
꿈의정원 공략 (Gardenscapes) LEVEL 21 - 30 편집영상 (가든스케이프),317,2019_02_22,3,0,boy Ma,3,https://www.youtube.com/watch?v=GjbQpja1Fmw
Homescapes level 760 (꿈의집 760),55,2019_02_23,0,0,Jiny Choi,25,https://www.youtube.com/watch?v=s1k6H5pmUN0
Homescapes Hard Level 1636,361,2019_02_25,0,0,icaros,3270,https://www.youtube.com/watch?v=WcqfaD7Trzc
Homescapes Level 1639,28,2019_02_25,0,0,icaros,3270,https://www.youtube.com/watch?v=ThqLHYtGsQU
Homescapes Level 1637,19,2019_02_25,0,0,icaros,3270,https://www.youtube.com/watch?v=zvPjqnQiqdw
Homescapes Hard Level 1640,50,2019_02_25,1,0,icaros,3270,https://www.youtube.com/watch?v=WsxNw2Gh4ac
Homescapes Level 1638,28,2019_02_25,0,0,icaros,3270,https://www.youtube.com/watch?v=Asa-O_LBKfw
homescapes 홈스케이프 gameplay,44,2019_02_26,1,0,홈스케이프,6,https://www.youtube.com/watch?v=g2NOxH8IhRQ
홈스케이프 레벨 1820 가자 만렙 homescapes gameplay,69,2019_02_26,0,0,홈스케이프,6,https://www.youtube.com/watch?v=qOwRzYxqIqU
homescapes gameplay 홈스케이프 만렙가기 1828,265,2019_02_26,1,0,홈스케이프,6,https://www.youtube.com/watch?v=TzjULSk81CY
Homescapes Hard Level 1645,220,2019_02_28,0,0,icaros,3270,https://www.youtube.com/watch?v=As3rWEfpXCY
Homescapes Level 1642,19,2019_02_28,0,0,icaros,3270,https://www.youtube.com/watch?v=EyuKKmSXJcc
Homescapes Level 1641,9,2019_02_28,1,0,icaros,3270,https://www.youtube.com/watch?v=P7IM2H2mKaM
Homescapes Level 1644,8,2019_02_28,1,0,icaros,3270,https://www.youtube.com/watch?v=NRhBey9kyK4
오스틴 꿈의 집 파티룸 3,211,2019_03_02,0,0,갤비,14,https://www.youtube.com/watch?v=4IH2I3OjkTc
Homescapes level 812 (꿈의집 812),75,2019_03_03,0,0,Jiny Choi,25,https://www.youtube.com/watch?v=GJ69acBNa4M
Homescapes Level 1650,60,2019_03_04,0,0,icaros,3270,https://www.youtube.com/watch?v=sH39o3d9pm8
Homescapes Level 1649,37,2019_03_04,0,0,icaros,3270,https://www.youtube.com/watch?v=x4llIoKpiUI
Homescapes Hard Level 1648,890,2019_03_04,3,0,icaros,3270,https://www.youtube.com/watch?v=apLcKc6C56E
Homescapes Level 1646,9,2019_03_04,0,0,icaros,3270,https://www.youtube.com/watch?v=wmRnfXyTDaY
Homescapes Level 1647,17,2019_03_04,0,0,icaros,3270,https://www.youtube.com/watch?v=BjTq5FaBmWI
Homescapes Level 1651,522,2019_03_11,2,0,icaros,3270,https://www.youtube.com/watch?v=U8YYBmanscs
Homescapes Level 1653,21,2019_03_11,1,0,icaros,3270,https://www.youtube.com/watch?v=_VhLky7p3ec
Homescapes Hard Level 1655,301,2019_03_11,1,0,icaros,3270,https://www.youtube.com/watch?v=8FickSJKFzI
Homescapes Level 1654,136,2019_03_11,1,1,icaros,3270,https://www.youtube.com/watch?v=sbEmDcf9noI
Homescapes Level 1656,291,2019_03_12,0,0,icaros,3270,https://www.youtube.com/watch?v=_AQsDRroaxg
Homescapes Level 1657,54,2019_03_12,0,0,icaros,3270,https://www.youtube.com/watch?v=GIcF0YqKuCY
Homescapes Level 1658,24,2019_03_12,0,0,icaros,3270,https://www.youtube.com/watch?v=5Qn9uk4gwN4
Homescapes Level 1659,24,2019_03_12,1,0,icaros,3270,https://www.youtube.com/watch?v=28_umkRNe2g
Homescapes Level 1665,37,2019_03_16,0,0,icaros,3270,https://www.youtube.com/watch?v=BVyusw10Lak
Homescapes Level 1664,790,2019_03_16,5,0,icaros,3270,https://www.youtube.com/watch?v=Ydt7NJ6EneY
Homescapes Level 1662,24,2019_03_16,0,0,icaros,3270,https://www.youtube.com/watch?v=Ve3IEHzgPQU
Homescapes Level 1661,12,2019_03_16,0,0,icaros,3270,https://www.youtube.com/watch?v=pO5ich7Hfdo
꿈의집(Homescapes) 51~60,48,2019_03_17,1,0,큰빵네,1,https://www.youtube.com/watch?v=aZ9XV9YGfwQ
Homescapes Level 1667,139,2019_03_18,0,0,icaros,3270,https://www.youtube.com/watch?v=w1xHkHRDUWk
Homescapes Level 1669,101,2019_03_18,0,0,icaros,3270,https://www.youtube.com/watch?v=zxn3Ce48nwI
Homescapes Level 1670,25,2019_03_18,0,0,icaros,3270,https://www.youtube.com/watch?v=5or4kOvv3os
Homescapes Level 1668,8,2019_03_18,0,0,icaros,3270,https://www.youtube.com/watch?v=fBEaCy3gyMo
Homescapes Level 1674,30,2019_03_21,0,0,icaros,3270,https://www.youtube.com/watch?v=i4F8D3n9dsA
Homescapes Level 1671,9,2019_03_21,0,0,icaros,3270,https://www.youtube.com/watch?v=d2_BkzCXmNY
Homescapes Level 1675,43,2019_03_21,1,0,icaros,3270,https://www.youtube.com/watch?v=Gdrqz7lEgkw
Homescapes Level 1672,40,2019_03_21,0,0,icaros,3270,https://www.youtube.com/watch?v=liWf-SJeZ38
Homescapes Level 1678,26,2019_03_25,0,0,icaros,3270,https://www.youtube.com/watch?v=eUfiJil5l5w
Homescapes Level 1680,176,2019_03_25,2,0,icaros,3270,https://www.youtube.com/watch?v=c8xJuUqAdQg
Homescapes Level 1679,23,2019_03_25,0,0,icaros,3270,https://www.youtube.com/watch?v=svK2b_psz8w
Homescapes Level 1677,15,2019_03_25,0,0,icaros,3270,https://www.youtube.com/watch?v=Qs56BBseMFg
Homescapes Level 1676,70,2019_03_25,0,0,icaros,3270,https://www.youtube.com/watch?v=OnS0znoTIps
Homescapes Level 1683,80,2019_03_28,1,0,icaros,3270,https://www.youtube.com/watch?v=fJkGkz0LNck
Homescapes Level 1685,327,2019_03_28,1,0,icaros,3270,https://www.youtube.com/watch?v=FNY3shguBUc
Homescapes Level 1682,169,2019_03_28,3,0,icaros,3270,https://www.youtube.com/watch?v=qUFGvBtpobY
Homescapes Level 1681,49,2019_03_28,2,0,icaros,3270,https://www.youtube.com/watch?v=OqYG6Gcy1IE
Homescapes level 845 (꿈의집 845),64,2019_03_30,0,0,Jiny Choi,25,https://www.youtube.com/watch?v=D3i9aLS4cI4
꿈의집(Homescapes) 231~240,36,2019_03_31,0,0,큰빵네,1,https://www.youtube.com/watch?v=gybGustJSTA
Homescapes Level 1690,42,2019_04_01,1,0,icaros,3270,https://www.youtube.com/watch?v=5tmlIWB5X-Y
Homescapes Level 1688,31,2019_04_01,2,1,icaros,3270,https://www.youtube.com/watch?v=d75LCoI7Rkw
Homescapes Level 1686,32,2019_04_01,0,0,icaros,3270,https://www.youtube.com/watch?v=iHRYzhJtL-M
Homescapes Level 1687,18,2019_04_01,0,0,icaros,3270,https://www.youtube.com/watch?v=hfh1YcYjuZM
Homescapes Level 1689,141,2019_04_01,0,0,icaros,3270,https://www.youtube.com/watch?v=Ff3-gkWAkpQ
[꿈의집/homescapes/모바일게임] 2042레벨 어려움 난이도 깨기,15,2019_04_01,0,0,이코숏,0,https://www.youtube.com/watch?v=6MQkpVVda3o
Homescapes Level 1695,40,2019_04_03,2,0,icaros,3270,https://www.youtube.com/watch?v=f2cjMETAK8U
Homescapes Level 1691,19,2019_04_03,0,0,icaros,3270,https://www.youtube.com/watch?v=q8XPU5QkuAE
Homescapes Level 1692,136,2019_04_03,0,0,icaros,3270,https://www.youtube.com/watch?v=MCDDLMvtJ9E
Homescapes Level 1694,133,2019_04_03,0,0,icaros,3270,https://www.youtube.com/watch?v=_iONiousR2w
Homescapes Level 1693,61,2019_04_03,0,0,icaros,3270,https://www.youtube.com/watch?v=khEuuoapoRw
"[MEM] 꿈의 집, 홈스케이프(Homescapes) 106 레벨 어려움! 실패실패성공~",175,2019_04_06,0,0,이일환,25,https://www.youtube.com/watch?v=C9wGGAFXJIY
Homescapes Level 1696,20,2019_04_10,0,0,icaros,3270,https://www.youtube.com/watch?v=yy2Oi2rgdBk
Homescapes Level 1697,"1,085",2019_04_10,3,1,icaros,3270,https://www.youtube.com/watch?v=eOAxaukAK68
Homescapes Level 1699,177,2019_04_10,2,0,icaros,3270,https://www.youtube.com/watch?v=eUJre6jEn6c
Homescapes Level 1698,13,2019_04_10,0,0,icaros,3270,https://www.youtube.com/watch?v=J4h9Nbh-Q1g
꿈의 집 Homescapes 1564,136,2019_04_11,0,0,꿈의 집 기록.,3,https://www.youtube.com/watch?v=qR4PkVSENac
"[MEM] 꿈의 집, 홈스케이프(Homescapes) 179레벨 ""어려움"" 레벨, 몇 번 실패한거야 ㅠㅠ",40,2019_04_12,0,0,이일환,25,https://www.youtube.com/watch?v=M9-PXsQ_Kk4
"[MEM] 꿈의 집, 홈스케이프(Homescapes) 166레벨 ""더 어려움"", 이번에는 그나마 좀...",97,2019_04_12,0,0,이일환,25,https://www.youtube.com/watch?v=abdETYWRgho
"[MEM] 꿈의 집, 홈스케이프(Homescapes) 174레벨 ""더 어려움"", 쉽게 넘깁니다!",265,2019_04_12,0,2,이일환,25,https://www.youtube.com/watch?v=Blw0hmalTq8
꿈의집(Homescapes) 261~270,18,2019_04_13,0,0,큰빵네,1,https://www.youtube.com/watch?v=zxfY69JBeBM
꿈의집(Homescapes) 251~260,29,2019_04_13,0,0,큰빵네,1,https://www.youtube.com/watch?v=3bHZX-8cXzc
Homescapes Level 1703,92,2019_04_14,2,0,icaros,3270,https://www.youtube.com/watch?v=dnxlFJruPPI
Homescapes Level 1702,29,2019_04_14,0,0,icaros,3270,https://www.youtube.com/watch?v=814bcYUSvfg
Homescapes Level 1705,604,2019_04_14,1,0,icaros,3270,https://www.youtube.com/watch?v=Cf8yWKgyVqo
Homescapes Level 1704,65,2019_04_14,0,0,icaros,3270,https://www.youtube.com/watch?v=CN5EzQ_FW2s
Homescapes Level 1701,23,2019_04_14,0,0,icaros,3270,https://www.youtube.com/watch?v=XvU5E9aD2AU
Homescapes Level 1707,23,2019_04_17,0,0,icaros,3270,https://www.youtube.com/watch?v=YkVLxXemSsg
Homescapes Level 1706,51,2019_04_17,1,0,icaros,3270,https://www.youtube.com/watch?v=rMJYZed8ldo
Homescapes Level 1709,250,2019_04_17,2,0,icaros,3270,https://www.youtube.com/watch?v=-vd5jTP2O0E
Homescapes Level 1708,33,2019_04_17,0,0,icaros,3270,https://www.youtube.com/watch?v=3P-h6cA_kgU
Homescapes Level 1710,449,2019_04_17,0,1,icaros,3270,https://www.youtube.com/watch?v=ia6QHYeiWuE
오스틴 꿈의 집 파티룸4,175,2019_04_20,1,0,갤비,14,https://www.youtube.com/watch?v=qE_6nhndmds
Homescapes level 910 (꿈의집 910),30,2019_04_20,0,0,Jiny Choi,25,https://www.youtube.com/watch?v=WSykE6VTrlg
오스틴 꿈의 집 2000☆,"2,198",2019_04_21,5,2,갤비,14,https://www.youtube.com/watch?v=pykR_sLTeSA
Homescapes Level 1711,25,2019_04_24,1,0,icaros,3270,https://www.youtube.com/watch?v=DpzxjTsmScs
Homescapes Level 1715,82,2019_04_24,0,0,icaros,3270,https://www.youtube.com/watch?v=UqDtXtHPVns
Homescapes Level 1713,144,2019_04_24,1,0,icaros,3270,https://www.youtube.com/watch?v=PpP-DXSmo_g
Homescapes Level 1714,66,2019_04_24,0,0,icaros,3270,https://www.youtube.com/watch?v=Efukp7X8fvg
Homescapes Level 1712,70,2019_04_24,1,0,icaros,3270,https://www.youtube.com/watch?v=qQqSYQhxlX8
[모바일 게임 공략] 꿈의 집(Homescapes) / 2별 154레벨 성공!,109,2019_04_28,2,0,소소한행복,16,https://www.youtube.com/watch?v=xRlTxUhue9s
Homescapes Level 1716,26,2019_05_01,0,0,icaros,3270,https://www.youtube.com/watch?v=KcqiYapxmaI
Homescapes Level 1718,100,2019_05_01,0,0,icaros,3270,https://www.youtube.com/watch?v=oDiKlL0xgIw
Homescapes Level 1717,31,2019_05_01,0,0,icaros,3270,https://www.youtube.com/watch?v=DCOaZMuZYVM
Homescapes Level 1719,46,2019_05_01,1,0,icaros,3270,https://www.youtube.com/watch?v=neem0zvuyHE
Homescapes Level 1720,44,2019_05_01,0,0,icaros,3270,https://www.youtube.com/watch?v=7O14qI6_sew
꿈의집(Homescapes) 361~370,46,2019_05_03,1,0,큰빵네,1,https://www.youtube.com/watch?v=uNd4sSOx1Y8
꿈의집(Homescapes) 391~400,16,2019_05_03,0,0,큰빵네,1,https://www.youtube.com/watch?v=Vm_9XtFQtu0
gardenscapes level 2932 꿈의정원,9,2019_05_08,0,0,리루스,5,https://www.youtube.com/watch?v=mJoHVFEItT8
[모바일 게임 공략] 꿈의 집(Homescapes) / 2별 199레벨 성공!,114,2019_05_09,0,0,소소한행복,16,https://www.youtube.com/watch?v=keXI-0sQvOE
홈스케이프 homescapes 2000탄,169,2019_05_11,0,0,YEONHEE연희,4,https://www.youtube.com/watch?v=l_vB6tZ14jY
Homescapes level 980 (꿈의집 980),79,2019_05_18,2,0,Jiny Choi,25,https://www.youtube.com/watch?v=dhylVrydX1o
Homescapes level 1021 (꿈의집 1021),44,2019_05_19,0,0,Jiny Choi,25,https://www.youtube.com/watch?v=i_NMYxjA72o
Homescapes level 1018 (꿈의집 1018),28,2019_05_19,0,0,Jiny Choi,25,https://www.youtube.com/watch?v=UMcP-9hhyag
Homescapes level 1030 (꿈의집 1030),77,2019_05_20,0,0,Jiny Choi,25,https://www.youtube.com/watch?v=lWe94h8WgZQ
🌵[퍼즐] 꿈의 집 Homescapes [level 581-590],60,2019_05_21,1,0,zamuzzang,365,https://www.youtube.com/watch?v=cL77e-b59rU
펭내게임) 꿈의집 homescapes 2500 고렙! 별 100개 한번에 쓰기,"3,058",2019_05_23,8,1,펭내채널펭내일상,52,https://www.youtube.com/watch?v=2lNnMSvftKI
꿈의 집 Homescapes 1938,90,2019_06_07,0,0,꿈의 집 기록.,3,https://www.youtube.com/watch?v=UzE4QwTonxI
꿈의 집 Homescapes 2000,33,2019_06_10,0,0,꿈의 집 기록.,3,https://www.youtube.com/watch?v=eIMPITUUNJU
Homescapes 446,9,2019_06_18,0,0,대아르신,0,https://www.youtube.com/watch?v=S2AsAMy0ikA
Homescapes level 1356 (꿈의집 1356),14,2019_06_18,0,0,Jiny Choi,25,https://www.youtube.com/watch?v=9IgKg4fjhAI
Homescapes level 1430 (꿈의집 1430),36,2019_06_22,0,0,Jiny Choi,25,https://www.youtube.com/watch?v=APa8uzd4_Ww
꿈의 집 알고보니 퍼즐게임 feat. 위메프 반값 특가 이벤트 정보,2,2019_06_24,0,0,남익,1100,https://www.youtube.com/watch?v=XGkm-3ERkE8
꿈의 집 Homescapes 2102,59,2019_06_24,0,0,꿈의 집 기록.,3,https://www.youtube.com/watch?v=3M604r8Je60
Homescapes level 1472 (꿈의집 1472),68,2019_06_25,0,0,Jiny Choi,25,https://www.youtube.com/watch?v=Z5O00PgnrdA
오스틴 꿈의 집 도서관 2,219,2019_06_29,0,0,갤비,14,https://www.youtube.com/watch?v=vuQIqpwm1dk
오스틴 꿈의 집 도서관 1,179,2019_06_29,0,0,갤비,14,https://www.youtube.com/watch?v=o0rPetafaPU
Homescapes level 1514 (꿈의집 1514),42,2019_06_30,0,0,Jiny Choi,25,https://www.youtube.com/watch?v=mzv-VAIx8HE
Homescapes level 1525 (꿈의집 1525),35,2019_07_01,0,0,Jiny Choi,25,https://www.youtube.com/watch?v=JfQulrJAiL0
꿈의집 호숫가 별장 꾸미기 시작 Home scapes 2961 만렙,"3,269",2019_07_04,18,0,황금악기,85,https://www.youtube.com/watch?v=cjfanjqBPbE
Homescapes 꿈의집 오스틴별장 1일차 꾸미기 별쓰기,99,2019_07_06,0,0,윤자매,14,https://www.youtube.com/watch?v=R-TvsbSg_qI
Homescapes level 1694 (꿈의집 1694),6,2019_07_11,0,0,Jiny Choi,25,https://www.youtube.com/watch?v=vl0n-5_gq4w
Homescapes level 1727 (꿈의집 1727),118,2019_07_13,0,0,Jiny Choi,25,https://www.youtube.com/watch?v=SrnJT0Fz52w
Homescapes level 1721 (꿈의집 1721),29,2019_07_13,0,0,Jiny Choi,25,https://www.youtube.com/watch?v=WgVDWJ7YPvg
꿈의집 오스틴별장 2일차 별쓰기 별 모자람 ㅋㅋㅋ,90,2019_07_15,0,0,윤자매,14,https://www.youtube.com/watch?v=0dtyFPx24PU
Homescapes level 1786 (꿈의집 1786),84,2019_07_18,1,0,Jiny Choi,25,https://www.youtube.com/watch?v=rGMJsbaNpWs
Homescapes level 1877 (꿈의집 1877),38,2019_07_21,0,0,Jiny Choi,25,https://www.youtube.com/watch?v=i3bfNdg6v5U
Homescapes level 1918 (꿈의집 1918),296,2019_07_24,1,2,Jiny Choi,25,https://www.youtube.com/watch?v=wg4levHrimM
Homescapes level 1952 (꿈의집 1952),85,2019_07_27,1,0,Jiny Choi,25,https://www.youtube.com/watch?v=ov4ALNaBhs0
Homescapes level 1997 (꿈의집 1997),116,2019_08_01,1,0,Jiny Choi,25,https://www.youtube.com/watch?v=7ClyPbM49qg
[SM엔터테인먼트]레이 우롱 휴대폰의 모바일 게임 TV광고 [꿈의 집 - 우리집 편],"1,275",2019_08_02,2,4,서울4호선469편성,283,https://www.youtube.com/watch?v=-8AJi50lRaY
Homescapes level 2164 (꿈의집 2164),26,2019_08_14,0,0,Jiny Choi,25,https://www.youtube.com/watch?v=TXf3IahvBC0
Wildscapes / 꿈의 동물원 (kids Games 키즈게임),146,2019_08_14,2,1,MAGIC PAINT,0,https://www.youtube.com/watch?v=-ibEI9wr5SY
Homescapes Very Difficult Level 3155 Red Level Play /꿈의집 3155레벨 레드레벨 더어려운 레벨,55,2019_08_22,0,0,황금악기,85,https://www.youtube.com/watch?v=C5ss3Zt02cs
꿈의집(homescapes) 버그,185,2019_08_26,0,0,국봉방,1,https://www.youtube.com/watch?v=XADCUWWKAB4
"[모바일게임 리뷰] 직접 플레이해본 7분으로 보는 궁금하지만 막상 하려면 싫은 ""그"" 광고게임 (feat.오스틴) [꿈의 집, 꿈의 정원]",430,2019_10_09,4,0,리뷰밍 ReviewMing,0,https://www.youtube.com/watch?v=89gwIdqb1ks
[헤이양아치]Homescapes  꿈의집3279 만렙 초고수 집 공개 !!!!!!!!!!!!!!!! 이거 실화임? 어마어마한 ...,"3,167",2019_10_10,24,2,헤이양아치,42,https://www.youtube.com/watch?v=5aU1tSOiX4Y
오스틴 꿈의 집 파티룸 6(완),40,2019_10_18,0,0,갤비,14,https://www.youtube.com/watch?v=EHNlzKgjxkk
Homescapes level 2786 (꿈의집 2786),2,2019_10_26,0,0,Jiny Choi,25,https://www.youtube.com/watch?v=R8pZD_A7TMo
🍍꿈의 집 Homescapes Walkthrough level 1171-1180,15,2019_10_26,1,0,zamuzzang,365,https://www.youtube.com/watch?v=Q5T25GaoRgQ
🍍꿈의 집 Homescapes Walkthrough level 1161-1170],14,2019_10_26,1,0,zamuzzang,365,https://www.youtube.com/watch?v=Z-SFR1rvfIo
🍍꿈의 집 Homescapes Walkthrough level 1101-1110,14,2019_10_26,1,0,zamuzzang,365,https://www.youtube.com/watch?v=UV7GmBDd7Gw
꿈의집 level 할로윈 보상 유령 호박 마녀☆ homescapes Halloween !!,51,2019_10_27,0,0,지와JiWa TV,10,https://www.youtube.com/watch?v=_vgYFovCDYU
꿈의집 만렙 헤이양아치의 대박집공개1탄 ~자동차차고편~,71,2019_10_29,6,0,헤이양아치,42,https://www.youtube.com/watch?v=lslgj1XZnwA
Homescapes level 2895 (꿈의집 2895),1,2019_11_03,0,0,Jiny Choi,25,https://www.youtube.com/watch?v=eol7NRZHF7w
Homescapes level 2880 (꿈의집 2880),1,2019_11_03,0,0,Jiny Choi,25,https://www.youtube.com/watch?v=Nh_VklK8Dz8
Homescapes level 2803 (꿈의집 2803),0,2019_11_03,0,0,Jiny Choi,25,https://www.youtube.com/watch?v=ACFe_TVngDU
Homescapes level 2875 (꿈의집 2875),0,2019_11_03,0,0,Jiny Choi,25,https://www.youtube.com/watch?v=NGxaj9a4Xto
Homescapes level 2854 (꿈의집 2854),2,2019_11_03,0,0,Jiny Choi,25,https://www.youtube.com/watch?v=HHL8E6D0RBc
Homescapes level 2851 (꿈의집 2851),2,2019_11_03,0,0,Jiny Choi,25,https://www.youtube.com/watch?v=4AD0f-sbj5k
🍍꿈의 집 Homescapes Walkthrough level 1201-1210,6,2019_11_03,1,0,zamuzzang,365,https://www.youtube.com/watch?v=ZHCKNsbpHTg
Homescapes level 2836 (꿈의집 2836),0,2019_11_03,0,0,Jiny Choi,25,https://www.youtube.com/watch?v=Z9M66mO7Kac
🍍꿈의 집 Homescapes Walkthrough level 1231-1240,13,2019_11_03,1,0,zamuzzang,365,https://www.youtube.com/watch?v=Rq-KQl2dE3A
"퍼즐게임 꿈의집, 홈스케이프 공략 1레벨, Homescapes Level 1 Gameplay",8,2019_11_05,0,0,프럼조이 fromjoy,133,https://www.youtube.com/watch?v=bZ419r9mWgs
"퍼즐게임 꿈의집, 홈스케이프 공략 2레벨, Homescapes Level 2 Gameplay",1,2019_11_06,0,0,프럼조이 fromjoy,133,https://www.youtube.com/watch?v=0t0_Zg4BOVo
"퍼즐게임 꿈의집, 홈스케이프 공략 3레벨, Homescapes Level 3",0,2019_11_06,0,0,프럼조이 fromjoy,133,https://www.youtube.com/watch?v=wv7sq6I5Gnc
🍍꿈의 집 Homescapes Walkthrough level 1261-1270,2,2019_11_07,1,0,zamuzzang,365,https://www.youtube.com/watch?v=XqC2xA-oxAo
🍍꿈의 집 Homescapes Walkthrough level 1271-1280,19,2019_11_07,1,0,zamuzzang,365,https://www.youtube.com/watch?v=32VNepY06Wg
🍍꿈의 집 Homescapes Walkthrough level 1281-1290,7,2019_11_07,1,0,zamuzzang,365,https://www.youtube.com/watch?v=WIq2V-6VPLU
"꿈의집 공략 6레벨, Homescapes Level 6 Gameplay",1,2019_11_07,0,0,프럼조이 fromjoy,133,https://www.youtube.com/watch?v=7aWzzZCuLsE
꿈의집 만렙 헤이양아치는 한국랭킹 ????? 위,282,2019_11_07,5,0,헤이양아치,42,https://www.youtube.com/watch?v=eJocI0UlOtw
🍍꿈의 집 Homescapes Walkthrough level 1291-1300,15,2019_11_07,1,0,zamuzzang,365,https://www.youtube.com/watch?v=kOyjxWVNdTI
🍍꿈의 집 Homescapes Walkthrough level 1301-1310,5,2019_11_07,1,0,zamuzzang,365,https://www.youtube.com/watch?v=tcUQ7YkQ81U
🍍꿈의 집 Homescapes Walkthrough level 1321-1330,12,2019_11_07,2,0,zamuzzang,365,https://www.youtube.com/watch?v=m5j-tXb--Js
🍍꿈의 집 Homescapes Walkthrough level 1331-1340,21,2019_11_07,2,0,zamuzzang,365,https://www.youtube.com/watch?v=ocQh6PLHrKA
🍍꿈의 집 Homescapes Walkthrough level 1241-1250,14,2019_11_07,1,0,zamuzzang,365,https://www.youtube.com/watch?v=9IU7HreRfpw
🍍꿈의 집 Homescapes Walkthrough level 1251-1260,10,2019_11_07,1,0,zamuzzang,365,https://www.youtube.com/watch?v=0p7rKBAj3Gc
"퍼즐게임 꿈의집, 홈스케이프 공략 4레벨, Homescapes Level 4 Gameplay",1,2019_11_07,0,0,프럼조이 fromjoy,133,https://www.youtube.com/watch?v=USZp2LDm3gU
🍍꿈의 집 Homescapes Walkthrough level 1311-1320,8,2019_11_07,1,0,zamuzzang,365,https://www.youtube.com/watch?v=oltS1v0IE8c
"꿈의집 공략 9레벨, Homescapes Level 9 Gameplay",1,2019_11_08,0,0,프럼조이 fromjoy,133,https://www.youtube.com/watch?v=14z7sBbanAQ
Homescapes level 2928 (꿈의집 2928),0,2019_11_08,0,0,Jiny Choi,25,https://www.youtube.com/watch?v=Y3RoQM9DufM
"꿈의집 공략 8레벨, Homescapes Level 8 Gameplay",2,2019_11_08,0,0,프럼조이 fromjoy,133,https://www.youtube.com/watch?v=yFATTUli6eQ
"꿈의집 공략 7레벨, Homescapes Level 7 Gameplay",4,2019_11_08,0,0,프럼조이 fromjoy,133,https://www.youtube.com/watch?v=HySKuNXsT90
Homescapes level 3033 (꿈의집 3033),0,2019_11_09,0,0,Jiny Choi,25,https://www.youtube.com/watch?v=SO71x4_wyYI
"꿈의집 공략 10레벨, Homescapes Level 10 Gameplay",8,2019_11_09,0,0,프럼조이 fromjoy,133,https://www.youtube.com/watch?v=EAGeHl-1Knk
Homescapes level 2981 (꿈의집 2981),1,2019_11_09,0,0,Jiny Choi,25,https://www.youtube.com/watch?v=dLyZa6wtolU
"꿈의집 12레벨 공략, Homescapes Level 12 Gameplay",5,2019_11_09,0,0,프럼조이 fromjoy,133,https://www.youtube.com/watch?v=_5zUPwFraIM
Homescapes level 3049 (꿈의집 3049),0,2019_11_09,0,0,Jiny Choi,25,https://www.youtube.com/watch?v=PAL6NNT2v28
Homescapes level 3030 (꿈의집 3030),0,2019_11_09,0,0,Jiny Choi,25,https://www.youtube.com/watch?v=xqvv5xl0Kmo
Homescapes level 3008 (꿈의집 3008),0,2019_11_09,0,0,Jiny Choi,25,https://www.youtube.com/watch?v=kDIAolfsCQU
Homescapes level 3000 (꿈의집 3000),11,2019_11_09,0,0,Jiny Choi,25,https://www.youtube.com/watch?v=BXQrDl_V4f8
"꿈의집 11레벨 공략, Homescapes Level 11 Gameplay",12,2019_11_09,0,0,프럼조이 fromjoy,133,https://www.youtube.com/watch?v=r-sXqblL0vE
Homescapes level 3041 (꿈의집 3041),0,2019_11_09,0,0,Jiny Choi,25,https://www.youtube.com/watch?v=8pThG03iQR4
"꿈의집 14레벨 공략, Homescapes Level 14 Gameplay",2,2019_11_10,0,0,프럼조이 fromjoy,133,https://www.youtube.com/watch?v=rxMi1xMtCuQ
"꿈의집 15레벨 공략, Homescapes Level 15 Gameplay",3,2019_11_10,0,0,프럼조이 fromjoy,133,https://www.youtube.com/watch?v=bB5S8zRAVe0
"꿈의집 13레벨 공략, Homescapes Level 13 Gameplay",5,2019_11_10,0,0,프럼조이 fromjoy,133,https://www.youtube.com/watch?v=w-hD7YjYyhU
Homescapes level 3070 (꿈의집 3070),1,2019_11_10,0,0,Jiny Choi,25,https://www.youtube.com/watch?v=QYbRwK7nyGQ
Homescapes level 3089 (꿈의집 3089),2,2019_11_11,0,0,Jiny Choi,25,https://www.youtube.com/watch?v=lQ8PAqokNVk
Homescapes level 3085 (꿈의집 3085),1,2019_11_11,0,0,Jiny Choi,25,https://www.youtube.com/watch?v=xgV7luqVcgQ
Homescapes level 3084 (꿈의집 3084),2,2019_11_11,0,0,Jiny Choi,25,https://www.youtube.com/watch?v=RshDe_8Vo-E
Homescapes level 3095 (꿈의집 3095),0,2019_11_11,0,0,Jiny Choi,25,https://www.youtube.com/watch?v=x4pwAvsXFA0
Homescapes level 3082 (꿈의집 3082),1,2019_11_11,0,0,Jiny Choi,25,https://www.youtube.com/watch?v=3EIpc1Dn-G8
"꿈의집 16레벨 공략, Homescapes Level 16 Gameplay",8,2019_11_11,0,0,프럼조이 fromjoy,133,https://www.youtube.com/watch?v=CYYR1a1DDb0
Homescapes level 3099 (꿈의집 3099),0,2019_11_11,0,0,Jiny Choi,25,https://www.youtube.com/watch?v=tRqmKr8eIsg
Homescapes level 3100 (꿈의집 3100),2,2019_11_11,0,0,Jiny Choi,25,https://www.youtube.com/watch?v=Eav7eS-bQv4
Homescapes level 3074 (꿈의집 3074),0,2019_11_11,0,0,Jiny Choi,25,https://www.youtube.com/watch?v=gmUvMbsh0qE
"꿈의집 18레벨 공략, Homescapes Level 18 Gameplay",3,2019_11_11,0,0,프럼조이 fromjoy,133,https://www.youtube.com/watch?v=0K543Qy9IJ8
"꿈의집 17레벨 공략, Homescapes Level 17 Gameplay",2,2019_11_11,0,0,프럼조이 fromjoy,133,https://www.youtube.com/watch?v=nEmib93aNSg
"꿈의집 20레벨 공략, Homescapes Level 20 Gameplay",38,2019_11_12,0,0,프럼조이 fromjoy,133,https://www.youtube.com/watch?v=kGeRrPQSQWA
"꿈의집 19레벨 공략, Homescapes Level 19 Gameplay",6,2019_11_12,0,0,프럼조이 fromjoy,133,https://www.youtube.com/watch?v=UqrGmyk-Yow
Homescapes level 3135 (꿈의집 3135),2,2019_11_13,0,0,Jiny Choi,25,https://www.youtube.com/watch?v=wfz20Der-cw
Homescapes level 3143 (꿈의집 3143),0,2019_11_13,0,0,Jiny Choi,25,https://www.youtube.com/watch?v=oM1vrYStVWo
"꿈의집 21레벨 공략, Homescapes Level 21 Gameplay",10,2019_11_13,0,0,프럼조이 fromjoy,133,https://www.youtube.com/watch?v=m2Gv_Y6GHLk
"꿈의집 22레벨 공략, Homescapes Level 22 Gameplay",6,2019_11_13,0,0,프럼조이 fromjoy,133,https://www.youtube.com/watch?v=b0k1B4fkGFw
"꿈의집 25레벨 공략, Homescapes Level 25 Gameplay",22,2019_11_14,0,0,프럼조이 fromjoy,133,https://www.youtube.com/watch?v=tUM0wK5KZrw
"꿈의집 23레벨 공략, Homescapes Level 23 Gameplay",14,2019_11_14,0,0,프럼조이 fromjoy,133,https://www.youtube.com/watch?v=uhutwe2y7yE
"꿈의집 24레벨 공략, Homescapes Level 24 Gameplay",195,2019_11_14,0,0,프럼조이 fromjoy,133,https://www.youtube.com/watch?v=P6KKgBULRus
"꿈의집 27레벨 공략, Homescapes Level 27 Gameplay",9,2019_11_15,0,0,프럼조이 fromjoy,133,https://www.youtube.com/watch?v=_AwnGI5dGEw
"꿈의집 28레벨 공략, Homescapes Level 28 Gameplay",64,2019_11_15,0,0,프럼조이 fromjoy,133,https://www.youtube.com/watch?v=yH6jLu4Cuh8
"꿈의집 26레벨 공략, Homescapes Level 26 Gameplay",8,2019_11_15,0,0,프럼조이 fromjoy,133,https://www.youtube.com/watch?v=IAw8TxeHaQ0
"꿈의집 30레벨 공략, Homescapes Level 30 Gameplay",6,2019_11_16,0,0,프럼조이 fromjoy,133,https://www.youtube.com/watch?v=CR1Q5dMegVo
"꿈의집 29레벨 공략, Homescapes Level 29 Gameplay",7,2019_11_16,0,0,프럼조이 fromjoy,133,https://www.youtube.com/watch?v=beWVuUKfg8E
"꿈의집 31레벨 공략, Homescapes Level 31 Gameplay",6,2019_11_17,0,0,프럼조이 fromjoy,133,https://www.youtube.com/watch?v=EklvSbcs6Qo
"꿈의집 32레벨 공략, Homescapes Level 32 Gameplay",14,2019_11_17,0,0,프럼조이 fromjoy,133,https://www.youtube.com/watch?v=NL93D2lrtX8
Homescapes level 3163 (꿈의집 3163),1,2019_11_18,0,0,Jiny Choi,25,https://www.youtube.com/watch?v=GiU0IAOciZo
Homescapes level 3168 (꿈의집 3168),1,2019_11_18,0,0,Jiny Choi,25,https://www.youtube.com/watch?v=akmSimxRbhg
Homescapes level 3170 (꿈의집 3170),2,2019_11_18,0,0,Jiny Choi,25,https://www.youtube.com/watch?v=Jay2s7KQfhY
Homescapes level 3176 (꿈의집 3176),1,2019_11_18,0,0,Jiny Choi,25,https://www.youtube.com/watch?v=4GG_7x2BkQ4
Homescapes level 3184 (꿈의집 3184),0,2019_11_18,0,0,Jiny Choi,25,https://www.youtube.com/watch?v=DRlryo93OVQ
Homescapes level 3188 (꿈의집 3188),1,2019_11_18,0,0,Jiny Choi,25,https://www.youtube.com/watch?v=nz98Oz_PpY0
"꿈의집 33레벨 공략, Homescapes Level 33 Gameplay",15,2019_11_18,0,0,프럼조이 fromjoy,133,https://www.youtube.com/watch?v=xqCMLky2_aQ
Homescapes level 3165 (꿈의집 3165),2,2019_11_18,0,0,Jiny Choi,25,https://www.youtube.com/watch?v=03e6wjZCgMM
Homescapes level 3164 (꿈의집 3164),0,2019_11_18,0,0,Jiny Choi,25,https://www.youtube.com/watch?v=XmiFU7Mtj2o
Homescapes level 3152 (꿈의집 3152),0,2019_11_18,0,0,Jiny Choi,25,https://www.youtube.com/watch?v=-JdZc_JC6eM
Homescapes level 3204 (꿈의집 3204),1,2019_11_21,0,0,Jiny Choi,25,https://www.youtube.com/watch?v=yEkLSoUyBtU
꿈의집 34레벨 공략 Homescapes Level 34 Gameplay,6,2019_11_25,1,0,프럼조이 fromjoy,133,https://www.youtube.com/watch?v=WeNU6t0PBUY
Homescapes level 3252 (꿈의집 3252),0,2019_11_25,0,0,Jiny Choi,25,https://www.youtube.com/watch?v=D_qdLMS_yCk
Homescapes level 3229 (꿈의집 3229),1,2019_11_25,0,0,Jiny Choi,25,https://www.youtube.com/watch?v=hZDu9Zp-1X8
Homescapes꿈의집day1gameplay,3,2019_11_26,0,0,fun game,119,https://www.youtube.com/watch?v=L4ch3eoMf7Q
"꿈의집 36레벨 공략, Homescapes Level 36 Gameplay",4,2019_11_26,0,0,프럼조이 fromjoy,133,https://www.youtube.com/watch?v=j7xX-BGiv8o
꿈의집 35레벨 공략 Homescapes Level 35 Gameplay,11,2019_11_26,1,0,프럼조이 fromjoy,133,https://www.youtube.com/watch?v=vqUNyXKisFU
"꿈의집 37레벨 공략, Homescapes Level 37 Gameplay",48,2019_11_27,0,0,프럼조이 fromjoy,133,https://www.youtube.com/watch?v=SMBIvZxuLME
"꿈의집 38레벨 공략, Homescapes Level 38 Gameplay",4,2019_11_27,1,0,프럼조이 fromjoy,133,https://www.youtube.com/watch?v=tZZeuoAo714
"꿈의집 39레벨 공략, Homescapes Level 39 Gameplay",5,2019_11_28,1,0,프럼조이 fromjoy,133,https://www.youtube.com/watch?v=AoZx2TBaOVg
Homescapes level 3297 (꿈의집 3297),1,2019_11_28,0,0,Jiny Choi,25,https://www.youtube.com/watch?v=V0i9Ms6uAEM
"꿈의집 40레벨 공략, Homescapes Level 40 Gameplay",9,2019_11_28,1,0,프럼조이 fromjoy,133,https://www.youtube.com/watch?v=meGC9DJBVG0
"꿈의집 41레벨 공략, Homescapes Level 41 Gameplay",5,2019_11_29,1,0,프럼조이 fromjoy,133,https://www.youtube.com/watch?v=fnrj8gkhH84
[게임/Homescapes]142탄 부수기 영상💥,4,2019_11_29,0,0,구르미저기에,1,https://www.youtube.com/watch?v=FhH4zsKXh0I
"꿈의집 42레벨 공략, Homescapes Level 42 Gameplay",23,2019_11_29,0,0,프럼조이 fromjoy,133,https://www.youtube.com/watch?v=hYCTGVVHZ4I
"꿈의집 43레벨 공략, Homescapes Level 43 Gameplay",11,2019_11_30,1,0,프럼조이 fromjoy,133,https://www.youtube.com/watch?v=90B1-0HVC0Y
"꿈의집 44레벨 공략, Homescapes Level 44 Gameplay",4,2019_11_30,0,0,프럼조이 fromjoy,133,https://www.youtube.com/watch?v=S3GTzH4MECk
꿈의집 만렙 헤이양아치의 대박집소개3탄 이런집에서 살고싶다 ㅜㅜ,67,2019_11_30,6,0,헤이양아치,42,https://www.youtube.com/watch?v=CobSfjbBfRY
"꿈의집 어려움 난이도 45레벨 공략, Homescapes Level 45 Gameplay",27,2019_12_01,1,0,프럼조이 fromjoy,133,https://www.youtube.com/watch?v=if17ZVOzLkM
"꿈의집 46레벨 공략, Homescapes Level 46 Gameplay",3,2019_12_01,1,0,프럼조이 fromjoy,133,https://www.youtube.com/watch?v=tHuT4pbzBJo
"꿈의집 47레벨 공략, Homescapes Level 47 Gameplay",2,2019_12_02,1,0,프럼조이 fromjoy,133,https://www.youtube.com/watch?v=BkcbknmyT4c
"꿈의집 48레벨 공략, Homescapes Level 48 Gameplay",10,2019_12_02,0,0,프럼조이 fromjoy,133,https://www.youtube.com/watch?v=tSO-yVzhUl0
[게임/Homescapes]144탄 부수기 영상💥,1,2019_12_02,0,0,구르미저기에,1,https://www.youtube.com/watch?v=jpHv95bCmi8
[게임/Homescapes]143탄 부수기 영상💥,2,2019_12_02,0,0,구르미저기에,1,https://www.youtube.com/watch?v=UOOIxmqoHZQ
"꿈의집 49레벨 공략, Homescapes Level 49 Gameplay",3,2019_12_03,1,0,프럼조이 fromjoy,133,https://www.youtube.com/watch?v=CyFlAdAvt0k
"꿈의집 어려움 난이도 50레벨 공략, Homescapes Level 50 Gameplay",4,2019_12_04,1,0,프럼조이 fromjoy,133,https://www.youtube.com/watch?v=AmbHs2rguFs
"꿈의집 51~54 레벨 공략, Homescapes 51~54 Gameplay",8,2019_12_05,1,0,프럼조이 fromjoy,133,https://www.youtube.com/watch?v=BxPvV6xOYII
꿈의 집 Homescapes 오스틴 별장 1일차 오스틴 마사지 마지막,1,2019_12_10,0,0,윤자매,14,https://www.youtube.com/watch?v=Xg33Kv66c5w
