﻿title,count,date,good_count,bad_count,youtuber,subscriber,url
바이러스 워,400,2019_05_23,0,1,이밴을하자,47,https://www.youtube.com/watch?v=ogn5Vm6r3Dc
(현월) Virus War,54,2019_06_10,1,0,hy.현월,12,https://www.youtube.com/watch?v=Z9iGAv1v7Lw
바이러스워 65~69스테이지,26,2019_06_18,0,0,Wandu The PB,20,https://www.youtube.com/watch?v=GRA0u5kAnHw
[바이러스 워] 120스테이지 클리어,379,2019_06_28,0,0,Wandu The PB,20,https://www.youtube.com/watch?v=p64m716rBGo
세종튜브의 바이러스 워(1),122,2019_07_02,4,0,세종튜브,10,https://www.youtube.com/watch?v=K1y9mUqYR4A
바이러스 워 125~126스테이지,221,2019_07_03,0,0,Wandu The PB,20,https://www.youtube.com/watch?v=yaaTB5eVnYU
간단히 즐길수있는 슈팅게임!No 현질 바이러스워 - 우주슈팅 게임 [탕진탕진],390,2019_07_06,0,0,도색남 Rocka Art,0,https://www.youtube.com/watch?v=-rzri9CGpJA
바이러스 전쟁 (1~11) Virus War,24,2019_07_10,0,0,JIN JIN,2,https://www.youtube.com/watch?v=thuE1WySOQo
바이러스 전쟁 30 ~39,2,2019_07_11,0,0,JIN JIN,2,https://www.youtube.com/watch?v=2kBwbJUravg
바이러스 전쟁 맵 30 보스전 플레이,3,2019_07_11,0,0,JIN JIN,2,https://www.youtube.com/watch?v=SUGeCLaj1nQ
바이러스 전쟁 1시간 플레이 영상,36,2019_07_12,0,0,JIN JIN,2,https://www.youtube.com/watch?v=Mim7hFj8JLs
바이러스 전쟁 70 보스 플레이 영상,11,2019_07_14,0,0,JIN JIN,2,https://www.youtube.com/watch?v=pl3bu5OFGOU
바이러스 전쟁 65 보스 플레이 영상,4,2019_07_14,0,0,JIN JIN,2,https://www.youtube.com/watch?v=LVjCmsto2l4
바이러스 전쟁 85 보스 플레이 영상,10,2019_07_16,0,1,JIN JIN,2,https://www.youtube.com/watch?v=bV4Jn1kdqrc
바이러스 전쟁 80 보스 플레이,21,2019_07_16,0,0,JIN JIN,2,https://www.youtube.com/watch?v=7uTUiXNQT2k
바이러스 전쟁 81~85,14,2019_07_16,0,0,JIN JIN,2,https://www.youtube.com/watch?v=iVXZqiFhzj4
바이러스 전쟁 90 보스 플레이 영상,248,2019_07_17,0,0,JIN JIN,2,https://www.youtube.com/watch?v=hPMtfD35t3k
바이러스 전쟁 86~89,8,2019_07_17,0,0,JIN JIN,2,https://www.youtube.com/watch?v=xWVIumB3kTo
바이러스 워 - 우주 슈팅 게임 게임 플레이 영상,677,2019_07_18,0,0,폰겜덕후 노사운드,1710,https://www.youtube.com/watch?v=sxxOdzVQE3Q
바이러스 전쟁 105 보스 플레이 영상,16,2019_07_19,1,0,JIN JIN,2,https://www.youtube.com/watch?v=reXrDu6CEcU
바이러스 전쟁 101~104,10,2019_07_19,0,0,JIN JIN,2,https://www.youtube.com/watch?v=IkR1V19fx3k
바이러스 전쟁 100 보스 플레이 영상,14,2019_07_19,0,0,JIN JIN,2,https://www.youtube.com/watch?v=ivlKJ-qikgw
바이러스 전쟁 96~99,5,2019_07_19,0,0,JIN JIN,2,https://www.youtube.com/watch?v=C5yVlnYbGPQ
바이러스 전쟁 95 보스 플레이 영상,9,2019_07_19,0,0,JIN JIN,2,https://www.youtube.com/watch?v=HVSamA-uy10
바이러스 전쟁 120 보스 플레이 영상,197,2019_07_20,0,0,JIN JIN,2,https://www.youtube.com/watch?v=nLGLLDzbGJI
바이러스 전쟁 110 보스 플레이 영상,14,2019_07_20,1,0,JIN JIN,2,https://www.youtube.com/watch?v=6hf6ctRYWB4
바이러스 전쟁 116~ 119,8,2019_07_20,0,0,JIN JIN,2,https://www.youtube.com/watch?v=sK3m6hxRlxM
바이러스 전쟁 체험판 최대레벨 사용법!! 122,21,2019_07_20,0,0,JIN JIN,2,https://www.youtube.com/watch?v=Tv2WDqIcniQ
바이러스 전쟁 신무기 등장!! 121부터 사용가능!!,37,2019_07_20,1,0,JIN JIN,2,https://www.youtube.com/watch?v=-hPQ6NNrtvc
바이러스 전쟁 106~109,2,2019_07_20,0,0,JIN JIN,2,https://www.youtube.com/watch?v=mtQ_eCtsSho
바이러스 전쟁 최대레벨체험 미사일!!! 123,58,2019_07_20,0,0,JIN JIN,2,https://www.youtube.com/watch?v=LnkF1jgFfMM
바이러스 전쟁 111~114,11,2019_07_20,0,0,JIN JIN,2,https://www.youtube.com/watch?v=Uu7RG_YuGzI
[ 바이러스 워 우주 슈팅 모바일게임 - 바이러스 전쟁게임 ] 이놈의 바이러스들 죽어랏!! 56 57 58 59 60 스테이지 공략 영상,96,2019_07_23,1,0,모바일게임픽 MobileGamePick,0,https://www.youtube.com/watch?v=xr4bH_29wu8
[ 바이러스 워 우주 슈팅 모바일게임 - 바이러스 전쟁게임 ] 중독성 쩌는 모바일 바이러스 전쟁게임!! 50 51 52 53 54 55 스테이지 공략 영상,141,2019_07_23,2,0,모바일게임픽 MobileGamePick,0,https://www.youtube.com/watch?v=Iuh3lSdXvrU
[ 바이러스 워 우주 슈팅 모바일게임 - 바이러스 전쟁게임 ] 바이러스들 이젠 잘 죽지도 않네... 61 62 63 64 65 스테이지 공략 영상,234,2019_07_23,1,0,모바일게임픽 MobileGamePick,0,https://www.youtube.com/watch?v=UUWC0yhC7CE
[ 바이러스 워 우주 슈팅 모바일게임 - 바이러스 전쟁게임 ] 바이러스 이것들아 체력회복하지마!! 71 72 73 74 75 스테이지 공략 영상,104,2019_07_24,1,0,모바일게임픽 MobileGamePick,0,https://www.youtube.com/watch?v=sVz4FMnvWss
[ 바이러스 워 우주 슈팅 모바일게임 - 바이러스 전쟁게임 ] 바이러스 비가 내려와~? 내 총알비나 받아랏! 66 67 68 69 70 스테이지 공략 영상,101,2019_07_24,0,0,모바일게임픽 MobileGamePick,0,https://www.youtube.com/watch?v=oIjWfiJg3Z4
[ 바이러스 워 우주 슈팅 모바일게임 - 바이러스 전쟁게임 ] 나에겐 수많은 아이템들이 있다 이것들아!! 덤벼~ 81 82 83 84 85 스테이지 공략 영상,115,2019_07_27,0,0,모바일게임픽 MobileGamePick,0,https://www.youtube.com/watch?v=juGtjhk5uTQ
[ 바이러스 워 우주 슈팅 모바일게임 - 바이러스 전쟁게임 ] 바이러스들아 나한테 붙지마 떨어져!! 76 77 78 79 80 스테이지 공략 영상,73,2019_07_27,0,0,모바일게임픽 MobileGamePick,0,https://www.youtube.com/watch?v=BCC7j19xTvk
[ 바이러스 워 우주 슈팅 모바일게임 - 바이러스 전쟁게임 ] 너희들은 죽어서도 알을 까는구나!! 86 87 88 89 90 스테이지 공략 영상,65,2019_07_28,0,0,모바일게임픽 MobileGamePick,0,https://www.youtube.com/watch?v=tMe_R72_9jA
[ 바이러스 워 우주 슈팅 모바일게임 - 바이러스 전쟁게임 ] 바이러스 너희들 이제 뭉치기로했구나? 끈끈하네!! 91 92 93 94 95 스테이지 공략,56,2019_07_28,0,0,모바일게임픽 MobileGamePick,0,https://www.youtube.com/watch?v=tyvVC-DvTrk
[ 바이러스 워 우주 슈팅 모바일게임 - 바이러스 전쟁게임 ] 115 스테이지 보스 공략 클리어 영상!!,98,2019_07_29,0,0,모바일게임픽 MobileGamePick,0,https://www.youtube.com/watch?v=KEJoLsaE52g
[ 바이러스 워 우주 슈팅 모바일게임 - 바이러스 전쟁게임 ] 120 스테이지 보스 공략 클리어 영상!!,80,2019_07_29,0,0,모바일게임픽 MobileGamePick,0,https://www.youtube.com/watch?v=n7zQBvEk6Rk
[ 바이러스 워 우주 슈팅 모바일게임 - 바이러스 전쟁게임 ] 110 스테이지 보스 공략 클리어 영상!!,50,2019_07_29,0,0,모바일게임픽 MobileGamePick,0,https://www.youtube.com/watch?v=ljdCRPP3LcU
[ 바이러스 워 우주 슈팅 모바일게임 - 바이러스 전쟁게임 ] 105 스테이지 보스 공략 클리어 영상!!,60,2019_07_29,1,0,모바일게임픽 MobileGamePick,0,https://www.youtube.com/watch?v=1iyyy4H4mXI
[ 바이러스 워 우주 슈팅 모바일게임 - 바이러스 전쟁게임 ] 100 스테이지 보스 공략 클리어 영상!!,144,2019_07_29,0,0,모바일게임픽 MobileGamePick,0,https://www.youtube.com/watch?v=5UfunwLO_8I
[ 바이러스 워 우주 슈팅 모바일게임 - 바이러스 전쟁게임 ] 135 스테이지 보스 공략 클리어 영상!!,65,2019_07_30,0,0,모바일게임픽 MobileGamePick,0,https://www.youtube.com/watch?v=Vgk4qp3oLpk
[ 바이러스 워 우주 슈팅 모바일게임 - 바이러스 전쟁게임 ] 140 스테이지 보스 공략 클리어 영상!!,97,2019_07_30,1,0,모바일게임픽 MobileGamePick,0,https://www.youtube.com/watch?v=C58o621Bhb8
[ 바이러스 워 우주 슈팅 모바일게임 - 바이러스 전쟁게임 ] 130 스테이지 보스 공략 클리어 영상!!,103,2019_07_30,1,0,모바일게임픽 MobileGamePick,0,https://www.youtube.com/watch?v=9zzsqK1aCZM
[ 바이러스 워 우주 슈팅 모바일게임 - 바이러스 전쟁게임 ] 125 스테이지 보스 공략 클리어 영상!!,77,2019_07_30,0,0,모바일게임픽 MobileGamePick,0,https://www.youtube.com/watch?v=c_ldn4l5Me8
[ 바이러스 워 우주 슈팅 모바일게임 - 바이러스 전쟁게임 ] 145 스테이지 보스 공략 클리어 영상!!,90,2019_07_31,0,0,모바일게임픽 MobileGamePick,0,https://www.youtube.com/watch?v=cosx2wuLHbs
[ 바이러스 워 우주 슈팅 모바일게임 - 바이러스 전쟁게임 ] 150 스테이지 보스 공략 클리어 영상!!,358,2019_07_31,2,1,모바일게임픽 MobileGamePick,0,https://www.youtube.com/watch?v=wdaiSiuU3a4
[ 바이러스 워 우주 슈팅 모바일게임 - 바이러스 전쟁게임 ] 160 스테이지 보스 공략 클리어 영상!!,87,2019_08_07,0,0,모바일게임픽 MobileGamePick,0,https://www.youtube.com/watch?v=ImNAiemCwU8
[ 바이러스 워 우주 슈팅 모바일게임 - 바이러스 전쟁게임 ] 155 스테이지 보스 공략 클리어 영상!!,63,2019_08_07,0,0,모바일게임픽 MobileGamePick,0,https://www.youtube.com/watch?v=TRikSWv5OGI
[바이러스 워 우주 슈팅 모바일게임 - 바이러스 전쟁게임] 165 스테이지 보스 공략 클리어 영상,55,2019_08_09,0,0,모바일게임픽 MobileGamePick,0,https://www.youtube.com/watch?v=TFOODVF4XVE
모바일게임)바이러스 전쟁 510판 공략,77,2019_08_10,1,0,김수한무,15,https://www.youtube.com/watch?v=nqWGa_GMVGU
모바일게임) 바이러스 전쟁 508판 공략,232,2019_08_10,1,0,김수한무,15,https://www.youtube.com/watch?v=Xq7n3QXGk_4
[ 바이러스 워 우주 슈팅 모바일게임 - 바이러스 전쟁게임 ] 170~175 스테이지 보스클리어 영상!!,50,2019_08_11,0,0,모바일게임픽 MobileGamePick,0,https://www.youtube.com/watch?v=Wi9ziWPdxaI
[ 바이러스 워 우주 슈팅 모바일게임 - 바이러스 전쟁게임 ] 180 스테이지 보스 공략 클리어 영상!!,250,2019_08_11,1,0,모바일게임픽 MobileGamePick,0,https://www.youtube.com/watch?v=MsTNglzaUqw
모바일게임) 바이러스전쟁 700판 공략,181,2019_08_12,3,0,김수한무,15,https://www.youtube.com/watch?v=WGrXh3efI-o
모바일게임) 바이러스전쟁 650판 공략,"1,112",2019_08_12,6,0,김수한무,15,https://www.youtube.com/watch?v=hd8ZgzZ3Y3E
모바일게임) 바이러스전쟁 600판 공략,62,2019_08_12,1,0,김수한무,15,https://www.youtube.com/watch?v=kiRPsgIMeds
모바일게임) 바이러스전쟁 550판 공략,272,2019_08_12,1,0,김수한무,15,https://www.youtube.com/watch?v=d9esUXVCkdg
모바일게임) 바이러스전쟁 750판 공략,48,2019_08_13,1,0,김수한무,15,https://www.youtube.com/watch?v=VOFv16weVRQ
[바이러스 워 우주 슈팅 모바일게임 - 바이러스 전쟁게임] 185 보스 스테이지 클리어 영상!!,78,2019_08_13,0,0,모바일게임픽 MobileGamePick,0,https://www.youtube.com/watch?v=ksBqCD_7lvU
[바이러스 워 우주 슈팅 모바일게임 - 바이러스 전쟁게임] 190 보스 스테이지 클리어 영상!!,66,2019_08_14,0,0,모바일게임픽 MobileGamePick,0,https://www.youtube.com/watch?v=Gp51fzoAwk8
모바일게임) 바이러스전쟁 850판 공략,165,2019_08_15,2,0,김수한무,15,https://www.youtube.com/watch?v=qnnFgoBJ6Fo
"모바일게임) 바이러스전쟁 800판 공략 ,이게임 엔딩은 있을까요? 끝이 안보이네요",153,2019_08_15,3,0,김수한무,15,https://www.youtube.com/watch?v=4mQP_aAYYvg
바이러스 워 ] 모바일 캐주얼 갓겜이 나왔어요.,"1,126",2019_08_16,16,0,써마터Tv,1330,https://www.youtube.com/watch?v=h2OhZzNZk_A
[바이러스 워 우주슈팅 모바일게임] 195 보스 스테이지 클리어 영상!!,49,2019_08_16,0,0,모바일게임픽 MobileGamePick,0,https://www.youtube.com/watch?v=xtTi3yVliMk
[바이러스 워 우주슈팅 모바일게임] 200 보스 스테이지 클리어 영상!!,78,2019_08_17,0,0,모바일게임픽 MobileGamePick,0,https://www.youtube.com/watch?v=ol8hNW47UVA
"모바일게임) 바이러스전쟁[Virus War] 900판 공략, 신규무기","1,985",2019_08_18,5,1,김수한무,15,https://www.youtube.com/watch?v=CqYGfl62HQc
[바이러스 워 우주 슈팅 모바일게임] 1.5배속 플레이 205 - 210 보스 스테이지 클리어 영상!!,97,2019_08_18,0,0,모바일게임픽 MobileGamePick,0,https://www.youtube.com/watch?v=nP3jD7oWc04
모바일게임) 바이러스전쟁[Virus War] 950판 공략,341,2019_08_18,2,0,김수한무,15,https://www.youtube.com/watch?v=KS-BkDuChfU
(모바일게임) 바이러스전쟁 [Virus War] 1000판 공략,"1,094",2019_08_19,7,1,김수한무,15,https://www.youtube.com/watch?v=JxF_-Jpeaxs
(모바일게임) 바이러스전쟁 [Virus War] 1050판 공략,260,2019_08_20,2,0,김수한무,15,https://www.youtube.com/watch?v=6Lhl-k-sbp0
바이러스 전쟁 125 보스전 플레이 영상,47,2019_08_20,0,0,JIN JIN,2,https://www.youtube.com/watch?v=nOT1sXTAfpo
(모바일게임) 바이러스전쟁 [Virus War] 1100판 공략,223,2019_08_20,1,0,김수한무,15,https://www.youtube.com/watch?v=FznU7nC2XUE
(모바일게임) 바이러스전쟁[Virus War] 1150판 공략,486,2019_08_21,3,0,김수한무,15,https://www.youtube.com/watch?v=g_G-7txVND8
(모바일게임) 바이러스전쟁 [Virus War] 1200판 공략,311,2019_08_23,3,0,김수한무,15,https://www.youtube.com/watch?v=MaaaFHGWkGQ
[바이러스 워 우주 슈팅 모바일게임] 2배속 플레이 215 ~ 220 보스 스테이지 클리어 영상!!,45,2019_08_24,0,0,모바일게임픽 MobileGamePick,0,https://www.youtube.com/watch?v=er0qGNV6I_8
(모바일게임) 바이러스전쟁 [Virus War] 1250판 공략,579,2019_08_24,4,1,김수한무,15,https://www.youtube.com/watch?v=n2zXJUEMfPE
(모바일게임) 바이러스전쟁 [Virus War] 1300판 공략,517,2019_08_25,4,0,김수한무,15,https://www.youtube.com/watch?v=z8dIa2Ek-pE
(모바일게임) 바이러스전쟁 [Virus War] 1350판 공략,471,2019_08_28,4,0,김수한무,15,https://www.youtube.com/watch?v=4pztClusKPQ
[바이러스 워 우주 슈팅 모바일게임] 1.5배속 플레이 225 ~ 230 보스 스테이지 클리어 영상!!,55,2019_08_28,0,0,모바일게임픽 MobileGamePick,0,https://www.youtube.com/watch?v=A8OY68T7eKs
(모바일게임) 바이러스전쟁 [ Virus War] 1400판 공략,"1,840",2019_08_30,5,1,김수한무,15,https://www.youtube.com/watch?v=P9Nm0ZQHh4E
(모바일게임) 바이러스전쟁 [Virus War] 1375판 공략,354,2019_08_30,4,1,김수한무,15,https://www.youtube.com/watch?v=ZKi6ZhGqsM8
[바이러스 워 우주 슈팅 모바일게임] 2배속 플레이 _ 235 ~ 240 보스 스테이지 클리어 영상!!,557,2019_09_01,2,0,모바일게임픽 MobileGamePick,0,https://www.youtube.com/watch?v=Ty6ffeUHgv0
[바이러스 워 우주 슈팅 모바일게임] 2배속 플레이 _ 245 ~ 250 보스 스테이지 클리어 영상!!,36,2019_09_03,0,0,모바일게임픽 MobileGamePick,0,https://www.youtube.com/watch?v=SQ05-7EWmWE
[바이러스 워 우주 슈팅 모바일게임] 2배속 플레이 _ 255 ~ 260 보스 스테이지 클리어 영상!!,110,2019_09_09,0,0,모바일게임픽 MobileGamePick,0,https://www.youtube.com/watch?v=IaLPJZUZ-cg
"(모바일게임) 바이러스전쟁 [Virus War] 1500판 공략, 화력max","6,348",2019_09_10,20,1,김수한무,15,https://www.youtube.com/watch?v=5XkCR-OmJ3c
(모바일게임) 바이러스전쟁 [Virus War] 화력max.1450,306,2019_09_10,3,0,김수한무,15,https://www.youtube.com/watch?v=l3JT8QVFmaY
Game - 바이러스 워 452 공략 virus war,133,2019_09_14,0,1,Love you K,0,https://www.youtube.com/watch?v=hGvAfcT-EFE
Game - virus war 453 바이러스 워,88,2019_09_14,0,0,Love you K,0,https://www.youtube.com/watch?v=5sHsdlQqaYA
[바이러스 워 우주 슈팅 모바일게임] 2배속 플레이 _ 265 ~ 270 보스 스테이지 클리어 영상!!,198,2019_09_17,1,0,모바일게임픽 MobileGamePick,0,https://www.youtube.com/watch?v=S1e-URlT83s
"(모바일게임) 바이러스전쟁 [Virus War] 1550판 공략, 업데이트로 화력제한풀림","1,816",2019_09_25,6,1,김수한무,15,https://www.youtube.com/watch?v=P8uOI0qRRXU
"[모바일게임] 바이러스전쟁 [Virus War] 코인값올리는데 이리됨, 재설치해도 안됨, 망했네요",359,2019_09_26,3,0,김수한무,15,https://www.youtube.com/watch?v=OzHPOwhc2XA
바이러스 워! 바이러스를 없에요 근데 바이러스 없에는게 어려워요!!,49,2019_09_26,3,0,YouTube재널,11,https://www.youtube.com/watch?v=GXQoEr8BFJ8
[바이러스 워 우주 슈팅 모바일게임] 2배속 플레이 _ 275 ~ 280 보스 스테이지 클리어 영상!!,95,2019_09_27,0,0,모바일게임픽 MobileGamePick,0,https://www.youtube.com/watch?v=jiFm1T1Agc8
"(모바일게임) 바이러스전쟁[Virus War] 버그수정후 화력,코인값 1","1,267",2019_09_29,2,1,김수한무,15,https://www.youtube.com/watch?v=cf7ekh_rFkA
바이러스 워 우주 슈팅게임을 해보았 습니다(리뷰),57,2019_09_29,3,0,youTube칠피아,238,https://www.youtube.com/watch?v=c-nRkTwlpuM
Virus war라는 게임해보깅/개꿀~~잼♡,49,2019_10_02,1,0,포켓 워치,0,https://www.youtube.com/watch?v=_FqFarSNYJs
바이러스 워 (Gameplay Walkthrough) 1 of 6,11,2019_10_03,2,0,신동준,35,https://www.youtube.com/watch?v=u5Jbrpc37WA
모바일슈팅게임 Virus War 465스테이지,136,2019_10_09,0,0,SaiTo Choi,1,https://www.youtube.com/watch?v=sHeQDQ2D-Ko
바이러스워 세련된 슈팅게임,59,2019_10_14,0,0,Thetherapy su,0,https://www.youtube.com/watch?v=nMWQIlE0HHM
제목으로는 알 수 없는 슈팅 모바일 게임 - Virus War - PC화면용,1,2019_10_18,0,0,객설TV,17,https://www.youtube.com/watch?v=M0gYFctwqPE
바이러스워 최대레벨,712,2019_10_18,0,0,Thetherapy su,0,https://www.youtube.com/watch?v=rI52b4BJZl8
바이러스워 우주 슈팅 게임 플레이 탈락 되는 장면,34,2019_10_26,1,0,굽진안스크린도어의 스툰,1,https://www.youtube.com/watch?v=KlLp2LEayIc
바이러스 워 425,59,2019_10_27,0,0,곰돌,1,https://www.youtube.com/watch?v=3EmYF0kKP2s
제목으로는 알 수 없는 슈팅 모바일 게임 - Virus War - MOBILE화면용,3,2019_11_02,0,0,객설TV,17,https://www.youtube.com/watch?v=3lGMZMETe-A
바이러스 VS 우주선 독특한 게임 간단소개,114,2019_11_04,4,0,지료TV,6580,https://www.youtube.com/watch?v=MP2YHlGEs30
Virus war 600 Stage (바이러스 워 600탄),49,2019_11_09,1,0,Rhapsody of Fire,8,https://www.youtube.com/watch?v=Q9eWpCcdXmA
바이러스 워...도 갓겜.ㅋㅋㅋ,47,2019_11_30,1,0,채널TV큐브,93,https://www.youtube.com/watch?v=dvQYXCCHHFQ
