﻿title,count,date,good_count,bad_count,youtuber,subscriber,url
[브레인 아웃] 두뇌를 이상하게 활성화 시키는 퍼즐게임 Brain Out,"22,062",2019_09_24,67,14,잼둥,457,https://www.youtube.com/watch?v=YQ7Mi77i-5c
Brain out브레인 아웃 11~20단계 공략(영상설명란에 글로써놓음),"50,267",2019_09_26,160,45,앙팡,508,https://www.youtube.com/watch?v=KshcBD0yN3c
Brain out브레인 아웃 21~30단계 공략(영상설명란에 글로써놓음),"44,246",2019_09_26,103,35,앙팡,508,https://www.youtube.com/watch?v=DYlNdEYr_uA
Brain out브레인 아웃 1~10단계 공략(영상설명란에 글로써놓음),"10,962",2019_09_26,21,5,앙팡,508,https://www.youtube.com/watch?v=NeNwPL6eBuk
Brain out브레인 아웃 31~40단계 공략(영상설명란에 글로써놓음),"38,592",2019_09_27,44,29,앙팡,508,https://www.youtube.com/watch?v=7NR5uKm4JEc
Brain out브레인 아웃41~50단계 공략(설명란에 글로써놓음),"27,969",2019_09_27,74,23,앙팡,508,https://www.youtube.com/watch?v=xCdyQlNYSwU
Brain out브레인 아웃131~145단계 공략(설명란에 글로 써놓음),"31,664",2019_09_28,51,16,앙팡,508,https://www.youtube.com/watch?v=QQdqybsZU7I
Brain out브레인 아웃121~130단계 공략(설명란에 글로 써놓음),"20,748",2019_09_28,52,11,앙팡,508,https://www.youtube.com/watch?v=9AV1sPnBpbc
Brain out브레인 아웃111~120단계 공략(설명란에 글로 써놓음),"18,551",2019_09_28,33,11,앙팡,508,https://www.youtube.com/watch?v=Qt0wHzqV5CQ
Brain out브레인 아웃81~90단계 공략(설명란에 글로 써놓음),"27,646",2019_09_28,88,27,앙팡,508,https://www.youtube.com/watch?v=CWj9lagPHRQ
Brain out브레인 아웃51~60단계 공략(설명란에 글로써놓음),"22,764",2019_09_28,36,15,앙팡,508,https://www.youtube.com/watch?v=qG8IqJPGzvE
Brain out브레인 아웃61~70단계 공략(설명란에 글로써놓음),"19,554",2019_09_28,30,12,앙팡,508,https://www.youtube.com/watch?v=5usvYVwuqvk
Brain out브레인 아웃71~80단계 공략(설명란에 글로 써놓음),"39,436",2019_09_28,112,36,앙팡,508,https://www.youtube.com/watch?v=7UIPcdr4TJQ
Brain out브레인 아웃91~100단계 공략(설명란에 글로 써놓음),"34,814",2019_09_28,78,27,앙팡,508,https://www.youtube.com/watch?v=CSvEMePNC_A
[Brain Out] 이 퀴즈 풀면 당신도 천재!!! 당신의 두뇌를 깨워라!! 창의력실험게임 브레인아웃 1번~40,155,2019_09_28,3,0,배런TV,0,https://www.youtube.com/watch?v=c-iFsfTG5bI
Brain out Max level - 브레인 아웃 1 ~ 145 레벨 클리어,"229,854",2019_09_28,909,271,J aporean,897,https://www.youtube.com/watch?v=cY24Nl4OicI
Brain out브레인 아웃101~110단계 공략(설명란에 글로 써놓음),"36,351",2019_09_28,66,24,앙팡,508,https://www.youtube.com/watch?v=JeWtmsiLTmA
Brain out브레인 아웃136문제 업데이트 되면서 문제 바뀜,"3,391",2019_09_30,7,1,앙팡,508,https://www.youtube.com/watch?v=DcgTvsL8ZkA
Brain out브레인 아웃143문제 업데이트 되면서 문제 바뀜,"3,482",2019_09_30,11,3,앙팡,508,https://www.youtube.com/watch?v=w2TbEQyXQEQ
Brain out브레인 아웃145문제 업데이트 되면서 문제 바뀜,"4,006",2019_09_30,7,2,앙팡,508,https://www.youtube.com/watch?v=FQaxhvcXPLw
"Brain out브레인 아웃 146,147단계 공략(영상설명란에 글로써놓음)","2,846",2019_09_30,4,2,앙팡,508,https://www.youtube.com/watch?v=WKs1Ga-kwhE
Brain out브레인 아웃11~20문제(없뎃후),"5,596",2019_10_01,17,2,앙팡,508,https://www.youtube.com/watch?v=VfAkm8yCd5M
Brain out브레인 아웃21~30문제(업뎃후),"4,968",2019_10_01,14,7,앙팡,508,https://www.youtube.com/watch?v=EHET3J-pLOY
Brain out브레인 아웃141~147문제(업뎃후),"27,067",2019_10_01,63,18,앙팡,508,https://www.youtube.com/watch?v=OWbWB92g7rc
Brain out브레인 아웃131~140문제(업뎃후 ),"29,876",2019_10_01,75,12,앙팡,508,https://www.youtube.com/watch?v=9hOGyP0x6Ac
Brain out브레인 아웃1~10문제(없뎃후),"2,402",2019_10_01,4,1,앙팡,508,https://www.youtube.com/watch?v=ZprQ3Xt65lE
Brain out브레인 아웃121~130문제(업뎃후),"13,766",2019_10_01,30,10,앙팡,508,https://www.youtube.com/watch?v=0cOpsSzATwE
Brain out브레인 아웃41~50문제(업뎃후),"9,484",2019_10_01,13,7,앙팡,508,https://www.youtube.com/watch?v=6KUw43jUAww
Brain out브레인 아웃101~110문제(업뎃후),"18,232",2019_10_01,30,15,앙팡,508,https://www.youtube.com/watch?v=xucb--zXRC4
Brain out브레인 아웃81~90문제(업뎃후),"15,009",2019_10_01,30,9,앙팡,508,https://www.youtube.com/watch?v=5DA7dVTIQRY
Brain out브레인 아웃71~80문제(업뎃후),"13,767",2019_10_01,24,6,앙팡,508,https://www.youtube.com/watch?v=wbLyXm5WRF8
Brain out브레인 아웃51~60문제(업뎃후),"15,782",2019_10_01,26,11,앙팡,508,https://www.youtube.com/watch?v=oTkijfcxxts
Brain out브레인 아웃61~70문제(업뎃후),"15,728",2019_10_01,25,6,앙팡,508,https://www.youtube.com/watch?v=JNntrbw0of0
Brain out브레인 아웃111~120문제(업뎃후),"20,276",2019_10_01,49,4,앙팡,508,https://www.youtube.com/watch?v=RWh-Vqz_AP8
Brain out브레인 아웃91~100문제(업뎃후),"16,647",2019_10_01,35,8,앙팡,508,https://www.youtube.com/watch?v=vYgF7vvuLO8
Brain out브레인 아웃31~40문제(업뎃후),"47,179",2019_10_01,63,16,앙팡,508,https://www.youtube.com/watch?v=Uv9j8-28LuM
[Brain Out] 이 퀴즈 풀면 당신도 천재!!! 당신의 두뇌를 깨워라!! 창의력실험게임 브레인아웃41번~80,87,2019_10_02,2,1,배런TV,0,https://www.youtube.com/watch?v=BVTrHuK18g8
Brain out Max Level - 브레인 아웃 1 ~ 147 레벨 클리어,"320,225",2019_10_03,1400,349,J aporean,897,https://www.youtube.com/watch?v=0nGdl4BasP0
브레인아웃 1~148단계 노자막,"13,551",2019_10_03,51,6,롸스촌,30,https://www.youtube.com/watch?v=iC0mkffXD-Q
아이큐 한자리도 풀 수 있는 문제 - 브바일 브레인아웃(Brain Out) - 겜브링(GGAMBRING),"566,125",2019_10_04,5000,428,겜브링 GGAM BRING,890000,https://www.youtube.com/watch?v=H4ER6voh8n0
빡대가리만 맞출수있는 퀴즈...저는 전혀 맞출수가 없네요...ㅠㅠ : 브레인아웃,"323,447",2019_10_04,3700,206,텔론,857000,https://www.youtube.com/watch?v=LqKpth3Yrog
브래인 아웃 플레이 3 BRAIN OUT (공략80~130),"7,489",2019_10_04,37,6,패랑이,52,https://www.youtube.com/watch?v=r8Wkin8l_Fw
브레인아웃 공략,"1,095",2019_10_04,8,2,하데스TV Hades,82,https://www.youtube.com/watch?v=DrKX2ZZnRME
[브레인 아웃]세상에서 가장 어색한 게임을 해보았다 (1~20),"13,912",2019_10_04,74,20,푸른너구리,55,https://www.youtube.com/watch?v=ymg249cVUfQ
오늘 할 게임은? Brain Out!,455,2019_10_05,6,0,궁금하면500원,1550,https://www.youtube.com/watch?v=jwvJ6qRV2tQ
랄겜2 브레인 아웃(랄랄),73,2019_10_06,4,0,TV랄랄&랄라,15,https://www.youtube.com/watch?v=rRQHimUlapI
브레인 아웃 1~20 공략.(구독 좋아요 부탁부탁),"1,012",2019_10_06,7,3,god 정규TV,6,https://www.youtube.com/watch?v=pVA-as_NqtI
Brain Out 41~80공략,"46,326",2019_10_07,119,30,황금사과2,103,https://www.youtube.com/watch?v=GLKI_X7z-M0
IQ 138도 어려워한 두뇌풀가동게임! 아무튼 억지임 [브레인 아웃],"54,438",2019_10_08,555,29,풍월량,411000,https://www.youtube.com/watch?v=Vuhpygofp_c
착한 사람은 못푸는 문제... 멘붕와서 다 찍을수 밖에 없었습니다ㅠ 브레인 아웃 [롸정],"2,583",2019_10_08,42,3,롸정TV 게임친구,8360,https://www.youtube.com/watch?v=CwTDxxFRXMk
브레인아웃 1~10스테이지를 깨보았습니다,91,2019_10_08,0,1,새귱유튜브,16,https://www.youtube.com/watch?v=KC28AfR3Qts
브레인아웃11~20 클리어영상,"3,698",2019_10_10,8,23,새귱유튜브,16,https://www.youtube.com/watch?v=qtFWxMohY-Y
가가님과 브레인아웃 21~30스테이지를깨보았다,186,2019_10_10,1,0,새귱유튜브,16,https://www.youtube.com/watch?v=YGgWVn3Tie8
브레인아웃 게잘함with친구들,31,2019_10_10,3,0,최지팔,21,https://www.youtube.com/watch?v=SHCR08M_sbw
[브레인아웃] 두뇌를 활성화 시키는 brain out(1~30),61,2019_10_10,0,0,아리의게임세상,1,https://www.youtube.com/watch?v=14pegwoo7OQ
브레인 아웃 #1 플레이스토어 인기 2위 모바일추천게임 Brain out! LV 1 - 34 나를 가지고 노는건지 내가 멍청한건지,883,2019_10_11,10,0,S.GR쌩구리,192,https://www.youtube.com/watch?v=P66KwbgO9mc
브레인 아웃 31~40스테이지 클리어영상,"4,262",2019_10_11,10,17,새귱유튜브,16,https://www.youtube.com/watch?v=5sFMx57Wd1k
브레인 아웃 147단계를 깨면 이렇게 됨 설참,242,2019_10_12,5,1,화이트롱tv,34,https://www.youtube.com/watch?v=I2u0-jz7P3s
Brain Out 브레인드아웃 95~102,615,2019_10_12,0,0,윤지현,18,https://www.youtube.com/watch?v=7xIGFz4n-Rk
Brain out 1~50단계 공략영상이에용 (브레인 아웃),635,2019_10_13,2,2,게임설명,10,https://www.youtube.com/watch?v=vDWTvv4hDHY
브레인아웃 1~20단계 공략영상,402,2019_10_13,2,0,홍시망,179,https://www.youtube.com/watch?v=6Ki-0GB52gI
브레인아웃 21~39 공략 영상,"4,996",2019_10_13,10,6,홍시망,179,https://www.youtube.com/watch?v=FG6Z7QWNx7E
브레인 아웃 41~50클리어영상!,634,2019_10_13,2,1,새귱유튜브,16,https://www.youtube.com/watch?v=QOAGCvkhyxE
브레인 아웃 #1,53,2019_10_13,0,0,대천사,6,https://www.youtube.com/watch?v=M2CPgt-uO0o
브레인아웃 공략! 초반 스테이지 참고하세요~,420,2019_10_13,0,3,블루스택,428,https://www.youtube.com/watch?v=jRwyY7QXuJc
Brain out 139~147까지 공략영상입니당 !! (브레인 아웃),506,2019_10_13,2,0,게임설명,10,https://www.youtube.com/watch?v=0XdVQb7Cy6E
Brain out 51~100단계 공략영상입니당! (브레인 아웃),"1,017",2019_10_13,10,1,게임설명,10,https://www.youtube.com/watch?v=py97GYbKsX8
Brain out 101~138 공략영상 (브레인아웃),"2,414",2019_10_13,7,1,게임설명,10,https://www.youtube.com/watch?v=QU0YWau57Uc
브레인 아웃 1~50스테이지 모아보기!!,192,2019_10_13,1,1,새귱유튜브,16,https://www.youtube.com/watch?v=RWPfMetm5j4
이게 무슨;; 평범하게 맞출 수 없는 요상한(?) 퀴즈 게임 [브레인아웃(Brain Out) : 모바일게임] 도로시,"84,710",2019_10_14,918,38,도로시Games,360000,https://www.youtube.com/watch?v=Mit9lpiYePQ
브레인아웃 61~80단계 공략영상,"6,878",2019_10_14,24,5,홍시망,179,https://www.youtube.com/watch?v=sSUnLfYZYuc
브레인아웃 81~100단계 공략영상,"12,932",2019_10_14,27,12,홍시망,179,https://www.youtube.com/watch?v=eSUsYwtGedE
브레인아웃 40~60단계 공략,"9,851",2019_10_14,13,13,홍시망,179,https://www.youtube.com/watch?v=cotDwVJVAok
Brain out) 브레인 아웃 공략 (32~62),761,2019_10_14,2,1,투톱,20,https://www.youtube.com/watch?v=xD72b1QLvL0
브레인 아웃 플레이 4 (드디어 엔딩) 공략130~엔딩,631,2019_10_14,5,1,패랑이,52,https://www.youtube.com/watch?v=arhPDZ1Qy24
Brain out) 브레인 아웃 공략 (63~90),263,2019_10_15,4,0,투톱,20,https://www.youtube.com/watch?v=-7kU3Qv8xdk
Brain out) 브레인 아웃 공략 (91~120),628,2019_10_15,2,0,투톱,20,https://www.youtube.com/watch?v=PdljTZDdL5w
브레인 아웃(brain out)51~60스테이지를 깨보았다!!,106,2019_10_15,1,1,새귱유튜브,16,https://www.youtube.com/watch?v=JpJZIHNNk7o
브레인아웃 1탄!! brain out 모바일 게임! 멍 때리면서 하기 좋은 게임입니닼ㅋㅋㅋㅋ,293,2019_10_17,0,0,조로디 Rody_Jo 게임채널,53,https://www.youtube.com/watch?v=wZIhsVpXqjs
Brain out브레인 아웃148~159문제,"7,244",2019_10_17,17,3,앙팡,508,https://www.youtube.com/watch?v=2jWg9QIWc7g
Brain out) 브레인 아웃 51~100 공략,"21,607",2019_10_17,84,6,"#투톱, 게임 일상 채널",316,https://www.youtube.com/watch?v=JQyJj0SniCY
Brain out) 브레인 아웃 148~178new 공략,"37,102",2019_10_17,178,15,"#투톱, 게임 일상 채널",316,https://www.youtube.com/watch?v=yegaWcOlVSk
Brain out) 브레인 아웃 101~133,"6,575",2019_10_17,44,6,"#투톱, 게임 일상 채널",316,https://www.youtube.com/watch?v=F6JUL2zoYn8
Brain out브레인 아웃171~178문제,"6,618",2019_10_17,13,3,앙팡,508,https://www.youtube.com/watch?v=AsN5PehdCZg
브레인 아웃148~178 설참,"4,549",2019_10_17,16,6,류아Rua[테링],43,https://www.youtube.com/watch?v=-4oaxLzKV98
Brain out브레인 아웃160~170문제,"7,727",2019_10_17,18,2,앙팡,508,https://www.youtube.com/watch?v=Q_6i9SX5I0g
Brain out) 브레인 아웃 1~50 공략,"3,348",2019_10_17,23,3,"#투톱, 게임 일상 채널",316,https://www.youtube.com/watch?v=4snU9i3v5ns
이걸 고르라고?? 어이없는 퀴즈 문제 2탄!! 31~61단계 [브레인아웃(Brain Out) 모바일게임] 도로시,"110,432",2019_10_18,892,47,도로시Games,360000,https://www.youtube.com/watch?v=P12-s9a-MP8
브레인아웃 121~147 공략영상,"10,510",2019_10_18,34,3,홍시망,179,https://www.youtube.com/watch?v=83Ugs2oUHmQ
이상한겜 브레인아웃,56,2019_10_18,2,0,디아루가,13,https://www.youtube.com/watch?v=5TWenhbrx8A
브레인 아웃 148 ~ 178,"2,220",2019_10_18,8,1,학생유튜버,21,https://www.youtube.com/watch?v=qsBcFnDN75U
브레인 아웃 I 개발자가 약빨고 만든 이상한 문제를 푸는 퀴즈게임 맞추면 당신은 진정한 천재 !!!,"16,642",2019_10_18,282,14,카이바군,218000,https://www.youtube.com/watch?v=BheF7HziEEQ
Brain out)브레인 아웃 134~147 공략,"3,534",2019_10_18,22,2,"#투톱, 게임 일상 채널",316,https://www.youtube.com/watch?v=JePuy9xIxyw
세계최초!!!!!!브레인아웃 17분기록(스피드런),62,2019_10_18,0,2,TV Metal메탈,3,https://www.youtube.com/watch?v=qDNcB4r2T48
Brain out 148~178 신규 맵 공략편(브레인 아웃),289,2019_10_18,3,0,게임설명,10,https://www.youtube.com/watch?v=j07811Na7HI
브레인아웃 101~120 공략영상,"32,848",2019_10_18,92,51,홍시망,179,https://www.youtube.com/watch?v=h4O2e9yrVrg
도전!!!!!!!!브레인 아웃(1~19),7,2019_10_19,0,0,우킹,2,https://www.youtube.com/watch?v=OZyQUkuUlP4
능지게임의 탈을 쓴 광고 재생기 【브레인 아웃】,"154,812",2019_10_19,1500,49,침착맨,581000,https://www.youtube.com/watch?v=5ewDWKyZBzk
브레인아웃3,2,2019_10_19,0,0,김국현,7,https://www.youtube.com/watch?v=zKEZh8qfqy8
브레인아웃2탄,7,2019_10_19,0,0,김국현,7,https://www.youtube.com/watch?v=MsDyQwj0YLs
브레인 아웃 #2 플레이스토어 인기 1위 모바일추천게임 Brain out! LV 35 - 80 나를 가지고 노는건지 내가 멍청한건지,"1,360",2019_10_19,21,1,S.GR쌩구리,192,https://www.youtube.com/watch?v=6GM_iTL2v9o
가장 어색한 게임ㅋㅋ브레인아웃(카카캌tv),482,2019_10_19,3,2,카카캌TV,11,https://www.youtube.com/watch?v=jfx4Vo9KccQ
브레인아웃 깨다가 머리 아파 뒤지는 줄 알았네,102,2019_10_19,1,1,평화로운게임세상,26,https://www.youtube.com/watch?v=NwZCZNlgf8o
브레인 아웃 #3 플레이스토어 인기 1위 모바일추천게임 Brain out! LV 81 - 100 나를 가지고 노는건지 내가 멍청한건지,966,2019_10_19,9,0,S.GR쌩구리,192,https://www.youtube.com/watch?v=2mxKaueebTk
브레인아웃 해보기,106,2019_10_19,2,0,폐백유튜브,46,https://www.youtube.com/watch?v=wR7ia6dwZ3M
아니 왜 이걸 또 해야돼?(브레인아웃),7,2019_10_19,0,0,평화로운게임세상,26,https://www.youtube.com/watch?v=SfsD48FAJNY
브레인 아웃 세상에서 가장 어색한 게임,934,2019_10_19,5,0,새벽 3시에 찾아옴 구독 안하면 내 프사,72,https://www.youtube.com/watch?v=c7uQJJv3_-M
브레인아웃,108,2019_10_19,1,0,아드여,4,https://www.youtube.com/watch?v=UoDRiwwYxZU
브레인아웃 1~10,30,2019_10_19,3,0,틴겜,3,https://www.youtube.com/watch?v=KusMoEGa0Ew
브레인 아웃 1~133까지 빨리 클리어하기![브레인 아웃],429,2019_10_19,7,1,천하태평한 복숭아,18,https://www.youtube.com/watch?v=szeIF6OXn0s
브레인 아웃 #4 플레이스토어 인기 1위 모바일추천게임 Brain out! LV 101 - 145 나를 가지고 노는건지 내가 멍청한건지,"3,825",2019_10_20,29,1,S.GR쌩구리,192,https://www.youtube.com/watch?v=CP08zNsOhhQ
[민이] Brain out - 가장어색한게임 전체클리어 공략영상 ( 1~ 178 ) [ 설명란 참고 ],"668,476",2019_10_20,5300,428,민민YOUTUBE,4030,https://www.youtube.com/watch?v=tGiw5itIgZY
브레인 아웃1,49,2019_10_20,3,0,바보 박북이TV,27,https://www.youtube.com/watch?v=0z11qgZY54E
브레인아웃 148~178 공략영상,"1,437",2019_10_20,6,2,홍시망,179,https://www.youtube.com/watch?v=-EYZN9DOkrI
브레인 아웃 세상에서 가장 어색한 게임 22~51,"1,214",2019_10_20,12,1,새벽 3시에 찾아옴 구독 안하면 내 프사,72,https://www.youtube.com/watch?v=e_andYGXbno
브레인 아웃 110 ~ 134 공략,125,2019_10_20,1,0,학생유튜버,21,https://www.youtube.com/watch?v=zTpJfXTZqsU
브레인아웃이라는게임 했는데 어려움,36,2019_10_21,1,0,시훈TV,5,https://www.youtube.com/watch?v=WlVVWFnh3zw
브레인 아웃 #5 플레이스토어 인기 1위 모바일추천게임 Brain out! LV 146 - 160 나를 가지고 노는건지 내가 멍청한건지,667,2019_10_21,8,0,S.GR쌩구리,192,https://www.youtube.com/watch?v=LaFNLGdPHW0
저도 합니다. 브레인~~~아웃!!~~,31,2019_10_21,2,0,Xenon No.54_링링,47,https://www.youtube.com/watch?v=DjVyH1Ww1Yw
브레인 아웃 2탄!! brain out.(level 32~49 )모바일게임!! 다시한번 해보았습니다!!가즈아![조로디 rodys_Jo],"8,301",2019_10_22,0,0,조로디 Rody_Jo 게임채널,53,https://www.youtube.com/watch?v=35OYO_otAUc
브레인 아웃 #6 플레이스토어 인기 1위 모바일추천게임 Brain out! LV 161 - 178 나를 가지고 노는건지 내가 멍청한건지,628,2019_10_22,17,0,S.GR쌩구리,192,https://www.youtube.com/watch?v=9fq_2VxxT1Q
브레인 아웃 71~80스테이지를 깨보았다 (업뎃 후),11,2019_10_23,0,0,새귱유튜브,16,https://www.youtube.com/watch?v=jDxHSUSxXxA
[브레인 아웃]가즈아~ 뇌 풀가동(사실 찍기도 많이함ㅋㅋ),10,2019_10_23,0,0,재준TV,16,https://www.youtube.com/watch?v=slY5T6tr_dg
구독자 20명 기념 브레인 아웃 1~39공략과 홍보 (답글을 써주시면 바로 홍보 각),60,2019_10_23,4,2,바보 박북이TV,27,https://www.youtube.com/watch?v=vs0kwrHYYq8
브레인 아웃 73,56,2019_10_23,2,0,블루히어로,58,https://www.youtube.com/watch?v=_gwJ4zBXPDk
브레인아웃BRAIN OUT - 가장어색한게임 (공략) 리뷰해드립니다 과연재미있을까 게임리뷰하는 영구리 @영구리@,"1,345",2019_10_24,11,2,영구리TV,161,https://www.youtube.com/watch?v=ySK7uRysDcY
브레인 아웃 3탄!! brain out.(level 51~71 )모바일게임!! [조로디 rodys_Jo],"1,326",2019_10_24,0,0,조로디 Rody_Jo 게임채널,53,https://www.youtube.com/watch?v=U9WmHNdMH6w
브레인 아웃,60,2019_10_24,1,1,민석최,160,https://www.youtube.com/watch?v=HM3cscw0nY0
브레인 아웃 공략 1편,6,2019_10_25,0,0,7색,5,https://www.youtube.com/watch?v=CWFdi5xBnxY
브레인아웃 공략(해답) 1~178 누구보다 빠른 해답,"54,869",2019_10_25,245,32,영구리TV,161,https://www.youtube.com/watch?v=mApkVVFrNGs
브레인아웃1~37,18,2019_10_25,0,0,연이토끼,25,https://www.youtube.com/watch?v=6HaM18dWVos
브레인아웃 159단계 15초버티기,60,2019_10_25,0,0,박하준,0,https://www.youtube.com/watch?v=HRvvedMdELY
브레인아웃을 해보았다,19,2019_10_25,3,0,박승찬,11,https://www.youtube.com/watch?v=ly7luWJSij8
브레인 아웃,29,2019_10_25,0,1,정은경,1,https://www.youtube.com/watch?v=vbxr_-Xbnl4
브레인 아웃에서 할 수 있는 것,13,2019_10_26,1,0,학생유튜버,21,https://www.youtube.com/watch?v=cc2r3-2lzqM
브레인 아웃 1단계부터 30단계까지 가보다!,86,2019_10_26,1,0,타이크TV,21,https://www.youtube.com/watch?v=BMgYEaM7UjE
못 맞추면 바보가 되는 문제..? 초등학생도 풀 수 있다고? 골 때리는 퀴즈 문제 3탄!! 62~99단계 [브레인아웃(Brain Out) 모바일게임] 도로시,"161,878",2019_10_26,1100,55,도로시Games,360000,https://www.youtube.com/watch?v=jfnUdrYsWso
접는다는데 안접는 마카로니 클라띠+브레인 아웃 올클리어,7,2019_10_26,0,0,접습니다유튜브,8,https://www.youtube.com/watch?v=Lvacl0zkfvs
브레인 아웃,2,2019_10_27,0,0,ᄒ윤제환타,2,https://www.youtube.com/watch?v=Tm6rpzEFPZQ
브레인 아웃 159단계 보호 안쓰고 15초 통과.ㅎㅎ,96,2019_10_27,1,0,이재용,1,https://www.youtube.com/watch?v=D14exYVlIMg
브레인 아웃 2탄! 148~178. 업뎃후,63,2019_10_27,0,0,매그t v,17,https://www.youtube.com/watch?v=iW0wdNbnQXQ
[브레인아웃] 두뇌를 활성화 시키자 brain out 2화 (31~60),11,2019_10_27,1,0,아리의게임세상,1,https://www.youtube.com/watch?v=msdtHZTj17s
이 게임은 당신의 멘탈을 없애줍니다!|브레인 아웃 Brain Out,14,2019_10_27,0,0,게임채널Anon,1,https://www.youtube.com/watch?v=KbQ0GSXzeg8
브레인 아웃 1단계~39단계 깨는 법,34,2019_10_27,0,0,행복한즐겜러,5,https://www.youtube.com/watch?v=F8l29AWKUvw
이상한 게임[브레인아웃],13,2019_10_28,1,0,watermelon,6,https://www.youtube.com/watch?v=NTDfDVMWMVo
브레인 아웃 (brain out) 1~25단계 공략,59,2019_10_28,3,0,고무손다리GMSDR,81,https://www.youtube.com/watch?v=m2QkyQehyRo
이런 양심없는 퍼즐게임을 봤나... 모바일 게임 '브레인 아웃',"238,827",2019_10_29,3000,172,쥐 moonbowzz,40300,https://www.youtube.com/watch?v=451Y6TvvdCI
브레인 아웃 간단하게 전체 클리어 법,19,2019_10_29,0,0,핸켐YouTube,14,https://www.youtube.com/watch?v=zERi29g6CJ8
브레인아웃 풀이,29,2019_10_29,1,0,김수빈,10,https://www.youtube.com/watch?v=jZsI3ND1v9Q
브레인 아웃 (1~30) 공략,12,2019_10_30,0,0,건달,3,https://www.youtube.com/watch?v=lU8vTh6wM5k
처음으로 브레인 아웃!(Brain out),40,2019_10_30,0,0,써클 캔디YOUTUBE,66,https://www.youtube.com/watch?v=OxebGcwkq6Y
오늘은 새로운게임!!브레인아웃!!,28,2019_11_01,1,0,미남김리아,23,https://www.youtube.com/watch?v=bcVfgbf6scE
브레인아웃 4탄!! brain out! Level 72~90까지!! 뇌가 이상해진다~~ [조로디 Rody_Jo ],"5,615",2019_11_01,0,0,조로디 Rody_Jo 게임채널,53,https://www.youtube.com/watch?v=IgZvf_xsg-U
브레인 아웃 1~10단계 까지 해~~~보았다!,7,2019_11_01,1,0,별루좋아,4,https://www.youtube.com/watch?v=u7jqQDsLh18
브레인 아웃 1~60,19,2019_11_01,1,0,학생유튜버,21,https://www.youtube.com/watch?v=XDlpIZNbMW8
브레인아웃,42,2019_11_01,7,0,유매,76,https://www.youtube.com/watch?v=U7QiZNnmg9k
브레인아웃,9,2019_11_01,0,0,아드여,4,https://www.youtube.com/watch?v=2-QDx3MS4AA
브레인 아웃 플레이,6,2019_11_01,2,0,mint&story Iab,11,https://www.youtube.com/watch?v=dziXRva8mNA
브레인아웃 1-30,64,2019_11_01,3,0,동하늘다람쥐,23,https://www.youtube.com/watch?v=XLvq4uF1J_Y
브레인아웃1편,13,2019_11_02,2,0,현숭이tv,5,https://www.youtube.com/watch?v=5EU82txdRz0
이번엔 거울 문제..!! 대체 무슨 암호가 숨어있단거지?;; 병맛 퀴즈 문제 4탄!! 100~122단계 [브레인아웃(Brain Out) 모바일게임] 도로시,"70,067",2019_11_02,476,25,도로시Games,360000,https://www.youtube.com/watch?v=ze_dbAENkU0
브레인아웃 81~90 클리어,33,2019_11_02,0,0,새귱유튜브,16,https://www.youtube.com/watch?v=Sb4BvSkXhWk
브레인 아웃 세상에서 가장 어색한 게임 50~83,429,2019_11_02,3,1,새벽 3시에 찾아옴 구독 안하면 내 프사,72,https://www.youtube.com/watch?v=QMR4-ZTLfbI
브레인아웃 159단계 보호 안쓰고 15초 버텨보기,340,2019_11_02,5,0,ShiN0,1390,https://www.youtube.com/watch?v=aSiyFqmtWgs
브레인 아웃 100탄까지 즐겨봤습니다.😆,15,2019_11_02,0,0,던스캐roblox유투버,65,https://www.youtube.com/watch?v=6GX0FYNrzvI
브레인아웃91~100스테이지클리어 (힌트봄),21,2019_11_02,0,0,새귱유튜브,16,https://www.youtube.com/watch?v=3PnzwXfwW0I
브레인아웃 Brain Out을 해보았다 (feat. 돼지된장국),7,2019_11_02,1,0,가디안,7,https://www.youtube.com/watch?v=udRutXuzdy0
브레인아웃 2편,8,2019_11_03,0,0,카일,16,https://www.youtube.com/watch?v=OI3m8Wzv67U
브레인 아웃 영상,17,2019_11_03,0,0,유튜브kmup,15,https://www.youtube.com/watch?v=cWA0_N3PMI8
브레인 아웃 공락 1단계ㅡ46단계,171,2019_11_04,5,0,YT고래밥,13,https://www.youtube.com/watch?v=AT6hJ-nDeZ8
브레인 아웃 1~24 더 하고싶어는데 ㅠㅠ,40,2019_11_04,4,0,황황지유,14,https://www.youtube.com/watch?v=OhHyS_5Ecaw
브레인아웃 퀴즈게임 대결 ! 2등 브롤스타즈 해골인형 파이퍼 ! 1등 상품 ? 브롤 시청자 참여 영상 버섯도리,"146,626",2019_11_05,1300,135,버섯도리,144000,https://www.youtube.com/watch?v=S6AIzD3gezM
영상끈킴주의 벽도깨기와브레인 아웃,11,2019_11_05,1,0,TV뮴뮤트,6,https://www.youtube.com/watch?v=XS5zukqEzAw
제 지능으론 절대로 할 수가 없네요..(훗) 살ㄹㅕㅈ....!!! [브레인 아웃],26,2019_11_05,4,0,절반의 반,61,https://www.youtube.com/watch?v=POzVQw8VJ3E
창의력 게임인가 바보 만드는 게임인가 브레인아웃 - 캐릭온TV,"74,921",2019_11_05,856,44,캐릭온 TV,749000,https://www.youtube.com/watch?v=4Xbm3rj1w1E
브레인 아웃,4,2019_11_06,1,0,브브롤,8,https://www.youtube.com/watch?v=MZtlTldiTgI
브레인아웃 1~30스테이지,54,2019_11_06,2,0,스마트,10,https://www.youtube.com/watch?v=hg39Hfa1gjI
Brain out 브레인아웃 플레이 영상 1~21 공략(?) ㅣ토리ㅣ구독&좋아요,30,2019_11_06,3,0,토리,20,https://www.youtube.com/watch?v=BkQIFN3eCHA
브레인아웃 한번 해보앗어요!,54,2019_11_07,1,0,나봉오리TY,51,https://www.youtube.com/watch?v=clR1YLXV5BM
브레인 아웃 1~20 레벨 클리어 영상,4,2019_11_08,0,0,Korea [ASMR SOUND],2,https://www.youtube.com/watch?v=oRoaLGbByJk
브레인 아웃 | Brain out [비녕이],25,2019_11_08,3,1,비녕이youtube,53,https://www.youtube.com/watch?v=Nsged1Ytpm0
브레인 아웃 3편,6,2019_11_09,0,0,카일,16,https://www.youtube.com/watch?v=lhzeFLn_7Bw
세상에서 제일 어색하다는 브레인 아웃 이라는 게임을 해보았다...ㅋㅋㅋㅋ(오늘은 조금 답답한 황시가 돼었다),24,2019_11_09,1,4,황시,14,https://www.youtube.com/watch?v=j2fEGMtk07k
브레인아웃[편집앱 바꿈],8,2019_11_09,0,0,watermelon,6,https://www.youtube.com/watch?v=6v6h2KlJHQU
브레인 아웃 27 까지,38,2019_11_09,0,1,겜바,6,https://www.youtube.com/watch?v=uaaN2_XX14U
겐빵님과 브롤과 브레인 아웃 한다?,18,2019_11_09,0,0,리락,3,https://www.youtube.com/watch?v=aLCNzB4A8co
(브레인아웃)게임하다가 통수 여러번 맞습니다...공략이 필요한부분? 시청주의 암걸림주의!! 53초부터 브레인아웃!,264,2019_11_10,5,0,고클라스_Goclass,190,https://www.youtube.com/watch?v=0AYalCJEujM
브레인 아웃 21~40 클리어영상,8,2019_11_10,0,0,Korea [ASMR SOUND],2,https://www.youtube.com/watch?v=qttzPYKg4pM
브레인아웃11~178,18,2019_11_10,1,0,이산영,1,https://www.youtube.com/watch?v=DWWT4lSt0ls
브레인아웃 3탄,26,2019_11_10,3,0,완두TV.,60,https://www.youtube.com/watch?v=7heHVvZLd7w
브레인아웃 공략 1~30(마블인트로),18,2019_11_11,1,0,박태리아,15,https://www.youtube.com/watch?v=xFvcZJSw7Ww
불쌍한 기린을 죽이려는거냐.. 점점 더 이상해지는 퀴즈 문제 5탄!! 123~147단계 [브레인아웃(Brain Out) 모바일게임] 도로시,"89,297",2019_11_12,657,22,도로시Games,360000,https://www.youtube.com/watch?v=18xcyb18Ee0
브레인 아웃 1~178까지32와 132는 흔드는게 힘들어서 뺐습니다.,31,2019_11_12,1,0,이산영,1,https://www.youtube.com/watch?v=cJSkS_PUia4
브레인 아웃(brain out) 1~178단계 자막,"6,075",2019_11_12,11,2,롸스촌,30,https://www.youtube.com/watch?v=NFEQBMt4dWc
아는것만! 브레인 아웃 그런데.....인사를 안하고 꺼버렸넼ㅋ,8,2019_11_12,0,1,YT-고래고래,7,https://www.youtube.com/watch?v=eowQETd3xkU
브레인 아웃 2탄,28,2019_11_13,3,0,J.h.j게임 비디오,15,https://www.youtube.com/watch?v=Mf2jy1Q7Ov4
브레인 아웃 41~60 클리어 영상,10,2019_11_13,0,0,Korea [ASMR SOUND],2,https://www.youtube.com/watch?v=HCVxRqbrivc
어이없지만 재밌는 게임 브레인 아웃!,48,2019_11_13,7,0,파롤PALOL,185,https://www.youtube.com/watch?v=1_R_I2cU6rI
브레인 아웃 (brain out),109,2019_11_13,3,0,J.h.j게임 비디오,15,https://www.youtube.com/watch?v=6nVmpIPCZJI
브레인아웃 게임리뷰,16,2019_11_13,2,0,야구하는초딩ᄏ,16,https://www.youtube.com/watch?v=qyyJYSacQcA
브레인 아웃 정답,13,2019_11_15,1,0,GAME TUBE,2,https://www.youtube.com/watch?v=rkEGKDFGArg
브레인 아웃 공략 1~20,32,2019_11_15,4,0,냐옹서컨,54,https://www.youtube.com/watch?v=oy-RJxQ1j5A
브레인 아웃 케리영상,14,2019_11_15,1,0,온디온tv,2,https://www.youtube.com/watch?v=MNIxGNwmnIA
브레인아웃 2편,10,2019_11_15,2,0,야구하는초딩ᄏ,16,https://www.youtube.com/watch?v=v2IuhwJX2qM
[Brain Out]이상하게 머리쓰면서 문제 맞추는 퀴즈 게임,107,2019_11_15,3,0,헤홀몬Youtube,1080,https://www.youtube.com/watch?v=GUhucAWoZlw
브레인 아웃캐리 영상2,6,2019_11_15,0,0,온디온tv,2,https://www.youtube.com/watch?v=Q7w2sgCFMtU
브레인아웃-1~30 공약ㅣ폭스티비,25,2019_11_15,4,0,폭스티비foxtv,117,https://www.youtube.com/watch?v=6mlc1RPY0tQ
브레인드 아웃게임!!,12,2019_11_16,1,0,홀릭루은,18,https://www.youtube.com/watch?v=meUMLx2CJHA
브레인아웃 공략!!!!,23,2019_11_16,2,0,마리오의게임,7,https://www.youtube.com/watch?v=ObnMAofcoV0
브레인 아웃 21~40 공략법!,73,2019_11_16,5,0,냐옹서컨,54,https://www.youtube.com/watch?v=LrO77ntGAqE
브레인 아웃 1~157스테이지 공략,34,2019_11_16,0,0,김니아tv,23,https://www.youtube.com/watch?v=Wmx3uE_UYH0
퓨처파이트&브뤠인 아웃 플레이하기,21,2019_11_16,3,0,바이오v v,5,https://www.youtube.com/watch?v=SPXdnTBc_2k
브레인 아웃을 첨부터 다시했다 까까인성이..?!,16,2019_11_17,2,0,시니님이시다!,7,https://www.youtube.com/watch?v=40nnJMJ6mqo
브레인 아웃 61~80,7,2019_11_17,1,0,Korea [ASMR SOUND],2,https://www.youtube.com/watch?v=Crws5tXGDoc
브레인 아웃 캐리3,5,2019_11_17,0,0,온디온tv,2,https://www.youtube.com/watch?v=aYpoWJa6Nvo
브레인 아웃 159단계 버티기,25,2019_11_17,0,0,하이라이트,5,https://www.youtube.com/watch?v=k-xcWy6MjdM
양심 이란게 없는 모바일 게임 브레인 아웃,58,2019_11_17,11,1,하얀고양이,369,https://www.youtube.com/watch?v=jxjL6HArALM
약 1분영상) brain out 브레인 아웃 1~10 설명란 참고,7,2019_11_17,1,0,라라,16,https://www.youtube.com/watch?v=PU87nKVwpXo
브레인아웃 1~22,8,2019_11_17,0,0,라러브,5,https://www.youtube.com/watch?v=XEDLbjZvb8I
브레인아웃 104,819,2019_11_18,2,2,홍시망,179,https://www.youtube.com/watch?v=lhGSBS1ys4o
브레인 아웃,6,2019_11_18,1,0,노란 하늘유튜브,3,https://www.youtube.com/watch?v=pNsS4SG8X2M
브레인아웃 해미 1편,27,2019_11_18,2,1,해미,3,https://www.youtube.com/watch?v=37j9fANkncU
브레인 아웃 뇌를정지시켜!!!!,22,2019_11_18,4,0,닭크리퍼,11,https://www.youtube.com/watch?v=QMFfvuVF-TU
브레인 아웃 세상에서 제일 어색한게임!!!,23,2019_11_18,2,0,준호t v,19,https://www.youtube.com/watch?v=Z-JC04Hxb_Y
브레인아웃문제가미쳣다,4,2019_11_18,0,0,게임플레이,1,https://www.youtube.com/watch?v=GjD-j991GBw
"브롤스타즈, 브레인아웃도 됩니다!",64,2019_11_19,1,1,게임짤,2330,https://www.youtube.com/watch?v=1J_-PuCW4LY
브레인 아웃(Brain out) 공략 (01~20),210,2019_11_19,3,0,오씨드,2810,https://www.youtube.com/watch?v=1KG9NSY_XOU
브레인 아웃 1~20 해답,13,2019_11_19,0,0,세현이의 게임 채널,17,https://www.youtube.com/watch?v=FBiVXdiNAgg
[민이] Brain out - 가장어색한게임 공략 어려운 문제 자세한 설명해드립니다. [ 문제여러가지 있음 ],"3,713",2019_11_19,53,1,민민YOUTUBE,4030,https://www.youtube.com/watch?v=0HNzADVgb8s
브레인 아웃 21~31 해답,6,2019_11_20,0,0,세현이의 게임 채널,17,https://www.youtube.com/watch?v=Csrzqx10oXk
브레인아웃 32~44,26,2019_11_21,1,0,세현이의 게임 채널,17,https://www.youtube.com/watch?v=nEq5W3gbFk4
[brain out] 1 ~ 22까지 공략! 머리통 부숴질덧...😆,28,2019_11_21,1,0,철 없는 루루아재 게임&일상 TV,19,https://www.youtube.com/watch?v=b6wtxzMbNMo
브레인아웃 (Brain out) 공략! Level 1-10 [쉽게 설명합니다] (Brainout walk through),23,2019_11_21,1,0,손가락TV,0,https://www.youtube.com/watch?v=rIR5GllMDXw
브레인 아웃179~185까지,944,2019_11_22,3,2,TR.취킨,2,https://www.youtube.com/watch?v=IyPlnDI5JGc
브레인아웃 179~185단계설명,31,2019_11_22,3,0,고영진,1,https://www.youtube.com/watch?v=H40_k1kb3yU
브레인아웃 60~100 공략 (자막이씀),69,2019_11_22,3,1,냐옹서컨,54,https://www.youtube.com/watch?v=brtNCDFFvtQ
브레인아웃(Brain out) 179단계부터 185단계 까지 공략영상 (풀영상),"1,598",2019_11_22,7,7,포콩TV,30,https://www.youtube.com/watch?v=FTpivw1cwH8
브레인 아웃 공략1~45,63,2019_11_22,0,1,수돌이 유튜브,13,https://www.youtube.com/watch?v=CDvbxoJFudA
조금 더 정신을 놓아보자! 브레인아웃 (Brain out) 공략! Level 11-20 [쉽게 설명합니다] (Brainout walk through),28,2019_11_22,1,0,손가락TV,0,https://www.youtube.com/watch?v=OGuvl2ZHh14
브레인 아웃 179~185 설명창 해설,"1,710",2019_11_22,2,0,류아Rua[테링],43,https://www.youtube.com/watch?v=S6WxcXQewkU
브레인아웃에서 탱크스타즈,12,2019_11_22,1,0,김현수 charles,4,https://www.youtube.com/watch?v=_oBsOGABX8U
3초 안에 대답!! 팬티만 입은 당신을 쳐다본 할아버지의 표정을 맞춰보세요 [무인도 심리테스트] 도로시,"33,161",2019_11_22,292,9,도로시Games,360000,https://www.youtube.com/watch?v=xPG2FSkj4l4
브레인 아웃 공략,26,2019_11_23,0,0,문어악마tv,19,https://www.youtube.com/watch?v=q4eW06xswRw
브레인 아웃 101~110 스테이지를 깨 보았다!,16,2019_11_23,0,0,새귱유튜브,16,https://www.youtube.com/watch?v=kTCIsf_rjp0
브레인아웃 179~185 공략,143,2019_11_23,1,0,홍시망,179,https://www.youtube.com/watch?v=M8-THedBj5U
브레인아웃179~185,36,2019_11_23,0,0,포이즈너라디,13,https://www.youtube.com/watch?v=0FemcFbly4Q
브레인 아웃 150~153 공략,19,2019_11_23,0,0,염뽀릿,7,https://www.youtube.com/watch?v=ITmmamRBZVw
안돼!!!![브레인 아웃],11,2019_11_23,2,0,캌퉤라시러[제우스],4,https://www.youtube.com/watch?v=E4nW7r0FKSI
"브레인아웃 제가 못 한 퀴즈 푼 사람 댓글로 적어 주시면 여친, 남친 생김ㅋㅋ.",6,2019_11_23,1,0,꿀잼채널[로나와 친구들],7,https://www.youtube.com/watch?v=LdW7OYTpB9E
돈이tv브레인아웃을 하다.(브레인아웃 공략),33,2019_11_23,1,0,돈이tv,2,https://www.youtube.com/watch?v=dGMC4y02jdo
브레인 아웃,60,2019_11_23,9,1,멜론탄youtube,17,https://www.youtube.com/watch?v=DvYqhVU4BAU
브레인 아웃!,16,2019_11_24,4,0,UMIM유밈,27,https://www.youtube.com/watch?v=kseG6X9j8uI
브레인 아웃111~120스테이지 클리어영상,24,2019_11_24,0,0,새귱유튜브,16,https://www.youtube.com/watch?v=CBammkxHWaU
뇌가 아픈,"346,565",2019_11_24,4800,146,머독방송,734000,https://www.youtube.com/watch?v=uNn1i319-EQ
Brain out(브레인 아웃) 179~185 공략,12,2019_11_24,0,0,응응응이,2,https://www.youtube.com/watch?v=hHJxx2-sVts
창의력쟁이!! 브레인아웃 (Brain out) 공략! Level 21-30 [쉽게 설명합니다] (Brainout walk through),12,2019_11_24,0,0,손가락TV,0,https://www.youtube.com/watch?v=a6nOnjnksIM
브레인 아웃 179~185 공략,12,2019_11_24,0,0,학생유튜버,21,https://www.youtube.com/watch?v=YI3kISaM0xM
Brain out 브레인아웃179~185공략,607,2019_11_24,2,0,앙팡,508,https://www.youtube.com/watch?v=_dhiLdloPYM
[브레인 아웃] 이런 문제가 있었나?,40,2019_11_24,0,0,rtyu 21,5,https://www.youtube.com/watch?v=RnRRr-VcGro
브레인 아웃 150부터185 공략,24,2019_11_24,1,0,자몽스윗YouTube,4,https://www.youtube.com/watch?v=XskBT4jx0Go
1~35단계 브레인 아웃 공략(찬희의 첫 영상이니 잘 봐주세요),23,2019_11_24,0,0,호빵 따끈한,3,https://www.youtube.com/watch?v=JwCy3RmHAfg
Brain out 1~27. (광고 편집 못해서 죄송합니다ㅠㅠ),43,2019_11_24,2,0,White Cookie,15,https://www.youtube.com/watch?v=FX0RIWfSTH0
[민이] Brain out - 가장어색한게임 바뀐 문제 및 공략영상 ( 178 ~ 185 ) [ 설명란 참고 ],"11,749",2019_11_25,132,14,민민YOUTUBE,4030,https://www.youtube.com/watch?v=fPsR05dET7A
브레인 아웃 134~178단계![브레인 아웃!],51,2019_11_25,4,0,천하태평한 복숭아,18,https://www.youtube.com/watch?v=mfS9d1Pdk8U
브레인 아웃 179~185 업데이트![브레인 아웃!],15,2019_11_25,4,0,천하태평한 복숭아,18,https://www.youtube.com/watch?v=Z4UWnMVfgng
브레인아웃 (Brain out) 179~185 궁금한것들은 댓글로 @영구리@,213,2019_11_25,4,0,영구리TV,161,https://www.youtube.com/watch?v=galscuJnzFw
똥으로 아이스크림을 만들라고..?! 진짜?;;; 상상만 해도 끔찍한 퀴즈 문제 6탄!! 148~178단계 [브레인아웃(Brain Out) 모바일게임] 도로시,"70,868",2019_11_26,705,29,도로시Games,360000,https://www.youtube.com/watch?v=Ov_E10s1Jqc
브레인 아웃 1~117 도전!,25,2019_11_26,1,0,똥멍충이한승유,19,https://www.youtube.com/watch?v=u4k4g_7mc7o
Brain out Max Level - 브레인 아웃 179 ~ 185 레벨 클리어,327,2019_11_26,2,2,J aporean,897,https://www.youtube.com/watch?v=TdxlhcrQV9c
브레인 아웃,24,2019_11_26,2,1,TV현규,13,https://www.youtube.com/watch?v=K4V1yxa4R40
어...게임 하면서 젤 화낸 게임이요... | 브레인 아웃,57,2019_11_26,1,1,잡다한펭귄,0,https://www.youtube.com/watch?v=XmHxTLpY06w
브레인아웃,9,2019_11_27,0,0,게자몽tv,22,https://www.youtube.com/watch?v=WAegyfTsZMY
따끈한 호빵(찬희)의 브레인아웃 공략35~100,40,2019_11_27,1,1,호빵 따끈한,3,https://www.youtube.com/watch?v=J8eSS3FZX_s
브레인 아웃 (179 ~ 185)공략,21,2019_11_27,0,0,건달,3,https://www.youtube.com/watch?v=E9kzIuc6258
[브레인아웃] 초등학생도 풀수 있는 문제 1-50 (15세이상),667,2019_11_27,12,0,핑키유니,3380,https://www.youtube.com/watch?v=Y3lZDaeQW3k
브레인 아웃! 1~41까지!,3,2019_11_28,0,0,올려그재,2,https://www.youtube.com/watch?v=uS-1Vw_nrKc
브레인아웃 결말 보세요,15,2019_11_28,0,0,바브미tv,8,https://www.youtube.com/watch?v=HQ2CDadtRs8
핸드폰이 빙글빙글~! 브레인아웃 (Brain out) 공략! Level 31-40 [쉽게 설명합니다] (Brainout walk through),24,2019_11_28,1,0,손가락TV,0,https://www.youtube.com/watch?v=BFcnC9OM4jk
브레인 아웃 공략 알려드립니다♥ 공략 어려운문제,25,2019_11_28,3,0,민트Games TV,5,https://www.youtube.com/watch?v=l99x7zHm3gc
브레인아웃,16,2019_11_29,1,0,김윤정,5,https://www.youtube.com/watch?v=IAm1fqeOCTw
브레인아웃 다 깼다!!!!!!!!!!!!!!!!!,18,2019_11_29,0,0,서보형,4,https://www.youtube.com/watch?v=wNJ6efeasgc
브레인 아웃 플레이 하기,31,2019_11_29,2,0,지웅TV{언제나 함께},34,https://www.youtube.com/watch?v=_fWTSW7gQ7M
브레인아웃 179~185 공략 [Brain out],85,2019_11_30,7,0,코카,1350,https://www.youtube.com/watch?v=g-xeIeBi358
브레인 아웃,31,2019_11_30,0,0,다트TV 2008,20,https://www.youtube.com/watch?v=vF_OmphvtKU
브레인아웃,8,2019_11_30,0,0,미리[곤듀인데요?],7,https://www.youtube.com/watch?v=zYTjMb0uYG4
브레인아웃 음....,7,2019_11_30,0,0,브이tv,7,https://www.youtube.com/watch?v=CLs_uUOc1wg
아 브레인아웃 진짜 너무 힘들 다@_@~~~~~~,9,2019_11_30,1,0,루이tv,0,https://www.youtube.com/watch?v=chXcj8w8Naw
시력도 좋아야하네~~! 브레인아웃 (Brain out) 공략! Level 41 - 50 [쉽게 설명합니다] (Brainout walk through),35,2019_11_30,0,0,손가락TV,0,https://www.youtube.com/watch?v=vBAreh2f28I
브레인아웃 1탄 인데 제가 못 깬 스테이지좀 알려주세요...,25,2019_11_30,0,0,이소연,21,https://www.youtube.com/watch?v=gLeyZFnOXao
"브레인아웃 2탄인데요, 아니 이런게임이 다 있었네?",14,2019_11_30,0,0,이소연,21,https://www.youtube.com/watch?v=sVHbQrqa1DQ
브레인아웃 3탄이면서 마지막탄! 기념으로 틱톡 영상 보여드릴게요~,9,2019_11_30,0,0,이소연,21,https://www.youtube.com/watch?v=g-GgSQkIjn0
브레인아웃,13,2019_11_30,2,0,레온TV,13,https://www.youtube.com/watch?v=anxdE3_dJzE
브레인아웃 대가리 빡치게 하는게임,12,2019_12_01,0,0,치도리,0,https://www.youtube.com/watch?v=IplYLpIOmyo
브레인 아웃,31,2019_12_01,2,0,노유준,21,https://www.youtube.com/watch?v=jT8iH5DNwXc
인성 노답 겜 해보았다!![브레인 아웃],10,2019_12_02,0,0,계라뉘tv,1,https://www.youtube.com/watch?v=ijTtwXQIfYU
브레인 아웃 #7 플레이스토어 인기2위 모바일추천게임 Brain out! LV 179 - 185 리니지2M 때문에 1위에서 밀리다니!!!!!,95,2019_12_02,7,0,S.GR쌩구리,192,https://www.youtube.com/watch?v=qG6-crTOfV4
이제 패턴 파악! 브레인아웃 (Brain out) 공략! Level 51-60 [쉽게 설명합니다] (Brainout walk through),21,2019_12_02,0,0,손가락TV,0,https://www.youtube.com/watch?v=KquGaQxQdXM
브레인아웃 (01~30단계) 공략 영상,12,2019_12_02,0,0,ᆞ만능소정,44,https://www.youtube.com/watch?v=9WwS4iHQ-II
[브레인아웃] 아르카나 구조선 진행중,215,2019_12_03,2,0,경환몬TV,454,https://www.youtube.com/watch?v=0NWlhN4y-I4
브레인아웃[넌센스 퀴즈],35,2019_12_03,1,0,유튜브로봇,30,https://www.youtube.com/watch?v=oYhzkQR-tcU
브레인 아웃#1,17,2019_12_03,0,0,가지가지TV,9,https://www.youtube.com/watch?v=FizgQATSVb0
브레인 아웃 1~35 끝까지 보고 가세요,8,2019_12_03,1,0,lee tv,4,https://www.youtube.com/watch?v=tAKfFiZMQgk
내 머리가 점점 이상해져간다?!! 브레인아웃 (Brain out) 공략! Level 61-70 [쉽게 설명합니다] (Brainout walk through),15,2019_12_04,0,0,손가락TV,0,https://www.youtube.com/watch?v=cujFyCzJTHQ
평범한 사람은 절대로 못 푸는 문제모음 ㅋㅋㅋㅋ,"146,529",2019_12_04,2800,64,코아 TV,570000,https://www.youtube.com/watch?v=HE1g-djo5wY
브레인아웃2,23,2019_12_04,0,0,유튜브로봇,30,https://www.youtube.com/watch?v=86QD9wgKRUc
브레인아웃)1단계~27단계,15,2019_12_04,1,1,돼지갈비,1,https://www.youtube.com/watch?v=nRcvsXY66zA
브레인아웃을 해봤다,14,2019_12_04,2,0,위크티TV,8,https://www.youtube.com/watch?v=4rimk-CwgMs
브레인 아웃 1~30단계,10,2019_12_04,1,0,하이한결 tv,5,https://www.youtube.com/watch?v=fZ1OT9dy0Js
브레인 아웃 1편,12,2019_12_04,1,0,웅이,16,https://www.youtube.com/watch?v=3P-I4oKXd0k
브레인 아웃 4탄!!!,33,2019_12_05,5,1,완두TV.,60,https://www.youtube.com/watch?v=9VBPF6sstRo
