﻿title,count,date,good_count,bad_count,youtuber,subscriber,url
무한의 금고,729,2019_02_26,5,8,꿈띵,23,https://www.youtube.com/watch?v=eO5-trLV-PM
무한의 계단 맨인블랙 외계로봇 (자막 있음),"7,525",2019_03_18,114,5,오치,66000,https://www.youtube.com/watch?v=nHmw4OWOZcQ
10만원 질러서 끝까지 다봤습니다 - [썩쏘],"212,294",2019_08_12,1700,132,썩쏘TV,403000,https://www.youtube.com/watch?v=hEnQbsf9MsY
무한의농장간단리뷰플레이영상1화,657,2019_08_13,5,13,브롤레고,32,https://www.youtube.com/watch?v=iTCCvRp5kxk
무한의농장1화,202,2019_08_14,3,1,K의게임마을,12,https://www.youtube.com/watch?v=VNPChaFnxb0
무한의농장2화,407,2019_08_14,6,0,K의게임마을,12,https://www.youtube.com/watch?v=Wg1Ic40kkQk
무한의 농장,127,2019_08_15,4,0,Xenon No.54_링링,47,https://www.youtube.com/watch?v=ygjW_508Kcs
무한의농장2화간단리뷰플레이영상,149,2019_08_16,1,0,브롤레고,32,https://www.youtube.com/watch?v=GoiZZMLgP2Q
[무한의 농장] 무한으로 당근생성 하기 ㅋㅋ,"1,973",2019_08_18,7,1,억새,0,https://www.youtube.com/watch?v=nin9dfXphxI
"무한의농장5화당근,감자,생선농장까지했어요","1,306",2019_08_18,7,8,브롤레고,32,https://www.youtube.com/watch?v=s7vsV4czgZw
[무한의농장] 새로운 감자농장 생성~,"3,035",2019_08_19,18,5,억새,0,https://www.youtube.com/watch?v=akW1jtHpTkA
무한의농장7화1나만더하면킅이다간닩리뷰플레이영상,363,2019_08_20,1,2,브롤레고,32,https://www.youtube.com/watch?v=oHTiZFvtkCo
[무한의농장] 농부 만렙찍고 어부전직!!,"3,809",2019_08_20,13,0,억새,0,https://www.youtube.com/watch?v=EmPB08hCcBM
무한의농장(오토마우스의 힘,89,2019_08_20,2,0,뉴지니어스,30,https://www.youtube.com/watch?v=OQ63bmj93cc
무한의 농장 당근마지막,"1,602",2019_08_20,14,5,Dark펭귄,43,https://www.youtube.com/watch?v=KByZz-tH4b0
[무한의농장] 좀비키우기,"6,793",2019_08_21,20,5,억새,0,https://www.youtube.com/watch?v=_8y4sGhbqf8
무한의농장 리뷰 (seunglim),451,2019_08_21,8,0,승림 TV,45,https://www.youtube.com/watch?v=R3q0yMP5IRo
무한의 농장!!,12,2019_08_21,0,0,하림,7,https://www.youtube.com/watch?v=nUqBrMLWLzY
[무한의 농장] 마지막 농장!!!,"14,089",2019_08_23,56,7,억새,0,https://www.youtube.com/watch?v=BCFaGJPl-os
무한의농장8화!,361,2019_08_26,0,2,브롤레고,32,https://www.youtube.com/watch?v=D5cQNdoNHtY
"무한의 농장 소개(당근 농장,감자 농장,생선 농장)",198,2019_08_27,0,0,유디유튜브,0,https://www.youtube.com/watch?v=3lxey72lOa4
무한의 농장리뷰!,773,2019_09_11,4,2,Dark펭귄,43,https://www.youtube.com/watch?v=Z8tFL9QX7zU
[엔딩리프] 무한의 농장 모든 농장 생산물 LV.30 되는 장면,"1,335",2019_09_23,9,1,엔딩리프,22,https://www.youtube.com/watch?v=WNpjZ5E1sWE
무한의농장9화다시돌와왔다!간단리뷰플레이영상,950,2019_09_25,5,5,브롤레고,32,https://www.youtube.com/watch?v=WMhpGbfKgYo
무한의 농장,15,2019_10_05,0,2,플레이드,0,https://www.youtube.com/watch?v=4cgMScaAb_E
무한의 농장!!,106,2019_10_08,3,0,로드하람You Tube,23,https://www.youtube.com/watch?v=q6aiKk-47Jk
무한의농장 튜토리얼 편,37,2019_10_13,2,0,레온,6,https://www.youtube.com/watch?v=f1c_fv4Cudk
무한의 농장 #1 (잔인하고 더러움),91,2019_10_15,5,3,세윤이에 게임~,7,https://www.youtube.com/watch?v=uncnf2gP38g
이 캐릭터로 무한의계단을 한다면...?,"182,491",2019_10_16,1700,111,밍모,495000,https://www.youtube.com/watch?v=KR7bTAmJclY
이거는 1000점 그냥 넘겠는데요? :: 무한의 기차,"138,650",2019_10_17,1900,79,밍모,495000,https://www.youtube.com/watch?v=j5gI_TG2P6Y
무한의 농장(2) 최대한 당근들을 수집해보아요~,"2,127",2019_10_17,9,1,이지효,973,https://www.youtube.com/watch?v=H25LQTeAcJE
무한의농장 1-4(마지막),140,2019_10_23,0,0,레온,6,https://www.youtube.com/watch?v=ClLeNjRN0Kc
무한의농장,51,2019_10_23,2,0,탁기완TV,40,https://www.youtube.com/watch?v=h7xInT98V3s
(무한의 농장) 농장물 도감 (거의 조금),314,2019_10_23,6,1,han상어 YouTube,140,https://www.youtube.com/watch?v=GD-2uLXy87U
용의 탑 바로 클리어해버리기 :: 무한의계단,"122,396",2019_10_24,1200,63,밍모,495000,https://www.youtube.com/watch?v=uOKan5Y006c
무한의농장 1편,9,2019_10_25,0,0,티라죽음,23,https://www.youtube.com/watch?v=WgCUrLUit-k
무한의 기차 스킨 :: 비즈니스맨~!,"89,145",2019_10_25,977,46,밍모,495000,https://www.youtube.com/watch?v=chJemY9UKGU
무한의농장 2편,8,2019_10_25,0,0,티라죽음,23,https://www.youtube.com/watch?v=WEJiJxKBShA
무한의 농장 해보겠습니다.,27,2019_10_26,1,0,얌성tv,6,https://www.youtube.com/watch?v=UmNjpeqAEO4
무한의 농장게임,10,2019_10_27,2,0,이린,25,https://www.youtube.com/watch?v=AJIEMeyefpQ
무한의농장 3화!!!!@,73,2019_10_28,6,0,초보유튜버Mr Tiger,42,https://www.youtube.com/watch?v=BQZ7msg8dBI
무한의시리즈3탄!!!무한의농장!!!쌍둥이당근까지가즈아!!,22,2019_10_31,2,0,남무지개 게임세상,8,https://www.youtube.com/watch?v=QmoLhryjl_0
짜릿한 전기계단 오르는 게임 :: 무한의계단,"113,655",2019_11_01,1100,75,밍모,495000,https://www.youtube.com/watch?v=Nt9_TVo453A
안녕하세용 핫빵입니당 오늘은 무한의 농장을 하는법 많이 봐주세용,47,2019_11_01,0,0,지빈!,12,https://www.youtube.com/watch?v=bJNk4cKBl5U
무한의농장 보기와는 다르게 힘듬니다,3,2019_11_02,0,0,홍석철,3,https://www.youtube.com/watch?v=a5gFibTKlgs
무한의 농장에서 미쳐버린 당근 키우기 [로따],444,2019_11_03,2,0,로따TV,51,https://www.youtube.com/watch?v=tz3Ia-40_N8
무한의계단에서 쫓겨나 농부가 되어버렸다... :: 무한의 농장 1편,"98,744",2019_11_03,1000,37,밍모,495000,https://www.youtube.com/watch?v=t20gjOA2MEQ
새로운 게임! 무한의 농장 해보다!근데 노기다 게임?,5,2019_11_04,2,0,웃음바다,12,https://www.youtube.com/watch?v=vLSLRskknWY
실수로 게임을 삭제했는데... 저장이... :: 무한의계단,"189,129",2019_11_04,2000,110,밍모,495000,https://www.youtube.com/watch?v=d2kVY60D3lw
무한의농장을했다,36,2019_11_05,0,1,연두[YOUTUBE],16,https://www.youtube.com/watch?v=8yZs9xa5UuI
귀여운 당근을 캐는 게임 - 무한의 농장,20,2019_11_05,0,0,흐무,742,https://www.youtube.com/watch?v=omyl9iTd3v4
무한의 농장 1편,11,2019_11_05,0,0,화이팅!태권소년,1,https://www.youtube.com/watch?v=b5T8q_nb6JM
#좀비고 무한의 농장 노가다 하는 동안 올린 영상,8,2019_11_06,1,0,꿀덱,5,https://www.youtube.com/watch?v=vYeVsu9IghA
#무한시리즈#무한의농장 꿀덱 목소리 공개?,14,2019_11_06,1,0,꿀덱,5,https://www.youtube.com/watch?v=IdZgCXIX2mU
소은무한의 농장,6,2019_11_07,0,0,시은과소은의 게임나라,2,https://www.youtube.com/watch?v=WeOHK7-8EA0
닭강정 무한의농장 당근 13단계 돌파★,25,2019_11_07,5,0,-닭강정&쵸리 공동계,5,https://www.youtube.com/watch?v=kTxE9jtFFCk
무한의농장 게임,65,2019_11_07,4,3,딕보TV,14,https://www.youtube.com/watch?v=1FQ0RVS_N3c
다시돌아왔다!무한의농장(뚱이TV)무한의농장2편,8,2019_11_08,1,0,뚱이,6,https://www.youtube.com/watch?v=PSmJhAw1rJs
무한의 계단에서 만든 겜! 무한의 농장!,2,2019_11_08,0,0,세시띠뚜,18,https://www.youtube.com/watch?v=7IhgyfgiRVA
무한의농장2탄 가자,45,2019_11_08,0,0,탁기완TV,40,https://www.youtube.com/watch?v=bk7ceYUAW6M
콜오브 듀티 무한의 농장 버그판 링크 설명란,"3,804",2019_11_08,18,8,둠너필,26,https://www.youtube.com/watch?v=rF-DPdCpSIQ
무한의 농장,15,2019_11_08,1,0,카오스,5,https://www.youtube.com/watch?v=vtAcuvaB5JI
무한의농장 1편,23,2019_11_08,4,0,QR.아람 Q,27,https://www.youtube.com/watch?v=LrKol6KNlfs
무한의농장!감자아저씨큭ㅋ(뚱이TV),9,2019_11_08,0,0,뚱이,6,https://www.youtube.com/watch?v=kS7d9P2gHq0
겜알못에게임,5,2019_11_08,1,0,양호두,1,https://www.youtube.com/watch?v=6vzLZRGtgk4
평화로운 무한의 농장...은 무슨... :: 무한의 농장 2편,"106,956",2019_11_08,1100,68,밍모,495000,https://www.youtube.com/watch?v=l0f4myURGYA
오늘도우라라+무한의농장,103,2019_11_08,5,2,딕보TV,14,https://www.youtube.com/watch?v=P9JtJ_GYit8
무한에농장(로블록스&무한의계단) 뚱이TV,6,2019_11_09,1,0,뚱이,6,https://www.youtube.com/watch?v=WzkTnq_tjAE
무한의 농장,5,2019_11_09,3,0,강동훈,4,https://www.youtube.com/watch?v=smkS1rSxB50
무한의 농장,9,2019_11_09,0,0,123우 1,6,https://www.youtube.com/watch?v=uHvPwpLDM5g
무한의 농장1화,19,2019_11_09,1,0,쭈노TV y,17,https://www.youtube.com/watch?v=IxxWBNf1NEM
무한의 농장,4,2019_11_09,0,0,123우 1,6,https://www.youtube.com/watch?v=hqShTJucRC4
[무한의 농장] 감자농장 열었는데 왜 못 가!,26,2019_11_09,1,0,숑띠TV,36,https://www.youtube.com/watch?v=zBZ-ZYUKKA4
나랑 당근키울래? 감자키울래? 생선은 어때? 무한의농장 리뷰[말썽이와아이들TV][모바일Mobile],81,2019_11_09,5,0,말썽이와아이들TV 게임채널[jaruTV],968,https://www.youtube.com/watch?v=gfg-nGcoLrk
토끼가 당근 케서 돈버는 겜🐰🐰🔽🔽(무한의농장),29,2019_11_09,4,0,닉네임,13,https://www.youtube.com/watch?v=0RKSkJYP6_A
무한의농장1,11,2019_11_09,1,0,tv구구구,8,https://www.youtube.com/watch?v=jW9ZEbSNVu4
농장물이 살라난다 (고고보이 무한의 농장),5,2019_11_09,2,0,고고보이gogoboy,24,https://www.youtube.com/watch?v=i54I_3hqNLs
#무한의 농장2화,17,2019_11_09,3,0,쭈노TV y,17,https://www.youtube.com/watch?v=a02egBbsCkk
무한의농장,24,2019_11_10,2,0,백호민혁,7,https://www.youtube.com/watch?v=EEc0alcRUrE
노가다 망겜 (무한의 농장),23,2019_11_10,2,0,닉네임,13,https://www.youtube.com/watch?v=jMaj83mAOik
이 감자들의 정체는 뭘까? 😕😕💡💡(무한의 농장),14,2019_11_10,5,0,닉네임,13,https://www.youtube.com/watch?v=PixYvrTQbfQ
무한의농장을 해보았다,85,2019_11_10,5,0,게임하는희찬,7,https://www.youtube.com/watch?v=AwiPZ6cyLIU
무한의 농장 리뷰 [모바일 게임 리뷰],12,2019_11_10,0,0,긁,1,https://www.youtube.com/watch?v=PEO5Hwu12SM
무한의 농장,145,2019_11_10,2,1,FIRE STONE,52,https://www.youtube.com/watch?v=vKpuJawcMLw
무한의농장,16,2019_11_11,2,0,태유니TV choi,6,https://www.youtube.com/watch?v=0YWxxmVrJq4
충격 물고기가 돌연변이가 돼었다 (무한의농장),23,2019_11_11,6,0,닉네임,13,https://www.youtube.com/watch?v=4F-0KyS8UPw
오늘은 무한의농장 플레이!,43,2019_11_11,1,0,킥콘,48,https://www.youtube.com/watch?v=zqOU4QgHmb0
무한의 농장 많이했어요,9,2019_11_11,0,0,사과신사,3,https://www.youtube.com/watch?v=bBhNLOPrqV8
무한시리즈:무한의농장.#1.감자농장,140,2019_11_11,3,0,브롤초등학교,32,https://www.youtube.com/watch?v=vBSAG4317c0
무한의 농장14단계,0,2019_11_12,0,0,다벌,20,https://www.youtube.com/watch?v=Xa-HLH6TJUI
무한의 농장 감자 신 탄생하는 순간,"1,545",2019_11_12,7,0,절단내기,76,https://www.youtube.com/watch?v=CQhvr7I9mOA
"무한의 계단,다음은 농장!! 이젠 당근 키운다!-성게유튜브",28,2019_11_12,2,0,성게유튜브,17,https://www.youtube.com/watch?v=Am-XwXBCOis
무한의농장을재가좀있으면마지막까지갑니다,4,2019_11_12,0,0,라상호,0,https://www.youtube.com/watch?v=x6N05PgQfG8
좀비농장 오픈식🎃🌚👻🌀(무한의농장),43,2019_11_12,5,0,닉네임,13,https://www.youtube.com/watch?v=djHEkgARv7M
무한의 농장10단계,0,2019_11_12,0,0,다벌,20,https://www.youtube.com/watch?v=N6ItalBqIhs
무한의 농장을 했는데 별로 못 찍었다,6,2019_11_12,1,0,게임충,0,https://www.youtube.com/watch?v=thn_010HW1o
4000계단 가능한부분?! :: 무한의 계단,"166,399",2019_11_12,2000,106,밍모,495000,https://www.youtube.com/watch?v=4ntPHGI6Xu4
종이컵맨의 무한의 농장2,24,2019_11_12,3,0,종이컵맨,10,https://www.youtube.com/watch?v=HdMmYzr2O_M
종이컵맨의 무한의 농장,24,2019_11_12,4,0,종이컵맨,10,https://www.youtube.com/watch?v=D3vkDePGQq4
무한의농장 10화,703,2019_11_12,8,6,브롤레고,32,https://www.youtube.com/watch?v=UsgpZtnkiL0
좀 많이할 게임 뽑았습니다 무한의 농장(예고편),10,2019_11_12,1,0,준선tv2,9,https://www.youtube.com/watch?v=i3qzfPeTYls
무한의 농장 감자편 8단계,1,2019_11_13,0,0,다벌,20,https://www.youtube.com/watch?v=YfMNQ-9R2d4
무한의 당근 ?무한의 농장?,3,2019_11_13,0,0,은경서,1,https://www.youtube.com/watch?v=i2zp13pauBE
숨겨진 물고기농장의 비밀 :: 무한의 농장 3편,"92,656",2019_11_13,1500,64,밍모,495000,https://www.youtube.com/watch?v=GcV3n8hfclA
무한의 농장 10레벨 당근까지 만들기!,14,2019_11_14,0,0,멀티펀,131,https://www.youtube.com/watch?v=UzGWyCCowqM
이런 게임 처음보죠?ㅎㅎ이 게임 이름은 무한의 농장 이에요!☆,18,2019_11_15,2,0,훠뚜,6,https://www.youtube.com/watch?v=PpVzOYTdyfM
(무한의 농장!),36,2019_11_15,2,0,주냥이,6,https://www.youtube.com/watch?v=5UPc1yI3WgM
무한의 농장 2탄#^^,6,2019_11_15,1,0,박준희TV,5,https://www.youtube.com/watch?v=VcJnFmuz5mA
무한의농장 생선 농장!,5,2019_11_15,0,0,세시띠뚜,18,https://www.youtube.com/watch?v=VMaDnp2nfQk
무한의 농장,1,2019_11_15,0,0,권지영,0,https://www.youtube.com/watch?v=SvWEMo1aWxg
종이컵맨의 무한의 농장3,26,2019_11_15,1,0,종이컵맨,10,https://www.youtube.com/watch?v=z7i04VL5qco
케르가 무한의 농장을한다! ( 저 무한의 농장 고수에요~^-^😁),303,2019_11_15,3,2,김케르,8,https://www.youtube.com/watch?v=py7_-r6XYDM
무한의 농장 (말그대로 무한 농사~),52,2019_11_15,3,0,J.h.j게임 비디오,15,https://www.youtube.com/watch?v=Xw8cSARrcpw
무한의농장!,4,2019_11_15,1,0,tv고망,0,https://www.youtube.com/watch?v=2KPWZS6GoUA
무한의 농장을 해보았다,13,2019_11_15,1,0,tv파이어,8,https://www.youtube.com/watch?v=JbweSIbrsZM
무한시리즈와 색다른 무한의 농장? 을 해보았습니다,5,2019_11_16,1,0,독거리,6,https://www.youtube.com/watch?v=nWCHGNBSWj4
무한의 농장1,2,2019_11_16,1,0,심현성심현성,5,https://www.youtube.com/watch?v=FWZjihH-wiI
이상한 농장??-무한의 농장-,18,2019_11_16,0,0,원키,16,https://www.youtube.com/watch?v=OoLdTZA7D44
무한의 농장 소개,5,2019_11_16,0,0,two현준,3,https://www.youtube.com/watch?v=kCwA_pwPJss
오늘은 새로운 게임얼 해보더럭 하겠습네다~~~!!!!,1,2019_11_16,0,0,박상민,0,https://www.youtube.com/watch?v=npuACorkhrM
"당근의 신을 영접했습니다. ""당.신"" :: 무한의농장 4편","164,654",2019_11_16,1500,107,밍모,495000,https://www.youtube.com/watch?v=ImOmxS8ESUA
무한의 농장 - 2019-11-16,1,2019_11_16,0,0,김금자김금자,0,https://www.youtube.com/watch?v=Zf3z0NbKhz8
나의 농장을 키워보자(무한의 농장)단편-2 쇼브 TV,18,2019_11_16,0,0,쇼브,115,https://www.youtube.com/watch?v=XpG_glQUPGk
종이컵맨의 무한의농장4,17,2019_11_16,2,0,종이컵맨,10,https://www.youtube.com/watch?v=8fBVJ1WmG4A
나의 농장을 키워보자(무한의 농장)단편-1 쇼브TV,4,2019_11_16,0,0,쇼브,115,https://www.youtube.com/watch?v=jYMDzCbjwkU
토끼당근과 모범생당근의 탄생!(무한의농장),1,2019_11_16,0,0,tv고망,0,https://www.youtube.com/watch?v=1ZbMFLDkOGE
로봇당근의 탄생!(무한의농장),2,2019_11_16,0,0,tv고망,0,https://www.youtube.com/watch?v=ckk9TC7DN7E
무한의 농장,2,2019_11_16,0,0,정정수호,0,https://www.youtube.com/watch?v=I1p-O96iY3A
로봇농장을 오픈해보았다 로봇들의 상태가?.. (무한의농장),198,2019_11_16,9,0,닉네임,13,https://www.youtube.com/watch?v=9Fi50CKc4qI
무한의 농장,21,2019_11_17,1,0,이라현,2,https://www.youtube.com/watch?v=eQ4YDrmX0y4
무한의 농장 올려봅니다,82,2019_11_17,5,0,다온tv,56,https://www.youtube.com/watch?v=5CZzaXiBeAU
무한의농장,13,2019_11_17,0,0,카이저용tv,16,https://www.youtube.com/watch?v=tyHpN6uzEXQ
무한의 농장 당.신+당.신 당연히,249,2019_11_17,4,0,블루히어로,58,https://www.youtube.com/watch?v=dS6LRzh13uY
생선을 농장에서? 무한의 농장!!,44,2019_11_17,2,0,J.h.j게임 비디오,15,https://www.youtube.com/watch?v=xSZw6aHD6AI
공이)) 무한의 농장 #1 당근 키우기,57,2019_11_17,8,1,"공농TV, 아빠랑 놀자",32,https://www.youtube.com/watch?v=sKhE0ZnjT7M
무한의 농장 13단계 - 감자편,4,2019_11_17,0,0,다벌,20,https://www.youtube.com/watch?v=Gthc6q3Y7ns
무한의 농장 [제1탄],18,2019_11_17,4,0,아이쿠왕자신짱구,32,https://www.youtube.com/watch?v=dcOyCTQg_rw
무한의 농장 5탄#^^,2,2019_11_18,1,0,박준희TV,5,https://www.youtube.com/watch?v=Y8CeSEmQ7io
오늘도 즐거운 무한의 농장 너무 너무 지루해서 빨리 끝내야지,6,2019_11_18,0,0,손바닥,1,https://www.youtube.com/watch?v=5zFXjjpndvM
노동질(?) 무한의 농장!,3,2019_11_18,1,0,큐비크CUBICK,7,https://www.youtube.com/watch?v=CQdRn5mWmhw
무한의농장 입니다 안녕하세요 여러분 오늘 하루도 즐겁게 보내세요,3,2019_11_18,0,0,흔소,11,https://www.youtube.com/watch?v=ZcWW7VnOb5Q
무한의 농장 물고기 신 탄생,"5,075",2019_11_18,30,2,절단내기,76,https://www.youtube.com/watch?v=Yh_XICeoTgE
무한의 농장1,4,2019_11_19,0,0,배지후,4,https://www.youtube.com/watch?v=oV8Ec8n9Ooc
레벨업 레벨업! 레벨업!!(무한의 농장),6,2019_11_19,0,0,행겜tv,69,https://www.youtube.com/watch?v=pCKcPloUON8
무한의 농장! 요상한 당근과 감자가 자란다!?,35,2019_11_19,0,0,youtube 재윤tv,72,https://www.youtube.com/watch?v=hr6Erp6rBPs
무한의계단후속작!?무한의농장!,3,2019_11_19,0,0,영걸링크,2,https://www.youtube.com/watch?v=PXYmRVmGsSI
무한의 농장 #1 아니!! 저게 무슨..... 저런 당근 먹기 싫다...,11,2019_11_19,2,0,-쟁반이,22,https://www.youtube.com/watch?v=YY1x4rqSows
(무한의농장)하기,8,2019_11_20,1,0,머수타드TV,1,https://www.youtube.com/watch?v=ml_hCHqGNHM
좀비의 농장에 오신걸 환영합니다 :: 무한의농장 5편,"133,966",2019_11_20,1300,70,밍모,495000,https://www.youtube.com/watch?v=sRbWvOmYzG4
병맛 농장 키우기![무한의 농장],22,2019_11_20,0,0,병맛아이들,26,https://www.youtube.com/watch?v=TbPiIWTo-4E
무한의농장2-2화,1,2019_11_20,0,0,영걸링크,2,https://www.youtube.com/watch?v=2akxV9EfxVI
무한의 농장 [제2탄: 큰이모가 온데요. 근데 짱구는 태권도장을 가야해요.],29,2019_11_20,2,0,아이쿠왕자신짱구,32,https://www.youtube.com/watch?v=JsUhU3lOBc8
무한의농장2,1,2019_11_20,0,0,배지후,4,https://www.youtube.com/watch?v=cacJrqBcXNo
무한의 농장 제거 김다호,10,2019_11_21,1,0,김다호,9,https://www.youtube.com/watch?v=oIIE6_uERbY
노가다게임 무한의농장!!!,10,2019_11_21,1,0,백설기snowwhiteTV,1,https://www.youtube.com/watch?v=xwbKF8AGSQ8
모범생당근?무한의농장2화,1,2019_11_21,0,0,영걸링크,2,https://www.youtube.com/watch?v=3PTyvVu2Hwk
무한의 농장-당근을 키워보자!! [디젤 TV],8,2019_11_21,2,0,디젤 TV,19,https://www.youtube.com/watch?v=OkylU0LypE0
무한의농장+썰풀기,11,2019_11_22,0,0,정우55유튜브,8,https://www.youtube.com/watch?v=ySVrDlPOdqg
빼임:무한의농장 (그냥혼합물게임ㅋㅋ),29,2019_11_22,5,0,빼독TV,22,https://www.youtube.com/watch?v=r1UzPzDrwkU
무한의농농장,15,2019_11_22,0,0,TV건난,11,https://www.youtube.com/watch?v=FpUU2Yjns14
무한의농장~강아지가좀비를먹는다고?!@#😯제작진!헐~@#,3,2019_11_22,0,0,뚱이,6,https://www.youtube.com/watch?v=HvgqOAfr_GI
무한의농장생선농장15달성,375,2019_11_22,3,2,카이저용tv,16,https://www.youtube.com/watch?v=6dRptSFIctI
새로운 계단이 등장했다 ?! :: 무한의계단,"225,459",2019_11_22,2100,125,밍모,495000,https://www.youtube.com/watch?v=kC_UrU814zM
무한의농장 첫 방송!,1,2019_11_22,0,0,박은영,0,https://www.youtube.com/watch?v=HJCnKQRiN0k
"게임리뷰(무한의 계단,농장,브롤스타즈)",21,2019_11_22,1,0,에릭TV,7,https://www.youtube.com/watch?v=Itd9Lvcb6T4
[ 무한의 농장 ] 농사짓는 해킹씨,9,2019_11_22,1,0,솔져님,73,https://www.youtube.com/watch?v=RYZTSRij8j0
무한의 농장 좀비 신 탄생,"2,500",2019_11_22,9,3,절단내기,76,https://www.youtube.com/watch?v=awgZQkVwTgo
역대급 시간 순삭게임의 등장 [무한의농장],413,2019_11_22,11,2,지료TV,6580,https://www.youtube.com/watch?v=ptF1ImRD-jM
무한의농장2편 (안보고 오신분 들은. 1편 먼저 보고오세요),10,2019_11_23,0,0,파랑이TV,4,https://www.youtube.com/watch?v=BndFWoWCuYM
무한의농장1편(뒤에끈켰던영상이 2편입니다),3,2019_11_23,0,0,파랑이TV,4,https://www.youtube.com/watch?v=zJRyW0rf504
무한의계단의 뒤를 이을 게임 등장 ?! :: High Risers,"102,583",2019_11_23,1100,55,밍모,495000,https://www.youtube.com/watch?v=QoPTgzF7M2M
무한의 농장 로봇 신 등장,"3,495",2019_11_23,21,5,절단내기,76,https://www.youtube.com/watch?v=K_UR1qgmZnM
무한의농장1화(채소가눈가입이달려있다!!!),4,2019_11_23,0,0,지돌TV,14,https://www.youtube.com/watch?v=BEKAXQ4yBp0
무한의 농장 11래벨 당근 만들기,18,2019_11_23,2,0,도발유튜브,16,https://www.youtube.com/watch?v=pAzOJ-x2i_8
무한의농장좀비농장으로고고,18,2019_11_23,0,0,카이저용tv,16,https://www.youtube.com/watch?v=azn7FOG-Dx0
무한의 농장,5,2019_11_23,0,0,정준명,6,https://www.youtube.com/watch?v=B-sCWp7bKuA
무한의농장,8,2019_11_23,0,0,아나유찬tv,9,https://www.youtube.com/watch?v=FFIU51-1TOM
무한의 농장,24,2019_11_23,4,0,하르콘TV,10,https://www.youtube.com/watch?v=QDn39T7_BeU
무한의 농장 영상 첫번째!!,34,2019_11_23,0,0,즈지도TV,8,https://www.youtube.com/watch?v=HMT0ZVT3bPg
이번에는 감자를 키웁니다 ㅋㅋ [무한의농장],170,2019_11_23,5,0,지료TV,6580,https://www.youtube.com/watch?v=YGLjfnFiPUc
무한의감자농장병맛게입,11,2019_11_23,0,0,TV건난,11,https://www.youtube.com/watch?v=_a-9uF1xwOY
무한의농장,10,2019_11_23,0,0,앙유모찌,12,https://www.youtube.com/watch?v=pjOdWC-ZTrM
무한의 농장 2편입니다. 이번에는 좀키우고 다음에는 당근신(마지막 당근) 가겠습니다,56,2019_11_23,2,0,게임하는희찬,7,https://www.youtube.com/watch?v=iSvFkey7wd8
Omlet Argade에서 제 방송을 확인해 주세요!무한의 농장,1,2019_11_23,0,0,쭈은쭈니,3,https://www.youtube.com/watch?v=k9Mwm32V4BU
무한의농장,12,2019_11_24,0,0,TV할릿,13,https://www.youtube.com/watch?v=EtHn8e3vKKY
무한의 농장-3탄,5,2019_11_24,0,0,티비재용따따,5,https://www.youtube.com/watch?v=UeF3SiDJCC8
무한의 농장 1탄,15,2019_11_24,1,0,티비재용따따,5,https://www.youtube.com/watch?v=MuWXrOy9eJE
얼음밭(무한의 농장),12,2019_11_24,0,0,윤지《 구독자 1000 목표 》,2,https://www.youtube.com/watch?v=2Aat3UgOkio
무한의농장 (2편),4,2019_11_24,0,0,브록이tv,4,https://www.youtube.com/watch?v=UQyjKRcE4c8
본격 스킵많이하는 방송 - 무한의농장,19,2019_11_25,0,0,임재준TV,43,https://www.youtube.com/watch?v=AlpfhbDrHAM
당근농장을 키워보자! - 무한의농장,22,2019_11_25,0,0,후리덤TV,0,https://www.youtube.com/watch?v=YjBpX6atQo0
무한의 농장 2편,7,2019_11_25,3,0,tv파이어,8,https://www.youtube.com/watch?v=7tmVcV2iQb4
준서 무한의 농장 도전기!,6,2019_11_25,0,0,준서월드,11,https://www.youtube.com/watch?v=UYeOBwXmvKA
무한의 농장,4,2019_11_25,1,0,지로 유튭,2,https://www.youtube.com/watch?v=6e90PyZ09Ag
무한의 농장 물고기 키우기!!,30,2019_11_26,0,0,즈지도TV,8,https://www.youtube.com/watch?v=nD3RfMxLw4I
내일부터 새로운게임이다!!![무한의농장],4,2019_11_26,1,0,도저YOUTUBE,77,https://www.youtube.com/watch?v=rm02h7HgeuQ
무한의 농장 (감상)(편집O),43,2019_11_26,2,0,2시메이플스토리,13,https://www.youtube.com/watch?v=fs6bTf9BgBs
무한의 농장,2,2019_11_26,0,0,지로 유튭,2,https://www.youtube.com/watch?v=MiZGKzIje7Y
새로운게임 무한의농장을 해보았다!!,3,2019_11_26,1,0,티나은정,1,https://www.youtube.com/watch?v=rUCjLw7Qu8M
무한의농장 최종 컨텐츠... 로봇농장! :: 무한의농장 6편,"143,510",2019_11_27,9100,101,밍모,495000,https://www.youtube.com/watch?v=01LpmpPTVCU
무한의 농장 - 물고기 농장의 시작,15,2019_11_27,1,0,티비재용따따,5,https://www.youtube.com/watch?v=rLNiwgYFfxE
무한의 농장 2편,46,2019_11_27,1,0,2시메이플스토리,13,https://www.youtube.com/watch?v=unWDXIYDt20
무한의농장현재근황[무한의농장],4,2019_11_28,1,0,도저YOUTUBE,77,https://www.youtube.com/watch?v=h9oNIVK1h0c
안녕하세요 저는비버입니다 (무한의농장),20,2019_11_28,3,0,터변미스,3,https://www.youtube.com/watch?v=QNs3DUH97bI
무한의 농장VS브롤,35,2019_11_28,1,2,강행수,3,https://www.youtube.com/watch?v=ODbaz7IR66s
무한의 농장2번째,22,2019_11_28,1,0,멋정,8,https://www.youtube.com/watch?v=GTNhDPFQSB0
무한의농장소개2편,6,2019_11_29,0,0,원더TV,2,https://www.youtube.com/watch?v=lDZCQD_up4I
무한의계단은 해봤는데 무한의농장???,9,2019_11_29,2,0,레드스톤 제작소,34,https://www.youtube.com/watch?v=ruf87OkOizs
농사 시작했습니다 | 무한의농장 *댓글 참고*,17,2019_11_29,4,0,순둘,179,https://www.youtube.com/watch?v=8d3JjNJ8zDM
무한의 농장,8,2019_11_29,0,0,레온TV,13,https://www.youtube.com/watch?v=T-bdYGum5Ps
무한의 농장,34,2019_11_29,4,0,대한민혁,11,https://www.youtube.com/watch?v=SD8RrjAhmFw
무한의 농장,23,2019_11_29,0,0,서준원,1,https://www.youtube.com/watch?v=yrQ3piN-Gy8
무한의 농장,26,2019_11_29,2,0,서준원,1,https://www.youtube.com/watch?v=6pE2pkcrjW0
펑~~!!!풍선당근(컷편집)[무한의농장],5,2019_11_29,1,0,도저YOUTUBE,77,https://www.youtube.com/watch?v=PsS4GgierjY
무한의농장,22,2019_11_29,1,0,몰랑구독좋아요,12,https://www.youtube.com/watch?v=ylpwh_5WF18
무한의농장 그 지루한 노가다..,8,2019_11_29,0,0,newbie TV,8,https://www.youtube.com/watch?v=AjReck3J88Q
무한의 농장키우기 (당근),34,2019_11_29,2,0,다트TV 2008,20,https://www.youtube.com/watch?v=FCduCntHShw
레모나씨. 새농장오픈? 악덕사장 레모나씨는 오늘도 농작물에게 일을 시킵니다,10,2019_11_30,1,0,레모나씨의 평화로운 채널,9,https://www.youtube.com/watch?v=OBIcXYDyDsw
무한의 농장 에서감자 농장 에서 새로운 감자 얻기,1,2019_11_30,0,0,양재희,0,https://www.youtube.com/watch?v=G2qS3DnMBX8
무한의 농장 감자 새로운감자얻기,2,2019_11_30,0,0,양재희,0,https://www.youtube.com/watch?v=2bRO3YMu5XY
무한의 농장!!(#10까지 진화),3,2019_11_30,1,0,크리어,11,https://www.youtube.com/watch?v=s3UqV1XeQAk
무한의 농장? 아 그 노가다겜? [무한의 농장],50,2019_11_30,2,1,게임하는피카츄Gamingpikachu,115,https://www.youtube.com/watch?v=yUt7CDVKCGk
무한의농장,4,2019_11_30,0,0,서종범,5,https://www.youtube.com/watch?v=KdwH-Ss9Sg4
무한의 농장 1화,6,2019_11_30,0,0,노경성,1,https://www.youtube.com/watch?v=2nememTZsXs
무한의 농장MAX,12,2019_11_30,1,0,호준이두마리치킨,15,https://www.youtube.com/watch?v=y7Y_OTCM1AA
"무한의 계단, 무한의 기차, 무한의 농장 시리즈 플레이! 내일은 드빌,좀비고각!",242,2019_11_30,7,0,GJ대잭팟,13799,https://www.youtube.com/watch?v=rJ3pSgLacYA
"무한의 계단, 무한의 기차, 무한의 농장 시리즈 플레이! 내일은 드빌,좀비고각!",173,2019_11_30,0,0,GJ대잭팟,13799,https://www.youtube.com/watch?v=0HTZS1xBNxo
따끈한 호빵(찬희)의 무한의농장!!!!!,1,2019_12_01,0,0,따끈한호빵,3,https://www.youtube.com/watch?v=JcJa7xSeeQw
[무한의농장]실직한 토끼녀의 당근키우기 게임!!!!!,12,2019_12_02,2,0,Game촌,28,https://www.youtube.com/watch?v=NB4kiOp2t94
무한의농장 게임 플레이(설참),17,2019_12_02,0,0,라임포메,14,https://www.youtube.com/watch?v=yN9VnYS6uxQ
무한게임 1화 무한의 농장,4,2019_12_02,2,0,빡빡이 와 꿀잼TV,17,https://www.youtube.com/watch?v=waH4I9dPCOE
찬서의 무한의 농장1,8,2019_12_02,2,0,heyjang79,4,https://www.youtube.com/watch?v=HnQaJJyih1E
[무한의 농장]아.. 귀찮다......구독누루면 열심히 한다~`~,6,2019_12_02,1,0,유튜브세릴,4,https://www.youtube.com/watch?v=ifDyL7aDBzo
(께모브) 무한의 농장 당근키우기!!,11,2019_12_02,2,0,게임오브아재월드 께모브,618,https://www.youtube.com/watch?v=2ByZPtCJefk
어제부올려야되는되오늘올림무한의농장,0,2019_12_03,0,0,게임하는현동,13,https://www.youtube.com/watch?v=Q1GDVs3AxRc
무한의 계단 아니져 무한의 농장 맞습니다.(1화,2,2019_12_03,0,0,원초,3,https://www.youtube.com/watch?v=ZiJrK_TW9ik
"무한의농장,결판내기 실패😅😅😅",4,2019_12_03,0,0,TV차서율,17,https://www.youtube.com/watch?v=LFgafFUchDo
무한의농장,16,2019_12_03,0,0,뽀로로친구에디Pororo Eddy,0,https://www.youtube.com/watch?v=tzZVMPz7ze0
미친 무한의계단 보석 돈 무제한 버그판 댓글 링크 공유,"11,232",2019_12_03,0,0,OxO7,1600,https://www.youtube.com/watch?v=N8HevSezD2M
무한의 농장8단계 - 좀비편,3,2019_12_03,0,0,다벌,20,https://www.youtube.com/watch?v=TQSIVAbanjA
무한의농장 드디어 MAX도달! 구독&좋아요 꾹꾹!,10,2019_12_03,3,0,겜둥이,2,https://www.youtube.com/watch?v=QWekmguI0eM
무한의 농장 2편!!!,5,2019_12_03,1,0,레드스톤 제작소,34,https://www.youtube.com/watch?v=KGk2_GC6K7c
감자의 신을 모셔왔습니다.. 인사하십쇼~~ :: 무한의 농장 7편,"137,182",2019_12_04,12000,91,밍모,495000,https://www.youtube.com/watch?v=Ll5qCO_njeA
찬서 동생 서하의 무한의 농장,1,2019_12_04,0,0,heyjang79,4,https://www.youtube.com/watch?v=79yaoO7Xzcw
[20191204] (1)무한의 농장 (2)월간 아이돌 (3)프로듀스 아이돌 (4)무한의계단,7,2019_12_04,0,0,깡미,3,https://www.youtube.com/watch?v=SuvHRWZhlok
무한의농장게임1탄,5,2019_12_05,0,0,하리보Tv,3,https://www.youtube.com/watch?v=OK6omMYXz7c
생선 농장에서는 어떤 것을 키울까?? [무한의농장],83,2019_12_05,3,0,지료TV,6580,https://www.youtube.com/watch?v=HUl93fyV7Vs
무한의농장2화,7,2019_12_05,3,0,YT파란초보,4,https://www.youtube.com/watch?v=vsOLGOyMQ5E
무한의농장 처음 노가다임,1,2019_12_05,0,0,보람YOU TUBE,4,https://www.youtube.com/watch?v=0brjqfOmXsU
15레벨 당근 달성?!{[무한의 농장#1]},0,2019_12_05,0,0,한지운&우솔tv입니다,14,https://www.youtube.com/watch?v=V_EZoTtfHwk
무한의 농장을 했다! [1편],8,2019_12_05,2,0,은우락쿤브,2,https://www.youtube.com/watch?v=jMMv9-W1ZuI
무한의농장을 해보았습니다,5,2019_12_05,1,0,최박호,3,https://www.youtube.com/watch?v=Jc5wylt-T_4
무한의 농장 로봇키우기!!1탄!,15,2019_12_05,0,0,즈지도TV,8,https://www.youtube.com/watch?v=LjnUr-q-TQc
무한의 농장 당근 마지막 단계 갑시다,4,2019_12_06,1,0,성게유튜브,17,https://www.youtube.com/watch?v=uEXiHbJKSfc
다시돌아온 게임영상 무한의 농장 구독꾹♡⁺◟(●˙▾˙●)◞⁺♡,2,2019_12_06,0,0,우유쵸코,2,https://www.youtube.com/watch?v=wIl0v4J0hE8
무한의 농장 플레이 !!!신기한 농장물,4,2019_12_06,2,0,도라스슈펄킹,3,https://www.youtube.com/watch?v=S68qfMOO1GM
토끼:아 힘들어 (무한의 농장),4,2019_12_06,0,0,고양이 TV,11,https://www.youtube.com/watch?v=74IfOgEqHY8
무한의농장,0,2019_12_06,0,0,성현무한의 성현,2,https://www.youtube.com/watch?v=7JDB1i3UPFQ
무한의 농장!(2편도 나와요😱,7,2019_12_06,0,0,유나서연,9,https://www.youtube.com/watch?v=IY4vSzwfS3I
무한의 농장!!!!!!!!,1,2019_12_06,0,0,TV김택경,1,https://www.youtube.com/watch?v=5S8eGAx-yT8
무한의계단 이어서 무한의농장 갑니다!,8,2019_12_06,1,0,유튜브그잠,7,https://www.youtube.com/watch?v=Q--2r1clsSA
무한의 농장 2편입니다,1,2019_12_06,0,0,다람TV,1,https://www.youtube.com/watch?v=VRa7WvNGNc0
무한의농장 2편,4,2019_12_06,1,0,봄꽃YOUTUBE,17,https://www.youtube.com/watch?v=TsQL0VYUN20
무한의 농장 당근 마지막 단계 갑시다,31,2019_12_06,0,0,성게유튜브,17,https://www.youtube.com/watch?v=R5QH3WTE3cE
무한의 농장 해보기!!! 노가다 게임인것 같기도 하고...??,8,2019_12_07,3,0,캠tv,86,https://www.youtube.com/watch?v=mF_LuRIe7AI
무한의농장,1,2019_12_07,0,0,징징미니,3,https://www.youtube.com/watch?v=l2a2U-vrQqI
무한의 농장 해 봤는데 개꿀잼!! 이 게임 깔아 보세요,24,2019_12_07,5,1,딩융TV즐겜,33,https://www.youtube.com/watch?v=YT2vX1_pDXg
오늘은 무한의 농장 아니다!,5,2019_12_07,1,0,티비재용따따,5,https://www.youtube.com/watch?v=dbpLYx11Jd8
무한의 농장!!!,7,2019_12_07,2,0,:구독의 게임방,12,https://www.youtube.com/watch?v=pbW71QWVokA
무한의농장#1,16,2019_12_07,2,0,tv신비아파트,1,https://www.youtube.com/watch?v=su9r6WdDFA4
무한의 농장게임 플레이(무편집영상),4,2019_12_08,0,0,평화로운밤이일기,20,https://www.youtube.com/watch?v=R7odVRKRXDY
무한의 농장 설인당근에서 선물상자 당근으로 가즈아!!!,1,2019_12_08,0,0,박아재박사 TV,6,https://www.youtube.com/watch?v=MtME7jaNt2o
버그판 링크))콜오브듀티 배틀그라운드 무한의농장 냥코대전쟁(설참),134,2019_12_08,1,0,Sang hun,0,https://www.youtube.com/watch?v=x2HNIoIl2L4
무한의농장,17,2019_12_08,2,0,모찌,2,https://www.youtube.com/watch?v=i43Hch1K-vU
무한의농장 ๑◣﹏◢๑,9,2019_12_08,2,0,펭구 유튭 시즌3,6,https://www.youtube.com/watch?v=E1IXd5i7Wic
당근 농장[무한의 농장],3,2019_12_09,1,0,냥코마크,3,https://www.youtube.com/watch?v=u86grgfCKsU
(ok돼지은행) 무한의농장 게임 (당근농장),2,2019_12_09,0,0,ok돼지은행,4,https://www.youtube.com/watch?v=9-lRyYVJBpU
[엔딩리프] 무한의 농장을 2019년 10월까지 한 것입니다.,46,2019_12_09,1,0,엔딩리프,22,https://www.youtube.com/watch?v=ZjOLm02sIfY
(ok돼지은행) 무한의농장 게임 좀비농장,6,2019_12_09,1,0,ok돼지은행,4,https://www.youtube.com/watch?v=1tUL8AMbTew
무한의 농장 영상 날렸습니다.....,4,2019_12_10,0,0,즈지도TV,8,https://www.youtube.com/watch?v=ntYRkavQVO0
무한의농장,4,2019_12_10,1,0,구도운,5,https://www.youtube.com/watch?v=Ex3bxXDxpks
무한의농장 당근농장 25렙으로 올리기! 1화 [싱싱이][무한의농장][모비즌][키네마스터],4,2019_12_10,1,0,싱싱이,67,https://www.youtube.com/watch?v=F5qxW5DTPe4
무한의 농장(감자),1,2019_12_10,0,0,다트TV 2008,20,https://www.youtube.com/watch?v=wT0EbkjKU80
이것이 농부의 삶인가.. [무한의 농장],2,2019_12_10,0,0,ᄒᄏᄒᄏᄒᄏ,0,https://www.youtube.com/watch?v=1xntYoInQEY
따끈한 호빵(찬희)의 무한의 농장 2탄!!!!!,0,2019_12_10,0,0,따끈한호빵,3,https://www.youtube.com/watch?v=eTxJfDdlVlI
(무한의농장),2,2019_12_11,0,0,쭈니TV,0,https://www.youtube.com/watch?v=MYuS7s34s6Q
처음 부분이 잘려진 무한에 농장,0,2019_12_11,0,0,승준T V,6,https://www.youtube.com/watch?v=C62ttUu78CM
무한의농장게임 하기,3,2019_12_11,0,0,금순이TV,1,https://www.youtube.com/watch?v=TvQcm1aFJQU
무한의 농장 영상인데요 준비를....,10,2019_12_12,0,0,즈지도TV,8,https://www.youtube.com/watch?v=DQTCRth9IP8
모바일게임/무한의농장/준성유튜브,8,2019_12_12,2,0,유튜브You_Tube 준성,11,https://www.youtube.com/watch?v=GrMbyRFB7KQ
