﻿title,count,date,good_count,bad_count,youtuber,subscriber,url
궁수의전설 챕터4,73,2019_05_24,0,0,청월검TV,133,https://www.youtube.com/watch?v=2rFZBS45rNQ
궁수의전설 archero 챕터4-19 어떻게 피하냐 이걸,"3,079",2019_05_24,1,6,청월검TV,133,https://www.youtube.com/watch?v=ejTu6F2ubX8
궁수의전설 챕터4-23,40,2019_05_24,0,0,청월검TV,133,https://www.youtube.com/watch?v=xC051T77qR4
궁수의 전설 챕터6 플레이영상,"4,990",2019_05_24,8,2,킹샷,20,https://www.youtube.com/watch?v=jbDdTL59-Cs
*궁수의 전설* 의지의 히어로보다 재밌는 게임이 등장했습니다!,"38,258",2019_05_24,546,35,뽁구BBokTV,397000,https://www.youtube.com/watch?v=QFjTnyM5y8E
궁수의전설 챕터4-43 피할수 있는구멍이 있어야 피하지,477,2019_05_24,0,0,청월검TV,133,https://www.youtube.com/watch?v=AN1P9qlRadc
"[ 궁수의전설 #5 ] 대초원맵 1~50 한번에 클리어, 역시 대세는 리코세+멀티샷","1,127",2019_05_24,2,0,연백TV,1580,https://www.youtube.com/watch?v=9gE6OEppiZ0
궁수의 전설 챕터5 플레이,"4,760",2019_05_24,2,5,킹샷,20,https://www.youtube.com/watch?v=yZa4E3U5fpY
[궁수의전설]첫번째 흑요석상자에서 과연 무엇이...? 챕터2 폭풍의 사막 깼다!!,"1,921",2019_05_24,9,0,강캡TV,19900,https://www.youtube.com/watch?v=HpgXJW3bWAw
궁수의전설 챕터5-5,249,2019_05_25,1,0,청월검TV,133,https://www.youtube.com/watch?v=ykxs0Lsu0ZU
[ 궁수의전설 #6 ] 운빨 망하면 스킬이 구려서 이렇게 망함,116,2019_05_25,2,0,연백TV,1580,https://www.youtube.com/watch?v=TFTTUZc-Oa8
궁수의전설 챕터2 보스 잡고 챕터3 갔더니. 난이도 뭐야? [키헬],"1,878",2019_05_25,2,2,키헬컴퓨터,0,https://www.youtube.com/watch?v=V7zZPrk4j4c
궁수의전설 챕터5-3,115,2019_05_25,0,0,청월검TV,133,https://www.youtube.com/watch?v=Gx2Ca-kK2So
궁수의전설 챕터5-2,35,2019_05_25,0,0,청월검TV,133,https://www.youtube.com/watch?v=bR2pHrZXPjw
궁수의 전설 챕텨 5 잊혀진 성 보스 [3],95,2019_05_25,0,0,궁수의 전설,7,https://www.youtube.com/watch?v=RC6Z_NHqNTc
궁수의전설 4챕터 클리어,"2,680",2019_05_25,0,1,청월검TV,133,https://www.youtube.com/watch?v=jZuMZ-ARnCc
궁수의전설 리뷰,196,2019_05_25,0,1,청월검TV,133,https://www.youtube.com/watch?v=s5aUjo-4ACc
궁수의전설 챕터5 혼령 두발,"2,055",2019_05_25,2,0,청월검TV,133,https://www.youtube.com/watch?v=b4uUsCtAWFY
궁수의전설 혼령 사선화살,204,2019_05_25,0,0,청월검TV,133,https://www.youtube.com/watch?v=97cvD4z-Usg
궁수의전설 5-10 팔로워실드가드,646,2019_05_25,2,0,청월검TV,133,https://www.youtube.com/watch?v=erpTR8d_tH8
궁수의전설 재능 / 하나빼고 다 뚫었어요 / 12초 짧은 영상,829,2019_05_25,5,2,연백TV,1580,https://www.youtube.com/watch?v=o3ev5yMuP7k
궁수의전설 챕터5보스드래곤,458,2019_05_25,0,0,청월검TV,133,https://www.youtube.com/watch?v=uQJ-CuO9ac0
궁수의전설 5챕터혼령부스트,46,2019_05_25,0,0,청월검TV,133,https://www.youtube.com/watch?v=XxPUBnv_QmE
궁수의전설 신성한빛,114,2019_05_25,0,0,청월검TV,133,https://www.youtube.com/watch?v=pg_UVIDUII8
[ 궁수의전설 #7 ] 신록초원 빠르게 이지하게 50판 통과 / 역시 극딜스킬조합이 가장 좋음 / 장비노가다도 필요함,301,2019_05_26,2,0,연백TV,1580,https://www.youtube.com/watch?v=GC8OuUiP3b4
궁수의 전설 챕터7 플레이,"7,889",2019_05_26,8,12,킹샷,20,https://www.youtube.com/watch?v=luAqWuM-xE8
엘프 뽑아서 1스테이지 깼씁니다! | 궁수의 전설,"35,425",2019_05_26,384,24,뽁구BBokTV,397000,https://www.youtube.com/watch?v=Uj4ykP5AHzI
궁수의전설 챕터5-23 쉽게 갔는데 전화와서 더 못했습니다 ㅠㅠ,89,2019_05_26,0,0,청월검TV,133,https://www.youtube.com/watch?v=ffyuxJQD9XI
궁수의전설 챕터5-13 회피마스터 이외로 좋네,435,2019_05_26,1,0,청월검TV,133,https://www.youtube.com/watch?v=61H_dmLhh-0
궁수의 전설 꿀팁! 공속 부스트 먹지 않아도 공속 빨라지는법 (평캔),"11,811",2019_05_26,8,14,궁수의 전설,7,https://www.youtube.com/watch?v=EUthdhGlgLA
궁수의전설 archero 챕터5-12에픽 데스사이드,"28,791",2019_05_26,39,24,청월검TV,133,https://www.youtube.com/watch?v=1zZufWUZM7A
전설의 궁수?ㄴㄴ 전설의 현질로 끝판왕 깨부수기ㅋㅋ _ 궁수의 전설,"109,208",2019_05_26,712,86,자몽티비,394000,https://www.youtube.com/watch?v=ClnOuQqRyjA
[궁수의 전설] 여러분들이 똥손이 아니라.. / 1~3 보스 맛 보기,"1,369",2019_05_26,14,1,쑤쯔 SSOOZZ,338,https://www.youtube.com/watch?v=Wuf38eL5Vdc
[ 궁수의전설 #8 ] 화살 11개 쏘면 좋을까요? 극딜일지 극혐일지...,"1,172",2019_05_27,1,1,연백TV,1580,https://www.youtube.com/watch?v=y2ln-AjaDVI
궁수의전설 현질했습니다 챕터4. 보스와 동시에 죽는다면? 모바일게임,"1,558",2019_05_27,2,0,윤혁혁윤,293,https://www.youtube.com/watch?v=O77V6gOM28U
궁수의전설 챕터5-25,390,2019_05_27,0,1,청월검TV,133,https://www.youtube.com/watch?v=cAoYkmCCscY
*파워 현질* 했더니 몬스터가 녹아버리네? | 궁수의 전설,"62,865",2019_05_27,417,60,뽁구BBokTV,397000,https://www.youtube.com/watch?v=Cvwg1LQz0-o
랜덤하게 강해지는 궁수 키우기 중독성 게임! [궁수의전설] 청정수TV 즐겜 시리즈,81,2019_05_27,4,0,청정수TV,257,https://www.youtube.com/watch?v=I3rF2IEM3FI
[궁수의전설]챕터3 버려진 지하감옥 깼다!! 보스가 드래곤?! Archero Game play Chapter 3 Last Boss,"2,637",2019_05_27,11,2,강캡TV,19900,https://www.youtube.com/watch?v=RM6E-qn7CSs
궁수의전설 챕터5-21,582,2019_05_27,0,0,청월검TV,133,https://www.youtube.com/watch?v=ylHGL4udNv8
궁수의전설 5챕터,70,2019_05_27,0,0,청월검TV,133,https://www.youtube.com/watch?v=mc8MvvEQpk4
[궁수의 전설] 5. 잊혀진 성 / 난이도 실화??..,519,2019_05_27,2,1,용두,81,https://www.youtube.com/watch?v=z-5XRKGXHDw
궁수의 전설(Archero)' 초반 플레이 2,75,2019_05_28,0,0,인벤,146000,https://www.youtube.com/watch?v=-L9_dJtDmT0
궁수의전설 챕터3 박쥐중간보스,163,2019_05_28,0,0,청월검TV,133,https://www.youtube.com/watch?v=z_fFbdKq-PI
궁수의 전설(Archero)' 초반 플레이 1,117,2019_05_28,0,0,인벤,146000,https://www.youtube.com/watch?v=ieD8qq-Ed7Y
궁수의전설 7000보석만큼 보석열기,"1,754",2019_05_28,3,0,청월검TV,133,https://www.youtube.com/watch?v=NQbRSOvYR4c
궁수의전설 드디어 신록의대초원 50스테이지 클리어 해버렸다! 2화[쌍디],"2,656",2019_05_28,20,0,쌍디TV,75100,https://www.youtube.com/watch?v=9lYDmVXaX_g
나올때까지 현질했습니다 레전드 궁수의전설 2화 (ENG SUB) - [썩쏘],"506,027",2019_05_28,3000,263,썩쏘TV,403000,https://www.youtube.com/watch?v=r8eWVKOC0Bk
궁수의전설 5챕터 꽃보스,233,2019_05_28,0,0,청월검TV,133,https://www.youtube.com/watch?v=H0ZjG3eaioY
궁수의전설 챕터1 나무괴물중간보스,84,2019_05_28,0,0,청월검TV,133,https://www.youtube.com/watch?v=kpW_1W1IODw
궁수의 전설 3스테이지 깨신분??? 난 진짜 너무 어려운뎅!! [궁수의 전설 3스테이지 도전기],162,2019_05_28,5,0,네띠NETTI,1120,https://www.youtube.com/watch?v=Ckg9z45tWBg
궁수의전설 챕터2 지렁이 중간보스,137,2019_05_28,0,0,청월검TV,133,https://www.youtube.com/watch?v=xoxLGsGxQFM
궁수의전설 챕터3 지렁이두마리중간보스,277,2019_05_28,0,0,청월검TV,133,https://www.youtube.com/watch?v=K50dNDfzr8c
궁수의전설 챕터5 최종 보스 클리어 영상,"6,430",2019_05_28,3,2,백돌,7,https://www.youtube.com/watch?v=CabGk3YrPFs
궁수의전설 챕터2 거미중간보스,112,2019_05_28,0,0,청월검TV,133,https://www.youtube.com/watch?v=83oni19TT_E
무과금으로 챕터4 깨기 / 궁수의 전설 공략 및 팁,"79,833",2019_05_29,140,30,쑤쯔 SSOOZZ,338,https://www.youtube.com/watch?v=i_dUtEYLeu0
궁수의전설 신비한상인이 에픽용감한활 3000보석이 판매하네,717,2019_05_29,0,1,청월검TV,133,https://www.youtube.com/watch?v=9DsxhC4AtTI
[궁수의전설] 아이작과 애로우를 합쳤다...?! 의지의 히어로를 이을 모바일 갓겜 출시!!,"1,753",2019_05_29,28,4,감쟈,32800,https://www.youtube.com/watch?v=YpMhOvoSHEE
궁수의전설 5챕터 부메랑 별로인거 같은데,896,2019_05_29,0,0,청월검TV,133,https://www.youtube.com/watch?v=eu4y47AIvns
궁수키우기에 현질한 흑우가 있다던데!? - 【궁수의 전설】,"7,121",2019_05_29,50,4,서농,119000,https://www.youtube.com/watch?v=8MxQDLKyWMc
전설의 뇌전룡을 잡았습니다! | 궁수의전설 챕터3 공략,"65,174",2019_05_29,430,59,뽁구BBokTV,397000,https://www.youtube.com/watch?v=z2nKFijsIuk
Archero chapter 7 It's too hard :( 궁수의 전설 챕터 7 난이도 실화냐...,"16,070",2019_05_29,26,4,Nola CA,126,https://www.youtube.com/watch?v=kZx_dm0ubBY
궁수의전설 5챕터 26 이기때문에 죽었다고 치자,24,2019_05_29,0,0,청월검TV,133,https://www.youtube.com/watch?v=5kY0ub_gxRo
[궁수의 전설]챕터4의 보스 상태가.....이걸 어떻게 깨요 ㅠ_ㅜ Archero Game play Chapter 4 Last Boss,"3,404",2019_05_30,10,0,강캡TV,19900,https://www.youtube.com/watch?v=8CWFazFcHAE
궁수의전설 버그,"9,191",2019_05_30,10,16,재호,4,https://www.youtube.com/watch?v=wUly3diAA0k
궁수의 전설 공포의 여왕 겨우 겨우 잡았습니다! | 궁수의전설 챕터4 공략,"49,035",2019_05_30,273,29,뽁구BBokTV,397000,https://www.youtube.com/watch?v=Rv8d5W7kAec
궁수의전설 5챕터 49 보스반피남기고 죽음,410,2019_05_30,0,0,청월검TV,133,https://www.youtube.com/watch?v=DKYfuRm--mw
궁수의전설 5챕터 20,110,2019_05_30,0,0,청월검TV,133,https://www.youtube.com/watch?v=gwF_OB-JlZA
궁수의전설 챕터7 플레이,"4,007",2019_05_30,5,7,Nola CA,126,https://www.youtube.com/watch?v=a9JFS5kLiL4
궁수의전설 5챕터 26,143,2019_05_30,0,0,청월검TV,133,https://www.youtube.com/watch?v=9sYGbtQ0LZ4
궁수의전설 5챕터,80,2019_05_30,0,0,청월검TV,133,https://www.youtube.com/watch?v=TrXabB2778s
[ 궁수의전설 #10 ] 관통무기 부메랑 좋을까?,"4,746",2019_05_30,5,7,연백TV,1580,https://www.youtube.com/watch?v=guUXt0xP5no
궁수의 전설'이라는 모바일게임~ 화살키우기와 조금 비슷하네~..,24,2019_05_31,3,0,곰도리,123,https://www.youtube.com/watch?v=ivVYuqgnV3A
궁수의전설 챕터5 모험가의 팩 구매했습니다. 모바일게임,"1,240",2019_05_31,6,0,윤혁혁윤,293,https://www.youtube.com/watch?v=7h39JCp7jIE
궁수의전설 5챕터 빨리자아고 죽여줘서 고마워,173,2019_05_31,0,0,청월검TV,133,https://www.youtube.com/watch?v=6W4yQfs4eAI
"archero,궁수의전설 버그판 어플 다운로드 받기,사용법 (one kill 버전,무적x)","16,790",2019_05_31,17,9,haaksu,9,https://www.youtube.com/watch?v=EyKhqoAnhjc
궁수의전설 경험치올리는 팁,"1,827",2019_05_31,1,11,청월검TV,133,https://www.youtube.com/watch?v=xm4xabAniKQ
궁수의전설 5챕터 25 나쁜 엑스트라 라이프,339,2019_05_31,0,0,청월검TV,133,https://www.youtube.com/watch?v=dhfB_FCHObw
[궁수의전설] 무과금 공속이 갑이다! 이거보고 2챕터 폭풍의사막 깨버리기 도전! 4화[쌍디],613,2019_05_31,5,5,쌍디의로블록스,1540,https://www.youtube.com/watch?v=XIvxgKb775g
타격감 오지는 활게임...맞으면 많이 아플거에요... : 궁수의전설,"212,642",2019_05_31,2300,102,텔론,860000,https://www.youtube.com/watch?v=FRSTLpJFZEM
궁수의전설 5챕터 봤지 2판에서 죽어도 경험치 차는거,76,2019_05_31,0,1,청월검TV,133,https://www.youtube.com/watch?v=1XNtdcMOe2A
[궁수의전설] 장비빨없이 '챕터3' 클리어 하는법! 필수 스킬 꼭 기억하세요!!,"43,248",2019_06_01,225,28,감쟈,32800,https://www.youtube.com/watch?v=wGqLNsdDx6I
60만원 더 질러서 올 레전드 맞췄습니다 궁수의전설 3화 (ENG SUB) - [썩쏘],"513,064",2019_06_01,2800,307,썩쏘TV,403000,https://www.youtube.com/watch?v=mu-As3pcung
궁수의 전설 챕터7 허수아비 난이도 실화?,"3,887",2019_06_01,11,1,guild Jardin,10,https://www.youtube.com/watch?v=R3nSxg-aSSI
[궁수의 전설 / Archero] 무과금! 현질 안하고 챕터 2 클리어 공략 & tip!,"14,940",2019_06_01,46,11,미르,31,https://www.youtube.com/watch?v=36RKyX-oc3g
궁수의전설 챕터3 노현질로 클리어하는 깨알팁 공개합니다 _ 궁수의전설,"56,767",2019_06_01,364,105,자몽티비,394000,https://www.youtube.com/watch?v=bXmw_AAOEy4
Archero chapter 7 up to 8 stage 궁수의 전설 챕터7 8스테이지까지 성공 ㅠㅠ,"14,924",2019_06_01,25,15,Nola CA,126,https://www.youtube.com/watch?v=aqdSwlETaiA
궁수의 전설 상자 무료로 뚫어봤습니다.,"75,744",2019_06_01,375,365,마일드참치,162000,https://www.youtube.com/watch?v=J5OufaJgv2g
[로그의 전설] 궁수의 전설 가로본능?!,621,2019_06_01,24,0,더엘TV,2150,https://www.youtube.com/watch?v=_oGZQZVAe1o
전설의 드레곤을 드디어...잡았습니다(?) [궁수의 전설],"2,308",2019_06_01,62,2,그노Tube,16900,https://www.youtube.com/watch?v=GoJqTtMjVGI
이 게임을 위해 현금 30만원 준비했습니다! 궁수의 전설 1편,"4,887",2019_06_01,88,4,찌훈유튜브,178000,https://www.youtube.com/watch?v=9fASd1gYfhE
인기게임 1위 궁수의 전설,"21,295",2019_06_02,324,17,밍모,495000,https://www.youtube.com/watch?v=USla3E2Yq8w
궁수의 전설 최신버전 버그판 무적 + 원샷원킬 (다운로드 & 적용법) Archero Mod Apk Download,"34,554",2019_06_02,0,0,하프,2009,https://www.youtube.com/watch?v=tx5BF23pi_Y
궁수의전설 5챕터 37,72,2019_06_02,0,0,청월검TV,133,https://www.youtube.com/watch?v=zz4NmgfbApQ
"궁수의전설 5챕터 티어정리, 몇대 맞아도 악마가 나옴",882,2019_06_02,1,0,청월검TV,133,https://www.youtube.com/watch?v=_9piMDH-sDo
궁수의전설 5챕터 17 몇일 안했다고 실력이 팍 줄었네,28,2019_06_02,0,0,청월검TV,133,https://www.youtube.com/watch?v=pNzVIuoyah4
*궁수의 전설* `악마 만나는 방법!` 세계 최초 공개!,"70,943",2019_06_02,432,191,뽁구BBokTV,397000,https://www.youtube.com/watch?v=EYai-u6VlU8
궁수의전설 모바일게임 챕터5 보스까지 입니다. 보스까지 가는방법,"4,175",2019_06_02,9,3,윤혁혁윤,293,https://www.youtube.com/watch?v=MGK70MzPF8M
궁수의 전설 챕터 7 - 스테이지 10 보스 도전 Archero chapter 7 stage 10 boss try,"5,264",2019_06_02,8,2,Nola CA,126,https://www.youtube.com/watch?v=7FE2WwU2Jvg
궁수의전설 5챕터 32,38,2019_06_02,0,0,청월검TV,133,https://www.youtube.com/watch?v=hCqhRgDbaEY
궁수의전설 5챕터 경험치를 빠르게 올리자,248,2019_06_02,1,0,청월검TV,133,https://www.youtube.com/watch?v=lCeTOSKy--M
궁수의전설 (버그 사용 X ) | 궁수의전설 챕터5 공략,"64,528",2019_06_03,281,90,뽁구BBokTV,397000,https://www.youtube.com/watch?v=Y-VFcHIi48g
공속 진짜 미친거 아니냨ㅋㅋㅋ가만히 있음 다죽넼ㅋㅋㅋ : 궁수의전설,"334,286",2019_06_03,3000,162,텔론,860000,https://www.youtube.com/watch?v=TK1PTSSHL5w
archero 궁수의전설 03 extra life 보스 처치 하고 나온 악마에게서 여분의 생명을 샀다,142,2019_06_03,2,1,토끼띠아저씨,24,https://www.youtube.com/watch?v=soAqliOgZDs
[궁수의 전설]무과금 챕터5 챕터6까지!! 미쳐버린 난이도....더이상 게임을 진행할수가 없다.... Archero Game play Chapter 5 &Chapter 6,"10,846",2019_06_03,12,12,강캡TV,19900,https://www.youtube.com/watch?v=D6NQ4_10UFc
궁수의전설 4챕터 스톤골렘 중간보스,207,2019_06_03,0,0,청월검TV,133,https://www.youtube.com/watch?v=avUHpukM1SM
궁수의전설 챕터4 메테오마법사가 공격해도 안단다,50,2019_06_03,0,0,청월검TV,133,https://www.youtube.com/watch?v=YlF8zwUS-mg
궁수의전설 챕터4 불의정령 중간보스,89,2019_06_03,0,0,청월검TV,133,https://www.youtube.com/watch?v=rtnlGGtOP5s
궁수의전설 4챕터 불의악마 최종보스,"1,146",2019_06_03,1,2,청월검TV,133,https://www.youtube.com/watch?v=xk1KOsGavEE
궁수의전설 챕터4 점프나무 중간보스,"1,211",2019_06_03,1,2,청월검TV,133,https://www.youtube.com/watch?v=OYxim7RknFQ
궁수의 전설 - 챕터5 노현질 클리어,"3,987",2019_06_04,10,2,흙수저GAME,14,https://www.youtube.com/watch?v=lmIgEtia9zk
궁수의전설 챕터6 최종 보스 클리어 영상(이어하기 1회),328,2019_06_04,1,1,백돌,7,https://www.youtube.com/watch?v=YgCQaRRVO2M
궁수의전설 벽을통해 스킬의사기성,563,2019_06_04,4,0,청월검TV,133,https://www.youtube.com/watch?v=ILaDuG-aVv8
궁수의전설 5챕터 화질 1050,91,2019_06_04,0,0,청월검TV,133,https://www.youtube.com/watch?v=mUuioIMbGjI
[궁수의전설]벽 통과기술 쓰고 챕터2 클리어 했습니다.ㅋㅋ 5화[쌍디],"1,532",2019_06_04,5,2,쌍디의로블록스,1540,https://www.youtube.com/watch?v=8kuGUy4Bp8c
궁수의전설 5챕터 25 화력이 약했어,128,2019_06_04,0,0,청월검TV,133,https://www.youtube.com/watch?v=XGguVI8G1Z8
(완벽한 에픽)궁수의전설 에픽 상위아이템이 존재한다?!,959,2019_06_04,2,0,백돌,7,https://www.youtube.com/watch?v=XQO8ScUnQug
궁수의 전설 ] 볼트와 리코셰는 최고의 조합입니다! 전설의 궁수 모바일 써마터 입니다!,528,2019_06_05,17,0,써마터Tv,1330,https://www.youtube.com/watch?v=ScOaAzVZMF8
본격 매수하는게임 ㅋㅋㅋㅋㅋㅋㅋ 급떡상 씹인싸겜 궁수의 전설 [뻥튀기소년],46,2019_06_05,2,0,남세향,0,https://www.youtube.com/watch?v=WJcDxohVQaw
궁수의전설 시작하자마자 현질하면 이렇게 됩니다,"14,472",2019_06_05,229,14,마일드참치,162000,https://www.youtube.com/watch?v=XD25MaBJfi8
[ 궁수의전설 #11 ] 벽반동 완전 개꿀! 렉걸릴 정도의 화력,138,2019_06_05,1,0,연백TV,1580,https://www.youtube.com/watch?v=VBbEKt4PdXA
궁수의 전설 에픽활뽑기~!!,147,2019_06_06,3,0,그릿남,601,https://www.youtube.com/watch?v=Zc_2yRCOj9A
"궁수의전설) 무과금 챕터4 뽀개기, 버그판 아님","2,071",2019_06_06,0,0,헤움,2850,https://www.youtube.com/watch?v=-MWjFF8eh4U
궁수의전설 챕터6 바로 현질 현질은 아름다워,263,2019_06_06,2,0,청월검TV,133,https://www.youtube.com/watch?v=rwLpHKboWOw
"궁수의전설, 재미 있는 게임은 어째뜬 뜬다는걸 확인 시켜준 게임!",319,2019_06_06,4,0,껨보이 TV,154,https://www.youtube.com/watch?v=N_QxAyE28D8
궁수의 전설 탈론급 에픽 부메랑으로 쳅터5 보스 원코인에 깨버렸습니다;,748,2019_06_06,7,1,소TV,5,https://www.youtube.com/watch?v=cwvL6_jplQ8
궁수의 전설 흑요석 상자 100개 ??30만원 현질/브롤 RPG? [궁수의 전설],"59,496",2019_06_06,864,78,범석TV,242000,https://www.youtube.com/watch?v=HK4vXgf4knk
궁수의 전설 6740개 뽑기,131,2019_06_06,2,0,그릿남,601,https://www.youtube.com/watch?v=9RtOLsTcmGk
궁수의 전설 챕터 8 범위가 필수에요,"20,714",2019_06_06,26,9,Nola CA,126,https://www.youtube.com/watch?v=07vubkcSNCg
궁수의전설 6챕터12 프로스트 스트라이커 어빌리티,139,2019_06_07,0,0,청월검TV,133,https://www.youtube.com/watch?v=09iwNUInlGU
궁수의전설 6챕터 볼트스트라이커 어빌리티,227,2019_06_07,0,0,청월검TV,133,https://www.youtube.com/watch?v=2x2789NcA7Y
궁수의 전설 챕터 7 보스전 꿀팁!!,"7,885",2019_06_07,11,21,흙수저GAME,14,https://www.youtube.com/watch?v=QAg56yKblNg
[궁수의전설]외눈박쥐 하나로 버려진 지하감옥 챕터3 너무 쉽게 클리어! 6화[쌍디],349,2019_06_07,3,2,쌍디의로블록스,1540,https://www.youtube.com/watch?v=OXS2Pw4-4JY
궁수의전설 챕터6 얍삽이 | 챕터6 공략,"49,390",2019_06_07,386,35,뽁구BBokTV,397000,https://www.youtube.com/watch?v=1lwk7BRu7X0
[ 궁수의전설 #12 ] 극딜 사신낫 써보자~ 극딜에 공속은 낮음 / 리코셰있으면 괜춘??,222,2019_06_07,1,0,연백TV,1580,https://www.youtube.com/watch?v=EGZ60dx1Jgk
결국 30만원 지르고...3단계 또 한번에 깨버렸습니다... : 궁수의전설,"231,624",2019_06_07,2100,120,텔론,860000,https://www.youtube.com/watch?v=wbDY6n5W6yk
10만원 현질하고 1챕터 박살내버리기 ㅋㅋㅋㅋㅋㅋㅋㅋ [테스터훈] 궁수의 전설,"79,805",2019_06_07,1000,38,테스터훈 TesterHoon,1070000,https://www.youtube.com/watch?v=_zFsQPr4ceI
궁수의전설 6챕터7 훗 죽었네,17,2019_06_07,0,0,청월검TV,133,https://www.youtube.com/watch?v=s2PWsEZQ9co
궁수의전설 6챕터12 독 스트라이커 프로스트 스트라이커,26,2019_06_07,0,0,청월검TV,133,https://www.youtube.com/watch?v=zAlsKJkNI7I
궁수의전설 7챕터,128,2019_06_08,0,0,청월검TV,133,https://www.youtube.com/watch?v=WvEoDAVPOv4
궁수의전설 7챕터3 겨우 여기 온거야?,243,2019_06_08,0,0,청월검TV,133,https://www.youtube.com/watch?v=p-0g0nA1MWs
궁수의전설 7챕터 10초도 못버티네,264,2019_06_08,0,0,청월검TV,133,https://www.youtube.com/watch?v=5jV7bAUvU2M
궁수의전설 챕터7,"1,186",2019_06_08,0,0,청월검TV,133,https://www.youtube.com/watch?v=ABw68aAVeOw
악마와 거래를 4번하면 생기는일...피 400 실화냐??? : 궁수의전설,"202,079",2019_06_08,1800,90,텔론,860000,https://www.youtube.com/watch?v=E6McXVV0MoM
궁수의 전설 무과금으로 쳅터 4 공략 / 장비 상태보소;;,529,2019_06_08,5,2,소TV,5,https://www.youtube.com/watch?v=Oh-cse1pr5Y
[궁수의 전설 / Archero] 무과금! 현질 안하고 챕터 3 클리어 공략 & 팁!,"2,270",2019_06_09,16,1,미르,31,https://www.youtube.com/watch?v=fOKspfvfV48
궁수의 전설 검사세트 ??현질 상자깡!/검사로 직업 변경?! [궁수의 전설],"45,932",2019_06_09,805,41,범석TV,242000,https://www.youtube.com/watch?v=2SPioLMYm_0
[궁수의전설]챕터5 쉽게 깨는법! 관통+반동이면 다 됩니다.,223,2019_06_09,1,0,찬스클럽,2,https://www.youtube.com/watch?v=vBzOLPMawOM
궁수의 전설 챕터8 너무 어렵다 ㅠㅠ,"15,328",2019_06_10,35,7,Nola CA,126,https://www.youtube.com/watch?v=5ve-1jqrZ9Y
전 이제 최고의 원소술사입니다ㅋㅋㅋㅋ다 갈아버려ㅋㅋㅋㅋ : 궁수의전설,"414,251",2019_06_10,3100,219,텔론,860000,https://www.youtube.com/watch?v=VApTzOCg_Zs
궁수의전설 7챕터 격노 별로인데,236,2019_06_11,0,0,청월검TV,133,https://www.youtube.com/watch?v=0KfdICFzbSg
궁수의 전설 기본공격 딜레이 캔슬 버그 (아이템없이도 공속이 빠름),"4,531",2019_06_11,6,2,하루캐스터,0,https://www.youtube.com/watch?v=-sTpDLR_0e0
"[궁수의전설 공략] 챕터4 크리스탈 광산 클리어, 꿀팁 공유???? 7화 [쌍디]","3,600",2019_06_11,12,17,쌍디TV,75100,https://www.youtube.com/watch?v=GDF9909Hbwg
전설의 부메랑을 뽑았습니다...진짜 딜 미친거 아님...?? : 궁수의전설,"392,118",2019_06_12,2700,253,텔론,860000,https://www.youtube.com/watch?v=ImF3IrhhOW8
궁수의전설 업데이트소식 챕터11이 생겼다,"3,582",2019_06_12,6,14,청월검TV,133,https://www.youtube.com/watch?v=pqFexf-ocrg
궁수의전설 챕터5 12분컷,243,2019_06_13,3,0,전설과금의,0,https://www.youtube.com/watch?v=KyT3yy7J-FM
궁수의 전설 버그판 링크 공유 ( 플레이영상 포함 ),"40,871",2019_06_13,59,21,lmao kim,41,https://www.youtube.com/watch?v=-1yOjgTUVwo
궁수의 전설 공략 챕터4 나무보스 공략,767,2019_06_13,0,3,민재준,0,https://www.youtube.com/watch?v=2fEfvY0z_sY
궁수의전설 챕터5 보스까지. 피통4500으로 깰수있을까? 모바일게임,154,2019_06_13,2,1,윤혁혁윤,293,https://www.youtube.com/watch?v=NQkvVjg29bM
궁수의 전설 공략 챕터4 최종보스 공략,239,2019_06_13,0,0,민재준,0,https://www.youtube.com/watch?v=DlqzWjylQmQ
궁수의전설 스테이지5 잊혀진성 무일푼,220,2019_06_13,1,0,문진호,0,https://www.youtube.com/watch?v=AjZlqBCYLaA
[궁수의 전설] 현질하고 싶은 게임 1위 궁수의 전설,"1,567",2019_06_13,36,1,겜톡톡,91400,https://www.youtube.com/watch?v=d-k280b5sjw
궁수의전설 복사한 archer story 버그이용한 스킬 50개 모으기,"9,692",2019_06_14,7,19,청월검TV,133,https://www.youtube.com/watch?v=RfikkY7Q628
궁수의전설 1.5버전 스킬 30개 1챕터클리어영상,205,2019_06_14,0,0,청월검TV,133,https://www.youtube.com/watch?v=YIWtd6_Wiu8
궁수의전설 짝퉁게임 archer story,458,2019_06_14,0,0,청월검TV,133,https://www.youtube.com/watch?v=GLfd2BQ1WmU
궁수의 전설 무기 어느게 좋을까? 무기 순위 TOP 5,"343,363",2019_06_14,1800,585,마일드참치,162000,https://www.youtube.com/watch?v=r4PGugiB2dY
궁수의 전설 챕터8 드디어 깼습니다 ㅠㅠ 챕터9 살펴보기까지~ Archero chapter 8 boss clear & Playing chapter 9 for a while,"29,179",2019_06_15,67,10,Nola CA,126,https://www.youtube.com/watch?v=QP7z-2VhEms
궁수의 전설 2. 폭풍의 사막 공략,28,2019_06_15,0,0,DONGJABOOK동자책,5,https://www.youtube.com/watch?v=kBOHBPiPmiE
궁수의전설 무과금 챕터5 와 어떻게 깨??,144,2019_06_15,3,0,YT고갱튜브,521,https://www.youtube.com/watch?v=wk4jt8lCFgU
머기업 게임을 이긴 인디 게임! [궁수의 전설] ㅣ영래기,"71,776",2019_06_15,850,52,영래기,178000,https://www.youtube.com/watch?v=H_DZow8HpMM
궁수의전설 챕터1공략법,83,2019_06_16,2,0,제로페이,1,https://www.youtube.com/watch?v=VC1fbJt-PAI
궁수의 전설 챕터 6 클리어 영상,"1,331",2019_06_16,4,0,용TV,0,https://www.youtube.com/watch?v=aNgZoA6R_sA
[궁수의 전설] 믿고 하는 인디 갓겜 아니겠냐?,"181,134",2019_06_16,2500,147,지존조세,115000,https://www.youtube.com/watch?v=PtIMtK14eFc
[궁수의 전설 / Archero] 무과금! 현질 안하고 챕터 4 클리어 공략 & 팁!,"2,986",2019_06_16,15,1,미르,31,https://www.youtube.com/watch?v=dO0wYveyscw
궁수의 전설,148,2019_06_17,5,1,로안TV-Roan-TV,56,https://www.youtube.com/watch?v=56jHKfxQOg4
궁수의 전설 챕터5 시원하게 파밍하기,"2,506",2019_06_18,5,0,Nola CA,126,https://www.youtube.com/watch?v=5zgMb2ZL5mg
그 어렵다는 마의 5단계...150만원 써서 깼습니다... : 궁수의전설,"348,534",2019_06_18,2500,156,텔론,860000,https://www.youtube.com/watch?v=WfeBPkKPAqo
궁수의전설 archero 챕터1 노장비돌팔매클리어,166,2019_06_18,1,0,청월검TV,133,https://www.youtube.com/watch?v=WJxISAXjcaE
궁수의 전설 모든 재능,439,2019_06_19,2,0,TV디오제이,7,https://www.youtube.com/watch?v=JiDQ1NWli98
[궁수의 전설] 초보자용 궁수의전설 공략 1 - 어빌리티는 뭘 선택해야돼?,"1,267",2019_06_19,1,0,박혁개,1,https://www.youtube.com/watch?v=Upfs25y7UfA
"궁수의 전설 입문서 - 이 영상 하나면 나도 고수?? || 무과금, 라이트 유저들을 위한 현실적인 공략",546,2019_06_19,2,1,벤터,1,https://www.youtube.com/watch?v=ldfjzo8EpUU
궁수의전설 모바일게임 챕터5 클리어 어떻게 하나요?,326,2019_06_19,2,1,윤혁혁윤,293,https://www.youtube.com/watch?v=HF_DbLD2jKA
궁수의 전설 돌맹이로 챕터5 보스 깨기,733,2019_06_20,5,1,흙수저GAME,14,https://www.youtube.com/watch?v=aaRZZq1euvY
[모바일게임 추천] 궁수의전설 /꿀잼게임/중독../ASMR,"2,559",2019_06_20,30,0,아영모Asmr Channel,697,https://www.youtube.com/watch?v=kq0HgYBqERY
궁수의 전설 ??100만원 현질 상자깡/전설무기 얼마를 질러야 얻음?! [궁수의 전설],"181,412",2019_06_20,3700,231,범석TV,242000,https://www.youtube.com/watch?v=_YNaKnkqXnc
챕터7 *공포의 지네군단* 클리어!!! | 궁수의전설 챕터7 공략,"106,836",2019_06_20,444,63,뽁구BBokTV,397000,https://www.youtube.com/watch?v=rS_f0VzLUo4
"궁수의전설) 챕터4 보스 가지고 놀기, 질문 받는다 !!","1,112",2019_06_21,0,0,헤움,2850,https://www.youtube.com/watch?v=B4porGfCQEE
"[궁수의전설] 챕터4를 깨기위한 필수스킬...?! 뜨자마자 녹화했더니, 대박 ㅋㅋㅋㅋㅋ","7,329",2019_06_21,45,5,감쟈,32800,https://www.youtube.com/watch?v=IAKBfPAkKU8
이 게임은 *무조건 현질 해야하는 이유*가 있습니다 ㅋㅋㅋ 궁수의 전설 1화- 루태,"9,241",2019_06_21,190,6,루태TV,466000,https://www.youtube.com/watch?v=rFqETHu9How
이곳에 있으면 무조건 깬다는...전설의장소를 찾았습니다... : 궁수의전설,"330,867",2019_06_21,2300,143,텔론,860000,https://www.youtube.com/watch?v=9Jl4izqBLdU
궁수의 전설 공략 버그 꿀팁 챕터5 조지기,"54,906",2019_06_21,87,48,시기월드,23800,https://www.youtube.com/watch?v=6WdjZtUOZIs
궁수의 전설 무한 에너지버그 꼭보세요!,"25,948",2019_06_22,42,21,평준선생,1640,https://www.youtube.com/watch?v=1OIQSQziPpk
Archero 궁수의 전설 챕터8 플레이,214,2019_06_22,3,1,노스크,14,https://www.youtube.com/watch?v=QhrxPn296kQ
[궁수의 전설]::흑요석 보물상자 에서 나온 엄청난 무기 로 챕터2 깨기! ?? ::,"1,137",2019_06_22,24,1,혁정,25600,https://www.youtube.com/watch?v=2fZ90DXmS3Q
궁수의 전설 챕터7 허수아비 영상,"3,681",2019_06_23,11,0,Nola CA,126,https://www.youtube.com/watch?v=nLIvCzY8dxY
챕터8에 도착했더니 어마어마한 보상이? | 궁수의전설,"140,806",2019_06_23,651,200,뽁구BBokTV,397000,https://www.youtube.com/watch?v=Llg3oHPlLAU
모든 장비를 전설로 맞췄습니다...전 이제 최강의 호구입니다... : 궁수의전설,"521,521",2019_06_23,3400,279,텔론,860000,https://www.youtube.com/watch?v=0nUnZp14znY
궁수의 전설 챕터7 장비빨로 파밍하기,"9,060",2019_06_23,17,3,Nola CA,126,https://www.youtube.com/watch?v=OVcJtemET7k
[Archero/궁수의전설] 노버그 챕터 9 성공 (Chapter 9 clear),"6,331",2019_06_25,16,2,archero l,27,https://www.youtube.com/watch?v=TnTFhU1SHYw
[Archero/궁수의전설] 노버그 챕터 8 성공 (Chapter 8 clear),"3,176",2019_06_25,10,5,archero l,27,https://www.youtube.com/watch?v=s6FlYqohDds
궁수의 전설 내기 ! 이긴사람 브롤스타즈 스킨 사주기 배틀 ! 몰래 혼자서 연습한 아빠 ? 무기 다 빼고 ! 챕터 도전 ! 누가 이길까요 ? 버섯도리 꿀잼 게임 영상,"235,187",2019_06_28,1600,221,버섯도리,145000,https://www.youtube.com/watch?v=mP4lLdU9HjI
[노무현식 盧바일게임] 궁수 노무현 (궁수의 전설),"3,102",2019_06_28,63,3,MC MH,3520,https://www.youtube.com/watch?v=G3AB50IdU6E
?? 궁수의 전설에 대한 심플한 영상 리뷰,"105,920",2019_06_28,1500,39,메탈킴,214000,https://www.youtube.com/watch?v=p8zVLBRv6UI
궁수의 전설 Archero 챕터6 노가다 플레이,186,2019_06_29,2,0,노스크,14,https://www.youtube.com/watch?v=WMTqFxk7UR0
궁수의전설 챕터2 - 무과금 기본 장비로 클리어 / 보스 공략법,308,2019_06_30,5,0,93maa,5,https://www.youtube.com/watch?v=I_XQvFiDU6Q
[궁수의 전설] 6. 오수스 사막 / 드디어 깼다!!!,212,2019_06_30,1,0,용두,81,https://www.youtube.com/watch?v=mbeia5uBEH8
궁수의 전설 한대도 안맞고 잡는 방법 챕터7 공략 버그 꿀팁 + 빨리 쏘기 컨트롤,"54,026",2019_06_30,88,41,시기월드,23800,https://www.youtube.com/watch?v=Mbj9G5hLnxQ
궁수의전설 챕터3 가보자 이윤열식 무빙 컨트롤 보여줍니다,945,2019_06_30,8,1,NaDa이윤열,48600,https://www.youtube.com/watch?v=S2Uo8eT46dk
궁수의 전설 장비 버그,"11,669",2019_06_30,7,6,MOONY KIM,8,https://www.youtube.com/watch?v=3w5_RxniNs0
궁수의전설 스킬조합 추천!,535,2019_06_30,0,0,조조,13,https://www.youtube.com/watch?v=J7klbe4Fxi0
요즘 사람들이 무조건 한다는 유명한 모바일게임 이라는데... I 궁수의 전설 [카이바군],"2,770",2019_06_30,85,1,카이바군,218000,https://www.youtube.com/watch?v=0vilJcegYpk
[궁수의 전설] 챕터 2 보스 공략,149,2019_07_01,11,0,모나의게임세상,18,https://www.youtube.com/watch?v=YvJsfN4gtYs
[쓰딩] 궁수의 전설!! 깨알 꿀팁!! 스킬 없이 공속 빨라지기!! 버그 아님!,"5,530",2019_07_01,12,5,쓰딩&딩딩의 오락실,176,https://www.youtube.com/watch?v=qsI9-KgLdOU
궁수의 전설 챕터9 플레이 영상,"19,204",2019_07_01,48,6,Nola CA,126,https://www.youtube.com/watch?v=XM83JIwxRGM
미친 데미지를 가진 데스사이드...레전드로 만들어버렸습니다... : 궁수의전설,"309,324",2019_07_01,2200,163,텔론,860000,https://www.youtube.com/watch?v=4DEyK76q__A
궁수의 전설 원소술사놀이,144,2019_07_01,1,0,평범한게임고수,5,https://www.youtube.com/watch?v=jQP2tZVPJqA
궁수의 전설 archero 원스토어에서 대박 할인한다,109,2019_07_02,0,0,청월검TV,133,https://www.youtube.com/watch?v=ByE2OhIGyQ8
궁수의 전설 arcchero 완벽한에픽으로 게임하기,203,2019_07_02,0,1,청월검TV,133,https://www.youtube.com/watch?v=1P8yECdmFdQ
궁수의전설 archero 대박쿠폰 꽁짜쿠폰이 막생긴다,479,2019_07_02,0,0,청월검TV,133,https://www.youtube.com/watch?v=oETSJWfXX1M
궁수의전설 챕터5 10분컷 미친공속!,253,2019_07_02,0,0,깡낑,0,https://www.youtube.com/watch?v=3g6EE5FoclQ
처음부터 공속 최고로 찍는 빌드...레알 뽕맛 지립니다... : 궁수의전설,"277,044",2019_07_02,1900,165,텔론,860000,https://www.youtube.com/watch?v=iOMLLFObJrg
궁수의전설 꽁짜쿠폰 돌린다 다 받아라,928,2019_07_03,2,0,청월검TV,133,https://www.youtube.com/watch?v=JPQEEqE2sDY
궁수의전설 선물팩이 생겼다 바로 현질했다,297,2019_07_04,1,1,청월검TV,133,https://www.youtube.com/watch?v=IYqzFgyt-A8
궁수의 전설 Archero 챕터8 클리어!,710,2019_07_04,6,0,노스크,14,https://www.youtube.com/watch?v=XA1rWBwdRhM
궁수의 전설과 비슷한 로그의 전설! 30-50보스 클리어 영상!,"1,017",2019_07_05,2,0,프리게이머,1290,https://www.youtube.com/watch?v=8raJsfmLqRM
궁수의전설 챕터5,74,2019_07_05,0,0,청월검TV,133,https://www.youtube.com/watch?v=09adWEmn9is
궁수의전설 챕터5 50 판까지 가는데 15분정도 걸리네,60,2019_07_05,1,0,청월검TV,133,https://www.youtube.com/watch?v=h2wwOlD06eE
궁수의전설 30000보석 다 뽑아보기 현질 20만원은 허공으로,136,2019_07_05,2,0,청월검TV,133,https://www.youtube.com/watch?v=odIAk9_wFDU
궁수의 전설 버그판으로 마검사 만들기!,483,2019_07_06,3,0,천수,4,https://www.youtube.com/watch?v=gTh4BaeYlII
궁수의전설 스트라이커 겁나 빠르네,139,2019_07_06,0,0,청월검TV,133,https://www.youtube.com/watch?v=0yUydHBZcto
궁수의 전설 Archero 게임 플레이 영상,16,2019_07_07,0,0,폰겜덕후 노사운드,1710,https://www.youtube.com/watch?v=f9bC5Bx_8MI
궁수의전설 스트라이커 빨리쏘기,138,2019_07_07,0,2,청월검TV,133,https://www.youtube.com/watch?v=rkTf9zJ3UQc
궁수의전설 운좋게 마녀허수아비 죽이기,301,2019_07_08,0,0,청월검TV,133,https://www.youtube.com/watch?v=SmLnabanRMo
[게임 #9] 아직도 안하세요? 진짜 갓겜!! 정말 재밌어요! (궁수의전설) - 온리뷰(OnReview),"1,119",2019_07_08,18,2,온리뷰 - ONreview,34600,https://www.youtube.com/watch?v=UwfB-9YwtFY
궁수의전설 챕터4 클리어 공략 꿀팁,"1,204",2019_07_10,2,14,LIVE RANKING,21300,https://www.youtube.com/watch?v=6dSAP2oRJhs
궁수의 전설 만들기 | how to make Archero | 유니티3D | 플레이 및 분석 | 개발 일지 | ENG SUB,"2,546",2019_07_11,33,0,설후개의 Game Dev.,536,https://www.youtube.com/watch?v=ZDqtCNbAnoU
궁수의전설 챕터7 오랜만에.. 모바일게임,183,2019_07_11,0,0,윤혁혁윤,293,https://www.youtube.com/watch?v=0vuYkW77dQ0
궁수의전설 제작자가 편지도 보내내,313,2019_07_11,1,0,청월검TV,133,https://www.youtube.com/watch?v=9nr4Fd04tws
궁수의 전설 5단계 마지막 보스,77,2019_07_12,0,0,방결방결,0,https://www.youtube.com/watch?v=qEFlbj-6e2o
[궁수의 전설(Archero)] 크리스탈 광산(Crystal mines) @ 챕터(Chapter) 4 @ Clear,49,2019_07_13,3,0,[yeTi] 예티 Sung,94,https://www.youtube.com/watch?v=kOOV_jzEk78
[구조선탐험] 궁수의 전설 찍먹! 슈팅게임 좋아하면 추천합니다.,455,2019_07_13,2,0,세즈테르,7630,https://www.youtube.com/watch?v=beHA4O2UVaM
[궁수의 전설]을 처음 해보았습니다. 잘 하는 법 있나요?! 허팝게임,"58,217",2019_07_15,398,46,HeopopGames 허팝게임,362000,https://www.youtube.com/watch?v=3f20D5UFNxE
편집해보니 짱깨광고같지만 한국인이 만든 궁수의 전설 빠른 파밍 던전,160,2019_07_15,3,0,김선류,0,https://www.youtube.com/watch?v=PZ-x9ReTbtM
궁수의전설 게임캐쉬172400원 게임쿠폰 117장 다 써버리기,167,2019_07_16,0,0,청월검TV,133,https://www.youtube.com/watch?v=tCw6rJxDFOo
궁수의전설 전설을 뽑으니까 보상이 허벌떡 겁나많네,454,2019_07_16,0,0,청월검TV,133,https://www.youtube.com/watch?v=fzlpyTSgpTc
궁수의전설 현질없이 챕터5 클리어하기!,392,2019_07_16,6,0,집에서코만파,16,https://www.youtube.com/watch?v=iFr_Zkz3mrY
궁수의전설 히어로모드 챕터1 대충 깨버리기,"1,738",2019_07_17,6,0,Nola CA,126,https://www.youtube.com/watch?v=AEnrUeLtkYk
궁수의전설 히어로모드 챕터2 클리어,322,2019_07_17,0,0,청월검TV,133,https://www.youtube.com/watch?v=Tg8I7yszBW8
궁수의전설 히어로모드 챕터3 클리어,"1,402",2019_07_17,1,7,청월검TV,133,https://www.youtube.com/watch?v=fVj7UdznuEc
궁수의전설#4 에픽부메랑 6스테이지에서 데미지는??,63,2019_07_17,1,0,SEOK,8,https://www.youtube.com/watch?v=Q2lSRCIzYDE
궁수의전설#3 닌자가 쓴다는! 쏘우 블레이드 속도가 얼마나 빠를까?? 무기리뷰!,92,2019_07_17,2,0,SEOK,8,https://www.youtube.com/watch?v=LJ30CEiaRGw
궁수의전설 새로운 업데이트 히어로모드 1챕터클리어,675,2019_07_17,2,3,청월검TV,133,https://www.youtube.com/watch?v=4t9Y1OMoAto
궁수의 전설 케릭터 및 카메라 설정 | How to make Archero | 유니티3D |개발 일지 | ENG SUB,"1,722",2019_07_18,24,0,설후개의 Game Dev.,536,https://www.youtube.com/watch?v=52otT3qPNP0
[궁수의전설] 무과금의 챕터4 클리어 도전,67,2019_07_18,2,0,배터진붕어빵,2160,https://www.youtube.com/watch?v=dd6eY8UgDSc
[궁수의전설] 챕터5 깨다 고인물됐다,217,2019_07_21,4,8,LIVE RANKING,21300,https://www.youtube.com/watch?v=jQJ2QbVITws
궁수의전설 모험가의 팩 두단계 구매했습니다. 모바일게임,73,2019_07_21,0,0,윤혁혁윤,293,https://www.youtube.com/watch?v=oXjyIcSKjcM
궁수의전설 업데이트된 NEW 히어로모드,490,2019_07_21,5,1,집에서코만파,16,https://www.youtube.com/watch?v=OmCBCLR0TWY
궁수의 전설 무과금 공략 신규 스테이지 히어로모드 도전,137,2019_07_21,0,0,부부방황단,0,https://www.youtube.com/watch?v=SgieKIVuq_E
궁수의 전설 히어로 모드 챕터3. 파밍,134,2019_07_22,1,0,노완섭,14,https://www.youtube.com/watch?v=6XsM9fP3RBc
궁수의 전설 챕터 10,292,2019_07_22,1,0,뀨시깅,11,https://www.youtube.com/watch?v=QyyMvokTQn0
궁수의 전설 챕터 8 클리어,492,2019_07_22,2,0,뀨시깅,11,https://www.youtube.com/watch?v=TIW7e0BJbSI
궁수의 전설 .챕터5 클리어 영상 팁,845,2019_07_22,2,1,갓동.,451,https://www.youtube.com/watch?v=08K7IfCYYzs
궁수의 전설 !! 이게 그렇게 핫하다며 ?! 궁수빙의 해봤습니다 ㅋㅋㅋ [비콘],"1,472",2019_07_23,54,1,비콘 TV,323000,https://www.youtube.com/watch?v=kvabZ8rMujM
궁수의 전설 챕터7 원코인 박살내기,"4,479",2019_07_23,11,2,뀨시깅,11,https://www.youtube.com/watch?v=jIuRIKYQTEw
궁수의 전설 꿀팁!! 툭툭이!!,246,2019_07_24,2,0,효효ON TV,20,https://www.youtube.com/watch?v=dHsdp9vz8hk
조이스틱 만들기 | How to make JoyStick | 궁수의 전설 만들기 유니티3D |개발 일지 | [ENG SUB],"1,233",2019_07_25,27,0,설후개의 Game Dev.,536,https://www.youtube.com/watch?v=rWohd68kI5s
궁수의전설 챕터6 클리어 영상 / 팁,309,2019_07_25,3,0,갓동.,451,https://www.youtube.com/watch?v=Lq0qpFim4g8
궁수의전설 챕터 11 극혐,"3,294",2019_07_27,7,1,뀨시깅,11,https://www.youtube.com/watch?v=I8NqSGkAob8
[궁수의 전설] 히어로모드 챕터3 10탄까지 가기,140,2019_07_28,1,0,써키써키,3450,https://www.youtube.com/watch?v=buggB7_Asgo
[궁수의전설] 챕터 8 침묵의 지대 보스,171,2019_07_29,0,0,바니라니BaniRani,2,https://www.youtube.com/watch?v=raVdX-hhRRM
좋아요 한번씩 눌러주십쇼!!! - 브바일 궁수의 전설 - 겜브링(GGAMBRING),"194,783",2019_07_30,16000,455,겜브링 GGAM BRING,891000,https://www.youtube.com/watch?v=gDZoyrG6ky4
[궁수의 전설] 히어로모드 챕터3 클리어 독특 만랩칼로 이걸?!,192,2019_07_30,2,1,써키써키,3450,https://www.youtube.com/watch?v=HGeqkV1bf9s
궁수의전설 히어로3,46,2019_07_31,0,0,청월검TV,133,https://www.youtube.com/watch?v=yjAMz1vHRLM
궁수의전설 챕터7 부메랑(클리어),"1,848",2019_07_31,3,0,김종화,4,https://www.youtube.com/watch?v=w3TGEXMCZGg
궁수의전설 챕터7 클리어(노다이),157,2019_07_31,1,0,K K,1,https://www.youtube.com/watch?v=d_DPb-9uQl8
궁수의전설,8,2019_08_01,0,0,청월검TV,133,https://www.youtube.com/watch?v=f2LLxwP8K50
가까운 적 타게팅 하기 | 궁수의 전설 만들기 유니티3D | 개발 일지 | [ENG SUB],"1,088",2019_08_01,25,0,설후개의 Game Dev.,536,https://www.youtube.com/watch?v=o1GwBOO8ru0
궁수의전설 archero 챕터7 클리어 방법 완벽정리,"5,461",2019_08_01,5,25,청월검TV,133,https://www.youtube.com/watch?v=0KoSedDCSik
궁수의 전설 현질 없이 5단계 깨기 -레어 무기면 충분-,43,2019_08_02,1,0,서cycy,0,https://www.youtube.com/watch?v=a5u3fvYYXU4
숨겨진 신컨을 보여주지! 궁수의 전설 3화[말썽이와아이들TV][자루와지방이TV][모바일mobile],16,2019_08_02,2,0,말썽이와아이들TV 게임채널[jaruTV],983,https://www.youtube.com/watch?v=DKFBjqNFBN4
궁수의전설 챕터8 클리어방법 연구,570,2019_08_02,1,0,청월검TV,133,https://www.youtube.com/watch?v=7DPysYC5n1A
[쓰딩]궁수의 전설! 긴급 정보!! 크리티컬 데미지 적용이 안된다!!?,242,2019_08_02,6,0,쓰딩&딩딩의 오락실,176,https://www.youtube.com/watch?v=FXLuqf6K4PI
궁수의전설 챕터12 맛보기,"7,092",2019_08_03,13,10,뜨끙이,17,https://www.youtube.com/watch?v=XyYVd4VNPjg
궁수의 전설 복사버그 및 9챕터 영상,"10,032",2019_08_04,14,11,게임모바일,10,https://www.youtube.com/watch?v=sawg427BC5U
궁수의전설 챕터1 38단계 까지감,33,2019_08_06,2,0,설명하는 남자- explainer -,5670,https://www.youtube.com/watch?v=LeWHG9NJQko
가까운 오브젝트 찾기 알고리즘 | 궁수의 전설 | ENG SUB |유니티3D | 개발 일지,841,2019_08_07,28,0,설후개의 Game Dev.,536,https://www.youtube.com/watch?v=URAdcLt_7mw
궁수의전설 챕터6 무과금 클리어 [조운],245,2019_08_09,3,1,조운,0,https://www.youtube.com/watch?v=z7hk6kauoTw
궁수의전설 갑옷 순위 top5 [조운],"6,194",2019_08_10,16,6,조운,0,https://www.youtube.com/watch?v=PdCNPzYgH_Q
[궁수의전설 모바일게임] 챕터1 _ 초보 무과금 도전기!! _ 무기 장비빨없이 1~50 보스까지 한번도안죽고 논스톱 클리어 할수있을까??,76,2019_08_10,3,0,모바일게임픽 MobileGamePick,0,https://www.youtube.com/watch?v=PZI55ZxZ_t4
[궁수의전설 모바일게임] 챕터1 _ 초보 무과금 도전기!! 무기 장비빨없이 도전하기!!,57,2019_08_10,1,0,모바일게임픽 MobileGamePick,0,https://www.youtube.com/watch?v=-V7gGn4FVwE
[궁수의전설 모바일게임] 챕터1 _ 초보 무과금 도전기!! _ 무기 장착 빼고 2배속 논스톱 1~50 보스클리어영상!!,93,2019_08_11,2,0,모바일게임픽 MobileGamePick,0,https://www.youtube.com/watch?v=zTQhtcXcZRU
궁수의전설 어빌리티 순위 top5 [조운],901,2019_08_11,3,1,조운,0,https://www.youtube.com/watch?v=Qte9mBmApwM
궁수의 전설 챕터7 허수아비 마법사,135,2019_08_11,0,0,미친세라핌,0,https://www.youtube.com/watch?v=n3O7LaWM8mc
[궁수의전설 모바일게임] 초보 무과금 도전기!! _ 거대 불지렁이 지네 중간보스 쉽게 깨는법!!,43,2019_08_12,0,0,모바일게임픽 MobileGamePick,0,https://www.youtube.com/watch?v=WP8qAkA0LNQ
[궁수의전설 모바일게임] 챕터2 초보 무과금 도전기!! _ 화살무기 2배속_1~50 스테이지 논스톱 보스클리어 영상!!,91,2019_08_12,2,0,모바일게임픽 MobileGamePick,0,https://www.youtube.com/watch?v=yd-N9Lpz0I0
궁수의 전설 챕터12(박쥐용병),"4,087",2019_08_12,9,5,뜨끙이,17,https://www.youtube.com/watch?v=8nrL6_CAcrU
[궁수의전설 모바일게임] 초보 무과금 도전기!! _ 태풍(바람)주술사 중간보스 쉽게 깨는법!!,66,2019_08_12,0,0,모바일게임픽 MobileGamePick,0,https://www.youtube.com/watch?v=J5LtVqBoOT0
돈으로도 안 되는 일이 있습니다. - 브바일 궁수의 전설 - 겜브링(GGAMBRING),"277,148",2019_08_12,18000,497,겜브링 GGAM BRING,891000,https://www.youtube.com/watch?v=QBlc27M_IfI
궁수의전설 핵 링크 공유!,"2,145",2019_08_13,18,5,Ai판공,1850,https://www.youtube.com/watch?v=8xh1uPPF-74
궁수의전설 선물팩이 또 떳네,207,2019_08_14,2,0,청월검TV,133,https://www.youtube.com/watch?v=dPMJiJg7OLA
궁수의전설 또선물팩이 생겼네요 바로현질,98,2019_08_14,0,1,청월검TV,133,https://www.youtube.com/watch?v=1quhwPRRpTQ
랜덤 스테이지 만들기 | 궁수의 전설 | 유니티3D | 개발 일지 | ENG SUB,919,2019_08_14,26,1,설후개의 Game Dev.,536,https://www.youtube.com/watch?v=ItANU-gkAqc
"은근중독성 게임, 궁수의전설 챕터2",22,2019_08_15,0,0,설명하는 남자- explainer -,5670,https://www.youtube.com/watch?v=5ZR7iUuZziI
[궁수의전설모바일게임] 챕터3 _ 초보 무과금 도전기!! _ 화살무기 / 어빌리티 스킬의 중요성!! 2배속 클리어 영상,45,2019_08_15,1,0,모바일게임픽 MobileGamePick,0,https://www.youtube.com/watch?v=TNb3d35d8VY
궁수의전설 짝퉁 archer legend 1챕터클리어,18,2019_08_16,1,0,청월검TV,133,https://www.youtube.com/watch?v=f3qfe5vhS-U
궁수의전설 짝퉁 archer legend 1챕터플라잉도끼클리어,37,2019_08_16,1,0,청월검TV,133,https://www.youtube.com/watch?v=o4rjjNBFC14
궁수의 전설 (Archero) @ 히어로 신록의 대초원 히어로 (Hero Verdant Prairie) @ 챕터(Chapter) 1 @ Clear,30,2019_08_16,12,0,[yeTi] 예티 Sung,94,https://www.youtube.com/watch?v=nT3YGPmDcDE
궁수의전설 짝퉁 archer legend,30,2019_08_16,1,0,청월검TV,133,https://www.youtube.com/watch?v=kN0ASUDgK2c
궁수의 전설 챕터7 현질 없이 빨피에 운빨로 극적인 조지기 공략,"7,055",2019_08_18,16,4,시기월드,23800,https://www.youtube.com/watch?v=7Z9OSyAm2Vs
[Archero/궁수의전설] 노버그 챕터 10 성공(Chapter 10 clear),"15,290",2019_08_18,42,4,archero l,27,https://www.youtube.com/watch?v=3JjPk7bNcHQ
[궁수의 전설] 마의 챕터! 극악의 난이도 7챕터 보스 도전!!!,124,2019_08_19,4,0,쓰딩&딩딩의 오락실,176,https://www.youtube.com/watch?v=fnAqZTsyzpQ
"궁수의전설, 챕터2, 빙글이 장착, 재미있는 게임, 추천게임",24,2019_08_20,0,0,설명하는 남자- explainer -,5670,https://www.youtube.com/watch?v=76hiO3HzIaA
궁수의 전설' 모바일게임을 해봄 | 겜생(GAMELIFE),59,2019_08_20,3,1,겜생,0,https://www.youtube.com/watch?v=2rD8yvOYixg
궁수의전설 얼음공격? 트롤입니다 모바일게임 챕터7,53,2019_08_20,0,0,윤혁혁윤,293,https://www.youtube.com/watch?v=PFR8NVYn0Cs
[궁수의전설 모바일게임] 챕터4 / 무과금 _ 보스까지 화살무기로 논스톱 1.5배속 영상!!,37,2019_08_20,1,0,모바일게임픽 MobileGamePick,0,https://www.youtube.com/watch?v=DCH9l505I7w
[궁수의 전설] 이거 어케 깻누?,196,2019_08_22,11,0,파르,2410,https://www.youtube.com/watch?v=F9_Qks_nEZ0
일단 하늘은 저를 도와줬습니다^^ - 브바일 궁수의 전설 - 겜브링(GGAMBRING),"193,148",2019_08_22,12000,292,겜브링 GGAM BRING,891000,https://www.youtube.com/watch?v=5zxvZoHh3uE
처음하는데 미친공격속도를 뽑아냈습니다;;-궁수의전설[모바일],994,2019_08_23,24,2,아재민,19600,https://www.youtube.com/watch?v=wqrMEQyPtBI
[archero chapter.9/궁수의전설 챕터.9]The latest update/최신업데이트,473,2019_08_23,1,2,JH,14,https://www.youtube.com/watch?v=AXC3qqT8Ji0
궁수의 전설같은 게임 - 모바일 게임 궁수 키우기 궁수의 화살,"1,087",2019_08_25,5,0,꼬무신TV,5090,https://www.youtube.com/watch?v=9Xl3IxuRgvw
궁수의전설 새로운 영웅 우라실 해보기,"1,440",2019_08_26,2,3,청월검TV,133,https://www.youtube.com/watch?v=zRRL-qC8l6o
궁수의전설 새로운영웅 포렌으로 할게용 불을다스리는자,307,2019_08_26,1,2,청월검TV,133,https://www.youtube.com/watch?v=bp2Hx654do8
궁수의전설 새로운영웅 타라니스 붉은색 번개,"2,498",2019_08_27,3,3,청월검TV,133,https://www.youtube.com/watch?v=XTpKpC4CbvE
궁수의전설 흑요석 무한뽑기 확률보세요~,170,2019_08_27,1,0,joo 211,0,https://www.youtube.com/watch?v=aM_m3S248Xk
궁수의 전설 공속 버그 +화면분할,310,2019_08_27,0,1,마쵸오,165,https://www.youtube.com/watch?v=4VpY_MWUJpQ
궁수의전설 새로운 영웅 오니르 빛을 다스리는자!,"4,566",2019_08_28,2,11,청월검TV,133,https://www.youtube.com/watch?v=u3xrcQdogfc
궁수의전설 짝퉁게임과 비슷한게임에 대해서 이야기하겠습니다,827,2019_08_28,1,4,청월검TV,133,https://www.youtube.com/watch?v=gHj6ngVGJAo
궁수의전설 스킬멋짐순위 베스트6,711,2019_08_28,3,3,청월검TV,133,https://www.youtube.com/watch?v=Kef9O9DLHrg
궁수의전설 영웅순위 베스트6,"17,124",2019_08_28,20,72,청월검TV,133,https://www.youtube.com/watch?v=83LUNSdP90g
궁수의전설 새로운영웅 롤라 모든것을 얼린다,"4,506",2019_08_28,3,18,청월검TV,133,https://www.youtube.com/watch?v=14tnx664Bok
■꿀팁 궁수의전설 신규 캐릭터 업데이트 타라니스 플레이영상,"3,355",2019_08_30,2,2,산두곰,1,https://www.youtube.com/watch?v=Ly4HhP1LnNo
궁수의전설 롤라 2챕터 클리어,216,2019_08_31,1,0,청월검TV,133,https://www.youtube.com/watch?v=J5lpiJ6DLsk
[궁수의전설/archero chapter.11] Last boss,375,2019_09_01,2,4,JH,14,https://www.youtube.com/watch?v=5hMrrKVoHQM
궁수의 전설 9챕터 막보스 클리어 영상,"1,074",2019_09_02,2,0,아카데미풍,70,https://www.youtube.com/watch?v=2LffIdeToXs
궁수의전설 새 캐릭터가 나왔네요 챕터7 도전 모바일게임,119,2019_09_05,0,0,윤혁혁윤,293,https://www.youtube.com/watch?v=1XDtvRY_TFg
"궁수의 전설 최신버전 버그판 링크 공유 1.2.2 무적, 데미지무한 Archero 1.2.2 mod apk","2,616",2019_09_05,10,4,무료공유,1190,https://www.youtube.com/watch?v=xTUqWToFbV8
궁수의 전설 챕터7. 공략,202,2019_09_05,4,0,노완섭,14,https://www.youtube.com/watch?v=0LBo1ulPjIM
최후의 전투! 못 깨면 접는다!! - 브바일 궁수의 전설 - 겜브링(GGAMBRING),"277,642",2019_09_07,14000,312,겜브링 GGAM BRING,891000,https://www.youtube.com/watch?v=f_p8XiUBaFU
[궁수의전설 모바일게임] 챕터5 - 무과금 도전기 _ 쏘우블레이드무기 _ 보스까지 2배속 논스톱 클리어 영상!!,59,2019_09_07,1,0,모바일게임픽 MobileGamePick,0,https://www.youtube.com/watch?v=LZ0EZS530EA
[궁수의 전설] 제 1화 - 궁수의 전설이 뭘까? | 김덕구 게임정복,172,2019_09_08,0,0,장작TV 게임리뷰,1720,https://www.youtube.com/watch?v=bnb8OD7eZaM
궁수의전설 에너지 400모으는 꿀팁,576,2019_09_09,0,6,청월검TV,133,https://www.youtube.com/watch?v=y05QDOe-nJM
궁수의전설 배틀패스 시즌1 구매하고 2까지 얻기,"1,407",2019_09_09,1,0,청월검TV,133,https://www.youtube.com/watch?v=04Bba26ZD4w
궁수의전설 배틀패스 가장쉽고 빠르게 모으는법,604,2019_09_10,0,3,청월검TV,133,https://www.youtube.com/watch?v=FOLsEUHfu2E
궁수의전설 챕터7 클리어 방법 아시는분 있나요 모바일게임,53,2019_09_10,0,0,윤혁혁윤,293,https://www.youtube.com/watch?v=LDhpAfqUFw0
궁수의전설 챕터10 클리어 영상,313,2019_09_14,0,0,아카데미풍,70,https://www.youtube.com/watch?v=toDFrZiw5DI
[궁수의 전설] 9챕터 최종보스 노컨티뉴 클리어,245,2019_09_14,1,0,아굴찜,241,https://www.youtube.com/watch?v=XMkKOD9YUBU
[궁수의 전설] 10챕터 전반 공략(?) 떠드는 영상,"3,057",2019_09_14,8,3,아굴찜,241,https://www.youtube.com/watch?v=pkZV1ugMkmg
[궁수의전설 모바일게임] 챕터6 - 무과금 도전기!! 2배속 클리어 영상!!,35,2019_09_14,1,0,모바일게임픽 MobileGamePick,0,https://www.youtube.com/watch?v=BgS282ZmrZc
[태섭] 궁수의 전설 챕터9 플레이영상,129,2019_09_15,3,0,태섭,6,https://www.youtube.com/watch?v=L_bE-L__EYA
Archero chapter 3 hero mode clear tips / 궁수의전설 히어로모드 챕터3 공략,87,2019_09_16,3,0,[yeTi] 예티 Sung,94,https://www.youtube.com/watch?v=Sb9ISXufavs
궁수의전설 타라니스 영웅 이펙트,252,2019_09_17,0,0,세르메,2,https://www.youtube.com/watch?v=tVEnCMWYDXs
"궁수의 전설 챕터8, 챕터9 깨지만 접게 되는 영상! 노현질 공략","21,903",2019_09_17,38,12,시기월드,23800,https://www.youtube.com/watch?v=NHC5-3AJYL8
#브롤스타즈 ??#궁수의전설 ??광희의 선택은??? I 1on1 시즌 2 에피소드 1-2 I Google Play,"18,435",2019_09_19,104,29,Google Play Korea,90200,https://www.youtube.com/watch?v=gJTlBF3CTu4
[궁수의 전설] 전방화살 4개 화력과다 ㅜㅜ,23,2019_09_20,0,0,YouB Kang,92,https://www.youtube.com/watch?v=amFOryQwCik
궁수의 전설 게임,2,2019_09_23,0,1,작은팝v,12,https://www.youtube.com/watch?v=5BaHEO2nI8o
단 7번만에 궁수의전설 클리어...?!,"77,034",2019_09_24,623,35,밍모,495000,https://www.youtube.com/watch?v=qgbPZxVa42k
궁수의전설 챕터7 풀강화 낫으로 순삭하기,518,2019_09_25,1,0,K K,1,https://www.youtube.com/watch?v=gzTYMOz200E
궁수의전설 챕터10,143,2019_09_25,0,0,청월검TV,133,https://www.youtube.com/watch?v=O6nZaPGpAsM
궁수의전설 챕터10 클리어(노다이),297,2019_09_25,3,0,K K,1,https://www.youtube.com/watch?v=68XcSURQ24c
"궁수의전설,게임,히어로버전,라파게임방",11,2019_09_26,0,0,이동진,1200,https://www.youtube.com/watch?v=4Njs7O0DFPU
이러면 무조건 클리어 아닌가유?? :: 궁수의 전설,"34,090",2019_09_26,285,19,밍모,495000,https://www.youtube.com/watch?v=AuVcBFLbN2Y
몬스터 AI 디자인하기 | FSM | 궁수의 전설 만들기 유니티3D | 개발 일지 | ENG SUB,745,2019_09_26,22,0,설후개의 Game Dev.,536,https://www.youtube.com/watch?v=mHYroWpIIP0
궁수의 전설 신록의 대초원 다깨버렸다!,45,2019_09_28,3,0,인찬,22,https://www.youtube.com/watch?v=LxRfVXfLSIU
궁수의전설 짝퉁등장? 바로 현질했습니다 - [썩쏘],"171,347",2019_09_28,956,87,썩쏘TV,403000,https://www.youtube.com/watch?v=UoILQPPn0iw
궁수의전설 9챕터 클리어,191,2019_09_28,2,0,이경민,5,https://www.youtube.com/watch?v=lBHAu-Hboog
궁수의전설,4,2019_09_28,0,1,살귓때기,2,https://www.youtube.com/watch?v=BE3vJ-0fgWY
궁수의 전설1(늦게 올려서 죄송합니다),26,2019_09_29,3,0,TV플레이어,30,https://www.youtube.com/watch?v=xfJOc9t0eqA
궁수의 전설,1,2019_10_01,0,0,홍영플러스,3,https://www.youtube.com/watch?v=i4IQC3PAElI
궁수의 전설 - 챕터 8 클리어 (올에픽셋 : 쏘우+보이드로브+뱀반+늑반),745,2019_10_02,3,0,김만종,6,https://www.youtube.com/watch?v=w8ZEzU3v0NA
궁수의 전설 제 부게정으로 10단계 드디어 깼습니다.,67,2019_10_03,2,1,퍼니스튬funny stew,4,https://www.youtube.com/watch?v=Z-BQp_JMhts
몬스터 AI 구현하기 | FSM + NavMesh Agent | 궁수의 전설 만들기 유니티3D | 개발 일지 | ENG SUB,738,2019_10_04,19,0,설후개의 Game Dev.,536,https://www.youtube.com/watch?v=3xMlYb4_ItQ
[궁수의전설] 4챕터 보스까지 공략,7,2019_10_05,0,0,정김나박최,0,https://www.youtube.com/watch?v=KUwLaEC_0Z4
궁수의 전설 스크립트 공유,834,2019_10_05,9,2,대전쟁냥이,782,https://www.youtube.com/watch?v=OMqRiDyOqXw
[댓글 추천 게임] 인생게임 궁수의 전설을 편집쟁이가 해보다!,107,2019_10_06,3,2,초코칩TV,70,https://www.youtube.com/watch?v=cyGSvn_AhE4
궁수의전설 장비 60강화 하기(필요 주문서 게임머니 보기),53,2019_10_08,0,0,심심한봉봉,0,https://www.youtube.com/watch?v=z_sFfVCbvh8
활은 거들뿐! 궁수의 전설 짭인줄 알았더니 이런 매력이?ㅋㅋㅋㅋ [롸정],"1,358",2019_10_08,15,2,롸정TV 게임친구,8430,https://www.youtube.com/watch?v=fCK6KiChWDQ
궁수의 전설 버그판 링크공유 [궁수의전설 버그판] v1.2.3 무적모드 원히트모드 광고스킵,"7,292",2019_10_09,22,2,지지뱅뱅,2910,https://www.youtube.com/watch?v=ov50urp8CiA
궁수의전설 챕터7 공략 모바일게임 클리어,59,2019_10_09,1,0,윤혁혁윤,293,https://www.youtube.com/watch?v=J4w4bfdXXU4
(김가네게임)궁수키우기:궁수의전설 타격감 최고 시즌1,43,2019_10_10,4,0,김가네게임,686,https://www.youtube.com/watch?v=XfqaxFPYL5s
(김가네게임)궁수키우기:궁수의전설 타격감최고,15,2019_10_10,2,0,김가네게임,686,https://www.youtube.com/watch?v=UC5cl1hReoQ
궁수의 전설 버그판링크 공유 최신버전 무한보석 apk,"3,874",2019_10_11,0,0,금방울,0,https://www.youtube.com/watch?v=4057FPCBw68
궁수의전설 챕터11 마지막보스,"1,787",2019_10_12,4,0,임영빈,2,https://www.youtube.com/watch?v=mbayb1QFOGI
궁수의 전설게임,9,2019_10_13,1,3,맥스MEGS,19,https://www.youtube.com/watch?v=cWaXD08eOKM
오늘의 게임 궁수의 전설 재밌게하세요~,11,2019_10_13,5,0,robbot.카이스틴,10,https://www.youtube.com/watch?v=-ZOp32C-BcY
궁수의전설 9챕터 클리어(부메랑),86,2019_10_15,3,0,문선호,4,https://www.youtube.com/watch?v=me7PBEYcEsY
궁수의전설 챕터9 클리어(데스사이드),69,2019_10_15,3,0,문선호,4,https://www.youtube.com/watch?v=gRey1zuh8Mo
[궁수의 전설]재밌지만 아쉬운 게임,8,2019_10_15,1,0,엠프티캔,7,https://www.youtube.com/watch?v=dM1zdgMLFf8
궁수의전설 챕터12 마지막보스,"1,012",2019_10_16,1,0,임영빈,2,https://www.youtube.com/watch?v=Ngl9BEgw7cU
준혁이와게임들(궁수의전설),16,2019_10_19,1,1,준혁 이,27,https://www.youtube.com/watch?v=NF9tZlfOXsw
궁수의전설 챕터10 너무 어렵네,153,2019_10_19,0,0,청월검TV,133,https://www.youtube.com/watch?v=QWY4WZxT410
궁수의전설 회사에서 만든 펭귄게임,31,2019_10_19,0,0,청월검TV,133,https://www.youtube.com/watch?v=PGEaMwPORFQ
궁수의 전설,22,2019_10_19,1,0,가나다라,10,https://www.youtube.com/watch?v=5SuZbKEoSk0
궁수의 전설2,34,2019_10_19,5,0,가나다라,10,https://www.youtube.com/watch?v=WeYc5pYg_94
[우리함께게임] 궁수의 전설 쏘우 블레이드(단검)플레이 하이라이트 영상. 평캔영상. 보스전. 말뚝딜,270,2019_10_20,3,0,우리함께게임,7,https://www.youtube.com/watch?v=yufXY-NjIOs
[갓핡날의 종합게임] 궁수의전설,30,2019_10_20,2,0,갓핡날GHN,213,https://www.youtube.com/watch?v=a_SCeA1uf3o
궁수의 전설 버그판 링크,"6,036",2019_10_21,16,8,SioNメ,0,https://www.youtube.com/watch?v=CPFdhIUt76A
궁수의 전설과 비슷한데 은근 재밌는 모바일 게임 - 궁수키우기 - MOBILE화면용,7,2019_10_22,0,0,객설TV,17,https://www.youtube.com/watch?v=SBh9E9p-JEU
[궁수의 전설] 10챕터 클리어 & 공략 (Archero chapter 10),"22,367",2019_10_23,44,4,아굴찜,241,https://www.youtube.com/watch?v=Hkl5kun4ADw
궁수의전설 215원에 배틀패스 구매하기,154,2019_10_23,0,0,청월검TV,133,https://www.youtube.com/watch?v=Hgq4CtKlJe4
궁수의전설 무과금 챕터10 뚜까패기,53,2019_10_23,0,0,라피TV,5,https://www.youtube.com/watch?v=SrFfNADgTeQ
궁수의전설 (+새 인트로),17,2019_10_24,2,0,채널루카스Channel Lucas,43,https://www.youtube.com/watch?v=kF9MQMEBzsk
궁수의전설 챕터10..무한도전!,7,2019_10_24,1,0,딩딩,0,https://www.youtube.com/watch?v=WI3I-nhKtws
궁수의전설 영웅 레벨업 하기 그리고 두번째 퀘스트하기,148,2019_10_25,0,0,청월검TV,133,https://www.youtube.com/watch?v=-S_7V80AWZA
궁수의전설 새로운영웅 헬릭스 새로운 일일퀘스트 겁나 어렵다,506,2019_10_25,0,0,청월검TV,133,https://www.youtube.com/watch?v=wydR3iE-hi0
룰렛 만들기 | 간단한 돌림판 만들기 | fortune wheel spinner | 궁수의 전설 만들기 유니티3D | ENG SUB,390,2019_10_25,16,0,설후개의 Game Dev.,536,https://www.youtube.com/watch?v=r5Xy8BfNoZI
궁수의전설 새로운 업데이트 레벨업시스템 퀘스트 빗발치는 화살,531,2019_10_25,0,0,청월검TV,133,https://www.youtube.com/watch?v=YX6mNzNmYz0
궁수의전설 신영웅순위 베스트7,"11,851",2019_10_25,13,31,청월검TV,133,https://www.youtube.com/watch?v=qGRkyDBUiaE
[우리함께게임] 궁수의 전설 쏘우 블레이드(단검) 크리티컬 6795 띄우기. 버그판 아님.,52,2019_10_25,3,0,우리함께게임,7,https://www.youtube.com/watch?v=q4oC3qxuS9g
궁수의전설과 비슷한 숨겨진 꿀잼게임 아크로드를 플레이해봤습니다,"2,588",2019_10_25,0,0,충사,1230,https://www.youtube.com/watch?v=sRj1EFoTuk0
궁수의전설 눈앞의위협,84,2019_10_26,0,0,청월검TV,133,https://www.youtube.com/watch?v=gf2NEpAVJLk
궁수의전설 핼러윈이브 사파이어46개,40,2019_10_26,0,0,청월검TV,133,https://www.youtube.com/watch?v=u4NFHgwXF7g
궁수의전설 사파이어 제일빠르게 모으는건 챕터7클리어 처음 16개 두번째 13개,369,2019_10_26,1,1,청월검TV,133,https://www.youtube.com/watch?v=imtTdRVd7o8
궁수의전설 헬릭스20레벨되니까 녹색이 따악,631,2019_10_26,0,4,청월검TV,133,https://www.youtube.com/watch?v=xE7HX1Nurgo
궁수의전설 히어로챕터1 사파이어6개,15,2019_10_26,0,0,청월검TV,133,https://www.youtube.com/watch?v=6O3y6LdsBHM
궁수의전설 챕터7 사파이어12개,25,2019_10_26,0,0,청월검TV,133,https://www.youtube.com/watch?v=HP9zo0wSewY
Archero chapter 7 clear tips / 궁수의전설 챕터7 공략,592,2019_10_27,18,1,[yeTi] 예티 Sung,94,https://www.youtube.com/watch?v=iC6wyIdfTCM
궁수의전설,47,2019_10_27,0,0,청월검TV,133,https://www.youtube.com/watch?v=6V_j33tK-GY
궁수의전설 노클리어,88,2019_10_27,0,0,청월검TV,133,https://www.youtube.com/watch?v=AJTEjH8ytQM
[궁수의 전설] 그 게임 해봤습니다. (챕터 5-23),1,2019_10_27,0,0,Coconutsu,66,https://www.youtube.com/watch?v=BKxN7B-3lwg
[궁수의 전설] 그냥저냥 아무생각없이 멍때리면서 하기 좋은 게임. (히어로 챕터1-31),1,2019_10_27,0,0,Coconutsu,66,https://www.youtube.com/watch?v=Er4khyNr71M
궁수의전설 챕터10 클리어,471,2019_10_27,0,3,청월검TV,133,https://www.youtube.com/watch?v=kDm9c_zj-7k
궁수의 전설 10 마지막 보스 깨기,77,2019_10_28,0,0,Jeongrak Park,2,https://www.youtube.com/watch?v=Fin233GwFMU
궁수의전설 나는야 원소술사,38,2019_10_28,0,0,평범한게임고수,5,https://www.youtube.com/watch?v=k8t4Z80kbEw
궁수의전설) 신규 이벤트 핼러윈 이브 플레이 acrhero,142,2019_10_28,1,0,정조은,13,https://www.youtube.com/watch?v=fnNtc5N2J4U
[우리함께게임] 궁수의 전설 크리티컬이 무려 10204?!!! 쏘우 블레이드(단검)플레이 신규캐릭터 헬릭스 미친 딜,284,2019_10_29,3,1,우리함께게임,7,https://www.youtube.com/watch?v=pUICWeQl8-g
궁수의전설 챕터 11 클리어,105,2019_10_29,1,0,아카데미풍,70,https://www.youtube.com/watch?v=OzKdD2BzJXw
궁수의 전설 플레이를 관전하세요!,10,2019_10_29,0,0,고잉튜브[Go]TUBe,0,https://www.youtube.com/watch?v=7cIm5rInv3Q
"Review#2. 궁수의 전설 Archero, 이 게임은 공속으로 몬스터를 뿌셔뿌셔!(speed attack!! 스트레스박살) - 그리삐까 GRIPICA",272,2019_10_30,18,0,GRIPICA-스케치뷰티TV,481,https://www.youtube.com/watch?v=2AjafUgQneU
궁수의전설7챕터(어빌리티의 중요성),18,2019_10_30,0,2,박주부,0,https://www.youtube.com/watch?v=w7muYZ_fidE
궁수의전설 7. 그림자의 불모지,23,2019_10_31,1,0,김캐셔,1,https://www.youtube.com/watch?v=WX99UPYN6zA
궁수의 전설 무과금 꿀팁 (배틀패스 꿀팁포함),"5,006",2019_10_31,18,18,안일왕 TV,508,https://www.youtube.com/watch?v=8HlsvMAwrR8
[궁수의 전설] 모든 속성을 가진 궁극의 화살 출격! (Chapter 11),"2,160",2019_11_01,12,2,아굴찜,241,https://www.youtube.com/watch?v=1nLxYeQEE1g
창대클라스궁수의전설게임함2편,2,2019_11_01,1,0,창대클라스,8,https://www.youtube.com/watch?v=CmzX9quG3z8
창대클라스궁수의전설게임함1편,2,2019_11_01,1,0,창대클라스,8,https://www.youtube.com/watch?v=Cy-v1cOewCk
궁수의 전설 플래이 영상,16,2019_11_02,0,0,라면tv,70,https://www.youtube.com/watch?v=KdQ6c5enJbc
궁수의전설 짝퉁 나이트킬러,65,2019_11_02,0,0,청월검TV,133,https://www.youtube.com/watch?v=ugw7IvhOkEE
로그의 전설이 궁수의전설짭이라고? 재가바로 플레이해봤습니다,122,2019_11_02,4,0,쇼__범,22,https://www.youtube.com/watch?v=WqVQvq2jkrU
궁수의 전설 (댓글요청 게임),24,2019_11_02,1,2,가다마사TV,8,https://www.youtube.com/watch?v=UcRiAYjQuX4
오늘은 궁수의 전설이라는 게임을 해보았어요!! 구독과 좋아요 알림설정 꾹꾹 눌러주세요??????,43,2019_11_02,3,2,개그 노노,20,https://www.youtube.com/watch?v=NSSu9hxSVPY
궁수의 전설 할로윈 이브 노과금 노코인 원트/허준영,16,2019_11_02,0,1,허준영,25,https://www.youtube.com/watch?v=dyvXaUliiU4
궁수의 전설과 비슷한데 은근 재밌는 모바일 게임 - 궁수키우기 - PC화면용,23,2019_11_03,0,0,객설TV,17,https://www.youtube.com/watch?v=jmRY6i6d2b8
오늘도 궁수의전설 이라는 모바일게임을 해보았다!!,4,2019_11_03,1,0,게임하는호랑이,8,https://www.youtube.com/watch?v=LgN3t4ncQfI
아이들의 요즘게임 궁수의 전설. 아무생각 없이 하기에 딱 좋은 게임,77,2019_11_03,12,0,대킴쌤의 요즘게임,127,https://www.youtube.com/watch?v=O7U9x7f_yHU
(모바일 게임)궁수의 전설 (1화),2,2019_11_04,0,0,지오tv,15,https://www.youtube.com/watch?v=XTMR4TupWw4
[궁수의 전설] 11챕터 클리어 & 공략! (Archero Chapter 11),"9,541",2019_11_04,34,3,아굴찜,241,https://www.youtube.com/watch?v=RLQ0ueOpwl8
[우리함께게임] 궁수의 전설 헬릭스 무한 흡혈(피의 맛) 노무빙 말뚝 딜,362,2019_11_04,2,3,우리함께게임,7,https://www.youtube.com/watch?v=1y-BaiwgzUs
[우리함께게임]궁수의 전설 크리티컬 22729 ?!?! 저세상 딜 . 쏘우 블레이드(단검) 히어로3. 버그맵 아님,411,2019_11_05,4,0,우리함께게임,7,https://www.youtube.com/watch?v=6_MINd23XVo
[우리함께게임] 궁수의 전설 챕터7 // 5분공략 // 보스 5초 컷 // 쏘우 블레이드(단검)플레이 // 참 쉽죠?,208,2019_11_05,5,0,우리함께게임,7,https://www.youtube.com/watch?v=0kmtKbsJkZ0
[궁수의 전설] 12챕터 리얼 노버그 맛보기,627,2019_11_05,5,1,아굴찜,241,https://www.youtube.com/watch?v=4q_YaRpebYM
궁수의전설 오늘 난이도 환상적인데,64,2019_11_05,0,0,청월검TV,133,https://www.youtube.com/watch?v=gPJHhBu1HF0
궁수의 전설 시스템의 더 어려운 모바일 게임 - 로그의 전설 - Sub_KOR_ENG,17,2019_11_05,0,0,객설TV,17,https://www.youtube.com/watch?v=o-mh-IJKmCE
[궁수의 전설] 깔끔하게 박살냈습니다... 12챕터 클리어 & 공략! (Archero Chapter 12),"4,366",2019_11_07,18,2,아굴찜,241,https://www.youtube.com/watch?v=CYmfTN28L3U
[우리함께게임]궁수의전설 챕터7 3분컷 쏘우블레이드 (단검),428,2019_11_07,6,0,우리함께게임,7,https://www.youtube.com/watch?v=pPpKkmU-Aw4
오랜만에 재미있는 게임 발견! 궁수의 전설 신록의 대초원! 정복해 볼까요?,16,2019_11_07,4,0,후겜TV,1060,https://www.youtube.com/watch?v=EhYNfOFba7c
궁수의 전설게임을해보았습니다,7,2019_11_08,0,0,김김희재,4,https://www.youtube.com/watch?v=rXBxNoJs6xU
궁수의전설 반지순위 베스트5,"1,172",2019_11_09,2,3,청월검TV,133,https://www.youtube.com/watch?v=1B7tz-qwU28
궁수의전설 영웅순위 베스트7 수정,"3,667",2019_11_09,6,12,청월검TV,133,https://www.youtube.com/watch?v=t1YsmHuQZ9g
궁수의전설 무기순위 베스트5,"2,582",2019_11_09,2,11,청월검TV,133,https://www.youtube.com/watch?v=esd57MawaxU
궁수의 전설 갑옷순위 베스트5,"1,296",2019_11_09,5,2,청월검TV,133,https://www.youtube.com/watch?v=uE4ysyk-owQ
궁수의전설 펫순위 베스트5,"1,802",2019_11_09,2,8,청월검TV,133,https://www.youtube.com/watch?v=sqw6HR9BmMk
무한의계단 하다 안돼서 궁수의전설,2,2019_11_09,0,0,박재민,0,https://www.youtube.com/watch?v=nHB0JIg56Hg
새로 나왔었던 궁수의전설 도전에서 엄청 커다란 몹이 있는데 내가 걍 발라버렸...? [매점의 병맛궁전 식품],74,2019_11_09,4,0,매점Maedot,652,https://www.youtube.com/watch?v=Lmb1Ewi2VK0
궁수의전설 장비공개,237,2019_11_09,1,0,청월검TV,133,https://www.youtube.com/watch?v=dT-N_cmFZXA
궁수의전설 멀티샷,34,2019_11_09,0,0,청월검TV,133,https://www.youtube.com/watch?v=ujhZ3TiwF7c
궁수의전설 무적,42,2019_11_09,0,0,청월검TV,133,https://www.youtube.com/watch?v=6QBrNqKGbOg
궁수의 전설!! 와아아아아어,9,2019_11_09,1,0,골드카드,10,https://www.youtube.com/watch?v=X4yK9C_DuB0
오늘은 궁수의 전설을 해볼겁니다,48,2019_11_10,12,0,태태Tv,118,https://www.youtube.com/watch?v=JB01BwW88KY
궁수의 전설 챕터5 그냥깨는영상,7,2019_11_10,0,0,구르몬,20,https://www.youtube.com/watch?v=KcbMu_jk8I4
[궁수의 전설] 반드시 알고 가야 하는 꿀팁들 (공속&육성팁),"5,822",2019_11_10,17,3,아굴찜,241,https://www.youtube.com/watch?v=uC9ijCApVsI
Archero chapter 8 boss clear tips / 궁수의전설 챕터8 보스 공략,47,2019_11_11,1,0,[yeTi] 예티 Sung,94,https://www.youtube.com/watch?v=Zr6HZzEfTrQ
ARCHERO EVENT MAP 궁수의전설 할로윈 이벤트 던전 클리어,41,2019_11_11,2,0,TV바기,169,https://www.youtube.com/watch?v=hHyQlJ0lB90
궁수의 전설 챕터2 깨보겠습니다,40,2019_11_11,14,0,태태Tv,118,https://www.youtube.com/watch?v=Tq3IdiWzHsI
궁수의전설 짝퉁 테일즈러쉬,111,2019_11_12,0,0,청월검TV,133,https://www.youtube.com/watch?v=bBmghNiZSiU
"Review#4. 궁수의 전설 Archero, 무기 데스 사이드 에픽 즉사 스킬 평가(Weapon Death Side Review) - 그리삐까 GRIPICA",201,2019_11_12,22,0,GRIPICA-스케치뷰티TV,480,https://www.youtube.com/watch?v=ojf9yfS8mjY
궁수의전설 짝퉁 테일즈러쉬 1챕터 클리어,162,2019_11_12,1,1,청월검TV,133,https://www.youtube.com/watch?v=7N2noTqjPrk
ARCHERO CHAPTER 8 궁수의전설 챕터 8 CLEAR,29,2019_11_12,4,0,TV바기,169,https://www.youtube.com/watch?v=uuK-WuZxD7A
궁수의 전설 해봅시다 오늘도,19,2019_11_12,5,0,태태Tv,118,https://www.youtube.com/watch?v=8-hHXiuoxv4
궁수의 전설(반응이 좋으면 또 할게요),29,2019_11_13,2,0,쿠키런오븐브레이크 정보 전달사,99,https://www.youtube.com/watch?v=iAF9Az1I004
궁수의전설!!,41,2019_11_13,0,0,물가위TV,16,https://www.youtube.com/watch?v=-MB5VhlaE6k
스킬 구현하기 | 궁수의 전설 만들기 유니티3D | How to make Archero Skills | ENG SUB |,512,2019_11_13,18,0,설후개의 Game Dev.,536,https://www.youtube.com/watch?v=xnNZXO8eTb4
컨트롤 게임 궁수의 전설,2,2019_11_13,1,0,조철왕,12,https://www.youtube.com/watch?v=x0WrZWRvmzY
ARCHERO(궁수의 전설) 중독되는 맛!!,30,2019_11_14,1,0,태효니네#의게임채널,14,https://www.youtube.com/watch?v=xMyXS1HkTkk
궁수의 전설 게임 플레이 하더!,1,2019_11_15,0,0,유튜브가을이,3,https://www.youtube.com/watch?v=R0MWrpVUJWg
Archero chapter 8 clear tips / 궁수의전설 챕터8 공략,258,2019_11_16,10,0,[yeTi] 예티 Sung,94,https://www.youtube.com/watch?v=36-ThFu9yVM
궁수의전설 광고,83,2019_11_17,0,0,청월검TV,133,https://www.youtube.com/watch?v=kayPPiY2TNU
궁수의 전설 챕터5 해보기,26,2019_11_17,7,0,태태Tv,118,https://www.youtube.com/watch?v=zhn8nz0QWNI
궁수의전설 첫 게임.,2,2019_11_17,0,0,모지 mozy,1,https://www.youtube.com/watch?v=YzMLt_PGmQg
궁수의전설 챕터10 가지고놀기,16,2019_11_18,0,0,뀨시깅,11,https://www.youtube.com/watch?v=tai72ksaxTE
궁수의전설 광고,98,2019_11_18,0,0,청월검TV,133,https://www.youtube.com/watch?v=knXrFT3F9es
궁수의전설 - 챕터1 클리어하기!!,19,2019_11_18,1,0,MooGieSsi 무기씨,1,https://www.youtube.com/watch?v=8wJo67HUwWk
궁수의전설 11챕터 클리어,347,2019_11_19,2,0,이경민,5,https://www.youtube.com/watch?v=YvPhUWA6JNs
200만원 질렀던 이 똥게임...접었던 이유 최초공개 합니다... : 궁수의전설,"165,345",2019_11_19,1600,73,텔론,860000,https://www.youtube.com/watch?v=ZVSykdxwZUE
궁수의전설 히어로모드챕터4 클리어,57,2019_11_20,0,1,청월검TV,133,https://www.youtube.com/watch?v=0EKvxt91JvI
궁수의전설 히어로모드 챕터5 클리어,54,2019_11_20,0,0,청월검TV,133,https://www.youtube.com/watch?v=B_-6XA4m32I
궁수의전설 새로운 영웅 보니 사용후기,"3,274",2019_11_20,7,10,청월검TV,133,https://www.youtube.com/watch?v=yYgDk9SNEHo
궁수의전설 분해는 에픽까지 됩니다,778,2019_11_20,2,0,청월검TV,133,https://www.youtube.com/watch?v=C6W_IRbgOnA
"궁수의전설 새로운 업데이트 챕터13 히어로 챕터 4,5",226,2019_11_20,0,0,청월검TV,133,https://www.youtube.com/watch?v=0Q8hMMSjoTE
역대급 개사기 캐릭터입니다ㅋㅋㅋ딸피일수록 미친듯이 강해짐ㅋㅋㅋㅋ : 궁수의전설,"115,168",2019_11_20,1100,36,텔론,860000,https://www.youtube.com/watch?v=QF2mCvGeKmU
[궁수의 전설] #7 플레이,174,2019_11_20,2,0,Eogus,386,https://www.youtube.com/watch?v=tUc8k1n0vJg
[궁수의 전설] 13챕터 맛보기 도전! 첫보스부터 운빨패턴 실화?,"1,475",2019_11_21,7,1,아굴찜,241,https://www.youtube.com/watch?v=wV1aSr-ckAM
궁수의전설 영웅순위 Best 8,"4,793",2019_11_21,9,8,청월검TV,133,https://www.youtube.com/watch?v=KktxQAXinpE
궁수의전설 챕터12,117,2019_11_21,0,0,청월검TV,133,https://www.youtube.com/watch?v=ci4NJHb3eo4
[궁수의 전설] 7챕터 2분대로 털어버리기,331,2019_11_21,5,0,아굴찜,241,https://www.youtube.com/watch?v=gJB5g7sIzRk
올전설 유저가 생각하는...최강의 무기 알려드리겠습니다... : 궁수의전설,"100,216",2019_11_21,883,46,텔론,860000,https://www.youtube.com/watch?v=MbBe_zIedOE
[궁수의 전설] 13챕터 공략 바로 들어갑니다 감잡았쓰,"3,824",2019_11_21,16,3,아굴찜,241,https://www.youtube.com/watch?v=zWCV4GYK2ZA
텔론도 돌아왔다 즐길거리 많아진 궁수의전설,32,2019_11_22,3,0,태기TV,0,https://www.youtube.com/watch?v=z58Wa6E0nwI
궁수의전설 초보 플레이 ^^,19,2019_11_22,2,0,겜파더,7,https://www.youtube.com/watch?v=-M_2JdbnrEs
궁수의전설 챕터2 '폭풍의 사막' 전스테이지 클리어 영상! 어렵다! 어려워~,19,2019_11_22,5,0,후겜TV,1060,https://www.youtube.com/watch?v=bep5s5IiICc
궁수의 전설 13 - 10 1st 보스,20,2019_11_23,0,0,Jeongrak Park,2,https://www.youtube.com/watch?v=hEd0_cTu7C8
궁수의 전설 13 - 30 3rd 다른 보스,22,2019_11_23,0,0,Jeongrak Park,2,https://www.youtube.com/watch?v=nbh1OrsEtbA
궁수의 전설 히어로 모드 5 마지막 보스,10,2019_11_23,0,0,Jeongrak Park,2,https://www.youtube.com/watch?v=sujxkXvxWZM
[퍼니 게임]궁수의 전설 챕터3에세챕터4로 가즈아!!!!!!,5,2019_11_23,1,0,TV 쥐쥐GG,20,https://www.youtube.com/watch?v=DhD0N5LBm_g
궁수의 전설(49 스테이지),5,2019_11_24,2,0,함형권Youtube,22,https://www.youtube.com/watch?v=xcK79d0lxCI
궁수의 전설 9챕터 archero chapter 9,3,2019_11_24,0,0,육식고릴라,0,https://www.youtube.com/watch?v=EcnFeA94SpU
[궁수의 전설] 히어로모드 5챕터 가뿐...하......게?,468,2019_11_24,3,0,아굴찜,241,https://www.youtube.com/watch?v=fnxjWOBBdUQ
[궁수의전설]새로운캐릭터로해보기,23,2019_11_24,0,0,FreeGolf,38,https://www.youtube.com/watch?v=RyvkTBUy0kw
궁수의 전설 연습게임,1,2019_11_25,0,0,시베리안코로스케,4,https://www.youtube.com/watch?v=JarSHIZ4oOU
궁수의전설 근접버전? 현질캐릭 사기다 - [썩쏘],"132,137",2019_11_26,816,74,썩쏘TV,403000,https://www.youtube.com/watch?v=LkH1ZHEfADs
"궁수의 전설 챕터10, 챕터11 현질 안 해도, 발컨도 박살 낼 수 있습니다",693,2019_11_26,5,0,시기월드,23800,https://www.youtube.com/watch?v=kfNLAvRHvs4
궁수의전설 13챕터 역대급 운빨로 양학...?,127,2019_11_26,0,0,K K,1,https://www.youtube.com/watch?v=AZbOiUhfCaQ
[궁수의전설] 챕터11 클리어 성공 (1.2.7버전),339,2019_11_26,0,0,조정빈,165,https://www.youtube.com/watch?v=txHQZzXKAWU
테일즈러쉬 VS 궁수의 전설?? 훨 재미있는?? [Tales rush],344,2019_11_27,0,0,다이기는 다이노TV,16,https://www.youtube.com/watch?v=whouBYn4ws4
[궁수의 전설] #9 플레이,218,2019_11_29,23,0,Eogus,386,https://www.youtube.com/watch?v=MbM5xeeBcB8
궁수의 전설과 유사한 그 게임 *테일즈 러쉬(tales rush),28,2019_11_30,4,0,카네임,115,https://www.youtube.com/watch?v=fFklkL21V-Y
무엄하다! 길을 비켜라 (궁수의전설),4,2019_11_30,0,0,문성모,12,https://www.youtube.com/watch?v=_gFbF-dQtEE
역대급 텐션!궁수의전설에 이은 또다른 전설겜!궁수의전설과는 다른매력이 있다[모바일게임],23,2019_11_30,0,0,겜뭉치GB,0,https://www.youtube.com/watch?v=IYYzoB0Ocaw
게임tv하이tv 1편:궁수의 전설 .초보가 한다면?,15,2019_12_02,1,0,게임tv하이tv,10,https://www.youtube.com/watch?v=rMHQFaSKYEM
레벨 업 | 데미지 표시하기 | 게임 재시작 | 궁수의 전설 만들기 Unity3D | ENG SUB,209,2019_12_03,15,0,설후개의 Game Dev.,536,https://www.youtube.com/watch?v=ExW8apCic8A
정우성이 궁수의전설 게임을했어요,8,2019_12_03,3,0,정동하,2,https://www.youtube.com/watch?v=JFyAD2tSnqo
궁수의전설 13챕터 클리어 영상,433,2019_12_03,1,0,K K,1,https://www.youtube.com/watch?v=0RpshcmH0E8
[궁수의 전설] 히어로모드 챕터3 버려진 지하 감옥 클리어 하기!,4,2019_12_03,0,0,베드로 TV,0,https://www.youtube.com/watch?v=Xuw-VNF22cc
[궁수의 전설] 눈앞의 위협!! 이벤트 던전을 깨면 과연 몇개의 골드를 얻을수 있을까?,14,2019_12_03,0,0,베드로 TV,0,https://www.youtube.com/watch?v=yacr7og2M1g
궁수의 전설 챕터 13 제일 거지같은 중간 보스,95,2019_12_03,0,0,Jeongrak Park,2,https://www.youtube.com/watch?v=CbhsH8wIRBo
궁수의 전설찍으러 갑니다.,"2,177",2019_12_04,48,1,KD키드,167000,https://www.youtube.com/watch?v=8KQYvXdlpSE
킬링타임 모바일 게임 # 1 궁수의 전설 플레이,2,2019_12_04,1,0,조인석,0,https://www.youtube.com/watch?v=cibWGLfbWJg
[궁수의 전설 #2] 벌써부터 유튜브각을 보는 골드찬&실버찬,"2,311",2019_12_04,52,0,식빵월드,53000,https://www.youtube.com/watch?v=FWeQM9kdovs
궁수의전설 모든 영웅 20레벨 맞췄습니다,149,2019_12_05,0,1,청월검TV,133,https://www.youtube.com/watch?v=uiyKPAUQIxA
궁수의전설 챕터9 클리어 방법 알려드립니다. 모바일게임,24,2019_12_05,1,0,윤혁혁윤,293,https://www.youtube.com/watch?v=vtWHwFJbZ0c
궁수의 전설 챕터13 용암랜드 클리어!,83,2019_12_05,0,0,tv스턴건,0,https://www.youtube.com/watch?v=mXn_O1OmGm8
[궁수의 전설#3] 풀템 궁수의 아찔한 파워를 보여드립니다:),"3,777",2019_12_05,50,0,식빵월드,53000,https://www.youtube.com/watch?v=7mdCAnzSV20
궁수의 전설게임,7,2019_12_06,2,0,짱꾼,6,https://www.youtube.com/watch?v=arjUc6VAerM
[궁수의 전설] 13챕터 클리어,"2,023",2019_12_07,12,0,아굴찜,241,https://www.youtube.com/watch?v=hzTgvDarWqc
궁수의 전설 적절한 아이템 사용과 장비,4,2019_12_07,0,0,민라미,0,https://www.youtube.com/watch?v=iGbKQi9WQYw
그래니 + 궁수의전설 = 그래니를 잡아라,"2,832",2019_12_07,66,1,KD키드,167000,https://www.youtube.com/watch?v=uHxqDaOP15w
100%무과금 궁수의 전설 2챕터 깨기,19,2019_12_07,2,0,junoosYt준우스 유튜브,31,https://www.youtube.com/watch?v=PMjbY4nQ08I
궁수의전설 짝퉁 battle of ninja,10,2019_12_08,0,0,청월검TV,133,https://www.youtube.com/watch?v=6QVxdruBbdg
Archero chapter 9 clear tips / 궁수의전설 챕터9 공략,48,2019_12_08,3,0,[yeTi] 예티 Sung,94,https://www.youtube.com/watch?v=crp-pkQeet4
궁수의전설 짝퉁 battle of ninja,22,2019_12_08,0,0,청월검TV,133,https://www.youtube.com/watch?v=xuEbbZO7dMg
궁수의전설 히어로모드 챕터 5 클리어영상,25,2019_12_08,1,0,Won-young Jeong,5,https://www.youtube.com/watch?v=-ZxfDe4cQrI
궁수의전설 챕터7 최소스펙으로 클리어 해보자(운빨ㅈ망겜),4,2019_12_08,0,0,건블리,0,https://www.youtube.com/watch?v=07pdNL5MgzI
[궁수의 전설 #5] 링피트를 능가하는 본격 운동시키는 게임ㅋㅋㅋ,966,2019_12_08,13,0,식빵월드,53000,https://www.youtube.com/watch?v=VKmeoRGx6Ww
궁수의전설이었던영상.(게임맛양념+수다맛양념),3,2019_12_09,0,0,TE.취킨 YouTube,5,https://www.youtube.com/watch?v=9peV7XBZ4CQ
궁수의전설을 해보았다,0,2019_12_10,0,0,고고씽TV,5,https://www.youtube.com/watch?v=SaN6SJnVwH8
궁수의전설을 해보았다,0,2019_12_10,0,0,게임튜브,0,https://www.youtube.com/watch?v=yLLzUeM5wgc
[궁수의 전설 #6]저는 쉽게 맞지 않습니다. 아재의 피지컬이란 이런것이죠,"1,293",2019_12_10,20,0,식빵월드,53000,https://www.youtube.com/watch?v=tPFkWDB7RdI
궁수의전설 새로운 업데이트 창과 지팡이가 생겼다,212,2019_12_11,2,0,청월검TV,133,https://www.youtube.com/watch?v=roc47mRvqF0
궁수의 전설 챕터11 50탄 감!!,4,2019_12_11,0,0,장문령,0,https://www.youtube.com/watch?v=pTLHCSkwRCc
궁수의전설,8,2019_12_11,2,0,곰곰이의게임TV,2,https://www.youtube.com/watch?v=gTjA2HxHP-c
[궁수의 전설 #7] ㉿장비를 정지합니다...어?...,949,2019_12_11,17,0,식빵월드,53000,https://www.youtube.com/watch?v=axFpT1iFX5M
궁수의전설!!!!!!!!!!!,7,2019_12_12,0,2,건짱TV,8,https://www.youtube.com/watch?v=eQex8vrzAjw
[궁수의 전설 #8] 식빵아재 피지컬 ALL 소진,"1,325",2019_12_12,27,0,식빵월드,53000,https://www.youtube.com/watch?v=5KVn1IiM52Y
궁수의 전설 클리어 영상,6,2019_12_13,1,0,Rold Tube,34,https://www.youtube.com/watch?v=pLPj1GwvGv0
