﻿title,count,date,good_count,bad_count,youtuber,subscriber,url
실력 죽지 않았다... [클래시로얄] 허팝게임,"76,378",2019_01_25,889,83,HeopopGames 허팝게임,362000,https://www.youtube.com/watch?v=g5__L8vhWcI
[클래시로얄] 4300점 쉽게 가는덱,686,2019_01_26,6,0,Paper Story,14,https://www.youtube.com/watch?v=4-WEyNzMU_0
신규카드 돌격 해골병에 대해 알아보자! (업데이트 미리보기) [클래시로얄-Clash Royale] [June],"219,485",2019_01_27,2100,82,JUNE,471000,https://www.youtube.com/watch?v=_gzdDG0T1qs
클래시로얄과 비슷한 지도안코 비슷한 게임,39,2019_01_28,0,1,김미영,1,https://www.youtube.com/watch?v=wRsJoyPEO7E
드디어 클래시로얄 덱 올 만렙 찍었습니다... 어디까지 올라갈 수 있을까?｜클래시로얄-Clash Royale｜DailyBean,571,2019_01_28,8,5,DailyBean 데일리빈,1690,https://www.youtube.com/watch?v=_NRYBwsUNfg
이러다 게임 망합니다 (게임 튕기게 만드는 핵 만남) [클래시로얄],"11,223",2019_02_01,153,12,헤마군CR,32300,https://www.youtube.com/watch?v=hDgUS8Jpuj4
삼총사가 10엘릭서라고? 밸패 리뷰 & 분석 (밸런스 패치 업데이트) [클래시로얄-Clash Royale] [June],"172,926",2019_02_02,2100,79,JUNE,471000,https://www.youtube.com/watch?v=JCK4grEQkm4
시즌 마지막은 발키리 무빙덱과 함께 클래시로얄 clash royale valkyrie graveyard deck play,"3,929",2019_02_03,57,1,워리어 오락실,6710,https://www.youtube.com/watch?v=v-zQMGqqQ7A
클래시로얄 최신 2019 버그판 링크 (버전2.6) 설명란,"95,451",2019_02_04,307,274,현수,274,https://www.youtube.com/watch?v=PugMquKZEfU
삼총사는 사실 11엘릭서다! 진실을 알려드립니다. [클래시로얄-Clash Royale] [June],"189,931",2019_02_05,2100,83,JUNE,471000,https://www.youtube.com/watch?v=xpB8Ao_Oekk
[클래시로얄] 호그레이스는 이 꿀덱으로 6승 고고씽?!,"2,242",2019_02_06,7,6,YongssTV,850,https://www.youtube.com/watch?v=AzTOz1CmBCI
"[클래시로얄] ""돈까스 좋아하세요 ~~?"" 10명중 9명은 바로 넘어오는 냉동돈까스덱 Clash Royale [뻥튀기소년]",73,2019_02_07,4,0,남세향,0,https://www.youtube.com/watch?v=N0MkVPeYLYE
무덤이 부활했다~~ [클래시로얄-Clash Royale] [June],"160,972",2019_02_12,1600,50,JUNE,471000,https://www.youtube.com/watch?v=XyT9cHPGvLI
무덤덱으로 라바 잡기![클래시로얄],"2,134",2019_02_14,55,1,Sunny CR,9480,https://www.youtube.com/watch?v=RyKI8OQKG_4
아빠와 게임하기! 클래시로얄,136,2019_02_15,2,0,유쾌한 지니,953,https://www.youtube.com/watch?v=qq-NwLddQwE
뭔가 이상한 클래시로얄 광고 페러디,"288,078",2019_02_17,0,0,PPAP YT 플라위 TV BJ 언더테일 DJ 샌즈박스,1990,https://www.youtube.com/watch?v=1EK9PrlAhAA
오랜만에 클래시로얄 4100점 전설 실력을 보여준다!!! 허팝게임,"30,163",2019_02_19,422,28,HeopopGames 허팝게임,362000,https://www.youtube.com/watch?v=o_--ZAECtJ4
앞으로 해골 무시하지마라! 해골돌격병을 사용해보았다! [클래시로얄] 허팝게임,"150,827",2019_02_20,1100,81,HeopopGames 허팝게임,362000,https://www.youtube.com/watch?v=_7qFBKLwS7c
클래시로얄 잘생긴 순위 TOP8 (Clash Royale),"1,770",2019_02_21,24,6,로한 LOHAN,516,https://www.youtube.com/watch?v=037zw1fC5i8
무덤덱으로 석궁 잡기![클래시로얄],"2,792",2019_02_22,59,0,Sunny CR,9480,https://www.youtube.com/watch?v=7MsgmHPJt2U
클래시 로얄: 미니 페카 - 모든 것이 팬케이크! 🥞 🥞 🥞,"1,201,394",2019_02_22,7800,363,클래시 로얄,325000,https://www.youtube.com/watch?v=YIhZAeLvE2A
해골돌격병 왜 안쓰는지 분석 완료! [클래시로얄-Clash Royale] [June],"117,028",2019_02_22,1300,45,JUNE,471000,https://www.youtube.com/watch?v=tY_q-ahgMus
(병맛) 뭔가 잘못된 클래시로얄 미니페카 팬케이크 광고 페러디 (구독자 200기념),"4,337",2019_02_22,0,0,PPAP YT 플라위 TV BJ 언더테일 DJ 샌즈박스,1990,https://www.youtube.com/watch?v=oauGfmabFrk
클래시로얄 예쁘게 생긴 미녀 순위 TOP8 (Clash Royale),617,2019_02_23,14,4,로한 LOHAN,516,https://www.youtube.com/watch?v=nsvKEhm5WkI
[게임] 클래시로얄 상자깡 영상 (무슨전설이?) (슈마상+마상),91,2019_02_27,14,0,JIN TUBE장진장진,2000,https://www.youtube.com/watch?v=edUpkBo1p_k
"""세계랭커 1위""의 시즌말 소름돋는 천상계 플레이 [클래시로얄]","63,369",2019_02_27,629,48,헤마군CR,32300,https://www.youtube.com/watch?v=kqVD0wOTfSw
[클래시로얄] 서든데스 꿀덱 2배속으로 12승 가즈아!! (clash royale sudden death tip video),"2,014",2019_02_27,20,0,위드만TV,522,https://www.youtube.com/watch?v=sxzf1HPs1Tw
[Clash Royale] 클래시로얄 일렉트로 마법사 고수 되는 법 3가지,"3,350",2019_02_27,43,2,로한 LOHAN,516,https://www.youtube.com/watch?v=kPa4OclZDqc
[클래시로얄] 뇌박 버리고 기블린으로 그챔 갔습니다!,"20,282",2019_02_28,211,12,채널신효,3310,https://www.youtube.com/watch?v=8lgZ-4giyL4
써니CR 목소리 공개[클래시로얄],"4,213",2019_03_01,63,2,Sunny CR,9480,https://www.youtube.com/watch?v=pTpbONVkvv8
3.4 밸런스 패치 완벽 분석 & 리뷰[클래시로얄-Clash Royale] [June],"135,909",2019_03_02,1600,53,JUNE,471000,https://www.youtube.com/watch?v=bv4UsPKRtik
로얄의 모든 상자를 오픈하기 위해 3년을 모았습니다 드디어 오픈해보겠습니다 - [겔튜브]클래시로얄(clash royale),"826,310",2019_03_04,6100,561,니얼굴윤겔라(geltube),288000,https://www.youtube.com/watch?v=N1dKnpgBdAU
[클래시로얄] 또 세계최초 뇌박 얼티밋 달성!! 얼챔 승급전에서 이도소태도님을..?,"9,798",2019_03_04,119,9,채널신효,3310,https://www.youtube.com/watch?v=rVNixQfSgjE
[모바일게임 클래시 로얄 (Clash Royale)] 플레이 영상 - 냥아치집사,39,2019_03_05,7,0,냥아치집사 PussyCat Butler,1460,https://www.youtube.com/watch?v=kG9-pmIdV6s
3개월 만에 랭크 게임을 해봤습니다 새롭게 달라진 게 있나 볼까요? - [겔튜브]클래시로얄(clash royale),"44,383",2019_03_15,645,14,니얼굴윤겔라(geltube),288000,https://www.youtube.com/watch?v=zBwMrL67UCI
[Clash Royale] 클래시로얄 전설카드 얻는 방법 TOP5 (How to get a Legendary Chest),"6,410",2019_03_15,46,8,로한 LOHAN,516,https://www.youtube.com/watch?v=7lo4LCMvII8
머스킷병은 사랑입니다[클래시로얄],"1,212",2019_03_15,29,1,Sunny CR,9480,https://www.youtube.com/watch?v=c6SCgBXw1P8
복제가 요즘 메타라며? 아... 아닌가... [클래시로얄-Clash Royale] [June],"137,874",2019_03_16,1500,61,JUNE,471000,https://www.youtube.com/watch?v=1lJHE6nKdb0
샌드박스 프로선수분들과 맞짱 떴습니다[클래시로얄],"2,159",2019_03_20,52,0,Sunny CR,9480,https://www.youtube.com/watch?v=F1eKP7AUKH0
*봄수참교육* 클래시로얄 로 압살 해버렸다 ㅋㅋ [게임 코아],"2,432,968",2019_03_20,12000,898,코아 TV,570000,https://www.youtube.com/watch?v=V_5_yYlM7M0
'클래시 로얄 리그 20승' 도전을 위한 창봉이의 명품 갸소리 & 랭킹전🏆,"66,889",2019_03_21,826,23,Pong TV,325000,https://www.youtube.com/watch?v=eZ7x72E-k6Y
형 현자타임 왔다... [클래시로얄-Clash Royale] [June],"235,145",2019_03_26,2100,90,JUNE,471000,https://www.youtube.com/watch?v=Vrd9PKzNqLI
클래시로얄 버그판 다운 링크는 설명란에,"16,325",2019_03_29,57,25,윤정환,87,https://www.youtube.com/watch?v=MOxM-MejH44
[클래시로얄] 석궁덱으로 5200++ 망치 가자!! (Clash Royale),"6,036",2019_03_30,35,2,위드만TV,522,https://www.youtube.com/watch?v=92ziF2YMkF8
클래시로얄 불쌍할 지경인 쓰레기 카드 TOP5 (Clash Royale),"11,189",2019_03_31,76,37,로한 LOHAN,516,https://www.youtube.com/watch?v=-bzlYENzdYk
세계 최고의 카드가 두개나!?[박모군의 클래시로얄 적응기 5화 로자번개덱]클래시로얄 Clash Royale 박모군,282,2019_04_01,12,0,박모군TV,6410,https://www.youtube.com/watch?v=ANnInns_66Y
[클래시로얄] 190401 오늘의 행복로얄 clash royale,"1,803",2019_04_01,30,2,워리어 오락실,6710,https://www.youtube.com/watch?v=Iltcm-UXZBQ
[클래시로얄] 오늘밤엔 무슨덱을 할까 190402 clash royale,"1,805",2019_04_02,31,1,워리어 오락실,6710,https://www.youtube.com/watch?v=QX9QXRuZZZg
클래시로얄 달려라 나무꾼 도전,92,2019_04_03,0,0,폰겜덕후 노사운드,1710,https://www.youtube.com/watch?v=FmpLnaTqX30
최강 로자덱으로 그랜드 챔피언 도달![클래시로얄],"10,940",2019_04_03,91,7,Sunny CR,9480,https://www.youtube.com/watch?v=EPiTqppyD8A
레알 명경기! 이게 게임이야? E스포츠야? 2탄[박모군의 클래시로얄 생방송 하이라이트(1)]클래시로얄 Clash Royale 박모군,255,2019_04_05,8,1,박모군TV,6410,https://www.youtube.com/watch?v=EIqbN_1pxH8
[클래시로얄 Live] 오랜만에 골렘덱! 19.04.10 clash royale,"1,451",2019_04_10,32,1,워리어 오락실,6710,https://www.youtube.com/watch?v=-dmIuPhx9yc
클래시로얄 최고의 인성유튜버,"2,906",2019_04_11,61,3,Sunny CR,9480,https://www.youtube.com/watch?v=YgvfBFjfzfs
골렘을 미끼로 반대쪽에 일격필살 날리면 어떻게 될까요?! [클래시로얄] 허팝게임,"18,036",2019_04_11,221,14,HeopopGames 허팝게임,362000,https://www.youtube.com/watch?v=8REx9IVExVM
클래시 로얄: 금주의 HOT 덱! - 로얄 호그편 (4월 2주차),"45,151",2019_04_12,318,25,클래시 로얄,325000,https://www.youtube.com/watch?v=4n28Rv8DPOU
지진 마법카드 출시!! (업데이트 미리보기) [클래시로얄-Clash Royale] [June],"410,795",2019_04_14,2900,255,JUNE,471000,https://www.youtube.com/watch?v=tnGRMcFy4SU
클래시 로얄: 4월 업데이트! 🏆 트로피 진척도 💥 신규 카드 ⚔️ 신규 게임 모드 👊 TV 로얄!,"142,831",2019_04_14,798,108,클래시 로얄,325000,https://www.youtube.com/watch?v=B3QAz4CqDGQ
[클래시로얄]트로피 진척도 보상받기,266,2019_04_15,1,2,파란바지,254,https://www.youtube.com/watch?v=83JRMxrMcJA
클래시 로얄: 트로피 진척도를 만나보세요! 🏆,"273,641",2019_04_15,1100,112,클래시 로얄,325000,https://www.youtube.com/watch?v=t1O4GMJL5YY
[클래시로얄 Live] 지진마법을 사용해보자! 19.04.16 clash royale,"1,489",2019_04_16,18,0,워리어 오락실,6710,https://www.youtube.com/watch?v=t8Ky5aH4g8M
[클래시로얄] 지진마법 최강덱 알려준다!!,"2,111",2019_04_17,26,1,YongssTV,850,https://www.youtube.com/watch?v=cI7_gWa-Xuw
다 받는데 8분이나 걸리는 엄청난 보상!![클래시로얄],"4,592",2019_04_17,43,2,Sunny CR,9480,https://www.youtube.com/watch?v=ifUZB9LfAl4
클로 대박업데이트 복귀안하는 흑우없제?~ 클래시로얄 사재TV,"7,790",2019_04_17,55,10,사재TV,3370,https://www.youtube.com/watch?v=_JLnB3fpWn8
"[브롤스타즈] 브롤스타즈와 클래시로얄, 콜라보 한다면?","71,355",2019_04_19,3300,93,겜톡톡,91400,https://www.youtube.com/watch?v=bQ0xvJ3HQzE
클래시 로얄: 금주의 HOT 덱! - 순환 벌룬편 (4월 3주차),"42,336",2019_04_19,363,19,클래시 로얄,325000,https://www.youtube.com/watch?v=CzMaER2lNq4
보상 상자 50개 열었다!!!!!!!!!!! 전설상자까지 ㅋㅋㅋ대박!,"316,320",2019_04_19,2300,196,HeopopGames 허팝게임,362000,https://www.youtube.com/watch?v=VQCNqKQEMBc
[클래시로얄 Live] 오랜만에 무덤 랭킹전! 무적의 볼도끼!! 19.04.22 clash royale,"2,052",2019_04_22,46,2,워리어 오락실,6710,https://www.youtube.com/watch?v=ojy0L0D6HvY
클래시로얄 역사상 가장 재밌는 도전이었습니다..갓패치만 하는 클로! 이유가 뭘까? [클래시로얄],"5,990",2019_04_23,133,5,홀릿 Youtube Holit,76100,https://www.youtube.com/watch?v=hXUxi1po6B0
[클래시로얄 Live] 랭킹전! 챔피언을 향해 가즈아!! 19.04.25 clash royale,"1,901",2019_04_25,36,1,워리어 오락실,6710,https://www.youtube.com/watch?v=oOfMmEvWn_c
클래시 로얄: 금주의 HOT 덱! - 광독편 (4월 4주차),"99,096",2019_04_25,671,30,클래시 로얄,325000,https://www.youtube.com/watch?v=TVQ_-bU5ZAY
[다람지아] 오랫만에 하는 게임 - 클래시로얄,408,2019_04_28,14,0,daramjia다람지아,18700,https://www.youtube.com/watch?v=eqUpBq4q8gA
클래시로얄 1주차 Nuri 경기 리뷰,555,2019_04_30,18,0,DRX,67200,https://www.youtube.com/watch?v=IiavGnsBoXg
클래시로얄 챔피언까지 갈수있는덱 추천받았습니다 !! ♡ 꿀잼 모바일게임 clashroyale | 게임 크리에이터 GamgirlWithGames 겜걸TV,"21,280",2019_04_30,97,33,게임방송은 겜걸 Gamgirl,930,https://www.youtube.com/watch?v=2wt1wnoAks4
클래시 로얄 리그 아시아 2019 시즌1 - 2주 1일차,"22,026",2019_05_02,144,9,클래시 로얄 리그 아시아,37800,https://www.youtube.com/watch?v=_z-rEG5f084
클래시로얄 마스터가는 영상,148,2019_05_02,11,1,참용TV,329,https://www.youtube.com/watch?v=zEQq3cnSgu0
삼총이 다시 9코가 되다! 밸패 리뷰 & 분석 [클래시로얄-Clash Royale] [June],"214,568",2019_05_03,3000,86,JUNE,471000,https://www.youtube.com/watch?v=rVKxWIh77jM
[ 클래시 로얄 ] 기블린통으로 그랜드 챔피언 달성!!! + 상자깡 (쭈박),"1,786",2019_05_04,15,5,JJ Hyuck 쭈박,51,https://www.youtube.com/watch?v=0nzL1tGDl3A
CRL ASIA Ho vs KK (클래시로얄 : Clash Royale),936,2019_05_07,16,0,DDaBongTV,3790,https://www.youtube.com/watch?v=fftegQy6Ws0
무덤덱으로 얼티밋 챔피언 7000점 도달![클래시로얄],"8,100",2019_05_07,93,2,Sunny CR,9480,https://www.youtube.com/watch?v=acka-rlKdQs
클래시로얄 + 브롤스타즈 브롤볼을 합친 게임? 진짜 갓겜 ㅋㅋㅋㅋ,"9,261",2019_05_08,168,12,그노Tube,16900,https://www.youtube.com/watch?v=CfodO2Xs3sU
클래시 로얄: Supercell ID로 손쉽게 계정을 전환하세요!,"22,753",2019_05_09,280,11,클래시 로얄,325000,https://www.youtube.com/watch?v=z7FccXizXCg
삼총사 다시 쓸만해 졌을까? [클래시로얄-Clash Royale] [June],"84,053",2019_05_09,1000,22,JUNE,471000,https://www.youtube.com/watch?v=_7gV8ufI9og
보석 충전 필요하신가요 ? 기프트카드 무료로 얻는법 알려줌 !! [클래시로얄],"15,334",2019_05_10,919,16,헤마군CR,32300,https://www.youtube.com/watch?v=tjllJAX_e4I
"올킬당할 뻔한 걸 역으로 올킬각을 재는 ""진짜고수"" 벤저선수 !! [클래시로얄]","37,394",2019_05_10,297,35,헤마군CR,32300,https://www.youtube.com/watch?v=53QnuWEm3Mo
얼티밋 챔피언 7000점 유저랑 '누구나' 친추가능![클래시로얄],"2,963",2019_05_10,88,3,Sunny CR,9480,https://www.youtube.com/watch?v=tizdabfYtu4
클래시로얄 트로피 4600점 도전자3 다시 등극 ! 구독자 이벤트있으니 끝까지보기 ♡ 꿀잼 clashroyale | 게임 크리에이터 GamgirlWithGames 겜걸TV,349,2019_05_10,16,0,게임방송은 겜걸 Gamgirl,930,https://www.youtube.com/watch?v=vcuRSSW_2xo
클래시 로얄 리그 아시아 2019 시즌1 - 3주 3일차,"16,261",2019_05_12,86,7,클래시 로얄 리그 아시아,37800,https://www.youtube.com/watch?v=WBlGPwevwHc
클래시로얄+브롤스타즈 짝퉁?! (배터진붕어빵),257,2019_05_12,4,1,배터진붕어빵,2160,https://www.youtube.com/watch?v=ov0WgQxCRLI
클래시로얄-버그판 최신버전(링크포함),"101,953",2019_05_14,603,155,제로,3430,https://www.youtube.com/watch?v=CpGDLFwt7po
10만원 현질합니다 [브롤스타즈 + 클래시로얄] 럼블스타즈 등장,"11,501",2019_05_15,135,12,엔젤 유튜브,271000,https://www.youtube.com/watch?v=0Ha3Y5IHtDY
고블린 싸움꾼 등장! (업데이트 미리보기) [클래시로얄-Clash Royale] [June],"332,475",2019_05_16,3600,226,JUNE,471000,https://www.youtube.com/watch?v=Nzs1xVXs4do
클래시 로얄 리그 아시아 2019 시즌1 - 4주 1일차,"22,887",2019_05_16,129,32,클래시 로얄 리그 아시아,37800,https://www.youtube.com/watch?v=yzVTC9YfmZY
클래시 로얄: 금주의 HOT 덱! - 자쌍프편 (5월 3주차),"59,006",2019_05_16,446,22,클래시 로얄,325000,https://www.youtube.com/watch?v=lwiCrL1Mvd4
클래시 로얄: 신규 카드 '고블린 우리' 아레나에 오다! 😲,"1,822,820",2019_05_16,9600,973,클래시 로얄,325000,https://www.youtube.com/watch?v=GEcA4hbKdmc
clashroyale 클래시로얄 신규카드 고블린 우리 !! ♡ 겜걸의 게임생방송,717,2019_05_17,19,1,게임방송은 겜걸 Gamgirl,930,https://www.youtube.com/watch?v=8UaIU3_JFzg
클래시 로얄 리그 아시아 2019 시즌1 - 4주 2일차,"24,254",2019_05_18,133,40,클래시 로얄 리그 아시아,37800,https://www.youtube.com/watch?v=JPwL7mihvIM
발로 클래시로얄 하면? 겜걸도 발컨이다 ㅋㅋㅋ ♡ 추천 전략 모바일게임 Clash Royale | GamgirlWithGames 겜걸TV,844,2019_05_18,12,1,게임방송은 겜걸 Gamgirl,930,https://www.youtube.com/watch?v=Mch1J_JhHyY
클래시 로얄: 신규 카드 '고블린 우리'는 어떻게 만들어졌을까요?,"25,034",2019_05_19,325,17,클래시 로얄,325000,https://www.youtube.com/watch?v=741Wvo5yu9Y
클래시 로얄 리그 아시아 2019 시즌1 - 4주 3일차,"18,370",2019_05_19,101,21,클래시 로얄 리그 아시아,37800,https://www.youtube.com/watch?v=3ERBPzua7P4
☆클래시로얄 올고블린덱 출시☆,"6,868",2019_05_20,63,4,Sunny CR,9480,https://www.youtube.com/watch?v=51S529dcXEQ
고블린통덱 덱으로?! 망치(마스터 2) 달성! (클래시로얄:망치 달성) [보더],386,2019_05_22,1,0,보더,67,https://www.youtube.com/watch?v=12lKFBFvDSQ
클래시 로얄 리그 아시아 2019 시즌1 - 5주 1일차,"30,538",2019_05_23,0,0,클래시 로얄 리그 아시아,37800,https://www.youtube.com/watch?v=BYjwEqZGzPs
"드래프트 도전도 결국은 ""피지컬"" 아닙니까 ? [클래시로얄]","12,880",2019_05_23,104,9,헤마군CR,32300,https://www.youtube.com/watch?v=c2X8hZkbfQs
클래시 로얄: 금주의 HOT 덱! - 기베무편 (5월 4주차),"99,233",2019_05_24,665,61,클래시 로얄,325000,https://www.youtube.com/watch?v=zj50x87Y2Go
세계랭킹 100위권가는 최강 로자덱![클래시로얄],"9,229",2019_05_24,113,4,Sunny CR,9480,https://www.youtube.com/watch?v=nAm8FNRBSu8
랭커가 알려주는 클래시로얄 전설카드 순위 TOP 16!,"109,814",2019_05_25,1500,323,마일드참치,162000,https://www.youtube.com/watch?v=WSeQf8NfrZo
[클래시로얄] ☆보상 100% 획득가능☆ 게임 1분컷 방심하면 한방에 간다 서든데스도전 Clash Royale [뻥튀기소년],133,2019_05_25,5,0,남세향,0,https://www.youtube.com/watch?v=41r1vsEgCzU
클래시 로얄 리그 아시아 2019 시즌1 - 5주 2일차,"12,997",2019_05_25,0,0,클래시 로얄 리그 아시아,37800,https://www.youtube.com/watch?v=VoxKfCK1wRU
클래시 로얄 리그 아시아 2019 시즌1 - 5주 3일차,"26,038",2019_05_26,0,0,클래시 로얄 리그 아시아,37800,https://www.youtube.com/watch?v=mHcniZlQlxg
명경기 너무 나와서 분량조절실패 OTL 클래시로얄 연승전 하이라이트! 2019프리시즌 4일차 Clash Royale highligt,148,2019_05_28,7,0,박모군TV,6410,https://www.youtube.com/watch?v=okAF7LLkDe0
[5주차] 복제 시작했다 게임 끝났다,"13,270",2019_05_29,156,3,클래시 로얄 리그 아시아,37800,https://www.youtube.com/watch?v=4MpEawPFqvk
클래시로얄,11,2019_05_29,0,0,청월검TV,133,https://www.youtube.com/watch?v=fSkdxiNllQI
[REPLAY BOY] 칭찬은 TNT도 세리머니하게 한다 - 클래시로얄리그아시아2019,"1,246",2019_05_30,7,0,OGN,525000,https://www.youtube.com/watch?v=n7DXerqgdh4
한국 최초! 1레벨로 4700점을?! 레벨이 비슷해도 찍기 힘든걸 1레벨로 찍어? - [겔튜브]클래시로얄(clash royale),"229,804",2019_05_30,2200,156,니얼굴윤겔라(geltube),288000,https://www.youtube.com/watch?v=ljo0Y8jUXd4
"게임 때문에 5G로 폰 바꾸려는분? 브롤스타즈,클래시로얄,모바일배틀그라운드 전부 안되요. 5G 개쓰래기 입니다!","84,442",2019_05_31,1000,89,뽁구BBokTV,397000,https://www.youtube.com/watch?v=_ty2sgtjUss
엘바 버프 바통 너프!! 밸패 리뷰 & 분석 [클래시로얄-Clash Royale] [June],"144,909",2019_05_31,1800,48,JUNE,471000,https://www.youtube.com/watch?v=GrccX29nFtE
미친 순환 벌룬덱이 떴다!? 이번시즌은 이 덱으로~ [클래시로얄-Clash Royale] [June],"163,988",2019_05_31,1600,55,JUNE,471000,https://www.youtube.com/watch?v=A7qJCSfYadU
7300점? 무덤덱의 한계를 시험해보았습니다[클래시로얄],"10,283",2019_06_01,158,7,Sunny CR,9480,https://www.youtube.com/watch?v=Xi1-tB6uqHY
클래시 로얄 리그 아시아 2019 시즌1 - 6주 2일차,"22,595",2019_06_01,110,20,클래시 로얄 리그 아시아,37800,https://www.youtube.com/watch?v=uQ8AM8ViYbY
클래시 로얄 리그 아시아 2019 시즌1 - 6주 3일차,"18,024",2019_06_02,110,20,클래시 로얄 리그 아시아,37800,https://www.youtube.com/watch?v=QsQyCQK8GbM
[게임교실] 클래시 로얄 (강력한 용용이덱ㅋㅋ),"2,559",2019_06_05,96,3,용용이선생님,8780,https://www.youtube.com/watch?v=PQ-1l_GGJEU
27승은 세계랭커 !? 꿀덱 알려드릴게요 빨리 쓰세요 !! [클래시 로얄],"11,359",2019_06_05,115,11,헤마군CR,32300,https://www.youtube.com/watch?v=zlIvx0t_xA4
클래시로얄이 갓겜인 이유는???,460,2019_06_06,20,8,[Strong Hand] 스핸TV,9880,https://www.youtube.com/watch?v=Bf--wr5Y4Q4
한국 유튜버 최초로 천상계 7500점에 도달했습니다[클래시로얄],"32,016",2019_06_06,427,21,Sunny CR,9480,https://www.youtube.com/watch?v=8BQrWSCDnb0
역시 아진쌤은 금손이지요~ 클래시로얄 상자깡!,"296,958",2019_06_07,1700,354,아진쌤AJINTV,51100,https://www.youtube.com/watch?v=-fi2saAFTRk
[■ 클래시 로얄 ■]마스터까지 확실히 갈 수 있는 덱,"12,255",2019_06_07,52,15,NURRY 누리TV,41,https://www.youtube.com/watch?v=l_fPTzqCyDU
클래시 로얄 리그 아시아 2019 시즌1 - 7주 2일차,"20,048",2019_06_08,105,13,클래시 로얄 리그 아시아,37800,https://www.youtube.com/watch?v=km96lSVePgo
클래시로얄 상자깡 까는것마다 전설띄워버리기,108,2019_06_10,3,1,뚜농Tube,34,https://www.youtube.com/watch?v=LBWBiwGy1jo
요즘 메타 파괴 악 광박덱! [클래시로얄-Clash Royale] [June],"117,453",2019_06_11,1200,64,JUNE,471000,https://www.youtube.com/watch?v=xPd1F2wIOdc
클래시 로얄: Supercell ID로 모든 게임을 연동하세요!,"140,568",2019_06_13,1500,68,클래시 로얄,325000,https://www.youtube.com/watch?v=NiBUwRbf9e0
[REPLAY BOY] 슈퍼보이의 슈퍼 눈덩이 비하인드 - 클래시로얄리그아시아2019,120,2019_06_13,1,1,OGN,525000,https://www.youtube.com/watch?v=SidmLyh1uNs
귀염둥이 Line에게 배우는 고 승률의 클래시로얄 덱!!,933,2019_06_14,17,1,DRX,67200,https://www.youtube.com/watch?v=V4z2Bfgyaz4
클래시 로얄: 금주의 HOT 덱! - 페틀램편 (6월 2주차),"74,960",2019_06_14,548,27,클래시 로얄,325000,https://www.youtube.com/watch?v=hWFjXQbYoC4
클래시 로얄: 금주의 HOT 덱! - 자고파키편 (6월 3주차),"73,383",2019_06_21,495,39,클래시 로얄,325000,https://www.youtube.com/watch?v=1xRPuPXvdIY
짤릴각오 하고 올리는 업데이트 소식 [클래시로얄-Clash Royale] [June],"138,088",2019_06_21,2200,77,JUNE,471000,https://www.youtube.com/watch?v=F_yvRYCKXMg
이 구간은 제정신이 아니네요. 망치 탈출이 어려운 이유는 바로 - [클래시 로얄],"25,272",2019_06_22,208,16,헤마군CR,32300,https://www.youtube.com/watch?v=9dyZ80p2n0Q
[■클래시로얄■]마스터2 찍을 수 있을까??,"1,013",2019_06_22,6,1,NURRY 누리TV,41,https://www.youtube.com/watch?v=ijXnDGGgdkI
클래시 로얄 리그 아시아 2019 시즌1 - 플레이오프 2일차,"39,733",2019_06_23,211,36,클래시 로얄 리그 아시아,37800,https://www.youtube.com/watch?v=gLX8oAA56fo
클래시로얄 역전승? 대박 페카 어그로 제대로다 감전 최고다 초대박 반전경기 ♡ 꿀잼 모바일게임 clashroyale | 겜걸TV,243,2019_06_24,10,0,게임방송은 겜걸 Gamgirl,930,https://www.youtube.com/watch?v=psTHDSOQUTI
구독자 추천 닼무빙 수정 조금만하면 이거?? 클래시로얄 사재TV,756,2019_06_25,44,0,사재TV,3370,https://www.youtube.com/watch?v=z7807aIhf5M
[클래시로얄]상자 사이클 앱(Stats Royale)소개&사용법,525,2019_06_25,5,0,CANTUNA캔튜너,270,https://www.youtube.com/watch?v=7kpjjc9ynNQ
[클래시로얄 Live] 메가덱 도전과 랭킹전! 19.06.26. clash royale,"2,123",2019_06_26,35,1,워리어 오락실,6710,https://www.youtube.com/watch?v=tgh-_ir3-fg
업데이트 떡밥 총 정리 & 업뎃 예측 [밀키드 클래시로얄],931,2019_06_28,20,1,Mil_kid,450,https://www.youtube.com/watch?v=ZC_CwJuacsQ
신규 전설카드 등장! 신박한 공격방법! (업데이트 미리보기) [클래시로얄-Clash Royale] [June],"312,965",2019_06_29,3600,242,JUNE,471000,https://www.youtube.com/watch?v=KKvBtC6kTaM
클래시 로얄 리그 아시아 2019 시즌1 - 결승전,"41,340",2019_06_29,275,16,클래시 로얄 리그 아시아,37800,https://www.youtube.com/watch?v=ibYeZiI5m6M
사재랑 클래시로얄 친추 하실분~~ 클래시로얄 사재TV,"1,382",2019_06_29,75,2,사재TV,3370,https://www.youtube.com/watch?v=wLSJsu7pnXE
클래시 로얄 시즌 1: 대홍수! 🌊,"593,806",2019_06_29,8700,278,클래시 로얄,325000,https://www.youtube.com/watch?v=TjNsPWgTPfA
[클래시 로얄] 5600+ 구간 렙빨 기블린 미러전 게임 리플레이,88,2019_06_30,2,0,Nice Account CR,6,https://www.youtube.com/watch?v=JB-2T0QxkiE
클래시 로얄: 7월 업데이트! 시즌 1 게임 플레이 | 로얄 패스 | 신규 카드 | TV 로얄 🔥,"94,063",2019_06_30,827,88,클래시 로얄,325000,https://www.youtube.com/watch?v=WTq9lqBD23s
"신규 카드 낚시꾼, 로얄패스, 신규모드까지 대규모 업데이트 미리보기 [클래시로얄-Clash Royale] [June]","232,225",2019_06_30,3000,140,JUNE,471000,https://www.youtube.com/watch?v=u0MVY1og7No
로얄패스를 무조건 사야하는 이유(로얄 업데이트) 클래시로얄 사재TV,"13,982",2019_07_01,146,15,사재TV,3370,https://www.youtube.com/watch?v=Bo3onFaVNjs
클래시 로얄: '로얄 패스' & '시즌'을 소개합니다! 👑,"67,466",2019_07_01,547,54,클래시 로얄,325000,https://www.youtube.com/watch?v=VrWPwpjICY8
클래시로얄 로얄패스 구매완료 ! / 13레벨 만렙 엄청 못하네요 지갑전사 발견 !! ♡ 꿀잼 모바일게임 | GamgirlWithGames 겜걸TV,"2,395",2019_07_01,23,11,게임방송은 겜걸 Gamgirl,930,https://www.youtube.com/watch?v=Mh1jsr7SZU0
"눈덩이 너프, 고블린 우리 버프!! 7.1 밸런스 패치 분석 (업데이트 미리보기) [클래시로얄-Clash Royale] [June]","163,336",2019_07_01,1800,67,JUNE,471000,https://www.youtube.com/watch?v=H1nN0OBDL14
"바통, 눈덩이 너프 후 체감 비교! [밀키드 클래시로얄]",502,2019_07_02,16,1,Mil_kid,450,https://www.youtube.com/watch?v=n4lh1XEfwUI
다트고블린에 대한 꿀팁(안보면 진짜 손해) 클래시로얄 사재TV,"1,928",2019_07_04,58,0,사재TV,3370,https://www.youtube.com/watch?v=L8b1kaAfInQ
클래시로얄 드디어 달성한 마스터2 무슨덱으로 올라갔을까 ? 5300점 추천덱 ♡ 꿀잼 모바일게임 clashroyale | 겜걸TV,"1,812",2019_07_04,18,3,게임방송은 겜걸 Gamgirl,930,https://www.youtube.com/watch?v=CHzI9ouHmp4
클래시 로얄: 금주의 HOT 덱! - 라벌편 (7월 1주차),"75,348",2019_07_05,587,36,클래시 로얄,325000,https://www.youtube.com/watch?v=V_jbQWjkFhE
클래시로얄 낚시꾼 많이뽑기... +사이다영상,239,2019_07_05,15,0,알수,243,https://www.youtube.com/watch?v=RHOxii66-mU
낚시꾼 널 위해 이 날만을 기다렸다! [클래시로얄-Clash Royale] [June],"1,330,984",2019_07_06,7600,823,JUNE,471000,https://www.youtube.com/watch?v=W92aGkfRMa8
클래시로얄 계정판매!(설명참고 해주세요),334,2019_07_06,3,1,선배치느님,487,https://www.youtube.com/watch?v=rptTSyS5974
토너 12승 낚시꾼덱으로 사기인지 아닌지 말해준다! [클래시로얄-Clash Royale] [June],"204,045",2019_07_10,1800,93,JUNE,471000,https://www.youtube.com/watch?v=h08B035E1GI
클래시로얄에 현존하는 가장 비싼 특가상품 지르셨습니다[Cash Royale],"11,256",2019_07_12,143,12,Sunny CR,9480,https://www.youtube.com/watch?v=8t9LISm8lGg
미췬 꿀잼 도전 하늘을 향해 *꿀잼보장* 클래시로얄 사재TV,"1,173",2019_07_12,63,0,사재TV,3370,https://www.youtube.com/watch?v=xwCqGw8mRGE
클래시 로얄: 금주의 HOT 덱! - 뇌전석궁편 (7월 2주차),"99,876",2019_07_12,720,47,클래시 로얄,325000,https://www.youtube.com/watch?v=QFAzqy18vK8
잭선수까지 만나버리는 고여버린 클래식 【클래시 로얄 호그덱】,"15,581",2019_07_12,145,33,헤마군CR,32300,https://www.youtube.com/watch?v=pUzEiPtdAuw
요즘 메타는 공중이지~ 라광덱 만나보시죠~ 클래시로얄 사재TV,"1,480",2019_07_13,43,1,사재TV,3370,https://www.youtube.com/watch?v=a351TVQCtfw
고블린 우리 메타 된다 했제~? [클래시로얄-Clash Royale] [June],"247,808",2019_07_13,2200,114,JUNE,471000,https://www.youtube.com/watch?v=JaC7hu0EToA
한 로얄 천재가 알아낸 삼총사 쉽게 막는 방법 [클래시 로얄],"94,386",2019_07_15,706,149,헤마군CR,32300,https://www.youtube.com/watch?v=UZGAuC0Fpbg
clashroyale 클래시로얄 라이브 새로운덱으로 마스터 가봅니다 ㅋㅋ♡ 겜걸의 게임생방송 모바일게임,382,2019_07_15,8,3,게임방송은 겜걸 Gamgirl,930,https://www.youtube.com/watch?v=DaincbP6SBY
클래시로얄 맵에 물이 찼다!!,"9,219",2019_07_16,149,9,아진쌤AJINTV,51100,https://www.youtube.com/watch?v=i4ciVDDGbdo
[클래시로얄] 클로에서 에어라이더 해버렸습니다 ㅋㅋㅋㅋㅋㅋ Clash Royale [남세향],105,2019_07_17,5,0,남세향,0,https://www.youtube.com/watch?v=7TOlvGfpXw0
클래시 로얄: 금주의 HOT 덱! - 대카골렘편 (7월 3주차),"81,991",2019_07_18,571,46,클래시 로얄,325000,https://www.youtube.com/watch?v=m-HEwypJCKk
이 덱 평생 쓰는 거 맞네요. PART 1. [밀키드 클래시로얄],"1,236",2019_07_18,26,0,Mil_kid,450,https://www.youtube.com/watch?v=1ti3jBNwEyU
트로피 쉽게 올리는 개사기카드 두 장 - 그렇다면 순환박격덱 !! [클래시 로얄],"23,052",2019_07_20,172,15,헤마군CR,32300,https://www.youtube.com/watch?v=Jws-k27lsok
신규 타워스킨 얻었당~ [클래시로얄-Clash Royale] [June],"153,976",2019_07_21,1600,55,JUNE,471000,https://www.youtube.com/watch?v=g__edJ9TRAg
위장 로자덱으로 🏆꿀 빠세요![밀키드 클래시로얄],435,2019_07_21,10,0,Mil_kid,450,https://www.youtube.com/watch?v=RFmJxUzd7lM
clashroyale 클래시로얄 라이브 로자가 답이다 마스터 가봅니다 ㅋㅋ♡ 겜걸의 게임생방송 모바일게임,510,2019_07_22,11,0,게임방송은 겜걸 Gamgirl,930,https://www.youtube.com/watch?v=Y2DXn7WToXM
오늘 출시한 게임에 처음부터 10만원 현질했더니 캐릭터의 상태가?! 근데 이겜 클래시로얄이랑 비슷해!! [퍼스트 서머너],"32,712",2019_07_22,387,28,비누TV,449000,https://www.youtube.com/watch?v=SghlouN9_KI
클래시 로얄: 금주의 HOT 덱! - 로켓로자편 (7월 4주차),"96,177",2019_07_25,621,48,클래시 로얄,325000,https://www.youtube.com/watch?v=xC_pOGjODaw
클래시로얄: 기베무로 8000점 도전하기#1 랭커 플레이![Sunny CR],"18,063",2019_07_25,198,10,Sunny CR,9480,https://www.youtube.com/watch?v=FYE1B8tP0Mo
클래시로얄: 로자덱으로 8000점 도전하기#2 랭커 플레이![Sunny CR],"23,453",2019_07_26,258,12,Sunny CR,9480,https://www.youtube.com/watch?v=a_bBRtCmYVc
구독자가 추천해 준 게임! 브롤스타즈와 클래시로얄,105,2019_07_26,3,0,채진석강사,3740,https://www.youtube.com/watch?v=sNt2ySVG4AU
클래시로얄: 볼무독으로 8000점 도전하기#3 랭커 플레이![Sunny CR],"18,282",2019_07_27,239,10,Sunny CR,9480,https://www.youtube.com/watch?v=bxxbWW8dfn4
[클래시로얄] 클로 고인물이라면 모를수없는 황제(였던)카드.... 지금은 호구된 엘바덱 Clash Royale [남세향],133,2019_07_28,5,0,남세향,0,https://www.youtube.com/watch?v=PiI112AC1Ks
메가덱 도전 공략 알려준다~ [클래시로얄-Clash Royale] [June],"143,966",2019_07_29,1500,65,JUNE,471000,https://www.youtube.com/watch?v=qDu6h45ZfZ0
"클래시로얄 돈핵,보석핵 테스트 2편",373,2019_07_30,4,1,문상채굴기',7,https://www.youtube.com/watch?v=3LAZGAKvv7I
클래시로얄: 대카무덤덱으로 8000점 도전하기#4 랭커 플레이![Sunny CR],"13,133",2019_08_01,151,6,Sunny CR,9480,https://www.youtube.com/watch?v=u0tFhX7DCO4
클래시로얄 보석 공짜로 사는 방법 (쉬움 주의),"17,911",2019_08_02,1100,81,헤마군CR,32300,https://www.youtube.com/watch?v=nZfAVaasrF0
클래시로얄 무덤덱으로 8000점 도전하기#6 랭커 플레이![Sunny CR],"9,814",2019_08_02,123,12,Sunny CR,9480,https://www.youtube.com/watch?v=wYoBrSBRjLQ
클래시로얄 무덤덱으로 8000점 도전하기#7 랭커 7700++ 플레이![Sunny CR],"11,149",2019_08_03,149,5,Sunny CR,9480,https://www.youtube.com/watch?v=hFxCziqOJSA
"클래시 로얄: 시즌 2 업데이트! 🏝️ 신규 아레나, 게임 모드, 타워 스킨 & 밸런스 조정! TV 로얄","74,244",2019_08_03,735,44,클래시 로얄,325000,https://www.youtube.com/watch?v=AREvYmGUU20
시즌2 업데이트 미리보기 & 밸런스패치 [클래시로얄-Clash Royale] [June],"140,476",2019_08_03,1700,61,JUNE,471000,https://www.youtube.com/watch?v=jRNifXUDeys
[모바일게임 추천] 클래시로얄+앵그리버드=갓겜 배드랜드 브롤(Bedland Brawl) 리뷰,"1,115",2019_08_04,9,0,"돌겜TV, 게임 대신 걸러드림",890,https://www.youtube.com/watch?v=lAePzMjE8eY
클래시 로얄 시즌 2: 난파! 🏖️ 새로운 8월 업데이트 😎,"53,951",2019_08_05,589,32,클래시 로얄,325000,https://www.youtube.com/watch?v=ezqdMsCvU1U
클래시로얄 세계 유튜버 최초로 7800점을 달성했습니다![Sunny CR],"25,491",2019_08_06,316,12,Sunny CR,9480,https://www.youtube.com/watch?v=aagUUGuCOL8
"효율 좋고, 유명한 라바 복제덱! (클래시로얄 클래식도전-라바 복제덱) [보더]",112,2019_08_06,3,0,보더,67,https://www.youtube.com/watch?v=hERLX7CNVlg
버프받은 낚시꾼 만렙 미쳤다!! [클래시로얄],"203,945",2019_08_07,2100,118,JUNE,471000,https://www.youtube.com/watch?v=867P-kTJE14
오늘은 클래시로얄 버그판 링크공유!!,"4,310",2019_08_07,41,6,유튜브 찍는 유튜버,57,https://www.youtube.com/watch?v=apRyJ158VCA
랭겜 사기카드 벌룬으로 점수 쉽게 올리는 개꿀팁 【클래시 로얄 챔피언 푸쉬】,"8,531",2019_08_07,101,10,헤마군CR,32300,https://www.youtube.com/watch?v=zwvAJm0bcws
클래시 로얄: 금주의 HOT 덱! - 고우리라광편 (8월 1주차),"57,562",2019_08_08,509,43,클래시 로얄,325000,https://www.youtube.com/watch?v=txIuvtF2ZHw
클래시로얄 랭커 100명이 사용하는 전설카드 순위 TOP5,"3,032",2019_08_09,0,0,LIVE RANKING,21300,https://www.youtube.com/watch?v=M2tmgtEIu7s
클래시로얄 한국 무덤 1위와 호그 1위가 붙었다! 과연 승자는?[Sunny CR],"25,112",2019_08_10,277,15,Sunny CR,9480,https://www.youtube.com/watch?v=GSjI5duy74c
클래시 로얄1,61,2019_08_10,1,0,방송손하율,2270,https://www.youtube.com/watch?v=nQ1zeQvEEiw
clashroyale 클래시로얄 라이브 시작합니다 뿅 !!! ♡ 겜걸의 게임생방송 모바일게임,411,2019_08_12,11,0,게임방송은 겜걸 Gamgirl,930,https://www.youtube.com/watch?v=39qtzyppHcA
클래시로얄 랭겜에서 일본프로선수를? 국뽕메타 갑니다[Sunny CR],"9,297",2019_08_12,162,3,Sunny CR,9480,https://www.youtube.com/watch?v=cX-Km24TQTM
쓰레기에서 영웅된 카드순위5(클래시로얄),881,2019_08_14,0,0,LIVE RANKING,21300,https://www.youtube.com/watch?v=c70JjZ-M5aM
클래시로얄 최신버그판 링크 (2019),"43,714",2019_08_16,359,45,항우,25299,https://www.youtube.com/watch?v=ShrnpCPwUsk
클래시로얄 고인물만 아는 것,"59,883",2019_08_16,730,35,Sunny CR,9480,https://www.youtube.com/watch?v=QW35ltyjgOE
5분순삭 핸드폰 게임 추천 클래시로얄 (직장인 환영). 심플하지만 오묘한 스마트폰 게임! 아이폰 아이패드 갤럭시 다 됨,168,2019_08_16,2,0,남자들의 채널 - 행즐TV,391,https://www.youtube.com/watch?v=B56eTiHJWwo
"클래시로얄 전설순위, 픽률 top 17","7,061",2019_08_17,53,1,알수,243,https://www.youtube.com/watch?v=6s_AuojHruY
"쓰기 어려운 카드인데 여러분들은 ""고수""입니까 !? 【클래시 로얄 덱 소개】","12,353",2019_08_17,119,15,헤마군CR,32300,https://www.youtube.com/watch?v=Zz_56BSDG18
한국 기블린덱 1위? 실력 테스트 해보겠습니다[클래시로얄][Sunny CR],"26,701",2019_08_18,261,12,Sunny CR,9480,https://www.youtube.com/watch?v=bWSIJyTdIxI
고블린우리 만렙! 드디어 모든카드 만렙 찍었습니다ㅎ [클래시로얄],"286,830",2019_08_18,2600,126,JUNE,471000,https://www.youtube.com/watch?v=FNOUOM_y7tI
클래시로얄 한국 유튜버 순위 TOP 10,"14,287",2019_08_21,248,11,Sunny CR,9480,https://www.youtube.com/watch?v=kZPMg6aL2ag
프로 경기에서도 나온 무덤의 다양한 활용법 【클래시 로얄 기베무】,"11,347",2019_08_22,114,5,헤마군CR,32300,https://www.youtube.com/watch?v=ygLR_WWo9tI
클래시 로얄: 금주의 HOT 덱! - 광박편 (8월 3주차),"62,046",2019_08_22,464,35,클래시 로얄,325000,https://www.youtube.com/watch?v=E4hUS_miAi4
전국 1위가 알려주는 골렘덱 제대로 쓰는 방법![클래시로얄][Sunny CR],"28,003",2019_08_22,283,21,Sunny CR,9480,https://www.youtube.com/watch?v=qQSxiVzjbIQ
램 라이더와 함께 하는 클래시 로얄 - 호그 마운틴 탈출기 & 전설 상자 까기 과연 결과는?,218,2019_08_23,9,1,JACK TV,36000,https://www.youtube.com/watch?v=7Mo7Ic_Aj98
클래시로얄 기베무로 한국랭킹 1위 도전하기 1일차![Sunny CR],"11,046",2019_08_23,147,6,Sunny CR,9480,https://www.youtube.com/watch?v=pqi1Wm91JKc
글로벌 토너먼트 21승 덱 강추입니다! 클래시로얄 사재TV,501,2019_08_24,24,1,사재TV,3370,https://www.youtube.com/watch?v=QhS8QLLn5qg
클래시 로얄 리그 아시아 2019 시즌2 - 1주 2일차,"23,606",2019_08_24,146,12,클래시 로얄 리그 아시아,37800,https://www.youtube.com/watch?v=-3dMS90Ht8o
COC + 클래시로얄?! 슈퍼셀 차기작 게임 / 러쉬워즈 광고 분석합니다. - 지근,"1,294",2019_08_26,38,2,지근,37200,https://www.youtube.com/watch?v=-2efutZpF4U
"광박덱 중 ""최고난이도""라 세계랭커 사이에선 엄청난 메타덱!! 【클래시 로얄 덱 소개】","10,804",2019_08_26,136,6,헤마군CR,32300,https://www.youtube.com/watch?v=oTPl21OUG3A
클래시로얄이 안망하는 이유 TOP5,519,2019_08_29,0,0,LIVE RANKING,21300,https://www.youtube.com/watch?v=t7j3uN2hd1o
클래시 로얄: 시즌 3 공개! 💪 9월 업데이트 뉴스 & 밸런스 조정! [TV 로얄],"45,371",2019_08_31,492,28,클래시 로얄,325000,https://www.youtube.com/watch?v=b2n15Sbe5_w
각만 잡아주면 강 안 건너고 ★상대타워순삭★ 【클래시 로얄 덱 소개】,"10,820",2019_08_31,123,6,헤마군CR,32300,https://www.youtube.com/watch?v=fZpry56CPew
클로 개발자는 무슨생각일까? (업데이트 미리보기) [클래시로얄-Clash Royale] [JUNE],"518,973",2019_08_31,4700,222,JUNE,471000,https://www.youtube.com/watch?v=GVvBGtnNuck
"미쳐버린 파괴력.. 게임 이기는 데 겨우 ""30초""면 됩니다 【클래시 로얄 서든데스도전】","12,154",2019_09_02,135,9,헤마군CR,32300,https://www.youtube.com/watch?v=jvDv1vVSnos
'전설도전'에서 느낀 진짜 개사기 전설카드 【클래시 로얄 전설 도전】,"11,148",2019_09_03,116,6,헤마군CR,32300,https://www.youtube.com/watch?v=nuMWicu6V2k
나무꾼 바통 너프? 그래도 이 덱은 여전히 사기입니다![클래시로얄][Sunny CR],"16,001",2019_09_06,158,7,Sunny CR,9480,https://www.youtube.com/watch?v=5xXlUtG9iMo
클래시 로얄 리그 아시아 2019 시즌2 - 3주 2일차,"21,483",2019_09_07,154,3,클래시 로얄 리그 아시아,37800,https://www.youtube.com/watch?v=dcHcic26PAI
랭커들이 낚시꾼덱을 쓰는 이유가 뭘까?[클래시로얄][Sunny CR],"20,885",2019_09_08,188,9,Sunny CR,9480,https://www.youtube.com/watch?v=hnQUCp_il6U
낚시꾼 한 번 더 버프 먹는다고 했쥥~? [클래시로얄-Clash Royale],"341,826",2019_09_09,2900,122,JUNE,471000,https://www.youtube.com/watch?v=qCKU8UgMbpc
수비 좋고 공격도 미쳐버린 트로피전 ★밸런스최강덱★ 【클래시 로얄 메타덱】,"23,411",2019_09_09,178,9,헤마군CR,32300,https://www.youtube.com/watch?v=knmBONxR7o8
클래시 로얄에 컨트롤이 추가된다면..?! 🐶꿀잼입니다 이거ㅋㅋㅋㅋㅋ,"30,057",2019_09_11,518,20,Pong TV,325000,https://www.youtube.com/watch?v=FRjbIwfRaBU
클래시 로얄 리그 아시아 2019 시즌2 - 4주 1일차,"16,803",2019_09_12,131,8,클래시 로얄 리그 아시아,37800,https://www.youtube.com/watch?v=tdVYHsKVdlE
추석패키지 저는 흑우입니다 음머어~~ 클래시로얄 사재TV,562,2019_09_13,48,0,사재TV,3370,https://www.youtube.com/watch?v=sMXTvsa7aHY
"*사기주의* 달려라 나무꾼 꿀잼,승률 보장 덱 클래시로얄 사재TV","2,921",2019_09_13,50,1,사재TV,3370,https://www.youtube.com/watch?v=tTJpmA_RDKI
"여러가지의 게임을 해 보았다!! 브롤스타즈,클래시로얄,피아노 타일 을 했다.",31,2019_09_13,0,0,권석진,5,https://www.youtube.com/watch?v=mhHfIH111ro
달려라 나무꾼 도전! 이건 대충해도 9승?! [ 클래시 로얄 - CLASH ROYALE ] 아틴,"1,844",2019_09_13,26,8,아틴,14600,https://www.youtube.com/watch?v=unFdM7Wr7cA
clashroyale 클래시로얄 트로피올리자 !! LIVE ♡ 겜걸의 게임생방송 모바일게임,234,2019_09_16,5,0,게임방송은 겜걸 Gamgirl,930,https://www.youtube.com/watch?v=WAtul8m_Sw0
램라이더 만렙 찍었다! 소문난 램창봉덱 써보겠읍니다[클래시로얄][Sunny CR],"25,905",2019_09_16,267,11,Sunny CR,9480,https://www.youtube.com/watch?v=zxbejie9LPM
하나도 아니고 쌍으로 괴롭히는 라바 쌍미니언덱![클래시로얄][Sunny CR],"13,607",2019_09_17,153,6,Sunny CR,9480,https://www.youtube.com/watch?v=2ucDH-YBK9E
클래시 로얄 리그 아시아 2019 시즌2 - 5주 1일차,"11,993",2019_09_19,77,5,클래시 로얄 리그 아시아,37800,https://www.youtube.com/watch?v=RxJthIBO4ss
최강 로자덱 세계 2위 한국인의 미친 플레이![클래시로얄][Sunny CR],"24,275",2019_09_19,162,8,Sunny CR,9480,https://www.youtube.com/watch?v=i28EUmkvklg
클래시 로얄 하기 (게임놈들),26,2019_09_20,6,0,놈들게임,31,https://www.youtube.com/watch?v=VMsafGFBI58
귀찮게 두 명이나 와서 *클래시로얄 참교육을 두 배*로 진행했습니당 ㅋㅋ [게임 코아],"718,014",2019_09_21,7300,345,코아 TV,570000,https://www.youtube.com/watch?v=A5KC1namFKQ
클래시 로얄 리그 아시아 2019 시즌2 - 5주 3일차,"11,095",2019_09_22,76,4,클래시 로얄 리그 아시아,37800,https://www.youtube.com/watch?v=4-Wfj_Qyvgg
클래시 로얄: 금주의 HOT 덱! - 자해무빙편 (9월 4주차),"68,273",2019_09_24,478,48,클래시 로얄,325000,https://www.youtube.com/watch?v=0VfQMyDwNc4
[폰게임/채팅못봐요] 클래시로얄,2,2019_09_25,0,0,불꽃시참카이샤르,181,https://www.youtube.com/watch?v=M-zI3ocLGhI
[REPLAY BOY] 대석장을 무너뜨린 FAKE 석궁덱! - 클래시로얄 리그 아시아 2019 시즌 2,403,2019_09_27,5,0,OGN,525000,https://www.youtube.com/watch?v=LwmPwd4fmEc
랭커들이 쓰는 메타 1위 무덤덱 너무 좋다![클래시로얄][Sunny CR],"18,559",2019_09_27,140,7,Sunny CR,9480,https://www.youtube.com/watch?v=DRU2PR18V6I
엘릭서 골렘? 신규 모드출시! (업데이트 미리보기) [클래시로얄-Clash Royale] [June],"279,337",2019_09_28,3400,151,JUNE,471000,https://www.youtube.com/watch?v=pXPsjAzyeNM
클래시 로얄: 9월 업데이트 소식! TV 로얄,"118,805",2019_09_28,1000,67,클래시 로얄,325000,https://www.youtube.com/watch?v=hAtEL1aQUVM
[REPLAY BOY] TNT 최애카드 너프사건! - 클래시로얄 리그 아시아 2019 시즌 2,274,2019_09_28,2,0,OGN,525000,https://www.youtube.com/watch?v=ORYegf5wTi8
닼베무면 글로벌 토너먼트 너무 쉽죠^^ [밀키드 클래시로얄],194,2019_09_28,8,0,Mil_kid,450,https://www.youtube.com/watch?v=VDfEkJ3FHHw
끊이지 않는 공격!! 3.0 미니페카 순환호그덱[클래시로얄][Sunny CR],"33,992",2019_09_29,271,16,Sunny CR,9480,https://www.youtube.com/watch?v=HrxianFnDxc
클래시 로얄 리그 아시아 2019 시즌2 - 6주 3일차,"16,773",2019_09_29,130,5,클래시 로얄 리그 아시아,37800,https://www.youtube.com/watch?v=3DsqsKABNgs
비행기게임과 클래시로얄하기,21,2019_09_30,3,0,단우튜브,12,https://www.youtube.com/watch?v=rWVovggXgFI
클래시로얄 캐릭터가 돼서 전쟁하는 게임!! [로블록스 CLASH],680,2019_10_01,13,1,신나는게임 우니TV,0,https://www.youtube.com/watch?v=wyw9EwcXneo
★해골통 개사기카드 등극★ 챔피언 차-암 쉽쥬? 【클래시 로얄 트로피전】,"10,009",2019_10_01,115,4,헤마군CR,32300,https://www.youtube.com/watch?v=Ru30uhf_b54
추억속 게임 클래시로얄 ! [ Play clash loyal],37,2019_10_01,5,0,천악,32,https://www.youtube.com/watch?v=MsFIrFvmzeg
클래시로얄 매칭시스템 비밀(주작) 알고리즘 파악했습니다 사재TV,"1,547",2019_10_02,56,1,사재TV,3370,https://www.youtube.com/watch?v=ghUqSaYRubk
엘릭서 골렘 출시! 죽어도 계속 부활하냐 (업데이트 미리보기) [클래시로얄-Clash Royale] [June],"733,995",2019_10_02,5900,295,JUNE,471000,https://www.youtube.com/watch?v=lEvDL6zzhqE
클래시 로얄: 신규 카드 - 엘릭서 골렘! 👊 시즌 4 애니메이션 공개 🎃,"361,157",2019_10_02,2900,129,클래시 로얄,325000,https://www.youtube.com/watch?v=AVbCiVBjFSQ
낚시꾼 11렙으로 얼챔! 역시 메타 1위덱 클라스[클래시로얄][Sunny CR],"12,359",2019_10_02,118,3,Sunny CR,9480,https://www.youtube.com/watch?v=xJa8CENoRZE
"랭커가 알려주는 수비 쉽게 잘하는 ""개꿀팁"" (플레이 미쳤..) 【클래시로얄 랭커 초대석】","54,085",2019_10_02,457,18,헤마군CR,32300,https://www.youtube.com/watch?v=zaVwBbS2gW0
게임영상 (클래시로얄),7,2019_10_03,1,0,아리야화,251,https://www.youtube.com/watch?v=J8ASRs_GR6g
클래시로얄 할로윈 업데이트 (게임),25,2019_10_03,1,0,도다TV,37,https://www.youtube.com/watch?v=kEQupv2EsWY
클래시로얄 포탈이 마인크래프트에 생긴다 !? 모바일게임 할필요가 없음 ㅋㅋ (minecraft),342,2019_10_03,20,1,태택이 유튜브,27900,https://www.youtube.com/watch?v=bPtlMDDbiP4
클래시 로얄 리그 아시아 2019 시즌2 - 7주 1일차,"14,008",2019_10_03,103,5,클래시 로얄 리그 아시아,37800,https://www.youtube.com/watch?v=Yvn7c0ukI1s
일반카드만 1000장 모아서ㅋㅋㅋ현질한놈들 완전 혼내줬습니다ㅋㅋㅋㅋ : 클래시로얄,"188,971",2019_10_04,2700,104,텔론,861000,https://www.youtube.com/watch?v=t2mJaLP0g_I
트로피 7200점 달성! 오랜만에 무덤덱으로 빡겜 플레이[클래시로얄][Sunny CR],"12,225",2019_10_04,151,5,Sunny CR,9480,https://www.youtube.com/watch?v=aQVAbxpS-U0
호박 타워 스킨 완전 이쁜데? (업데이트 미리보기) [클래시로얄-Clash Royale] [June],"66,360",2019_10_05,1100,38,JUNE,471000,https://www.youtube.com/watch?v=hjSkIrYAumI
클래시로얄(Clash Royale) 트리플엘릭서 이 덱이면 3크라운승리 기본이다! 발컨도 가능한 로얄훈련병+낚시꾼덱!,344,2019_10_05,4,0,꿀서방,478,https://www.youtube.com/watch?v=J5eNJMHkpJU
랭크 게임하다가 우연히 이 분을 만났습니다! 퇴물의 무서움을 보여줘야겠네요?ㅋㅋ- [겔튜브]클래시로얄(clash royale),"43,256",2019_10_05,678,21,니얼굴윤겔라(geltube),288000,https://www.youtube.com/watch?v=Fs2bwnZ833A
클래시 로얄 🎃 시즌 4: 쇼크토버 👻 TV 로얄 할로윈 업데이트,"42,410",2019_10_05,642,18,클래시 로얄,325000,https://www.youtube.com/watch?v=umpIQ4wC52U
클래시 로얄 리그 아시아 2019 시즌2 - 7주 2일차,"12,799",2019_10_05,90,4,클래시 로얄 리그 아시아,37800,https://www.youtube.com/watch?v=H2H8bgyID9A
게임영상 클래시로얄,5,2019_10_05,1,0,아리야화,251,https://www.youtube.com/watch?v=EZecMIpI5gU
(모바일게임)클래시로얄-클랜에서 추방될뻔 했습니다,11,2019_10_05,1,0,스파도,22,https://www.youtube.com/watch?v=byyp5-yCuJI
[한국 최초 밸패 영상] 클래시로얄 시즌 4 밸런스 패치 & 메타 예측 분석,"3,067",2019_10_05,35,6,Mil_kid,450,https://www.youtube.com/watch?v=f-H9bxBLrVc
클래시로얄 페카덱 상대편 포기하게 만들기 분노마법 필수 - 모겜TV Clash Royale pekka,"4,352",2019_10_06,36,2,모겜TV,0,https://www.youtube.com/watch?v=yY-x_lW-9lE
클래시 로얄 리그 아시아 2019 시즌2 - 7주 3일차,"15,026",2019_10_06,92,6,클래시 로얄 리그 아시아,37800,https://www.youtube.com/watch?v=bI4tj24OWj0
게임영상 클래시로얄 재미로 하는 게임도 슬프다.ㅠ,6,2019_10_07,1,0,아리야화,251,https://www.youtube.com/watch?v=s6OgG3HCpWk
클래시로얄 천상계 구간 최고의 플레이 모음[Sunny CR],"6,781",2019_10_07,135,5,Sunny CR,9480,https://www.youtube.com/watch?v=a87YTcHf8rw
클래시 로얄 시즌 4: 쇼크토버 🎃⚡🦇,"107,016",2019_10_07,885,45,클래시 로얄,325000,https://www.youtube.com/watch?v=VwKfsX3Zb58
비장의 무기 꺼내고 결국 최트 찍었습니다 !!! 【클래시로얄 꿀덱】,"12,706",2019_10_07,138,9,헤마군CR,32300,https://www.youtube.com/watch?v=xHd2BmYTqzA
시작한지 10초만에 게임끝ㅋㅋㅋ개사기 백도어덱ㅋㅋㅋㅋ : 클래시로얄,"220,819",2019_10_08,3000,145,텔론,861000,https://www.youtube.com/watch?v=l7FBXPFHUEE
클래시로얄의 신만 갈 수 있다는 '그' 구간..[Sunny CR],"17,202",2019_10_08,221,6,Sunny CR,9480,https://www.youtube.com/watch?v=ySa9H_hccP8
엘릭서 골렘 쓰레기? 아닙니다. 이 조합 쓰면 개사긴데?? 【클래시 로얄 신규카드】,"11,190",2019_10_08,109,6,헤마군CR,32300,https://www.youtube.com/watch?v=Ty_ELYd6O1Q
엘릭서 골렘의 모든것 [클래시로얄-Clash Royale] [June],"277,443",2019_10_08,2800,112,JUNE,471000,https://www.youtube.com/watch?v=4zMSti64uzM
클래시 로얄 Agar_Korea 계정 시즌 초반 랭크게임,57,2019_10_08,3,2,푸헥YouTube,52,https://www.youtube.com/watch?v=6v1CSra-eTg
포롯 게임(클래시 로얄2탄),54,2019_10_08,4,3,FoRotTV 포롯TV,40,https://www.youtube.com/watch?v=EUTNlcY3kj8
클래시로얄 2대2 터치다운 [게임승찬],11,2019_10_10,3,0,승찬TV,29,https://www.youtube.com/watch?v=ivZ2sbCxBBc
클래시 로얄 리그 아시아 2019 시즌2 - 8주 1일차,"14,245",2019_10_10,88,9,클래시 로얄 리그 아시아,37800,https://www.youtube.com/watch?v=2yvAXqZtUnA
스펠이 들어가지 않는 2.6 순환 노스펠덱?! 이런 덱으로 게임이 가능하네요? - [겔튜브]클래시로얄(clash royale),"36,653",2019_10_11,487,14,니얼굴윤겔라(geltube),288000,https://www.youtube.com/watch?v=RwU8SiyJhWY
"클래시 로얄: 로얄 로드 하이라이트, blck royal vs 살선생 [슈퍼셀 라운지]","47,902",2019_10_11,289,39,클래시 로얄,325000,https://www.youtube.com/watch?v=cIdrfiqodF0
7900점 이상 가는 미친 승률? 로호 박격덱![클래시로얄][Sunny CR],"28,194",2019_10_11,253,6,Sunny CR,9480,https://www.youtube.com/watch?v=XM0071SfpMc
[game story]클래시로얄(한국vs일본)오!필승 코리아,60,2019_10_11,1,0,brocall lee,76,https://www.youtube.com/watch?v=vC5SbH323OQ
"클래시 로얄: 로얄 로드 하이라이트, _YVonN12 vs ❄Seori❄ [슈퍼셀 라운지]","13,490",2019_10_11,167,10,클래시 로얄,325000,https://www.youtube.com/watch?v=7-Tk5KxFcK8
클래시로얄 요즘 아레나1은 어떨까,29,2019_10_12,4,2,무현질러,91,https://www.youtube.com/watch?v=AIHY7DY-GEE
[저세상 클로] 이세상 클래시로얄이 아니다 - 메나네이도,365,2019_10_12,11,1,유재석TV - 저세상 예능 클로,0,https://www.youtube.com/watch?v=SEMUhsQ8sQY
클래시로얄 트롤하기!(자막없음),36,2019_10_12,2,0,유튜브 트남베,365,https://www.youtube.com/watch?v=m6pEoUfHQRs
클래시 로얄 리그 아시아 2019 시즌2 - 8주 2일차,"15,333",2019_10_12,122,11,클래시 로얄 리그 아시아,37800,https://www.youtube.com/watch?v=kKHN0SNhX6k
"클래시 로얄: 로얄 로드 하이라이트, blck royal vs 건휘왔당 [슈퍼셀 라운지]","12,160",2019_10_12,159,9,클래시 로얄,325000,https://www.youtube.com/watch?v=Vz1sT-KaRrw
랭커에게 배운 로켓만 던져도 이기는 개사기덱 씁니다. 【클래시로얄 꿀덱】,"52,881",2019_10_12,500,41,헤마군CR,32300,https://www.youtube.com/watch?v=toT9ZnGPIlk
클래시 로얄 게임 영상이 생긴다?,23,2019_10_12,1,0,사신 크로서,120,https://www.youtube.com/watch?v=AuAkck3uQMM
클래시로얄 약간의게임,13,2019_10_12,3,0,최정현,2,https://www.youtube.com/watch?v=qOSffCMQJ7k
☆게임지식사전_이번에는 클래시 로얄이닷!,14,2019_10_13,4,0,게임지식사전,33,https://www.youtube.com/watch?v=WbwR-9DKerA
새로운 사기 무덤덱 출시! 엘골무덤덱! [클래시로얄][Sunny CR],"16,908",2019_10_13,189,6,Sunny CR,9480,https://www.youtube.com/watch?v=M9IC5jxDYDk
엘골 만렙 찍으려고 모았습니다 [클래시로얄-Clash Royale] [June],"441,949",2019_10_14,3600,199,JUNE,471000,https://www.youtube.com/watch?v=d5pDv69npqA
1년 만에 갓겜 클래시로얄을 들어가 봤습니다.. 이게 다 뭐야??,"456,886",2019_10_14,5600,213,테드TV,910000,https://www.youtube.com/watch?v=z2oWZa-1rgw
눈덩이 너프 왜 또 했나 했는데.. 이건 진짜 너무하네 【클래시로얄 패치】,"4,246",2019_10_14,93,2,헤마군CR,32300,https://www.youtube.com/watch?v=lTFgqTnlmhw
clashroyale 클래시로얄 새로업데이트됐네요 LIVE ♡ 겜걸의 게임생방송 모바일게임,263,2019_10_14,10,0,게임방송은 겜걸 Gamgirl,930,https://www.youtube.com/watch?v=rbCrhOyT8cY
짤짤이의 정석! 3.1 순환 광독덱 [클래시로얄][Sunny CR],"23,150",2019_10_15,215,5,Sunny CR,9480,https://www.youtube.com/watch?v=bSfs6UDDAt0
랭킹푸쉬 너무쉬운데? 인생덱 찾았습니다 [클래시로얄-Clash Royale] [June],"266,409",2019_10_16,2400,109,JUNE,471000,https://www.youtube.com/watch?v=K7go42mCXWk
"아레나5 달성!(I'm arena 5!), 깜짝 게임=브롤 [클래시로얄x브롤스타즈-Brawl Stars] [Gaje]",11,2019_10_17,3,0,GA JE,15,https://www.youtube.com/watch?v=I36Z84fnrqU
클래시로얄로 웨이터 게임터트리기,24,2019_10_17,2,0,침밥이,0,https://www.youtube.com/watch?v=cfLbuTV_Mcs
[SGETHER STUDIO] [실시간]클래시로얄 게임방송,18,2019_10_18,1,1,윤태현유튜브,110,https://www.youtube.com/watch?v=NnIme0WOqI8
엘릭서 골렘 벨붕인데? 너프가 시급합니다 [클래시로얄-Clash Royale] [June],"281,767",2019_10_18,2700,127,JUNE,471000,https://www.youtube.com/watch?v=lAqPGpZtcNM
밸런스 X망 게임이 되어가고 있는 클래시 로얄!!! 와~~ 씐난돠!! 슈X..,"74,495",2019_10_18,1100,27,Pong TV,325000,https://www.youtube.com/watch?v=hC3wEa1NRt0
"클래시 로얄,정말 오랜만에 하는 게임인데 계속 져서 빡치네요ㅋㅋㅋ",3,2019_10_18,2,1,신치TV,15,https://www.youtube.com/watch?v=52LsITxkL0c
죽기 전에 꼭 써봐야 할 덱? 2.6 순환호그덱![클래시로얄][Sunny CR],"52,503",2019_10_19,354,22,Sunny CR,9480,https://www.youtube.com/watch?v=uun7gCQXJ_E
게임 / 클래시로얄 / 만랩의 위력 / 쭈오쭈오와 게임을! / Game,152,2019_10_19,30,0,너티비[YouTV]-요리 캠핑 게임 ASMR Camping IT,836,https://www.youtube.com/watch?v=HMSZ9npds9A
나규 클래시로얄 게임 2편,44,2019_10_20,6,0,나규민,7,https://www.youtube.com/watch?v=b4xnJ3E0lGQ
요즘 유행 클래시 로얄!,17,2019_10_20,1,0,사랑브롤tv,41,https://www.youtube.com/watch?v=700NPkcE-uo
클래시 로얄 // 초보가 로얄패스를 사면 생기는 일,190,2019_10_21,3,1,병구스밥버거,31,https://www.youtube.com/watch?v=qn2EDTUwMrQ
[클래시 로얄] 전설 덱으로 게임을 해 보았다.(실력이 너무 안좋아 ㅠㅠ),12,2019_10_22,0,1,유크동금구초,17,https://www.youtube.com/watch?v=n7NfENnziTQ
오늘은 클래시로얄 이라는 게임,31,2019_10_22,2,1,지모 weoty,27,https://www.youtube.com/watch?v=_Cgy3L52EFw
[클래시로얄]이 게임을 처음부터 왜 한거여?,21,2019_10_22,4,1,Youtube 이온,76,https://www.youtube.com/watch?v=13fgq5LBAVY
클래시로얄 리그 아시아 선수와 1대1을 해보았다-ClashRoyale[Bee],11,2019_10_23,1,0,Team:곤충채집반,18,https://www.youtube.com/watch?v=LvZnDIAjvKU
클래시로얄 인성질하기 좋은 이모티콘 top10,"2,057",2019_10_24,29,0,알수,243,https://www.youtube.com/watch?v=MToUK8FSoYI
클래시 로얄 고블린으로 뇌절하기,13,2019_10_24,0,0,JungCheon Kim,73,https://www.youtube.com/watch?v=Ore6w6TOlm8
FUN GAME with MILK(클래시 로얄),45,2019_10_24,4,0,밀크,13,https://www.youtube.com/watch?v=p3_Lo-PTiKw
유령 퍼레이드 이 덱 쓰면 충분하죠 클래시로얄 사재TV,"2,431",2019_10_24,58,2,사재TV,3370,https://www.youtube.com/watch?v=8zuMcBA4_UI
"클로 5,000점 왔는데 응? 저건? 밧줄맨인가? 클래시로얄","328,673",2019_10_26,5800,164,테드TV,910000,https://www.youtube.com/watch?v=Z2e2WWS8vE4
클래시 로얄 리그 아시아 2019 시즌2 - 플레이오프 3일차 (그룹1 결승진출전),"22,934",2019_10_26,145,6,클래시 로얄 리그 아시아,37800,https://www.youtube.com/watch?v=AN9KcIWevm4
[클래시로얄] 엘바법사 덱으로 고렙을 이기는 방법 | Clash Royal | 만두아빠,162,2019_10_26,7,0,만두아빠[게임],55,https://www.youtube.com/watch?v=dsdylWxA3OI
"클래시로얄 아레나 13(도전자 1) 올리기 도전!!!, 브롤스타즈 엘프리모 스타파워 플레이",39,2019_10_27,4,0,큰쌤TV,1090,https://www.youtube.com/watch?v=irp7MBuECaM
클래시 로얄 리그 아시아 2019 시즌2 - 플레이오프 4일차 (그룹2 결승진출전),"21,737",2019_10_27,145,6,클래시 로얄 리그 아시아,37800,https://www.youtube.com/watch?v=zpc4y3vcSUc
클래시로얄 PLAY,35,2019_10_27,3,0,라임즈의 즐거운 게임,57,https://www.youtube.com/watch?v=L94_Zfx8YU4
스타포인트 1년동안 모았습니다 [클래시로얄-Clash Royale] [June],"436,029",2019_10_28,4100,213,JUNE,471000,https://www.youtube.com/watch?v=faJvJkPJ34s
[클래시 로얄]#1. 클로 초보 해적왕! 아레나 1부터 시작합니다! 제 동료가 되어주세요.,702,2019_10_30,36,1,해적왕 Pirate_King,5930,https://www.youtube.com/watch?v=xH2m1gtYKYY
"""폭탄타워 메타 인증"" 그랜드 상위권 승률이 무려 81% 【클래시로얄 메타덱 추천】","23,310",2019_10_30,240,15,헤마군CR,32300,https://www.youtube.com/watch?v=n6jZabP3_5Q
클래시로얄 게임 하기 1편,3,2019_10_30,1,0,홍현정,7,https://www.youtube.com/watch?v=pjeRHMMx63g
클래시로얄 게임 하기 2편,7,2019_10_30,0,0,홍현정,7,https://www.youtube.com/watch?v=d_uDWe6QFxc
메나로 얼티밋 달았습니다! 개꿀~ [클래시로얄-Clash Royale] [June],"378,054",2019_10_31,3000,129,JUNE,471000,https://www.youtube.com/watch?v=9JpnBL_L2OA
"""그 카드"" 한장 때문에...120만원을 한번에 질렀습니다... : 클래시로얄","233,732",2019_10_31,3700,153,텔론,861000,https://www.youtube.com/watch?v=DHQpWSDcLjA
클래시로얄 도전자 3 탈출덱 공유! 마스터 가는덱!,"3,897",2019_11_01,20,4,아튭,75,https://www.youtube.com/watch?v=Iurq4XKdUyw
최트 7400이 까불어서 참교육 들어가봤습니다. 클래시로얄,"301,305",2019_11_01,3700,151,테드TV,910000,https://www.youtube.com/watch?v=sZOLy57tMX4
클래시 로얄 -2부-,1,2019_11_01,0,0,노랑이tv,2,https://www.youtube.com/watch?v=nC8TVg0mg3c
상대방 얼어버리게 만드는 볼러 벌룬빙결덱![클래시로얄][Sunny CR],"14,699",2019_11_01,181,3,Sunny CR,9480,https://www.youtube.com/watch?v=MDzs8KyS4z0
클래시로얄 11월 밸런스패치! 내용분석 & 메타예측,378,2019_11_02,7,0,정느TV,44,https://www.youtube.com/watch?v=dHSRwc1SFd0
낚시꾼의 던질까 말까 [클래시로얄],305,2019_11_02,17,2,Mil_kid,450,https://www.youtube.com/watch?v=t6Dh1n3vGAc
클래시로얄이란 게임을 해보았다 (클래시로얄),17,2019_11_02,2,0,전등tv,4,https://www.youtube.com/watch?v=VoYKtqGFlDQ
클래시 로얄 시즌 5: 그레이트 고블린 파티! 🥳🎊🎉,"108,022",2019_11_02,1000,48,클래시 로얄,325000,https://www.youtube.com/watch?v=ynwO6bmOkDo
클래시 로얄 리그 아시아 2019 시즌2 - 결승,"82,305",2019_11_02,622,33,클래시 로얄 리그 아시아,37800,https://www.youtube.com/watch?v=dIpKITojOnQ
머스킷병보다 좋다~마녀무덤덱! [클래시로얄][Sunny CR],"10,746",2019_11_02,148,7,Sunny CR,9480,https://www.youtube.com/watch?v=X283ASpMvBc
드래프트게임과 상자깡! 클래시로얄,18,2019_11_02,4,0,수리수리tv,38,https://www.youtube.com/watch?v=B25gL0n1IJw
클래시 로얄 | Clash Royale | 아시아 리그 꿈꾸는 | 직장인 화장실 필수 게임 | 1판 3분 끝 | 전설카드 없이 승부수,21,2019_11_03,4,0,도라도라 TV - DoraDora Tube Vlog,12,https://www.youtube.com/watch?v=UfIuCdar-Vg
클래시로얄 {도두+일랙}댁 에!! 좋은대?! (게임몰TV),29,2019_11_03,0,0,게임몰TV,46,https://www.youtube.com/watch?v=AHpRVeP8GRk
게임TV 클래시로얄 메가나이트덱 1승 구독좋아요부탁해요,99,2019_11_04,0,0,진형유튜브,5,https://www.youtube.com/watch?v=ZDNWGfT2-tc
대규모 너프시즌! 메타변화는? [클래시로얄-Clash Royale] [June],"314,146",2019_11_04,3200,112,JUNE,471000,https://www.youtube.com/watch?v=5OFrOmdVrjk
클래시 로얄게임 하기,11,2019_11_04,2,0,오비오,6,https://www.youtube.com/watch?v=doBV-hNLmMI
클래시로얄게임 중독 사례,33,2019_11_05,2,0,클래시로얄방송유튜브,322,https://www.youtube.com/watch?v=Dsle_uisilg
여러분의 의견을 듣습니다~ (Clash Royale : 클래시로얄),"1,265",2019_11_06,33,3,DDaBongTV,3790,https://www.youtube.com/watch?v=zmyu-L8kkQg
새로운 오프닝과 클래시로얄 게임,9,2019_11_07,0,0,싸이클론TV,12,https://www.youtube.com/watch?v=T1k-fhP4154
즐기자용 (Clash Royale : 클래시로얄),"1,179",2019_11_07,30,2,DDaBongTV,3790,https://www.youtube.com/watch?v=6dSHrbM9YDw
게임해보기2-클래시로얄(주의 엄청 못함),25,2019_11_08,4,0,수달,483,https://www.youtube.com/watch?v=6dZWP32mtvc
슈퍼셀한테 보석 선물받았습니다 [클래시로얄-Clash Royale] [June],"281,988",2019_11_08,3200,126,JUNE,471000,https://www.youtube.com/watch?v=eGwhid6aGcY
기베무 세계 1위? 감히 실력 테스트 해보겠습니다 [클래시로얄][Sunny CR],"13,153",2019_11_08,166,5,Sunny CR,9470,https://www.youtube.com/watch?v=XpW1fLZ0W0w
기블린통 운영법 [클래시 로얄],35,2019_11_08,4,0,악꼬유튜브,60,https://www.youtube.com/watch?v=dnl5Yt7ZMZk
김엔에 개인채널 오늘의 게임 (냥코대전쟁 클래시로얄 로블록스),3,2019_11_08,1,0,김엔TV,5,https://www.youtube.com/watch?v=AXuij9W7NtY
클래시로얄,6,2019_11_08,0,0,이장원,0,https://www.youtube.com/watch?v=POk3oDXiBnk
클래시로얄,6,2019_11_08,1,1,이장원,0,https://www.youtube.com/watch?v=rHQ7Rk27kCw
xt구미호 클래시 로얄 게임 결과는???,17,2019_11_09,2,1,xt구미호,7,https://www.youtube.com/watch?v=e9vEIooSJ8Q
[SGETHER STUDIO] 슈퍼셀 게임들 합니다브롤스타즈 클래시로얄,33,2019_11_09,1,1,한섭Tv,194,https://www.youtube.com/watch?v=csIL7M2EanY
클래시로얄 게임 리뷰,3,2019_11_09,0,0,게임좋아하는 남자,4,https://www.youtube.com/watch?v=RJttIG1cgXQ
클래시로얄 해골돌격병12렙을이겨보기,30,2019_11_09,0,0,이장원,0,https://www.youtube.com/watch?v=aqMqo4tAqLI
터치다운 이 영상 보시면 앞으로 무조건 이길수 있습니다. 클래시로얄 사재TV,985,2019_11_09,58,0,사재TV,3370,https://www.youtube.com/watch?v=fRvAOGuhVHY
클래시로얄 클랜 홍보 영상(마지막 게임 영상....),28,2019_11_09,0,0,정민준,1,https://www.youtube.com/watch?v=nLrscio5syI
클래시로얄 접기 전에 꼭 써봐야 할 덱 TOP 10[Sunny CR],"115,438",2019_11_09,947,41,Sunny CR,9470,https://www.youtube.com/watch?v=mF64yl_Ej1U
클래시로얄,17,2019_11_09,4,0,키라운디,64,https://www.youtube.com/watch?v=4NO1KvmV3Kw
클래시로얄 마녀빼고 해골군대 넣었음!,64,2019_11_09,5,0,기씨TV,961,https://www.youtube.com/watch?v=snJbtgFbc3k
클래시로얄 2대2 드래프트 터치다운,27,2019_11_10,4,0,자막게임,13,https://www.youtube.com/watch?v=PPvsQNartXY
너 체력 너프된거 맞니...? [클래시로얄-Clash Royale] [June],"185,140",2019_11_10,1900,78,JUNE,471000,https://www.youtube.com/watch?v=d5J028QLBIg
클래시로얄게임!(아레나낮음주의ㅋㅋㅋ)(도영유튜브의클래시로얄),27,2019_11_10,2,0,석TV YouTube SG,12,https://www.youtube.com/watch?v=nExckXQGl-k
클래시로얄 도전자 2로 가즈아 - 오징어의게임채널,87,2019_11_10,5,0,오징어의게임채널,9,https://www.youtube.com/watch?v=a5LrRs21omw
FUN GAME with MILK(클래시로얄 랭크게임 플레이),26,2019_11_10,4,0,밀크,13,https://www.youtube.com/watch?v=2GK12d4Qh6Y
근황 겸 공지사항 [영상 설명란 참고해주세요] 클래시로얄 Clash Royale bakmogoon,174,2019_11_11,8,0,박모군TV,6410,https://www.youtube.com/watch?v=BRRzNUJ-qO8
강력한 물량「클래시 로얄」(※설명란 꼭 참조※),31,2019_11_11,3,0,GCH YouTube,8,https://www.youtube.com/watch?v=JMbcMa3A674
[클래시로얄]유닛을 킹타워 뒤에 놓는이유 | mongTV,16,2019_11_11,1,1,mongTV,0,https://www.youtube.com/watch?v=AA44uo5s7IE
와우! 드디어 인싸맨 만렙 찍었습니다[클래시로얄][Sunny CR],"11,520",2019_11_12,191,4,Sunny CR,9470,https://www.youtube.com/watch?v=NH5eYqic-W4
클래시 로얄,18,2019_11_12,1,1,si gee,15,https://www.youtube.com/watch?v=XLbASBdv9qo
무덤 엘골의 무서움 ㄷㄷ [클래시로얄-Clash Royale] [June],"201,036",2019_11_12,2000,68,JUNE,471000,https://www.youtube.com/watch?v=_aLZ9lRqjz4
게임 클래시로얄,4,2019_11_12,1,0,겜대장tv,5,https://www.youtube.com/watch?v=tM_nNvKqPDI
클래시로얄 로얄패스 구매!,47,2019_11_12,2,0,Youtube연새,182,https://www.youtube.com/watch?v=y0g6sBRjbc4
클래시 로얄 게임판 리뷰,2,2019_11_13,0,0,그런짓은하지말아야 했는데,0,https://www.youtube.com/watch?v=VcF7dUZgalY
"클래시로얄 훈련 캠프, 아레나1 플레이 (~118)",12,2019_11_13,3,0,일렌,0,https://www.youtube.com/watch?v=CCek7hAH2yE
클래시 로얄 게임 하기,15,2019_11_14,1,1,지우게임 YouTube,56,https://www.youtube.com/watch?v=0B5924kiNuA
클래시로얄 포탄덱으로 랭겜돌리기 ㅋㅋ | 내얼굴넙치 games,56,2019_11_14,4,1,내얼굴넙치,1750,https://www.youtube.com/watch?v=4xe4z9qudes
클래시로얄 게임!,7,2019_11_14,3,0,홀릭루은,18,https://www.youtube.com/watch?v=ekEHd9UwUys
클래시로얄 과어떤게임,2,2019_11_14,0,0,스팸Tv,4,https://www.youtube.com/watch?v=izsWIsor-fk
클래시 로얄,8,2019_11_14,0,0,빵빵 TV,1,https://www.youtube.com/watch?v=C-3KZyJMuck
친구와의 클래시로얄!,6,2019_11_14,0,0,TV수탉,2,https://www.youtube.com/watch?v=0D8HGJskTB0
메인게임 클래시로얄로 바꿈!근데 골렘이 내 앞을......,1,2019_11_14,0,0,"I F,",2,https://www.youtube.com/watch?v=uDYncO6Z48c
평범하게 망치를 갈 뿐인 영상 [클래시로얄],17,2019_11_15,2,0,나라룸,13,https://www.youtube.com/watch?v=fZPgFOF4H-g
프로 초대석 TNT가 알려준다! [클래시로얄-Clash Royale] [June],"252,030",2019_11_15,3000,115,JUNE,471000,https://www.youtube.com/watch?v=LM05iKylnmU
클래시로얄게임,19,2019_11_15,3,0,Totv,21,https://www.youtube.com/watch?v=N0mu1ql3jU4
상대방 탈주ㅋㅋㅋ | 클래시로얄 [게임브라운],17,2019_11_15,2,0,게임브라운GameBrown,10,https://www.youtube.com/watch?v=uWXK-m8OFvE
2v2 다트고블린 도전! [Clash Royale/클래시로얄],9,2019_11_16,1,0,정느TV,44,https://www.youtube.com/watch?v=nQ_-3TFYi3s
클래시로얄 서든데스 호그덱,95,2019_11_16,4,0,유쾌한 지니,953,https://www.youtube.com/watch?v=Av7v57-JxbE
클래시로얄 고인물만 쓴다는 악광벌덱[Sunny CR],"14,296",2019_11_16,201,7,Sunny CR,9470,https://www.youtube.com/watch?v=4Uq_oO4pn4M
게임 러시 클래시로얄 브롤스타즈 유튜브 이름 LOKDX이현에서 다른걸로 바꾸겠습니다,17,2019_11_16,1,0,YouTube LOKDX이현TV,34,https://www.youtube.com/watch?v=YoS9qUrtMKY
드디어 첫번째 게임으로 클래시로얄을?,6,2019_11_16,0,0,JONE tv RED,0,https://www.youtube.com/watch?v=-oPurM4f-Kw
클래시로얄 2v2 내가 승리하는것 감시해봤다,10,2019_11_17,0,0,한대장수,77,https://www.youtube.com/watch?v=QausbxQXtgo
[클래시 로얄]다크 고블린 도전 8승 갑니다(시참 가능함),28,2019_11_17,2,0,큰쌤TV,1090,https://www.youtube.com/watch?v=KmlN8rGLMvI
클래시로얄 농락하다가 찌발렸다?,94,2019_11_17,3,2,지온tv,10,https://www.youtube.com/watch?v=nEv0-QlZMjo
아레나8 가기(클래시 로얄),16,2019_11_17,1,0,밍키게임,4,https://www.youtube.com/watch?v=HdOlLS7Jriw
모바일게임 클래시로얄 인페르노 타워의 중요성 | 마인TV,41,2019_11_17,3,0,마인YouTube,294,https://www.youtube.com/watch?v=8h65OTrmufY
요즘 갓덱으로 클래시로얄 한국 1위 찍었습니다![Sunny CR],"20,852",2019_11_17,285,13,Sunny CR,9470,https://www.youtube.com/watch?v=5APPnmWD0Fw
영준이에 클래시로얄게임,16,2019_11_18,1,0,영준Young june,7,https://www.youtube.com/watch?v=MT1DxeOVxvg
다윗의 게임세상 클로![클래시로얄],20,2019_11_18,1,0,TV다윗의 게임세상,28,https://www.youtube.com/watch?v=hGyBqaUJhM0
로얄에서 하이스트 모드 해봤습니다 [클래시로얄-Clash Royale] [June],"293,411",2019_11_18,2800,135,JUNE,471000,https://www.youtube.com/watch?v=xa9tdClxok0
[저장용] ㄹㅈㄷ (클래시 로얄),13,2019_11_19,1,0,마인드 Mind,0,https://www.youtube.com/watch?v=-nMVvPTk4WQ
"허접한게임! 오늘은 2년만에하는 클래시로얄!!-$.one,Qrnm",41,2019_11_19,2,1,허접한삼총사,21,https://www.youtube.com/watch?v=LlJ7SbG2Uy4
[클래시 로얄]#5. 트리플 엘릭서! 전략을 세웠습니다. 트로피 3333개 달성,256,2019_11_20,13,0,해적왕 Pirate_King,5930,https://www.youtube.com/watch?v=6erd6pXRjJk
오늘도 클래시 로얄이지만 클랜들과 함께 했습니다. 2대2로 2승!! 호그라이더가 캐리했다ㅋㅋㅋ (1번째 판 호그+분노+얼을마법 2번째판 호그+분노ㅋㅋㅋㅋ,9,2019_11_20,1,0,짱민,13,https://www.youtube.com/watch?v=lQuK6iZbhbw
새로운 클래시로얄 영웅카드 순위[Sunny CR],"63,137",2019_11_20,586,42,Sunny CR,9470,https://www.youtube.com/watch?v=b9MZiIj-Iaw
[클래시로얄] 빠꿈군 드디어 클래시로얄 입성!! 훈수환영!! 많이 알려주세요!!,"2,316",2019_11_20,43,3,빠꿈 BGM,22100,https://www.youtube.com/watch?v=h16WzCQxnso
클래시 로얄.. 진짜 너무한거 아닙니까?,"65,851",2019_11_20,2100,38,Pong TV,325000,https://www.youtube.com/watch?v=PnDDJYXsOh0
[클래시 로얄] 빠꿈군 클랜에 프로게이머가 들어왔어요!!,"2,360",2019_11_21,47,1,빠꿈 BGM,22100,https://www.youtube.com/watch?v=c-GYMVSJ2RU
한 마디만 하겠습니다 [클래시로얄-Clash Royale] [June],"142,828",2019_11_21,2800,77,JUNE,471000,https://www.youtube.com/watch?v=KpJHn2aiQmU
클로 2일차 vs 프로게이머?? 빠꿈군 클랜에 클래시로얄 샌드박스 프로게이머가 들어왔어요!!,"1,673",2019_11_21,0,0,빠꿈 BGM,22100,https://www.youtube.com/watch?v=wLm-af4v--o
재미있는 게임 체크체크 (클래시로얄),17,2019_11_21,4,0,체크체크,8,https://www.youtube.com/watch?v=TU7EixAQizo
클로 1년 만에 복귀해도 세계 랭커 잡는덱을 알려드립니다!! [클래시로얄],"41,538",2019_11_21,734,28,홀릿 Youtube Holit,76100,https://www.youtube.com/watch?v=09SNwibm6yc
지후tv가 클래시 로얄 게임을 합니다 그런데 특별게스트가 출연합니다.,9,2019_11_21,2,0,tv지후,9,https://www.youtube.com/watch?v=WvAPEp1SWKs
클래시로얄 프로게이머가 추천해 준 이 덱으로 13연승을? 초보자 필승 덱,"3,524",2019_11_22,0,0,빠꿈 BGM,22100,https://www.youtube.com/watch?v=LS88knp6vJU
서든데스 전투 (클래시로얄),5,2019_11_22,0,0,곰곰이,7,https://www.youtube.com/watch?v=-Xb8zo3Gv04
세상에서 쓰레기같은 클랜...그래도 들어오시겠습니까... : 클래시로얄,"70,807",2019_11_22,1300,29,텔론,861000,https://www.youtube.com/watch?v=DLKdNU_SZ60
슈퍼셀이 만든 게임! 브롤스타즈 클래시로얄 아레나2 달성! 그리고 팸! (T얼) #1,26,2019_11_22,1,0,T얼,48,https://www.youtube.com/watch?v=99riurv2K3w
신규카드 힐러 등장! [클래시로얄-Clash Royale] [June],"236,052",2019_11_22,4400,94,JUNE,471000,https://www.youtube.com/watch?v=jsc3p4K7mNc
신규 카드 프랭크 [클래시로얄 상상업데이트 #1],"75,855",2019_11_22,998,61,조우,112000,https://www.youtube.com/watch?v=Jbyi0PzCnjk
클래시로얄,12,2019_11_22,0,0,이장원,0,https://www.youtube.com/watch?v=KMS4GvVoffI
[클래시로얄] 엘릭서 FLEX!! 램프업 도전 달려보즈아~!,92,2019_11_22,8,0,YongssTV,850,https://www.youtube.com/watch?v=vL9jubAil_w
자 드디어 기다리던 기다렸던 클래시로얄 게임,18,2019_11_22,4,0,구미호리카,165,https://www.youtube.com/watch?v=JNDSAZhaA1A
7시1분에 클래시 로얄 게임영상 할 예정입니다,15,2019_11_22,3,1,구미호리카,165,https://www.youtube.com/watch?v=xmcPP2PawU0
클래시로얄,16,2019_11_22,1,0,껌냥이,15,https://www.youtube.com/watch?v=J4prmKmbGIc
유튜버 아닌 유튜버 닉네임 [클래시 로얄],5,2019_11_22,1,0,알토,87,https://www.youtube.com/watch?v=uv7ddPiOfps
[클래시 로얄] 전설상자 뽑고 첫 클랜전 뛰어볼게요!!,"1,849",2019_11_23,29,3,빠꿈 BGM,22100,https://www.youtube.com/watch?v=NyktKPReepg
클래시 로얄: 전투 치유사를 소개합니다! ✨ 신규 카드! TV 로얄,"79,336",2019_11_23,1100,62,클래시 로얄,325000,https://www.youtube.com/watch?v=QjrUvr9hTUU
첫 게임 클래시 로얄을 해 보았다.,4,2019_11_23,0,0,TOY make land,1,https://www.youtube.com/watch?v=wNzLacGZaVI
배틀힐러 정체 공개 ! 역대급 사기 카드인데? (업데이트 미리보기) [클래시로얄-Clash Royale] [June],"314,306",2019_11_23,4500,133,JUNE,471000,https://www.youtube.com/watch?v=jn3K0HEg_SI
오늘 게임 첫영상 클래시 로얄,6,2019_11_23,1,0,흑성,5,https://www.youtube.com/watch?v=jslvjzSVT2s
클래시로얄[가드로 게임 1분컷],8,2019_11_23,0,0,뎅오deng O,0,https://www.youtube.com/watch?v=dm6Ih8GVJC0
끝까지 가면 내가 다 이겨 덱! (ft. 폭탄타워) [클래시로얄-Clash Royale] [June],"214,376",2019_11_24,2500,102,JUNE,471000,https://www.youtube.com/watch?v=BLMF88XlkC0
묻고 전설 더블로 가!! 클래시로얄 전설상자를 얻다!!,"1,732",2019_11_24,0,0,빠꿈 BGM,22100,https://www.youtube.com/watch?v=v4TLwG-mEHo
6000점은 이 카드만 쓰면 너무 쉽게 찍네요.. 클래시로얄 복귀 3일만에 6000점 달성!! [클래시로얄],"29,086",2019_11_24,469,20,홀릿 Youtube Holit,76100,https://www.youtube.com/watch?v=lUyDteu0Oww
(새로운 게임 클래시로얄)과연 형제크로스의 실력은?,11,2019_11_24,1,0,형제크로스,7,https://www.youtube.com/watch?v=DPhfywenajg
"재밌게 보고 좋은 하루되세요 [게임나라0 / 클래시로얄,배틀 디쉬]",1,2019_11_24,0,0,게임나라0,1,https://www.youtube.com/watch?v=GATeY0YLqjo
현직 프로선수가 쓰는 강력한 메나무덤덱![클래시로얄][Sunny CR],"22,275",2019_11_25,226,8,Sunny CR,9470,https://www.youtube.com/watch?v=tJMM81GjUx0
1억원을 벌 수 있는 덱을 알려드립니다. 어그로 아닙니다!!! | 클래시로얄,"166,581",2019_11_25,2000,126,뽁구BBokTV,397000,https://www.youtube.com/watch?v=ARbKOrtpMSE
클래시로얄 무편집. 게임소리asmr 구독좋아요 주세요,3,2019_11_25,1,0,디노의게임,16,https://www.youtube.com/watch?v=8wmqcbIN8Nc
우리형클래시로얄한판게임,0,2019_11_25,0,0,youtube재윤,10,https://www.youtube.com/watch?v=XblU3602nz0
[클래시 로얄]#6. 신규 카드가 나온데요. 전투 치유사! 과연 어떨까요?,802,2019_11_25,26,0,해적왕 Pirate_King,5930,https://www.youtube.com/watch?v=p6d5JHsz3WE
수준이높다의 클래시로얄 게임방송!,26,2019_11_25,2,0,수준이높다,5,https://www.youtube.com/watch?v=aeGPHwF1-aA
모바일게임클래시로얄 초보,16,2019_11_25,2,0,초록담,7,https://www.youtube.com/watch?v=3PQCDLy-LEM
세상에 없던 클래시 로얄??? 드디어 한국 상륙! 예능 편집 저세상 클로~ 보여줄게! 뭘?... 심영???,139,2019_11_26,6,0,유재석TV - 저세상 예능 클로,0,https://www.youtube.com/watch?v=FKIhX7KMd6M
※ 긴급 업데이트 게임시간 이젠 5분입니다 (업데이트 미리보기) [클래시로얄-Clash Royale] [June],"161,633",2019_11_26,2700,54,JUNE,471000,https://www.youtube.com/watch?v=KPFMjDZ28Os
클래시 로얄 . 지엘. 도전자2. 구독. 좋아요,2,2019_11_26,0,0,지엘,1,https://www.youtube.com/watch?v=13NJoDae0w0
클래시로얄 일부러 훈련장에서 지기 ㅋㅋㅋㅋㅋㅋㅋ,4,2019_11_26,1,0,TV땡땡이,6,https://www.youtube.com/watch?v=WXhpQ-Kar8s
클래시 로얄 게임 제밌다,9,2019_11_26,3,0,김규민,6,https://www.youtube.com/watch?v=BRaavQ8x6rs
기사 스킨 [클래시로얄 상상업데이트 #2] [조우],"12,057",2019_11_26,239,5,조우,112000,https://www.youtube.com/watch?v=sJDvr_grKN8
예~ (?) (Yeah~) (Why you are so haapy? [클래시로얄],8,2019_11_27,1,0,GA JE,15,https://www.youtube.com/watch?v=BFyIkPV3BMY
클래시 로얄 첫 영상 [게임],22,2019_11_27,3,0,로트와 함께하는모험들,41,https://www.youtube.com/watch?v=pUIWFmy-b5s
카운터란 없다! 세계랭킹 1위의 석궁 플레이[클래시로얄][Sunny CR],"54,849",2019_11_27,538,19,Sunny CR,9470,https://www.youtube.com/watch?v=1FEgtA6zmZM
그랜드 도전에서 세계 445등 만나도 그냥 이기는 덱.. 여러분도 얼른 꿀빠세요!! [클래시로얄],"25,724",2019_11_28,377,10,홀릿 Youtube Holit,76100,https://www.youtube.com/watch?v=vbDAMPRQHRA
허접한삼총사의 허접한게임-클래시로얄편 #2,30,2019_11_28,1,0,허접한삼총사,21,https://www.youtube.com/watch?v=az4gLRnwnog
가드도 한 방에 잡는 화살? 엄청 쎄졌네... [클래시로얄-Clash Royale] [June],"331,646",2019_11_28,3700,148,JUNE,471000,https://www.youtube.com/watch?v=5dj6qxNiL-U
"오랜만에 클래시로얄 다시 했더니,,,,!!!!!",19,2019_11_28,0,0,진경하,0,https://www.youtube.com/watch?v=bbH7of07jIw
클래시로얄 (드래프트전투),9,2019_11_28,3,0,우일wooil tv,8,https://www.youtube.com/watch?v=QiTbOWObdeU
내 친구 승훈이 실력!! (클래시 로얄),36,2019_11_29,3,0,만능도구똥화,26,https://www.youtube.com/watch?v=2M2gq9f00Js
클래시로얄 마법상자 까기,17,2019_11_29,2,0,min seokTV,9,https://www.youtube.com/watch?v=gcI7FZW8pnU
전설 킹 상자를 열어보자 (클래시로얄-배참새-),5,2019_11_29,1,0,배참새BA CHAM SAE,24,https://www.youtube.com/watch?v=yerhc5HJIFM
Qrnm의 허접한 게임-클래시로얄편 #3,23,2019_11_29,3,0,허접한삼총사,21,https://www.youtube.com/watch?v=c2noGYw2_s0
클래시로얄 게임,7,2019_11_29,1,0,루이하,1,https://www.youtube.com/watch?v=IBkcU_Q4I7c
"배틀힐러, 신규아레나, 밸런스 패치 시즌6 (업데이트 미리보기) [클래시로얄-Clash Royale] [June]","235,539",2019_11_30,3400,91,JUNE,471000,https://www.youtube.com/watch?v=m89CudP7I8U
오랜만에 로자덱으로 쉽고 빠르게 얼챔 가볼게요^^ [클래시로얄][Sunny CR],"21,321",2019_11_30,220,8,Sunny CR,9470,https://www.youtube.com/watch?v=2ZIObFwrXtM
클래시로얄 마스터 승급전,8,2019_11_30,2,0,한들고스트 진원이,11,https://www.youtube.com/watch?v=Pa8kF3xysSY
클래시로얄 상자깡(수가 적긴하지만)우와! 이게 뜬다고? 독겜YouTube,37,2019_11_30,3,0,독겜YouTube,8,https://www.youtube.com/watch?v=SKMTTUyys80
모바일 게임 클래시 로얄 4번째 전설 나무꾼이 나오다!!!,11,2019_11_30,1,0,파이가이스트TV Genflash,17,https://www.youtube.com/watch?v=Szslovc_3hE
클래시 로얄 시즌 6: 클래시마스! ❄️무료 타워스킨 ☃️ 신규 카드 🎄 TV 로얄,"45,894",2019_11_30,819,37,클래시 로얄,325000,https://www.youtube.com/watch?v=1urbFDj0QfA
클래시로얄(언제적 게임...),15,2019_11_30,3,1,못말리는두콩,23,https://www.youtube.com/watch?v=I50FWcnfUoo
클래시로얄 로얄패스 전부 까기,14,2019_11_30,0,0,곰곰이,7,https://www.youtube.com/watch?v=X4ROUWeI4fM
클래시로얄 상자깡! [클래시 로얄] [crow master],15,2019_11_30,1,0,YT 크로우마스터cm,21,https://www.youtube.com/watch?v=jVbK_-xb-zE
아니 좀 살살해!!!(블루키트의 클래시로얄),8,2019_12_01,1,0,블루키트,9,https://www.youtube.com/watch?v=rwx_uxlr-qs
종이컵맨의 클래시로얄(달려라 나무꾼),17,2019_12_01,2,0,종이컵맨,10,https://www.youtube.com/watch?v=6vMUryQ7Fm0
전투 치유사의 모든것 [클래시로얄-Clash Royale] [June],"207,795",2019_12_01,3100,92,JUNE,471000,https://www.youtube.com/watch?v=3iEiA5WslV8
잘못 쓰면 팀킬 할 수 있는 카드 TOP 5[클래시로얄][Sunny CR],"92,259",2019_12_02,844,59,Sunny CR,9470,https://www.youtube.com/watch?v=CagXaiCw6iQ
S.one&Qrnm허접한게임-클래시로얄편 #4,24,2019_12_02,2,0,허접한삼총사,21,https://www.youtube.com/watch?v=oIj6Saq8Vmo
클래시 로얄 시즌 6: 클래시마스! 🎁,"49,365",2019_12_02,588,23,클래시 로얄,325000,https://www.youtube.com/watch?v=Xo7lfFaFyFw
전투치유사 이거이거 사기 냄새 솔솔나는데요? 클래시로얄(Feat. 드래프트도전) 사재TV,906,2019_12_02,57,3,사재TV,3370,https://www.youtube.com/watch?v=FAcNPbiu9qE
전투 치유사는 필수입니다!! 클래시 로얄 배틀힐러 뽑고 승격했습니다!!,"2,299",2019_12_02,0,0,빠꿈 BGM,22100,https://www.youtube.com/watch?v=5437p_VUu0E
전투치유사 이덱 쓰세요! [클래시로얄-Clash Royale] [June],"221,513",2019_12_02,2400,85,JUNE,471000,https://www.youtube.com/watch?v=aSTCINqpZnk
클래시 로얄 전설 상자 마법 상자 영웅상자 골드 상자깡,46,2019_12_02,1,0,아빠와 아들,14,https://www.youtube.com/watch?v=iZwTT6eW6h4
클래시로얄 로얄패스 구매했습니다,282,2019_12_03,5,0,기씨TV,961,https://www.youtube.com/watch?v=qfGWmWfLefE
신규 카드 크로우 [클래시로얄 상상업데이트 #3],"18,087",2019_12_03,343,27,조우,112000,https://www.youtube.com/watch?v=f3nCIz5XzwI
클래시로얄 전투 치유사 도전 15승 달성!,25,2019_12_04,2,0,아튭,75,https://www.youtube.com/watch?v=QSMSMM-PrFs
신규 사기 만렙카드 공짜로 퍼주는데 클래시로얄 왜 안함..? [클래시로얄],"8,740",2019_12_04,277,6,홀릿 Youtube Holit,76100,https://www.youtube.com/watch?v=ppk1sEJ0Opc
종합게임약 첫 영상!!! 클래시로얄2VS2 심심하면 들어오세요!!,10,2019_12_05,4,0,종합게임약,7,https://www.youtube.com/watch?v=YUqUNTL53SA
클래시로얄 Clash Royale 시즌 6 클래시마스!! [모바일게임] - 현석,39,2019_12_05,4,0,현석Game,27,https://www.youtube.com/watch?v=0c4GHSyb5CM
클래시 로얄-뜻밖의 우승-,4,2019_12_05,0,0,화이트츄,15,https://www.youtube.com/watch?v=hWHMYS-GTn0
전투 치유사로 맵 덮었습니다 [클래시로얄-Clash Royale] [June],"274,000",2019_12_05,2700,111,JUNE,471000,https://www.youtube.com/watch?v=Rv0PfcCF3kw
클래시로얄,2,2019_12_05,0,0,전설,10,https://www.youtube.com/watch?v=mjdo2Evf3Aw
기사 버프로 새롭게 탄생한 폭타 기베무덱![클래시로얄][Sunny CR],"26,734",2019_12_06,356,9,Sunny CR,9470,https://www.youtube.com/watch?v=jiV1nAS-A88
친구와 클래시로얄 3판,10,2019_12_06,2,0,조화랑,1,https://www.youtube.com/watch?v=2qv60KQhSe8
클래시 로얄 드래프트 도전 ㄱㄱ~~,10,2019_12_06,1,1,황금갈기tv,10,https://www.youtube.com/watch?v=GB3dYWahTx0
클래시로얄 NEW 무덤덱! 공유 새로운 기베무 추천!,81,2019_12_06,2,0,아튭,75,https://www.youtube.com/watch?v=yBF_imRTQfU
클래시로얄리그 월드파이널 2019 공식 트레일러!,"2,400",2019_12_06,61,1,클래시 로얄 리그 아시아,37800,https://www.youtube.com/watch?v=twiukfpVYgU
클래시 로얄 도전자3 덱 추천입니다,28,2019_12_06,0,0,신영환,0,https://www.youtube.com/watch?v=GykLDde1Wew
"월드파이널 팀들이 궁금하다면? 5분 요약, 클릭!","3,715",2019_12_06,72,1,클래시 로얄 리그 아시아,37800,https://www.youtube.com/watch?v=s-y2Zgn9iLU
신규 카드 배틀 치유사?,54,2019_12_06,2,1,부나나의모바일게임,0,https://www.youtube.com/watch?v=In_5QqflfFU
클래시 로얄2화,3,2019_12_06,0,0,이윤석,0,https://www.youtube.com/watch?v=-n_LmpeUgC4
클래시로얄 게임,1,2019_12_06,0,0,park지연,1,https://www.youtube.com/watch?v=wYXKZDAdrg4
[클래시로얄] 전투치유사 힐러!! 최강조합 공개합니다,545,2019_12_06,13,1,YongssTV,850,https://www.youtube.com/watch?v=T9PixR8u-hc
클래시 로얄 20승 도전,19,2019_12_07,2,0,도리YOUTUBE,83,https://www.youtube.com/watch?v=4pcVDdWfLWg
클래시로얄 리그 월드파이널 2019 생방송,"52,383",2019_12_07,427,25,클래시 로얄 리그 아시아,37800,https://www.youtube.com/watch?v=rJfK0cGHQBk
"프로가 중계하는 2019 클래시로얄 리그 월드파이널 with 사도, 대석장 Clash Royale - 클래시로얄 [사과도둑]","2,748",2019_12_07,38,1,Sado CR 사과도둑,1380,https://www.youtube.com/watch?v=vVFlVspW9_k
만약 클래시로얄이 넷마블 게임이라면? 1편,"12,972",2019_12_07,259,14,조우,112000,https://www.youtube.com/watch?v=xQJy0h_fJF4
오늘은 클래시로얄!! 공포게임은 다음에… ㅎㅎ,16,2019_12_07,0,2,백우youtube,67,https://www.youtube.com/watch?v=GNch1CCfgIw
첫 비둘기의 모바일게임 클래시 로얄 소리 끄고 시청해주세요!,3,2019_12_07,0,0,비둘기,0,https://www.youtube.com/watch?v=K6Z2eMuYjY8
토큰 무한대로 모으는 방법! [클래시로얄-Clash Royale] [June],"129,210",2019_12_07,1900,53,JUNE,471000,https://www.youtube.com/watch?v=T_6UgtLUlTI
그럽게 어려운 클래시로얄리그 20승도전을 한 번에 성공?! 꿀팁 공개!! (Clash Royale League Challenge 20 Wins),154,2019_12_07,14,0,플라잉보이CR,0,https://www.youtube.com/watch?v=2nFd_QjB9JY
클래시로얄 트리플 드래프트입니다,1,2019_12_07,0,0,"쌍둥이곰달,초고",5,https://www.youtube.com/watch?v=1ECEGiFDSAg
"랭커댁 사용해보기, 도전자 2 가기 하기. 클래시로얄 썬더",13,2019_12_07,2,0,썬더tv,7,https://www.youtube.com/watch?v=CuGMd45M3hE
끝까지 알고보는 것이다(클래시로얄),14,2019_12_07,3,0,별호,20,https://www.youtube.com/watch?v=xYIXCSBNjx0
이거 운빨인가요? 아무튼 20승 도전 쉽게 성공[클래시로얄][Sunny CR],"15,450",2019_12_08,236,8,Sunny CR,9470,https://www.youtube.com/watch?v=bsZnDT54IIw
클래시로얄댁소개,5,2019_12_08,0,0,게임팡팡,10,https://www.youtube.com/watch?v=pFTDAu9O4vs
클래시 로얄 게임을 해봤다?!,45,2019_12_08,8,1,골로강태,30,https://www.youtube.com/watch?v=nAPEjLtYFz4
클래시로얄 멋있어서 써본 엘리트 바바리안,41,2019_12_09,2,0,기씨TV,961,https://www.youtube.com/watch?v=qy48SMcB6Vk
[클래시로얄] 골드3에서 상대가 킹타워 레벨 1?!!,9,2019_12_09,3,0,천년나무,42,https://www.youtube.com/watch?v=4QhUQwZZaGY
클래시로얄 #3 내가 가장 선호하고 사랑하는 덱 기블린!!,33,2019_12_09,3,0,Poram4024 TV,15,https://www.youtube.com/watch?v=sYLzy1rSzD4
클래시로얄 #4 나랑 삐까삐까한 레벨!! 엘바덱 연적시키는 기블린!!,24,2019_12_09,3,0,Poram4024 TV,15,https://www.youtube.com/watch?v=I9E6FB6P7lY
클래시로얄 4900대에 만렙유저를 이겨보았다!?,23,2019_12_09,1,0,곰탱이,10,https://www.youtube.com/watch?v=foM2AcQMhEM
클래시로얄 가드 많이모으기,8,2019_12_09,2,0,min seokTV,9,https://www.youtube.com/watch?v=ApwCJxggTSU
무조건 이긴다 (100%winning DECK) [클래시로얄],3,2019_12_09,1,0,GA JE,15,https://www.youtube.com/watch?v=8OV6ZpscFiw
20시간 끝에.. 전 세계 최초로 200승 달성했읍니다🤘,"100,299",2019_12_09,1500,34,Pong TV,325000,https://www.youtube.com/watch?v=523QIX5ZX0I
클래시로얄이 카드를 퍼주는구나~~ 이젠 원하는 전설 카드를 뽑을수도 있네요ㅋㅋㅋㅋ 번개 짱짱맨 [클래시로얄],"30,541",2019_12_09,356,20,홀릿 Youtube Holit,76100,https://www.youtube.com/watch?v=x8P4AAv195g
클래시 로얄 트로피900점가기,9,2019_12_09,1,0,픽셀,2,https://www.youtube.com/watch?v=NFiKWQEsKcE
아레나 5 탈출덱 | minus 3 - [클래시로얄 - Clash Royale],343,2019_12_09,6,2,minus 3,18,https://www.youtube.com/watch?v=oJF1o01P4QU
너프 전에 빨리 꿀 빠세요! [클래시로얄-Clash Royale] [June],"210,555",2019_12_09,2500,91,JUNE,471000,https://www.youtube.com/watch?v=TPVCqpyA5ig
"【브롤스타즈】 스토리리뷰 128화 ""클래시 로얄 #1"" 【시엘 브롤】","78,212",2019_12_10,1000,37,시엘,87300,https://www.youtube.com/watch?v=Uj2Y_xhOnxk
클래시로얄 미띤 피지컬로 아레나8 달성! | 려젤,38,2019_12_10,6,0,려젤ッˇˇ,220,https://www.youtube.com/watch?v=_37ERDy2HcQ
클래시 로얄,9,2019_12_10,2,0,임현 Tv,7,https://www.youtube.com/watch?v=is8DomJCi7k
오늘 클래시로얄을 해보았다!!!,1,2019_12_10,0,0,TAE IN,5,https://www.youtube.com/watch?v=fK-GMVRMl1U
첫 게임영상-클래시로얄(CLASHROYALE👑)-[악마YouTube],6,2019_12_10,1,0,악마YouTube,3,https://www.youtube.com/watch?v=bTyHchduCG0
죽지 않는 그들..! 엘골 전치사덱 [클래시로얄][Sunny CR],"10,390",2019_12_10,159,3,Sunny CR,9470,https://www.youtube.com/watch?v=j9NRdLm-itg
래모 VS AI3 우당탕 클래시로얄 대전쟁!,9,2019_12_10,1,0,네모난 친구들,17,https://www.youtube.com/watch?v=XpWF_Uub0o8
클래시 로얄 4 탄,2,2019_12_10,0,0,부루Game,19,https://www.youtube.com/watch?v=jhKhutOG8-4
오늘은 클래시로얄 너다!!!!,7,2019_12_10,2,0,무지TV kim moo young,2,https://www.youtube.com/watch?v=yXfCnBSIzx0
오랜만에 클래시로얄 했습니다. 4배속 24초 컷,3,2019_12_10,1,0,ICE PeAcE ᏟᏚᏒ,39,https://www.youtube.com/watch?v=_PzE0FJ5D5U
클래시로얄 아레나 도전자2 플레이 영상 #2,2,2019_12_10,0,0,Fulnes TV,1,https://www.youtube.com/watch?v=vQNy---gZr4
클래시 오브 클랜 : 로얄 챔피언,"43,761",2019_12_10,358,6,클래시 오브 클랜,268000,https://www.youtube.com/watch?v=rrZcSiCI4SE
클래시 로얄을 해보았다,34,2019_12_10,2,1,『KOR』 Twins,82,https://www.youtube.com/watch?v=Mj89UcUW878
[클래시로얄] 신효가 놀란 이유는?,334,2019_12_10,18,0,채널신효,3310,https://www.youtube.com/watch?v=1L1x7iqQyFY
클래시로얄 클랜원모집,7,2019_12_10,2,0,김원숭,21,https://www.youtube.com/watch?v=4DOMC-ghMeM
클래시로얄,8,2019_12_11,1,1,짭임다,7,https://www.youtube.com/watch?v=NjwV5EZdswk
"[월드파이널 Hot Game] Surgical Goblin, 타워체력 1의 기적","18,256",2019_12_11,261,8,클래시 로얄 리그 아시아,37800,https://www.youtube.com/watch?v=KBmM80RXYY0
클래시로얄(채널루카스),16,2019_12_11,2,0,채널루카스Channel Lucas,43,https://www.youtube.com/watch?v=ecZQQCI57jI
요즘 유행한다는 라바 *빌드업* 실화냐ㅋㅋㅋㅋ 화끈스무th🔥,"58,130",2019_12_11,932,25,Pong TV,325000,https://www.youtube.com/watch?v=p_j4gUFYUVo
클래시 로얄 -멀미마법-!!,12,2019_12_11,4,0,집에선 대통령의 게임세상,28,https://www.youtube.com/watch?v=BAuSa3NyZbc
(클래시로얄)*3화*과연 무엇이 나올까요?,3,2019_12_11,0,0,TV Golem's,4,https://www.youtube.com/watch?v=rGYQ3TBvtMg
2레나를 해보았다『클래시 로얄』,18,2019_12_11,1,0,『KOR』 Twins,82,https://www.youtube.com/watch?v=BiuSpuZpR8Y
클래시로얄 글로벌 토너먼트 꿀덱,37,2019_12_11,3,0,모겜러헤피,4,https://www.youtube.com/watch?v=Vk8Crq6g4a8
초보자가 추천한 클래시로얄 덱,39,2019_12_11,2,1,GAMES아기돼지,26,https://www.youtube.com/watch?v=KyqfnF4JmVA
클래시로얄 랭킹 4위댁으로 게임 플레이하기,11,2019_12_11,2,0,YOUTUBE으누,24,https://www.youtube.com/watch?v=yPooaWnWGSw
클래시로얄클래식도전해봤습니다(내일은상자깡할께요),2,2019_12_11,0,0,곰돌이TV,5,https://www.youtube.com/watch?v=Ey2gvT7u9Js
다니엘 tv 클래시로얄,8,2019_12_11,0,0,DANIEL KIM,10,https://www.youtube.com/watch?v=JJHR_mVRsII
클래시 로얄 5 탄,4,2019_12_11,2,0,부루Game,19,https://www.youtube.com/watch?v=ryQic1vZknk
뜻밖의 수익「클래시 로얄」,7,2019_12_11,2,0,GCH YouTube,8,https://www.youtube.com/watch?v=Z4mIQ1cE2zQ
클래시로얄 월드파이널 결승전모음,2,2019_12_11,0,0,드래곤youtobe,43,https://www.youtube.com/watch?v=uJWEbGwPmfY
클래시 로얄 브롤스타즈 게임,1,2019_12_11,0,0,김맹자,2,https://www.youtube.com/watch?v=6z-CZfhYq_s
(클래시로얄)level이가장 높은 것끼리 덱을 짜놓으면??,5,2019_12_11,0,0,홀릭-Youtube.,2,https://www.youtube.com/watch?v=sctzYuD1Lcs
클래시로얄 ~! 고블통은 무슨 마법 이랑 사용 하면 강할까?,7,2019_12_11,1,0,꿀호,1,https://www.youtube.com/watch?v=tii0uC8_g3M
심심해서 무덤 써봤습니다 | minus3 - [클래시로얄 - Clash Royale],18,2019_12_11,1,0,minus 3,18,https://www.youtube.com/watch?v=mhLvEVCSFvw
클래시로얄 2대2전투 트롤 유형,22,2019_12_11,0,0,BJ 스티브 TV,0,https://www.youtube.com/watch?v=_6pMVyp1ofs
2년 삼총사 원덱 유저가 총사 강의 합니다[클래시로얄],213,2019_12_11,11,1,평준선생,1650,https://www.youtube.com/watch?v=VD5WLH_JWEo
오늘은클래시로얄을해봤어용🥰시청자여러분들을위해서라면클래시로얄을열심히하겠습니다클로를못해서죄송해용😭,2,2019_12_11,0,0,목베게TV,0,https://www.youtube.com/watch?v=_cec3kJOiRM
Lightning chest opening 10000gem flex [clash royale] 번개 상자 상자깡 10000보석 [클래시 로얄],145,2019_12_11,10,0,평준선생,1650,https://www.youtube.com/watch?v=trlLZVtQuZs
클래시로얄....더 잘하고 싶닼ㅋ,4,2019_12_11,1,0,모험SM,13,https://www.youtube.com/watch?v=vHtpJ7NIUjs
클래시로얄 또 다시 지호님과,12,2019_12_11,2,0,승빵,5,https://www.youtube.com/watch?v=5lT1TFeuHN4
클래시로얄,0,2019_12_11,0,0,8682346612,2,https://www.youtube.com/watch?v=j9zalKVa3fA
클래시로얄 미친덱 추천!(유튜버 june님 프로게이머분들이 추천하는덱!) 쉽고쎄다!,84,2019_12_11,1,0,라마의일상,5,https://www.youtube.com/watch?v=mMILwRpOq88
2년전에 평생 쓴다고 했던 그 덱! [클래시로얄-Clash Royale] [June],"215,488",2019_12_12,2800,68,JUNE,471000,https://www.youtube.com/watch?v=DpryBl_x7SA
'만렙 고블린 우리'가 무덤충과 만난다면? | 클래시로얄,"34,616",2019_12_12,499,25,뽁구BBokTV,397000,https://www.youtube.com/watch?v=-naMMc3niz4
클래시로얄 사기로 평가받는 페틀램 덱! 과연 효율은...?,14,2019_12_12,1,0,no.11 KIM,2,https://www.youtube.com/watch?v=LM_SujGofAs
메리 클래시마스! 클래시로얄 치유의 클래시마스 덱&세이프님과 1대1 (with 세이프) (feat 서든데스에서 타워 동시에 깨짐),20,2019_12_12,6,1,컬러풀레드TV,51,https://www.youtube.com/watch?v=dUduoKSfBTs
클래시로얄 시청자 배틀할 사람 모집 #king킹!,50,2019_12_12,3,0,king킹!,13,https://www.youtube.com/watch?v=nWWXxjc1tPY
친구들과 함께하는 클래시로얄~!,28,2019_12_12,4,0,윤건TV,9,https://www.youtube.com/watch?v=irwz_5894yI
이국강와 함깨 클래시 로얄 2V2배틀 영상,43,2019_12_12,3,0,V준바맨,14,https://www.youtube.com/watch?v=VqQxXZPOg7E
클래시로얄 석궁덱,4,2019_12_12,0,0,게임Tv,1,https://www.youtube.com/watch?v=ZNdMcEEBbtM
아슬이슬한 경기 클래시로얄,1,2019_12_12,0,0,시훈TV,5,https://www.youtube.com/watch?v=6GWqTYK3HZM
클래시로얄 일반 기술과 고급기술,11,2019_12_12,0,0,gangmin minecraft,109,https://www.youtube.com/watch?v=NOsz27CrWYY
1000만원 주고도 못 받는 고퐁격 '클래시 로얄' 교육 방송입니다^_^,"79,323",2019_12_12,1400,24,Pong TV,325000,https://www.youtube.com/watch?v=Jx-p5VStP2w
클래시로얄 글토 세계19등![1부],9,2019_12_12,1,0,RoYa Ri,0,https://www.youtube.com/watch?v=NzT0pVXjEKg
Omlet Arcade를 통해 나의 클래시 로얄 플레이를 관전하세요!,1,2019_12_12,0,0,Mason Kim,5,https://www.youtube.com/watch?v=-nawTr9fljQ
Omlet Argade에서 제 방송을 확인해 주세요!클래시 로얄 YouTube 페리이,10,2019_12_12,2,0,페리이.,628,https://www.youtube.com/watch?v=zkAo6xQbyFA
클래시로얄 클래식도전12승 도전!,2,2019_12_12,0,0,MONT날뛰지마,16,https://www.youtube.com/watch?v=HQXVhSenkDI
클래시로얄 (3),20,2019_12_12,3,2,경환스튜디오,24,https://www.youtube.com/watch?v=tMtidXz4ij8
드디어 페카 만렙! 랭겜 초전박살 내러 갑니다[클래시로얄][Sunny CR],"18,009",2019_12_13,255,8,Sunny CR,9470,https://www.youtube.com/watch?v=QaqTpEtVFtA
클래시로얄(feet.닥터정최의 게임실험실),1,2019_12_13,1,0,요바리,1,https://www.youtube.com/watch?v=nO7N97Nq6vI
