﻿title,count,date,good_count,bad_count,youtuber,subscriber,url
Pocket World 3D,"39,401",2019_10_18,26,6,Minwei Lin,87,https://www.youtube.com/watch?v=Hm8GhWuMLFA
Pocket World 3D (by Minimonster game limited) - puzzle game for android and iOS - gameplay.,"1,018",2019_10_26,4,0,andro-games,7080,https://www.youtube.com/watch?v=c1JUBFOxlMk
Pocket World 3D - New Game for Android,370,2019_11_18,1,0,New Games for Android,36400,https://www.youtube.com/watch?v=_CQc_h4484k
Pocket World 3D,"349,884",2019_11_19,55,12,Minwei Lin,87,https://www.youtube.com/watch?v=8FptpspAUAg
Pocket World 3D,"36,683",2019_11_19,14,8,Minwei Lin,87,https://www.youtube.com/watch?v=nnm65rEidUA
Play game mod android - Pocket world 3d mod money,95,2019_11_19,0,0,PLAY GAME MOBILE,73,https://www.youtube.com/watch?v=Hr-MyWeJUIo
Pocket World 3D Part 1 Walkthrough,"4,621",2019_11_19,17,4,TheGameAnswers,25900,https://www.youtube.com/watch?v=j1AImz3lVrs
Pocket world 3D (포켓월드 3D) 플레이영상,658,2019_11_21,6,0,날아라시옹잉,14,https://www.youtube.com/watch?v=OD0d92s9kZs
Pocket World 3D 게임,157,2019_11_21,1,1,리미,4,https://www.youtube.com/watch?v=lq71XWvfLLQ
Pocket World 3D (Part 1),128,2019_11_21,3,0,Zachatonumus Rex,490,https://www.youtube.com/watch?v=bjves5sAAes
'Brainstorming' Pocket World 3D Game Review 1080p Official Minimonster game limited,122,2019_11_21,1,0,Betty Girl,2300,https://www.youtube.com/watch?v=yH_K6mtX7Vo
Pocket World 3D: NL Windmill village and JP Kyoto - Gameplay Walkthrough Part 1,"2,837",2019_11_22,13,1,GamePlays365,671,https://www.youtube.com/watch?v=joVeX90vGmI
Pocket World 3D NL WindmillVillage Tractor,87,2019_11_23,1,0,RebelYelliex,0,https://www.youtube.com/watch?v=4CBDX33hUW0
POCKET WORLD 3D. ALL SPECIAL PART 15 Walkthrough,"2,292",2019_11_23,11,2,Stratomobile,0,https://www.youtube.com/watch?v=QNa-ISr8p88
Pocket World 3D - Part 1 Walkthrough,657,2019_11_23,5,0,daydreamz studio,820,https://www.youtube.com/watch?v=rfRx75M_c6I
Pocket World 3D JP Kyoto Snack Bar,"2,934",2019_11_23,15,1,RebelYelliex,0,https://www.youtube.com/watch?v=1AF_kzQassU
Pocket World 3D UK London Tailor Shop,548,2019_11_24,2,0,RebelYelliex,0,https://www.youtube.com/watch?v=eX_AyOANmbI
Pocket World 3D JP Ramen Shop,120,2019_11_24,0,0,もとさん,4,https://www.youtube.com/watch?v=AjBkaV4Zucw
Pocket World 3D UK London Tower Bridge,77,2019_11_24,1,0,RebelYelliex,0,https://www.youtube.com/watch?v=JD1PYNsLaPs
Pocket World 3D JP Kyoto Flower Shop,21,2019_11_24,0,0,RebelYelliex,0,https://www.youtube.com/watch?v=hdpFc3mPMWw
Pocket World 3D JP Japanese - style cottage,408,2019_11_24,1,1,もとさん,4,https://www.youtube.com/watch?v=-X91-HrlEuc
Pocket World 3D JP Snack Bar,"1,037",2019_11_24,2,0,もとさん,4,https://www.youtube.com/watch?v=tVv1yEbHn90
Pocket World 3D JP Triple Tower,13,2019_11_24,0,0,もとさん,4,https://www.youtube.com/watch?v=ED_IwQID0ns
Pocket World 3D - Assemble models unique puzzle | Daigoji Temple | Gameplay | Mind Relaxing Game,170,2019_11_24,2,0,Android Gaming,153,https://www.youtube.com/watch?v=bzjh_z7qRxI
"[Pocket world 3D]1.네덜란드(풍차,네덜란드 오두막집,트랙터,나무신발)",293,2019_11_24,0,0,[스톤],51,https://www.youtube.com/watch?v=pld-jwIut-s
Pocket World 3D Windmill(風車),43,2019_11_24,0,0,木龍遥,2290,https://www.youtube.com/watch?v=4VVOmrDEtjo
Pocket World 3D JP Kyoto Wilderness Train,"1,768",2019_11_24,13,1,RebelYelliex,0,https://www.youtube.com/watch?v=PPXuH8YD8wQ
Snack bar | pocket world 3D,"3,560",2019_11_24,13,2,R4CH31 D10,32,https://www.youtube.com/watch?v=8J8IZ4tpvK4
where to place the pink flowers in pocket world 3D,155,2019_11_24,5,0,R4CH31 D10,32,https://www.youtube.com/watch?v=lQMiNlCFMN4
Pocket World 3D - Assemble models unique puzzle Android Gameplay,567,2019_11_24,5,0,KruGames,165000,https://www.youtube.com/watch?v=Zkdh8SesztQ
fushimilnari-taisha | pocket world 3D,314,2019_11_24,4,0,R4CH31 D10,32,https://www.youtube.com/watch?v=i6j9x18g2us
Pocket World 3D JP Kyoto Japanese Style Cottage,"1,272",2019_11_24,2,0,RebelYelliex,0,https://www.youtube.com/watch?v=fE41-KBksCg
Pocket World 3D | Snack Bar | Golden pavilion Temple | Fushimilnari - taisha | Gameplay,205,2019_11_24,0,0,Android Gaming,153,https://www.youtube.com/watch?v=nrDHncmT9Pw
Pocket World 3D CN Beijing New Society,902,2019_11_25,1,2,RebelYelliex,0,https://www.youtube.com/watch?v=pwSnvVRi3uE
Pocket World 3D - Assemble models unique puzzle | Japanese Style cottage | Ramen Shop | Sushi Bar,43,2019_11_25,0,0,Android Gaming,153,https://www.youtube.com/watch?v=41Q0UJoOYdI
Pocket World 3D ep 1,55,2019_11_25,2,0,Noah Tieman,20,https://www.youtube.com/watch?v=R3HtengzjZk
Japanese- style cottage | pocket world 3D,686,2019_11_25,5,0,R4CH31 D10,32,https://www.youtube.com/watch?v=h_ZbFlMYzoA
Pocket World 3D US San Francisco Painted Ladies,180,2019_11_25,3,0,RebelYelliex,0,https://www.youtube.com/watch?v=14hDwJe8Qt8
ポケットワールド3D 軽食店 Pocket World 3D,"1,382",2019_11_26,5,0,よんちゃんねる,13,https://www.youtube.com/watch?v=h0H6_zsb2ss
[민이] 세계의 유명 건물을 직접 조립할수있다구!? 포켓월드 3D!! - [모바일게임추천],372,2019_11_27,9,0,민민YOUTUBE,4080,https://www.youtube.com/watch?v=O8QccGVrqXQ
Pocket world 3d bgm,173,2019_11_28,2,0,Ak pos,0,https://www.youtube.com/watch?v=SmY_cLBFvnQ
Pocket World 3D music,"5,546",2019_11_28,181,2,Minwei Lin,87,https://www.youtube.com/watch?v=c_sZD8ojeFM
Pocket World 3D MX Mexico City Yellow Wall Market,175,2019_11_28,2,0,RebelYelliex,0,https://www.youtube.com/watch?v=FSqB7-U2-1s
Pocket World 3D MX Mexico City Leather Shoes Car,19,2019_11_28,0,0,RebelYelliex,0,https://www.youtube.com/watch?v=LGzncs2UNeM
Pocket World 3D TR Istanbul Cappadocia,19,2019_11_28,0,0,RebelYelliex,0,https://www.youtube.com/watch?v=SeC_XNTIKSk
手遊試玩#13-口袋世界3D Pocket World 3D 你掌上的迷你建築模型組裝遊戲,264,2019_11_29,6,0,阿胡的遊戲頻道,300,https://www.youtube.com/watch?v=SRjjmXpRZHM
Pocket World 3D - Mostrando o Game #11,9,2019_11_29,2,0,hilbert,160,https://www.youtube.com/watch?v=xHrizHj22UA
Pocket World 3D DE Munich Crane,42,2019_11_30,0,0,RebelYelliex,0,https://www.youtube.com/watch?v=5tBe-TTZJzg
試玩遊戲#1 Pocket World 3D（頻道宣傳要準備有了😤）,38,2019_11_30,3,0,roblox老手,19,https://www.youtube.com/watch?v=hpuyFF_ZenM
Flower shop | Pocket world 3D,33,2019_11_30,0,0,R4CH31 D10,32,https://www.youtube.com/watch?v=yS7_tcBupnk
[모바일게임] 손안에서 세계여행!? 나만의 건축 조립 게임 포켓월드 3d (pocket world 3d)리뷰,23,2019_12_02,1,0,숨나겜[숨어서하는나만의게임],3,https://www.youtube.com/watch?v=QVIK5zlz-hk
[별이슬] Pocket World 3D: 유명한 건축물을 미니어처로 만드는 힐링게임,18,2019_12_03,1,0,별이슬,0,https://www.youtube.com/watch?v=CAwQWVGHaI8
"POCKET WORLD 3D. (NEW) SEOUL, KOREA. PART 16 Walkthrough",91,2019_12_05,3,0,Stratomobile,0,https://www.youtube.com/watch?v=VtO8hzMXqTE
이 게임이 플레이스토어 인기게임1위라고요??헐... (Pocket World 3D),26,2019_12_06,4,0,TV종이봉투,7,https://www.youtube.com/watch?v=8qSVowLvG4o
POCKET WORLD 3D. (NEW) ES BARCELONA PART 20 Walkthrough,66,2019_12_06,0,0,Stratomobile,0,https://www.youtube.com/watch?v=2IqJMMesC8g
Pocket World 3D: World Famous - New Swan Stone Castle,16,2019_12_09,0,0,Bún,133,https://www.youtube.com/watch?v=EvsFcZJMwSs
모바일 건축 게임 포켓 월드 Pocket World 3D Gameplay Walkthrough,166,2019_12_10,5,0,JACK TV,35900,https://www.youtube.com/watch?v=vi6Du337QNA
포켓월드 3D | 일본의 가요미즈사 3층 탑 만들기,2,2019_12_10,0,0,Hyukho's Game Play,0,https://www.youtube.com/watch?v=qlSKYOUfUvY
이게임은 여러분들이 광고에서 자주 보시던 게임입니다. 포켓 월드 3D (pocket world 3D) 조립형 시뮬레이터,4,2019_12_11,0,0,잔유의 세상 즐거운 게임,437,https://www.youtube.com/watch?v=8ltqFdtyPwA
포켓월드 3D | 분식점 만들기,15,2019_12_11,1,0,Hyukho's Game Play,0,https://www.youtube.com/watch?v=3JlGwX67VAg
