﻿title,count,date,good_count,bad_count,youtuber,subscriber,url
Mr Bullet Chapter 11 PIRATE SHIP Level 161-176. 3 Stars Walkthrough,"10,459",2019_03_17,24,6,TheGameAnswers,26000,https://www.youtube.com/watch?v=EMLpdRWXj0I
MR BULLET - Chapter 1 Bullet City - Gameplay Walkthrough Part 1 (iOS Android),"68,669",2019_03_17,384,47,MobileGamesDaily,406000,https://www.youtube.com/watch?v=R0l8DEFIbUo
Mr Bullet All Grenades Levels 3 Stars Walkthrough,"1,568",2019_03_17,21,2,Dark Lemon,520,https://www.youtube.com/watch?v=vX1DBsO_GDU
Mr Bullet Chapter 6 FAR WEST Level 81-96. 3 Stars Walkthrough,"1,014",2019_03_17,5,1,TheGameAnswers,26000,https://www.youtube.com/watch?v=Ol47u52_h6E
Mr Bullet Chapter 14 CIRCUS Level 209-224. 3 Stars Walkthrough,"13,578",2019_03_17,31,4,TheGameAnswers,26000,https://www.youtube.com/watch?v=EmLTQaSN0oc
Mr Bullet Chapter 7 FOREST Level 97-112. 3 Stars Walkthrough,865,2019_03_17,5,0,TheGameAnswers,26000,https://www.youtube.com/watch?v=26uJ-bQO2CY
Mr Bullet Chapter 3 GRAVEYARD Level 33-48. 3 Stars Walkthrough,"14,504",2019_03_17,57,9,TheGameAnswers,26000,https://www.youtube.com/watch?v=IPh4-iJldAI
Mr Bullet Chapter 9 SHOGUNS CASTLE Level 129-144. 3 Stars Walkthrough,"17,327",2019_03_17,71,18,TheGameAnswers,26000,https://www.youtube.com/watch?v=Xlfg1FzuQDo
Mr Bullet Chapter 10 UNKNOWN PLANET Level 145-160. 3 Stars Walkthrough,"3,737",2019_03_17,13,1,TheGameAnswers,26000,https://www.youtube.com/watch?v=z6bM0l8Dn3c
Mr Bullet Chapter 4 BULLET BEACH Level 49-64. 3 Stars Walkthrough,"8,924",2019_03_17,40,3,TheGameAnswers,26000,https://www.youtube.com/watch?v=HpnTpYcTE0A
Mr Bullet Chapter 1 BULLET CITY Level 1-16. 3 Stars Walkthrough,"11,021",2019_03_17,25,2,TheGameAnswers,26000,https://www.youtube.com/watch?v=O2u9kZZLRtU
Mr Bullet Chapter 8 FORTRESS Level 113-128. 3 Stars Walkthrough,"15,121",2019_03_17,76,16,TheGameAnswers,26000,https://www.youtube.com/watch?v=r-RBxnmhT1s
MR BULLET - Chapter 2 Shogun's Castle - Gameplay Walkthrough Part 2 (iOS Android),"20,038",2019_03_17,110,10,MobileGamesDaily,406000,https://www.youtube.com/watch?v=BX3dK-lcfvs
Mr Bullet Chapter 13 SNOW FOREST Level 193-208. 3 Stars Walkthrough,"4,311",2019_03_17,13,4,TheGameAnswers,26000,https://www.youtube.com/watch?v=nm0QtnWnYR4
Mr Bullet Chapter 5 BULLET CITY 2 Level 65-80. 3 Stars Walkthrough,"1,106",2019_03_17,2,1,TheGameAnswers,26000,https://www.youtube.com/watch?v=JYCHXHCQ9WE
Mr Bullet Chapter 12 VAMPIRE CASTLE Level 177-192. 3 Stars Walkthrough,"2,959",2019_03_17,6,3,TheGameAnswers,26000,https://www.youtube.com/watch?v=XHJQEY4kQQ4
Mr Bullet Chapter 16 PYRAMID Level 241-256. 3 Stars Walkthrough,"9,785",2019_03_17,17,5,TheGameAnswers,26000,https://www.youtube.com/watch?v=xEmmWI7Jvio
Mr Bullet Chapter 15 PENITENTIARY Level 225-240. 3 Stars Walkthrough,"1,427",2019_03_17,3,0,TheGameAnswers,26000,https://www.youtube.com/watch?v=VqfQuOF1TIk
Mr Bullet Chapter 2 SHOGUNS CASTLE Level 17-32. 3 Stars Walkthrough,707,2019_03_17,2,0,TheGameAnswers,26000,https://www.youtube.com/watch?v=Q6dPD6JJC1I
Mr Bullet Hostages Chapter 2 SHOGUNS CASTLE Level 13-24. 3 Stars Walkthrough,663,2019_03_18,1,0,TheGameAnswers,26000,https://www.youtube.com/watch?v=UsvST2xsL-8
Trick shot the game | Mr Bullet,115,2019_03_18,1,1,CrispyBacon420,18,https://www.youtube.com/watch?v=Sigl-544tzc
MR BULLET - Chapter 3 Graveyard - Gameplay Walkthrough Part 3 (iOS Android),"182,329",2019_03_18,545,130,MobileGamesDaily,406000,https://www.youtube.com/watch?v=jZUlMpZnObQ
Mr Bullet MISSIONS Level 1-12. 3 Stars Walkthrough,"13,031",2019_03_18,33,6,TheGameAnswers,26000,https://www.youtube.com/watch?v=-X9nmLh02e0
Mr Bullet Hostages Chapter 6 FAR WEST Level 61-72. 3 Stars Walkthrough,"21,203",2019_03_18,83,19,TheGameAnswers,26000,https://www.youtube.com/watch?v=gvVK8MNHvVg
Mr Bullet Hostages Chapter 5 BULLET CITY 2 Level 49-60. 3 Stars Walkthrough,"13,712",2019_03_18,30,10,TheGameAnswers,26000,https://www.youtube.com/watch?v=MqIJAYa1vw4
Mr Bullet Hostages Chapter 3 GRAVEYARD Level 25-36. 3 Stars Walkthrough,"23,701",2019_03_18,82,6,TheGameAnswers,26000,https://www.youtube.com/watch?v=2Ejm9ty6rRc
Mr Bullet Grenades Chapter 6 FAR WEST Level 61-72. 3 Stars Walkthrough,"9,649",2019_03_18,26,5,TheGameAnswers,26000,https://www.youtube.com/watch?v=peZ4U9pgvn8
Mr Bullet Grenades Chapter 3 GRAVEYARD Level 25-36. 3 Stars Walkthrough,"4,914",2019_03_18,19,0,TheGameAnswers,26000,https://www.youtube.com/watch?v=Go9NMLBcFeo
Mr Bullet Grenades Chapter 5 BULLET CITY 2 Level 49-60. 3 Stars Walkthrough,"2,653",2019_03_18,12,1,TheGameAnswers,26000,https://www.youtube.com/watch?v=Dm-zvWgZO3o
Mr Bullet Grenades Chapter 1 BULLET CITY Level 1-12. 3 Stars Walkthrough,507,2019_03_18,2,1,TheGameAnswers,26000,https://www.youtube.com/watch?v=jsNXcE2crLo
Mr Bullet Grenades Chapter 2 SHOGUNS CASTLE Level 13-24. 3 Stars Walkthrough,"16,875",2019_03_18,64,8,TheGameAnswers,26000,https://www.youtube.com/watch?v=9CwH3cMLNNE
Mr Bullet Hostages Chapter 4 BULLET BEACH Level 37-48. 3 Stars Walkthrough,"3,671",2019_03_18,6,2,TheGameAnswers,26000,https://www.youtube.com/watch?v=H3LOHGHrj4o
Mr Bullet Grenades Chapter 4 BULLET BEACH Level 37-48. 3 Stars Walkthrough,"2,365",2019_03_18,7,4,TheGameAnswers,26000,https://www.youtube.com/watch?v=Fek9hoRoEHE
Mr Bullet Chapter 10 PREHISTORY Level 145-160. 3 Stars Walkthrough,"10,696",2019_03_19,32,6,TheGameAnswers,26000,https://www.youtube.com/watch?v=ZY4wtOM7k2g
MR BULLET - Chapter 4 Bullet Beach - Gameplay Walkthrough Part 4 (iOS Android),"34,633",2019_03_19,115,22,MobileGamesDaily,406000,https://www.youtube.com/watch?v=whhPnd1eckw
Mr Bullet Chapter 17 PENITENTIARY Level 257-272. 3 Stars Walkthrough New Update,"29,226",2019_03_19,86,12,TheGameAnswers,26000,https://www.youtube.com/watch?v=QRoyKwK3CyE
Mr Bullet Chapter 18 PYRAMID Level 273-288. 3 Stars Walkthrough New Update,"97,576",2019_03_19,404,53,TheGameAnswers,26000,https://www.youtube.com/watch?v=B1p1HBaMQGc
Mr Bullet Chapter 14 ROME Level 209-224. 3 Stars Walkthrough,"13,792",2019_03_19,66,2,TheGameAnswers,26000,https://www.youtube.com/watch?v=x9nk7TZA9rM
Mr Bullet Chapter 20 LABORATORY Level 305-320. 3 Stars Walkthrough,"277,932",2019_03_19,1200,112,TheGameAnswers,26000,https://www.youtube.com/watch?v=dtcs7nnAU6w
Mr Bullet Chapter 19 DRAKKAR Level 289-304. 3 Stars Walkthrough,"139,639",2019_03_19,491,55,TheGameAnswers,26000,https://www.youtube.com/watch?v=k6vu39QaQEw
Mr Bullet Grenades Chapter 7 FOREST Level 73-84. 3 Stars Walkthrough,"68,118",2019_03_19,211,46,TheGameAnswers,26000,https://www.youtube.com/watch?v=LzfjHq_U54g
Mr Bullet Hostages Chapter 7 FOREST Level 73-84. 3 Stars Walkthrough,"36,015",2019_03_19,124,15,TheGameAnswers,26000,https://www.youtube.com/watch?v=RJOodXpTIL8
MR BULLET - Chapter 5 Bullet City 2 - Gameplay Walkthrough Part 5 (iOS Android),"9,419",2019_03_20,42,5,MobileGamesDaily,406000,https://www.youtube.com/watch?v=mytIReye9ck
Mr Bullet,"22,969,833",2019_03_21,3800,1500,1Button,5440,https://www.youtube.com/watch?v=jmLEA4oOTug
Mr Bullet All Missions 3 Stars Walkthrough,"4,783",2019_03_22,21,3,Dark Lemon,520,https://www.youtube.com/watch?v=TWD4pnxH-hc
Mr Bullet Level 65-80 Chapter 5 Bullet City II Walkthrough - 3 Stars,"2,237",2019_03_23,3,1,Pro Gamer,3760,https://www.youtube.com/watch?v=ylbKEUY6auk
MR BULLET - Chapter 6 Far West - Gameplay Walkthrough Part 6 (iOS Android),"9,211",2019_03_23,47,7,MobileGamesDaily,406000,https://www.youtube.com/watch?v=QBEodi4ni18
Mr Bullet Level 241-256 Chapter 16 Circus Walkthrough - 3 Stars,"122,908",2019_03_23,397,85,Pro Gamer,3760,https://www.youtube.com/watch?v=yzSvaM6ZzOE
Mr Bullet - Spy Puzzles [Gameplay],"1,201,948",2019_03_23,4000,1200,Adam 757,3110,https://www.youtube.com/watch?v=pawTWNWi1qU
Mr Bullet Level 1-16 Chapter 1 Bullet City Walkthrough - 3 Stars,"39,778",2019_03_23,96,25,Pro Gamer,3760,https://www.youtube.com/watch?v=6A3Dze9kmws
Mr Bullet Level 289-304 Chapter 19 Drakkar Walkthrough - 3 Stars,"17,955",2019_03_23,45,18,Pro Gamer,3760,https://www.youtube.com/watch?v=wsDS7NlO3a8
MR BULLET - Chapter 1 - 7 - Gameplay Walkthrough Part 1 (iOS),"20,657",2019_03_24,60,20,iOSGameplay,21300,https://www.youtube.com/watch?v=pMZaMHtbd9s
Mr Bullet CLASSIC Chapter 16 CIRCUS - LEVEL 242 - WALKTHROUGH (3 STAR FANTASTIC),"1,083",2019_03_24,3,2,JY GAME,64,https://www.youtube.com/watch?v=Kjh053_nnFg
Mr Bullet - Spy Puzzles - Lion Studios Walkthrough,"7,046",2019_03_24,24,7,2pFreeGames,212000,https://www.youtube.com/watch?v=Djnjy34YQdo
MR BULLET - Chapter 7 Forest - Gameplay Walkthrough Part 7 (iOS Android),"19,136",2019_03_25,72,11,MobileGamesDaily,406000,https://www.youtube.com/watch?v=hnBh2aGT6TY
Mr Bullet - Spy Puzzles - Gameplay IOS #1,341,2019_03_25,1,0,MediaTech - Gameplay Channel,0,https://www.youtube.com/watch?v=iTScvx5dJhA
Mr Bullet Hostages Level 37-48 Chapter 4 Bullet Beach Walkthrough - 3 Stars,"3,918",2019_03_26,4,2,Pro Gamer,3760,https://www.youtube.com/watch?v=zkPaE-9kWe8
Mr Bullet - Spy Puzzles - Gameplay IOS #2,53,2019_03_27,0,1,MediaTech - Gameplay Channel,0,https://www.youtube.com/watch?v=Iu-mSC_JwL8
Mr Bullet Grenades Level 37-48 Chapter 4 Bullet Beach Walkthrough - 3 Stars,925,2019_03_27,2,0,Pro Gamer,3760,https://www.youtube.com/watch?v=3oFidQvCjSg
Mr Bullet - Spy Puzzles - Gameplay IOS #3,"5,864",2019_03_27,20,10,MediaTech - Gameplay Channel,0,https://www.youtube.com/watch?v=1SRVT-jP6VI
MR BULLET - Chapter 8 Fortress - Gameplay Walkthrough Part 8 (iOS Android),"11,112",2019_03_27,60,7,MobileGamesDaily,406000,https://www.youtube.com/watch?v=xUWHa3ZPZsM
Mr Bullet - Spy Puzzles | iOS / Android Mobile Gameplay,295,2019_03_28,1,0,Rise of Mobile Games,7000,https://www.youtube.com/watch?v=N7V2MbqTvUk
Mr Bullet Missions Level 5 Walkthrough - 3 Stars,"1,460",2019_03_29,2,0,Pro Gamer,3760,https://www.youtube.com/watch?v=48Bk40gRAyk
Mr Bullet Missions Level 3 Walkthrough - 3 Stars,948,2019_03_29,1,0,Pro Gamer,3760,https://www.youtube.com/watch?v=Q54_FIE2h1s
Mr Bullet Missions Level 4 Walkthrough - 3 Stars,717,2019_03_29,2,0,Pro Gamer,3760,https://www.youtube.com/watch?v=HaUo_prUboE
Mr Bullet Missions Level 8 Walkthrough - 3 Stars,"3,573",2019_03_29,2,5,Pro Gamer,3760,https://www.youtube.com/watch?v=ul1PyKiTEkc
MR BULLET - Chapter 9 Shogun's Castle - Gameplay Walkthrough Part 9 (iOS Android),"10,932",2019_03_30,64,7,MobileGamesDaily,406000,https://www.youtube.com/watch?v=RfeRoXGT7oE
MR BULLET - Chapter 11 Unknown Planet - Gameplay Walkthrough Part 11 (iOS Android),"18,798",2019_04_02,109,25,MobileGamesDaily,406000,https://www.youtube.com/watch?v=Bae0x9AetR0
MR BULLET - Chapter 10 Prehistoric - Gameplay Walkthrough Part 10 (iOS Android),"7,182",2019_04_02,43,2,MobileGamesDaily,406000,https://www.youtube.com/watch?v=hwu7xqPUVtI
Mr Bullet All 3STARS | Level 320 3star GAMEPLAY (iOS),"144,049",2019_04_06,584,113,Same Game Shame Name,2150,https://www.youtube.com/watch?v=4kykee553z8
MR BULLET - Chapter 12 Pirate Ship - Gameplay Walkthrough Part 12 (iOS Android),"23,637",2019_04_10,125,10,MobileGamesDaily,406000,https://www.youtube.com/watch?v=GTm7gwPvssI
Mr Bullet Hostages Chapter 6 FAR WEST Level 64. 3 Stars Walkthrough,"13,002",2019_04_11,35,5,TheGameAnswers,26000,https://www.youtube.com/watch?v=QJ6YwcK3-Cg
Mr Bullet Hostages Chapter 6 FAR WEST Level 71. 3 Stars Walkthrough,"4,230",2019_04_12,15,0,TheGameAnswers,26000,https://www.youtube.com/watch?v=liFQIU0Qwv8
Mr Bullet - Spy Puzzles - Gameplay (iOS),76,2019_04_15,1,0,The First GamePlay,109,https://www.youtube.com/watch?v=sAtXUS34Aac
Mr Bullet Classic Level 184 Walkthrough,"19,299",2019_04_16,27,6,Pro Gamer,3760,https://www.youtube.com/watch?v=WK89Gnoh_3Y
MR BULLET - Chapter 13 Vampire Castle - Gameplay Walkthrough Part 13 (iOS Android),"12,783",2019_04_16,67,10,MobileGamesDaily,406000,https://www.youtube.com/watch?v=FJMzRgGkj_o
"Mr Bullet,Clean Road,House Paint,Subway Surfers,Sonic Boom,The Kick Buddy,Pinatamaster,Sniper 3D ??",379,2019_04_17,3,0,Leonard Gaming,5400,https://www.youtube.com/watch?v=2ncS85cvmbg
Mr Bullet - Spy Puzzles,"33,495",2019_04_17,94,27,Lion Studios,22500,https://www.youtube.com/watch?v=AObzKIeRPmg
Mr Bullet. Classic. Chapter 1 - Bullet City. Levels 1 - 16. 3 Stars Walkthrough.,"2,369",2019_04_17,7,1,dinalt,31300,https://www.youtube.com/watch?v=-u61z84f64w
Mr Bullet- Chapter 19 levels 289-304. 3 stars walkthrough,844,2019_04_18,7,3,DFL Walkthroughs,39,https://www.youtube.com/watch?v=j2LrCcSmf2Y
Mr Bullet Hostages Chapter 6 FAR WEST Level 72. 3 Stars Walkthrough,"5,840",2019_04_18,35,1,TheGameAnswers,26000,https://www.youtube.com/watch?v=ThjDtUiIjuM
"Mr Bullet: Classic - Chapter 4 - BULLET BEACH , Level 49 To 64 3 STARS . iOS/Android Walkthrough",937,2019_04_20,6,1,SSSB Games,0,https://www.youtube.com/watch?v=Zv87xv8LW1U
Mr Bullet Classic Chapter 8 FORTRESS Level 113-128. 3 Stars UPDATED,"1,283",2019_04_22,12,0,TheGameAnswers,26000,https://www.youtube.com/watch?v=6SvlFJjoBYQ
Mr Bullet. Missions - 1. 3 Stars Walkthrough.,"1,440",2019_04_23,1,0,dinalt,31300,https://www.youtube.com/watch?v=xVAj3F9QeSc
Mr Bullet. Classic. Chapter 11 - Unknown Planet. Levels 161 - 176. 3 Stars Walkthrough.,140,2019_04_23,0,0,dinalt,31300,https://www.youtube.com/watch?v=UQLzxfdc0vA
MR BULLET - Chapter 14 Rome - Gameplay Walkthrough Part 14 (iOS Android),"7,727",2019_04_24,49,4,MobileGamesDaily,406000,https://www.youtube.com/watch?v=mmgVjti0Kzs
"Mr Bullet: Classic - Chapter 19 - DRAKKAR , Level 289 To 304 3 STARS . iOS/Android Walkthrough","16,690",2019_04_26,44,12,SSSB Games,0,https://www.youtube.com/watch?v=8L7y4i4ZNhM
Mr Bullet. Classic. Chapter 18 - Pyramid. Levels 273 - 288. 3 Stars Walkthrough.,766,2019_04_26,6,1,dinalt,31300,https://www.youtube.com/watch?v=98dq1JJV_e0
Mr Bullet. Classic. Chapter 19 - Drakkar. Levels 289 - 304. 3 Stars Walkthrough.,"1,436",2019_04_27,4,1,dinalt,31300,https://www.youtube.com/watch?v=RtlFSJWRQto
Mr Bullet. Classic. Chapter 20 - Laboratory. Levels 305 - 320. 3 Stars Walkthrough.,"10,042",2019_04_27,64,5,dinalt,31300,https://www.youtube.com/watch?v=KiN2EKYp4v0
#3 | MR BULLET | MR SHOT | Gameplay | Subscribers ' goal ? 10,"1,005",2019_04_27,3,2,Funny Bunny,14,https://www.youtube.com/watch?v=-oa2qx-c_zg
Mr Bullet - Spy Puzzles (DUEL MODE),"360,669",2019_04_29,667,194,Lion Studios,22500,https://www.youtube.com/watch?v=vA8tNeSRN9o
Mr Bullet Friendly Fire Chapter 8 FORTRESS Level 85-96. 3 Stars Walkthrough,"2,607",2019_04_29,8,2,TheGameAnswers,26000,https://www.youtube.com/watch?v=axxHLKqcDWk
Mr Bullet Friendly Fire Chapter 5 PREHISTORY Level 49-60. 3 Stars Walkthrough,"10,036",2019_04_29,39,9,TheGameAnswers,26000,https://www.youtube.com/watch?v=a4QDMaG5s_w
Mr Bullet Friendly Fire Chapter 6 FAR WEST Level 61-72. 3 Stars Walkthrough,"4,271",2019_04_29,23,1,TheGameAnswers,26000,https://www.youtube.com/watch?v=Ca22bLDrBnc
Mr Bullet Friendly Fire Chapter 4 DRAKKAR Level 37-48. 3 Stars Walkthrough,662,2019_04_29,3,1,TheGameAnswers,26000,https://www.youtube.com/watch?v=blLoVEe6jAQ
Mr Bullet Friendly Fire Chapter 2 SHOGUN CASTLE 2 Level 13-24. 3 Stars Walkthrough,303,2019_04_29,3,0,TheGameAnswers,26000,https://www.youtube.com/watch?v=2diBvZo-4Gk
Mr Bullet - Spy Puzzles - CHAPTER 1 BULLET CITY - Walkthrough Video Part 1 (iOS Android),819,2019_04_29,11,0,GAMEPLAYBOX,131000,https://www.youtube.com/watch?v=bEplwMf5KJ0
Mr Bullet MISSIONS Level 14. 3 Stars Walkthrough,"5,946",2019_04_29,27,3,TheGameAnswers,26000,https://www.youtube.com/watch?v=gZWXMExKxQ0
Mr Bullet Friendly Fire Chapter 3 GRAVEYARD Level 25-36. 3 Stars Walkthrough,142,2019_04_29,1,0,TheGameAnswers,26000,https://www.youtube.com/watch?v=9h1D3KGKRbA
Mr Bullet Friendly Fire Chapter 9 LABORATORY Level 97-108. 3 Stars Walkthrough,"18,450",2019_04_29,38,19,TheGameAnswers,26000,https://www.youtube.com/watch?v=7jBWDgJGbBQ
Mr Bullet - Gameplay Trailer (iOS - Android),173,2019_04_29,2,1,iDarwichGames,16200,https://www.youtube.com/watch?v=VlFBLwWsKC8
Mr Bullet MISSIONS Level 13. 3 Stars Walkthrough,"2,836",2019_04_29,13,2,TheGameAnswers,26000,https://www.youtube.com/watch?v=hc6ju1vakRY
Mr Bullet MISSIONS Level 19. 3 Stars Walkthrough,"3,700",2019_04_30,12,2,TheGameAnswers,26000,https://www.youtube.com/watch?v=wS7Zfz7gIpo
Mr Bullet MISSIONS Level 21. 3 Stars Walkthrough,"11,227",2019_04_30,26,5,TheGameAnswers,26000,https://www.youtube.com/watch?v=2rO4uBGLiZU
Mr Bullet MISSIONS Level 16. 3 Stars Walkthrough,"3,067",2019_04_30,7,3,TheGameAnswers,26000,https://www.youtube.com/watch?v=yjcxSlKDMCE
Mr Bullet MISSIONS Level 17. 3 Stars Walkthrough,"3,225",2019_04_30,5,4,TheGameAnswers,26000,https://www.youtube.com/watch?v=uvcOoYbeTbo
Mr Bullet MISSIONS Level 20. 3 Stars Walkthrough,"3,219",2019_04_30,8,1,TheGameAnswers,26000,https://www.youtube.com/watch?v=MV69EBfVSQQ
Mr Bullet MISSIONS Level 15. 3 Stars Walkthrough,"3,605",2019_04_30,13,2,TheGameAnswers,26000,https://www.youtube.com/watch?v=nWasEwZE_Yo
Mr Bullet MISSIONS Level 24. 3 Stars Walkthrough,"9,045",2019_04_30,16,3,TheGameAnswers,26000,https://www.youtube.com/watch?v=r6KQUsGC5BA
Mr Bullet MISSIONS Level 25. 3 Stars Walkthrough,"4,881",2019_04_30,9,0,TheGameAnswers,26000,https://www.youtube.com/watch?v=zYPZa7AWRzk
Mr Bullet - Gameplay Trailer (iOS),"18,979",2019_04_30,385,27,TapGameplay,2530000,https://www.youtube.com/watch?v=fIUqxvpjWCo
Mr Bullet Friendly Fire Level 37-48 Chapter 4 Drakkar Walkthrough - 3 Stars,961,2019_04_30,4,1,Pro Gamer,3760,https://www.youtube.com/watch?v=HPQ50w6CLhE
Mr Bullet Friendly Fire Level 13-24 Chapter 2 Shogun’s Castle II Walkthrough - 3 Stars,"1,194",2019_04_30,6,2,Pro Gamer,3760,https://www.youtube.com/watch?v=ipgD0EqTf2c
Mr Bullet MISSIONS Level 22. 3 Stars Walkthrough,"12,876",2019_04_30,28,5,TheGameAnswers,26000,https://www.youtube.com/watch?v=S2bAIyerzl4
Mr Bullet MISSIONS Level 23. 3 Stars Walkthrough,"25,854",2019_04_30,37,3,TheGameAnswers,26000,https://www.youtube.com/watch?v=UHVSdMZSi9E
Mr Bullet MISSIONS Level 29 Walkthrough,"6,881",2019_05_01,11,35,TheGameAnswers,26000,https://www.youtube.com/watch?v=pbJLY0-vY_8
Mr Bullet MISSIONS Level 28. 3 Stars Walkthrough,"6,522",2019_05_01,9,6,TheGameAnswers,26000,https://www.youtube.com/watch?v=Kx8nJrLMht0
Mr Bullet MISSIONS Level 26. 3 Stars Walkthrough,"16,334",2019_05_01,27,2,TheGameAnswers,26000,https://www.youtube.com/watch?v=sBHOocnS860
Mr Bullet MISSIONS Level 27. 3 Stars Walkthrough,"11,672",2019_05_01,11,5,TheGameAnswers,26000,https://www.youtube.com/watch?v=vyGS7mRmsE8
#7 | MR BULLET | MR SHOT | Gameplay. Try to raise the level | Subscribers ' goal ? 10,362,2019_05_02,2,1,Funny Bunny,14,https://www.youtube.com/watch?v=trduhWsZcRc
Mr Bullet MISSIONS Level 30 Walkthrough,"17,439",2019_05_02,29,12,TheGameAnswers,26000,https://www.youtube.com/watch?v=5WnJ4KHKo1c
Mr Bullet MISSIONS Level 13-30 Walkthrough,"8,036",2019_05_02,22,1,TheGameAnswers,26000,https://www.youtube.com/watch?v=nl9NczOBYcU
Mr Bullet. Friendly Fire. Chapter 5 - Prehistory. Levels 49 - 60. 3 Stars Walkthrough.,704,2019_05_05,1,0,dinalt,31300,https://www.youtube.com/watch?v=4MD-b8f54mE
#9 | MR BULLET | MR SHOT | Gameplay. Much more difficult | Subscribers ' goal ? 10,95,2019_05_06,0,0,Funny Bunny,14,https://www.youtube.com/watch?v=tfShqEn2qaE
Mr Bullet. Friendly Fire. Chapter 7 - Forest. Levels 73 - 84. 3 Stars Walkthrough.,288,2019_05_07,1,0,dinalt,31300,https://www.youtube.com/watch?v=47Xi4H8WghM
Mr Bullet. Grenades. Chapter 2 - Shogun's Castle. Levels 13 - 24. 3 Stars Walkthrough.,"1,669",2019_05_08,4,1,dinalt,31300,https://www.youtube.com/watch?v=Dfcxyem7Gok
MR BULLET - Gameplay Walkthrough Part 15 - SNOW FOREST (iOS Android),"8,744",2019_05_08,50,6,MobileGamesDaily,406000,https://www.youtube.com/watch?v=u5Ofkdolnz0
Mr Bullet - Spy Puzzles - CHAPTER 2 SHOGUN'S CASTLE - Walkthrough Video Part 2 (iOS Android),273,2019_05_08,2,1,GAMEPLAYBOX,131000,https://www.youtube.com/watch?v=t_NcafQx9H8
Mr Bullet - Spy Puzzles Gameplay Walkthrough,191,2019_05_09,1,1,Catch Apps Daily,8820,https://www.youtube.com/watch?v=sWk9USxxb00
Mr Bullet - Spy Puzzles - CHAPTER 3 GRAVEYARD - Walkthrough Video Part 3 (iOS Android),640,2019_05_11,11,2,GAMEPLAYBOX,131000,https://www.youtube.com/watch?v=z1ayLp87Bss
Mr Bullet. Grenades. Chapter 4 - Bullet Beach. Levels 37 - 48. 3 Stars Walkthrough.,91,2019_05_11,2,0,dinalt,31300,https://www.youtube.com/watch?v=ioxdHsXjBro
Mr Bullet - Spy Puzzles - CHAPTER 4 BULLET BEACH - Walkthrough Video Part 4 (iOS Android),519,2019_05_12,8,0,GAMEPLAYBOX,131000,https://www.youtube.com/watch?v=lgGJYdCriUw
Mr Bullet - Spy Puzzles - CHAPTER 5 BULLET CITY 2 - Walkthrough Video Part 5 (iOS Android),424,2019_05_14,1,0,GAMEPLAYBOX,131000,https://www.youtube.com/watch?v=OsvUR5oVJ0Y
MR BULLET - Gameplay Walkthrough Part 16 - Chapter 16 Circus (iOS Android),"22,494",2019_05_15,149,22,MobileGamesDaily,406000,https://www.youtube.com/watch?v=ESyP6Vntg28
Level 1-208 - Mr. Bullet mini game Bulletz,680,2019_05_18,10,0,fury,17,https://www.youtube.com/watch?v=FEjHkJmvMFM
Mr Bullet - Spy Puzzles - CHAPTER 6 FAR WEST - Walkthrough Video Part 6 (iOS Android),257,2019_05_20,4,0,GAMEPLAYBOX,131000,https://www.youtube.com/watch?v=N2LHLOsx6vM
Mr Bullet - Spy Puzzles - CHAPTER 7 FOREST - Walkthrough Video Part 7 (iOS Android),406,2019_05_21,2,0,GAMEPLAYBOX,131000,https://www.youtube.com/watch?v=xlvBke78-es
Mr Bullet Missions Level 17 Walkthrough - 3 Stars,819,2019_05_21,3,2,Pro Gamer,3760,https://www.youtube.com/watch?v=4sYkZKiBTho
MR BULLET - Gameplay Walkthrough Part 17 - Chapter 17 Penitentiary (iOS Android),"14,120",2019_05_22,70,7,MobileGamesDaily,406000,https://www.youtube.com/watch?v=RVSGUiBcw28
"Mr Bullet: Missions - Chapter 10-11-12 , 3 STARS . iOS/Android Walkthrough",797,2019_05_25,4,0,SSSB Games,0,https://www.youtube.com/watch?v=gRd5pvXG59A
Mr Bullet - Spy Puzzles - CHAPTER 8 FORTRESS - Walkthrough Video Part 8 (iOS Android),369,2019_05_25,7,0,GAMEPLAYBOX,131000,https://www.youtube.com/watch?v=AepNkKpuMjg
Mr Bullet - Spy Puzzles - CHAPTER 9 SHOGUNS CASTLE 2 - Walkthrough Video Part 9 (iOS Android),363,2019_05_29,4,0,GAMEPLAYBOX,131000,https://www.youtube.com/watch?v=z38BQ8KZQUw
Mr Bullet - Spy Puzzles (iOS GAMEPLAY),"1,077",2019_06_04,40,2,LynnKacy,45800,https://www.youtube.com/watch?v=VmdWtvVsA7I
Mr Bullet - Spy Puzzles - CHAPTER 10 PREHISTORY - Walkthrough Video Part 10 (iOS Android),217,2019_06_11,7,0,GAMEPLAYBOX,131000,https://www.youtube.com/watch?v=ap7LsF4Vzhc
Mr Bullet - Spy Puzzles - CHAPTER 11 UNKNOWN PLANET - Walkthrough Video Part 11 (iOS Android),391,2019_06_16,4,0,GAMEPLAYBOX,131000,https://www.youtube.com/watch?v=-DyXUhBbWHU
Mr Bullet - Spy Puzzles - CHAPTER 12 PIRATE SHIP - Walkthrough Video Part 12 (iOS Android),343,2019_06_20,3,2,GAMEPLAYBOX,131000,https://www.youtube.com/watch?v=jtJxnzpzYEQ
Mr.Bullet Game Walkthrough and Review (In Hindi),129,2019_06_23,14,1,Amit Deo's Life,49,https://www.youtube.com/watch?v=eeD2QJK0XGw
[모바일게임] Mr Bullet(미스터 블럿) 1단계 탄환 도시(Bullet city),39,2019_06_26,1,0,김수호,31,https://www.youtube.com/watch?v=ZByiwli-R68
Mr Bullet - Spy Puzzles - CHAPTER 13 VAMPIRE CASTLE - Walkthrough Video Part 13 (iOS Android),350,2019_06_26,7,0,GAMEPLAYBOX,131000,https://www.youtube.com/watch?v=_LXE3z6SaQg
Mr Bullet Hostages 인질 1-36,94,2019_06_27,2,0,timeslip dr,0,https://www.youtube.com/watch?v=WNJiVL55eDw
Mr Bullet - Spy Puzzles Chapter 9 SHOTGUN'S CASTLE II Walkthrough | LEVEL 129-144 3 stars,44,2019_06_28,0,0,Top Games Walkthrough,27500,https://www.youtube.com/watch?v=4LWQTOD1HGk
Mr Bullet MISSIONS GRENADES Level 1-18. 3 Stars,"3,969",2019_06_28,13,1,TheGameAnswers,26000,https://www.youtube.com/watch?v=vyY4oiEcHG4
Mr Bullet MISSIONS HOSTAGES Level 1-18. 3 Stars,"7,385",2019_06_28,17,3,TheGameAnswers,26000,https://www.youtube.com/watch?v=lFm5h2XgHrI
Mr Bullet - Spy Puzzles Chapter 6 FAR WEST Walkthrough | Level 81-96 3 stars,16,2019_06_28,0,0,Top Games Walkthrough,27500,https://www.youtube.com/watch?v=hIkSkuLSc6w
Mr Bullet MISSIONS FRIENDLY FIRE Level 1-18. 3 Stars,"4,844",2019_06_29,15,2,TheGameAnswers,26000,https://www.youtube.com/watch?v=yc08cPW04bo
Mr Bullet - Spy Puzzles Chapter 12 PIRATE SHIP Walkthrough | LEVEL 177-192 3 stars,38,2019_06_29,1,1,Top Games Walkthrough,27500,https://www.youtube.com/watch?v=tR7kD-xQPJY
Mr Bullet MISSIONS FRIENDLY FIRE Level 19-22. 3 Stars,"3,955",2019_07_01,6,3,TheGameAnswers,26000,https://www.youtube.com/watch?v=RX2ISgKDiBo
Mr Bullet MISSIONS FRIENDLY FIRE Level 24. 2 Stars Walkthrough,"1,573",2019_07_02,2,4,TheGameAnswers,26000,https://www.youtube.com/watch?v=sZf58iC8zz8
Mr Bullet MISSIONS FRIENDLY FIRE Level 23 Walkthrough,"4,545",2019_07_02,6,9,TheGameAnswers,26000,https://www.youtube.com/watch?v=bh-W_WRjdFA
Mr Bullet - Spy Puzzles HOSTAGES Chapter 6 FAR WEST Walkthrough | Level 61-72 3 stars,33,2019_07_05,1,0,Top Games Walkthrough,27500,https://www.youtube.com/watch?v=tXNCL7oK2W4
미스터불렛(Mr Bullet) - 사람이 아닌 시간을 킬 시키는 게임 (다양한 게임 모드),410,2019_07_06,1,0,조조,13,https://www.youtube.com/watch?v=jko0glqEUa8
Mr Bullet - Spy Puzzles - CHAPTER 14 ROME - Walkthrough Video Part 14 (iOS Android),221,2019_07_07,6,0,GAMEPLAYBOX,131000,https://www.youtube.com/watch?v=boEMy_gyUJc
Mr Bullet - Spy Puzzles FRIENDLY FIRE Chapter 5 PREHISTORY Walkthrough | Level 49-60 3 stars,205,2019_07_08,2,1,Top Games Walkthrough,27500,https://www.youtube.com/watch?v=95s5XTU83NA
Mr Bullet - Spy Puzzles - Epic Shooting Puzzle Game Lion Studios,"322,519",2019_07_09,722,255,Play AppTube,86000,https://www.youtube.com/watch?v=oUaxm47xfGs
Mr Bullet Game Play Walkthrough #2 - Spy Puzzles - Epic Shooting Puzzle Game Lion Studios,"77,754",2019_07_10,203,43,Play AppTube,86000,https://www.youtube.com/watch?v=jC3b71lnGLQ
Mr Bullet - Spy Puzzles MISSIONS Level 4 5 6 Walkthrough 3 Stars,25,2019_07_10,2,0,Top Games Walkthrough,27500,https://www.youtube.com/watch?v=Jctzr9mA7CQ
Mr Bullet - Spy Puzzles MISSIONS Level 28 - 3 Stars Walkthrough,109,2019_07_11,0,0,Top Games Walkthrough,27500,https://www.youtube.com/watch?v=Q8pR_KML8W8
Mr Bullet - Spy Puzzles MISSIONS Level 26 - 3 Stars Walkthrough,112,2019_07_11,1,0,Top Games Walkthrough,27500,https://www.youtube.com/watch?v=Arucq9RfwDk
Mr Bullet - Spy Puzzles MISSIONS Level 20 - 3 Stars Walkthrough,63,2019_07_11,0,0,Top Games Walkthrough,27500,https://www.youtube.com/watch?v=VmgmO18jc74
Mr Bullet - Spy Puzzles MISSIONS Level 21 - 3 Stars Walkthrough,92,2019_07_11,0,0,Top Games Walkthrough,27500,https://www.youtube.com/watch?v=FxrdB_x1jXk
Mr Bullet - Spy Puzzles MISSIONS Level 29 - 3 Stars Walkthrough,820,2019_07_11,3,0,Top Games Walkthrough,27500,https://www.youtube.com/watch?v=Vj8zrds5Ehg
Mr Bullet - Spy Puzzles MISSIONS Level 24 - 3 Stars Walkthrough,35,2019_07_11,1,0,Top Games Walkthrough,27500,https://www.youtube.com/watch?v=XYoz2Td6jLw
Mr Bullet - Spy Puzzles MISSIONS Level 27 - 3 Stars Walkthrough,99,2019_07_11,1,0,Top Games Walkthrough,27500,https://www.youtube.com/watch?v=_EWhtDnJcw8
Mr Bullet - Spy Puzzles MISSIONS Level 16 17 18 Walkthrough 3 Stars,38,2019_07_11,0,0,Top Games Walkthrough,27500,https://www.youtube.com/watch?v=_zDGktrHqUI
Mr Bullet - Spy Puzzles MISSIONS Level 25 - 3 Stars Walkthrough,17,2019_07_11,0,0,Top Games Walkthrough,27500,https://www.youtube.com/watch?v=STSspCYajSk
Mr Bullet - Spy Puzzles Chapter 5 6 7 8 Walkthrough #Android #ios #Gameplay,32,2019_07_17,0,0,Elena Game,22200,https://www.youtube.com/watch?v=sl5mFXjizTs
Mr Bullet - Spy Puzzles Gameplay,603,2019_07_17,5,3,Angel Game,0,https://www.youtube.com/watch?v=G9ps3sAesto
Mr Bullet - Spy Puzzles Chapter 1 2 3 4 Walkthrough #Android #ios #Gameplay,15,2019_07_17,0,0,Elena Game,22200,https://www.youtube.com/watch?v=xE1aD9DpiNQ
Mr Bullet - Spy Puzzles ( IOS / Androi ) Gameplay #4 - GRENADES ( 1 - 66 ),329,2019_07_18,1,1,T-Gameplay,0,https://www.youtube.com/watch?v=pWAGxZRfwCE
"Bullet Master -Mr Shotnet Unlocked Gameplay Walkthrough- (iOS, Android) Part 2",257,2019_07_18,6,0,XbrakerGames,10500,https://www.youtube.com/watch?v=wqL6iX6q0kI
MR BULLET : SPY PUZZLES GAMEPLAY | SHOOTING PUZZLE GAMES FOR KIDS,82,2019_07_20,5,1,Aden Plays Games,0,https://www.youtube.com/watch?v=fqGni_2X_bE
Mr Bullet - Spy Puzzles Android Gameplay,321,2019_07_21,4,2,KruGames,165000,https://www.youtube.com/watch?v=XFV3vCi17M8
Mr. Bullet - Spy Puzzles Gameplay,108,2019_07_21,3,0,Gadget 2050,2490,https://www.youtube.com/watch?v=Amzc-8Qf5Ns
Mr Bullet - Spy Puzzles ( IOS / Androi ) Gameplay #5 - HOSTGES ( 1 - 70 ),206,2019_07_22,2,0,T-Gameplay,0,https://www.youtube.com/watch?v=0S3GxFrskoU
Mr Bullet - Spy Puzzles - CHAPTER 15 SNOW FOREST - Walkthrough Video Part 15 (iOS Android),"1,320",2019_07_22,17,2,GAMEPLAYBOX,131000,https://www.youtube.com/watch?v=rFrbOqYlkJ0
Mr Bullet (by Lion Studios) Android Gameplay Walkthrough 1-55 Levels,"499,624",2019_07_22,1400,316,Android Gameplay Weekly,319000,https://www.youtube.com/watch?v=OfNM6KJj3i8
[ Mr Bullet #1 ] 잔인한꿀잼게임 Lv 1~15,158,2019_07_22,1,1,연백TV,1580,https://www.youtube.com/watch?v=TfHcOfuk7fc
Mr.Bullet - Spy Puzzles Walkthrough 1 Android Gameplay,"170,603",2019_07_23,501,166,Mobile Videogames,17400,https://www.youtube.com/watch?v=9FKiMDFx648
Mr Bullet (by Lion Studios) Android Gameplay Walkthrough 56-115 Levels,"282,469",2019_07_24,722,151,Android Gameplay Weekly,319000,https://www.youtube.com/watch?v=Zuv4ZrtBKqk
Mr Bullet (by Lion Studios) Android Gameplay Walkthrough 116-160 Levels,"237,158",2019_07_26,666,145,Android Gameplay Weekly,319000,https://www.youtube.com/watch?v=sQ5Kh4LRU6M
NOOB vs PRO vs HACKER - Mr Bullet,"167,069",2019_07_27,1300,214,KuGo,168000,https://www.youtube.com/watch?v=VOMxIW3Ystc
"암살단이 하는 훈련｜똘똘하게 죽여라, 미스터 불렛(Mr Bullet) -1-｜늘담",240,2019_07_27,1,0,게임을 늘담,21,https://www.youtube.com/watch?v=O4PGfIuipmo
Mr Bullet #4 (by Lion Studios) Android Gameplay Walkthrough 161-208 Levels,"617,352",2019_07_29,1700,365,Android Gameplay Weekly,319000,https://www.youtube.com/watch?v=FDBlvHpcwkE
Mr bullet hostages level 32,"2,223",2019_07_29,5,9,Rahiq Al Makhtum,4,https://www.youtube.com/watch?v=p9sXt48lUIg
[ My Bullet #2 ] 인질구출 그리고 범인은 최대한 잔인하게ㅋ LV 13~24,13,2019_07_29,0,0,연백TV,1580,https://www.youtube.com/watch?v=fLiLuJ8ijMY
Violent' Mr Bullet - Spy Puzzles Game Review 1080p Official Lion Studios,48,2019_07_30,1,1,Betty Girl,2310,https://www.youtube.com/watch?v=h4r8LQ2W104
[미스터 불렛] 당신은 왜 이 게임이 계속 1위인지 아십니까? - Mr Bullet - Spy Puzzles,728,2019_07_30,13,0,인디카오,30,https://www.youtube.com/watch?v=R1LMNgqter0
Mr BULLET Game MISSIONS ALL LEVELS Ep 1,"5,400",2019_07_30,33,5,Ashbgame,9700,https://www.youtube.com/watch?v=W2yJdKz6vEs
Mr Bullet - Spy Puzzles [COIN/TICKET/STAR/ALL LEVELS/MORE],"4,541",2019_07_31,6,5,Mobi Hacks,8,https://www.youtube.com/watch?v=XiioSTIM1dQ
Mr Bullet Chapter 7 Forest Walkthrough Gameplay,96,2019_08_01,52,0,Squadron Gaming,1030,https://www.youtube.com/watch?v=p5c7uG2JqJo
MR. BULLET-수류탄 모드,105,2019_08_02,1,1,?게임하는 후니YT,17,https://www.youtube.com/watch?v=jlmeNFEFph4
Mr Bullet Spy Puzzles v1.6 Mod Apk Unlimited Money & Tickets,413,2019_08_02,5,1,GAME HACKER,407,https://www.youtube.com/watch?v=AGu4iBkAN9A
Mr Bullet #6 (by Lion Studios) Android Gameplay Walkthrough 246-277 Levels,"22,024",2019_08_03,77,13,Android Gameplay Weekly,319000,https://www.youtube.com/watch?v=gc4wbPdWGoU
Mr Bullet #7 (by Lion Studios) Android Gameplay Walkthrough 278-303 Levels,"42,605",2019_08_06,140,27,Android Gameplay Weekly,319000,https://www.youtube.com/watch?v=Zg3FAJ-OmZM
MR BULLET Spy Puzzles - Chapter 1-5 Complete Walkthrough Gameplay,"4,481",2019_08_06,23,7,ToonFirst.com,1380000,https://www.youtube.com/watch?v=mboIY-yRIfw
"Mr Bullet - Spy Puzzles (Android/Ios) Gameplay Review (Puzzle , casual) [1440p/60fps]",25,2019_08_06,4,0,LavaDroid Mobile Gaming,1120,https://www.youtube.com/watch?v=-a2jt12EGHQ
Mr Bullet #1 HOSTAGES (by Lion Studios) Android Gameplay Walkthrough 1-46 Levels,"39,603",2019_08_08,93,18,Android Gameplay Weekly,319000,https://www.youtube.com/watch?v=NmuYZFEQ-8w
Mr Bullet All Suits Unlocked,"1,558",2019_08_08,12,1,iPlayEverything,0,https://www.youtube.com/watch?v=nNBe189Oa-c
mr bullet missions mr bullet spy puzzles mr bullet all levels mr bullet hack mr bullet business,"51,223",2019_08_10,122,35,APK unlimited,3130,https://www.youtube.com/watch?v=1_k7pToIH5I
Mr Bullet - Grenade Play Mode Chapter 1-7 Complete Walkthrough Gameplay,"2,096",2019_08_10,6,0,Crazy Monster Gaming,466000,https://www.youtube.com/watch?v=HMMiEs2w_IM
Mr BULLET - SPY PUZZLES - ANDROID GAMES 2019 / PUZZLE,85,2019_08_10,5,0,Google Play Games,3940,https://www.youtube.com/watch?v=25UVKwdvvYM
Mr Bullet Spy Puzzles Classic Chapter 1 Bullet City Android/iOS Gameplay/Walkthrough,42,2019_08_10,2,0,NBproductionHouse,2530,https://www.youtube.com/watch?v=fo4OfaFCxc4
Mr Bullet Chapter 11 Unknown Planet Walkthrough Gameplay,10,2019_08_11,0,0,Squadron Gaming,1030,https://www.youtube.com/watch?v=qQT93y9ty8s
도대체 뭐하는 게임일까 Mr Bullet 광고때메 한번쯤은 보게됨 ㅋㅋㅋㅋ,85,2019_08_11,11,0,쓰레기섬,13,https://www.youtube.com/watch?v=AK1Bm1BQHsw
Mr Bullet #1 GRENADES (by Lion Studios) Android Gameplay Walkthrough 1-38 Levels,"33,172",2019_08_12,102,31,Android Gameplay Weekly,319000,https://www.youtube.com/watch?v=FOejGufVaR4
Mr Bullet Level 245,"2,824",2019_08_12,13,3,nilNoobGamer,282,https://www.youtube.com/watch?v=vNzYpFXgBEU
Mr Bullet Level 309,921,2019_08_12,2,2,nilNoobGamer,282,https://www.youtube.com/watch?v=9d8HjJtEGw0
Mr. Bullet mission 8,56,2019_08_13,0,0,物理怪客,9880,https://www.youtube.com/watch?v=diGyIcK8Fk4
Mr. Bullet mission 11,44,2019_08_13,0,0,物理怪客,9880,https://www.youtube.com/watch?v=xyJOfV7a0Pc
Mr. Bullet mission 18,88,2019_08_13,0,0,物理怪客,9880,https://www.youtube.com/watch?v=Z28T3TGWNJI
Mr. Bullet mission 12,34,2019_08_13,0,0,物理怪客,9880,https://www.youtube.com/watch?v=hJlWP6vJ5ZE
Mr Bullet Level 303,771,2019_08_13,4,1,nilNoobGamer,282,https://www.youtube.com/watch?v=Mrra-a70qKc
Mr. Bullet mission 23,533,2019_08_14,2,0,物理怪客,9880,https://www.youtube.com/watch?v=hgIJaxh8f0c
Mr Bullet Level 294,661,2019_08_14,4,2,nilNoobGamer,282,https://www.youtube.com/watch?v=vpHalFMRp_g
"Mr Bullet - Spy Puzzles - Gameplay Walkthrough Part 1 (iOS, Android)","10,895",2019_08_14,35,4,Andro Games,51500,https://www.youtube.com/watch?v=UNj3UjPPagc
Mr Bullet - Spy Puzzles | Anoride Gameplay (FHD).,26,2019_08_14,0,0,Typical Gameplay,2740,https://www.youtube.com/watch?v=u6VRztUU-y8
Mr. Spy Bullet Superhero Android Gameplay,515,2019_08_15,4,1,Mobile Videogames,17400,https://www.youtube.com/watch?v=N5uQl_5O8-E
Mr Bullet #8 (by Lion Studios) Android Gameplay Walkthrough 304-320 Levels,"66,529",2019_08_16,180,47,Android Gameplay Weekly,319000,https://www.youtube.com/watch?v=o8ghm4weh5E
Mr.Bullet Walkthrough 2 Android Gameplay,"3,993",2019_08_16,18,5,Mobile Videogames,17400,https://www.youtube.com/watch?v=2ON7trrdiZg
"Mr Bullet - Spy Puzzles - Gameplay Walkthrough Part 2 (iOS, Android)",444,2019_08_17,7,0,Andro Games,51500,https://www.youtube.com/watch?v=Tccly47LGmY
Mr.Bullet Level 97-144 Android Gameplay,"29,022",2019_08_20,112,35,Mobile Videogames,17400,https://www.youtube.com/watch?v=P36d-v_JcO4
Mr Bullet - Spy Puzzles MOD APK HACK & CHEATS DOWNLOAD For Android No Root,449,2019_08_21,5,0,Xmat5,183,https://www.youtube.com/watch?v=SG2A-JxHleA
Mr.Bullet Friendly Fire Level 1-48,"34,837",2019_08_21,158,49,Mobile Videogames,17400,https://www.youtube.com/watch?v=BLbIMjw7nMI
주배2TV- 미스터 블렛 스파이 퍼즐(Mr bullet) 클래식 16장 cirgus까지,135,2019_08_21,2,0,주배2TV.,0,https://www.youtube.com/watch?v=U5Z5vElFewE
Mr Bullet - Spy Puzzles #3| Anoride Gameplay (HD).,17,2019_08_22,0,0,Typical Gameplay,2740,https://www.youtube.com/watch?v=4HvjyAtM9is
미스터 불렛' VIP 1~100 모바일게임을 해봄 | 겜생(GAMELIFE),90,2019_08_22,2,0,겜생,0,https://www.youtube.com/watch?v=9maZmuUOzbw
Mr Bullet Spy Puzzles Classic Chapter 2 Shogun's Castle Android/iOS Gameplay/Walkthrough,47,2019_08_23,1,0,NBproductionHouse,2530,https://www.youtube.com/watch?v=4jygdzg1ppA
Mr.Bullet Level 145-192 Android Gameplay,"143,120",2019_08_23,497,177,Mobile Videogames,17400,https://www.youtube.com/watch?v=rss14diAddY
Mr Bullet - Spy Puzzles - Lion Studios - Walkthrough Fight Back Now! Recommend index four stars,"20,642",2019_08_25,66,13,2pFreeGames,212000,https://www.youtube.com/watch?v=4xh16Pj5vAY
Mr Bullet Chapter 1 Walkthrough Level Solutions,62,2019_08_25,1,0,VS Videos,7330,https://www.youtube.com/watch?v=0IT9fCifrzQ
Mr Bullet #1 HOSTAGES (by Lion Studios) Android Gameplay Walkthrough 47-77 Levels,"6,784",2019_08_26,22,6,Android Gameplay Weekly,319000,https://www.youtube.com/watch?v=svPCXPYRMqU
Mr Bullet Chapter 20 Final Walkthrough Level Solution,54,2019_08_27,2,0,VS Videos,7330,https://www.youtube.com/watch?v=gS64zQ0nw5Y
Mr Bullet Chapter 3 Walkthrough Level Solutions,28,2019_08_27,0,0,VS Videos,7330,https://www.youtube.com/watch?v=e-hbG0Zd2hk
Mr Bullet - Spy Puzzles - Gameplay IOS #4,"1,219",2019_08_27,3,2,MediaTech - Gameplay Channel,0,https://www.youtube.com/watch?v=OtiispX5o3A
Mr Bullet Chapter 11 Walkthrough Level Solution,27,2019_08_27,0,0,VS Videos,7330,https://www.youtube.com/watch?v=F_VmMgAxeY0
Mr Bullet Chapter 10 Walkthrough Level Solutions,29,2019_08_27,0,0,VS Videos,7330,https://www.youtube.com/watch?v=LA90mBkde6Y
Mr Bullet Chapter 7 Walkthrough Level Solutions,23,2019_08_27,0,0,VS Videos,7330,https://www.youtube.com/watch?v=5Z5VNcZfTDg
Mr Bullet - Spy Puzzles - Gameplay IOS #5,654,2019_08_27,4,1,MediaTech - Gameplay Channel,0,https://www.youtube.com/watch?v=XPz2J2_PVSc
Mr Bullet Chapter 19 Walkthrough Level Solution,90,2019_08_27,3,0,VS Videos,7330,https://www.youtube.com/watch?v=utuqo5n97Dc
Mr Bullet Chapter 17 Walkthrough Level Solution,40,2019_08_27,0,0,VS Videos,7330,https://www.youtube.com/watch?v=Yxe7RE2R2vI
Mr Bullet - Spy Puzzles - Gameplay IOS #6,236,2019_08_27,0,0,MediaTech - Gameplay Channel,0,https://www.youtube.com/watch?v=3N72t82wJi0
미스터 불렛 수류탄 모드 마지막탄까지 (mr bullet grenade mode),45,2019_08_28,0,0,고덮TV[게임 맛있게하는 남자],53,https://www.youtube.com/watch?v=aT2lfHBDs1k
Mr Bullet - Spy Puzzles - Gameplay IOS #7,127,2019_08_28,0,0,MediaTech - Gameplay Channel,0,https://www.youtube.com/watch?v=4lW0V-Bwat8
Mr Bullet Level 41,624,2019_08_29,1,2,nilNoobGamer,282,https://www.youtube.com/watch?v=dbI8iPMSUnI
모든 케릭터를 다 한발로 잡았습니다 [MR bullet 미스터 불렛],"1,064",2019_08_29,48,2,그노Tube,16900,https://www.youtube.com/watch?v=nv_MlLQCg9g
Mr Bullet - Spy Puzzles Gameplay HD (ios/Android),186,2019_08_31,1,0,Car DroidTV,60400,https://www.youtube.com/watch?v=QjCIMvdqHGM
Mr Bullet - Spy Puzzles chapter 1-4 Walkthrough #Android #ios #Gameplay,"1,679",2019_09_01,5,3,MALOY PLAY,13300,https://www.youtube.com/watch?v=o-nV-BKY1Nk
Mr Bullet - Spy Puzzles chapter 5-7 Walkthrough,676,2019_09_01,5,0,MALOY PLAY,13300,https://www.youtube.com/watch?v=21zL-WuIizU
Mr Spy - Mr Bullet Superhero Adventure Gameplay Walkthrough - New Weapons Reputation x2,580,2019_09_03,10,3,TapGameplayed,7090,https://www.youtube.com/watch?v=_0aQaQsgTEk
Mr Spy - Mr Bullet Superhero Adventure Gameplay Walkthrough - First Impressions,"3,079",2019_09_03,39,3,TapGameplayed,7090,https://www.youtube.com/watch?v=HKEGK-7S8CY
"Mr Bullet - Spy Puzzles-Mr Bullet Dollars-Walkthrough Gameplay Part 1 (Android,iOS)",703,2019_09_04,5,1,BuciGames,0,https://www.youtube.com/watch?v=5A8ZyED1aZc
Mr Spy - Mr Bullet Superhero Adventure - Gameplay Trailer,"1,051",2019_09_04,9,2,Monster Kid,325000,https://www.youtube.com/watch?v=XjIiDMi0iuU
Mr Spy - Mr Bullet Superhero Adventure Gameplay Walkthrough - Level 60 Reputation x3,154,2019_09_04,1,0,TapGameplayed,7090,https://www.youtube.com/watch?v=dYDbzixToDo
Mr Bullet - Game Walkthrough All Chapter 1-20 All levels 1-320,686,2019_09_05,10,0,Mehmet G?rcan Cant?rk,11399,https://www.youtube.com/watch?v=kASuPgDgAxs
"Mr Bullet - Spy Puzzles-Mr Dead-Walkthrough Gameplay Part 2 (Android,iOS)",211,2019_09_05,1,2,BuciGames,0,https://www.youtube.com/watch?v=kbiv56gLpmI
Mr Spy - Mr Bullet Superhero Adventure - Gameplay Walkthrough 1-15 Levels (Android),"3,331",2019_09_05,26,1,Android Gameplay Weekly,319000,https://www.youtube.com/watch?v=qG-pP_8TU18
Mr Spy - Mr Bullet Superhero Adventure gameplay,879,2019_09_06,3,1,MALOY PLAY,13300,https://www.youtube.com/watch?v=FM-S5cdyouI
Mr Bullet Level 143,56,2019_09_06,0,0,nilNoobGamer,282,https://www.youtube.com/watch?v=DtrGtVCpFm4
Mr Bullet Level 258,325,2019_09_06,1,0,nilNoobGamer,282,https://www.youtube.com/watch?v=LKqtLrVLf30
Mr Bullet Level 308,"1,444",2019_09_06,10,1,nilNoobGamer,282,https://www.youtube.com/watch?v=ZDVmduR-MME
권총 하나로 수십명 학살하기 (Mr.Bullet 실사판) ll 티바이러스,"1,123,020",2019_09_07,10000,877,T-VIRUS Films (티바이러스),168000,https://www.youtube.com/watch?v=8_B0_CyAoBw
Don't Hit the Hostages! (Mr. Bullet),"1,356,205",2019_09_07,20000,641,MattShea,2270000,https://www.youtube.com/watch?v=IywuDaiG6rs
You will see this more than once! Mr Bullet Game Top three New official trailer #Mr_Bullet,"43,036",2019_09_09,102,18,APPLE TV GAMES,130000,https://www.youtube.com/watch?v=RxJytGJbUEo
Mr.Bullet Level 37-60 Android Gameplay,"113,487",2019_09_09,342,139,Mobile Videogames,17400,https://www.youtube.com/watch?v=bjmnynYISn4
Mr.Bullet ALL LEVELS 3 STARS Guide (Including Level 320) NEW GAME MR.BULLET WORLD RECORD!,"8,502",2019_09_09,132,10,iHASYOU,121000,https://www.youtube.com/watch?v=oWAapoDwqac
Mr Bullet - Spy Puzzles Chapter 5 - 7 Walkthrough,2,2019_09_10,1,0,Elena Game,22200,https://www.youtube.com/watch?v=aPzrHjbXrn0
Mr Bullet - Spy Puzzles Chapter 1-4 Android iOS Gameplay,35,2019_09_10,1,0,Elena Game,22200,https://www.youtube.com/watch?v=5qAuzmFdCcs
"Mr Spy - Mr Bullet Superhero Adventure VS Mr Bullet - Spy Puzzles Part 1 (Android,iOS)",763,2019_09_13,9,2,BuciGames,0,https://www.youtube.com/watch?v=TwZCj6cZZJI
*Mr Bullet Spy Puzzle HACK APK!!!* Todo ilimitado!! (Descarga en la descripci?n),"3,430",2019_09_14,29,2,MiguersoHD,183,https://www.youtube.com/watch?v=MEUihRH_NyE
Mr Bullet - 스파이 퍼즐 Grenade,28,2019_09_14,0,0,li dole,61,https://www.youtube.com/watch?v=isdy5uWy9JA
Mr Bullet (Hostage) Level 64,52,2019_09_15,0,0,nilNoobGamer,282,https://www.youtube.com/watch?v=tMTAajDpyDs
Mr Bullet (Hostage) Level 50,38,2019_09_15,0,0,nilNoobGamer,282,https://www.youtube.com/watch?v=uHa3ehWg4eY
Monster School : Mr Bullet - Spy Puzzles Challenge - Minecraft Animation,"7,165,982",2019_09_16,44000,6800,Indo Craft animation,246000,https://www.youtube.com/watch?v=CKNnky7HvpA
"Mr Bullet Hostages Stage All Clear!, 인질 클리어!",10,2019_09_17,0,0,Zresh Ko,0,https://www.youtube.com/watch?v=RkAD8LilWWw
"Mr Bullet Mission-Hostages Stage 001-018 3 Stars Clear!, 미션-인질 001-018 별 3개 클리어!",2,2019_09_17,0,0,Zresh Ko,0,https://www.youtube.com/watch?v=KDMZZb4dmug
"Mr Bullet Mission-Classic Stage 001-030 3 Stars Clear!, 미션-클래식 001-030 별 3개 클리어!",15,2019_09_17,0,0,Zresh Ko,0,https://www.youtube.com/watch?v=TwG4uja6TAg
"Mr Bullet Mission-Friendly Fire Stage 001-024 3 Stars Clear!, 미션-친절한 불 001-024 별 3개 클리어!",1,2019_09_17,0,0,Zresh Ko,0,https://www.youtube.com/watch?v=8U85KANP800
"Mr Bullet Grenades Stage All Clear!, 수류탄 클리어!",6,2019_09_17,0,0,Zresh Ko,0,https://www.youtube.com/watch?v=NBbR6yVUwIo
MR BULLET FUNNY MOMENTS UNLIMITED GOLD HACK IOS ANDROID MOBILE WORLD RECORD!!! WALKTHROUGH PART 2,43,2019_09_18,1,0,COOL GAMES,12,https://www.youtube.com/watch?v=7vDbnqRC0Ic
Mr Bullet Spy Puzzles Classic Chapter 3 Graveyard Android/iOS Gameplay/Walkthrough,95,2019_09_18,0,0,NBproductionHouse,2530,https://www.youtube.com/watch?v=XQu574UEve0
Mr Bullet - Spy Puzzles - CHAPTER 16 CIRCUS - Walkthrough Video Part 16 (iOS Android),550,2019_09_18,6,1,GAMEPLAYBOX,131000,https://www.youtube.com/watch?v=t4rgxQJSKgg
CAN YOU AIM? MR BULLET,16,2019_09_19,1,0,High Director Gamer,52,https://www.youtube.com/watch?v=i4llXv1wPbo
MR BULLET ВЕСЕЛАЯ ИГРА ПИРКОЛЬКОЕ ПРОХОЖДЕНИЕ,128,2019_09_19,1,0,КРУТЫЕ ИГРЫ,16,https://www.youtube.com/watch?v=WBWURL2hx78
Mr Bullet - 스파이 퍼즐 Classic,21,2019_09_22,0,0,li dole,61,https://www.youtube.com/watch?v=zx4myT_XjqE
Mr. Bullet Spy Puzzles Android Game,8,2019_09_24,1,0,Ponte A Jugar Ya,183,https://www.youtube.com/watch?v=6vmsuMHmYJg
Mr bullet spy puzzle chapter 1,4,2019_09_24,0,0,AZRAN ADEEF BIN NAZRULAZI -,7,https://www.youtube.com/watch?v=GqqGBo6nzKs
"MR BULLET SPY PUZZLES, ARE YOU READY TO BECOME A HERO ?",1,2019_09_25,0,0,Triple7seven,2,https://www.youtube.com/watch?v=sSMoTFdfYhk
Mr Bullet (by Lion Studios) - puzzle game for android and iOS - gameplay.,34,2019_09_25,1,0,andro-games,7090,https://www.youtube.com/watch?v=kodYvGvEKKw
"Mr Bullet Spy Puzzles - Gameplay Walkthrough Part 1 (IOS ,ANDROID)",19,2019_09_25,1,1,Zerw Gameplay,30900,https://www.youtube.com/watch?v=DRRWc-djTxE
Mr.Bullet 3 STAR WORLD RECORD! NEW GAME ALL LEVELS !,712,2019_09_27,10,0,Cloudy,3320,https://www.youtube.com/watch?v=TGIl6rlGBik
"Mr BULLET : SPY PUZZLE offline less than 100 mb game - All 3 stars game play of chapter 1,2,3,4 & 5",39,2019_09_27,8,0,ghost_of_gamers,289,https://www.youtube.com/watch?v=gnZdsM48QF8
IS THIS THE STRONGEST HIGHEST LEVEL SPY EVOLUTION? (ALL LEVELS RECORD) l Mr.Bullet,"17,540",2019_09_28,513,29,Fady,298000,https://www.youtube.com/watch?v=KJM09CNTrYU
MAININ GAME GABUT BIKIN HAPPY|MR.BULLET-SPY PUZZLE,13,2019_09_28,2,0,ARI SUSANTO GAMING,22,https://www.youtube.com/watch?v=C8ykYNapWp8
Mr Bullet - Spy Puzzles | chapter 1 bullet city | Epic Shooting puzzle Game | Level 1 to 16,1,2019_09_28,0,0,GamePlayCentre,88,https://www.youtube.com/watch?v=jxePWkJQvkA
Mr Bullet Spy Puzzles Classic Chapter 4 Bullet Beach Android/iOS Gameplay/Walkthrough,18,2019_09_29,0,0,NBproductionHouse,2530,https://www.youtube.com/watch?v=3mCHputAPKA
"Mr Bullet - Spy Puzzles-Mr Diamond Bullet-Walkthrough Gameplay Part 3 (Android,iOS)",498,2019_09_29,1,2,BuciGames,0,https://www.youtube.com/watch?v=n9qhYEi56sc
Mr Bullet - Spy Puzzles - Chapter2-3 Walkthrough Fight Back Now! Recommend index four stars,816,2019_09_30,2,1,2pFreeGames,212000,https://www.youtube.com/watch?v=hJ7NhfHQ9f4
Mr Bullet - Chapter 1 - Bullet City - Walkthrough level 1 to 16 (3 Stars - 1 to 2 Shots),43,2019_10_02,8,0,Walkthroughs with Eve,169,https://www.youtube.com/watch?v=xhyHdtJES88
Mr Bullet - Spy Puzzles - Chapter4-5 Walkthrough Fight Back Now! Recommend index four stars,"1,030",2019_10_02,6,1,2pFreeGames,212000,https://www.youtube.com/watch?v=PUHbakUoNQY
Mr. BULLET game Missions Episodes 6 - 10 all 3 stars Gameplay Walkthrough,33,2019_10_03,9,0,ghost_of_gamers,289,https://www.youtube.com/watch?v=7gwXX0-1SeU
Mr. Bullet - Spy Puzzles,75,2019_10_03,0,1,Daniel Lee,889,https://www.youtube.com/watch?v=PZAa0ZhNia8
MONSTER SCHOOL: MR BULLET SPY PUZZLES - Minecraft Animation,"1,052",2019_10_03,18,0,Ananta Carlos,2330,https://www.youtube.com/watch?v=ofO_Yc69U3o
Mr Bullet - Spy Puzzles - Chapter6 7 Walkthrough Fight Back Now! Recommend index four stars,"2,550",2019_10_04,15,0,2pFreeGames,212000,https://www.youtube.com/watch?v=KiYi0oPAOzM
MR.bullet man with funny moments,31,2019_10_05,2,0,Sana NAaz,5,https://www.youtube.com/watch?v=UdvM1awelYc
Mr Bullet - Spy Puzzles Hack - How to Get Free Money and Ticket (iOS/Android),"1,157",2019_10_05,7,3,cris domingos,0,https://www.youtube.com/watch?v=DLQeHGx8DsQ
Bullet MR Bullet ??????,4,2019_10_07,1,0,EagleNationUK1,20,https://www.youtube.com/watch?v=r9o-6fuyiFU
Mr Bullet - Spy Puzzles - Chapter8-9 Walkthrough Fight Back Now! Recommend index four stars,"12,511",2019_10_07,38,2,2pFreeGames,212000,https://www.youtube.com/watch?v=n1CH7iojst4
Mr. Bullet is a bad shot,6,2019_10_08,2,0,Extreme Galaxy,102,https://www.youtube.com/watch?v=qDBfUb9si_U
Mr Bullet - Spy Puzzles - Chapter10 11 Walkthrough Fight Back Now! Recommend index four stars,354,2019_10_09,3,0,2pFreeGames,212000,https://www.youtube.com/watch?v=090utl3VDG0
MR BULLET - Gameplay Walkthrough Part 18 - Chapter 18 Pyramid (iOS Android),"6,094",2019_10_10,42,4,MobileGamesDaily,406000,https://www.youtube.com/watch?v=cdMuvJa9xNk
Monster School : Mr Bullet - Spy Puzzles Challenge Part 2 - Minecraft Animation,"975,004",2019_10_12,7500,1000,Indo Craft animation,246000,https://www.youtube.com/watch?v=DovTzsyoH60
Mr Bullet - Spy Puzzles - Chapter13-14 Walkthrough Fight Back Now! Recommend index four stars,"1,323",2019_10_13,6,1,2pFreeGames,212000,https://www.youtube.com/watch?v=P6c-yj-0Ces
Mr Bullet - Spy puzzle #puzzle,5,2019_10_13,0,0,keilon bagsby,150,https://www.youtube.com/watch?v=m55PeHEmKfA
Mr Bullet - Spy Puzzles - Gameplay Walkthrough Part 1 - gameplay trailer,26,2019_10_13,1,0,Gaming K,1240,https://www.youtube.com/watch?v=EH4cnf5ny-k
Mr. Bullet - Spy Puzzles ( Shooter Puzzle Game ) - Gameplay!,143,2019_10_14,14,0,Toomeys Games,3650,https://www.youtube.com/watch?v=RzuP7irNTgI
Mr Bullet - Spy Puzzles - ALL LEVELS & MODES - gaming Video,22,2019_10_14,3,0,S Gaming,23,https://www.youtube.com/watch?v=QELTQiyf32M
Mr Spy - Mr Bullet Superhero Adventure Android Gameplay,707,2019_10_16,10,5,KruGames,165000,https://www.youtube.com/watch?v=s6-2XhgrN-Q
Mr Bullet : Spy Puzzle android gameplay part 4,"3,270",2019_10_18,8,7,ANAK MOEDA CHANNEL NEW,818,https://www.youtube.com/watch?v=G6kYqJ7mueE
Mr Bullet : Spy Puzzle android gameplay part 2,658,2019_10_18,2,1,ANAK MOEDA CHANNEL NEW,818,https://www.youtube.com/watch?v=MwvMCJ378cA
Mr Bullet : Spy Puzzle android gameplay part 1,277,2019_10_18,2,0,ANAK MOEDA CHANNEL NEW,818,https://www.youtube.com/watch?v=OL82P5n-EF4
Mr Bullet : Spy Puzzle android gameplay part 3,632,2019_10_18,5,3,ANAK MOEDA CHANNEL NEW,818,https://www.youtube.com/watch?v=kx7Zf30ELAg
One Bullet - Game Like Mr Bullet - Android Gameplay Walkthrough 1-40 Levels,764,2019_10_18,8,1,Android Gameplay Weekly,319000,https://www.youtube.com/watch?v=pmdJjm-_Gcc
Mr Bullet SEASONS HALLOWEEN Level 1-32. 3 Stars,"16,182",2019_10_19,155,11,TheGameAnswers,26000,https://www.youtube.com/watch?v=dS-9ddMYJlE
Mr Bullet - Spy Puzzles Chapter15 Walkthrough Fight Back Now! Recommend index four stars,"1,086",2019_10_20,4,2,2pFreeGames,212000,https://www.youtube.com/watch?v=1VpUCJ2Kero
Mr Bullet - Spy Puzzles - Mod Unlocked - Latest Version 1.12 - Download App Free 2019,6,2019_10_20,0,0,Lucas Marques,0,https://www.youtube.com/watch?v=dXKfp8QxraQ
Mr Bullet _ Gameplay [ walkthrough all levels part 01 _ android / iOS ] .,642,2019_10_20,4,1,onezelo,1770,https://www.youtube.com/watch?v=KA012io65ec
Mr Bullet - Spy Puzzles Halloween,644,2019_10_20,3,1,Snelo85,89,https://www.youtube.com/watch?v=YUDCPlNduaY
Mr Bullet - Spy Puzzles Chapter 14 (Rome) walkthrough,20,2019_10_21,1,0,Snelo85,89,https://www.youtube.com/watch?v=8_rdwC_z7a8
Mr Bullet - Spy Puzzle (Vampire Castle) walkthrough,45,2019_10_21,1,0,Snelo85,89,https://www.youtube.com/watch?v=5ixokUNBwNI
Mr Bullet SEASONS - HALLOWEEN. Level 1-32. All 3 stars.,992,2019_10_21,13,0,Игровик ТВ,112,https://www.youtube.com/watch?v=UT5x-NGldIs
Mr Bullet _ Gameplay [ walkthrough all levels part 02 _ android / iOS ] .,765,2019_10_22,5,1,onezelo,1770,https://www.youtube.com/watch?v=72tCtMwJpLc
Mr Bullet - Spy Puzzles - Gameplay IOS #9 Halloween Season,50,2019_10_22,0,0,MediaTech - Gameplay Channel,0,https://www.youtube.com/watch?v=ER1XlWVNoTY
Mr Bullet - Spy puzzles | Gloofy gameplay,42,2019_10_22,2,0,Gloofy,11,https://www.youtube.com/watch?v=qtj6SbG9k6U
MR. BULLET HALLOWEEN UPDATE GAMEPLAY ALL LEVELS FROM LEVEL #1 - LEVEL #12,33,2019_10_22,0,0,Chintu Android Gameplay,0,https://www.youtube.com/watch?v=oVwMujv5qpk
Mr Bullet Spy Puzzles Classic Chapter 5 Bullet City II Android/iOS Gameplay/Walkthrough,13,2019_10_22,0,0,NBproductionHouse,2530,https://www.youtube.com/watch?v=AY7SA7tn8_o
Mr Bullet - Spy Puzzles - Gameplay IOS #8,110,2019_10_22,0,0,MediaTech - Gameplay Channel,0,https://www.youtube.com/watch?v=Gm0drBu9UFE
Mr. Bullet Android Gameplay #2,7,2019_10_23,0,0,Worldwide Gameplay,45,https://www.youtube.com/watch?v=S1zD9TJ5KQA
Mr Bullet - Spy Puzzle (Vampire Castle) walkthrough,18,2019_10_23,0,0,Game Guide Guy,3,https://www.youtube.com/watch?v=7OzZiTL--4s
Mr Bullet Season Halloween Level 32 (The hard way),382,2019_10_23,1,0,Exodiia,13,https://www.youtube.com/watch?v=qzPbToK7trY
Monster School : Mr Bullet - Spy Puzzles Challenge - Minecraft Animation,"2,380,378",2019_10_23,30000,2600,MineCZ,1600000,https://www.youtube.com/watch?v=ugI8AdJ3cio
Mr Bullet - Spy Puzzles Chapter 12 (Pirate Ship) walkthrough,6,2019_10_23,2,0,Game Guide Guy,3,https://www.youtube.com/watch?v=e5Nw9GLefK8
Mr Bullet - Spy Puzzles - Gameplay IOS #10,25,2019_10_24,0,0,MediaTech - Gameplay Channel,0,https://www.youtube.com/watch?v=9YvaicxfKx4
"Mr Spy - Mr Bullet Superhero Adventure-Huge Update Halloween Heroes (Android,iOS)",128,2019_10_24,1,1,BuciGames,0,https://www.youtube.com/watch?v=6nEIL9Hrcq8
"Mr Bullet - Spy Puzzles-Huge Update New Season Mode Walkthrough Gameplay Part 4 (Android,iOS)",156,2019_10_24,2,1,BuciGames,0,https://www.youtube.com/watch?v=pGOHxE6b8g0
Mr.Bullet Season Halloween Level 1-32 3STAR,100,2019_10_24,0,0,Sawasdee Saweedas,10,https://www.youtube.com/watch?v=WGtl_OTGVlg
Mr. Bullet - Spy puzzles - if you wanna be relax just play,1,2019_10_24,1,0,bullshit,0,https://www.youtube.com/watch?v=50lk2AKhdhY
Mr Bullet - Spy Puzzles - Gameplay IOS #11,26,2019_10_25,1,0,MediaTech - Gameplay Channel,0,https://www.youtube.com/watch?v=7aJhxLKI8rY
"Mr Bullet - Spy Puzzles-Huge Update New Character Mr Halloween Part 5 (Android,iOS)",189,2019_10_25,1,0,BuciGames,0,https://www.youtube.com/watch?v=XaPvnZ1YRGw
Monster School : Mr Bullet - Spy Puzzles Challenge All Part - Minecraft Animation,"214,453",2019_10_26,1900,224,Indo Craft animation,246000,https://www.youtube.com/watch?v=yDQ-Bb5Liu8
Chapter 2 done in mr bullet,9,2019_10_26,4,0,Lion Gamer,8,https://www.youtube.com/watch?v=cBgo9ePEl2s
Mr Bullet - Chapter 1 Bullet City Level 1 - 16 ( Classic ),0,2019_10_27,0,0,【Dreamer 】,0,https://www.youtube.com/watch?v=qttO4KxLSto
Mr Bullet - Spy Puzzles - Gameplay IOS #12,50,2019_10_27,0,0,MediaTech - Gameplay Channel,0,https://www.youtube.com/watch?v=YPmjLodiW4g
Mr Bullet - Chapter 2 Shogun's Castle Level 17 - 32 ( Classic ),0,2019_10_27,0,0,【Dreamer 】,0,https://www.youtube.com/watch?v=_rQItdask2I
"Mr Bullet Gameplay Part 1 - Perfect Shot ( ios, Android )","9,744",2019_10_27,66,26,Pupugames,1650000,https://www.youtube.com/watch?v=XLe9f_DwMak
Mr Bullet - Spy Puzzles - CHAPTER 17 PENITENTIARY - Walkthrough Video Part 17 (iOS Android),890,2019_10_28,4,0,GAMEPLAYBOX,131000,https://www.youtube.com/watch?v=BuuXIhUlWpQ
Mr Bullet Full Gameplay Walkthrough All Levels,"1,589",2019_10_28,14,1,GoGy Games,196000,https://www.youtube.com/watch?v=3hcjrskw9ng
Mr Bullet - Spy Puzzles - Gameplay IOS #13,13,2019_10_28,0,0,MediaTech - Gameplay Channel,0,https://www.youtube.com/watch?v=ADKvIu9KiME
"Mr Bullet Gameplay Part 2 - Halloween Special Event 2019 ( ios, Android )","3,953",2019_10_29,21,7,Pupugames,1650000,https://www.youtube.com/watch?v=b6L5Sf0S5YI
Mr. Bullet Spy Puzzles - Android Gameplay HD,8,2019_10_30,0,0,FunoroidGamesTV,11,https://www.youtube.com/watch?v=Sb4y2hmkAII
Mr Bullet - Spy Puzzles - CHAPTER 18 PYRAMID - Walkthrough Video Part 18 (iOS Android),"1,084",2019_10_31,11,3,GAMEPLAYBOX,131000,https://www.youtube.com/watch?v=hHb0N0dQkNg
Mr Bullet - Spy Puzzles Chapter16 Walkthrough Fight Back Now! Recommend index four stars,"1,004",2019_10_31,4,2,2pFreeGames,212000,https://www.youtube.com/watch?v=E75_5fHDW4o
Mr Bullet _ Gameplay [ walkthrough all levels part 03 _ android / iOS ],242,2019_11_01,0,0,onezelo,1770,https://www.youtube.com/watch?v=M2cro43n5xo
Mr Spy - Bullet Agent - Gameplay IOS & Android,31,2019_11_01,2,0,MediaTech - Gameplay Channel,0,https://www.youtube.com/watch?v=qz4GGt-G1F8
"Mr Bullet - Spy Puzzles Gameplay Trailer (iOS, Android)",19,2019_11_02,1,0,TouchScreenGameplay,4,https://www.youtube.com/watch?v=fM7iu44Ss_c
Mr Bullet Spy Puzzles Grenades Chapter 1 Bullet City Android/iOS Gameplay/Walkthrough,13,2019_11_02,1,0,NBproductionHouse,2530,https://www.youtube.com/watch?v=qTHviSl6z_A
START YOUR GUNS | Mr bullet #1,7,2019_11_03,2,0,Eryk brick guy,29,https://www.youtube.com/watch?v=02XRV759iIc
Mr Bullet spy puzzle gameplay// noob hunter gaming official,1,2019_11_04,0,0,Noob hunter gaming,36,https://www.youtube.com/watch?v=IcP3Gxju6is
[주세로]할로윈!! 수류탄 처럼!! 빵!!! 터져라!! - Mr Bullet 스파이 퍼즐 #1(수류탄 모드) - 주인광민이(TV),38,2019_11_04,2,0,주인광민이TV,11,https://www.youtube.com/watch?v=F960d3mNtsM
Mr Bullet - Spy Puzzles - Gameplay IOS #16,22,2019_11_04,0,0,MediaTech - Gameplay Channel,0,https://www.youtube.com/watch?v=VzzGdqHXAvw
Mr Bullet - Spy Puzzles - Gameplay IOS #15,25,2019_11_04,0,0,MediaTech - Gameplay Channel,0,https://www.youtube.com/watch?v=046CrrqLQFk
Mr Bullet - Spy Puzzles - Lion Studios - PVP Walkthrough Fight Back Now! Recommend index four stars,565,2019_11_05,3,0,2pFreeGames,212000,https://www.youtube.com/watch?v=A-B_Yv8cpno
Mr Bullet Friendly Fire Chapter 6 (Levels 61-72) walkthrough,11,2019_11_05,1,0,Snelo85,89,https://www.youtube.com/watch?v=8oCEfJtulqs
Monster School : MR BULLET SPY PUZZLE CHALLENGE - Minecraft Animation,"72,536",2019_11_06,1300,90,SpekMan,149000,https://www.youtube.com/watch?v=jMR6x2WA5cU
Mr Bullet _ Gameplay [ walkthrough all levels part 04 _ android / iOS ],242,2019_11_06,3,0,onezelo,1770,https://www.youtube.com/watch?v=3bUEEoPUkaw
"Mr Bullet Spy Puzzles Gameplay Part 4 - Chapter 9 -12 Fun Games ( ios, Android )","3,581",2019_11_06,15,6,Pupugames,1650000,https://www.youtube.com/watch?v=krbdZjvlUug
MR BULLET Spy Puzzles - Chapter 6-10 Full Walkthrough Gameplay,"4,917",2019_11_06,35,8,ToonFirst.com,1380000,https://www.youtube.com/watch?v=NcirVDL3Mvs
MR SPY - Walkthrough Gameplay Part 2 - ALL HERO (Android Games),"2,132",2019_11_07,15,1,PlaygamedroidPro,0,https://www.youtube.com/watch?v=ZW_6mw7gsWY
Mr Bullet - Spy Puzzles - PVP Day2 Walkthrough Fight Back Now! Recommend index four stars,391,2019_11_08,3,0,2pFreeGames,212000,https://www.youtube.com/watch?v=X8oG_5xGTSw
Mr Bullet _ Gameplay [ walkthrough all levels part 05 _ android / iOS ],214,2019_11_08,0,0,onezelo,1770,https://www.youtube.com/watch?v=4u5_ohcKYW0
Mr Bullet - Spy Puzzles - Gameplay IOS #17,19,2019_11_09,0,0,MediaTech - Gameplay Channel,0,https://www.youtube.com/watch?v=xS0oBpkRbJg
Mr. Bullet-Spy Puzzle Gameplay Android,2,2019_11_09,1,0,Angle Gameplay,2,https://www.youtube.com/watch?v=4ryyewwpCNk
Mr Bullet _ Gameplay [ walkthrough all levels part 06 _ android / iOS ],122,2019_11_09,2,0,onezelo,1770,https://www.youtube.com/watch?v=bJKA4rB5RTk
Super Smooth Mr Bullet - Spy Puzzles Gameplay Android,1,2019_11_09,0,0,Enea BrawlStars,131,https://www.youtube.com/watch?v=SVEfjxYlOE0
"Mr Bullet Spy Puzzles Gameplay Part 5 - Chapter 13-15 Vampire Castle Rome Forest ( ios, Android )","3,239",2019_11_09,16,3,Pupugames,1650000,https://www.youtube.com/watch?v=IYGTo3hSljY
Mr Bullet - Spy Puzzles Halloween 1-32 Walkthrough Fight Back Now! Recommend index four stars,282,2019_11_10,4,0,2pFreeGames,212000,https://www.youtube.com/watch?v=Ftld1GBkDYE
Mr Spy - Bullet Agent - Gameplay IOS & Android #6,7,2019_11_10,0,0,MediaTech - Gameplay Channel,0,https://www.youtube.com/watch?v=7sMYbGynx-8
Mr Bullet - Spy Puzzles - Gameplay IOS #18,19,2019_11_10,1,0,MediaTech - Gameplay Channel,0,https://www.youtube.com/watch?v=_y6QXOJlpyg
Mr Bullet - Spy Puzzles - Gameplay IOS #19,34,2019_11_10,1,0,MediaTech - Gameplay Channel,0,https://www.youtube.com/watch?v=T16V8wk-cyE
Mr Bullet _ Gameplay [ walkthrough all levels part 07 _ android / iOS ],400,2019_11_11,2,0,onezelo,1770,https://www.youtube.com/watch?v=4kxe7qe3Sco
Mr Bullet HALLOWEEN SEASON 2019 (by Lion Studios) Android Gameplay Walkthrough 1-32 Levels,"13,877",2019_11_11,48,7,Android Gameplay Weekly,319000,https://www.youtube.com/watch?v=wAQtHHu78gs
Watch me stream Mr Bullet part 6,12,2019_11_11,2,0,Tech in on,58,https://www.youtube.com/watch?v=VvSr1CjkSX4
Mr. Bullet-Spy Puzzles gameplay,10,2019_11_11,0,0,GamerShadeYT,0,https://www.youtube.com/watch?v=8tlZfRy6G08
MR BULLET Spy Puzzles - Chapter 11-13 Walkthrough Gameplay Best Shot,"4,794",2019_11_12,29,5,ToonFirst.com,1380000,https://www.youtube.com/watch?v=l_hl962CwWs
Mr Ricochet 2 Spy Puzzle Android Gameplay Walkthrough 1-5 Chapters,"3,617",2019_11_13,25,2,Android Gameplay Weekly,319000,https://www.youtube.com/watch?v=XkCpNAWRjns
Mr Bullet - Spy Puzzles - Gameplay IOS #20,37,2019_11_13,1,0,MediaTech - Gameplay Channel,0,https://www.youtube.com/watch?v=SmfF7U515ec
"Mr Bullet Spy Puzzles Gameplay Part 6 - Chapter 16-17 Circus And Penitentiary ( ios, Android )","2,661",2019_11_13,18,6,Pupugames,1650000,https://www.youtube.com/watch?v=mwpqMaUs1z4
Mr Bullet Spy Puzzles Android Gameplay,15,2019_11_14,0,0,android game planet,7660,https://www.youtube.com/watch?v=Nc_wEPAqDSA
Mr.Bullet ALL LEVELS & MODES! NEW GAME MR.BULLET WORLD RECORD!,725,2019_11_14,27,3,AL Play,57600,https://www.youtube.com/watch?v=oCgoyO4h6Tc
Mr. Bullet :- Classic mode :- Graveyard,1,2019_11_14,0,0,Gaming Mania,7,https://www.youtube.com/watch?v=0gof_Y8GPNk
Mr Bullet - Spy Puzzles - Chapter17 Walkthrough Fight Back Now! Recommend index four stars,451,2019_11_14,3,0,2pFreeGames,212000,https://www.youtube.com/watch?v=hJhu0feesQc
Mr Ricochet 2 Spy Puzzle Android Gameplay Walkthrough 6-9 Chapters,"3,458",2019_11_15,13,2,Android Gameplay Weekly,319000,https://www.youtube.com/watch?v=LMjt4SJINpY
Monster School || Mr Bullet Spy Puzzel Challenge || Monster School,"783,961",2019_11_15,4500,627,johanzcraft,195000,https://www.youtube.com/watch?v=aA9rGLrJnf0
Mr Bullet Hostages Chapter 6 (Levels 61-72) walkthrough,6,2019_11_16,1,0,Snelo85,89,https://www.youtube.com/watch?v=HWsVf6GrcMo
Mr Bullet Hostages Chapter 2 (Levels 13-24) walkthrough,5,2019_11_16,1,0,Snelo85,89,https://www.youtube.com/watch?v=QRe6Cawkywc
Mr Bullet - Spy Puzzles Chapter18 Walkthrough Fight Back Now! Recommend index four stars,230,2019_11_16,4,0,2pFreeGames,212000,https://www.youtube.com/watch?v=nP6lzzYp4kI
Mr Bullet _ Gameplay [ walkthrough all levels part 08 _ android / iOS ],287,2019_11_16,4,1,onezelo,1770,https://www.youtube.com/watch?v=pMW8eFy7vco
Mr Bullet FRIENDLY FIRE (by Lion Studios) Android Gameplay Walkthrough 1-60 Levels,"38,205",2019_11_16,111,22,Android Gameplay Weekly,319000,https://www.youtube.com/watch?v=hPOAawvdCxM
MR BULLET Spy Puzzles - Chapter 14-16 Walkthrough Gameplay Let The Bullet Fly,"6,628",2019_11_17,47,9,ToonFirst.com,1380000,https://www.youtube.com/watch?v=uXrE49Xb7-A
Monster School: MR BULLET Spy Puzzle Challenge - Minecraft Animation,"38,658",2019_11_17,417,41,Kefe Games,834000,https://www.youtube.com/watch?v=KRFjZVbH1-s
Missions hurt||Mr Bullet,24,2019_11_17,0,0,Bonnie The Gamer,209,https://www.youtube.com/watch?v=wVQg2PzWOxs
Mr Bullet - Spy Puzzles - Chapter19 Walkthrough Fight Back Now! Recommend index four stars,793,2019_11_17,9,1,2pFreeGames,212000,https://www.youtube.com/watch?v=GBYnZF32FPg
Mr Ricochet 2 Spy Puzzle Android Gameplay Walkthrough 145-192 Levels,"2,615",2019_11_18,10,2,Android Gameplay Weekly,319000,https://www.youtube.com/watch?v=_yaJ76POUCU
"Mr Bullet Spy Puzzles Gameplay Part 7 - Chapter 18-19 Pyramid and Drakkar ( ios, Android )","3,321",2019_11_18,8,3,Pupugames,1650000,https://www.youtube.com/watch?v=z_fHCIZKdKE
Mr Bullet FRIENDLY FIRE (by Lion Studios) Android Gameplay Walkthrough 61-108 Levels,"27,433",2019_11_19,91,13,Android Gameplay Weekly,319000,https://www.youtube.com/watch?v=5gPT3c-kC-U
Mr Bullet - Spy Puzzle 3.3.mod apk,3,2019_11_20,0,0,Game Finder,63,https://www.youtube.com/watch?v=OXeBtsoLwis
MR BULLET Spy Puzzles - Chapter 17-18 Walkthrough Gameplay The Lucky Shot,"7,600",2019_11_20,39,11,ToonFirst.com,1380000,https://www.youtube.com/watch?v=ISsQPlCp6eU
MR BULLET - Gameplay Walkthrough Part 19 - Chapter 19 Drakkar (iOS Android),"10,973",2019_11_20,53,14,MobileGamesDaily,406000,https://www.youtube.com/watch?v=Cv8-9lhNgnk
Mr Ricochet 2 Spy Puzzle Android Gameplay Walkthrough 193-208 Levels,751,2019_11_21,3,2,Android Gameplay Weekly,319000,https://www.youtube.com/watch?v=QEUlr3R5X-s
Mr Bullet Classic level 81 -96,1,2019_11_21,0,0,Mahfuz FIFA,130,https://www.youtube.com/watch?v=50kSwAtSdHk
"Mr Bullet Spy Puzzles Gameplay Part 8 - Chapter 20 Laboratory Best Bullet Shot ( ios, Android )","3,858",2019_11_21,21,11,Pupugames,1650000,https://www.youtube.com/watch?v=Cx17YiD14Fw
Monster School : Mr Bullet - Spy Puzzles Challenge - Minecraft Animation,"35,312",2019_11_21,610,37,MineGirlZ,255000,https://www.youtube.com/watch?v=49BU4g0CH6M
Mr Bullet - Spy Puzzles - Chapter20 Walkthrough Fight Back Now! Recommend index four stars,559,2019_11_21,13,0,2pFreeGames,212000,https://www.youtube.com/watch?v=FY-f8_jdXSE
Mr bullet 쩔하기 3탄,1,2019_11_23,0,0,YouTube jun su,34,https://www.youtube.com/watch?v=iyd5Ql4m5OE
Mr Spy - Mr Bullet Superhero Adventure Android Gameplay #2,"4,193",2019_11_24,29,6,ToonFirst.com,1380000,https://www.youtube.com/watch?v=Pr1FDB_2tcc
NEW GAME | MR BULLET | LEVEL 1-10 WALKTHROUGH,16,2019_11_24,5,0,CAREFREE GAMER,19,https://www.youtube.com/watch?v=tJWjbOwcXHU
Mr Bullet Android Gameplay #3,1,2019_11_25,0,0,Worldwide Gameplay,45,https://www.youtube.com/watch?v=gHCSnbzSV1o
Mr Bullet Android Gameplay #5,6,2019_11_25,0,0,Worldwide Gameplay,45,https://www.youtube.com/watch?v=cWjYYHKC808
Mr Bullet - Spy Puzzles - CHAPTER 19 DRAKKAR - Walkthrough Video Part 19 (iOS Android),217,2019_11_25,8,0,GAMEPLAYBOX,131000,https://www.youtube.com/watch?v=2FhbQQzEQn4
Mr Bullet - Spy Puzzles - Level 2 Shogun's Castle. (Lion Studios).,9,2019_11_26,0,0,Typical Gameplay,2740,https://www.youtube.com/watch?v=I8Xh9v3P29g
MR BULLET Spy Puzzles - Chapter 19-20 Walkthrough Gameplay Best Shot Bounce Ever,"11,560",2019_11_26,55,9,ToonFirst.com,1380000,https://www.youtube.com/watch?v=FFzvP2eTB3I
Mr Bullet Android Gameplay #6,1,2019_11_26,0,0,Worldwide Gameplay,45,https://www.youtube.com/watch?v=8uBk8ewst3U
Mr Bullet - Spy Puzzles - Level 4 Bullet Beach. (Lion Studios).,8,2019_11_26,0,0,Typical Gameplay,2740,https://www.youtube.com/watch?v=A9eDknUGdvc
Mr Bullet - Spy Puzzles - Level 3 Graveyard. (Lion Studios).,7,2019_11_26,0,0,Typical Gameplay,2740,https://www.youtube.com/watch?v=z3GRTukUd6k
Mr Bullet - Spy Puzzles - Level 1 Buttlet City. (Lion Studios).,7,2019_11_26,0,0,Typical Gameplay,2740,https://www.youtube.com/watch?v=5YVefp0nq1I
Mr Bullet - Spy Puzzles - Level 5 Bullet City 2 . (Lion Studios).,17,2019_11_26,0,0,Typical Gameplay,2740,https://www.youtube.com/watch?v=Ta8yyOtYlZk
Mr Bullet Android Gameplay #16 | Hostages Mode,1,2019_11_27,0,0,Worldwide Gameplay,45,https://www.youtube.com/watch?v=Cd2SGsRTd3s
Mr Bullet Android Gameplay #14 | Grenade Mode,2,2019_11_27,1,0,Worldwide Gameplay,45,https://www.youtube.com/watch?v=6GJhEfZyT3M
Mr Bullet - Spy Puzzles GRENADES Chapter 1-2 Walkthrough Fight Back Now! Recommend index four stars,986,2019_11_27,7,1,2pFreeGames,212000,https://www.youtube.com/watch?v=x4N2YblZXCg
Mr Bullet _ Gameplay [ walkthrough all levels part 09 _ android / iOS ],298,2019_11_27,3,0,onezelo,1770,https://www.youtube.com/watch?v=UoEG6yukDlc
Mr Bullet Android Gameplay #9,2,2019_11_27,0,0,Worldwide Gameplay,45,https://www.youtube.com/watch?v=XIR7hen4Mg4
Mr Bullet Android Gameplay #13 | Grenade Mode,1,2019_11_27,0,0,Worldwide Gameplay,45,https://www.youtube.com/watch?v=3De_lE3og1c
Mr Bullet Android Gameplay #12 | Grenade Mode,3,2019_11_27,0,0,Worldwide Gameplay,45,https://www.youtube.com/watch?v=ZqSJb56zuAE
Mr Bullet SEASONS THANKSGIVING Level 1-32. 3 Stars,"1,036",2019_11_27,11,3,TheGameAnswers,26000,https://www.youtube.com/watch?v=1vh_pnAmdYg
Mr bullet 쩔하기 6탄,0,2019_11_28,0,0,YouTube jun su,34,https://www.youtube.com/watch?v=JJQORsC33eI
Monster School : Mr Bullet Life - Horror Game Spy Puzzles Challenge - Minecraft Animation,"19,193",2019_11_28,466,30,MineGirlZ,255000,https://www.youtube.com/watch?v=1YMW2HnrFd8
Mr Bullet THANKSGIVING SEASON (by Lion Studios) Android Gameplay Walkthrough 1-32 Levels,"6,008",2019_11_28,20,5,Android Gameplay Weekly,319000,https://www.youtube.com/watch?v=-CcA15DK5I8
Speed run of grave yard Mr bullet spy puzzles read Desc,4,2019_11_28,0,0,AlikeAwesomeGamer,7,https://www.youtube.com/watch?v=AcHaOnLxmao
Mr Bullet Android Gameplay #21 | Friendly Fire Mode,2,2019_11_28,0,0,Worldwide Gameplay,45,https://www.youtube.com/watch?v=6XfUjf9kvYo
Mr Bullet Android Gameplay #22 | Friendly Fire Mode,2,2019_11_28,0,0,Worldwide Gameplay,45,https://www.youtube.com/watch?v=337RxIbrrrA
Mr Bullet Android Gameplay #20 | Friendly Fire Mode,1,2019_11_28,0,0,Worldwide Gameplay,45,https://www.youtube.com/watch?v=Q81ODJYnCf8
Mr Bullet Android Gameplay #17 | Hostages Mode,2,2019_11_28,0,0,Worldwide Gameplay,45,https://www.youtube.com/watch?v=jXBgEcN529U
Mr Bullet - Spy Puzzles - CHAPTER 20 LABORATORY - Walkthrough Video Part 20 (iOS Android),300,2019_11_29,4,0,GAMEPLAYBOX,131000,https://www.youtube.com/watch?v=Da_hz6Fbv9E
Mr Bullet Spy Puzzle v3.5 Hack - Mod Apk Por Mega y Mediafire / Mr Bullet Apk Mod - Todo infinito,462,2019_11_30,13,0,To plays YT,3480,https://www.youtube.com/watch?v=_JI-4GbYWA8
Mr Bullet - Spy Puzzles Gameplay,1,2019_11_30,0,0,RL Android Gaming,0,https://www.youtube.com/watch?v=B7gQEZ0iAE8
Mr bullet 쩔하기 7탄,1,2019_11_30,0,0,YouTube jun su,34,https://www.youtube.com/watch?v=qnvSKcaDt6s
Mr bullet- Spy Puzzles 3D Android Gameplay,4,2019_11_30,0,0,Touch Mobile,1,https://www.youtube.com/watch?v=CI2T7x07rdo
Mr Bullet Spy Puzzle Hack Apk/Mod Todo Ilimitado Por Mediafire Y Mega / Mr bullet spy todo Ilimitado,88,2019_11_30,3,0,AYENDI GAMER RD,2320,https://www.youtube.com/watch?v=DaU9St4-Y7U
Mr Bullet - Spy Puzzles GRENADES Chapter 3-4 Walkthrough Fight Back Now! Recommend index four stars,908,2019_11_30,4,1,2pFreeGames,212000,https://www.youtube.com/watch?v=tbtzF9uJbZ8
How to play Mr Bullet-Spy Puzzles Game,4,2019_12_01,1,0,Techno Siam Khan,368,https://www.youtube.com/watch?v=XaRbncBVbcc
Mr Bullet Android Gameplay #24 | Friendly Fire Mode,2,2019_12_02,0,0,Worldwide Gameplay,45,https://www.youtube.com/watch?v=UuEKFqmLxkk
Mr Bullet Android Gameplay #26 | Halloween Mode,3,2019_12_02,0,0,Worldwide Gameplay,45,https://www.youtube.com/watch?v=HKL2Mi6SBiM
Mr Bullet Android Gameplay #25 | Friendly Fire Mode,3,2019_12_02,0,0,Worldwide Gameplay,45,https://www.youtube.com/watch?v=Uj1To8D2OM0
Mr Bullet - Spy Puzzles ( CLASSIC ) LEVEL 1 TO 320 - Full Walkthrough Video (iOS Android),215,2019_12_02,5,0,GAMEPLAYBOX,131000,https://www.youtube.com/watch?v=YIEgRJmVsGM
Mr Bullet Android Gameplay #23 | Friendly Fire Mode,1,2019_12_02,0,0,Worldwide Gameplay,45,https://www.youtube.com/watch?v=NVuxb5Nief0
MR BULLET - Gameplay Walkthrough Part 2- - Chapter 20 Laboratory (iOS Android),"1,770",2019_12_02,13,3,MobileGamesDaily,406000,https://www.youtube.com/watch?v=a7rDOWLEbJs
Mr Bullet - Spy Puzzles GRENADES Chapter 5-6 Walkthrough Fight Back Now! Recommend index four stars,615,2019_12_03,6,0,2pFreeGames,212000,https://www.youtube.com/watch?v=cgZK5HbsTZc
MONSTER SCHOOL : MR.BULLET - SPY PUZZLES CHALLENGE - MINECRAFT ANIMATION,"179,013",2019_12_03,2100,206,TUNGPO CRAFT,543000,https://www.youtube.com/watch?v=3L9BlAExw8c
Mr.Bullet.. Spy puzzle game...|Sazzad|Part -#01,6,2019_12_04,1,0,Sazzad Hassan,17,https://www.youtube.com/watch?v=hdScsRN-Wb4
Mr Bullet Mod APK 3.5 Spy Puzzles (UNLOCKED ALL),60,2019_12_04,3,1,AndroidModAPKGames,0,https://www.youtube.com/watch?v=yIwy3flYiwQ
Mr. bullet spy puzzle..... Part -#02...,5,2019_12_05,0,0,Sazzad Hassan,17,https://www.youtube.com/watch?v=1vTyMGSq0pw
Spy Stickman 2020-Spy Bullet Shooter Offline Game 2019-Mr Bullet Games-Winter Edition,5,2019_12_05,0,0,TopTen Games,0,https://www.youtube.com/watch?v=HUiFS71PADc
Mr Bullet - Spy Puzzles Chapter 1 - 5 Complete Gameplay Walkthrough | Lion Studio,2,2019_12_06,0,0,Zain Ali Gaming,0,https://www.youtube.com/watch?v=2mkXOhI6zfY
Mr Bullet Spy Puzzles: ALL 320 Levels Classic Mode - Gameplay Walkthrough part 1,18,2019_12_06,2,0,GamePlays365,753,https://www.youtube.com/watch?v=CZcUziaA1iw
Mr Bullet - Spy Puzzles - GRENADES - CHAPTER 1 BULLET CITY - Walkthrough Video Part 1 (iOS Android),184,2019_12_06,1,0,GAMEPLAYBOX,131000,https://www.youtube.com/watch?v=JC11eDzoTp0
Hack Mod Apk De Mr Bullet Spy Puzzle v3.6 Hot To Hack Mr Bullet Spy Puzzle - Hack Todo infinito,10,2019_12_07,1,0,Albert Gamer RD,264,https://www.youtube.com/watch?v=dAN-cJheqS4
Real Spy Stickman Bullet Shooter Free Offline Game-Mr Bullet Shooter Gameplay-Games 2019,17,2019_12_07,0,0,TopTen Games,0,https://www.youtube.com/watch?v=CV9V4HwoO70
Hack Mod Apk De Mr Bullet Spy Puzzle v3.6 Hot To Hack Mr Bullet Spy Puzzle - Hack Todo infinito,12,2019_12_07,2,0,La Real Vaina Feliz,15,https://www.youtube.com/watch?v=vW66mKQPOTA
Hack Mod Apk De Mr Bullet Spy Puzzle v3.6 Hot To Hack Mr Bullet Spy Puzzle - Hack Todo infinito,33,2019_12_07,2,0,El Chivo Gamer RD,554,https://www.youtube.com/watch?v=8TQYMfW0If8
Mr Bullet Spy Puzzle v3.6 Hack Apk Mod / Hot To Hack Mr Bullet Spy Puzzle - Hack Todo infinito,21,2019_12_07,6,0,Lionardo Gamer,0,https://www.youtube.com/watch?v=Jc3Azn2dMac
Mr Spy - Mr Bullet Superhero Adventure Android Gameplay #3,"2,482",2019_12_07,13,6,ToonFirst.com,1380000,https://www.youtube.com/watch?v=8JjY9IgP4yY
"Mr Bullet - Spy Puzzles (MOD, Unlocked) 3.5.apk",3,2019_12_08,0,0,max im,1,https://www.youtube.com/watch?v=yba6vuDb490
Mr. Bullet Kills,4,2019_12_09,0,0,kyotako,10,https://www.youtube.com/watch?v=UEnMuoq_0Jc
Mr BULLET Chapters 11 to 15 Gameplay Walkthrough [part 3],15,2019_12_09,4,0,ghost_of_gamers,289,https://www.youtube.com/watch?v=YD4nO5NhBmA
Mr Bullet - Spy Puzzles Thanksgiving Event Walkthrough,0,2019_12_09,0,0,GT Gaming Network,2,https://www.youtube.com/watch?v=8bAbFa3kZPI
Mr Bullet - Spy Puzzles Halloween Event Walkthrough,0,2019_12_09,0,0,GT Gaming Network,2,https://www.youtube.com/watch?v=2okDmnjx0k4
Miss Bullet Spy Puzzle Android Gameplay Walkthrough 1-44 Levels,"1,434",2019_12_10,7,1,Android Gameplay Weekly,319000,https://www.youtube.com/watch?v=CNiIUOGJ0sQ
Mr Bullet First Gameplay | Classic Mode: Chapter 1 - 6,"1,548",2019_12_10,18,3,GamerRia,6700,https://www.youtube.com/watch?v=tMLiXlBV-b0
Mr.bullet gameplay - (part 1) (Edited),17,2019_12_10,0,1,marthayden austria,0,https://www.youtube.com/watch?v=WyfZG4hVSGY
Mr. Bullet Kills pt2,4,2019_12_11,0,0,kyotako,10,https://www.youtube.com/watch?v=E4U0D2Y61Jw
Mr Bullet ThanksGiving season,4,2019_12_12,1,0,Snelo85,89,https://www.youtube.com/watch?v=KWm6NTcR04s
"Mr.bullet gameplay - (part 2), (Edited)",3,2019_12_12,0,0,marthayden austria,0,https://www.youtube.com/watch?v=uwQwh6xsCeQ
