﻿title,count,date,good_count,bad_count,youtuber,subscriber,url
Gardenscapes 1648,391,2019_01_02,1,0,대아르신,0,https://www.youtube.com/watch?v=xOrztj1Rbwk
Gardenscapes 1651,531,2019_01_02,1,0,대아르신,0,https://www.youtube.com/watch?v=EyS-fkGNL5U
Gardenscapes 1649,70,2019_01_02,0,0,대아르신,0,https://www.youtube.com/watch?v=cpvvJUKUI6c
[꿈의정원] Gardenscapes level 1107,21,2019_01_29,0,0,BBO Hacks Gamer,32,https://www.youtube.com/watch?v=UQxHU-O0kEI
가든 스케이프 3451 꿀팁 마음이 시원해지는 영상 gardenscape,1,2019_02_02,0,0,김gardenscape,5,https://www.youtube.com/watch?v=HMUgbROWnPo
🌵[퍼즐] 꿈의 정원 Gardenscapes [level 1231-1240],75,2019_02_02,1,0,zamuzzang,365,https://www.youtube.com/watch?v=y8PmDs_KZU8
🌵[퍼즐] 꿈의 정원 Gardenscapes [level 1311-1320],45,2019_02_03,1,1,zamuzzang,365,https://www.youtube.com/watch?v=JEus9UOHc6Y
Gardenscapes 1659,144,2019_02_07,0,0,대아르신,0,https://www.youtube.com/watch?v=qQf81FVeHfk
Gardenscapes 1671,284,2019_02_15,0,0,대아르신,0,https://www.youtube.com/watch?v=_s8hd7gY3T4
🌵[퍼즐] 꿈의 정원 Gardenscapes [level 1341-1350],153,2019_02_17,1,0,zamuzzang,365,https://www.youtube.com/watch?v=QI-BJKi-E8Q
꿈의정원 공략 (Gardenscapes) LEVEL 21 - 30 편집영상 (가든스케이프),312,2019_02_22,3,0,boy Ma,3,https://www.youtube.com/watch?v=GjbQpja1Fmw
꿈의정원 공략 (Gardenscapes) LEVEL 211 - 220 편집영상 (가든스케이프),211,2019_02_27,0,0,boy Ma,3,https://www.youtube.com/watch?v=Rke3NCu0nVI
꿈의정원 공략 (Gardenscapes) LEVEL 261 - 270 편집영상 (가든스케이프),94,2019_03_01,0,0,boy Ma,3,https://www.youtube.com/watch?v=ievwnD-ReXk
꿈의정원 공략 (Gardenscapes) LEVEL 501 - 510 편집영상 (가든스케이프),178,2019_03_30,2,0,boy Ma,3,https://www.youtube.com/watch?v=izNf8PnjGfQ
Gardenscapes 4040 Level 꿈의 정원 4040 공략 this week last level 이번주 마지막 레벨 만렙,"1,582",2019_04_06,6,0,책팽팽,6,https://www.youtube.com/watch?v=erTe5oMPPUU
Gardenscapes 4038 Level 꿈의 정원 4038 공략,63,2019_04_06,3,0,책팽팽,6,https://www.youtube.com/watch?v=IEyn8iaaEJI
gardenscapes level 2932 꿈의정원,8,2019_05_08,0,0,리루스,5,https://www.youtube.com/watch?v=mJoHVFEItT8
Gardenscapes 1696,70,2019_06_17,0,0,대아르신,0,https://www.youtube.com/watch?v=HXBuG8iMsts
Gardenscapes 1695,456,2019_06_17,1,0,대아르신,0,https://www.youtube.com/watch?v=PUF-8r8DoQ0
Gardenscapes 1736,13,2019_06_20,0,0,대아르신,0,https://www.youtube.com/watch?v=9-uqarT9z5k
🌵[퍼즐] 꿈의 정원 Gardenscapes [level 1391-1400],227,2019_08_03,2,0,zamuzzang,365,https://www.youtube.com/watch?v=5oTaLjtHrXM
여자친구 은하의🌌짜장라면 레시피 &🎮꿈의 정원 I 은하의 #개인플레이 인터뷰 I Google Play,"108,630",2019_08_09,10000,123,Google Play Korea,90200,https://www.youtube.com/watch?v=JFcu1_ks36A
Gardenscapes 1790,75,2019_08_20,0,0,대아르신,0,https://www.youtube.com/watch?v=-MIk6Knb9CA
🍍꿈의 정원 Gardenscapes Walkthrough 레벨 1431-1440,9,2019_09_03,1,0,zamuzzang,365,https://www.youtube.com/watch?v=7zmvlLm7LiI
🍍꿈의 정원 Gardenscapes Walkthrough 레벨 1471-1480,14,2019_09_03,1,0,zamuzzang,365,https://www.youtube.com/watch?v=omyqt9eQeo8
🍍꿈의 정원 Gardenscapes Walkthrough 레벨 1421-1430,10,2019_09_03,1,0,zamuzzang,365,https://www.youtube.com/watch?v=63POTy7VHJs
🍍꿈의 정원 Gardenscapes Walkthrough 레벨 1441-1450,12,2019_09_03,1,0,zamuzzang,365,https://www.youtube.com/watch?v=QpdjOIO5vL0
🍍꿈의 정원 Gardenscapes Walkthrough 레벨 1481-1490,8,2019_09_03,1,0,zamuzzang,365,https://www.youtube.com/watch?v=vNay41Qqut4
🍍꿈의 정원 Gardenscapes Walkthrough 레벨 1461-1470,7,2019_09_03,1,0,zamuzzang,365,https://www.youtube.com/watch?v=xHL44HiY6dw
🍍꿈의 정원 Gardenscapes Walkthrough 레벨 1501-1510,20,2019_09_03,1,0,zamuzzang,365,https://www.youtube.com/watch?v=yX9kWBeZy94
🍍꿈의 정원 Gardenscapes Walkthrough 레벨 1401-1410,24,2019_09_03,1,0,zamuzzang,365,https://www.youtube.com/watch?v=3aGYdipL4Fs
🍍꿈의 정원 Gardenscapes Walkthrough 레벨 1491-1500,15,2019_09_03,1,1,zamuzzang,365,https://www.youtube.com/watch?v=_83RQ3kheHk
🍍꿈의 정원 Gardenscapes Walkthrough 레벨 1571-1580,28,2019_09_06,2,0,zamuzzang,365,https://www.youtube.com/watch?v=onY5MIS-ml8
🍍꿈의 정원 Gardenscapes Walkthrough 레벨 1561-1570,14,2019_09_06,2,0,zamuzzang,365,https://www.youtube.com/watch?v=GQ0mi8VqKMs
🍍꿈의 정원 Gardenscapes Walkthrough 레벨 1551-1560,11,2019_09_06,1,0,zamuzzang,365,https://www.youtube.com/watch?v=r98Tb0UJdfA
🍍꿈의 정원 Gardenscapes Walkthrough 레벨 1541-1550,14,2019_09_06,1,0,zamuzzang,365,https://www.youtube.com/watch?v=Jraj1eLgJHQ
🍍꿈의 정원 Gardenscapes Walkthrough 레벨 1511-1520,15,2019_09_06,1,0,zamuzzang,365,https://www.youtube.com/watch?v=X_a71a6sxms
🍍꿈의 정원 Gardenscapes Walkthrough 레벨 1531-1540,24,2019_09_06,1,0,zamuzzang,365,https://www.youtube.com/watch?v=cUCPfLZb95E
🍍꿈의 정원 Gardenscapes Walkthrough 레벨 1521-1530,8,2019_09_06,1,0,zamuzzang,365,https://www.youtube.com/watch?v=1KQf6W3YUNI
🍍꿈의 정원 Gardenscapes Walkthrough 레벨 1601-1610,19,2019_09_07,2,0,zamuzzang,365,https://www.youtube.com/watch?v=GhZXdjJ-1WE
🍍꿈의 정원 Gardenscapes Walkthrough 레벨 1581-1590,13,2019_09_07,1,0,zamuzzang,365,https://www.youtube.com/watch?v=59ur9w_RBbc
🍍꿈의 정원 Gardenscapes Walkthrough 레벨 1591-1600,32,2019_09_07,1,0,zamuzzang,365,https://www.youtube.com/watch?v=Ik-Zw_NKsHk
[꿈의정원] 1억다운 갓 힐링게임 Gardenscapes,60,2019_09_07,2,0,긍큐TV,240,https://www.youtube.com/watch?v=gCampn2LQJc
🍍꿈의 정원 Gardenscapes Walkthrough 레벨 1611-1620,32,2019_09_10,1,0,zamuzzang,365,https://www.youtube.com/watch?v=eM6wuJLK6uY
🍍꿈의 정원 Gardenscapes Walkthrough 레벨 1621-1630,17,2019_09_16,1,0,zamuzzang,365,https://www.youtube.com/watch?v=T2CWYLZXMaI
가든스케이프[gardenscapes]1388판에서 1400판까지 중독에서 벗어나고 싶어!,58,2019_09_16,1,0,스게임,2,https://www.youtube.com/watch?v=wBuL0S8m5Dw
🍍꿈의 정원 Gardenscapes Walkthrough 레벨 1631-1640,43,2019_09_16,1,0,zamuzzang,365,https://www.youtube.com/watch?v=761-ROgaKI8
"[모바일게임 리뷰] 직접 플레이해본 7분으로 보는 궁금하지만 막상 하려면 싫은 ""그"" 광고게임 (feat.오스틴) [꿈의 집, 꿈의 정원]",402,2019_10_09,4,0,리뷰밍 ReviewMing,0,https://www.youtube.com/watch?v=89gwIdqb1ks
Gardenscapes 1815,10,2019_10_20,0,0,대아르신,0,https://www.youtube.com/watch?v=4E3F4_q8fuI
Gardenscapes 1806,5,2019_10_20,0,0,대아르신,0,https://www.youtube.com/watch?v=pC7Yj4Fp1I0
Gardenscapes 1809,4,2019_10_20,0,0,대아르신,0,https://www.youtube.com/watch?v=xZtyItmHiVc
Gardenscapes 1805,10,2019_10_20,0,0,대아르신,0,https://www.youtube.com/watch?v=2o8pJTT282Y
Gardenscapes 1831,11,2019_10_21,0,0,대아르신,0,https://www.youtube.com/watch?v=6UlH5Q4drwA
Gardenscapes 1830,7,2019_10_21,0,0,대아르신,0,https://www.youtube.com/watch?v=cFq3P9Zib2E
Gardenscapes 1827,7,2019_10_21,0,0,대아르신,0,https://www.youtube.com/watch?v=wCoM2A6kdL8
Gardenscapes 1816,3,2019_10_21,0,0,대아르신,0,https://www.youtube.com/watch?v=6g4uvm-BKHI
Gardenscapes 1829,31,2019_10_21,0,0,대아르신,0,https://www.youtube.com/watch?v=LvzUoZq0Dmc
Gardenscapes 1837,6,2019_10_21,0,0,대아르신,0,https://www.youtube.com/watch?v=IBGxbKOd3iI
🍍꿈의 정원 Gardenscapes Walkthrough 레벨 1691-1700,43,2019_10_26,1,0,zamuzzang,365,https://www.youtube.com/watch?v=IBSSoNtStjg
🍍꿈의 정원 Gardenscapes Walkthrough 레벨 1681-1690,6,2019_10_26,1,0,zamuzzang,365,https://www.youtube.com/watch?v=ycGWqAU6CGI
🍍꿈의 정원 Gardenscapes Walkthrough 레벨 1671-1680,14,2019_10_26,1,0,zamuzzang,365,https://www.youtube.com/watch?v=E7f1F_8daZg
🍍꿈의 정원 Gardenscapes Walkthrough 레벨 1661-1670,8,2019_10_26,1,0,zamuzzang,365,https://www.youtube.com/watch?v=LTRd1L2fHo8
🍍꿈의 정원 Gardenscapes Walkthrough 레벨 1651-1660,10,2019_10_26,1,0,zamuzzang,365,https://www.youtube.com/watch?v=-1g4rLnodr8
🍍꿈의 정원 Gardenscapes Walkthrough 레벨 1641-1650,10,2019_10_26,1,0,zamuzzang,365,https://www.youtube.com/watch?v=EiJaFp56kGE
"심즈4 건축 ""꿈의 정원"" 속 오스틴 저택 | 스피드빌드 | The Sims 4 ""Garden Scapes"" House Speed Build",64,2019_11_02,4,0,취미쟁이 쮸,88,https://www.youtube.com/watch?v=Q9zfzjcFX-Y
🍍꿈의 정원 Gardenscapes Walkthrough 레벨 1751-1760,4,2019_11_05,1,0,zamuzzang,365,https://www.youtube.com/watch?v=qBB_R8LO8sQ
🍍꿈의 정원 Gardenscapes Walkthrough 레벨 1731-1740,2,2019_11_05,1,0,zamuzzang,365,https://www.youtube.com/watch?v=yM_NRTLZ3e8
🍍꿈의 정원 Gardenscapes Walkthrough 레벨 1721-1730,7,2019_11_05,1,0,zamuzzang,365,https://www.youtube.com/watch?v=k41-4OBej5I
🍍꿈의 정원 Gardenscapes Walkthrough 레벨 1711-1720,6,2019_11_05,1,0,zamuzzang,365,https://www.youtube.com/watch?v=6JPMowLV3KM
🍍꿈의 정원 Gardenscapes Walkthrough 레벨 1701-1710,7,2019_11_05,1,0,zamuzzang,365,https://www.youtube.com/watch?v=PXAG0dPXCMw
🍍꿈의 정원 Gardenscapes Walkthrough 레벨 1771-1780,8,2019_11_05,1,0,zamuzzang,365,https://www.youtube.com/watch?v=i7ncI_mAkTQ
🍍꿈의 정원 Gardenscapes Walkthrough 레벨 1761-1770,3,2019_11_05,1,0,zamuzzang,365,https://www.youtube.com/watch?v=RSyOfjgJN0A
🍍꿈의 정원 Gardenscapes Walkthrough 레벨 1781-1790,11,2019_11_07,1,0,zamuzzang,365,https://www.youtube.com/watch?v=b-crziXfehY
🍍꿈의 정원 Gardenscapes Walkthrough 레벨 1791-1800,5,2019_11_07,1,0,zamuzzang,365,https://www.youtube.com/watch?v=J9qHmiREbxI
🍍꿈의 정원 Gardenscapes Walkthrough 레벨 1801-1810,7,2019_11_07,1,0,zamuzzang,365,https://www.youtube.com/watch?v=aHqaCn024PY
🍍꿈의 정원 Gardenscapes Walkthrough 레벨 1821-1830,73,2019_11_07,1,0,zamuzzang,365,https://www.youtube.com/watch?v=PK2vNj-XWiQ
🍍꿈의 정원 Gardenscapes Walkthrough 레벨 1811-1820,8,2019_11_07,1,0,zamuzzang,365,https://www.youtube.com/watch?v=QGzemCeFqis
[Gardenscapes/꿈의 정원] 간단한 블록깨기로 힐링할 수 있는 게임이 있다? 그게 바로 이 게임!🌸,8,2019_11_16,0,0,Anastasia's diary아나별샤의 일상기록,2,https://www.youtube.com/watch?v=FYFjWR-EU0s
겨울왕국2 퍼즐게임 - 겨울왕국에 꿈의 정원 뿌링클,50,2019_11_17,0,0,MrMJY8,22500,https://www.youtube.com/watch?v=hYJnRwI7q8c
