﻿title,count,date,good_count,bad_count,youtuber,subscriber,url
THE FLOOR IS LAVA - LAVA MONSTER GAME AT PARK FAMILY FUN FOR KIDS TOYS,99,2018_12_13,8,1,JCs Adventures,2850,https://www.youtube.com/watch?v=tHTke3sPI_M
pokemon Monster park game live,140,2018_12_15,21,2,PokeVex,17400,https://www.youtube.com/watch?v=QnzVfvTm53A
#3 pokemon Monster park game live,180,2018_12_17,11,2,PokeVex,17400,https://www.youtube.com/watch?v=DR9IIqdwAuk
Unlimited Health And PP Hack On Victory Road | Monster Park | Trainer Canyon (हिन्दी),"3,557",2018_12_18,31,10,GameR,1450,https://www.youtube.com/watch?v=j9tOmBYazSI
#4 pokemon Monster park game live,141,2018_12_18,13,0,PokeVex,17400,https://www.youtube.com/watch?v=Q_yQ4lv0y6A
Monster's Park Monday! Monster's Park Aged In Spanish Brandy Barrels - 12% ABV,622,2019_01_07,33,0,Joe Senigaglia,5670,https://www.youtube.com/watch?v=dFbVpKhYduo
Nari Kids Park: HUGtto! PreCure - Monster Battle,"2,065",2019_01_09,44,0,CranberryFo,2860,https://www.youtube.com/watch?v=9vXyW6BnuBY
Monster Park - [베타게임] 몬스터파크 온라인 [ Android ] Gameplay,235,2019_01_16,2,0,Free2PlayMMOs Gaming Channel,9720,https://www.youtube.com/watch?v=79vc0R6zBP8
2019 NEW Hey monster/monster park HACK MOD APK (link on description),"4,979",2019_01_17,36,20,Nora Games,28,https://www.youtube.com/watch?v=pVrnXrFI-qk
How to download hey monster park by IH,256,2019_01_18,12,1,EON KID BY VISHAL K,22,https://www.youtube.com/watch?v=cqb40CtOzhI
Monster School : DRIVE AND PARK GAME - Minecraft Animation,"39,315",2019_01_18,579,50,Ricky Sijun,0,https://www.youtube.com/watch?v=iz6_0KuRrpk
AriesMS Wind Archer VJ Monster Park 39 seconds,817,2019_01_22,12,9,AppleThicc,11,https://www.youtube.com/watch?v=s4dw0_LP9Hc
4x Legendary Pokemon Entei in Trainer Canyon / Monster Park / Hey Monster by Gaming Tactics,"14,345",2019_01_29,111,17,Gaming Tactics,288,https://www.youtube.com/watch?v=mOTFWquc1cQ
Park of Monster - Upgrade Your Monsters to Build Strongest Attack Team,"12,711",2019_01_29,16,3,Park of Monster Game,431,https://www.youtube.com/watch?v=WxdqmtyVorM
Park of Monster Game - Merge & Challenge,"185,874",2019_01_29,17,12,Park of Monster Game,431,https://www.youtube.com/watch?v=ZgAhAaEjXz0
LAVA MONSTER at the Park! Playground Game Fun,301,2019_01_31,7,0,Nala And Caiden's World,411,https://www.youtube.com/watch?v=AE9ChKeKBxk
How to Download Hey Monster( Monster Park) on your Android phone.,"1,061",2019_02_03,28,5,PROFESSIONAL GAMER,25,https://www.youtube.com/watch?v=X-3Rqw-kZnk
Park of Monster Android Gameplay,"8,999",2019_02_12,46,12,Android/iOS/Nintendo Switch Gameplay - PROAPK,183000,https://www.youtube.com/watch?v=IiVNCF2rA0c
Park of Monster Android Gameplay,"5,883",2019_02_12,41,2,OGL Gameplays,186000,https://www.youtube.com/watch?v=tLSWDwcoz8o
Park of Monster Gameplay Android,52,2019_02_13,3,0,PalmassGames,1310,https://www.youtube.com/watch?v=ypA0D9b7Ygw
How to Download Monster Park game in 2019 in very simple method,"1,533",2019_02_22,10,5,Rajnish,4,https://www.youtube.com/watch?v=P9AgAegL6ao
Download 3d pokemon game-Monster park,569,2019_02_27,11,3,#Game 's World,66,https://www.youtube.com/watch?v=RobcKPVk_js
Last look of monster park game😭😭😭😭,60,2019_02_28,1,0,pokeland 24,1,https://www.youtube.com/watch?v=FnOsabFVkIQ
How to download very interesting game monster park sea unreleased,"2,890",2019_03_03,36,19,GAMING WITH HAIDAR,0,https://www.youtube.com/watch?v=YECHE7F0bZs
How to download monster park sea (unreleased) with aptoide.,277,2019_03_04,8,3,Asif Aslam,25,https://www.youtube.com/watch?v=R-7JuQOdAhA
park of monster - The game strategy,"52,890",2019_03_04,4,3,Park of Monster Game,431,https://www.youtube.com/watch?v=qZlIJxtgK_Q
Park of Monster - Best Strategy Games in 2019,"4,934",2019_03_06,4,3,Park of Monster Game,431,https://www.youtube.com/watch?v=40gjhhCMpvw
Popular Games -Park of monster,"5,344",2019_03_06,0,0,Park of Monster Game,431,https://www.youtube.com/watch?v=PcsXkolm5hk
Successfully Wasting all the Crystals in the Monster Park.,262,2019_03_10,14,0,Gaming Tactics,288,https://www.youtube.com/watch?v=6lhUGSkwLsY
Final Battle center Battle in Hey Monster/ Monster park,284,2019_03_11,8,1,Gaming Tactics,288,https://www.youtube.com/watch?v=2HYIht-8_wU
How to download Monster park/Catch em monster /Hey Monster 2019,"1,074",2019_03_23,24,4,Gamerz Stop,7,https://www.youtube.com/watch?v=z-vVxaDnsSo
Park of Monster Android Gameplay,131,2019_03_26,4,0,KruGames,165000,https://www.youtube.com/watch?v=28E7IXJXY9E
Park of Monster Android Gameplay,"1,384",2019_04_06,1,2,Angel Game,0,https://www.youtube.com/watch?v=2jGP2LBy5N0
Pokemon game like Monster park sea how to download,656,2019_04_13,26,2,Yr Sharma,28,https://www.youtube.com/watch?v=G21Mk0p79rI
Park of Monster ：a whole new level of game immersion!,71,2019_04_18,0,0,Park of Monster Game,431,https://www.youtube.com/watch?v=g2UGe3qYol4
Monster Park Online Gameplay Android | New Mobile Game,91,2019_05_06,2,0,PalmassGames,1310,https://www.youtube.com/watch?v=PUwZc8106f4
park of monster stage(Level) 118,"6,857",2019_05_09,22,1,-sjoii-妙聆音,135,https://www.youtube.com/watch?v=lUJJN9cYMHA
How to download monster park sea,315,2019_05_15,6,5,all minds chanel,10,https://www.youtube.com/watch?v=5BB7MPLGHIE
2k19 Park Monster,197,2019_05_18,22,0,LB Fresh,1380,https://www.youtube.com/watch?v=Q3Pgq13vxkk
How to download monster park sea 💯%,208,2019_05_18,6,4,all minds chanel,10,https://www.youtube.com/watch?v=Lvt4XrM09lQ
Park of Monster - 77 Tips,"2,715",2019_05_21,9,1,Park of Monster Game,431,https://www.youtube.com/watch?v=2P0R7UUh77E
How to download monster park game,515,2019_05_24,13,4,indian gamer,30,https://www.youtube.com/watch?v=Ure_D0dXNG0
park of monster stage(Level) 90,"3,124",2019_05_24,11,0,-sjoii-妙聆音,135,https://www.youtube.com/watch?v=XsbfG491iXE
Monster School Jurassic park challenge|By creepyzzz gaming,83,2019_05_31,2,0,Creepyzzz gaming,90,https://www.youtube.com/watch?v=inuH1ApPd-Q
Park of monster - stage 30,97,2019_06_04,0,0,Minh Vu,5,https://www.youtube.com/watch?v=p4OA1xnfmqE
Park of Monster Android Gameplay | CATCH MONSTERS | COMBINE ELEMENTS | EXPAND VILLAGE,277,2019_06_04,5,0,GameReviews AU,346,https://www.youtube.com/watch?v=EEvI4Yvy0jU
Park of monster - stage 61,271,2019_06_05,1,0,Minh Vu,5,https://www.youtube.com/watch?v=-rITBNVGjDM
Park of monster - stage 46,903,2019_06_05,3,0,Minh Vu,5,https://www.youtube.com/watch?v=NfMDpw9qfnA
신규 모바일 인디게임 mmorpg 몬스터파크(Monster park),521,2019_06_12,10,1,대써남후후,1780,https://www.youtube.com/watch?v=sgScWcd6VZ4
"Park of Monster:Various buildings, plants, monsters, coins and ores await you in this fun game.","9,419",2019_06_24,1,0,Park of Monster Game,431,https://www.youtube.com/watch?v=58uoJcWcVTQ
"Park Of Monster Game • Stage 1, 2, 3 & 4 • First 3 Minutes Of Gameplay ☆☆☆",689,2019_06_27,18,1,Toasted Gamer Boutique,11800,https://www.youtube.com/watch?v=G-r3JatI_oo
Park Of Monster Game • Stage 5 • Challenge 1 Primary ☆☆☆,274,2019_06_27,7,0,Toasted Gamer Boutique,11800,https://www.youtube.com/watch?v=tvBofFso97k
(380MB)Download Pokemon Monster Park For Android Devices | with Gameplay proof + Download Link,251,2019_06_27,13,2,Gaming Guru,1250,https://www.youtube.com/watch?v=VluOaSL77rI
Park Of Monster Game • Monster Home Disovery Part 1 ☆☆☆,"4,600",2019_06_28,17,1,Toasted Gamer Boutique,11800,https://www.youtube.com/watch?v=5t0jOwTYOo4
Park Of Monster Game • Stage 11 ☆☆☆,172,2019_06_28,2,0,Toasted Gamer Boutique,11800,https://www.youtube.com/watch?v=SRUDqWPsYtU
Park Of Monster Game • Stage 9 Primary • Challenge 2 ☆☆☆,"1,102",2019_06_28,13,0,Toasted Gamer Boutique,11800,https://www.youtube.com/watch?v=Sxq5T21vRvQ
Park Of Monster Game • Stage 5 • Challenge 1 Advanced 3rd Win ☆☆☆,111,2019_06_28,1,0,Toasted Gamer Boutique,11800,https://www.youtube.com/watch?v=I8Qw2hJuUkc
Park Of Monster Game • Stage 7 ☆☆☆,94,2019_06_28,3,0,Toasted Gamer Boutique,11800,https://www.youtube.com/watch?v=Ecadfzt-BK8
Park Of Monster Game • Stage 6 ☆☆☆,105,2019_06_28,1,0,Toasted Gamer Boutique,11800,https://www.youtube.com/watch?v=bQRc8bxf9lE
Park Of Monster Game • Stage 5 • Challenge 1 Intermediate 2nd Win ☆☆☆,152,2019_06_28,3,0,Toasted Gamer Boutique,11800,https://www.youtube.com/watch?v=UXv4ihqr47E
Park Of Monster Game • Stage 8 ☆☆☆,112,2019_06_28,2,0,Toasted Gamer Boutique,11800,https://www.youtube.com/watch?v=9pef1zVbiCs
Park Of Monster Game • Stage 10 ☆☆☆,166,2019_06_28,1,0,Toasted Gamer Boutique,11800,https://www.youtube.com/watch?v=rxhjR_dFab8
Park of Monster Part 2 - Stage 7 to 10 - Tutorial Gameplay,170,2019_06_30,4,1,Iczel Gaming,11600,https://www.youtube.com/watch?v=acydZGumtj0
Park of Monster Part 3 - Upgrading The Camp,133,2019_06_30,4,1,Iczel Gaming,11600,https://www.youtube.com/watch?v=KQolVeuzhEc
Park of Monster Part 6 Stage 14 and 15,58,2019_07_01,1,0,Iczel Gaming,11600,https://www.youtube.com/watch?v=NwN2ln0Jvf4
Park of Monster Part 4 - Stage 11 to 13 - Tutorial Gameplay,115,2019_07_01,2,0,Iczel Gaming,11600,https://www.youtube.com/watch?v=GMazq7SloPM
Park of Monster Part 5 - My 25 Monster Power Camp,125,2019_07_01,6,1,Iczel Gaming,11600,https://www.youtube.com/watch?v=Ur4DW83owFA
Park of Monster Part 8 - Stage 17 and 18 (Merge Dragons Clone),47,2019_07_02,0,0,Iczel Gaming,11600,https://www.youtube.com/watch?v=7HRaAykO5tQ
Park of Monster Part 7 - Challenge 5 and 16,74,2019_07_02,2,0,Iczel Gaming,11600,https://www.youtube.com/watch?v=88xFv-N2Tu4
Park Of Monster Game • Stage 12 ☆☆☆,290,2019_07_02,3,1,Toasted Gamer Boutique,11800,https://www.youtube.com/watch?v=yp2jhEH31XU
New Merge Dragon? Park of Monster Part 9 - Stage 19 - Trick to Farming Gold Coins Early,124,2019_07_02,1,0,Iczel Gaming,11600,https://www.youtube.com/watch?v=6EAgQTtkyrE
Park Of Monster Game • Stage 13 ☆☆☆,126,2019_07_03,1,0,Toasted Gamer Boutique,11800,https://www.youtube.com/watch?v=-dad4DuS7AY
Park Of Monster Game • Stage 14 ☆☆☆,126,2019_07_03,1,0,Toasted Gamer Boutique,11800,https://www.youtube.com/watch?v=vv1qiPF2ydk
Park of Monster (Merge Dragons Clone) - Stage 20 to 23,188,2019_07_04,3,0,Iczel Gaming,11600,https://www.youtube.com/watch?v=5hZCabqeoDE
Park of Monster (Merge Dragon Clone) - Challege Stage 22 Advanced Intermediate Primary,"1,087",2019_07_04,3,3,Iczel Gaming,11600,https://www.youtube.com/watch?v=JOlN5ZMGqjY
Park Of Monster Game • Stage 15 ☆☆☆,215,2019_07_08,5,0,Toasted Gamer Boutique,11800,https://www.youtube.com/watch?v=ZG0h7AN_TMA
Park Of Monster Game • Stage 17 ☆☆☆,94,2019_07_09,1,0,Toasted Gamer Boutique,11800,https://www.youtube.com/watch?v=1VzNK4QQV0E
Park Of Monster Game • Stage 16 ○ Primary • 3rd Challenge ☆☆☆,402,2019_07_09,5,1,Toasted Gamer Boutique,11800,https://www.youtube.com/watch?v=B320i-zoOFU
Park Of Monster Game • Stage 18 ☆☆☆,94,2019_07_09,1,0,Toasted Gamer Boutique,11800,https://www.youtube.com/watch?v=kDVFX7CgGjc
Park of Monster Part Stage 24 to 27,211,2019_07_09,3,0,Iczel Gaming,11600,https://www.youtube.com/watch?v=AfN9UKbjbiQ
Park Of Monster - Game Nuôi Thú Phục Hồi Nhân Phẩm Lúc Rảnh,"17,534",2019_07_10,292,7,Hama Gaming,79300,https://www.youtube.com/watch?v=9PFGm7645yc
Park Of Monster Game • Stage 19 ☆☆☆,93,2019_07_10,2,0,Toasted Gamer Boutique,11800,https://www.youtube.com/watch?v=E0BtIMHjARg
Park Of Monster Game • Stage 24 ☆☆☆,"1,090",2019_07_10,11,0,Toasted Gamer Boutique,11800,https://www.youtube.com/watch?v=Gj8djTt4y0g
Park Of Monster Game • Stage 23 ☆☆☆,141,2019_07_10,2,0,Toasted Gamer Boutique,11800,https://www.youtube.com/watch?v=ATV1eox59nw
Park Of Monster Game • Stage 22 ○ Primary Win • 4th Challenge ☆☆☆,418,2019_07_10,1,3,Toasted Gamer Boutique,11800,https://www.youtube.com/watch?v=HtzLIgWwZ98
Park Of Monster Game • Stage 21 ☆☆☆,185,2019_07_10,4,0,Toasted Gamer Boutique,11800,https://www.youtube.com/watch?v=D46QDphlPPY
Park Of Monster Game • Monster Home Disovery Part 2 ☆☆☆,"1,111",2019_07_10,5,1,Toasted Gamer Boutique,11800,https://www.youtube.com/watch?v=DyqQUq5Bmnc
Park Of Monster Game • Stage 20 ☆☆☆,127,2019_07_10,1,0,Toasted Gamer Boutique,11800,https://www.youtube.com/watch?v=KTcUe8Dfc98
Park of Monster Summer Party Challenge Stage 1,172,2019_07_11,1,0,Iczel Gaming,11600,https://www.youtube.com/watch?v=JWQZzqWD-04
Park of Monster Summer Party Challenge Stage 2,145,2019_07_11,4,0,Iczel Gaming,11600,https://www.youtube.com/watch?v=jd0essk8iJc
Park Of Monster Stage 27 ☆☆☆,167,2019_07_11,1,0,Toasted Gamer Boutique,11800,https://www.youtube.com/watch?v=L1cmxyjzMR4
Park Of Monster Stage 26 ○ Primary Win • 5th Challenge ☆☆☆,166,2019_07_11,1,0,Toasted Gamer Boutique,11800,https://www.youtube.com/watch?v=tEspNTAn4ik
Park Of Monster Stage 25 ☆☆☆,138,2019_07_11,3,0,Toasted Gamer Boutique,11800,https://www.youtube.com/watch?v=i_tFXuUO-2E
Park of Monster - Challenge Stage 26 Advanced 55 Secs Gameplay,507,2019_07_11,4,0,Iczel Gaming,11600,https://www.youtube.com/watch?v=TgyNuuD5UnI
Park Of Monster • Summer Party Event Stage 1 Of 10 ☆☆☆,486,2019_07_12,6,2,Toasted Gamer Boutique,11800,https://www.youtube.com/watch?v=7i7XFKrQh5A
Park of Monster (Merge Dragons Clone) - Stage 28 to 30,167,2019_07_12,2,0,Iczel Gaming,11600,https://www.youtube.com/watch?v=iDNbNp9K7vY
Park of Monster (Merge Dragons Clone) - Stage 32 to 34,75,2019_07_13,1,0,Iczel Gaming,11600,https://www.youtube.com/watch?v=OxqNRoKHcY4
Park of Monster Summer Party Challenge Stage 10,98,2019_07_14,3,0,Iczel Gaming,11600,https://www.youtube.com/watch?v=lSUl8OGqHQQ
Park of Monster Summer Party Challenge Stage 5,59,2019_07_14,2,0,Iczel Gaming,11600,https://www.youtube.com/watch?v=byrC-N2a3mI
Park of Monster Summer Party Challenge Stage 7,13,2019_07_14,0,0,Iczel Gaming,11600,https://www.youtube.com/watch?v=MyNRxK_Z1W4
Park Of Monster - Sự Kiện Hè và Cách Nhận Quái Vật Khủng,"10,078",2019_07_14,106,7,Hama Gaming,79300,https://www.youtube.com/watch?v=9dECuoDghWA
Park of Monster Summer Party Challenge Stage 9,174,2019_07_14,0,0,Iczel Gaming,11600,https://www.youtube.com/watch?v=Ni0JY87LeCA
Park of Monster Summer Party Challenge Stage 3,44,2019_07_14,2,0,Iczel Gaming,11600,https://www.youtube.com/watch?v=5dhVWowf_cU
Park Of Monster Stage 29 ☆☆☆,150,2019_07_15,2,0,Toasted Gamer Boutique,11800,https://www.youtube.com/watch?v=qkr1aV-djfo
Park Of Monster Stage 28 ☆☆☆,513,2019_07_15,6,0,Toasted Gamer Boutique,11800,https://www.youtube.com/watch?v=wbXVAQ2qk1I
Park Of Monster Game • Monster Home Disovery Part 3 ☆☆☆,484,2019_07_15,4,0,Toasted Gamer Boutique,11800,https://www.youtube.com/watch?v=BJYkCXMQCU8
Park Of Monster Stage 30 ☆☆☆,"1,152",2019_07_16,11,0,Toasted Gamer Boutique,11800,https://www.youtube.com/watch?v=WGEnjtc6MsQ
Park Of Monster Stage 31 ○ Primary Win • 6th Challenge ☆☆☆,437,2019_07_16,4,1,Toasted Gamer Boutique,11800,https://www.youtube.com/watch?v=k4txFINuqo4
Park Of Monster Game • Monster Home Disovery Part 4 ☆☆☆,457,2019_07_16,4,0,Toasted Gamer Boutique,11800,https://www.youtube.com/watch?v=H-6PSs_-Z4Y
Park Of Monster Stage 32 ☆☆☆,160,2019_07_17,2,0,Toasted Gamer Boutique,11800,https://www.youtube.com/watch?v=626XG34ItHE
Park Of Monster Game • Monster Home Disovery Part 5 • Level 15 ☆☆☆,305,2019_07_17,2,1,Toasted Gamer Boutique,11800,https://www.youtube.com/watch?v=jQGneNJ0F4I
Park Of Monster Stage 34 ☆☆☆,170,2019_07_17,1,0,Toasted Gamer Boutique,11800,https://www.youtube.com/watch?v=2EgalhHu0Jw
Park Of Monster Stage 33 ☆☆☆,343,2019_07_17,2,0,Toasted Gamer Boutique,11800,https://www.youtube.com/watch?v=I9HBfX-NZro
Park of Monster - Challenge Stage 31 - Primary and Intermediate,638,2019_07_17,4,2,Iczel Gaming,11600,https://www.youtube.com/watch?v=Mwcu0eMAyVg
Park of Monster (Merge Dragons Clone) - Stage 35 to 38,74,2019_07_21,1,1,Iczel Gaming,11600,https://www.youtube.com/watch?v=eOLkbTkMXy8
Park Of Monster Stage 39 ☆☆☆,101,2019_07_23,1,0,Toasted Gamer Boutique,11800,https://www.youtube.com/watch?v=MBwPqSyVP40
Park Of Monster Stage 35 ☆☆☆,158,2019_07_23,2,0,Toasted Gamer Boutique,11800,https://www.youtube.com/watch?v=hcO0Y1uF5eE
Park Of Monster Stage 36 ○ Primary Win • 7th Challenge ☆☆☆,337,2019_07_23,4,0,Toasted Gamer Boutique,11800,https://www.youtube.com/watch?v=EDZfXxfwv8w
Park Of Monster Stage 40 ☆☆☆,135,2019_07_23,1,0,Toasted Gamer Boutique,11800,https://www.youtube.com/watch?v=OreCgpcN9lo
Park Of Monster Stage 38 ☆☆☆,115,2019_07_23,1,0,Toasted Gamer Boutique,11800,https://www.youtube.com/watch?v=Ttr5Hzt03p4
Park Of Monster Stage 41 ☆☆☆,"1,919",2019_07_23,19,1,Toasted Gamer Boutique,11800,https://www.youtube.com/watch?v=VwUIeWUVWp8
Park Of Monster Stage 42 ☆☆☆,475,2019_07_23,6,0,Toasted Gamer Boutique,11800,https://www.youtube.com/watch?v=cBr_u4ClCII
Park Of Monster Game • Monster Home Disovery Part 6 ☆☆☆,550,2019_07_23,4,0,Toasted Gamer Boutique,11800,https://www.youtube.com/watch?v=MDi1yELfyc4
Park Of Monster Stage 37 ☆☆☆,110,2019_07_23,3,0,Toasted Gamer Boutique,11800,https://www.youtube.com/watch?v=0SwaZrx8D5Q
Park Of Monster Stage 44 ○ Primary Win • 8th Challenge ☆☆☆,728,2019_07_24,11,0,Toasted Gamer Boutique,11800,https://www.youtube.com/watch?v=87wJ-T6Q3Fg
Park Of Monster Stage 43 ☆☆☆,208,2019_07_24,2,0,Toasted Gamer Boutique,11800,https://www.youtube.com/watch?v=5L6Hry2Wlus
Park Of Monster Stage 45 ☆☆☆,340,2019_07_30,5,0,Toasted Gamer Boutique,11800,https://www.youtube.com/watch?v=cuto27RMcbo
Park Of Monster Stage 46 ☆☆☆,357,2019_07_30,6,0,Toasted Gamer Boutique,11800,https://www.youtube.com/watch?v=ES2Y2yDxsis
Park Of Monster Stage 47 ☆☆☆,185,2019_07_31,5,0,Toasted Gamer Boutique,11800,https://www.youtube.com/watch?v=2T5Dr9LZfqU
Park Of Monster Stage 48 ☆☆☆,191,2019_07_31,3,0,Toasted Gamer Boutique,11800,https://www.youtube.com/watch?v=vCzSrUD9FCM
Park Of Monster Cool Summer Event First 30 Minutes ☆☆☆,513,2019_08_02,10,0,Toasted Gamer Boutique,11800,https://www.youtube.com/watch?v=nZl-ZLOUVkM
Breeding Farm Part 1 From Amity Park to Monsters,"33,524",2019_08_05,527,30,Purity Sin,82400,https://www.youtube.com/watch?v=kUkbilBHDYw
trainer canyon (monster park) gameplay,82,2019_08_05,3,0,S m Ibrahim,5,https://www.youtube.com/watch?v=_KDe_aFqdtQ
Park Of Monster Cool Summer Event • Last 42 Minutes ☆☆☆,476,2019_08_05,13,0,Toasted Gamer Boutique,11800,https://www.youtube.com/watch?v=Geoj4yv32Tk
Park Of Monster Stage 49 ☆☆☆,183,2019_08_06,3,1,Toasted Gamer Boutique,11800,https://www.youtube.com/watch?v=3Ku4PCF4Qwc
Park Of Monster Stage 51 ☆☆☆,527,2019_08_06,6,0,Toasted Gamer Boutique,11800,https://www.youtube.com/watch?v=yRXv9D1yprk
Park Of Monster Stage 50 ☆☆☆,"1,484",2019_08_06,7,0,Toasted Gamer Boutique,11800,https://www.youtube.com/watch?v=AMyUCpc1Uro
Park Of Monster Stage 52 ☆☆☆,387,2019_08_07,5,0,Toasted Gamer Boutique,11800,https://www.youtube.com/watch?v=reqFXAGAMv0
Park Of Monster Stage 53 ☆☆☆,443,2019_08_07,2,0,Toasted Gamer Boutique,11800,https://www.youtube.com/watch?v=MpKYegB3NyY
Park Of Monster Merge Monster Egg Event TEASER ☆☆☆,273,2019_08_07,5,0,Toasted Gamer Boutique,11800,https://www.youtube.com/watch?v=6jlj4p0NtLg
Fury Monster Truck Parking Mania - 4x4 Monster Car Park Games - Android Gameplay Video #2,"1,851",2019_08_07,14,4,O Game Channel,873000,https://www.youtube.com/watch?v=s8pJK21euGg
3D Monster Truck Parking Game // 3D Canavar Kamyon Park Oyunu Truck Parking Simulator Game GamePlay,500,2019_08_07,7,1,Color Oyun Games,0,https://www.youtube.com/watch?v=NP8Hq2ohaZM
Park Of Monster #Android,1,2019_08_09,1,0,Habib Jackson,3880,https://www.youtube.com/watch?v=XDjlxP5fMYE
Park Of Monster Merge Monster Eggs Event • First 30 Minutes ☆☆☆,"1,422",2019_08_09,9,1,Toasted Gamer Boutique,11800,https://www.youtube.com/watch?v=orIxGxuzcxU
Park Of Monster Merge Monster Eggs Event • Saturday Morning Live#2 ☆☆☆,272,2019_08_10,7,0,Toasted Gamer Boutique,11800,https://www.youtube.com/watch?v=DDT40cvPjRk
Park Of Monster Merge Monster Egg Event Last 30 Minutes ☆☆☆,493,2019_08_12,3,0,Toasted Gamer Boutique,11800,https://www.youtube.com/watch?v=iUw70Fx6jc4
How to Merge in Park of Monster?,"3,154",2019_08_18,2,0,Park of Monster Game,431,https://www.youtube.com/watch?v=AjB9BNvH4Kk
how to download monster park on android,316,2019_08_23,11,7,RIO YT Channel,0,https://www.youtube.com/watch?v=A7Lg8LCsma8
Park of Monster casual play,506,2019_08_26,1,0,Mobelle Gaming,17,https://www.youtube.com/watch?v=DPgrNpZI_WM
How to Play Park of Monster on Pc with Memu Android Emulator,162,2019_08_29,0,0,Johan Fayt,6870,https://www.youtube.com/watch?v=IGrdFppVvaA
Amazing Game - Park of Monster,"354,252",2019_09_02,1,1,Park of Monster Game,431,https://www.youtube.com/watch?v=ftbx3mYDAzA
Park of Monster Level 172,54,2019_09_05,1,0,Jennifer Duchemin,0,https://www.youtube.com/watch?v=TeX_vGnVKgY
"Công Viên Sinh Vật Lạ - Park Of Monster - Top Game Hay Mobiles, Android, Ios","21,377",2019_09_09,216,11,Thành EJ,457000,https://www.youtube.com/watch?v=sjBPszefMUY
Monster Park Hidden On Playstore,31,2019_09_11,12,0,Gaming With Azhar,143,https://www.youtube.com/watch?v=csn0kVdlfvc
Park of Monster - Time Management Game,369,2019_09_11,0,0,Park of Monster Game,431,https://www.youtube.com/watch?v=n6W7HhMtb9E
Hey monster park fighting in gym and win with absol,87,2019_09_12,9,0,bhilogka adda,11,https://www.youtube.com/watch?v=t27PMeOUKms
How to download hey monster park,143,2019_09_13,4,1,bhilogka adda,11,https://www.youtube.com/watch?v=q9A4cCGMybU
Park of Monster,3,2019_09_22,0,0,Catherine zhao,0,https://www.youtube.com/watch?v=h9wyweyUo6Q
Park of Monster,2,2019_09_22,0,0,Catherine zhao,0,https://www.youtube.com/watch?v=S20hB-k0OsM
Park of Monster,1,2019_09_22,0,0,Catherine zhao,0,https://www.youtube.com/watch?v=UA82d8UITT0
MET Monsters GAC vs Severna Park game 2,31,2019_09_22,0,0,MET Monsters,128,https://www.youtube.com/watch?v=Ro91A28yxmA
Park of Monster,1,2019_09_22,0,0,Catherine zhao,0,https://www.youtube.com/watch?v=2RLA91helyM
Park of Monster,2,2019_09_22,0,0,Catherine zhao,0,https://www.youtube.com/watch?v=Omj0ydQ_nr4
FIRST PARK GAME MONSTER WINS!!!,13,2019_09_24,3,0,MonsterGames,17,https://www.youtube.com/watch?v=SeYO4nxHD_o
Park of Monster Event Merging eggs Part 1,9,2019_09_27,1,0,Mobelle Gaming,17,https://www.youtube.com/watch?v=7NbYrB7v9yU
How to download hey monster/monster park,179,2019_09_27,2,3,foo goo,4,https://www.youtube.com/watch?v=CwWm9ARQqq4
Park of Monster (iOS/Android) Simulation Gameplay,19,2019_09_30,0,0,FGGamesReview,8,https://www.youtube.com/watch?v=T4MmOyQZe5c
Park of Monster Event Part 2,10,2019_09_30,0,0,Mobelle Gaming,17,https://www.youtube.com/watch?v=NKWf6ir27FY
Park of Monster Event Merging Eggs Part 3,6,2019_09_30,0,0,Mobelle Gaming,17,https://www.youtube.com/watch?v=tYSdnG9_aJ0
JAMMIES and Lava Monster Game at park,24,2019_10_01,4,0,Liam & Kids,275,https://www.youtube.com/watch?v=R0bJs0jkF9I
Park of monster,13,2019_10_09,0,0,Test Game Cool,135,https://www.youtube.com/watch?v=CUs5XzbtGgw
park of monster stage(Level) 162,729,2019_10_10,4,1,-sjoii-妙聆音,135,https://www.youtube.com/watch?v=jvmWQCVoi1c
Park of monster _ tree Rainforest,88,2019_10_10,0,0,Test Game Cool,135,https://www.youtube.com/watch?v=mhdouSam9P8
park of monster stage(Level) 153-Lv.2+Lv.4,107,2019_10_11,2,0,-sjoii-妙聆音,135,https://www.youtube.com/watch?v=SA_QHTpbky4
Park of Monster Event October 2019 Part 1,43,2019_10_11,0,1,Mobelle Gaming,17,https://www.youtube.com/watch?v=C_7g7KxEMmg
park of monster stage(Level) 153-Lv.3+Lv.3,52,2019_10_11,0,0,-sjoii-妙聆音,135,https://www.youtube.com/watch?v=04rU1JEd6Ig
Park of Monster Hack - Hướng dẫn Hack Crystals Park of Monster 2019,"4,408",2019_10_12,20,8,dudumuleky,18,https://www.youtube.com/watch?v=l5RWrFyBVnM
Park of Monster : up level pet,14,2019_10_15,0,0,Test Game Cool,135,https://www.youtube.com/watch?v=tl7ZVrSM92Q
How to download Pokemon monster park apk in hindi,94,2019_10_17,3,2,Graphic & Games,32,https://www.youtube.com/watch?v=jt1i84m1LW8
Park of Monster auto attack android Nox player,35,2019_10_17,0,0,Test Game Cool,135,https://www.youtube.com/watch?v=eS4-bmPw57E
Two Rivers Park Monster Caught on Game Camera,716,2019_10_17,11,0,Pulaski County,6,https://www.youtube.com/watch?v=IfhQhbUozKs
Park of Monster : Gift of Ancient God Event p2,88,2019_10_21,1,1,Test Game Cool,135,https://www.youtube.com/watch?v=0hMgRZ4Nb5E
Park of Monster : stage 54,100,2019_10_22,0,0,Test Game Cool,135,https://www.youtube.com/watch?v=ISx5EqM1T9k
LAVA MONSTER at a PARK!,"1,074,055",2019_10_27,7600,828,Just 4 Girls,365000,https://www.youtube.com/watch?v=rN6n209QfJw
Park of monster,22,2019_10_30,1,0,Test Game Cool,135,https://www.youtube.com/watch?v=jsqzQ0lJK5E
Park of monster: halloween event,393,2019_11_01,2,1,Test Game Cool,135,https://www.youtube.com/watch?v=pfJRu1wY9sA
"Hidden pokémon games from iphone, how to download monster park in iphone😉",117,2019_11_02,3,0,Asuza Tech,10,https://www.youtube.com/watch?v=NgQQvDG0dnA
Ice Road Truck Driver Real Monster Truck Car Park Racing Game - Gameplay #1 (iOS/Android),5,2019_11_02,0,0,PLAY ARCADE,18,https://www.youtube.com/watch?v=vm0x_9AIcPI
park of monster:tree,28,2019_11_02,0,0,Test Game Cool,135,https://www.youtube.com/watch?v=7veEaLhpVE0
Park of Monster Event Complete!!,13,2019_11_03,0,0,Mobelle Gaming,17,https://www.youtube.com/watch?v=gi3dQq1OPa4
Park of Monster - Free Puzzle Game,"3,242",2019_11_07,1,0,Park of Monster Game,431,https://www.youtube.com/watch?v=oJ3PhYgEh1Q
Park of Monster - Free Puzzle Game,"20,226",2019_11_07,0,2,Park of Monster Game,431,https://www.youtube.com/watch?v=gOifYN9Eq4g
park of monster :,42,2019_11_07,1,0,Test Game Cool,135,https://www.youtube.com/watch?v=z039gr1pzVw
Park of Monster - Free Puzzle Game,16,2019_11_10,0,0,Park of Monster Game,431,https://www.youtube.com/watch?v=j0RJHoNWew4
Park of Monster - Free Puzzle Game,"10,412",2019_11_10,0,0,Park of Monster Game,431,https://www.youtube.com/watch?v=fx76ZKBZ6g0
Park of Monster - Free Puzzle Game,126,2019_11_10,0,0,Park of Monster Game,431,https://www.youtube.com/watch?v=cEhI4AxZwEo
Park of Monster - Free Puzzle Game,686,2019_11_10,0,0,Park of Monster Game,431,https://www.youtube.com/watch?v=xix39syP8to
Park of Monster - Free Puzzle Game,"1,575,304",2019_11_10,0,0,Park of Monster Game,431,https://www.youtube.com/watch?v=rrQA2SPNUSg
Park of Monster - Free Puzzle Game,763,2019_11_10,1,0,Park of Monster Game,431,https://www.youtube.com/watch?v=a1bGULYRZjQ
Park of Monster - Free Puzzle Game,"1,766",2019_11_10,0,0,Park of Monster Game,431,https://www.youtube.com/watch?v=DagI_uYXzGw
Park of Monster - Free Puzzle Game,"1,371",2019_11_10,0,0,Park of Monster Game,431,https://www.youtube.com/watch?v=xFphK8dq2u4
Park of Monster - Free Puzzle Game,"2,377",2019_11_10,0,0,Park of Monster Game,431,https://www.youtube.com/watch?v=ZynKVIevORc
Park of Monster - Free Puzzle Game,142,2019_11_10,0,0,Park of Monster Game,431,https://www.youtube.com/watch?v=iYb9kB_495U
Park of Monster - Free Puzzle Game,21,2019_11_10,1,0,Park of Monster Game,431,https://www.youtube.com/watch?v=KvKNY-2J2t8
Park of Monster - Free Puzzle Game,"4,190",2019_11_10,1,1,Park of Monster Game,431,https://www.youtube.com/watch?v=I_LB1ZolrwI
Park of Monster - Free Puzzle Game,"4,043",2019_11_10,1,0,Park of Monster Game,431,https://www.youtube.com/watch?v=7qfVJP6t4Iw
Park of Monster - Free Puzzle Game,"32,634",2019_11_10,0,0,Park of Monster Game,431,https://www.youtube.com/watch?v=2N5RgGUkLZk
Park of Monster - Free Puzzle Game,100,2019_11_10,0,0,Park of Monster Game,431,https://www.youtube.com/watch?v=WphNqCgBuGY
Park of Monster - Free Puzzle Game,15,2019_11_10,0,0,Park of Monster Game,431,https://www.youtube.com/watch?v=31gMdfGTi4g
Park of Monster - Free Puzzle Game,"1,681",2019_11_10,0,0,Park of Monster Game,431,https://www.youtube.com/watch?v=lQVFPU6jZsg
Park of Monster - Free Puzzle Game,"1,178",2019_11_10,0,0,Park of Monster Game,431,https://www.youtube.com/watch?v=0bGaYF2CmKQ
Park of Monster - Free Puzzle Game,921,2019_11_10,0,0,Park of Monster Game,431,https://www.youtube.com/watch?v=6vHCkNsXZa4
Park of Monster - Free Puzzle Game,17,2019_11_10,0,0,Park of Monster Game,431,https://www.youtube.com/watch?v=GzhGRSotmMY
Park of Monster - Free Puzzle Game,26,2019_11_10,0,0,Park of Monster Game,431,https://www.youtube.com/watch?v=AuGdP4TTbXE
Park of Monster - Free Puzzle Game,19,2019_11_10,0,0,Park of Monster Game,431,https://www.youtube.com/watch?v=lNXxBgPY35c
Park of Monster - Free Puzzle Game,223,2019_11_11,0,0,Park of Monster Game,431,https://www.youtube.com/watch?v=PmqF1PdjXM4
Ghostbusters: The Video Game - Ghost Scans: Central Park Cemetery - Grave Monster,6,2019_11_15,0,0,Outer Heaven Guides,301,https://www.youtube.com/watch?v=8OaR3v6Hs3k
Ghostbusters: The Video Game - Ghost Scans: Central Park Cemetery - Keyhead Monster,4,2019_11_15,0,0,Outer Heaven Guides,301,https://www.youtube.com/watch?v=Nq4WL5eK2PQ
"Park of Monster HACK 99,999 Crystals 😨 Get Free Crystals (Android/iOS) 🔵 Never Patched",21,2019_11_15,0,0,debil dea,0,https://www.youtube.com/watch?v=IfpyC_vVjT0
Park of Monster Hack Online 1M Crystals ✔️ Free Park of Monster Crystals (Android and iOS) 🔑 New Way,16,2019_11_17,0,0,Fritz trottl,0,https://www.youtube.com/watch?v=yr0KIRDZIc0
Park of Monster - Merge Now,123,2019_11_17,0,0,Park of Monster Game,431,https://www.youtube.com/watch?v=vDtdE8vq1Ck
"Park of Monster - Puzzle Game, Merge Now!",43,2019_11_17,0,0,Park of Monster Game,431,https://www.youtube.com/watch?v=D5VqOH-2mu8
Park of Monster November Event Clean Up,6,2019_11_18,0,0,Mobelle Gaming,17,https://www.youtube.com/watch?v=XchFxJ_KNAY
Park of Monster - Free Puzzle Game,53,2019_11_19,0,0,Park of Monster Game,431,https://www.youtube.com/watch?v=jSaf4MDCQcA
Park of Monster - Free Puzzle Game,33,2019_11_20,1,0,Park of Monster Game,431,https://www.youtube.com/watch?v=Gi8l65EM5BY
Park of Monster - Free Puzzle Game,26,2019_11_20,0,0,Park of Monster Game,431,https://www.youtube.com/watch?v=IBZsQViUGtU
Park of Monster - Free Puzzle Game,65,2019_11_20,1,0,Park of Monster Game,431,https://www.youtube.com/watch?v=uufss4p-d7Q
Park of Monster - Free Puzzle Game,80,2019_11_20,0,0,Park of Monster Game,431,https://www.youtube.com/watch?v=uBJn2jrCqjk
Park of Monster - Free Puzzle Game,52,2019_11_20,0,0,Park of Monster Game,431,https://www.youtube.com/watch?v=FpnqGPNN1pk
Park of Monster - Free Puzzle Game,34,2019_11_20,0,0,Park of Monster Game,431,https://www.youtube.com/watch?v=rO1oM9F0hKA
Park of Monster - Free Puzzle Game,84,2019_11_20,1,0,Park of Monster Game,431,https://www.youtube.com/watch?v=wRHLppljI1w
Park of Monster - Free Puzzle Game,44,2019_11_20,0,0,Park of Monster Game,431,https://www.youtube.com/watch?v=obJgkaYkuYc
Park of Monster - Free Puzzle Game,20,2019_11_20,0,0,Park of Monster Game,431,https://www.youtube.com/watch?v=Cxcs8yDsd4Y
Trainer canyon/Monster park its a nice game!|Pro gamer 313,46,2019_11_23,2,1,Pro gamer 313,10,https://www.youtube.com/watch?v=8KSpMCNhA3M
💚 Park of Monster Hack and Cheat Crystals 🟢 Unlimited Park of Monster Crystals No Jailbreak/Root,81,2019_11_23,0,1,Medellin Michal,0,https://www.youtube.com/watch?v=V-oEmdbQiuQ
park of monster(파크오브몬스터)공격 꿀팁,142,2019_11_25,1,0,춘자tv,1,https://www.youtube.com/watch?v=EHpBI-Ej0_c
park of monster:,19,2019_11_30,2,0,Test Game Cool,135,https://www.youtube.com/watch?v=ecaeKK9GrUE
Park of Monster Hack Unlimited Crystals Generator - Park of Monster Mod Apk (100% WORKS with Proof),106,2019_12_01,3,0,danielsen nisan,3,https://www.youtube.com/watch?v=ghSYDEN-5VY
Monster park,5,2019_12_08,0,3,P.Murugan P,0,https://www.youtube.com/watch?v=430DCmi7M8Q
Park of Monster Hack Get Unlimited Crystals/ 😍 Park of Monster cheats ♠️ [MIỄN PHÍ],1,2019_12_08,0,0,Cole Simmons,0,https://www.youtube.com/watch?v=Ta_QDe8yJ-4
"SUPER NOVA goes to the park! The MONSTER game, Running at high speed! and PICNIC!",60,2019_12_10,15,0,Super Nova,34,https://www.youtube.com/watch?v=-1C40B29nqo
