﻿title,count,date,good_count,bad_count,youtuber,subscriber,url
"리니지2 진검 카인서버 오렌성 상아탑 분화구 솔로잉 , 리니지2 m ,리니지2 모바일, 비트코인, 한게임, 넷마블 , ASMR",10,2019_03_04,0,0,쏠카tv,0,https://www.youtube.com/watch?v=yJ8vln9m4HU
"리니지2 진검 카인서버 실시간 3월7일 , 리니지2 m ,리니지2 모바일, 비트코인, 한게임, 넷마블 , ASMR",2,2019_03_07,0,0,쏠카tv,0,https://www.youtube.com/watch?v=pIQXp1dRw-s
"리니지2 진검 대각선 제조 (대화내용공개) 실시간 lineage2,เชื้อสาย 2,リネージュ2",159,2019_03_24,5,0,쏠카tv,0,https://www.youtube.com/watch?v=5entJdPF9gE
"리니지2 카인섭 대각선님 부활후 노매너플레이 속삭임 실시간 lineage2,เชื้อสาย 2,リネージュ2",186,2019_03_25,6,0,쏠카tv,0,https://www.youtube.com/watch?v=l5Nw6ZOoMVs
"리니지2 카인서버 진검 제조 척살 콜렉션 (혈기병,옹)",172,2019_04_03,7,0,쏠카tv,0,https://www.youtube.com/watch?v=yvnac_xlNVs
"리니지2 제조집단 척살 콜렉션 (스미스,꼬막,혈기병,이형)",80,2019_04_06,7,0,쏠카tv,0,https://www.youtube.com/watch?v=g0PKrI08c7U
'리니지2M' 11월 출격 유력...넥슨 'V4'도 출사표 / 머니투데이방송 (뉴스),"6,062",2019_07_12,13,2,MTN 머니투데이방송,180000,https://www.youtube.com/watch?v=-lVsFkIKEas
"엔씨소프트 주가 전망 '야호~'넥슨, 넷마블 '으악~' 리니지2M티저사이트 오픈 주식투자 주식강의 주식초보 게임주 경기방어주",397,2019_08_21,9,0,시그널스탁TV,8370,https://www.youtube.com/watch?v=H1gaiWcMzi0
리니지2 데스서버 고급마법램프 1등 나오다 경험치 12억 초대박!,"3,122",2019_08_27,12,3,데나,0,https://www.youtube.com/watch?v=lnh0vHGioEY
"리니지2M 11월말,12월초로 정식오픈 예상하는 이유![리니지M 이벤트비교!]",742,2019_09_16,5,1,윤쿵쿵TV,6400,https://www.youtube.com/watch?v=usq4-vgeZos
김택진 사장이 “다른 회사는 리니지2M 못 따라온다”라고 말한 이유,"19,253",2019_09_25,110,49,디스이즈게임,23100,https://www.youtube.com/watch?v=shsb9QbY1TA
[제이] 리니지2M 최초 서버공개(바츠 씹어 먹겠습니다),"11,199",2019_10_13,55,64,제이,29000,https://www.youtube.com/watch?v=fhqFZUlCVeg
[리니지2M]아이디 선점을 한다면 필독!!10/15 12시,111,2019_10_14,3,0,핀트,0,https://www.youtube.com/watch?v=FTPWEdR-zZw
[리니지2M] 12시 캐릭 사전생성 및 닉네임&서버 선점 / [일곱개의대죄] - The Seven Deadly Sins : 七つの大罪,515,2019_10_14,7,2,연강,2130,https://www.youtube.com/watch?v=-w-BzlWTyWA
리니지2m은 에리카04서버로 정했습니다. 사전예약 10월15일 12시,"1,129",2019_10_14,11,3,데나,0,https://www.youtube.com/watch?v=wlyWgXen0_A
[v4] 브이포 방송인 게임사에 팩트날리는 제이(리니지2M),"5,353",2019_11_07,128,19,제이,29000,https://www.youtube.com/watch?v=eJRXAmL8IbY
"리니지2M 사전예약, 사전캐릭터생성에서 혈맹 만들기까지! 혈맹명은 ??? 입니다. (TW SUB)","1,312",2019_11_09,39,0,콩만한정은이,3400,https://www.youtube.com/watch?v=Y5afME10dQU
"출시일 공개된 하반기 기대작 MMORPG 리니지2M, 빨리 해보고싶다!!",18,2019_11_12,0,0,열내리고,5,https://www.youtube.com/watch?v=O1FqDMPOZ2w
리니지2M 기다리며 빡치는 병맛게임 해보앗네요...하...,667,2019_11_12,16,0,게소리,695,https://www.youtube.com/watch?v=ga31sozIQVU
리니지2M 미니게임11월 12일 마지막 모두 지름(라이젠 3700x 원컴 방송),39,2019_11_12,0,0,형과같이 극,0,https://www.youtube.com/watch?v=qxFVOHvpeRI
리니지2M 대적할 게임이 없는 이유(2020년 모바일 게임 기대작 라인업 총공개),"9,571",2019_11_18,125,30,제이,29000,https://www.youtube.com/watch?v=8C7u45r5RvY
[제이] 리니지2M 인게임 플레이 최초공개! 화질이 4K 독보적!!,"28,085",2019_11_19,174,98,제이,29000,https://www.youtube.com/watch?v=w05oiEzOtgU
리니지2M 오픈 시간 확정~! 사전 다운로드 25일 12시(With 퍼플),20,2019_11_22,0,0,아이엠,0,https://www.youtube.com/watch?v=3VqRD10yPSA
"[리니지2m] 게임 전 알고 가야할 최종 정보 11가지 (마검자리체, 변신,인형 뽑기, 바츠해방전쟁, 레이드,정령탄 등등)","122,135",2019_11_22,295,136,쵸튜브[쵸피],0,https://www.youtube.com/watch?v=iJu_ut5kd88
리니지2M 미공개 영상! 무과금러가 과금러에게 덤비면 벌어지는 일ㅋㅋ NC MMORPG 모바일 게임 [휘재TV - Lineage2M],"66,811",2019_11_23,0,0,휘재TV,6220,https://www.youtube.com/watch?v=CO2wycvH6Bs
"[제이] 리니지2M 직업별 캐릭터 추천(무과금,소과금,핵과금) Lineage2M","22,385",2019_11_23,153,55,제이,29000,https://www.youtube.com/watch?v=zGJB9voDqZ0
리니지M 이실로테 1섭 육성 리니지2M 12시 사전다운로드 설치과정,49,2019_11_24,3,0,쏠카tv,0,https://www.youtube.com/watch?v=wIN7qGTTorE
리니지2M ● 오늘12시 다운로드 방법 (퍼플 안내) 가성비 과금_아덴팔아 분유사요 (용돈벌이) V4다운,226,2019_11_24,4,0,법무법인OO,30,https://www.youtube.com/watch?v=pNM3_lko810
[제이] 리니지2M 멀티 다계정 문제없다! 블루스택4 64bit 최적화 버전 출시(앱플레이어),"5,381",2019_11_25,54,13,제이,29000,https://www.youtube.com/watch?v=RpNBcdJGpRc
Lineage 2M Pre-download starts now.,42,2019_11_25,2,0,ติดเกม by Vam,20,https://www.youtube.com/watch?v=aICbicdeyJQ
[리니지2M] 필드 드랍템 총정리 70레벨까지! 최초는 제이지! Lineage2M,"11,268",2019_11_26,122,42,제이,29000,https://www.youtube.com/watch?v=FHuJU9vPiJQ
리니지2m 무과금 직업추천 TOP4 / 선택에 후회가 없으시길!,"91,289",2019_11_26,229,45,잼따,3020,https://www.youtube.com/watch?v=WWMYnzoXvg4
Lineage 2 M - 리니지2M(19) - Gameplay,272,2019_11_26,15,0,Proloq,725,https://www.youtube.com/watch?v=udI86xeGGdU
[비달] 리니지2M,23,2019_11_26,4,0,비달,252,https://www.youtube.com/watch?v=AkePgZDpQPI
[제이] 리니지2M 스텟 총정리! 오브 캐릭터는 가산점이 있다! Lineage2M,"14,547",2019_11_26,62,33,제이,29000,https://www.youtube.com/watch?v=fcsiXo89H1M
[리니지2M] 과금유저 아님 12시 찍먹 맛보기,185,2019_11_26,1,0,경환몬TV,463,https://www.youtube.com/watch?v=228SAYaKYik
리니지2M PC 무과금 처음시작,16,2019_11_26,0,0,취미로 하는 던전생활,112,https://www.youtube.com/watch?v=v-P1OI5TpI8
브금뿜뿜 리니지2m 28사제 무과금으로 키우기 오필리아 09,4,2019_11_26,0,0,브금뿜뿜,0,https://www.youtube.com/watch?v=on0-_X1nC3I
[리니지2M] 악마의 게임 리니지2M 오픈! 변신뽑기 500만원 도전하겠습니다.- 11/26~11/27 생방송 풀버전,"172,356",2019_11_26,548,191,쵸튜브[쵸피],0,https://www.youtube.com/watch?v=MZXCUZcimY8
[리니지2M] 12시 오픈! 카인10 엘프 궁수 정보공유해요,11,2019_11_26,0,0,해랑*,0,https://www.youtube.com/watch?v=J3x7mL_YDuE
[리니지2M] 700만 유저를 속여버린 최고의 18력!! ㅋㅋ 모바일게임 리뷰 엉아 (Lineage2M),"40,986",2019_11_26,663,38,엉아 TV,15400,https://www.youtube.com/watch?v=8QHrpxErmfc
오늘밤 12시 리니지2m 하기전에 꼭보세요 클래스 무조건 이거하세요!!,"17,633",2019_11_26,36,40,창현리니지M,30700,https://www.youtube.com/watch?v=HH9IZIF8rPY
[제이] 리니지2M 오브 무한 힐 스텟 찍는방법! 무과금 최강 캐릭터!,"25,699",2019_11_26,156,51,제이,29000,https://www.youtube.com/watch?v=T7NEoWFO5K8
[리니지2M] 정말 몇년간 따라갈수 없겠네...ㅋㅋ,"230,606",2019_11_26,2300,176,갓존슨,20400,https://www.youtube.com/watch?v=P1EQ4F_SkhU
LINEAGE 2M(12) Gameplay Sword Human Lvl 24 - LINEAGE 2M(12) First Look Gameplay,87,2019_11_26,1,0,Sabo Mobile,8,https://www.youtube.com/watch?v=dY1f8OIByBA
윗머가리들 때문에 개발자만 죽어나네... [리니지2M],"510,215",2019_11_26,8000,422,지존조세,115000,https://www.youtube.com/watch?v=flDCKfFYwzw
리니지2m 솔직후기 남기겠습니다. (무과금 랭커찍다),"20,250",2019_11_26,93,15,무과금TV,15600,https://www.youtube.com/watch?v=Bs4YCskD5LI
[제이] 리니지2M 과금 패키지 추천해 드릴께요! 호구되지 마세요!,"6,009",2019_11_26,64,21,제이,29000,https://www.youtube.com/watch?v=vjymB0kE6vk
Lineage 2M : 19 (18+) Adult Version [60fps] First Impressions and Gameplay,69,2019_11_26,1,0,dailyTube,0,https://www.youtube.com/watch?v=iBUbMO4uPMk
Lineage 2M (19) - Grand Open | Android/IOS MMORPG Gameplay,"30,459",2019_11_26,462,39,Gaming Mobile,185000,https://www.youtube.com/watch?v=nscS1VyJ_3s
Lineage 2M Mobile Gameplay,20,2019_11_26,2,0,ติดเกม by Vam,20,https://www.youtube.com/watch?v=EufYX1ulYow
리니지2m : 42화,8,2019_11_26,1,0,BJ화렌세스,153,https://www.youtube.com/watch?v=ftDGb-IfBq0
리니지 2M(LINEAGE 2M) 지그하르트 01 서버 휴먼 나이트 #2 (대파2939),48,2019_11_27,1,0,대파2939,0,https://www.youtube.com/watch?v=XN1CYjJLhIA
리니지 2M(LINEAGE 2M) 지그하르트 01 서버 휴먼 나이트 #6 (대파2939),15,2019_11_27,1,0,대파2939,0,https://www.youtube.com/watch?v=EyswZ7ZVww8
"리니지2M 솔직한 리뷰, 리니지 시대의 종지부를 찍다!! NC MMORPG 모바일 게임 [휘재TV - Lineage2M]","170,397",2019_11_27,1200,126,휘재TV,6220,https://www.youtube.com/watch?v=OUaw_sfcO40
리니지2m 12시에 오픈한 진짜이유...,"12,715",2019_11_27,34,14,창현리니지M,30700,https://www.youtube.com/watch?v=EbNURFTwMaI
리니지 2M(LINEAGE 2M) 지그하르트 01 서버 휴먼 나이트 #3 (대파2939),24,2019_11_27,1,0,대파2939,0,https://www.youtube.com/watch?v=b3Le43NnzUs
리니지 2M(LINEAGE 2M) 지그하르트 01 서버 휴먼 나이트 #4 (대파2939),60,2019_11_27,1,0,대파2939,0,https://www.youtube.com/watch?v=mD2SLNxGt6A
Lineage 2M (12) Android/iOS Gameplay,156,2019_11_27,3,0,GameScott,22100,https://www.youtube.com/watch?v=d0XTmDEExYQ
리니지 2M(LINEAGE 2M) 지그하르트 01 서버 휴먼 나이트 #5 (대파2939),81,2019_11_27,1,0,대파2939,0,https://www.youtube.com/watch?v=h2zi-BlsVvE
알면 유용한 36가지 꿀팁 【진만❘리니지2M】,337,2019_11_28,0,0,진만,0,https://www.youtube.com/watch?v=jkFxKgjtcvo
[리니지2M] 아이린04서버 스피릿터입니다. 서버점검끝!!,39,2019_11_28,1,0,스피릿터,83,https://www.youtube.com/watch?v=bBzbv-AOT5o
리니지2M 무과금 8가지 나노 팁,"2,616",2019_11_28,16,4,쑤쯔 SSOOZZ,338,https://www.youtube.com/watch?v=j3MtRTuAi3g
리니지2M 무과금유즈,6,2019_11_28,0,0,이건뭐지TV,3,https://www.youtube.com/watch?v=psdqRrpDIhQ
[제이] 리니지2M 오브 무한 마나 사냥! (인트 위즈)스탯 장비 비교 총정리!,"8,353",2019_11_29,65,97,제이,29000,https://www.youtube.com/watch?v=eL0H6uHkD_Y
[박카부] 리니지2M 당신이 놓치고 있는 무과금에겐 특별한 꿀팁,118,2019_11_29,9,0,박카부,59,https://www.youtube.com/watch?v=EqhVfaK1R50
LINEAGE 2M Level33 The Daily Quest #1 리니지2M 레벨33 일일퀘스트,18,2019_11_29,1,0,Everything in the Game World,7,https://www.youtube.com/watch?v=TynIHXD3xgE
리니지2M 무과금 육성 다이아 2000개 노가다 실화냐?,"4,550",2019_11_29,14,2,케이TV,3280,https://www.youtube.com/watch?v=lR2ZgGSqnkM
[리니지2m] 글루디오에 오다 (게임플레이 -4),3,2019_11_29,0,0,리뷰맨,445,https://www.youtube.com/watch?v=ma0EzHHKglc
2019-12-01 리니지2M 바츠1 과금0원(40렙) 희귀득템 무과금랭커 나이트입니다(lineage2m),"7,040",2019_11_30,36,12,MBC Tekken,14300,https://www.youtube.com/watch?v=bkKtKOUOemY
[윤선배][리니지2M]킹아더혈 보탐해서 강해지는중 바츠8섭 2019-12-01,"4,180",2019_11_30,80,9,윤선배,7930,https://www.youtube.com/watch?v=xiICmCxrE_Q
12월2일 리니지2M 바츠1 전섭 최초 9다크 러쉬 성공 9크단 동급 데미지 및 이펙트 공개,40,2019_12_01,0,0,쏠카tv,0,https://www.youtube.com/watch?v=VUtFZ-mZdkE
12/1 넷마블 리니지2m 바둑이 바카라 해선 여캠 홀덤 정양 비도오고그래서 김치전 멸치국수!!,"2,025",2019_12_01,47,46,정양,956,https://www.youtube.com/watch?v=24ZudZYrpeE
2019-12-02(1)리니지2M 바츠1 과금0원(40렙) 희귀득템 무과금랭커 나이트입니다(lineage2m),"1,230",2019_12_01,11,1,MBC Tekken,14300,https://www.youtube.com/watch?v=0bBu8pIGQ8c
[빠빠TV]리니지2m 최초전설변신 궁수/영인 +9활 120방 PK보여드리죠 12/01일 라이브방송,"1,620",2019_12_01,10,1,빠빠TV,192,https://www.youtube.com/watch?v=_3kNKZhSkxo
리니지m 듀크5 리니지2m 드비안느1 무과금 훈수환영!!,31,2019_12_01,0,0,딤플스TV,110,https://www.youtube.com/watch?v=RGksbOGyFd0
[윤선배][리니지2M]킹아더혈 휘귀클래스 1등입니다 ㅎㅎ 바츠8섭 2019-12-02,"4,459",2019_12_01,71,12,윤선배,7930,https://www.youtube.com/watch?v=HLDrIttaY7s
[렌] [리니지2M] 11월 구독자 이벤트 당첨자 발표 영상 / 12월 한달 간 연락 안주시면 당첨은 자동 취소되오니 꼭 영상 확인하세요! (완전 무편집 영상) Lineage2M,620,2019_12_01,18,0,렌 [리니지2M],734,https://www.youtube.com/watch?v=XuvH7n1UUgw
12/1 넷마블 pc방사장님 게스트 바둑이 리니지2m 홀덤 마카오 건달 타짜,"42,576",2019_12_01,0,0,이문주,42100,https://www.youtube.com/watch?v=Oj9voo7plHw
[리니지2M] 여왕개미 레이드에서 영웅템 먹었습니다!! - 12/01 생방송 풀버전,"29,987",2019_12_01,123,51,쵸튜브[쵸피],0,https://www.youtube.com/watch?v=zvukH3tkU4s
리니지2M 무과금 플레이 Lineage2M,13,2019_12_02,0,0,PHILSLOVER,3890,https://www.youtube.com/watch?v=5wfrR7KgDsI
2019-12-03(lineage2m)리니지2M 바츠1 과금0원(42렙) 4에바4지룡귀 무과금랭커 나이트입니다,"1,006",2019_12_02,14,3,MBC Tekken,14300,https://www.youtube.com/watch?v=DA1ji3TwGjA
"[윤선배][리니지2M]킹아더혈 영웅,영인캐릭터로 새로시작합니다 바츠8섭 2019-12-03","5,570",2019_12_02,68,11,윤선배,7930,https://www.youtube.com/watch?v=TlE2QRoxXmw
2019-12-02(2)리니지2M 바츠1 과금0원(40렙) 희귀득템 무과금랭커 나이트입니다(lineage2m),687,2019_12_02,6,1,MBC Tekken,14300,https://www.youtube.com/watch?v=uvlwWDrKksY
★리니지2M☆바츠8 힐러키우기 12월02일방송 (만만 용느 기뉴다 킹아더 은호 난닝구),10,2019_12_02,0,0,타미킴,0,https://www.youtube.com/watch?v=G9qPVpjmGks
12/2 리니지2m 올7악세부터 시작해본다 lineage2m 넷마블 홀덤 마카오 건달 타짜,"34,584",2019_12_02,379,100,이문주,42100,https://www.youtube.com/watch?v=YwBIDBLIa3w
[리니지2m]12/03 바츠1섭 우주최초캔슬먹음 인형부터뽑을게요 V4 v4 브이포 Nexon 리니지2M,"2,033",2019_12_02,18,4,가미가미,0,https://www.youtube.com/watch?v=h2T_ckhZRmM
“리니지2M 출시에도 리니지M 사용자 감소 없어”,4,2019_12_03,0,0,Gray Woman,73,https://www.youtube.com/watch?v=S2_dnxqh8BQ
[윤선배][리니지2M] 과금 나왔네요^^ 현명한과금합니다 바츠8섭 2019-12-04,"2,363",2019_12_03,48,4,윤선배,7930,https://www.youtube.com/watch?v=9sdnhY1TIyU
12/4 넷마블 바카라 바둑이 실시간 리니지2m 블랙잭 홀덤 한게임 피망 슬롯 마카오 해선 해외선물 (호랑이는 굶더라도 풀은 뜯지 않는다!!),"4,630",2019_12_03,28,64,타이거리,3000,https://www.youtube.com/watch?v=4SnufTV6OkM
[고씨형제] 리니지2M 12월 1주차 업데이트 내용.(ft.유물) 내용 변동가능성 있음,740,2019_12_03,4,1,고씨형제KO bros,73,https://www.youtube.com/watch?v=aauhFMn1I8Y
[민벤토리]리니지2m 12월4일 업데이트 내용,101,2019_12_03,3,0,민벤토리,60,https://www.youtube.com/watch?v=yXAB1MzJZM4
리니지2M 12월 1주차 업데이트소식! 택진이형이 달라졌어요~!! ★ 정가을TV,55,2019_12_03,7,0,정가을TV,830,https://www.youtube.com/watch?v=VqCkiJn_Qy8
리니지2M 영웅무기 16만 5천원 쓸래? 레아의 개돼지 패키지! 업데이트 뉴스!,"4,823",2019_12_03,47,69,제이,29000,https://www.youtube.com/watch?v=TRFQRzWryUk
리니지2M(12)/악신,1,2019_12_03,0,0,악신,249,https://www.youtube.com/watch?v=5TaUPQBBF8o
[리니지2m] 랭킹1등 12월4일 생방송중 현금1500만원 악세러쉬의 결과?리니지m최초 nc인터뷰 최고레벨 달성 지호아재 랭킹1위 방송 달빛조각사 로한M 검은사막M 에오스레드 V4,"14,025",2019_12_03,56,20,BJ지호,2300,https://www.youtube.com/watch?v=9W64dSq6M-c
리니지2M 12월4일 업데이트 정리,34,2019_12_03,2,0,오락실,10,https://www.youtube.com/watch?v=dOr2iTfHafA
[리니지2m] 12/4일 업데이트 요약 - 본색을 드러내는 엔ㅆ소프트,"16,199",2019_12_03,75,40,쵸튜브[쵸피],0,https://www.youtube.com/watch?v=ut9655djMVY
[빠빠TV]리니지2m 전설변신 궁수/영인 +9활 난닝구/막부 무한필드 하루종일싸운다 12/03일 라이브방송,"1,485",2019_12_03,6,3,빠빠TV,192,https://www.youtube.com/watch?v=aXdCGIQJi0c
12/3 넷마블 리니지2m 바둑이 바카라 해선 여캠 홀덤 정양 좀잘해보자ㅠㅠㅠ,"1,452",2019_12_03,37,39,정양,956,https://www.youtube.com/watch?v=ofzKnfSIVxk
12/3 넷마블 블라인드 바둑이 리니지2m 저녁12시 전설도전 홀덤 마카오 건달 타짜,"47,614",2019_12_03,261,129,이문주,42100,https://www.youtube.com/watch?v=4yP4tZ8Res0
12/3 넷마블 바카라 바둑이 실시간 리니지2m 블랙잭 홀덤 한게임 피망 슬롯 마카오 해선 해외선물 (호랑이는 굶더라도 풀은 뜯지 않는다!!),"6,690",2019_12_03,51,92,타이거리,3000,https://www.youtube.com/watch?v=6TTRvXxH8Dk
12/3 리니지2m 7팔찌도전 갑니다 8귀걸띄움 lineage2m 넷마블 홀덤 마카오 건달 타짜,"18,714",2019_12_03,173,45,이문주,42100,https://www.youtube.com/watch?v=kLd9DtCqRHw
2019년12월3일 리니지2m 실시간 사냥 한손검으로 재전직함,530,2019_12_03,0,0,고비쓰고비쓰,1750,https://www.youtube.com/watch?v=A77GGIuxvx4
[빠빠TV]리니지2m 전설변신 궁수/영인 +9활 난닝구/막부 무한필드 하루종일싸운다 12/03일 라이브방송,194,2019_12_03,1,0,빠빠TV,192,https://www.youtube.com/watch?v=lGiA7gFeRdQ
[리니지2M] 12월4일 업데이트 뉴스 정리,307,2019_12_03,2,1,공돌이겜TV,77,https://www.youtube.com/watch?v=VSW4i9QcXFs
12/4 짜리엄마 한게임 하이로우 넷마블 카지노 피망 슬롯머신 바카라 블랙잭 바둑이 홀덤 여캠 먹방 리니지2M 화이팅!와써잉~~!!,"3,021",2019_12_04,0,0,짜리엄마,3600,https://www.youtube.com/watch?v=DGqXX3tJ1H8
12/4 리니지2m 230만다이아 전설도전 넷마블 lineage2m 홀덤 마카오 건달 타짜,"98,252",2019_12_04,2800,227,이문주,42100,https://www.youtube.com/watch?v=Y6SZzlgilQI
[리니지2M] 빠징코 nc 드디어 시작 - 12/14 생방송 풀버전,"16,474",2019_12_04,65,33,쵸튜브[쵸피],0,https://www.youtube.com/watch?v=P-Pk0He2sYk
12월5일 [리니지2M] 바츠1섭 무인 자동사냥 실시간 Korea Lineage 2 Mobile Game play Real Time,139,2019_12_04,0,0,쏠카tv,0,https://www.youtube.com/watch?v=Ak_Hb0tzNTQ
12/4 넷마블 바카라 바둑이 리니지2m -31900 아 게임할맛이가 안난다,"11,736",2019_12_04,0,0,이하연,5860,https://www.youtube.com/watch?v=z0x9vR0YLjU
2019-12-05(lineage2m)리니지2M 바츠1 과금0원(44렙) 4에바4지룡귀 무과금 나이트입니다,"1,056",2019_12_04,9,6,MBC Tekken,14300,https://www.youtube.com/watch?v=3FEIBPj0-Ig
12/4 넷마블 리니지2m 바둑이 바카라 해선 여캠 홀덤 정양 이제진짜 끝입니다.,745,2019_12_04,36,27,정양,956,https://www.youtube.com/watch?v=WSlMhUC-qf4
[윤선배][리니지2M]아침부터 대기걸리는.... 바츠8섭 2019-12-05,"4,631",2019_12_04,85,8,윤선배,7930,https://www.youtube.com/watch?v=GQjTI6AhW4Q
리니지2m 12/06 바츠1섭 100만아덴으로 4천다야만들기 쌍영웅무기+원거리스턴 달빛조각사 V4 v4 브이포 Nexon 리니지2M,"4,730",2019_12_04,28,9,가미가미,0,https://www.youtube.com/watch?v=K6w6V8jXpVc
리니지2M 엠틱 85 맞추기 무과금도 가능합니다(오브 궁수) Lineage2M,"8,962",2019_12_04,67,68,제이,29000,https://www.youtube.com/watch?v=YiC3SJnlydk
[리니지2m] 여러분 지금이 기회예요. 무과금도 즐길수 있는게임 2019 최고의 그래픽 모바일 게임 (Game),260,2019_12_04,0,2,강초록TV,326,https://www.youtube.com/watch?v=Z8PQXq6mJEs
[빠빠TV]리니지2m 전설변신 궁수/영인 +9활 난닝구/막부 무한필드 하루종일싸운다 12/03일 라이브방송,"1,084",2019_12_04,5,1,빠빠TV,192,https://www.youtube.com/watch?v=e6mcYYI0an0
2019년12월06일 : 리니지2M(오필리아7서버)Full ver,21,2019_12_05,0,0,윈드로,3,https://www.youtube.com/watch?v=i_a9JkoSKUs
[똘끼]리니지2M 2019-12-04 풀영상,"3,561",2019_12_05,31,3,똘끼100%,113000,https://www.youtube.com/watch?v=n399PMhGGMs
"리니지2m 12/06 바츠1섭 과금대별캐릭,무기추천해드립니다 달빛조각사 V4 v4 브이포 Nexon 리니지2M","3,787",2019_12_05,24,6,가미가미,0,https://www.youtube.com/watch?v=uRG4rTp0nNU
12/5 리니지2m 120만다이아 전변 전인 도전 넷마블 lineage2m 홀덤 마카오 건달 타짜,"82,039",2019_12_05,853,143,이문주,42100,https://www.youtube.com/watch?v=SQNHyz2quZk
12/5 넷마블 바카라 바둑이 리니지2m -28600 드디어....!!!★☆★,"7,483",2019_12_05,0,0,이하연,5860,https://www.youtube.com/watch?v=R0iByN2tw-w
[리니지2M] 10만다이아 영웅6개 뽑아냈습니다 전설도전갑니다 - 12/05 생방송 풀버전,"12,416",2019_12_05,48,37,쵸튜브[쵸피],0,https://www.youtube.com/watch?v=tdJUo_E6VBc
[리니지2m] 크루마탑 최종보스를 도전해보기 - 12/6 생방송 풀버전,"10,945",2019_12_05,57,25,쵸튜브[쵸피],0,https://www.youtube.com/watch?v=N8o0ghhYlGA
[윤선배][리니지2M]영웅스킬1개 배웠습니다 바츠8섭 2019-12-06,"2,578",2019_12_05,63,4,윤선배,7930,https://www.youtube.com/watch?v=0N1yQ3CKf70
12/6 넷마블 바카라 바둑이 리니지2m -29250 내가 왜시러?,"9,337",2019_12_06,0,0,이하연,5860,https://www.youtube.com/watch?v=24bhN3jK7wg
12/6 넷마블 바카라 아가시온 인생검 리니지2m lineage2m 홀덤 마카오 건달 타짜,"37,840",2019_12_06,286,86,이문주,42100,https://www.youtube.com/watch?v=1tTetd0W6Jc
12/7 넷마블 바카라 바둑이 실시간 리니지2m 블랙잭 홀덤 한게임 피망 슬롯 마카오 해선 해외선물 (호랑이는 굶더라도 풀은 뜯지 않는다!!),"6,889",2019_12_06,37,78,타이거리,3000,https://www.youtube.com/watch?v=Yo9XvGK87w0
12/7 리니지2m 용사 이문주 lineage2m 홀덤 마카오 건달 타짜,"50,916",2019_12_06,400,92,이문주,42100,https://www.youtube.com/watch?v=W4KjCuS_R7k
[생]드비안느1 41렙 무과금 8일차 리니지2M,11,2019_12_06,0,0,밤밤,0,https://www.youtube.com/watch?v=F-PgqstBtk8
[볼빨간레드향] 리니지2m ㅎㅎ 40렙 띡었어요^^ 12월6일방송입니다,18,2019_12_06,2,0,볼빨간레드향,267,https://www.youtube.com/watch?v=hlwAuShGGew
[볼빨간레드향] 리니지2m ㅎㅎ 40렙 띡었어요^^ 12월6일방송입니다,32,2019_12_06,5,0,볼빨간레드향,267,https://www.youtube.com/watch?v=zp2ZnO_M_PA
12/5 넷마블 리니지2m 바둑이 바카라 해선 여캠 홀덤 정양 긍정적인 마음으로!!,"1,052",2019_12_06,36,21,정양,956,https://www.youtube.com/watch?v=IcyTVKkznJ8
★리니지2M☆바츠8 힐러키우기 12월07일방송 (불도그 킹아더 만만 용느 기뉴다 킹아더 은호 난닝구),58,2019_12_06,0,0,타미킴,0,https://www.youtube.com/watch?v=MDn_I3cVWlA
"리니지2M도, 넥슨도 없다. 그렇다면, 희망은 있나?","385,846",2019_12_06,9600,188,김성회의 G식백과,421000,https://www.youtube.com/watch?v=1xoox9bj6iQ
"""이 게임, 리니지2M이야? 리니지M2야?""",3,2019_12_06,0,0,Sky Korea,256,https://www.youtube.com/watch?v=EpuFtk_0iqI
"[아덴 뉴스] 리니지2M 12월 1주차, 런칭 이후 아덴 월드에는 무슨 일이!? 핫한 아이템부터 전서버 최고 레벨까지!","1,131",2019_12_06,19,2,리니지2M - CH:NPC,1370,https://www.youtube.com/watch?v=rxLLzflSFKo
리니지2m 아직도 휴대폰으로 하십니까? #리니지 #리니지2M #리니지무과금 #리니지컴퓨터,70,2019_12_06,1,0,어눅,0,https://www.youtube.com/watch?v=Z1oIWuabBW0
[윤선배][리니지2M]소과금 3영웅 이도류캐릭터 바츠8섭 2019-12-08,"2,728",2019_12_07,38,3,윤선배,7930,https://www.youtube.com/watch?v=sbsbMUvNFl8
[똘끼]리니지2M 2019-12-06 풀영상,"12,153",2019_12_07,156,10,똘끼100%,113000,https://www.youtube.com/watch?v=E0Gp6Ks5qbw
12/6 넷마블 리니지2m 바둑이 바카라 해선 여캠 홀덤 정양 이제 15연졸?,791,2019_12_07,36,11,정양,956,https://www.youtube.com/watch?v=SjS5wlaL-5E
12/7 넷마블 바카라 바둑이 리니지2m -32050 요즘 행복했는데 진,"7,983",2019_12_07,0,0,이하연,5860,https://www.youtube.com/watch?v=yL_jmUlTxAs
에이스경마 고배당 먹는방법 알려드림,27,2019_12_07,2,0,에이스경마,26,https://www.youtube.com/watch?v=HlLE3h3vJrk
"리니지2M]12/07. 여왕개미,블랙릴리,베히모스. 차례대로 독식하기! 빨간색,보라템 먹자! 대리문의환영 카인10",249,2019_12_07,8,0,윤쿵쿵TV,6400,https://www.youtube.com/watch?v=ShbL-KLNyuA
리니지2M]12/07. 이제 블랙릴리차례! 다음은 베히모스. 차례대로 독식! 빨간색대리문의환영 카인10,497,2019_12_07,13,0,윤쿵쿵TV,6400,https://www.youtube.com/watch?v=-cn2cUbr7jc
12/8 리니지2M 아가시온40만 모래시계40만 lineage2m 홀덤 마카오 건달 타짜,"71,931",2019_12_07,848,114,이문주,42100,https://www.youtube.com/watch?v=EHXQp-hvxks
12/8 넷마블 바카라 바둑이 실시간 리니지2m 블랙잭 홀덤 한게임 피망 슬롯 마카오 해선 해외선물 (호랑이는 굶더라도 풀은 뜯지 않는다!!),"8,344",2019_12_07,52,68,타이거리,3000,https://www.youtube.com/watch?v=nCbXSYUEHDs
[리니지2m] 다음주 영웅 방어구 뽑기예정 폭주하는 nc소프트 - 12/7 생방송 풀버전,"7,676",2019_12_07,42,17,쵸튜브[쵸피],0,https://www.youtube.com/watch?v=9pRC-KvgRFo
★리니지2M☆바츠8 바스크 보스잡기 12월08일방송 (불도그 사또 똘끼 킹아더 만만 용느 기뉴다 킹아더 은호 난닝구),7,2019_12_07,0,1,타미킴,0,https://www.youtube.com/watch?v=V7-V0rQEim4
12/7 넷마블 리니지2m 바둑이 바카라 해선 여캠 홀덤 정양 졸업은 흐르미야~!,"1,075",2019_12_07,31,17,정양,956,https://www.youtube.com/watch?v=d8BPvd31Dt8
12/7 넷마블 바카라 만개만 이겨본다 리니지2M lineage2m 홀덤 마카오 건달 타짜,"25,681",2019_12_07,199,57,이문주,42100,https://www.youtube.com/watch?v=8NRPSyRmrUY
리니지2m 12/9 생성 단검,15,2019_12_08,1,0,김강일,0,https://www.youtube.com/watch?v=vg9XVECtZvc
12/9 리니지2m 아침소통방송 바츠8 넷마블 lineage2m 홀덤 마카오 건달 타짜,"37,806",2019_12_08,412,75,이문주,42100,https://www.youtube.com/watch?v=mVk3MAHqwAM
12/8 넷마블 바카라 리니지2m lineage2m 홀덤 마카오 건달 타짜,"50,438",2019_12_08,271,113,이문주,42100,https://www.youtube.com/watch?v=A7hSfrx4UEA
리니지2m 12/9 지그1서버 활~!,11,2019_12_08,0,0,김강일,0,https://www.youtube.com/watch?v=cXv9DShJ2K4
[윤선배]리니지2M 바츠08섭 소과금 용던까지 사냥가능합니다 2019-12-09,"4,365",2019_12_08,43,6,윤선배,7930,https://www.youtube.com/watch?v=7UNRw6hQck4
"리니지2M 위브의 소과금 성장기 , Lineage2 天堂2(12월8일)","4,762",2019_12_08,85,25,위브,4170,https://www.youtube.com/watch?v=N7LrGnJn6NM
12/7 넷마블 바카라 바둑이 리니지2m -30950 오늘덜도말고 제발 +1000,"12,941",2019_12_08,0,0,이하연,5860,https://www.youtube.com/watch?v=N_JFrDry76Y
[볼빨간레드향] 리니지2m 드비안느1 안녕하세요(_ _) 12월8일방송입니다,33,2019_12_08,3,0,볼빨간레드향,267,https://www.youtube.com/watch?v=-SjvmfWu9xw
12/9 넷마블 바카라 바둑이 실시간 리니지2m 블랙잭 홀덤 한게임 피망 슬롯 마카오 해선 해외선물 (호랑이는 굶더라도 풀은 뜯지 않는다!!),"11,399",2019_12_09,37,81,타이거리,3000,https://www.youtube.com/watch?v=ksULFQbBG1I
12/10 넷마블 바카라 바둑이 실시간 리니지2m 블랙잭 홀덤 한게임 피망 슬롯 마카오 해선 해외선물 (호랑이는 굶더라도 풀은 뜯지 않는다!!),"8,184",2019_12_09,35,65,타이거리,3000,https://www.youtube.com/watch?v=L7qIB-Y-utI
2019-12-10 (lineage2m)리니지2M 바츠1 과금0원(45렙) 4에바4지룡귀 무과금의희망 나이트입니다,"1,087",2019_12_09,15,4,MBC Tekken,14300,https://www.youtube.com/watch?v=TXK2op4hQXA
12/9 리니지2m 아가시온 전설도전 바츠8 넷마블 lineage2m 홀덤 마카오 건달 타짜,"9,398",2019_12_09,101,22,이문주,42100,https://www.youtube.com/watch?v=Aj6yREOQbnQ
리니지2M]12/09해설데뷔기념. 영인뽑기간닷! 상위레이드 독식 중! 대리문의환영 카인10,733,2019_12_09,29,1,윤쿵쿵TV,6400,https://www.youtube.com/watch?v=5Vq35LifyNg
[리니지2M]호크아이Red의 리니지 무과금러의 길 - 데일리로 희귀클래스뽑아 출세~? #2!! ! 85.8(12월 10일),30,2019_12_09,3,0,달달한라디오,46,https://www.youtube.com/watch?v=iIKRU9BozKE
"[리니지2m] 서버최초 여왕개미망토 득, 크루마탑 최종보스 공략완료 - 12/8 생방송 풀버전","14,447",2019_12_09,67,26,쵸튜브[쵸피],0,https://www.youtube.com/watch?v=igao9kQlbvM
12월9일 넷마블 리니지2m빡가리,7,2019_12_09,1,0,빡가리큐,159,https://www.youtube.com/watch?v=CuLuUOYjVIE
[리니지2m] 리니지m2라도 무과금 유저분들 할수있습니다,"31,512",2019_12_09,139,76,쵸튜브[쵸피],0,https://www.youtube.com/watch?v=eZxvzo_yRBY
[볼빨간레드향] 리니지2m 드비안느1 안녕하세요(_ _)힐쟁이 와씀니다^^ 12월10일방송입니다,48,2019_12_10,3,0,볼빨간레드향,267,https://www.youtube.com/watch?v=q3uNGi4Y45I
12/10 넷마블 골드 바둑이 코쟁이족치기 리니지2m lineage2m 홀덤 마카오 건달 타짜,"31,079",2019_12_10,126,75,이문주,42100,https://www.youtube.com/watch?v=SrJdgg-6OTI
리니지2M 12월 2주차 업데이트 리뷰!,8,2019_12_10,0,0,밤밤,0,https://www.youtube.com/watch?v=u0V_TRQl3q4
"[리니지2m] 변하지 않는 회사 ""엔씨소프트""의 리니지m2 - 12월 11일 업데이트 요약","8,590",2019_12_10,45,23,쵸튜브[쵸피],0,https://www.youtube.com/watch?v=a7Lh__Y_iFc
리니지2m 법사스탯 완벽정리,"2,529",2019_12_10,26,2,두리두리밤밤,1620,https://www.youtube.com/watch?v=IgVAWPinmiU
[리니지2M] 두번째 업데이트 내용(12월11일),"1,030",2019_12_10,5,0,공돌이겜TV,77,https://www.youtube.com/watch?v=oT975qqu_DM
문화상품권 이벤트 당첨자 분들은 꼭 보세요! l 리니지2m 데나,270,2019_12_10,12,0,데나,0,https://www.youtube.com/watch?v=_XGivPpezOs
"혈맹전 선전포고! 리니지의 꽃, 혈맹전 맛보기[리니지2M] (TW SUB)",318,2019_12_10,21,1,콩만한정은이,3400,https://www.youtube.com/watch?v=6Fuc_RWQepM
리니지2m 12월 2주차 업데이트 무과금 필수 이벤트,165,2019_12_10,2,0,YUNI TUBE 유니튜브,156,https://www.youtube.com/watch?v=tT9kR1y61kQ
12/11 넷마블 바카라 바둑이 실시간 리니지2m 블랙잭 홀덤 한게임 피망 슬롯 마카오 해선 해외선물 (호랑이는 굶더라도 풀은 뜯지 않는다!!),"10,145",2019_12_10,44,107,타이거리,3000,https://www.youtube.com/watch?v=mDy7Q5AKW54
12/11 리니지2m 악몽방어구 뽑자 넷마블 lineage2m 홀덤 마카오 건달 타짜,"51,251",2019_12_10,398,90,이문주,42100,https://www.youtube.com/watch?v=Dn834u_5XpU
리니지2m 12/9 생성 에르휘나1서버 단검,40,2019_12_10,1,0,김강일,0,https://www.youtube.com/watch?v=rHEOufZ7UIQ
(리니지2m/무과금)두리TV_꽁냥꽁냥!! 노력만이살길이당!!(초보환영),60,2019_12_10,7,0,두리TV,240,https://www.youtube.com/watch?v=_d5EywFiOc8
[리니지2m] 12월11일 패키지 다크셋 40만다이아 뽑기+컬렉션 ㄱㄱ랭킹1등이 전하는 리니지2m에모든것 [리니지m최초 nc인터뷰 최고레벨 달성 지호아재 랭킹1위 방송],"9,598",2019_12_10,48,20,BJ지호,2300,https://www.youtube.com/watch?v=R-C6exeJpPs
[리니지2M] 무과금러의 길 - 초보육성러 #3!! ! 85.8(12월 11일),44,2019_12_10,3,0,달달한라디오,46,https://www.youtube.com/watch?v=Hl888xKYZtE
2019-12-11 (lineage2m)리니지2M 바츠1 과금0원(46렙) 엠아재 4에바4지룡귀 무과금의희망 나이트입니다,845,2019_12_10,8,7,MBC Tekken,14300,https://www.youtube.com/watch?v=cPGsh6E9BW8
★리니지2M☆바츠8 바스크보스 잡기 12월11일방송 (불도그 사또 똘끼 킹아더 만만 용느 기뉴다 킹아더 은호 난닝구 이문주),9,2019_12_10,0,0,타미킴,0,https://www.youtube.com/watch?v=5U8kkwQAG_E
리니지2M]12/10 100장! 4만다이아 클래스뽑기갑니닷 마지막 보스폭식예정! 대리문의환영 카인10,947,2019_12_10,18,6,윤쿵쿵TV,6400,https://www.youtube.com/watch?v=Oj1RKkmPNxM
12/10 넷마블 골드 바둑이 코쟁이족치기 리니지2m lineage2m 홀덤 마카오 건달 타짜,"21,742",2019_12_10,121,57,이문주,42100,https://www.youtube.com/watch?v=6BHpOYn3SLk
리니지2m 조용히 보탐 닥사,60,2019_12_10,1,0,그니그니상그니,66,https://www.youtube.com/watch?v=Z1CiRf_EF_Y
★리니지2M☆바츠8 서약퀘진행 12월11일방송 (불도그 사또 똘끼 킹아더 만만 용느 기뉴다 킹아더 은호 난닝구 이문주),41,2019_12_10,0,0,타미킴,0,https://www.youtube.com/watch?v=rXXtPxa_YP8
리니지2M 12월 11일 업데이트 4가지로 요약설명,196,2019_12_11,3,0,헨리TV,19,https://www.youtube.com/watch?v=p74U7pCsC2k
리니지2m 무과금아재 12월 11일 업데이트뉴스.,43,2019_12_11,1,0,무과금아재TV,1,https://www.youtube.com/watch?v=v4RuNN2pyo8
[리니지2m] 파티사냥을 강조했던 리니지2m 과연 의미가 있을까?,"5,212",2019_12_11,29,16,쵸튜브[쵸피],0,https://www.youtube.com/watch?v=SmX1ht8zNkQ
리니지2m 무과금 40랩 빨리 찍어야 하는 이유,30,2019_12_11,2,0,쏭방,0,https://www.youtube.com/watch?v=GAqnqb3ugrI
[리니지2M] 무과금러의 길 파티사냥 #4!! ! 85.8(12월 12일),30,2019_12_11,3,0,달달한라디오,46,https://www.youtube.com/watch?v=weqEWLGGu74
[리니지2M] ⚒12월 2주⚒ 신규제작이⚒ 나왔다구여??? 현금천만원 올영웅 다크셋 제작도전!,"2,734",2019_12_11,13,4,BJ지호,2300,https://www.youtube.com/watch?v=3TeASAwxBhU
★리니지2M☆바츠8 힐러도무한사냥 12월12일방송 (불도그 사또 똘끼 킹아더 만만 용느 기뉴다 킹아더 은호 난닝구 이문주),24,2019_12_11,0,0,타미킴,0,https://www.youtube.com/watch?v=6y9m5W-EP7w
2019-12-12 (lineage2m)리니지2M 바츠1 과금0원(47렙) 엠아재 4에바4지룡귀 무과금의희망 나이트입니다,"1,332",2019_12_11,15,4,MBC Tekken,14300,https://www.youtube.com/watch?v=Vr5G7blAup8
12/11 넷마블 블라인드 바둑이 리니지2m lineage2m 홀덤 마카오 건달 타짜,"45,618",2019_12_11,213,99,이문주,42100,https://www.youtube.com/watch?v=v18DUMniHms
리니지2M 격전의섬 으로,23,2019_12_11,0,0,그니그니상그니,66,https://www.youtube.com/watch?v=ApF3NKNkt_k
12/12 넷마블 바카라 바둑이 실시간 리니지2m 블랙잭 홀덤 한게임 피망 슬롯 마카오 해선 해외선물 (호랑이는 굶더라도 풀은 뜯지 않는다!!),"4,574",2019_12_11,32,63,타이거리,3000,https://www.youtube.com/watch?v=wbbu7rVHXhE
[리니지2M]12월18일 이후 유저 반토막 나지않기를...,"15,863",2019_12_11,91,13,게소리,695,https://www.youtube.com/watch?v=DC2tWTiI0H0
12/11 넷마블 바카라 바둑이 리니지2m -28700 오늘은 몇개나 이겨볼까,"10,388",2019_12_11,0,0,이하연,5860,https://www.youtube.com/watch?v=tDiQq1LzRsY
리니지2M]12/12 카인10서버 크루마6층보스 잡으러 갑니다! 쟁 구도 만들자! 마제스틱 세트 가는 중! 영법!,351,2019_12_11,10,2,윤쿵쿵TV,6400,https://www.youtube.com/watch?v=RA1TuO4ai7g
리니지2M 사냥터 아덴 작업중,"5,561",2019_12_11,22,5,오필리아7 신서버 구독하세요 리니지2M,1060,https://www.youtube.com/watch?v=uJAsHYAi3Pg
[리니지2M] 12만 다이아 전설 아가시온 도전! 설마 설마 하다가 설마가 사람 잡다??,"19,721",2019_12_11,134,43,스트리머 사또,63900,https://www.youtube.com/watch?v=BlQvB96HTBQ
12/12 리니지2m 넷마블 lineage2m 홀덤 마카오 건달 타짜,"23,509",2019_12_11,220,154,이문주,42100,https://www.youtube.com/watch?v=lWyl2bBkdf0
넷마블 바둑이세븐포커 홀덤 실시간 리니지M 리니지2M,"3,836",2019_12_12,32,33,정병천,4510,https://www.youtube.com/watch?v=rhdBKNeRjR8
12/12 넷마블 블라인드 바둑이 리니지2m lineage2m 홀덤 마카오 건달 타짜,"63,526",2019_12_12,323,146,이문주,42100,https://www.youtube.com/watch?v=l6Ss0CvB9JQ
[리니지2m] 바츠1서버 30만다이아 800만원 전설 변신 도전 - 12/12 생방송 풀버전,"12,447",2019_12_12,82,26,쵸튜브[쵸피],0,https://www.youtube.com/watch?v=0RofRlWoaQQ
12/12 넷마블 바둑이 실시간 리니지2m 홀덤 한게임 피망,4,2019_12_12,0,0,Pease Saleana,0,https://www.youtube.com/watch?v=EgbOCmR8iGY
탐나라종합게임]리니지2M 카인02 나는 개똥벌레 친구가 없네..,0,2019_12_12,0,0,탐나라의게임나라,10,https://www.youtube.com/watch?v=19RKOH6eJ68
12/12 넷마블 리니지2m 바둑이 바카라 해선 홀덤 여캠 오늘은 바카라로 조지자,660,2019_12_12,32,17,정양,956,https://www.youtube.com/watch?v=DJ19n6RyACE
똘끼 리니지 리니지2M 바츠8 1등뺏겼다.... 찾으러간다 귀걸이없다... 2019.12.12 LIVE,"126,575",2019_12_12,1500,92,똘끼100%,113000,https://www.youtube.com/watch?v=vfheJrYf0aU
12/12 넷마블 바카라 바둑이 리니지2m -29500 아ㅏㅏ일해라절해라ㅏ,"7,978",2019_12_12,0,0,이하연,5860,https://www.youtube.com/watch?v=q5I0dahe1HI
탐나라종합게임]리니지2M 카인02 나는 개똥벌레 친구가 없네..,5,2019_12_12,0,0,탐나라의게임나라,10,https://www.youtube.com/watch?v=CzVKchPMSRw
(리니지2m/무과금/카인5섭)두리tv_꾸꾸까까~~,45,2019_12_12,8,0,두리TV,240,https://www.youtube.com/watch?v=dLW7YyGHb7o
리니지2M]12/13 슬슬 잡히는 쟁구도? 슬슬 템 맞춰보즈아! 카인10서버 최강혈맹!,373,2019_12_12,16,5,윤쿵쿵TV,6400,https://www.youtube.com/watch?v=4an6du6jcUE
리니지2M]마제스틱 2피스보유! 풀 세트 위해 전재산 텁니다. 한피스라도 성공 가즈아!,119,2019_12_12,2,0,윤쿵쿵TV,6400,https://www.youtube.com/watch?v=MJnG1IDAoZY
[리니지2m] 게임이지만 참 세상 무섭네요..,"25,390",2019_12_12,146,44,쵸튜브[쵸피],0,https://www.youtube.com/watch?v=8lhGUjtKrTk
리니지2m 무과금 다이아 아테나 벌수 있는 장소,61,2019_12_12,3,0,쏭방,0,https://www.youtube.com/watch?v=uV9vfUQPPuw
리니지2M 무과금 다이아모으기 레벨37 LINEAGE 2M Free charge collect Dia,29,2019_12_12,2,0,Everything in the Game World,7,https://www.youtube.com/watch?v=utsdYf1tPG4
[리니지2M]뽑기왕 인정? 영웅무기 뽑기 참 쉽네요 #불도그,"36,661",2019_12_12,135,21,불도그,76900,https://www.youtube.com/watch?v=rickWImubw4
[리니지2M]군주라는게 쟁도 안하고 주둥이만 8시간을 털어~킹아더형님 현질하세요 #불도그,"36,212",2019_12_12,176,29,불도그,76900,https://www.youtube.com/watch?v=9MX7VbDqI6k
[민벤토리] 리니지2M 크루마탑 층별 최고의 사냥터는??,656,2019_12_12,7,0,민벤토리,60,https://www.youtube.com/watch?v=dOuhpggvrmo
요즘 인기쩌는 신작모바일게임 리니지2M 크루마탑 4층 공략간다!!,18,2019_12_12,0,0,박한글,3,https://www.youtube.com/watch?v=HAvCQkSZsiU
(리니지2M)범쨩:: 12월11일 하이라이트 영상!! 다이아벌기 팁부터 명중올리는 방법! 영웅무기 러쉬와 영웅스킬뽑기까지!!,94,2019_12_12,2,1,범쨩TV,4660,https://www.youtube.com/watch?v=fJSQWvRDixI
"[아덴 뉴스] 리니지2M 12월 2주차, 유저들 사이에서 가장 핫했던 이슈는!?",159,2019_12_12,6,0,리니지2M - CH:NPC,1370,https://www.youtube.com/watch?v=e2qF0FnOkOc
"리니지2m 영웅 아가시온 성능 체력이랑 마나 회복 대박 - 얼음여왕 프레야, 스칼렛 반 할리샤",176,2019_12_12,5,0,[김존슨tv] 리니지 전문가 - 구독해주세요,1090,https://www.youtube.com/watch?v=8zdr0XSfJqs
[리니지2M]방어력 202방 완성~장비 대량 업그레이드~전섭1등이 멀지 않았다 #불도그,"43,555",2019_12_12,149,22,불도그,76900,https://www.youtube.com/watch?v=J11NTQLXKb0
[리니지2M]내가 보스몹으로 보이냐?~30:1 이게 가능한가 #불도그,"49,514",2019_12_12,219,33,불도그,76900,https://www.youtube.com/watch?v=6ednQ2cs90M
