﻿title,count,date,good_count,bad_count,youtuber,subscriber,url
엑소스 히어로즈 - EXOS HEROES(엑소스 히어로즈) 와.... : 한시의 게임리뷰,172,2019_01_29,2,0,YouTube한시,119,https://www.youtube.com/watch?v=cr1HVz4yol0
라인게임즈 엑소스히어로즈 Android Emulator PEAKAPPPLAYER Mobile world enjoying on your PC!,22,2019_01_29,0,0,PEAK,0,https://www.youtube.com/watch?v=fepM0B6s2Mo
Exos Heroes First Gameplay !!!! Part 2!!! Best anime Game Cbt !!!!!!,50,2019_01_29,0,0,Ios_android Gaming,262,https://www.youtube.com/watch?v=j8sw1y7Nl6k
해보고 한다 시리즈 엑소스 히어로즈 편,93,2019_01_29,2,0,즈튜브,77,https://www.youtube.com/watch?v=gLcGibgyVnw
Exos Heroes / 엑소스 히어로즈 (KR) (Gameplay) - LINE Games (CBT Testing) - New Strategy Android 2019 -,60,2019_01_29,0,0,Cat Rock,84,https://www.youtube.com/watch?v=BNAhOQuaR94
Exos Heroes First Gameplay !!!! Part 1!!!! Best anime Game Cbt !!!!!!,93,2019_01_29,1,0,Ios_android Gaming,262,https://www.youtube.com/watch?v=wTKCfNvrIg4
Exos Heroes [엑소스 히어로즈] CBT Gameplay,83,2019_01_30,2,0,OXSI,166,https://www.youtube.com/watch?v=OK-b4bfM6Nw
엑소스 히어로즈 (Exos Heroes) 간단플레이,44,2019_01_30,0,0,Gamer Meoru,301,https://www.youtube.com/watch?v=3bTXb_ooW-E
Exciter source Heroes Android Emulator PEAK APPPLAYER Mobile world enjoying on your PC!,7,2019_01_30,0,0,PEAK,0,https://www.youtube.com/watch?v=3BcI-48bs64
엑소스 히어로즈 Exos Heroes,42,2019_02_01,0,0,VJ알로힘,1,https://www.youtube.com/watch?v=eIVxQTL9DbQ
Exos Heroes Trailer (android/ios),161,2019_08_14,1,0,Lengame Gameplay,32,https://www.youtube.com/watch?v=bhKwBwAn1PQ
EXOS HEROES - GAMEPLAY#1 #anime,45,2019_08_28,13,0,s K s,85,https://www.youtube.com/watch?v=h76SA4Eu1Ko
엑소스 히어로즈 (Exos Heroes) [CBT] - Premium Recruit,89,2019_08_29,2,1,Globalizer AGAIN,140,https://www.youtube.com/watch?v=Xig6ncHNBgc
EXOS HEROES Gameplay Android (2nd CBT) by Line Games,"2,247",2019_08_29,50,2,Mike Fringe,37400,https://www.youtube.com/watch?v=oJsqFBawPO8
엑소스히어로즈 (Exos heroes) 운명 (5성)캐릭 스킬 및 궁극기 영상 / 좋아요!! 구독 부탁드립니다~,"29,801",2019_08_29,72,7,라임하우스,38,https://www.youtube.com/watch?v=R3eZqEkv6IQ
Exos Heroes Android Gameplay || HD RPG Game,68,2019_08_29,0,1,GamoFlage Hub of the Gameplay,327,https://www.youtube.com/watch?v=4Jqsc2NebL8
[똥이] 급하게 해본 엑소스히어로즈 2차 CBT 선별 30뽑기~~!~,"1,867",2019_08_29,3,1,똥이,48,https://www.youtube.com/watch?v=vd7JCt5uDjU
🕸️Asa試玩🕸️「Exos Heroes(엑소스 히어로즈)」角色/收集/RPG！Android,78,2019_08_29,0,0,AsaM,0,https://www.youtube.com/watch?v=PtXN9uO8FLU
"Exos Heroes: 3,4,5 Star Characters Moves and Specials","25,583",2019_08_29,379,27,Scion Storm,39500,https://www.youtube.com/watch?v=F2LScA4lw9Q
Exos Heroes: First Impressions/Should You Play It?/Demo CBT/30 Practice Rerolls,"26,424",2019_08_29,356,31,Scion Storm,39500,https://www.youtube.com/watch?v=ZBgfo0MgLtc
[똥이] 에픽세븐/FGO일그오/엑소스히어로즈2차 CBT 날것그대로 풀영상,41,2019_08_29,0,0,똥이,48,https://www.youtube.com/watch?v=1WNf_eqnoYE
엑소스히어로즈 2차CBT] 2일차! 좀 더 많은 콘텐츠 같이 살펴 봅시다!,"1,664",2019_08_29,11,1,윤쿵쿵TV,6400,https://www.youtube.com/watch?v=2PNbTx6v068
엑소스히어로즈(Exos Heroes) 플레이 영상 (2차 CBT),"1,713",2019_08_30,2,1,겜조TV,3890,https://www.youtube.com/watch?v=RyfZoKcCxZo
"Exos heroes - Gameplay - Android , iOS / CBT starts from Aug 29-Sep 9 / Role playing / LINE Games",44,2019_08_30,1,1,ClickGameplay Mobile,359,https://www.youtube.com/watch?v=z2Bf5cr6Kjw
2차 CBT 엑소스 히어로즈 탐방~~글쎄~,34,2019_08_30,0,0,똥이,48,https://www.youtube.com/watch?v=Aht6wPbf6UQ
Exos heroes cbt 2 loading screen mini game,15,2019_08_30,0,0,Teacups,2,https://www.youtube.com/watch?v=gU55CdruoFo
[INVEN]엑소스 히어로즈 2차 CBT 플레이2,403,2019_08_30,0,0,InvenMovieA,45,https://www.youtube.com/watch?v=E0XD2qQBoSs
출시예정 게임 엑소스 히어로즈 플레이 완성도만 높인다면~,179,2019_08_31,1,1,스콜튜브,0,https://www.youtube.com/watch?v=1MOWj3MJpks
Exos Heroes android game first look gameplay español,142,2019_08_31,3,0,perezzdb channel,20900,https://www.youtube.com/watch?v=9BcLlPlKfpM
Exos Heroes Gameplay (KR CBT),177,2019_08_31,7,0,IamRaLe,728,https://www.youtube.com/watch?v=G2Eg0RXHpJc
[게임 리뷰] 엑소스 히어로즈,"57,650",2019_08_31,211,32,꾸스TV,7400,https://www.youtube.com/watch?v=eBJdvNBDaqs
엑소스히어로즈 2차CBT] 3일차. CBT 마지막 방송 예정! 마지막으로 살펴봅시닷!,606,2019_08_31,6,0,윤쿵쿵TV,6400,https://www.youtube.com/watch?v=T6q8R7OE-48
[엑소스히어로즈] CBT2차 신작게임 플레이. 어떤게임인지 해보겠습니다,417,2019_08_31,6,1,팟튜브,3180,https://www.youtube.com/watch?v=Abze5KLAEp4
엑소스 히어로즈 2차 cbt 4일차!!!,633,2019_08_31,2,0,행복탄,18,https://www.youtube.com/watch?v=eP8GYAYzKDU
엑 소스 히어로즈 2 차 cbt 5 일차 !!! #2,287,2019_09_01,0,0,행복탄,18,https://www.youtube.com/watch?v=EDaVqDdbP-Y
Exos Heroes ANDROID,57,2019_09_01,3,0,GamingMix,12100,https://www.youtube.com/watch?v=b1a0cwn9KUQ
Exos heroes cbt 2 chapter 4 + pvp,224,2019_09_01,1,0,Teacups,2,https://www.youtube.com/watch?v=cV_QTb7Zr3s
엑 소스 히어로즈 2 차 cbt 5 일차 !! # 2,72,2019_09_02,1,0,행복탄,18,https://www.youtube.com/watch?v=5kBskUvJobA
[엑소스 히어로즈 리뷰] 대작예감! 폰겜에서 플스 느낌이?,"6,751",2019_09_02,41,6,세즈테르,7620,https://www.youtube.com/watch?v=l4iM6N9alJs
Exos Heroes - All Heroes & Skills Specials Part 3 (Android/IOS),"3,536",2019_09_02,96,4,Gaming Mobile,185000,https://www.youtube.com/watch?v=D_0ImypL_Uo
Exos Heroes: Top 4 Mistakes I Made/25 Event Summons/PVP Fun,"5,271",2019_09_02,82,2,Scion Storm,39500,https://www.youtube.com/watch?v=jCQwOqFJkRI
EXOS HEROES (KR) CBT GAMEPLAY,16,2019_09_04,0,0,Kiguchi Games,337,https://www.youtube.com/watch?v=CV24xic2G14
EXOS HEROES | This Game Looks Awesome!,"19,312",2019_09_04,287,9,Koolio Gaming,39300,https://www.youtube.com/watch?v=wvmeoujoANg
신작 엑소스 히어로즈 사전 체험 1일차,368,2019_09_04,8,1,블루진TV,20,https://www.youtube.com/watch?v=BzrtojVKYPM
신작 엑소스 히어로즈 사전 체험 2일차,145,2019_09_05,6,0,블루진TV,20,https://www.youtube.com/watch?v=E5i2LxYP96s
IOS & ANDROID - PART 2 - EXOS HEROES - GAMEPLAY,29,2019_09_05,0,0,GPMasterBleetz,17,https://www.youtube.com/watch?v=qWC8brAk-DA
IOS & ANDROID - PART 1 - EXOS HEROES - GAMEPLAY,42,2019_09_05,1,0,GPMasterBleetz,17,https://www.youtube.com/watch?v=bkgzhGJPsss
신작 엑소스 히어로즈 사전 체험 4일차 2,54,2019_09_07,3,0,블루진TV,20,https://www.youtube.com/watch?v=DYUrZ3shKv8
신작 엑소스 히어로즈 사전 체험 4일차 3,79,2019_09_07,3,0,블루진TV,20,https://www.youtube.com/watch?v=B0_Cny7yq9g
신작 엑소스 히어로즈 사전 체험 3일차,85,2019_09_07,4,0,블루진TV,20,https://www.youtube.com/watch?v=1OeCYhYMV8I
[맥시멈] 라인게임즈 신작! 엑소스 히어로즈 CBT에 당첨되다!,46,2019_09_07,0,0,맥마루TV,37,https://www.youtube.com/watch?v=KsZauJvP2j0
Exos Heroes Gameplay CBT,67,2019_09_07,1,0,BeeMo Gameplays,4,https://www.youtube.com/watch?v=F9KRsMQ-R6M
신작 엑소스 히어로즈 사전 체험 4일차 1,67,2019_09_07,4,0,블루진TV,20,https://www.youtube.com/watch?v=nHTzPuNpK_g
Exos Heroes,37,2019_09_08,0,0,Uzi Crits,6,https://www.youtube.com/watch?v=CN3u-0Jlkks
엑소스 히어로즈 레이드 잊혀진 용들의 성지 플레이,659,2019_09_08,1,0,스콜튜브,0,https://www.youtube.com/watch?v=ZRIOI95Mr04
[4일차 몰아보기] 신작 엑소스 히어로즈 사전 체험 4일차,"1,547",2019_09_08,12,0,블루진TV,20,https://www.youtube.com/watch?v=9MERC6A9_sE
신작 엑소스 히어로즈 사전 체험 4일차 4,123,2019_09_08,3,1,블루진TV,20,https://www.youtube.com/watch?v=wgGAS_tD4Pc
비공정과 드래곤 [엑소스 히어로즈] CBT 플레이 / 꿀잼 모바일게임 {폰겜냥},"2,224",2019_09_09,87,2,폰겜냥,0,https://www.youtube.com/watch?v=4hxljueYwA0
[엑소스 히어로즈 ] 선별소환추천! 정식오픈 대비 이것만 알고가자,"10,217",2019_09_09,27,21,BJ시토,128,https://www.youtube.com/watch?v=o_eFfwaU5P0
[엑소스 히어로즈] 컨텐츠 소개 첫 번째! 다양한 컨텐츠를 확인해보자,648,2019_09_09,6,1,BJ시토,128,https://www.youtube.com/watch?v=hrNCEhFK9Uk
[엑소스 히어로즈] 전투시스템 소개! 신규모바일수집형RPG게임,518,2019_09_09,4,0,BJ시토,128,https://www.youtube.com/watch?v=Jfzk2ITac9M
Exos Heroes (CBT) Тест игры 엑소스 히어로즈,359,2019_09_09,13,0,Game of Flame in Darkness GFD,6420,https://www.youtube.com/watch?v=C34bKxHNvcQ
[엑소스 히어로즈] 전설영웅소개! 약 50명 이상의 개성넘치는 영웅들!,"2,887",2019_09_09,17,3,BJ시토,128,https://www.youtube.com/watch?v=hw7Wdohj-Ys
[맥시멈] 복권 샀으면 벌써 거덜났을듯한 운. 엑소스 히어로즈 선별소환 하다,"13,999",2019_09_10,36,13,맥마루TV,37,https://www.youtube.com/watch?v=0ovxeLGMTHQ
[체험기] 엑소스 히어로즈 2차 CBT 깔짝 체험기!,60,2019_09_10,1,0,탱닌,146,https://www.youtube.com/watch?v=gE4b3yMc2dM
엑소스 히어로즈 사전예약/색다르게 남다르게 RPG를 플레이하라 VISUALISM PLAY,5,2019_10_28,1,0,넥스머TV,0,https://www.youtube.com/watch?v=495vkQ_QKxo
엑소스 히어로즈 사전예약/색다르게 남다르게 RPG를 플레이하라 VISUALISM PLAY,8,2019_10_28,1,0,넥스머TV,0,https://www.youtube.com/watch?v=tllFeZdGxME
엑소스히어로즈 유리사 뮤직비디오 '얼음눈물' Teaser,242,2019_10_28,6,1,겜조TV,3890,https://www.youtube.com/watch?v=7fk3fFtJeEk
색다르게 남다르게 RPG를 플레이하라 VISUALISM PLAY ≪엑소스 히어로즈≫ 사전 예약 오픈!,12,2019_10_28,1,0,넥스머TV,0,https://www.youtube.com/watch?v=ExveUFCscIs
[EXOS HEROES] 엑소스 히어로즈 출시일 공개 PV 02,"2,248",2019_10_28,13,4,LINE GAMES,5360,https://www.youtube.com/watch?v=j5RAoqIy4Qc
[EXOS HEROES] 엑소스 히어로즈 영웅 스킬 영상_바라카(BARAKA),"236,371",2019_10_28,55,9,LINE GAMES,5360,https://www.youtube.com/watch?v=gyijs9r04SA
[EXOS HEROES] 엑소스 히어로즈 영웅 스킬 영상_레라(RERA),"178,644",2019_10_28,64,22,LINE GAMES,5360,https://www.youtube.com/watch?v=tfKx94g_coE
[EXOS HEROES] 엑소스 히어로즈 광고 영상_H_글렌(GLENN),813,2019_10_28,3,1,LINE GAMES,5360,https://www.youtube.com/watch?v=Bm5mmk1_Npo
엑소스히어로즈미디어데이,23,2019_10_28,0,0,이재덕,81,https://www.youtube.com/watch?v=UqBiyU34TsM
색다르게 남다르게 RPG를 플레이하라 VISUALISM PLAY ≪엑소스 히어로즈≫ 사전 예약 오픈!,6,2019_10_28,1,0,넥스머TV,0,https://www.youtube.com/watch?v=Avttade_UX4
[EXOS HEROES] 엑소스 히어로즈 출시일 공개 PV 01,"3,154",2019_10_28,15,2,LINE GAMES,5360,https://www.youtube.com/watch?v=Gqza0g_r28M
엑소스 히어로즈 사전예약/색다르게 남다르게 RPG를 플레이하라 VISUALISM PLAY,2,2019_10_28,1,0,넥스머TV,0,https://www.youtube.com/watch?v=iuLNckabZ04
엑소스 히어로즈 모바일 게임 소개 영상,91,2019_10_28,6,0,게임셋 Gameset,0,https://www.youtube.com/watch?v=G8s_EnKvh4U
[EXOS HEROES] 엑소스 히어로즈 영웅 스킬 영상_레이켈(RACHEL),"72,140",2019_10_28,31,3,LINE GAMES,5360,https://www.youtube.com/watch?v=vB9yX79MIRg
엑소스 히어로즈 사전예약,8,2019_10_28,0,0,코코아팝,6,https://www.youtube.com/watch?v=OBN-WRV3pUI
[official] EXOS HEROES (엑소스 히어로즈 ost) - 氷涙 Frozen Tears (얼음눈물) - yurisa,"141,201",2019_10_28,7100,51,yurisa,267000,https://www.youtube.com/watch?v=0DF4I8lO2v4
[EXOS HEROES] 엑소스 히어로즈 소개 영상,"118,156",2019_10_28,56,18,LINE GAMES,5360,https://www.youtube.com/watch?v=QOHLOHXn_Ho
[EXOS HEROES] 엑소스 히어로즈 영웅 스킬 영상_제온(ZEON),"264,591",2019_10_28,60,12,LINE GAMES,5360,https://www.youtube.com/watch?v=D6pfi6jN4Bo
[EXOS HEROES] 엑소스 히어로즈 PV_Teaser,"1,550,599",2019_10_28,129,44,LINE GAMES,5360,https://www.youtube.com/watch?v=WD6LD_vN64U
[EXOS HEROES] 엑소스 히어로즈 영웅 스킬 영상_게일(GALE),"246,147",2019_10_28,43,28,LINE GAMES,5360,https://www.youtube.com/watch?v=h3u4GRi3m_I
[EXOS HEROES] 엑소스 히어로즈 광고 영상_V_제온(ZEON),790,2019_10_28,1,1,LINE GAMES,5360,https://www.youtube.com/watch?v=JDbH8cd9Mz4
[EXOS HEROES] 엑소스 히어로즈 영웅 스킬 영상_시어칸(XIAKHAN),"72,162",2019_10_28,30,17,LINE GAMES,5360,https://www.youtube.com/watch?v=SEsU7htpWyU
[EXOS HEROES] 엑소스 히어로즈 페이트코어 소개 영상,"10,009",2019_10_28,34,8,LINE GAMES,5360,https://www.youtube.com/watch?v=ZOHA-fcERpM
[EXOS HEROES] 엑소스 히어로즈 영웅 스킬 영상_바소리(BATHORY),"46,051",2019_10_28,47,17,LINE GAMES,5360,https://www.youtube.com/watch?v=fi6DV2FHTIo
[EXOS HEROES] 엑소스 히어로즈 광고 영상_H_아이리스(IRIS),"1,049",2019_10_28,4,0,LINE GAMES,5360,https://www.youtube.com/watch?v=phpWnWaSB3I
엑소스 히어로즈 사전예약/색다르게 남다르게 RPG를 플레이하라 VISUALISM PLAY,9,2019_10_28,1,0,넥스머TV,0,https://www.youtube.com/watch?v=FKHx73TQorY
엑소스 히어로즈 사전예약/색다르게 남다르게 RPG를 플레이하라 VISUALISM PLAY,9,2019_10_28,1,0,넥스머TV,0,https://www.youtube.com/watch?v=1EbfM1QOHdA
비주얼리즘 '엑소스 히어로즈' 11월 21일 출시,141,2019_10_29,0,0,진모짱,1750,https://www.youtube.com/watch?v=eEhPt4yHzrQ
엑소스히어로즈 출시일 공개 PV,186,2019_10_29,3,0,겜조TV,3890,https://www.youtube.com/watch?v=MILpN0Rt-xs
수집형RPG의 희망 출시예정게임 엑소스 히어로즈 소개 영상!,61,2019_10_29,0,0,댕박이니,0,https://www.youtube.com/watch?v=HwJjDM1QB-0
엑소스 히어로즈 사전예약 소식 - RPG게임 / 모바일게임 [사키엘TV],443,2019_10_29,7,3,사키엘 TV,44600,https://www.youtube.com/watch?v=YlC7vDUs_eE
'엑소스 히어로즈' RPG 모바일게임 사전예약 해봄 | 겜생(GAMELIFE),466,2019_10_29,3,1,겜생,0,https://www.youtube.com/watch?v=DHuSAmlKIv8
Mobile turn-based RPG Exos Heroes (엑소스 히어로즈) open pre-registration now,39,2019_10_29,0,0,sune chan,0,https://www.youtube.com/watch?v=_PRfsCsSP8Q
[게임포커스] 라인게임즈 '엑소스 히어로즈' 유리사 얼음눈물 뮤직비디오 Teaser,126,2019_10_30,3,0,GameFocus,1570,https://www.youtube.com/watch?v=Mndvb0k3LJQ
얼음눈물 (엑소스 히어로즈 OST) - 유리사,57,2019_10_30,0,0,실시간music넷,0,https://www.youtube.com/watch?v=uQtk5tCH3E8
엑 소스 히어로즈 氷 涙 Frozen Tears 얼음 눈물 공식 PV ost yurisa,31,2019_10_30,0,0,mr. joker,288,https://www.youtube.com/watch?v=K75pSS8aYhE
엑소스 히어로즈 게임플레이 영상 출시일 사전예약 스토리 캐릭터 소개 Exos Heroes 추천 모바일 게임,639,2019_10_30,3,3,게임 놀이터,1100,https://www.youtube.com/watch?v=xSVM3wbmtKQ
Exos Heroes: Coming Out Nov 21st Let's Get Hype,"16,969",2019_11_02,291,17,Scion Storm,39500,https://www.youtube.com/watch?v=y_eI2kg4-Wc
EXOS HEROES Game Mobile Open Release 21.11.2019 엑소스 히어로즈 PV Teaser .,48,2019_11_03,1,0,Gamedon,36,https://www.youtube.com/watch?v=2CDDocQrHp4
11월21일 출시!! 엑소스 히어로즈.,"1,846",2019_11_03,12,2,하늘두덕,12,https://www.youtube.com/watch?v=RH8jKeH7b2k
출시예정게임 엑소스히어로즈! 수집형RPG의 새로운 역사를 쓰다!,29,2019_11_04,0,0,뿡뿡뿡TV,0,https://www.youtube.com/watch?v=2y5ix_9Oq4Q
[EXOS HEROES] 엑소스 히어로즈 광고 영상_H_레이켈(RACHEL),"1,454",2019_11_07,4,1,LINE GAMES,5360,https://www.youtube.com/watch?v=F209AO-PCtY
[EXOS HEROES] 엑소스 히어로즈 TVC 15s_V1,"244,898",2019_11_14,18,10,LINE GAMES,5360,https://www.youtube.com/watch?v=TsF0j4-LWdE
[엑소스 히어로즈] 몽환적인 그래픽! 비주얼리즘 턴제 rpg 11월 21일 출시 임박! 지금 사전 등록 중!,605,2019_11_15,10,4,겜뚜껑,1550,https://www.youtube.com/watch?v=MpUhOCkKxBE
엑소스 히어로즈 주요 영웅 캐릭터 스킬 플레이 영상,879,2019_11_15,5,0,게임셋 Gameset,0,https://www.youtube.com/watch?v=nAxK3mWZed8
"[풀영상] 1부 : 일곱개의 대죄, 숙제 및 정규전 / 2부 : 엑소스 히어로즈 미리 알아보기 (공부타임)","3,425",2019_11_17,60,1,초순,17700,https://www.youtube.com/watch?v=NGU0dtgVB6c
11월21일 출시 엑소스 히어로즈 캐릭터 특성 및 스킬소개 (간만에 갓 게임이 또 나오는구나 ㅋ),209,2019_11_18,1,0,김택견,164,https://www.youtube.com/watch?v=JFd6hM1h2_4
아르카나 택틱스 13일차~ [21일 0시 엑소스 히어로즈!],264,2019_11_19,6,0,스도린,0,https://www.youtube.com/watch?v=5tDMIE6956o
제가 게임캐릭터로..? 총상금 100만원 여러분의 아이디어가 필요합니다 ㅠㅠ!!(Feat.엑소스히어로즈),"126,156",2019_11_20,2800,83,tzuyang쯔양,1680000,https://www.youtube.com/watch?v=h6Lf1PG3kT8
신작게임 엑소스히어로즈 무과금 스트리밍!!,"6,706",2019_11_20,25,5,온옹,1330,https://www.youtube.com/watch?v=K3lM8PSQot4
신규 모바일게임 엑소스히어로즈 다운중,11,2019_11_20,0,0,김유논,16,https://www.youtube.com/watch?v=2f6sEIYO6Hc
신규 모바일게임 엑소스히어로즈 생방송,10,2019_11_20,0,0,김유논,16,https://www.youtube.com/watch?v=SYKBLubQkGI
[엑소스 히어로즈] 플레이 해 봅니다!,"7,499",2019_11_20,51,5,갓존슨,20400,https://www.youtube.com/watch?v=_sR8LjiL6p0
[엑소스 히어로즈]00시 오픈! 밤새 같이 달려요!! 과금 50장 예상중 / 일곱개의대죄 / 모바일 / 수집형 / RPG / 달빛조각사,"12,415",2019_11_20,103,24,초순,17700,https://www.youtube.com/watch?v=jdugehEhUNE
신작 모바일! 엑소스 히어로즈 정식 출시! 빼어난 영상미부터 운명카드 뽑기까지! 일단 맛보기 확인하세요! EXOS HEROES,"5,725",2019_11_20,22,8,윤쿵쿵TV,6400,https://www.youtube.com/watch?v=QGvXVo4_biA
[실시간생방송] v4 하다가 엑소스히어로즈 체험~! V4 live (__),"1,862",2019_11_20,29,4,율무TV,6950,https://www.youtube.com/watch?v=SrcId6_UytE
엑소스히어로즈 무과금 노가다의길 스트리밍!! 리세X feat.수다,"1,826",2019_11_20,23,0,온옹,1330,https://www.youtube.com/watch?v=9GoNqLn66k4
수집형RPG 신작모바일게임! 엑소스 히어로즈 여정의 시작,14,2019_11_20,0,0,최고뚝딱이,1,https://www.youtube.com/watch?v=eKvjRwMzPYQ
[EXOS HEROES] 엑소스 히어로즈 광고 영상_마기,"629,919",2019_11_20,148,64,LINE GAMES,5360,https://www.youtube.com/watch?v=ifSf8lZOR-M
[EXOS HEROES] 엑소스 히어로즈 광고 영상_러들리,"2,656,552",2019_11_20,18,33,LINE GAMES,5360,https://www.youtube.com/watch?v=Xh0xBaEoLFo
엑소스 히어로즈! 6운명 조합 가즈아! (각 포지션별 필수캐릭!),902,2019_11_20,2,0,스도린,0,https://www.youtube.com/watch?v=vLQb9m2pgHQ
엑소스히어로즈 Exos Heroes 클베유저 BJ시토 1일차 아프리카 동시송출,485,2019_11_20,9,1,BJ시토,128,https://www.youtube.com/watch?v=Cpcs8uUbu-k
모바일 신규게임 엑소스 히어로즈 / 5성 뽑기?!,14,2019_11_20,2,0,김윈드TV,7,https://www.youtube.com/watch?v=SG14Pa2c0nw
[풀영상 24시간 방송] 1부 : 엑소스 히어로즈 / 2부 : 일곱개의 대죄 (발렌티 뽑기 및 PVP리뷰) / 넷마블 / 라이브 / 생방송 / 초순부부 / 아재킹,"10,575",2019_11_20,99,5,초순,17700,https://www.youtube.com/watch?v=T4qSzyxElgg
신규 모바일게임 엑소스히어로즈 생방송,10,2019_11_20,0,0,김유논,16,https://www.youtube.com/watch?v=fqLQFZtSWLg
[EXOS HEROES] 엑소스 히어로즈 런칭 영상_30s,"117,493",2019_11_20,63,27,LINE GAMES,5360,https://www.youtube.com/watch?v=n_bmVcfnfSA
모바일 대작 드디어오픈 엑소스히어로즈 리뷰,132,2019_11_20,0,0,지택의게임방송,17,https://www.youtube.com/watch?v=bNMIG8DswME
출시! 엑소스 히어로즈 그래픽에 반하고 전투에 한 번 더 반하다! (With.녹스앱플레이어),186,2019_11_20,0,0,녹스 앱플레이어,226,https://www.youtube.com/watch?v=BHTbjLMi9V0
[엑소스히어로즈 리뷰] 양산형 MMORPG사이에서 한물간 턴제 RPG로 살아남을수 있을까? - 씹덕 갓겜?? 엑소스 히어로즈 후기,"2,659",2019_11_20,37,4,잡학다식,10200,https://www.youtube.com/watch?v=DyCFhBT2EiU
엑소스히어로즈 간단리뷰 수집형RPG계의 방주!(10연차영상포함),"3,926",2019_11_20,24,4,온옹,1330,https://www.youtube.com/watch?v=J1CupCbLaN0
[엑소스 히어로즈] 신규 기대작 모바일 게임 엑소스 히어로즈 실제 게임 영상 뽑기까지,"2,529",2019_11_20,14,2,Sperando 스페란도 GAME TV,1760,https://www.youtube.com/watch?v=aOTk5m3Jfck
[EXOS HEROES] 엑소스 히어로즈 운명 등급 스킬 영상모음,689,2019_11_20,6,1,외로이,2540,https://www.youtube.com/watch?v=p2x8Mm6aLO4
엑소스 히어로즈 리세마라 방법 무과금들이여 운명 뽑고 돌자!,"9,228",2019_11_20,11,14,스콜튜브,0,https://www.youtube.com/watch?v=moEZ9YBhhZo
EXOS HEROES - Gotcha (엑소스 히어로즈 가챠),234,2019_11_20,1,0,쓰랩Bar길자,47,https://www.youtube.com/watch?v=thau2qp5A0k
엑소스 히어로즈 리세마라 운명 영웅 추천 TOP3 [사키엘TV],"19,710",2019_11_20,33,39,사키엘 TV,44600,https://www.youtube.com/watch?v=EfTSXncBCp0
엑소스 히어로즈! 2운명 3전설 조합 가즈아!,145,2019_11_20,2,0,스도린,0,https://www.youtube.com/watch?v=iOeegMHZHe4
[EXOS HEROES] 엑소스 히어로즈 플레이 영상_15s,"453,981",2019_11_20,141,90,LINE GAMES,5360,https://www.youtube.com/watch?v=pnrKGSTKEZY
"엑소스히어로즈 10뽑/ 구독,좋아요 부탁드립니다.",435,2019_11_20,8,0,라임하우스,38,https://www.youtube.com/watch?v=dTv02H3c9z4
[EXOS HEROES] 엑소스 히어로즈 TVC 15s_V2,"322,182",2019_11_20,4,11,LINE GAMES,5360,https://www.youtube.com/watch?v=lEL_8V6hons
엑소스 히어로즈 EXOS HEROES 신작 게임 소환술!,24,2019_11_20,1,0,즐뽑불가능,125,https://www.youtube.com/watch?v=jrPyPPQg-jM
엑소스히어로즈 스네이크 미니게임 37명 성공 영상,141,2019_11_20,0,0,이재덕,81,https://www.youtube.com/watch?v=FuH7oXsidPY
:: 엑소스 히어로즈 EXOS HEROES - Main Launching Promotion Reel ::,652,2019_11_20,12,1,Official ESTIMATE,2070,https://www.youtube.com/watch?v=EaJOZtW8WZU
엑소스 히어로즈! 뽑기 대박 가즈아,191,2019_11_20,0,1,아기팡팡,41,https://www.youtube.com/watch?v=dqy4JbqlzVs
엑소스 히어로즈 리세 안하고 [ 운명등급 영웅 획득 + 황금시계 사용법 ] - 흑백게임,"2,693",2019_11_20,7,0,흑백게임TV,0,https://www.youtube.com/watch?v=hLIv7YrWOZo
Exos Heroes - 엑소스 히어로즈 (KR) [ Android APK ] Gameplay,193,2019_11_20,2,1,Free2PlayMMOs Gaming Channel,9710,https://www.youtube.com/watch?v=RjvXoswv5rc
엑소스 히어로즈 모든 운명캐릭 스킬 연출 풀옵션,558,2019_11_20,4,0,알필요없다,706,https://www.youtube.com/watch?v=WwXI4OKH4qM
엑소스 히어로즈! 리세? 초반 뽑기 정보!!,384,2019_11_20,2,0,하늘두덕,12,https://www.youtube.com/watch?v=6EXhAM6Fbp0
"(무과금뽑기로운명,전설먹었당ㅋㅋ)엑소스 히어로즈♡",187,2019_11_20,0,3,껑충껑충TV,1270,https://www.youtube.com/watch?v=LdzyLOvuLZk
신작(엑소스 히어로즈)5성 운명 나왓따!! 엑소스 히어로즈 첫시작,64,2019_11_20,1,0,왕자로또,19,https://www.youtube.com/watch?v=Mvt1fj4Dr54
엑소스 히어로즈 플레이 리뷰및 AMVㅣ혜자게임 ㅣ5성보다4성이더좋음,40,2019_11_20,0,0,GUNPLAY,0,https://www.youtube.com/watch?v=2c8R2lJQ91I
엑소스 히어로즈 00번째영상입니다. (11연뽑기+적응하기),75,2019_11_20,0,1,게임플레이사츠케,285,https://www.youtube.com/watch?v=XtDclrm6XkQ
엑소스 히어로즈 - 모바일 게임 (초반 플레이 인게임),14,2019_11_20,0,0,무풍,102,https://www.youtube.com/watch?v=0_GYLrbRELs
[EXOS HEROES] 엑소스 히어로즈 플레이 영상_30s,"175,911",2019_11_20,4,2,LINE GAMES,5360,https://www.youtube.com/watch?v=H6eiKnpBhRE
수집형RPG의 클래스를 보여준다! 신작모바일게임 엑소스 히어로즈 헤킨자작 응징 영상,20,2019_11_20,0,0,김치만좋아,0,https://www.youtube.com/watch?v=ajnbKgPcmaw
[Exos Heroes] 엑소스 히어로즈 확률 업 이벤트!! 계정 첫 11뽑 + 보너스,54,2019_11_20,2,0,rand A,10,https://www.youtube.com/watch?v=_r1uwktsWkA
엑소스히어로즈(exosheroes) 간단 리뷰 + 게임 플레이 영상,407,2019_11_20,3,0,겜조TV,3890,https://www.youtube.com/watch?v=XFC5edRIHtk
모바일게임 신작) 엑소스히어로즈 초반플레이,1,2019_11_20,0,0,솜카롱,0,https://www.youtube.com/watch?v=SqOwrBN7jZU
EXOS HEROES [ 엑소스 히어로즈 ] NEW MOBİLE GAME PART 1,27,2019_11_20,2,0,YNR,0,https://www.youtube.com/watch?v=048S1_V7r3I
'엑소스 히어로즈' 정통 RPG 모바일게임을 해봄 | 겜생(GAMELIFE),293,2019_11_20,3,0,겜생,0,https://www.youtube.com/watch?v=Gw8YBl-Tx08
엑소스 히어로즈 정식 출시 눈길을 사로잡는 화려한 액션과 스킬 이펙트,11,2019_11_20,0,0,SongwonLog,24,https://www.youtube.com/watch?v=YLxcmGsNqmk
[Exos Heroes] 신작 모바일게임 출시! 플레이영상 #2,33,2019_11_20,0,0,rand A,10,https://www.youtube.com/watch?v=LNN3FXlkA0c
[엑소스 히어로즈] 설마 또 똥망겜이냐? 리뷰,"60,121",2019_11_20,251,119,짝태TV,6720,https://www.youtube.com/watch?v=-z4pFJP53tU
엑소스 히어로즈 브레이크 간단해요!,"1,186",2019_11_20,5,1,스콜튜브,0,https://www.youtube.com/watch?v=WR7Vcgj5mmw
[엑소스 히어로즈] 리세마라!? 과금갓챠? 챕터 3까지가 답이다!! 갓챠전 보기 좋은 영상!!,"10,824",2019_11_20,41,12,잡학다식,10200,https://www.youtube.com/watch?v=lSJNWa7AzIo
엑소스 히어로즈 전설 영웅 추천 TOP5 [사키엘TV],"9,703",2019_11_20,20,4,사키엘 TV,44600,https://www.youtube.com/watch?v=37NPpGl_vDY
[EXOS HEROES] 엑소스 히어로즈 초반 플레이 25분 인게임 무편집,176,2019_11_20,4,0,외로이,2540,https://www.youtube.com/watch?v=g2tyfQDCqMA
[EXOS HEROES] 엑소스 히어로즈 PV_Full,"704,100",2019_11_20,132,43,LINE GAMES,5360,https://www.youtube.com/watch?v=xB5U0EHWcR0
엑소스히어로즈 다운로드 미니게임 하는 방법,213,2019_11_20,0,0,이재덕,81,https://www.youtube.com/watch?v=dqWLugPc0xs
"라인게임즈 수집형 RPG 엑소스 히어로즈 플레이, 붉은 해골의 비공정을 찾아라",61,2019_11_21,0,0,진모짱,1750,https://www.youtube.com/watch?v=ciK9lkiivko
[REROLL] Exos Heroes mobile without RE-DOWNLOAD DATA,915,2019_11_21,2,15,D4GL,1170,https://www.youtube.com/watch?v=kyBGWBtEmHU
모바일신작롤플레잉rpg 엑소스히어로즈 플레이 영상,2,2019_11_21,0,0,삼월 유튜브,3,https://www.youtube.com/watch?v=StkaDhJk5nE
พรีวิว Exos Heroes [KR] สุ่ม2100เพชร HappyGachaDay | EASY TEAM LIVE,"4,789",2019_11_21,41,0,EASY TEAM LIVE,6280,https://www.youtube.com/watch?v=9EBVBTItDYM
[Exos Herose/엑소스 히어로즈]초반부 스토리 및 플레이 영상,7,2019_11_21,0,0,그레이딩고,65,https://www.youtube.com/watch?v=3RUD8iPfHfE
EXOS HEROES [ 엑소스 히어로즈 ] NEW MOBİLE GAME PART 2,32,2019_11_21,2,0,YNR,0,https://www.youtube.com/watch?v=3sILZ3gghr4
엑소스 히어로즈 오픈! 사전예약 100만 돌파? 무슨게임인지 살펴보자!,78,2019_11_21,4,0,찌니랑놀자TV,1260,https://www.youtube.com/watch?v=ZcTQx_yHVtc
엑소스 히어로즈 챕터2 스토리,47,2019_11_21,0,0,몽수이,30,https://www.youtube.com/watch?v=JmIrSela2ds
비쥬얼리즘 모바일게임-엑소스 히어로즈,10,2019_11_21,1,0,농업코코,128,https://www.youtube.com/watch?v=rs69gj-XZtQ
《신작/ 엑소스 히어로즈》 스토리모드 및 경기장 플레이 영상,34,2019_11_21,3,0,Des_르블랑,703,https://www.youtube.com/watch?v=ikzwHqegggY
화려한 액션은 Good 그리고..? '엑소스 히어로즈' 초반 플레이,3,2019_11_21,0,0,하이호우,13,https://www.youtube.com/watch?v=tk7G5IRCJk8
엑소스 히어로즈 운명 영웅 TOP5 - 1티어 등급표 [사키엘TV],"21,652",2019_11_21,44,47,사키엘 TV,44600,https://www.youtube.com/watch?v=0kW1kOM-ssc
[신작] 엑소스 히어로즈_30분에 5성 영웅 케릭 개꿀?,27,2019_11_21,1,0,태효니네#의게임채널,14,https://www.youtube.com/watch?v=vA8-rtPXKvI
[빵재!] (19.11.21. 출시) 엑소스 히어로즈 1일차,13,2019_11_21,0,0,빵재!(Bread_Ash),35,https://www.youtube.com/watch?v=RPJ1LAtd7M4
엑소스 히어로즈 공략 및 플레이 리뷰,"2,403",2019_11_21,21,6,후니후니,1460,https://www.youtube.com/watch?v=Pkgnvz9Nt7E
엑소스 히어로즈,11,2019_11_21,0,0,뇽뇽몬,15,https://www.youtube.com/watch?v=7TWlGQKc0Lk
엑소스 히어로즈 11회뽑기 3회 과연 결과는 두근두근,"1,014",2019_11_21,3,4,몽수이,30,https://www.youtube.com/watch?v=vO3nu1uZT3w
신작모바일게임 엑소스 히어로즈 플레이영상,2,2019_11_21,0,0,삼월 유튜브,3,https://www.youtube.com/watch?v=FB5Shm-5CRg
엑소스 히어로즈 공략 [ 메인퀘스트 재도전 하는법 ] - 흑백게임,193,2019_11_21,5,0,흑백게임TV,0,https://www.youtube.com/watch?v=c5-Lo3gcSR0
[엑소스 히어로즈] 그냥 리세로 좋은거 뽑고 시작하세요;; 질러도 안나옵니다,"31,091",2019_11_21,97,15,라프TV,6300,https://www.youtube.com/watch?v=jViFtgpEecI
엑소스히어로즈 11연차 뽑기 !! 넘 재미없어서 졸면서 했습니다 ㅜ,90,2019_11_21,0,1,똥이,48,https://www.youtube.com/watch?v=a8h52_GUGvc
엑소스 히어로즈 제나투니아(결투장) 플레이,33,2019_11_21,0,0,우성아,21,https://www.youtube.com/watch?v=GbjHyWvoN04
"엑소스 히어로즈 5성 레임지, 베일리슈, 탈리아 플레이 영상",224,2019_11_21,1,0,TV쏠킴,8170,https://www.youtube.com/watch?v=t21JEYLV89w
[유니온] 엑소스히어로즈 보다 이겜이 더 궁금했다!!ㅋㅋ 성인용 하드코어 MMORPG 모바일게임 리뷰 엉아,"23,790",2019_11_21,210,11,엉아 TV,15400,https://www.youtube.com/watch?v=ERcKt-WsMSM
[엑소스 히어로즈] 진짜 갓게임!!!,407,2019_11_21,7,0,김택견,164,https://www.youtube.com/watch?v=uDUpCDVaPzw
"출시 하루만에 양대마켓 1위를 달성한 신작모바일게임, 수집형RPG 엑소스 히어로즈!",23,2019_11_21,0,0,댕박이니,0,https://www.youtube.com/watch?v=QOO6fszGpUc
엑소스 히어로즈 진 운명 영웅 얻는 방법 [사키엘TV],"7,932",2019_11_21,28,8,사키엘 TV,44600,https://www.youtube.com/watch?v=gm6BNOVCZt4
엑소스 히어로즈 프롤로그 스토리,250,2019_11_21,2,0,몽수이,30,https://www.youtube.com/watch?v=ggmoQnKQWyo
뽑기로 운명급뽑기!! - 엑소스히어로즈,19,2019_11_21,1,0,후리덤TV,0,https://www.youtube.com/watch?v=f4pqD1MROMU
[엑소스 히어로즈] Exos Heroes Game Story #1 | 과연 제온과 비트루의 운명은? |,25,2019_11_21,0,0,Lets play game story,0,https://www.youtube.com/watch?v=mWUTkbMpBkc
엑소스 히어로즈 컨텐츠들,9,2019_11_21,0,0,몽수이,30,https://www.youtube.com/watch?v=ElLjjKeEN0M
엑소스 히어로즈 탐색 및 도굴꾼 전투 영상,72,2019_11_21,0,0,라브라도,1,https://www.youtube.com/watch?v=fSDRi7tLXbY
[엑소스 히어로즈] 알아두면 손해는 안보는 기본적인 TIP!! - [송뚠뚠],"11,288",2019_11_21,59,7,송뚠뚠,0,https://www.youtube.com/watch?v=TgA9AyG7cOw
EXOS HEROES - Gotcha (엑소스 히어로즈 가챠),17,2019_11_21,0,0,쓰랩Bar길자,47,https://www.youtube.com/watch?v=lrD09jvb_Rc
엑소스히어로즈 제벤스투니어 플레이 영상,61,2019_11_21,0,0,이재덕,81,https://www.youtube.com/watch?v=c5LxCI0ThYw
[신작]엑소스 히어로즈_5성을 또줘??혜자?확률 무엇 2회,31,2019_11_21,2,0,태효니네#의게임채널,14,https://www.youtube.com/watch?v=QEPNA2WnBhc
엑소스히어로즈]카드뽑기+합성 진짜 대박이자너! ㅋㅋㅋ 빡겜 갑니닷! 대리문의 환영! 고수&조언 환영!,"2,149",2019_11_21,26,5,윤쿵쿵TV,6400,https://www.youtube.com/watch?v=UycaXGMKFN4
V4 물범 14.5투력 건슬도 떡상좀... 좀따 엑소스히어로즈 리뷰함!,"2,235",2019_11_21,25,2,물범,5860,https://www.youtube.com/watch?v=6DXVZrQnrBU
"엑소스 히어로즈 출시, 일단 에픽세븐 잡자",38,2019_11_21,0,0,진모짱,1750,https://www.youtube.com/watch?v=5Spuqi03JaA
모바일신작] 엑소스 히어로즈! 드디어 나왔다! 무과금 랭커를 향해! 다덤벼,53,2019_11_21,0,0,로드아,667,https://www.youtube.com/watch?v=i2QPFpYils0
[잡학다식] 실시간 방송 ON!! - ⚡엑소더스히어로즈⚡ - 'ㅅ') 엑소스 히어로즈 2일차,"1,598",2019_11_21,64,0,잡학다식,10200,https://www.youtube.com/watch?v=L8av0aP5fbo
엑소스 히어로즈]고퀄 비주얼 모바일 게임! 제대로 달려봅니닷! 과금도 해줄 예정! 가잣!,"2,893",2019_11_21,22,2,윤쿵쿵TV,6400,https://www.youtube.com/watch?v=1uQT-I58vFY
모바일) 일러스트 최강 게임!! 엑소스 히어로즈! -0-,12,2019_11_21,0,0,드라니스,2930,https://www.youtube.com/watch?v=O51npkqerlM
[GAME] EXOS HERE'S (엑소스 히어로즈),1,2019_11_21,0,0,Jo Han,2,https://www.youtube.com/watch?v=krAsr5CKEL8
[엑소스 히어로즈] 게임 플레이 영상 Part.1 - 코멘트 없음,10,2019_11_21,0,0,허룡,0,https://www.youtube.com/watch?v=QJunOo6e4mc
엑소스 히어로즈 챕터1 스토리,181,2019_11_21,2,0,몽수이,30,https://www.youtube.com/watch?v=2Rj9khEz7jc
[뽑기] 엑소스 히어로즈 첫날 확률업뽑기 + 고급뽑기 질렀는데 족족 뜨네요; 확률 미친듯 태생5성이 쏟아진다;; 【초순의 엑소스 히어로즈 _ EXOS HEROES】,"8,594",2019_11_21,37,9,초순,17700,https://www.youtube.com/watch?v=LnyVm-rQaIM
엑소스히어로즈 게임플레이,0,2019_11_21,0,0,이재덕,81,https://www.youtube.com/watch?v=9LWiqVrqofo
[엑소스 히어로즈] 엑소스 목요생방! 나올때까지 한다! 본격 리세방송 (따라하지 마세요),"3,887",2019_11_21,38,2,세즈테르,7620,https://www.youtube.com/watch?v=oBDyVuCiyb0
[엑소스 히어로즈] 아름답게 별로였다 난 그랬다..,"30,397",2019_11_21,299,73,갓존슨,20400,https://www.youtube.com/watch?v=_KUraNcRVaM
Exos Heroes,"2,642",2019_11_22,16,1,SAVI魔人,50500,https://www.youtube.com/watch?v=vtNwvVVgxZc
엑소스 히어로즈 게임 시작,0,2019_11_22,0,0,노랗노랗,12,https://www.youtube.com/watch?v=bTpwnQMp6IU
Exos Heroes: Day 3 My Team/Event Summons/10 Summons,"5,448",2019_11_22,78,4,Scion Storm,39500,https://www.youtube.com/watch?v=VaeTQ71b2dY
엑소스히어로즈 Exos Heroes 클베유저 BJ시토 3일차 아프리카 동시송출,293,2019_11_22,8,0,BJ시토,128,https://www.youtube.com/watch?v=JXJqX5Ve_Jw
엑소스 히어로즈 운명 10개 ! 더줘 또줘! (모르시는거 물어보세요),"1,713",2019_11_22,16,2,스도린,0,https://www.youtube.com/watch?v=D6bSZhVLcP4
엑소스 히어로즈 - Exos Heroes,138,2019_11_22,0,0,리안yh,163,https://www.youtube.com/watch?v=RpfYcxrP7z4
[에픽세븐] 금요일 에픽대뽑! 바사르+월뽑 흑염소 떴냐? +엑소스 잠깐,"1,989",2019_11_22,49,10,세즈테르,7620,https://www.youtube.com/watch?v=qDlFVfveWTg
"[ 엑소스 히어로즈] 신작 비주얼RPG 모바일게임 날씨좋은주말 게임 렛츠고! [AXE, V4, DX 신세기의전쟁, ] 샤키의 모바일게임",55,2019_11_22,2,0,샤킬TV,0,https://www.youtube.com/watch?v=TMeFXL9EEU8
엑소스히어로즈]3일차 빡겜! 2시 뽑기 ㄱㄱ! 대리문의 환영! 고수&조언 환영!,951,2019_11_22,19,1,윤쿵쿵TV,6400,https://www.youtube.com/watch?v=qRSKlDQD2cg
[엑소스히어로즈] 이 계정은 스타트가 좋다! 운명3개로 성장해봅니다,929,2019_11_22,8,1,팟튜브,3180,https://www.youtube.com/watch?v=YqBifeWlu9o
[실시간 Live ] 엑소스히어로즈 플레이 Live,159,2019_11_22,11,1,채널썬케이 Channel Sun.K,1960,https://www.youtube.com/watch?v=4vwgZhmVNsQ
엑소스히어로즈 Exos Heroes 클베유저 BJ시토 유피르의 미궁 24층 클리어,244,2019_11_22,5,1,BJ시토,128,https://www.youtube.com/watch?v=XJUPGe0v-WY
[엑소스히어로즈] 현재까지 운명4개. 스타트가 순조롭습니다,"1,203",2019_11_22,7,3,팟튜브,3180,https://www.youtube.com/watch?v=hTHj5QDgt3Y
[엑소스 히어로즈] 게임 플레이 영상 Part.2 - 코멘트 없음,10,2019_11_22,0,0,허룡,0,https://www.youtube.com/watch?v=YVg_7ROLak8
[엑소스히어로즈] 계정갈아탔습니다 운명 2개 스타트,832,2019_11_22,9,2,팟튜브,3180,https://www.youtube.com/watch?v=5mFfjq3VXFk
모바일 신규게임 엑소스 히어로즈 무과금 스토리 진행,21,2019_11_22,1,0,김윈드TV,7,https://www.youtube.com/watch?v=Azg7jyC82rg
"엑소스 히어로즈 2,3성을 키워야 하는 이유 [사키엘TV]","3,760",2019_11_22,15,6,사키엘 TV,44600,https://www.youtube.com/watch?v=sMlVqqY-KgY
[빵재!] (19.11.21. 출시) 엑소스 히어로즈 2일차,7,2019_11_22,0,0,빵재!(Bread_Ash),35,https://www.youtube.com/watch?v=94myuSv73aw
엑소스 히어로즈 힐러 영웅 TOP3 [사키엘TV],"2,888",2019_11_22,18,7,사키엘 TV,44600,https://www.youtube.com/watch?v=15grL4KeLy4
엑소스 히어로즈 고급영입 11회 뽑기 2회 과연 두근두근,330,2019_11_22,2,0,몽수이,30,https://www.youtube.com/watch?v=iYTxr1E8248
엑소스 히어로즈! 초보자들을 위한 모든 것!!!,110,2019_11_22,3,0,하늘두덕,12,https://www.youtube.com/watch?v=HePgjcedqVY
[신작 모바일 게임] Exos Heroes(엑소스 히어로즈),7,2019_11_22,0,0,까짱,3,https://www.youtube.com/watch?v=hzDMX3eR8Z8
엑소스 히어로즈 pvp,97,2019_11_22,0,0,몽수이,30,https://www.youtube.com/watch?v=OuLKH6TYdSk
엑소스 히어로즈 챕터3 스토리,124,2019_11_22,1,0,몽수이,30,https://www.youtube.com/watch?v=jd2lMKJKZrE
[엑소스 히어로즈] 운명 등급보다 높은 등급 캐릭터가 있다고? 합성으로 뽑아보자,"22,551",2019_11_22,62,12,라프TV,6300,https://www.youtube.com/watch?v=2LencL2EXjQ
엑소스히어로즈]잠깐.카드뽑기 1운명 5전설 중에 키벨레만 3마리라고? 강제 초월각 실화?,"2,134",2019_11_22,8,5,윤쿵쿵TV,6400,https://www.youtube.com/watch?v=C-WiZ8OcaHk
엑소스 히어로즈 리세마라 33연차 12회 결과 정산,"1,924",2019_11_22,2,0,티컬타임,605,https://www.youtube.com/watch?v=nGGxmX5MeVw
엑소스 히어로즈 골드 사용 우선 순위 & 얻는 방법 [사키엘TV],"4,704",2019_11_22,14,5,사키엘 TV,44600,https://www.youtube.com/watch?v=GuHFwHauOS8
엑소스히어로즈 무과금 노가다의 왕 !!노딱조심방송!!,"5,265",2019_11_22,71,5,온옹,1330,https://www.youtube.com/watch?v=9-KxR09WETo
엑소스 히어로즈 챕터6-16,30,2019_11_22,0,0,boy63 water,2,https://www.youtube.com/watch?v=GFEIriBr07E
"[엑소스 히어로즈] 그래픽과 모션을 넘어, 육성까지 뛰어난 수집형 턴제 RPG Exos Heros",276,2019_11_22,9,0,잼둥,460,https://www.youtube.com/watch?v=MTf8fvG9lso
엑소스 히어로즈 챕터 7-6,19,2019_11_22,0,0,boy63 water,2,https://www.youtube.com/watch?v=FcFhg1bZEno
[Exos Heroes] 정식 오픈 초반플레이,91,2019_11_22,1,0,Eogus,386,https://www.youtube.com/watch?v=RpDgXFDrkvw
엑소스히어로즈] 운명합성 도전! 하지만 결과는 예토전생? 그것도 연속이라니! 이거 주작아니냐!,"4,885",2019_11_22,17,3,윤쿵쿵TV,6400,https://www.youtube.com/watch?v=bYzUc5SxYpY
엑소스 히어로즈 챕터6-14,30,2019_11_22,0,0,boy63 water,2,https://www.youtube.com/watch?v=A8kjg2sk_3Y
EXOS HEROES - Gatcha (엑소스 히어로즈 가챠),44,2019_11_22,2,0,쓰랩Bar길자,47,https://www.youtube.com/watch?v=HI-dKnE5lsY
신작 엑소스히어로즈 리뷰! 비범이,"1,264",2019_11_22,6,1,비범이 BeBomb,8500,https://www.youtube.com/watch?v=oRRrJOLJQ9s
엑소스 히어로즈 챕터 7-4,36,2019_11_22,0,0,boy63 water,2,https://www.youtube.com/watch?v=-fbwFA7iyZg
"Exos Heroes Android/ios, (Gameplay part 2, battle with team, This will be the killer of Overhit)",76,2019_11_22,1,1,Lucife TTB,1660,https://www.youtube.com/watch?v=_bL_j0HRzs4
엑소스 히어로즈 필요 없는 장비 활용 하는 법 [사키엘TV],"1,789",2019_11_23,5,6,사키엘 TV,44600,https://www.youtube.com/watch?v=0FGBjYgLXRc
[엑소스히어로즈] 게임플레이 영상,22,2019_11_23,1,0,Land Games,269,https://www.youtube.com/watch?v=Zogu8dBHe0s
[빵재!] (19.11.21. 출시) 엑소스 히어로즈 3&4일차,15,2019_11_23,0,0,빵재!(Bread_Ash),35,https://www.youtube.com/watch?v=gdmsu1As0lc
BJ쯔양의 아이디어 공모전에 참가 하였습니다 (Feat.엑소스히어로즈),240,2019_11_23,4,4,미.남.쓰,0,https://www.youtube.com/watch?v=yX5_Wu1oUFg
엑소스 히어로즈 운명 10개 ! 더줘 또줘! (모르시는거 물어보세요),263,2019_11_23,4,0,스도린,0,https://www.youtube.com/watch?v=f4t0nhRkGtE
엑소스 히어로즈(Exos Heroes) - 코디유츠,63,2019_11_23,1,0,코디유츠,1530,https://www.youtube.com/watch?v=raBchelvWhI
엑소스히어로즈 !! 소통방송 !!,"2,363",2019_11_23,57,0,온옹,1330,https://www.youtube.com/watch?v=NG_5smnOB_c
[엑소스 히어로즈] 게임 플레이 영상 Part.3 - 코멘트 없음,25,2019_11_23,0,0,허룡,0,https://www.youtube.com/watch?v=M8irHlQpKPU
엑소스히어로즈 6성 뽑기! 비범이,"14,446",2019_11_23,41,17,비범이 BeBomb,8500,https://www.youtube.com/watch?v=HhESDbqsAf8
[엑소스 히어로즈] 챕터 1 스토리 + 사이드 스토리,15,2019_11_23,0,0,Gid Junk,0,https://www.youtube.com/watch?v=mNef1Gj0UJM
'엑소스 히어로즈' 스토리,3,2019_11_23,0,0,우킹,2,https://www.youtube.com/watch?v=BDCj0hqohkE
[세즈테르] 엑소스 토요방송! 엑소스 히어로즈 레벨업 방송 +챕터 공략!,"2,264",2019_11_23,24,1,세즈테르,7620,https://www.youtube.com/watch?v=6vtf1_o5-IA
엑소스 히어로즈(exos heroes) 고대 토템 잡아보기,30,2019_11_23,0,0,Moon Gamer,22,https://www.youtube.com/watch?v=wt4VamFZJA8
[EXOS HEROES] 엑소스 히어로즈 초반에 안보면 후회할 1분팁 part1,563,2019_11_23,6,0,외로이,2540,https://www.youtube.com/watch?v=V81K6hzmCAA
엑소스 히어로즈 공략 [ 운명등급 아나스타샤 스킬 및 리뷰 ] - 흑백게임,"1,414",2019_11_23,0,0,흑백게임TV,0,https://www.youtube.com/watch?v=_NbYImBi40k
엑소스 히어로즈 플레이 영상,18,2019_11_23,1,0,코우쿠,21,https://www.youtube.com/watch?v=piSXFMGDIPY
EXOS HEROES - Gacha (엑소스 히어로즈 가챠),38,2019_11_23,1,0,쓰랩Bar길자,47,https://www.youtube.com/watch?v=s0znkq1ejIw
엑소스 히어로즈 탱커 영웅 TOP3 [사키엘TV],"2,997",2019_11_23,7,7,사키엘 TV,44600,https://www.youtube.com/watch?v=aLncDH-7UZ4
[엑소스 히어로즈] 그래픽 원탑! 획기적 시스템! 근데 살짝 질리네 ㅠㅠ | 김냥코 게임리뷰,612,2019_11_23,0,0,장작TV 게임리뷰,1730,https://www.youtube.com/watch?v=fvin7TUyvGI
(윤꼼) 엑소스 히어로즈 필드 랜덤 골렘 처치,8,2019_11_23,0,0,윤성일,7,https://www.youtube.com/watch?v=rwuvUPRttfw
[엑소스 히어로즈] 리세마라 가이드! 엑소스 시작부터 뽑기까지! 리세마라 총정리 Exos heroes Rishemara Guide,"18,698",2019_11_24,41,9,세즈테르,7620,https://www.youtube.com/watch?v=oraq02Lb8oc
"엑소스 히어로즈 모바일 도전 컨텐츠 경험의성소, 정령의성소, 영웅전",10,2019_11_24,0,0,겜하는 파프씨,33,https://www.youtube.com/watch?v=C7k_LVlMGuY
엑소스 히어로즈 스토리를 빨리 밀어야 하는 이유,51,2019_11_24,6,0,허호구,35,https://www.youtube.com/watch?v=ueSR7La5Blg
[엑소스 히어로즈]2번째시간💋기운빡빡❤,6,2019_11_24,1,0,로뎀나무TV,27,https://www.youtube.com/watch?v=HlaWap8uHvc
[엑소스 히어로즈] 게임 플레이 영상 Part.4 - 코멘트 없음,15,2019_11_24,0,0,허룡,0,https://www.youtube.com/watch?v=Orr4SFZzHF8
엑소스 히어로즈 진 운명 1개운명 11개 ! 더줘 또줘! (모르시는거 물어보세요),"2,364",2019_11_24,28,0,스도린,0,https://www.youtube.com/watch?v=nKZIYGxFRC8
[LIVE] EXOS HEROES [KR] ทดสอบระบบ รอเล่น Global ล่วงหน้าเลยครับ ! + ซาบริน่าโหดได้ใจ ! #1,"2,622",2019_11_24,22,4,Yuji,4880,https://www.youtube.com/watch?v=QubnMc4--8M
엑소스 히어로즈(Exos Heroes) 공략 - 코디유츠,168,2019_11_24,2,0,코디유츠,1530,https://www.youtube.com/watch?v=keBxganDoh8
엑소스 히어로즈 주말 마무리 미션깨뽀시기!,"1,243",2019_11_24,36,1,온옹,1330,https://www.youtube.com/watch?v=3Cg9FLfFRB8
"엑소스히어로즈]4일차. 5시30분. 11뽑,운명시계뽑 다 뽑고 합성 한 다음 7막 이후 도전. 가보자!","1,575",2019_11_24,18,4,윤쿵쿵TV,6400,https://www.youtube.com/watch?v=sYfw2vhrQxA
[엑소스 히어로즈] 육성 가이드! 효율적인 컨텐츠 진행을 위한 알짜 팁 모음! Exos heroes Level Up Tip & Guide,"13,962",2019_11_24,83,4,세즈테르,7620,https://www.youtube.com/watch?v=VAd7md60ShY
"모바일 게임 둘러보기!(v4,엑소스히어로즈,달빛조각사)",17,2019_11_24,0,0,MHW 피숑,0,https://www.youtube.com/watch?v=2_a-kOihT7k
엑소스 히어로즈 모바일 일일퀘스트 진행하기,5,2019_11_24,0,0,겜하는 파프씨,33,https://www.youtube.com/watch?v=fiIbIxvo7pE
(윤꼼) 엑소스 히어로즈 결투장,20,2019_11_24,0,0,윤성일,7,https://www.youtube.com/watch?v=lD9AbdM1fAE
엑소스 히어로즈 탈 4성 전설 영웅 TOP5 [사키엘TV],"12,564",2019_11_24,36,25,사키엘 TV,44600,https://www.youtube.com/watch?v=PmrcpWYVOcU
(윤꼼) 엑소스 히어로즈 전설2명 합성,44,2019_11_24,0,0,윤성일,7,https://www.youtube.com/watch?v=KR6p_5SSEEQ
엑소스 히어로즈 진 운명 필살기 모음 영상,"1,144",2019_11_24,5,0,스콜튜브,0,https://www.youtube.com/watch?v=6-_gjLX_LDI
엑소스 히어로즈 제스 4200개뽑기 결과는?.제발..,183,2019_11_24,0,0,Moon Gamer,22,https://www.youtube.com/watch?v=qnMZJ6ViCsw
3편 [엑소스 히어로즈][EXOS HEROES] 턴제RPG 에피소드 즐기기 [모바일게임],74,2019_11_24,1,0,만파윤,399,https://www.youtube.com/watch?v=RXqGjcQ4XCM
엑소스 히어로즈 플레이영상,138,2019_11_24,1,0,용덕이 게임저장소,55,https://www.youtube.com/watch?v=DcJhxeGpWIQ
엑소스 히어로즈 공략 [ 매일매일 탐색을 해야 하는 이유 ] - 흑백게임,739,2019_11_24,0,0,흑백게임TV,0,https://www.youtube.com/watch?v=bajjCM4ftAA
엑소스 히어로즈 또 다른가챠 !! 정배vs역배 !!,271,2019_11_24,9,0,온옹,1330,https://www.youtube.com/watch?v=I3P0aleCGfQ
Exos Heroes game Annie Hero [part1],56,2019_11_25,2,0,QuốcDũng Riverside,36,https://www.youtube.com/watch?v=1oVkGtl1lnI
"[만만] 엑소스 히어로즈 스토리, BGM, 그래픽 어느것 하나 빠지는게 없는 게임! 진짜 흥할거 같다","29,750",2019_11_25,144,54,만만,216000,https://www.youtube.com/watch?v=H-1yNqEIvXE
[엑소스 히어로즈] 제스 2만개!! 찐운명 지나이와 같이 쓸 쉘 뽑아봅시다,"21,492",2019_11_25,73,8,라프TV,6300,https://www.youtube.com/watch?v=6GUM9HP4lHw
엑소스 히어로즈 뽑기 [ 2400제스 확률업 30연뽑 영상 ] - 흑백게임,460,2019_11_25,6,1,흑백게임TV,0,https://www.youtube.com/watch?v=Xvfiz0HqjjY
엑소스 히어로즈(Exos Heroes) 공략 - 코디유츠,112,2019_11_25,4,0,코디유츠,1530,https://www.youtube.com/watch?v=dDTTQN_qY1Q
엑소스 히어로즈 진 운명 1개운명 11개 ! 더줘 또줘! (모르시는거 물어보세요),831,2019_11_25,5,0,스도린,0,https://www.youtube.com/watch?v=kFRvRXGOLRU
[물범] 출시 신작 엑소스히어로즈! 그래픽 하난 확실합니다!,408,2019_11_25,4,0,물범,5860,https://www.youtube.com/watch?v=AA5n9smNR-U
엑소스 히어로즈 진 운명 1개운명 13개 운명무기 1개 ! 더줘 또줘! (모르시는거 물어보세요),"1,266",2019_11_25,12,2,스도린,0,https://www.youtube.com/watch?v=yTgQjFPEnpk
엑소스 히어로즈 리뷰,57,2019_11_25,0,0,에드업,18,https://www.youtube.com/watch?v=3ViIF-f_4Lk
엑소스 히어로즈 운영자가 영웅을 준다?!,"2,860",2019_11_25,16,1,온옹,1330,https://www.youtube.com/watch?v=asN6-HX9zJs
다른 신작모바일게임과 비교 불가! 수집형RPG 교과서 엑소스 히어로즈,70,2019_11_25,0,0,세상엔 모인 금손,0,https://www.youtube.com/watch?v=bYgO41atE54
엑소스히어로즈 챕터 스토리 진행하다가 막혔을때 방법,96,2019_11_25,1,0,몽수이,30,https://www.youtube.com/watch?v=FeF1nFcNQVQ
[신작모바일게임] 수집형RPG 엑소스히어로즈의 귀염뽀짝한 미니게임,17,2019_11_25,0,0,쉿 ! 나만 볼거야,0,https://www.youtube.com/watch?v=jeX3GfP1mfo
"엑소스 히어로즈 레이드 with 아나스타샤, 챠피",71,2019_11_25,0,0,InvenMovieA,45,https://www.youtube.com/watch?v=td3apBjGAB0
[엑소스 히어로즈]❤즐거운 마음으로♡즐겨주세요,3,2019_11_25,1,0,로뎀나무TV,27,https://www.youtube.com/watch?v=JiJ01V4mDoI
"엑소스 히어로즈 레이드 without 아나스타샤, 챠피",264,2019_11_25,0,0,InvenMovieA,45,https://www.youtube.com/watch?v=eSbz9Gg5VMI
엑소스 히어로즈 챕터5 영상스토리,70,2019_11_25,0,0,몽수이,30,https://www.youtube.com/watch?v=1r-cXuAktz8
엑소스 히어로즈 모든유저가 알아야할 기본 팁!!,"2,245",2019_11_25,11,2,온옹,1330,https://www.youtube.com/watch?v=tB59Lm74Eck
#엑소스히어로즈#exosheroes 광고100번보고 해본게임! 엑소스 히어로즈 리뷰!,49,2019_11_25,8,0,혿튜브의 게임채널,27,https://www.youtube.com/watch?v=fP2ffxe9Mmk
플레이 추천! 엑소스히어로즈. 한번쯤 플레이 해볼 가치가 있는 고퀄 수집형 턴제 RPG 모바일 게임!,644,2019_11_25,5,1,윤쿵쿵TV,6400,https://www.youtube.com/watch?v=loKWa6efmZs
엑소스 히어로즈 영웅 빠른 레벨업 & 축복 [사키엘TV],"6,332",2019_11_25,24,7,사키엘 TV,44600,https://www.youtube.com/watch?v=Uj2UpHnRjQE
"[난닝구] 엑소스 히어로즈 ""수집형 게임의 끝판왕"" 그래픽 말도 안된다 | 1티어 캐릭 다 뽑아버릴게요~ EXOS HEROES","64,415",2019_11_25,232,68,난닝구TV,0,https://www.youtube.com/watch?v=TRPuSCBk6EE
후속작이 성공한 게임? 엑소스 히어로즈 리뷰,427,2019_11_25,11,1,게임볼TV,7210,https://www.youtube.com/watch?v=ZlT9EmWaz1k
[엑소스 히어로즈] 알아두면 편해지는 짤막팁! - [송뚠뚠],"4,324",2019_11_25,31,2,송뚠뚠,0,https://www.youtube.com/watch?v=nAC0Jzbrc90
엑소스 히어로즈 챕터4 영상스토리 입니다,89,2019_11_25,1,0,몽수이,30,https://www.youtube.com/watch?v=0a5ftQkwgbA
엑소스 히어로즈 제벤스투니어,1,2019_11_26,0,0,윤서호,0,https://www.youtube.com/watch?v=IbIdqbOwpVQ
엑소스 히어로즈 제벤스투니어,140,2019_11_26,0,0,InvenMovieA,45,https://www.youtube.com/watch?v=pexs9TjGFdQ
엑소스히어로즈 전투 영상,30,2019_11_26,0,0,N낭만스러움,0,https://www.youtube.com/watch?v=tQz3tuMEx1E
엑소스 히어로즈 7 13 클리어,96,2019_11_26,0,0,InvenMovieA,45,https://www.youtube.com/watch?v=UD8kCk62j1s
엑소스 히어로즈 이벤트 뽑기 존버 결과는?!,"2,783",2019_11_26,31,5,온옹,1330,https://www.youtube.com/watch?v=fG0TU2aifzs
엑소스 히어로즈 7 13 실패,188,2019_11_26,0,0,InvenMovieA,45,https://www.youtube.com/watch?v=i-kyuXu34IU
모바일) 일러스트 최강 게임!! 엑소스 히어로즈! -2-,8,2019_11_26,0,0,드라니스,2930,https://www.youtube.com/watch?v=gePCrHqhmJE
모바일) 일러스트 최강 게임!! 엑소스 히어로즈! -1-,8,2019_11_26,0,0,드라니스,2930,https://www.youtube.com/watch?v=g3_7QO2zhWw
[엑소스 히어로즈] 이젠 운명보다 높은 등급 찐 운명 시대! 운명 + 운명 합성 가즈아~!,"9,486",2019_11_26,32,14,라프TV,6300,https://www.youtube.com/watch?v=xeneEo1Y07E
엑소스 히어로즈 엑소스 페스타 공략 - 숲 탐색 & 고장난 비공정 [사키엘TV],"2,455",2019_11_26,12,3,사키엘 TV,44600,https://www.youtube.com/watch?v=aelN2BqEN1s
[엑소스 히어로즈]4번째시간❤오늘도 기운빡❤,2,2019_11_26,0,0,로뎀나무TV,27,https://www.youtube.com/watch?v=rTg8tgUsaPI
엑소스 히어로즈 챕터6 영상스토리,105,2019_11_26,1,0,몽수이,30,https://www.youtube.com/watch?v=sgfG8cfpiBw
모바일게임리뷰 엑소스 히어로즈 EXOS HEROES 신작 턴제 RPG,38,2019_11_26,0,0,로드아,667,https://www.youtube.com/watch?v=2Y_CitfoVdI
엑소스 히어로즈 대리뽑기 5000제스 + 퓨어합성 2회!,"9,217",2019_11_26,21,5,스도린,0,https://www.youtube.com/watch?v=8bYryFdlTTI
엑소스 히어로즈(Exos Heroes) 공략 - 코디유츠,133,2019_11_26,4,0,코디유츠,1530,https://www.youtube.com/watch?v=AzbjUGNF8d4
[엑소스 히어로즈] 게임 플레이 영상 Part.5 - 코멘트 없음,16,2019_11_26,0,0,허룡,0,https://www.youtube.com/watch?v=qW7PIPlDDFo
[EXOS HEROES] 엑소스 히어로즈 초반에 안보면 후회할 1분팁 part2,308,2019_11_26,3,0,외로이,2540,https://www.youtube.com/watch?v=2z_pPW5tlf8
엑소스 히어로즈 진 운명 1개! 운명 13개! 운명무기 1개! (모르시는거 물어보세요),"1,373",2019_11_26,13,2,스도린,0,https://www.youtube.com/watch?v=j9iE06i_kRI
엑소스 히어로즈 아이템 분해를 이용한 높은등급 아이템 파밍,80,2019_11_26,2,1,몽수이,30,https://www.youtube.com/watch?v=bkbyKt2CjpA
김작가방송 - 신슈 모바일 게임 엑소스 히어로즈 플레이!,33,2019_11_26,1,0,김작가의 게임방송,49,https://www.youtube.com/watch?v=AOOYycePClw
[엑소스 히어로즈] 아니.. 찐 운명 뜨는거 맞나요? 운명 5개 합성 합니다,"12,223",2019_11_27,33,6,라프TV,6300,https://www.youtube.com/watch?v=sc7uNOJqRmQ
신작모바일게임 엑소스 히어로즈! 제벤스 투니어에서 수집형RPG의 참맛을 느껴보자!,13,2019_11_27,0,0,Bukkm,1,https://www.youtube.com/watch?v=H0a7Axn1f3Y
[신작모바일게임] 도전욕구 뿜뿜! 수집형RPG 엑소스 히어로즈! 유피르의 미궁,45,2019_11_27,0,0,이미있어,2,https://www.youtube.com/watch?v=nqJxVb3JFio
5편 [엑소스 히어로즈][EXOS HEROES] 턴제RPG 에피소드 즐기기 [모바일게임],49,2019_11_27,1,0,만파윤,399,https://www.youtube.com/watch?v=fpYXS-rYJxA
엑소스 히어로즈 진 운명 1개! 운명 14개! 운명무기 1개! (모르시는거 물어보세요),833,2019_11_27,10,2,스도린,0,https://www.youtube.com/watch?v=bUCB0QCmcpM
김작가방송 - 신슈 모바일 게임 엑소스 히어로즈 2일차,15,2019_11_27,0,0,김작가의 게임방송,49,https://www.youtube.com/watch?v=LPC0QxWQ_Xc
엑소스히어로즈 Exos Heroes 클베유저 BJ시토 미궁 30층 올클! 아프리카 동시송출,346,2019_11_27,5,0,BJ시토,128,https://www.youtube.com/watch?v=5b1zowsuxLE
[엑소스 히어로즈] 게임 플레이 영상 Part.6 - 코멘트 없음,5,2019_11_27,0,0,허룡,0,https://www.youtube.com/watch?v=d2eBUblgNdI
[신비휴]신비한 엑소스 히어로즈 라디오,389,2019_11_27,7,0,신비휴,3430,https://www.youtube.com/watch?v=Zgzy_F9PPdw
고품격모바일게임 리뷰-[엑소스 히어로즈(Exos Heroes/エクソスヒーローズ)'-'와따~간만에 쪼메 맘에 드는 게임 만난듯~!',74,2019_11_27,1,0,천상천하,0,https://www.youtube.com/watch?v=J-aDxqbp5ro
엑소스 히어로즈 진 운명 1개! 운명 15개! 운명무기 1개! 진 전설 1개! (모르시는거 물어보세요),"1,325",2019_11_27,9,1,스도린,0,https://www.youtube.com/watch?v=vuhAEPggBN8
[율무TV] 신작 턴제알피지! 엑소스히어로즈 무과금이어도 운명4개^^ 너무쉽고~,"1,750",2019_11_28,0,0,율무TV,6950,https://www.youtube.com/watch?v=_lf2lrB-O-w
엑소스 히어로즈 진 운명 1개! 운명 18개! 운명무기 1개! 진 전설 2개! (모르시는거 물어보세요),756,2019_11_28,8,3,스도린,0,https://www.youtube.com/watch?v=TvwQoICFSGU
비주얼리즘 RPG 게임 엑소스 히어로즈 플레이 영상,13,2019_11_28,0,0,신우진,11,https://www.youtube.com/watch?v=RDk2kyKSD8w
모바일게임 엑소스 히어로즈 (Exos Heroes) 플레이영상 by. 민수르,20,2019_11_28,1,0,Play민수르,103,https://www.youtube.com/watch?v=l5-GYrzroGc
엑소스 히어로즈 대박 대리뽑기 엑소디움 100회! + 고급뽑기 44회! + 레이드 장비 5회!,"5,371",2019_11_28,13,5,스도린,0,https://www.youtube.com/watch?v=s-PKWr2xdyA
[겜프링] 오랜만의 모바일 게임 이었던 것 [엑소스 히어로즈],7,2019_11_28,1,0,호프링,32,https://www.youtube.com/watch?v=ERyhA8EsWMg
[엑소스 히어로즈]11/29 업뎃후 레이드 1페이즈 깨기(잊혀진 용들의 성지),405,2019_11_28,0,0,Sweet Cookie,4130,https://www.youtube.com/watch?v=rIl-uduUpk0
[엑소스 히어로즈] 엑린이들을 위한 전투력 효율적으로 올려보기 - [송뚠뚠],"3,652",2019_11_28,19,1,송뚠뚠,0,https://www.youtube.com/watch?v=K7gqeBLXOLk
엑소스 히어로즈 초반 게임 플레이 영상,25,2019_11_28,2,0,게임셋 Gameset,0,https://www.youtube.com/watch?v=MNV0h050d4s
[엑소스 히어로즈]6번째시간❤흔들 흔들 즐겨봅시당❤💋,1,2019_11_28,0,0,로뎀나무TV,27,https://www.youtube.com/watch?v=8Vxbm2x7cp4
6편 엑소스 히어로즈][EXOS HEROES] 턴제RPG 에피소드 결투장 유피르의미로 즐기기 [모바일게임],43,2019_11_28,1,0,만파윤,399,https://www.youtube.com/watch?v=v5RxKjtIe94
"디자인 그래픽 원탑 엑소스히어로즈 보상, 운명 뽑기, 인게임영상 모음 , 정보는 댓글에 있어요😍","15,340",2019_11_28,58,38,이게임 어때,13600,https://www.youtube.com/watch?v=65JsGMJi_Yw
엑소스 히어로즈_유피르의 미로 30층 클리어 영상,"2,463",2019_11_28,10,1,갓국,1190,https://www.youtube.com/watch?v=dgcdp9RHU2E
엑소스 히어로즈 10+1 2차 3차 이번엔 나오는것이다?? 두근~두근~,22,2019_11_28,3,1,김한칼,0,https://www.youtube.com/watch?v=5XK-20Sqd-Q
엑소스 히어로즈 진 운명 1개! 운명 17개! 운명무기 1개! 진 전설 2개! (모르시는거 물어보세요),"1,838",2019_11_28,15,2,스도린,0,https://www.youtube.com/watch?v=Gj8EbRAJD9M
엑소스 히어로즈(Exos Heroes) 무과금 공략 - 코디유츠,203,2019_11_28,6,1,코디유츠,1530,https://www.youtube.com/watch?v=RrumpPqhiRY
엑소스 히어로즈 진 운명 1개! 운명 18개! 운명무기 1개! 진 전설 2개! (모르시는거 물어보세요),104,2019_11_29,0,1,스도린,0,https://www.youtube.com/watch?v=P9OSik6kLec
Exos Heroes | เก็บด่านปั้นตัวกันต่อดีกว่า,"1,158",2019_11_29,20,1,BlaSTzFun Ch,182000,https://www.youtube.com/watch?v=JrGm0zrJW9Q
엑소스히어로즈 Exos Heroes 클베유저 BJ시토 10챕터왔음! 미궁 30층 올클 10챕터 가즈아! 아프리카 동시송출,909,2019_11_29,11,0,BJ시토,128,https://www.youtube.com/watch?v=AZAnzKfnMxg
엑소스 히어로즈 첫번째 업데이트!! 추후 업데이트는?!,"1,044",2019_11_29,20,2,온옹,1330,https://www.youtube.com/watch?v=-ApIiNp9Ao8
엑소스 히어로즈 진 운명 1개! 운명 18개! 운명무기 1개! 진 전설 2개! (모르시는거 물어보세요),"1,467",2019_11_29,11,4,스도린,0,https://www.youtube.com/watch?v=zCoNnYJejrQ
엑소스 히어로즈(Exos Heroes) 무과금 공략 - 코디유츠,88,2019_11_29,0,0,코디유츠,1530,https://www.youtube.com/watch?v=mS5Bb2_B9Xc
엑소스히어로즈 Exos Heroes 클베유저 BJ시토 코스튬 갓겜! 미궁 30층 올클 10챕터 가즈아! 아프리카 동시송출,146,2019_11_29,3,0,BJ시토,128,https://www.youtube.com/watch?v=P6VdX7p-wyo
[엑소스 히어로즈] 게임 플레이 영상 Part.7 - 코멘트 없음,35,2019_11_29,1,0,허룡,0,https://www.youtube.com/watch?v=RLAI8TLItTI
엑소스 히어로즈 진 운명 1개! 운명 18개! 운명무기 1개! 진 전설 2개! (모르시는거 물어보세요),"1,346",2019_11_29,10,2,스도린,0,https://www.youtube.com/watch?v=YXPRTtxpLLs
엑소스 히어로즈 고급 뽑기 88회 + 운명 / 전설 합성!,"4,945",2019_11_29,15,9,스도린,0,https://www.youtube.com/watch?v=sd__F5sq4Ic
[엑소스 히어로즈] 그래픽 좋은 모바일 양산형이라고? 과연?,670,2019_11_29,19,1,"엉기의 잡학사전, 시간 때우는 게임 채널",749,https://www.youtube.com/watch?v=ehTwTT8DNxA
(윤꼼) 엑소스 히어로즈 신규캐릭터 에이프릴,73,2019_11_29,1,0,윤성일,7,https://www.youtube.com/watch?v=j3Q9Rv0dCrI
엑소스 히어로즈 리세마라 가이드,"1,630",2019_11_29,1,0,현승아,7,https://www.youtube.com/watch?v=h5ytldbV9MA
이 게임 성우 형이 자꾸 나에게 게임을 권한다. (with. 남도형 성우) ㅣ'엑소스 히어로즈',"21,915",2019_11_29,1100,9,유준호,866000,https://www.youtube.com/watch?v=XkVsQWkhELE
7편 엑소스 히어로즈][EXOS HEROES] 턴제RPG 에피소드 즐기기 [모바일게임] 갈수록 힘들어지네...,183,2019_11_29,1,0,만파윤,399,https://www.youtube.com/watch?v=Zgzxsdl3DeI
[엑소스 히어로즈] 나중에 뭔 짓하려고 캐릭터 등급을 나눠두냐..? 천장도 없으면서 뭐 하자는건데? 모바일 게임 플레이 리뷰,"15,408",2019_11_29,96,87,겜뚜껑,1550,https://www.youtube.com/watch?v=Tw8JN8Sm1HY
엑소스 히어로즈(Exos Heroes) 무과금 공략 - 코디유츠,49,2019_11_29,1,0,코디유츠,1530,https://www.youtube.com/watch?v=xg_qUm-Y3SY
엑소스 히어로즈 모바일 본계정 19레벨 잊혀진 용들의 성지 레이드 도전기,15,2019_11_30,0,0,겜하는 파프씨,33,https://www.youtube.com/watch?v=YQBB4EtfV28
[엑소스 히어로즈] 엑소스 운명뽑기! 나올 때까지 한다? 힐링주의 (고급영입 하지마세요) Exos heroes Destiny Summon,"9,663",2019_11_30,53,5,세즈테르,7620,https://www.youtube.com/watch?v=Xr5H2epB9BQ
갓겜이라고?! 진짜?? 엑소스 히어로즈(Exos Heroes)는 과연 어떨까?,823,2019_11_30,7,0,야자냐,86,https://www.youtube.com/watch?v=RZrLHG7f2Ng
엑소스 히어로즈 제스 4200개 운명 뽑기 가즈아 [사키엘TV],"2,423",2019_11_30,16,1,사키엘 TV,44600,https://www.youtube.com/watch?v=X-PFzFhJnKE
엑소스히어로즈 고급영입,20,2019_11_30,2,3,냥찰남,11,https://www.youtube.com/watch?v=0bYTWZ5GSic
엑소스 히어로즈(Exos Heroes) 무과금 공략 - 코디유츠,71,2019_11_30,4,0,코디유츠,1530,https://www.youtube.com/watch?v=507rdG8Ykh8
[EXOS HEROES] 엑소스 히어로즈 초반에 안보면 후회할 1분팁 part3,202,2019_11_30,3,0,외로이,2540,https://www.youtube.com/watch?v=MsBm42Ljpxw
[엑소스 히어로즈] 과금없이 13000개 제스 존버 월초기화 과연 존버의 빛을 볼까?,"1,367",2019_11_30,15,5,팟튜브,3180,https://www.youtube.com/watch?v=D18bTd8u8uA
엑소스히어로즈 Exos Heroes 클베유저 BJ시토 대뽑 및 합성가즈아! 아프리카 동시송출,"1,111",2019_11_30,7,0,BJ시토,128,https://www.youtube.com/watch?v=rvcpbwxdeLE
[엑소스 히어로즈] 토요생방 엑소스! 레벨업&뽑기 공략팁 살짝! +소소한 잡담,"2,869",2019_11_30,33,2,세즈테르,7620,https://www.youtube.com/watch?v=aQWHWfer3zc
엑소스 히어로즈(Exos Heroes) 무과금 공략 - 코디유츠,119,2019_11_30,2,0,코디유츠,1530,https://www.youtube.com/watch?v=4aLkz2WWggQ
엑소스 히어로즈 진 운명 1개! 운명 20개! 운명무기 1개! 진 전설 2개! (모르시는거 물어보세요)!,"1,965",2019_11_30,28,1,스도린,0,https://www.youtube.com/watch?v=jzWrjhexBDw
[엑소스 히어로즈] 마하르 장인. 마하르만 3개.. 제스 존버 12월에 빛봅니다,518,2019_11_30,6,0,팟튜브,3180,https://www.youtube.com/watch?v=FDx4iKql32o
엑소스 히어로즈 진 운명 1개! 운명 18개! 운명무기 1개! 진 전설 2개! (모르시는거 물어보세요),"1,168",2019_11_30,18,1,스도린,0,https://www.youtube.com/watch?v=F3laexASLZo
엑소스 히어로즈 지휘덱 드디어 러들리가 떳습니다ㅠㅠㅠㅠㅠ,168,2019_12_01,0,0,무비스토리,0,https://www.youtube.com/watch?v=j0huC9ACmbI
엑소스 히어로즈(Exos Heroes) 무과금 공략 - 코디유츠,500,2019_12_01,5,0,코디유츠,1530,https://www.youtube.com/watch?v=FSyM8yyaX0c
엑소스 히어로즈 진 운명 1개! 운명 20개! 운명무기 1개! 진 전설 2개! (모르시는거 물어보세요)!,"1,350",2019_12_01,15,1,스도린,0,https://www.youtube.com/watch?v=Yk74DJJ02gU
엑소스 히어로즈(Exos Heroes) 무과금 공략 - 코디유츠,20,2019_12_01,0,0,코디유츠,1530,https://www.youtube.com/watch?v=vXeIAZGQcVw
[엑소스 히어로즈] 게임 플레이 영상 Part.8 - 레이드 / 코멘트 없음,14,2019_12_01,1,0,허룡,0,https://www.youtube.com/watch?v=Wyqut-wz_4Q
김작가방송 - 신슈 모바일 게임 엑소스 히어로즈 4일차,15,2019_12_01,1,0,김작가의 게임방송,49,https://www.youtube.com/watch?v=OqvBxiwSPHQ
[빵재!] 엑소스 히어로즈 - 전혀 귀담아 들을 필요없는 캐릭터 & 장비 팁,"1,094",2019_12_01,7,0,빵재!(Bread_Ash),35,https://www.youtube.com/watch?v=tpmkHstQ6vo
엑소스 히어로즈 진 운명 1개! 운명 21개! 운명무기 2개! 진 전설 2개! (모르시는거 물어보세요)!,"1,307",2019_12_01,17,8,스도린,0,https://www.youtube.com/watch?v=A6ENfWWVZ9g
엑소스 히어로즈 레이드 플레이 영상,24,2019_12_01,0,0,티케의딸,0,https://www.youtube.com/watch?v=gqEYYND3p10
[엑소스 히어로즈] 엑소스 꿀팁모음! 챕터9 달성기념 숨어있는 미세 꿀팁 대방출 Exos heroes Level Up Tip & Guide,"12,335",2019_12_01,102,4,세즈테르,7620,https://www.youtube.com/watch?v=2h6i8QC7ILw
[엑소스 히어로즈] 전설 합성 도전! 진영웅 떴냐? Exos heroes Destiny Summon,"6,306",2019_12_01,25,1,세즈테르,7620,https://www.youtube.com/watch?v=JhDLHtBuiIU
엑소스 히어로즈_메인스토리 10-1 클리어 (투력 159만),"1,793",2019_12_01,3,1,갓국,1190,https://www.youtube.com/watch?v=hxU6h8a1iYY
[엑소스 히어로즈] 월 초기화 확률 업 이벤트 영입 / 뽑기 ㄱㄱ,41,2019_12_01,1,2,허룡,0,https://www.youtube.com/watch?v=lfiDIpejZbk
Exos Heroes (Android/KR) - Animasi skillnya keren parah !!,36,2019_12_01,8,0,Gabut Gaming,89,https://www.youtube.com/watch?v=UDAjw-jtKTk
엑소스 히어로즈 게임 플레이 영상,8,2019_12_01,0,0,오늘뭐먹지?,0,https://www.youtube.com/watch?v=k8yD7X4GjaA
엑소스히어로즈 Exos Heroes 클베유저 BJ시토 투력160 미로30층올클! 아프리카 동시송출,625,2019_12_02,7,0,BJ시토,128,https://www.youtube.com/watch?v=q9dosAnPLEE
[엑소스 히어로즈] 확률업 초기화 다들 잘 나오셨나요? (운명 합성 까지),"4,355",2019_12_02,23,4,라프TV,6300,https://www.youtube.com/watch?v=4aoTZefuCok
제온성우 남도형과 함께하는 엑소스 히어로즈 리뷰!,"13,791",2019_12_02,969,3,남도형의 블루클럽,17900,https://www.youtube.com/watch?v=r1rtTrhBvAs
[엑소스 히어로즈] 확률업 소환! 12월 확률업! 이번엔 떴냐? Exos heroes Destiny Summon,"5,146",2019_12_02,41,8,세즈테르,7620,https://www.youtube.com/watch?v=U210yVdXeH8
김작가방송 - 신슈 모바일 게임 엑소스 히어로즈 5일차,27,2019_12_02,2,0,김작가의 게임방송,49,https://www.youtube.com/watch?v=CxtQQoQucpo
엑소스 히어로즈 진 운명 1개! 운명 22개! 운명무기 2개! 진 전설 2개! (모르시는거 물어보세요)!,"1,158",2019_12_02,9,2,스도린,0,https://www.youtube.com/watch?v=xw3AVScSmpE
엑소스 히어로즈(Exos Heroes) 무과금 PVP 공략 - 코디유츠,345,2019_12_02,4,0,코디유츠,1530,https://www.youtube.com/watch?v=qUTXXK3zLc8
엑소스 히어로즈 진 운명 1개! 운명 23개! 운명무기 2개! 진 전설 2개! (모르시는거 물어보세요)!,495,2019_12_03,4,1,스도린,0,https://www.youtube.com/watch?v=7DU50GPVwV0
엑소스 히어로즈 !! 찐전설 뽑힌 스트리밍 기부니가 조쿠낭!,"1,907",2019_12_03,24,1,온옹,1330,https://www.youtube.com/watch?v=U3lIo0pmbiY
엑소스히어로즈 Exos Heroes 클베유저 BJ시토 투력161 미로30층올클! 아프리카 동시송출,407,2019_12_03,4,0,BJ시토,128,https://www.youtube.com/watch?v=nGNfGrigMzU
엑소스 히어로즈(Exos Heroes) 무과금 PVP공략 - 코디유츠,268,2019_12_03,6,0,코디유츠,1530,https://www.youtube.com/watch?v=KiPqrSpJPYg
김작가방송 - 신슈 모바일 게임 엑소스 히어로즈 6일차,45,2019_12_03,0,0,김작가의 게임방송,49,https://www.youtube.com/watch?v=dtrNP-IVRY0
엑소스 히어로즈 진 운명 1개! 운명 23개! 운명무기 2개! 진 전설 2개! (모르시는거 물어보세요)!,"1,668",2019_12_03,20,0,스도린,0,https://www.youtube.com/watch?v=RUTxPQy9AG4
모바일게임 엑소스 히어로즈 (Exos Heroes) 미니게임 플레이영상 by. 민수르,11,2019_12_03,1,0,Play민수르,103,https://www.youtube.com/watch?v=vtIgfhK-V5c
엑소스 히어로즈 뽑기 총 15회 멸망전,"2,679",2019_12_03,13,2,몽수이,30,https://www.youtube.com/watch?v=nwXd9TfKHPs
[New Game] Exos Heroes Skill (skills compilation) / 엑소스 히어로즈 스킬 모음,39,2019_12_03,1,0,MAGIC PAINT,0,https://www.youtube.com/watch?v=ZVgfxknjf9c
엑소스 히어로즈 필수 3성 영웅 TOP5 [사키엘TV],"2,721",2019_12_03,15,4,사키엘 TV,44600,https://www.youtube.com/watch?v=iQi52Y_GfmQ
엑소스히어로즈 = 미니게임으로 부자되자 -- 골 드 수 급 편 -,74,2019_12_03,3,0,김한칼,0,https://www.youtube.com/watch?v=X3MOt-uI8HM
엑소스 히어로즈!! 예뻐소 좋은게임 추천합니다!!,193,2019_12_03,1,0,[꼬꼬TV]께임꼬꼬,2,https://www.youtube.com/watch?v=OXOScXUJ6yM
[엑소스 히어로즈] 6성 합성 원기옥 모아서 단 한번!,"4,449",2019_12_03,30,3,라프TV,6300,https://www.youtube.com/watch?v=n49yGAAGjXE
엑소스 히어로즈 (Exos Heroes) 스토리 - 프롤로그 (Prologue) | 이게 모바일 게임 스토리라고?,33,2019_12_03,6,0,아수랑asurang,115,https://www.youtube.com/watch?v=T1ZwTR-opSk
엑소스 히어로즈(Exos Heros) - 유피르의 미로 29층.,115,2019_12_03,1,0,WITHYOU,1590,https://www.youtube.com/watch?v=5I04jTOnbnw
엑소스 히어로즈 챕터8 영상스토리 입니다,66,2019_12_04,1,0,몽수이,30,https://www.youtube.com/watch?v=8DrFgNA7M04
"[엑소스 히어로즈] 운없찐, 엑린이들을 위한 속성별 쓸만한 4성 추천!! - [송뚠뚠]","8,313",2019_12_04,49,2,송뚠뚠,0,https://www.youtube.com/watch?v=MXlTbSC9tEg
엑소스 히어로즈는 갓겜입니다!!,"1,086",2019_12_04,17,3,온옹,1330,https://www.youtube.com/watch?v=CiR6t96qiAs
엑소스 히어로즈_메인스토리 9-12 클리어 (투력 154만 very hard),"2,154",2019_12_04,6,0,갓국,1190,https://www.youtube.com/watch?v=1B45kDS8Lw0
엑소스 히어로즈_메인스토리 10-3 클리어 (투력 160만) Very Hard,581,2019_12_04,2,1,갓국,1190,https://www.youtube.com/watch?v=wFs4isW4VtY
엑소스 히어로즈 탐색 플레이 영상,3,2019_12_04,0,0,우직한거북이,0,https://www.youtube.com/watch?v=tm2FpDXrXTc
[엑소스 히어로즈] 엑소스 탕진잼! 제스 올인! 레이드재화 올인! 운명 떴냐? Exos heroes Destiny Summon,"5,281",2019_12_04,47,3,세즈테르,7620,https://www.youtube.com/watch?v=nRwYZJlFJ48
[EXOS HEROES] 엑소스 히어로즈 레이드 조합 (feat. 운명 합성),"1,222",2019_12_04,8,3,외로이,2540,https://www.youtube.com/watch?v=rU41lXGqbVc
엑소스히어로즈 Exos Heroes 클베유저 BJ시토 투력165 미로30층올클! 아프리카 동시송출,270,2019_12_04,6,0,BJ시토,128,https://www.youtube.com/watch?v=o1FOw1Yr5_Y
엑소스 히어로즈 진 운명 1개! 운명 23개! 운명무기 2개! 진 전설 2개! (모르시는거 물어보세요)!,262,2019_12_04,4,2,스도린,0,https://www.youtube.com/watch?v=qQ8YhyIHnbg
엑소스 히어로즈(Exos Heroes) 무과금 PVP공략 - 코디유츠,718,2019_12_04,8,1,코디유츠,1530,https://www.youtube.com/watch?v=lKtnxenpbdg
엑소스 히어로즈 진 운명 1개! 운명 24개! 운명무기 2개! 진 전설 2개! (모르시는거 물어보세요)!,435,2019_12_04,3,1,스도린,0,https://www.youtube.com/watch?v=EpTKJeVRSx0
[엑소스 히어로즈] 마하르7개 베르나바스6개.. 미친계정 사람들 결장만 하는가봐,530,2019_12_04,5,0,팟튜브,3180,https://www.youtube.com/watch?v=GClRNSL12qY
엑소스 히어로즈(Exos Heroes) 무과금 PVP공략 - 코디유츠,246,2019_12_05,2,1,코디유츠,1530,https://www.youtube.com/watch?v=5Q4toheGKSs
엑소스 히어로즈 갓겜인 이유 - 제스 수급 방법 [사키엘TV],"3,344",2019_12_05,27,2,사키엘 TV,44600,https://www.youtube.com/watch?v=GautBaAHJFM
엑소스 히어로즈 OST,238,2019_12_05,6,0,희태,1,https://www.youtube.com/watch?v=6xwreaSnc5c
[EXOS HEROES] 엑소스 히어로즈 유피르의미로 레임지없이 25단계 공략,797,2019_12_05,7,0,외로이,2540,https://www.youtube.com/watch?v=ISbcf2g6jsg
레전드!? 아니 700뽑한번에 운명이 몇개나!? 엑소스히어로즈,262,2019_12_05,2,4,이시국에포포,0,https://www.youtube.com/watch?v=nG1kNfiG8wk
엑소스 히어로즈 진 운명 1개! 운명 25개! 운명무기 2개! 진 전설 2개! (모르시는거 물어보세요)!,886,2019_12_05,16,0,스도린,0,https://www.youtube.com/watch?v=9aoEnXCCE28
[엑소스히어로즈] 엑소히 라무님 레전드 등반방송 !!!,129,2019_12_05,5,0,라무,431,https://www.youtube.com/watch?v=M_phZRNIgSs
엑소스 히어로즈(Exos Heroes) 무과금 PVP공략 - 코디유츠,371,2019_12_06,5,0,코디유츠,1530,https://www.youtube.com/watch?v=UjB5AvEJWGs
엑소스히어로즈 Exos Heroes 클베유저 BJ시토 투력171 미로30층올클! 아프리카 동시송출,557,2019_12_06,5,1,BJ시토,128,https://www.youtube.com/watch?v=nSocsCg6z_U
엑소스히어로즈 Exos Heroes 클베유저 BJ시토 투력165 미로30층올클! 아프리카 동시송출,398,2019_12_06,8,1,BJ시토,128,https://www.youtube.com/watch?v=1yBUbrIzdiU
[엑소스 히어로즈] 레이드 같이 가실분?,29,2019_12_06,0,0,죠큐,4,https://www.youtube.com/watch?v=nmvoUWeIOIA
[엑소스 히어로즈] 게임 플레이 영상 Part.9 - 레이드,22,2019_12_06,0,0,허룡,0,https://www.youtube.com/watch?v=XGx4_yzK-M0
엑소스 히어로즈와 불금을 함께!!합성에서 찐의 등장!스트리밍,"2,544",2019_12_06,28,1,온옹,1330,https://www.youtube.com/watch?v=8FOLggwX3js
엑소스 히어로즈 무과금으로 먹은 운명 영웅 & 2100개 뽑기 [사키엘TV],"1,757",2019_12_06,13,6,사키엘 TV,44600,https://www.youtube.com/watch?v=JVuCx93B2uc
엑소스 히어로즈 진 운명 1개! 운명 25개! 운명무기 2개! 진 전설 2개! (모르시는거 물어보세요)!,519,2019_12_06,6,0,스도린,0,https://www.youtube.com/watch?v=txu1Vu_ClPA
엑소스 히어로즈 퓨어합성 찐의 등장!!!!!!,"3,006",2019_12_06,16,5,온옹,1330,https://www.youtube.com/watch?v=I4pHnNHl_tM
허호구의 엑소스 히어로즈 엑소디움 1500개 가즈아~!!,382,2019_12_06,12,0,허호구,35,https://www.youtube.com/watch?v=NyNQIVWZGUY
[빵재!] 엑소스 히어로즈 - 12월 월간 멸망전,543,2019_12_06,5,2,빵재!(Bread_Ash),35,https://www.youtube.com/watch?v=Pot8D30MUIg
엑소스 히어로즈 레이드 덱 필수 영웅 TOP3 [사키엘TV],"3,705",2019_12_06,16,6,사키엘 TV,44600,https://www.youtube.com/watch?v=et8jVzN1_X8
제온성우 남도형과 함께하는 엑소스 히어로즈 리뷰!part2,"3,938",2019_12_06,320,0,남도형의 블루클럽,17900,https://www.youtube.com/watch?v=NCEcLdDuzyU
[엑소스 히어로즈] 토요 엑소스 생방! 뽑기 멸망전 등급표 생방 +9챕터 공략!,"3,185",2019_12_07,33,14,세즈테르,7620,https://www.youtube.com/watch?v=EXJIbZlEWeM
엑소스히어로즈 Exos Heroes 클베유저 BJ시토 투력171 미로30층올클! 아프리카 동시송출,296,2019_12_07,7,0,BJ시토,128,https://www.youtube.com/watch?v=98y-nDHjgkQ
엑소스 히어로즈/악신,4,2019_12_07,1,0,악신,249,https://www.youtube.com/watch?v=3YWYYCbZG08
[엑소스 히어로즈] 엑소스 첫 대뽑! 시청자 대뽑 고급영입 55회! 운명 떴냐? Exos heroes Destiny Summon,"2,458",2019_12_07,9,6,세즈테르,7620,https://www.youtube.com/watch?v=H928rU3bKPo
[엑소스히어로즈] 미니게임 동료를 구해라! 화면 꽉채우기,45,2019_12_07,2,0,흥나무,17,https://www.youtube.com/watch?v=6dd9LXOu97Y
[LIVE] 2019.12.8 엑소스히어로즈 리뷰 해볼께요 ◈달빛조각사 ◈홍까비(깝튜브),"1,121",2019_12_07,15,0,홍까비,1120,https://www.youtube.com/watch?v=sBUpl_wgJFA
엑소스 히어로즈_PVP 국민트리 & 최강 조합!!,"6,632",2019_12_07,20,4,갓국,1190,https://www.youtube.com/watch?v=2N3krmwAEDE
[엑소스 히어로즈]메인 9-12 드디어 클리어!,417,2019_12_07,1,0,Sweet Cookie,4130,https://www.youtube.com/watch?v=_fP_3bEfXz4
엑소스 히어로즈_메인스토리 10-1 브레이크 활용 공략 (투력 158만 Very Hard),568,2019_12_07,1,1,갓국,1190,https://www.youtube.com/watch?v=pM9m6A2QiM0
엑소스 히어로즈 레이드 덱 운명 대체 영웅 TOP5 [사키엘TV],"1,466",2019_12_07,10,1,사키엘 TV,44600,https://www.youtube.com/watch?v=Lhk--dVk23w
[엑소스 히어로즈] 스토리 9-12 클리어! 일주일 존버! 전투력 152.6만 9-12 클리어영상 Exos heroes Story 9-12,"1,672",2019_12_07,9,1,세즈테르,7620,https://www.youtube.com/watch?v=yGhjJ4fi13c
[엑소스 히어로즈] 엑소스 퓨어뽑기! 세즈테르 멸망전! 시계+무기+퓨어 ! 운명 떴냐? Exos heroes Pure Summon,"2,779",2019_12_07,25,31,세즈테르,7620,https://www.youtube.com/watch?v=PEX_cLAbxY0
[엑소스 히어로즈] 엑소스 운명등급표! 꼼꼼 운명평가! 리세추천 영웅! (진운명 X) Exos heroes Destiny Tier list,"12,111",2019_12_07,78,5,세즈테르,7620,https://www.youtube.com/watch?v=UKH3k1CQfqQ
엑소스 히어로즈 바라카 & 레핀 페이트코어,65,2019_12_08,1,0,L군,3,https://www.youtube.com/watch?v=wqs2XSAlS4g
엑소스 히어로즈 스토리 플레이 영상,7,2019_12_08,0,0,도브레이븐,0,https://www.youtube.com/watch?v=KF7I_hBi3lI
"[엑소스히어로즈] 깔끔하게 접기 운명 7마리 합성 (무음추천,패망)",784,2019_12_08,2,1,The궁,0,https://www.youtube.com/watch?v=nipCPyZfYns
"엑소스 히어로즈, 양대마켓 1위 모바일게임 플레이 영상",16,2019_12_08,0,0,도봉구,0,https://www.youtube.com/watch?v=4yD1CePLmWU
[엑소스 히어로즈 플레이]-Exos Heroes 제일 좋은건 돈 전혀 안쓰고 자기가 재밌게 게임하면은 그것만큼 좋은 게임은 없죠?!,63,2019_12_08,1,0,천상천하,0,https://www.youtube.com/watch?v=tt1OWTVY8fY
엑소스 히어로즈 제스 사용 우선 순위 [사키엘TV],"2,010",2019_12_08,17,3,사키엘 TV,44600,https://www.youtube.com/watch?v=RnaeSn2fWos
[엑소스 히어로즈] 레이드 / 운명의 별 장비 뽑기!,28,2019_12_08,0,0,죠큐,4,https://www.youtube.com/watch?v=pyXr4fFglXg
엑소스 히어로즈 진 운명 1개! 운명 26개! 운명무기 2개! 진 전설 2개! (모르시는거 물어보세요)!,646,2019_12_08,13,3,스도린,0,https://www.youtube.com/watch?v=SFMcDXbuYyY
김작가방송 - 신슈 모바일 게임 엑소스 히어로즈 챕터 6 진행,20,2019_12_08,2,0,김작가의 게임방송,49,https://www.youtube.com/watch?v=o_lrY7h0A6c
엑소스 히어로즈(Exos Heroes) 무과금 PVP공략 - 코디유츠,424,2019_12_08,5,0,코디유츠,1530,https://www.youtube.com/watch?v=GKicbRo_zPM
엑소스히어로즈 Exos Heroes 클베유저 BJ시토 투력171 미로30층올클! 아프리카 동시송출,428,2019_12_08,4,0,BJ시토,128,https://www.youtube.com/watch?v=p-eZD2--Am8
[엑소스 히어로즈] 5성 희귀 합성하면 잘 뜬다해서 한번 해봤습니다,"4,053",2019_12_08,22,2,라프TV,6300,https://www.youtube.com/watch?v=5cC7uRrNpgw
[엑소스 히어로즈] 6성을 위한 될놈될 퓨어합성을 대하는 운없찐들의 자세 - [송뚠뚠],"5,764",2019_12_09,55,1,송뚠뚠,0,https://www.youtube.com/watch?v=Yai8ee4z5es
"[Guide] Exos Heroes English Patch, How to install it easily PART 1 !!!",346,2019_12_09,8,0,D4GL,1170,https://www.youtube.com/watch?v=LNxxrNvlHow
엑소스 히어로즈 (Exos Heroes) 사이드 스토리 - 길 잃은 악사 (카야),23,2019_12_09,2,0,아수랑asurang,115,https://www.youtube.com/watch?v=tm5ImFCbHU8
[엑소스 히어로즈]베일리슈 레이드(잊혀진 용들의 성지) 활용법,732,2019_12_09,3,0,Sweet Cookie,4130,https://www.youtube.com/watch?v=cONxLI6zxi0
엑소스히어로즈,22,2019_12_09,1,1,이형우 TV,4,https://www.youtube.com/watch?v=XZLLTrtP9UI
엑소스 히어로즈 : 상급마일리지카드 6장준비완료 운명이 나올것이다??,212,2019_12_09,3,2,김한칼,0,https://www.youtube.com/watch?v=ogeLSngPdWk
12월 7일 방송 뭘 좋아 할지 몰라서 풀방으로 준비했어! Good Day MatE!! Happy is M,18,2019_12_09,2,0,라대우스TV,581,https://www.youtube.com/watch?v=7wka6xVi574
"엑소스 히어로즈 황금시계 32개 영상 [ 찐운명, 진전설은?? ] - 흑백게임","1,517",2019_12_09,8,1,흑백게임TV,0,https://www.youtube.com/watch?v=K2DGDzhM62M
엑소스 히어로즈 속성별 1티어 - 빛영웅 TOP5 [사키엘TV],"1,853",2019_12_09,9,1,사키엘 TV,44600,https://www.youtube.com/watch?v=M80SJ3OUr1o
엑소스 히어로즈 (Exos Heroes) 챕터2 | 황제를 시해한 반역자가 되어 쫓기는 제온 일행 앞에 다가온 위기!,21,2019_12_09,5,0,아수랑asurang,115,https://www.youtube.com/watch?v=2ECtEBXetTE
Exos Heroes PVP Gameplay - Zhao Yun vs Bridal,115,2019_12_09,0,0,Kilgorin Knight,10,https://www.youtube.com/watch?v=sfCUt-YVnBw
엑소스 히어로즈 유저전용 힐링방송,"1,431",2019_12_09,21,2,온옹,1330,https://www.youtube.com/watch?v=imoLPSh9JCs
엑소스 히어로즈 (Exos Heroes) 사이드 스토리 - 킹스가더스의 훈련 (러들리),12,2019_12_09,3,0,아수랑asurang,115,https://www.youtube.com/watch?v=U3LDtE9FPFI
[엑소스히어로즈] 엉아 최고의 영웅들을 소개합니다!! 엉영소~ ㅋㅋ 모바일게임 리뷰 엉아,"6,278",2019_12_09,176,6,엉아 TV,15400,https://www.youtube.com/watch?v=KRDtYaUxyL0
[엑소스 히어로즈] 갑자기 민심이 왜이래?? / 마하르 또 득함으로써 마하르만 총 9개 ㅅㅂ,614,2019_12_09,8,2,팟튜브,3180,https://www.youtube.com/watch?v=GtRA-5bt2Yw
엑소스히어로즈 Exos Heroes 클베유저 BJ시토 투력176 미로30층올클! 아프리카 동시송출,85,2019_12_09,3,0,BJ시토,128,https://www.youtube.com/watch?v=64wJB8mQID0
김작가방송 - 신규 모바일 게임 엑소스 히어로즈 챕터 6 클리어 및 7000제스 뽑기 진행,72,2019_12_09,1,1,김작가의 게임방송,49,https://www.youtube.com/watch?v=bvuSTv5ExbQ
#06] 건방진 용의 집사가 되어 보자 - 엑소스 히어로즈 [Exos Heroes],7,2019_12_10,0,0,별집사,0,https://www.youtube.com/watch?v=ZgRa7aDIRw8
엑소스 히어로즈_불속 정령던전 스페셜 클리어 (115만 EXTREME),"1,723",2019_12_10,8,0,갓국,1190,https://www.youtube.com/watch?v=uudG7jdYEpU
#01] 건방진 용의 집사가 되어 보자 - 엑소스 히어로즈 [Exos Heroes],18,2019_12_10,1,0,별집사,0,https://www.youtube.com/watch?v=44H3v0zPRrw
엑소스 히어로즈 (Exos Heroes) 사이드 스토리 - 육지의 해적 (데이비드존슨) | 챕터 2-3 후 등장,6,2019_12_10,2,0,아수랑asurang,115,https://www.youtube.com/watch?v=gqQJYsBHE10
엑소스히어로즈. 최종리뷰. 스페셜 던전은 무엇?!,309,2019_12_10,2,0,하늘두덕,12,https://www.youtube.com/watch?v=u_yY6lvreas
#02] 건방진 용의 집사가 되어 보자 - 엑소스 히어로즈 [Exos Heroes],13,2019_12_10,0,0,별집사,0,https://www.youtube.com/watch?v=kf0AorWtkus
#03] 건방진 용의 집사가 되어 보자 - 엑소스 히어로즈 [Exos Heroes],11,2019_12_10,0,0,별집사,0,https://www.youtube.com/watch?v=_yoJRMygDJA
#07] 건방진 용의 집사가 되어 보자 - 엑소스 히어로즈 [Exos Heroes],11,2019_12_10,0,0,별집사,0,https://www.youtube.com/watch?v=gP_sbKZ4Q7Q
엑소스히어로즈 : 운명 및 전설합성 눈 정화의시간~ 개돼지2편 ㅋㅋ,567,2019_12_10,8,0,김한칼,0,https://www.youtube.com/watch?v=kFBZgJAhvBw
[엑소스 히어로즈]유피르의 미로 26-30층 보스 정보(본문에 타임라인 있습니다),346,2019_12_10,4,0,Sweet Cookie,4130,https://www.youtube.com/watch?v=m7BvTH-4jdo
엑소스 히어로즈 탐색 플레이 영상,5,2019_12_10,0,0,태국가자,0,https://www.youtube.com/watch?v=P4eRGKp8kRM
엑소스히어로즈 Exos Heroes 클베유저 BJ시토 만물정수 계속나오누? 아프리카 동시송출,265,2019_12_10,7,0,BJ시토,128,https://www.youtube.com/watch?v=GYGrgrnOz38
엑소스 히어로즈 진 운명 1개! 운명 27개! 운명무기 2개! 진 전설 2개! (모르시는거 물어보세요)!,781,2019_12_10,11,1,스도린,0,https://www.youtube.com/watch?v=CUlUgGEbtvQ
엑소스 히어로즈(Exos Heroes) 무과금 PVP공략 - 코디유츠,262,2019_12_10,6,0,코디유츠,1530,https://www.youtube.com/watch?v=pYmeLTwJO7o
엑소스 히어로즈 진 운명 1개! 운명 27개! 운명무기 2개! 진 전설 2개! (모르시는거 물어보세요)!,744,2019_12_10,9,2,스도린,0,https://www.youtube.com/watch?v=549EBvWpIwg
[엑소스히어로즈]-리뷰 안찍고 걍 노는중~!~!,21,2019_12_10,1,0,천상천하,0,https://www.youtube.com/watch?v=GYNfMRezf10
엑소스 히어로즈_냉속 정령던전 스페셜 클리어 (136만 EXTREME),"1,458",2019_12_11,4,0,갓국,1190,https://www.youtube.com/watch?v=CjwJh-m02Jc
라이브_겜쟁TV_엑소스히어로즈_슬슬너무막히고 히미든다,105,2019_12_11,4,1,겜쟁TV,706,https://www.youtube.com/watch?v=iggDnMl8toY
엑소스히어로즈 Exos Heroes 클베유저 BJ시토 만물정수 계속나오누? 아프리카 동시송출,192,2019_12_11,1,0,BJ시토,128,https://www.youtube.com/watch?v=7PwF8d85U_Q
[엑소스 히어로즈] 레이드 ㄱㄱ,7,2019_12_11,0,0,허룡,0,https://www.youtube.com/watch?v=G-q8QEXpGAI
엑소스 히어로즈 : 110000만원짜리 ★퓨어 2장합성 개돼지3편~ 대박같은데??,292,2019_12_11,6,3,김한칼,0,https://www.youtube.com/watch?v=DQrzq8W99QA
엑소스 히어로즈 (Exos Heroes) 사이드 스토리 - 기계는 때리면 말을 안 듣는다 (콜로설 드릴 Mk I) | 챕터3 5 후 등장,8,2019_12_11,3,0,아수랑asurang,115,https://www.youtube.com/watch?v=wTCKyyizOj4
엑소스 히어로즈 전설 스킬 이펙트 모음,3,2019_12_11,0,0,조뻔뻔,14,https://www.youtube.com/watch?v=ivkl6ofyaZ8
엑소스 히어로즈 (Exos Heroes) 사이드 스토리 - 충성스런 수호자 (레핀) | 챕터3 끝난 후 등장,8,2019_12_11,3,0,아수랑asurang,115,https://www.youtube.com/watch?v=pEZmfDcJxDA
엑소스 히어로즈 (Exos Heroes) 사이드 스토리 - 현상금의 원수 (베나토) | 챕터3-9 후 등장,6,2019_12_11,3,0,아수랑asurang,115,https://www.youtube.com/watch?v=OatpUSAC90E
10편 [엑소스 히어로즈][EXOS HEROES] 턴제RPG 에피소드 즐기기 [모바일게임],32,2019_12_11,2,0,만파윤,399,https://www.youtube.com/watch?v=TLSaIzaN5yI
[엑소스 히어로즈] 엑소디움 천개 뽑! 돌아온 탕진잼! 엑소디움+고뽑 +시계+무기까지! Exos heroes summon,"3,624",2019_12_11,39,5,세즈테르,7620,https://www.youtube.com/watch?v=cLk1NiHFP24
[엑소스 히어로즈] 계정 멸망전! (운명 합성 9회 퓨어 1회 뽑기 77연차),"6,399",2019_12_11,48,4,라프TV,6300,https://www.youtube.com/watch?v=PWLVdSVUqUI
[엑소스히어로즈]-2번째 리뷰 안찍고 걍 노는중~!~!,20,2019_12_11,1,0,천상천하,0,https://www.youtube.com/watch?v=-_mu99Ge6po
엑소스 히어로즈 운명 스킬 이펙트 모음,5,2019_12_11,1,0,조뻔뻔,14,https://www.youtube.com/watch?v=omg8uQOtf4A
엑소스 히어로즈 (Exos Heroes) 사이드 스토리 - 레라 님을 모시기 위해 (마리노스 정예 방패병) | 챕터3 끝난 후 등장,8,2019_12_11,3,0,아수랑asurang,115,https://www.youtube.com/watch?v=uap5y_QEGCw
[연구소의 시선] '엑소스 히어로즈' 매출 TOP 10 유지가 특별한 이유,"2,970",2019_12_12,59,70,디스이즈게임,23000,https://www.youtube.com/watch?v=9Q_Kui7U3xQ
엑소스 히어로즈 레이드 안 끝나는 버그,11,2019_12_12,0,0,IH SEONG,0,https://www.youtube.com/watch?v=UeD0_woy-R8
엑소스 히어로즈 (Exos Heroes) 사이드 스토리 - 추억이 서린 숲 (카린) | 챕터 4-8 후 등장,8,2019_12_12,3,0,아수랑asurang,115,https://www.youtube.com/watch?v=l-2rsarNjU0
엑소스 히어로즈(Exos Heroes) 무과금 공략,306,2019_12_12,4,0,코디유츠,1530,https://www.youtube.com/watch?v=9vK3jOUTX2Q
엑소스 히어로즈 진 운명 1개! 운명 27개! 운명무기 2개! 진 전설 2개! (모르시는거 물어보세요)!,502,2019_12_12,9,2,스도린,0,https://www.youtube.com/watch?v=e0W74i6tkpg
엑소스 히어로즈 : 항아리 모아서 운명장비뽑기 해보자 그런데???~ 헐~,151,2019_12_12,5,1,김한칼,0,https://www.youtube.com/watch?v=So4wi8F63Qk
엑소스 히어로즈 (Exos Heroes) 챕터 4 | 용족의 유물을 찾는 도중 아나스타샤가 납치되고 바소리는 황급히 동생을 찾기 위해 나서는데...,14,2019_12_12,3,0,아수랑asurang,115,https://www.youtube.com/watch?v=WOYyfXSyYJU
"[엑소스 히어로즈] 갈갈하면 100% 후회하는, 꼭!! 키우셔야하는 필수 3~4성 영웅들 - [송뚠뚠]","1,003",2019_12_12,15,1,송뚠뚠,0,https://www.youtube.com/watch?v=dEYW-0VxMcg
(엑소스 히어로즈) 6성 1타강사 막심 선생의 퓨어합성 강좌,476,2019_12_12,0,0,Dae Won Oh,44,https://www.youtube.com/watch?v=KweAbKK5pzs
엑소스히어로즈 Exos Heroes 클베유저 BJ시토 투력178 아프리카 동시송출,267,2019_12_12,4,0,BJ시토,128,https://www.youtube.com/watch?v=6tpMGXPxTY0
엑소스 히어로즈(Exos Heroes) 공략 - 코디유츠,,시작예정일:2019_11_24,0,0,코디유츠,1530,https://www.youtube.com/watch?v=ZZaNYOxvX4s
