﻿title,count,date,good_count,bad_count,youtuber,subscriber,url
Rolling Sky - Marshmello Alone,"313,438",2019_01_09,3500,166,SHAvibe,121000,https://www.youtube.com/watch?v=7DhNgLsEVRk
Rolling Sky Level 36 - Spring Festival,"113,334",2019_01_23,1200,53,SHAvibe,121000,https://www.youtube.com/watch?v=DvNqjHBCTM0
Roller sky,8,2019_03_29,0,0,Evil Eye :D,0,https://www.youtube.com/watch?v=QZaTceYdKUA
HexRoller and Lanterns Dice: Lights in the Sky by Renegade Game Studios at GAMA 2019,281,2019_04_01,2,0,Game Trade Media,8540,https://www.youtube.com/watch?v=zhdBSdh1c3E
Rolling Sky - Pirate,"54,889",2019_04_28,793,24,SHAvibe,121000,https://www.youtube.com/watch?v=WCbhFWcXrj0
Rolling Sky - Naval Battle,"57,376",2019_05_14,691,25,SHAvibe,121000,https://www.youtube.com/watch?v=0V9KMeKF8V4
Make Unity Game - How i make roller sky game in Unity 3D Hindi Urdu,502,2019_05_28,21,0,Ahmad Bilal,459,https://www.youtube.com/watch?v=6jL2_eYIV6Y
Roller Sky,8,2019_06_26,3,1,мего Игрокус,25,https://www.youtube.com/watch?v=fgy9cw7y9i0
Rolling Sky - Beat Party,"21,456",2019_09_11,398,18,SHAvibe,121000,https://www.youtube.com/watch?v=17POy9IKX2g
Rolling Sky - The 4th Anniversary (✩✩✩✩✩✩),"120,082",2019_09_25,1400,60,SHAvibe,121000,https://www.youtube.com/watch?v=Mzei9p3e5eg
Sky Roller Levels 1-20 IOS Gameplay,"8,198",2019_10_16,91,8,Usman's Gaming,4690,https://www.youtube.com/watch?v=X1v0Tj0UE2I
Sky Roller IOS Gameplay,248,2019_10_18,20,0,F2PlayGames,1320,https://www.youtube.com/watch?v=ijcGp81CG44
Sky Roller 1 - 50 Levels,"4,594",2019_10_22,34,7,daydreamz studio,821,https://www.youtube.com/watch?v=_x1sZlKNo_k
Sky Roller By Top Chop - Best Hyper casual Game in USA Trending Game,53,2019_10_22,5,0,Gamers Review,24,https://www.youtube.com/watch?v=K79bfPQUt7I
롤링 스카이 악령 군무 Level 45 [OFFICIAL],"84,918",2019_10_23,781,48,Tuan Nguyen,44100,https://www.youtube.com/watch?v=bKUMw6t6pf0
Sky Roller (by Homa Games) Android Gameplay Full HD - You will love this Game,"1,770",2019_10_26,22,5,GAMEROID GAMING,0,https://www.youtube.com/watch?v=VZBydE7jHJw
sky roller game,132,2019_10_27,7,1,Modesta Ferreira,0,https://www.youtube.com/watch?v=Mlr5SbddSXw
Sky Roller,6,2019_10_27,0,0,Gamer360XD 2,886,https://www.youtube.com/watch?v=j0M2jzjjZtg
SKY ROLLER Gameplay || NEW ANDROID GAME,"5,360",2019_10_27,67,8,Gamerz Toper,0,https://www.youtube.com/watch?v=vH0L9X-Xk1A
Playing sky roller,43,2019_10_28,2,0,Iss_Nickyy.x,7,https://www.youtube.com/watch?v=V_PvU1y3NMc
Sky Roller Android Gameplay,"1,499",2019_10_28,8,4,KruGames,165000,https://www.youtube.com/watch?v=lAlOW8lwU1Y
Sky Roller Gameplay - Android / Ios Game Walkthrough Tutorial,20,2019_10_29,0,0,Wendy,1020,https://www.youtube.com/watch?v=-_OtVaQV8to
Playing Rider & Sky Roller,8,2019_10_29,1,0,RaymonJackson23Gaming,23,https://www.youtube.com/watch?v=QTEu_EZJN9E
"Sky Roller - Gameplay Part 3 (Android,IOS)",482,2019_10_29,13,1,Zerw Gameplay,31000,https://www.youtube.com/watch?v=J3YCRZjvkLM
"Sky Roller - Gameplay Part 1 (Android,IOS)",17,2019_10_29,1,0,Zerw Gameplay,31000,https://www.youtube.com/watch?v=friAH8WQSh4
"Sky Roller - Gameplay Part 2 (Android,IOS)",137,2019_10_29,6,1,Zerw Gameplay,31000,https://www.youtube.com/watch?v=5KnZbhZ4iEs
Sky Roller - Gameplay IOS & Android,4,2019_10_29,0,0,MediaTech - Gameplay Channel,0,https://www.youtube.com/watch?v=xHUJF3OF8Mo
Sky Roller Android Gameplay,89,2019_10_29,0,0,Android Gameplays,0,https://www.youtube.com/watch?v=uj9FwTGc-t0
"Sky Roller - Gameplay Part 4 (Android,IOS)",60,2019_10_29,2,0,Zerw Gameplay,31000,https://www.youtube.com/watch?v=psUXRUPMOq0
Sky Roller First Impressions and Walkthrough Levels 1 to 70 - Android gameplay HD,"1,799",2019_10_29,12,2,GamePlays365,671,https://www.youtube.com/watch?v=07Ti2fnrQpo
Sky Roller Gameplay - IT IS ANOTHER GAME!,17,2019_10_29,3,1,AndreJ HD,2970,https://www.youtube.com/watch?v=0NOVbxWotoA
SKY ROLLER. Levels 26-50 Walkthrough,8,2019_10_29,1,0,Stratomobile,0,https://www.youtube.com/watch?v=vdc3G6seGpU
The game of sky roller#1,134,2019_10_29,12,0,malaki touta gams,16,https://www.youtube.com/watch?v=MUVdAuwEQVs
SKY ROLLER. First levels 1-25 Walkthrough,11,2019_10_29,0,0,Stratomobile,0,https://www.youtube.com/watch?v=7fyG1YA147M
Sky Roller By Homa Games Arcade Android/Ios Gameplay,78,2019_10_30,2,0,Casual Mobile Games,145,https://www.youtube.com/watch?v=dJaO-nXAyN8
SKY ROLLER. Levels 51-75 Walkthrough,61,2019_10_30,1,0,Stratomobile,0,https://www.youtube.com/watch?v=cmdKfs7nL_k
Playing sky roller,6,2019_10_30,0,0,Amire Foster,8,https://www.youtube.com/watch?v=g39maN1gZM4
Sky Roller Gameplay Level 1 2 3 4 5 6 7 8 9 10(New GAme),14,2019_10_31,1,1,Happy Game Time,1400,https://www.youtube.com/watch?v=2-81LJHHoqw
Pertama coba main game di you tube ||Big big baler||sky roller 😰☻,7,2019_11_02,1,0,Azkaira priatna,15,https://www.youtube.com/watch?v=s0F7gIO1bPQ
Sky Roller Perfect Gameplays Part 1,9,2019_11_03,0,0,DroidBox 360,10,https://www.youtube.com/watch?v=Hd-BQHSDFAU
Accessing Sky Roller Hack Resources,25,2019_11_04,0,0,lifepeaks,2,https://www.youtube.com/watch?v=gG2lBtFSgFE
Sky Roller Gameplay 💜💜,7,2019_11_04,1,0,Candii,30,https://www.youtube.com/watch?v=8SlKAUX10ME
Sky Roller Level 1 - 25 MOST INCREDIBLE Android Gameplay Walkthrough,51,2019_11_05,2,0,Zain Ali Gaming,0,https://www.youtube.com/watch?v=nQId6c6Tats
Sky Roller - Gameplay Walkthrough Android ios,61,2019_11_05,1,3,SD FXD GAMEPLAY,0,https://www.youtube.com/watch?v=5gPcLzRo7Kg
Sky roller cool video,18,2019_11_06,0,0,Empire1,63,https://www.youtube.com/watch?v=sOKNLBJC03E
Sky roller,32,2019_11_06,0,0,krittasone,1,https://www.youtube.com/watch?v=rcPV6XEkiMQ
Sky Roller - GAME PLAY - UwU,219,2019_11_07,5,1,Peyton H,291,https://www.youtube.com/watch?v=ljF3EEnkB_I
Sky Roller - Android Gameplay!!!,12,2019_11_07,3,0,Lima Khanom,124,https://www.youtube.com/watch?v=wd-LTLyjAEI
Sky roller,4,2019_11_07,0,0,krittasone,1,https://www.youtube.com/watch?v=iGa9fWUZHjs
5 mainly flawless levels of sky roller,16,2019_11_08,1,0,Abbiemon Games,1,https://www.youtube.com/watch?v=JpiC0trCqYs
Sky Roller - Android Gameplay,3,2019_11_08,0,0,Epic Android,21,https://www.youtube.com/watch?v=LGwV0rCytCk
Sky roller,80,2019_11_08,0,0,isabelle williams,2,https://www.youtube.com/watch?v=_HfDyn3KqUc
Sky Roller,9,2019_11_08,2,0,trilladair 7,3,https://www.youtube.com/watch?v=k1WW7ietcv8
Sky Roller라는 게임을 해 보았다!,98,2019_11_08,6,2,지웅YouTube,21300,https://www.youtube.com/watch?v=_85UHyavs0I
Episode on of playing sky roller,169,2019_11_09,3,2,Maria Challands,7,https://www.youtube.com/watch?v=OufkvapLNz0
Sky roller,16,2019_11_09,2,1,Gamergirl Gucci peppa,1,https://www.youtube.com/watch?v=-IbSQV2ZTGQ
Episode 2 of playing sky roller,0,2019_11_09,0,0,Maria Challands,7,https://www.youtube.com/watch?v=NBlxj81XxYI
Sky Roller,4,2019_11_10,1,0,Asia jsgs,0,https://www.youtube.com/watch?v=7xrrwrTNrLo
Sky roller pt2,96,2019_11_10,2,0,marissa mochi and wardah salmon,5,https://www.youtube.com/watch?v=GnkENLdOjZU
Sky Roller test out 😝,48,2019_11_10,1,2,Emme MZ,2,https://www.youtube.com/watch?v=w_oR_RT09vY
"Sky Roller - Gameplay Walkthrough Part 1 (Android, iOS Gameplay)","10,473",2019_11_10,133,19,Pryszard Android iOS Gameplays,396000,https://www.youtube.com/watch?v=30TNNKgPUY8
Episode 3 of playing sky roller,0,2019_11_10,0,0,Maria Challands,7,https://www.youtube.com/watch?v=9fRy2nzd6ZY
Sky Roller - Homa Games - Walkthrough Get Started Recommend index three stars,208,2019_11_10,0,3,2pFreeGames,212000,https://www.youtube.com/watch?v=jVCyo5tQ5rE
Sky roller part2,12,2019_11_11,0,0,isabelle williams,2,https://www.youtube.com/watch?v=Q3TJ7GuSd7U
Sky Roller pt1,9,2019_11_11,2,0,Gamer Ratto,15,https://www.youtube.com/watch?v=7ocq_p8UL7o
Sky roller | Sky roller! andriod game play!,12,2019_11_11,0,0,Ak me Paul,0,https://www.youtube.com/watch?v=UNMqsXISLgU
Jogando { sky roller},60,2019_11_11,6,0,sorvetinha game play,3,https://www.youtube.com/watch?v=254zALjkftM
Sky roller New game im obsesed with,7,2019_11_11,1,0,NiX_ BG_333,4,https://www.youtube.com/watch?v=T2Rb3t38N9o
My addiction is now sky roller😂,8,2019_11_11,0,0,Ashley’s Channel-gaming included,7,https://www.youtube.com/watch?v=hKM1y55rYc0
Game sky roller PRO,22,2019_11_11,3,1,Mr. tymek,8,https://www.youtube.com/watch?v=0RN3n4LnoIM
Part 1 of playing sky roller,7,2019_11_12,2,0,fun with ariba,0,https://www.youtube.com/watch?v=K2pFLA3ujgM
Game Review: SKY ROLLER,5,2019_11_13,1,0,Gamer Ratto,15,https://www.youtube.com/watch?v=3s3gXl2iRUo
Sky Roller By Homa Games( Android Gameplay),306,2019_11_14,3,1,Squadcell Play Different,6760,https://www.youtube.com/watch?v=AcxQqRtPols
"Sky Roller Level 1-50 Gameplay Walkthrough (Android, iOS)",180,2019_11_15,4,2,Tap Touch,661,https://www.youtube.com/watch?v=panF_1ChTbU
Sky Roller Gameplay/Walkthrough,207,2019_11_16,0,0,Fun Game Video,928,https://www.youtube.com/watch?v=wdrWprVvNgM
Sky roller games,17,2019_11_16,1,0,Aimya Mya,0,https://www.youtube.com/watch?v=OLrDas11WEw
Sky Roller level 6 - Android Gameplay,6,2019_11_16,0,0,SD FXD GAMEPLAY,0,https://www.youtube.com/watch?v=BkXX2knRzho
Sky Roller ALL LEVELS! NEW GAME SKY ROLLER WORLD RECORD!,"6,462",2019_11_16,330,11,Simmy,206000,https://www.youtube.com/watch?v=MPAWu4w_a-k
Sky roller,9,2019_11_16,2,0,Cookie World,2,https://www.youtube.com/watch?v=j8AdGSxhZ-4
"My game sky Roller subscribe ok end like, share",5,2019_11_16,1,0,CHANNEL CHERYL,2,https://www.youtube.com/watch?v=4gXBdLb5nWk
!!sky roller hack (unlimited diamond) glitch,64,2019_11_16,1,2,NLE Killla,515,https://www.youtube.com/watch?v=zWxxel3sF_0
Sky Roller level 8 - Android Gameplay,5,2019_11_16,0,0,SD FXD GAMEPLAY,0,https://www.youtube.com/watch?v=HW7CPuvCoEg
Sky roller,30,2019_11_17,2,0,Sky Roller,2,https://www.youtube.com/watch?v=5sHtPfLPJCE
Sky Roller,8,2019_11_17,1,0,Avas lovely World,16,https://www.youtube.com/watch?v=lyG6wZ_WOcI
Me playing sky Rollers and my talking tom & friends collection game,7,2019_11_17,0,0,Foxy_ Sugar cube,5,https://www.youtube.com/watch?v=bcrB5HgwGos
Sky roller,17,2019_11_17,1,0,Gacha & Gaming,10,https://www.youtube.com/watch?v=GN3yZ9MEF7k
Game Buat Orang Gabut - Sky Roller,"2,048",2019_11_18,78,1,ILEDAS,2950,https://www.youtube.com/watch?v=Ux-HfsnHI3U
Sky Roller Gameplay - First Levels 1 - 25 (iOS - Android),"4,245",2019_11_18,22,3,LEmotion Gaming,18500,https://www.youtube.com/watch?v=6NBU5WBfmfw
Getting Yeeted In Sky Roller For 2 Minutes And 18 Seconds,9,2019_11_18,1,0,Alpaca In Hufflepuff,8,https://www.youtube.com/watch?v=QC0XF9tI_e0
Sky roller and Clash blocks,26,2019_11_19,1,0,leong chung chan,8,https://www.youtube.com/watch?v=xnr7bi3HGxA
MOST INCREDIBLE SKY SKATING EVOLUTION! Max Level Strong & Speed Unlimited Gold HACK In Sky Roller!,"30,353",2019_11_19,235,12,Wiksman,30700,https://www.youtube.com/watch?v=06wSWTd7Mmk
Playing sky roller,6,2019_11_19,2,0,Easy GaMez,10,https://www.youtube.com/watch?v=XkDC5LdajKI
Sky Roller Level 1 to 50 walkthrough gameplay,12,2019_11_21,2,0,Trending Mobile Games,0,https://www.youtube.com/watch?v=RL3zG4i4Rag
Sky roller game play👍🤞🤟,5,2019_11_21,2,1,Eskan limbu Nepali,4,https://www.youtube.com/watch?v=qboKMmSmpIA
Sky Roller - Run With a gear boat || TecHecto Gaming Episode,19,2019_11_21,0,0,TecHecto [Bengali],0,https://www.youtube.com/watch?v=6Z3sCCzoRq8
Sky Roller (Early Access) v1.0 [Mod:Unlock all skins],156,2019_11_21,2,1,ANDROID GAMES,0,https://www.youtube.com/watch?v=z596WNB69CM
Sky Roller 1-5 Gameplay,10,2019_11_22,4,0,JamerORIGINAL,1050,https://www.youtube.com/watch?v=KrWdt37VZm4
I like this game how about you (sky roller),10,2019_11_22,1,0,Edgar YT,10,https://www.youtube.com/watch?v=JnRrZAAxZ1c
Sky Roller Prt 2,5,2019_11_22,0,0,TheGamingGuy,0,https://www.youtube.com/watch?v=SGfStKmN_BQ
Play sky roller,39,2019_11_22,7,1,Amelia MacFarlane,22,https://www.youtube.com/watch?v=-HQHtlsGY-g
Androidgameplay /ios Sky Roller,10,2019_11_22,1,0,Nik Auf,41,https://www.youtube.com/watch?v=mMZ4JSiFDkY
Let’s play sky roller y’all,0,2019_11_22,0,0,Aniyah’s game Fegan,6,https://www.youtube.com/watch?v=oVXtxx4VYBc
Sky Roller,1,2019_11_23,0,0,Danielle Fleming,0,https://www.youtube.com/watch?v=BT_6ucMq3-g
Sky-Roller,9,2019_11_23,3,0,Song Vibes,10,https://www.youtube.com/watch?v=DFTGLhHkSTw
"Brain Out, Run Race 3D, Rusty Blower 3D, Sky Roller, Splash Park, Animal Rescue, Alien Shooter, TotM","5,573",2019_11_23,57,11,MobAMGames,0,https://www.youtube.com/watch?v=btCNQyVrgrs
Roller Sky,6,2019_11_23,0,0,Roller Games,0,https://www.youtube.com/watch?v=sr6-3Q9Tngg
sky roller,29,2019_11_24,15,0,Alaqu Plays,136,https://www.youtube.com/watch?v=Ae16HMQ_xUw
My first video.game:sky roller!,4,2019_11_24,0,0,The Lovely Chloe Xiong,6,https://www.youtube.com/watch?v=5rO9uVBJhAY
Sky roller *why did I upload this game*,7,2019_11_25,0,0,Rosetta Miller,39,https://www.youtube.com/watch?v=qgH0QJ2qocg
"Scary Teacher 3D, Run Race 3D, I Peel Good, Sky Roller, Realm Craft, Swamp Attack, Snake Rivals",63,2019_11_25,5,0,BEsS,250,https://www.youtube.com/watch?v=km-DmvmZkB0
"Sky Roller: Gameplay Walkthrough #1 (Android, iOS) – Levels 1-20",79,2019_11_25,0,0,Kiza Gameplays,19,https://www.youtube.com/watch?v=lTxlFu0Ja7o
Sky Roller Gameplay Level: 1-10 #1 (Android),12,2019_11_25,0,0,Monster Squid,10,https://www.youtube.com/watch?v=mMQGVDtjHx8
Playing a game called sky roller,2,2019_11_26,0,0,Jyrah Preston,3,https://www.youtube.com/watch?v=SPQkJjiMUHk
Sky roller,4,2019_11_26,0,0,Stephanie Ngure,2,https://www.youtube.com/watch?v=e5FNK0Rl144
Sky roller,2,2019_11_26,0,1,Carter Productions,7,https://www.youtube.com/watch?v=86ST6jkkF7E
Bermain game (SKY ROLLER) LEVEL 7-13,48,2019_11_26,2,1,Incess AuraCute,25,https://www.youtube.com/watch?v=PMIXe_-QzaQ
sky Roller 게임,24,2019_11_26,0,0,수니,66,https://www.youtube.com/watch?v=jOj_9KNmqJM
| Aize plays sky roller |,4,2019_11_27,1,0,Himari Senpai,8,https://www.youtube.com/watch?v=TN4K52XDMLk
Sky Roller Pro - all skins #game bisa main sepatu roda,538,2019_11_27,9,1,iseng wee,0,https://www.youtube.com/watch?v=ORzHRGMr0Ck
Sky Roller Gameplay Level: 11-20 #2 (Android),7,2019_11_27,0,0,Monster Squid,10,https://www.youtube.com/watch?v=-Ncx4IXp0M4
main game sky roller,8,2019_11_27,1,0,Keisya Ramadhani,2,https://www.youtube.com/watch?v=ugMmoUXeU_I
Apa.apa je game....sky roller game..,5,2019_11_28,0,0,aina.v 94,0,https://www.youtube.com/watch?v=xh7gd6JXUNA
Sky roller game pretty cool,33,2019_11_28,1,0,zerrouk zerrouk,9,https://www.youtube.com/watch?v=i5vr5hVeDH8
Sky Roller Gameplay Level: 21-30 #3 (Android),8,2019_11_28,0,0,Monster Squid,10,https://www.youtube.com/watch?v=_H8NKDIgKFc
Doing sky roller/im so good at this game,315,2019_11_28,2,0,SKY ROLLER,0,https://www.youtube.com/watch?v=-n38igLkmeM
Sky Roller (by Homa Games),26,2019_11_28,5,1,LABROID X,1390,https://www.youtube.com/watch?v=NT0YUM-7NjY
Sky roller part 2,3,2019_11_28,0,0,safee cake lover gacha girl,46,https://www.youtube.com/watch?v=oDMGkXMV4SA
Sky roller 8,2,2019_11_28,0,0,crazy life,1,https://www.youtube.com/watch?v=3G81hfwh7LA
Doing a sky roller,25,2019_11_28,0,0,SKY ROLLER,0,https://www.youtube.com/watch?v=czHRr_CRwfk
Sky Roller Gameplay Level: 31-40 #4 (Android),13,2019_11_28,0,1,Monster Squid,10,https://www.youtube.com/watch?v=a0oqh0kb9gE
Sky Roller! Sky Roller Mod apk! Sky Roller Hack apk! Max level! World Record,136,2019_11_29,3,2,Hacker bhai pk,1360,https://www.youtube.com/watch?v=ZNv5OpTXO4s
Sky roller gameplay Note9,2,2019_11_29,0,0,Real Racer Fun,2029,https://www.youtube.com/watch?v=fiJ8pP2LG4o
Playing sky roller,5,2019_11_29,0,0,death runner dodger,2,https://www.youtube.com/watch?v=VTMsMCrkbAA
Sky Roller - IOS Gameplay,239,2019_11_29,3,2,IOSGAMEPLAY,69500,https://www.youtube.com/watch?v=qgd6xteFAqw
"I Peel Good, Sky Roller, Slime Road, Renegade Racing, Fit The Fat 3, Marble Blast, Folding Blocks","1,099",2019_11_29,8,1,Dr.Racing,7200,https://www.youtube.com/watch?v=gFqNfz5y5ak
Sky Roller: Homa Games Level 3 to 13 by PhoebeGames0511,25,2019_11_29,3,0,Phoebe Games0511,4,https://www.youtube.com/watch?v=MNJxvasY7zQ
Sky Roller Gameplay Level: 41-50 #5 (Android),8,2019_11_29,0,0,Monster Squid,10,https://www.youtube.com/watch?v=DS8RX_hSR34
[게임리뷰] sky Roller,32,2019_11_29,0,0,_쿼크Gak,68,https://www.youtube.com/watch?v=NBCe4pV_u3M
Main Game Sky Roller,5,2019_11_29,1,0,Aisyah Qorryna,5,https://www.youtube.com/watch?v=GbKcOPYbzQQ
Playing sky roller,1,2019_11_29,0,0,Bella boo,3,https://www.youtube.com/watch?v=wh6ZXbWw9TU
Playing sky roller!(I always DIE)(Funny moments),23,2019_11_29,0,0,GOLDEN RINGS,0,https://www.youtube.com/watch?v=XdX9MrGv-6U
SKY Roller Game All Levels Arcade Gameplay Walkthrough 1 - 23,"1,172",2019_11_29,92,0,Ashbgame,9680,https://www.youtube.com/watch?v=W8uv0yB_pJk
Sky Roller Gameplay Level: 51-60 #6 (Android),9,2019_11_29,0,0,Monster Squid,10,https://www.youtube.com/watch?v=21J07X1r6V8
Sky roller,4,2019_11_30,0,0,silvia bundova,0,https://www.youtube.com/watch?v=Bn1QvMabp4E
Game Sky roller,10,2019_11_30,3,0,ADAM GAMING,58,https://www.youtube.com/watch?v=5mzHIl8b7WQ
Sky roller first try funny game play,3,2019_11_30,2,0,Ajay kumar,5,https://www.youtube.com/watch?v=J-xvSd8fD9g
View game color bump 3D dan sky roller seru bangett,6,2019_11_30,2,0,Dinda Olivia zahwa,1,https://www.youtube.com/watch?v=TcJKdJgvTT8
Game play of sky roller..,8,2019_11_30,2,0,The different gamer Karan,60,https://www.youtube.com/watch?v=N_xE_jzoABA
Main game sky Roller,7,2019_11_30,0,0,xila gacha,5,https://www.youtube.com/watch?v=KxB3D981ODk
Gra w sky roller,9,2019_11_30,4,0,Jordanatorka 03,5,https://www.youtube.com/watch?v=x5A96qVRJRI
Main game di malam minggu SKY ROLLER partt 1 genn,10,2019_11_30,2,0,R.Z GaMinG,3,https://www.youtube.com/watch?v=ek6x4HszS2s
Sky Roller | Game Sky Roller - Sky Roller Game,"1,093",2019_11_30,11,4,CODOT GAMERS,25600,https://www.youtube.com/watch?v=86S6ZLFzURo
game @SKY ROLLER,4,2019_11_30,1,0,Dhewy Thalita,1,https://www.youtube.com/watch?v=N-4hYNPyhFo
Sky Roller! All levels NEW GAME Sky Roller WOULD RECORDS!,22,2019_11_30,10,0,Super Tech,39,https://www.youtube.com/watch?v=2khvkNq04MI
Game offline yg menyenangkan : Sky Roller eps 1,8,2019_11_30,0,0,Quote tube,1,https://www.youtube.com/watch?v=BDiTa_JobLk
Игра Sky Roller самая пошлая игра 18+ Game Sky Roller the most vulgar game,39,2019_11_30,1,1,Будни Пофигиста,1000,https://www.youtube.com/watch?v=nhc12-Y_i6g
"아이들놀아줘!!대처법!![아케이드게임]Sky Roller,무한의계단,1945,피아노타일",198,2019_12_01,1,0,[꼬꼬TV]께임꼬꼬,2,https://www.youtube.com/watch?v=l69wTAWSis8
"REVIEW/JAJAL GAME SKY ROLLER, ASLI NGAKAK KOCAK GAME KOCAK",17,2019_12_01,8,0,Darius Hendrikus,310,https://www.youtube.com/watch?v=3M2DCtBb4FM
Khi chơi game|Sky Roller,5,2019_12_01,0,0,Diệp_ _Nè,1,https://www.youtube.com/watch?v=nNWdWncK0NU
Sky Roller,0,2019_12_01,0,0,Naj #22,6,https://www.youtube.com/watch?v=wbwFj_Xu3oE
Sky roller episode 1,2,2019_12_01,0,0,ViennaGamer 101,12,https://www.youtube.com/watch?v=kg1-r2gkbc8
Playing Sky Roller,12,2019_12_01,5,0,Maura,20,https://www.youtube.com/watch?v=dpgruS0ob64
Permainan Sky Roller ngindarin rintangan game indonesia,7,2019_12_02,2,1,Dik Gaming,5,https://www.youtube.com/watch?v=cY-C1ydNWx0
Sky roller,1,2019_12_02,0,0,fruit club,1,https://www.youtube.com/watch?v=s_IQB_-QDLs
Main game sky roller enak buanget,21,2019_12_02,1,0,gestara chhanel,40,https://www.youtube.com/watch?v=GjyCtsc9_gU
SKY ROLLER THE GAME OF NGANGKANG,19,2019_12_02,0,0,Syarif ahmad,8020,https://www.youtube.com/watch?v=l76mUZlKRgU
Sky Roller Unlocked All Character Levels 35-52 Gameplay《Bored? Not anymore!》Chill-out Music,44,2019_12_02,0,0,COBG,0,https://www.youtube.com/watch?v=L_DvZTveSC0
Sky Roller Game Android App Apk ios New Trending Homa Games Arcade,7,2019_12_02,4,0,Scottish Gaming Duo,1250,https://www.youtube.com/watch?v=4FHowTv7o08
Sky Roller Gameplay Part 1 | Level 1 - 30,"1,154",2019_12_03,12,4,GamerRia,6650,https://www.youtube.com/watch?v=ueOFsdk5QHM
~```Play game sky roller```~,19,2019_12_03,4,0,Aisya Xxlzz,179,https://www.youtube.com/watch?v=DndJAxJN6ec
Sky Roller (Very Interesting part😁😁😁😁),25,2019_12_03,1,0,R7 max games,0,https://www.youtube.com/watch?v=gVbJoOs5IrM
SKY Roller Game,1,2019_12_03,0,0,BE ER,0,https://www.youtube.com/watch?v=kHLECvspRr4
"Lewati TANTANGAN dengan SEPATU RODA! - Sky Roller - Trending Game of The Day on December 3, 2019",56,2019_12_03,3,0,Dofdoffy gaming,0,https://www.youtube.com/watch?v=7CLpPI8BuO4
Play games in sky roller,3,2019_12_03,0,0,UltraRider 01,10,https://www.youtube.com/watch?v=LwrOqF7F-n0
Top Free Android game Review (SKY ROLLER)..TRY DOWNLOAD GAME NI,58,2019_12_03,6,0,Bad Boy Channel,92,https://www.youtube.com/watch?v=UdC6urHa2R8
Sky Roller Level: 61-70 #7 (Android),14,2019_12_03,0,0,Monster Squid,10,https://www.youtube.com/watch?v=QWgbNtQi10s
Like and subscribe playing Sky Roller,8,2019_12_04,2,0,MAD_ Youtube,4,https://www.youtube.com/watch?v=B6NfCG4Mg0c
Sky roller,1,2019_12_04,0,0,Bluey_Gacha Kermit 23,1,https://www.youtube.com/watch?v=KKAboqleoHg
Sky Roller Level 6 7 Walkthrough,13,2019_12_04,0,0,NasirAli Gamer,137,https://www.youtube.com/watch?v=u6Sx_AdxaHQ
Sky Roller (REAd DeSC),5,2019_12_04,1,0,Rianne Go,3,https://www.youtube.com/watch?v=sApOqd_ij84
-Milky game Ep.2 Sky roller |Milky gaming27|#8,10,2019_12_04,2,1,Milky Gaming27,13,https://www.youtube.com/watch?v=whM4YQ-SWwQ
Sky Roller Level: 81-90 #9 (Android),20,2019_12_05,0,0,Monster Squid,10,https://www.youtube.com/watch?v=vj8ADH1idcY
Sky Roller,3,2019_12_05,1,0,Darleny Castellanosaguilar,1,https://www.youtube.com/watch?v=mHl1IkWPZvk
Roller sky,139,2019_12_05,2,0,hatime aloui,0,https://www.youtube.com/watch?v=PONUjvqMdU4
Top Best Android Games - Sky Roller ( December 2019 ) | OGC Game Android Gameplay,37,2019_12_05,2,0,OGC Game Android Gameplay,0,https://www.youtube.com/watch?v=hl7Nqow6arw
Sky roller games app,4,2019_12_05,0,0,senorita channel,4,https://www.youtube.com/watch?v=8au4Y2_mKwA
Sky Roller | Level 14 - 19 | Gameplay Android,19,2019_12_05,0,0,Nobody R100,2,https://www.youtube.com/watch?v=-Z82m2XJyUc
Sky Roller Level: 101-110 #11 (Android),34,2019_12_05,1,0,Monster Squid,10,https://www.youtube.com/watch?v=AOkqFMNhZdY
Main game sky roller|Deskripsi,10,2019_12_05,2,0,Aurelia Calysta,7,https://www.youtube.com/watch?v=cxVFQnekh34
Main Game Sky Roller,5,2019_12_05,0,0,Indah Official,1,https://www.youtube.com/watch?v=KI3qcINcsEE
Sky Roller Level: 71-80 #8 (Android),19,2019_12_05,0,1,Monster Squid,10,https://www.youtube.com/watch?v=aXTieHWpt-w
Sky Roller - New Game Trailer#1,57,2019_12_05,7,0,Insan S,1480,https://www.youtube.com/watch?v=vylBuZwL8LA
Sky Roller Level: 91-100 #10 (Android),23,2019_12_05,0,0,Monster Squid,10,https://www.youtube.com/watch?v=1tkSE2_tg1k
Sky roller news game | levels17 to levels26,0,2019_12_06,0,0,Ko Ko Gaming,0,https://www.youtube.com/watch?v=VUEKy5BZe50
Sky Roller - game mod with GG get unlimited money latest 2020,56,2019_12_06,1,0,EM 25,0,https://www.youtube.com/watch?v=VEowSi8sL6s
Sky Roller,10,2019_12_06,1,0,Anis anis,282,https://www.youtube.com/watch?v=njCsmZ_M044
Game sky roller สุด epic,3,2019_12_07,0,0,อุ่นโบ้น สุดแสบ,2,https://www.youtube.com/watch?v=PpkLc-88x0A
Sky roller game,1,2019_12_07,0,0,Marivel Gopez,0,https://www.youtube.com/watch?v=yo3SfOh6UV0
Main game sky roller seru banget dah,4,2019_12_07,1,0,syifa nabila chanell,10,https://www.youtube.com/watch?v=cI5vzODAIWk
game Sky Roller,4,2019_12_07,3,0,Evan Julian,1,https://www.youtube.com/watch?v=7xaB4VbvbSw
Sky Roller | Level 21 - 28 | Gameplay Android,5,2019_12_07,0,0,Nobody R100,2,https://www.youtube.com/watch?v=CSt_SFib0BM
Sky roller #1,8,2019_12_07,1,0,kevin the destroyer,3,https://www.youtube.com/watch?v=gRgSbiGP-8Y
DYING ALOT OF TIMES ON LEVEL 21 ● Sky Roller,3,2019_12_07,0,0,Keisha XGames,0,https://www.youtube.com/watch?v=53Ibw1XIWq4
Sky Roller [Gameplay],7,2019_12_07,2,0,Zemi Playz,15,https://www.youtube.com/watch?v=zgQucXxLkFo
"Sky Roller GAMEPLAY Walkthrough Android, iOS Gameplay",1,2019_12_07,0,0,Nadhira Nugroho,0,https://www.youtube.com/watch?v=TKT2v2GxTW8
"Sky Roller, ios game play 29/31",19,2019_12_07,6,0,Queen bee,8,https://www.youtube.com/watch?v=_xdu-qqopGE
sky roller lll it is a very popular game...,0,2019_12_07,0,0,Kaushik Sikder,0,https://www.youtube.com/watch?v=dyTnhDhpXGU
Sky Roller Gameplay FULL SCREEN HD || BY. Gamerz Toper,253,2019_12_07,5,0,Gamerz Toper,0,https://www.youtube.com/watch?v=rt1H_S28t6Q
"Sky Roller - Gameplay Walkthrough Part 1 (iOS, Android)",95,2019_12_08,5,0,Pharmit24,104000,https://www.youtube.com/watch?v=QYCiIN7pQc0
Sky Roller Game,6,2019_12_08,1,0,Ava The Gamer 0919,64,https://www.youtube.com/watch?v=5aWl1RjJhMo
Sky roller & Cool Roller pro sama game sepatu roda #main game,17,2019_12_08,2,1,iseng wee,0,https://www.youtube.com/watch?v=vhfFNKoE0_8
Sky Roller lever 10 to 20 - Game funny and relax - Những game hay ho,1,2019_12_08,1,0,Toxic Thành,25,https://www.youtube.com/watch?v=Xf6YugLC5V0
SKY ROLLER INDONESIA | AZGAME,10,2019_12_08,0,0,Azzahra Lazuilgalaxy,22,https://www.youtube.com/watch?v=5ufrZ6tegJM
"Sky roller.Please subscribe my channel and don't forget to like,share and comment my video.❤❤❤❤",2,2019_12_08,0,0,Nigar Hossain,0,https://www.youtube.com/watch?v=u-tseTacJs8
Penjelasan tentang game tiles hop dan Sky Roller,1,2019_12_08,0,0,Louisa Angel,0,https://www.youtube.com/watch?v=dKDJZDGcnAM
오늘은 Sky Roller라는 게임을 가져왔습니다,18,2019_12_08,4,0,상추YouTube,23,https://www.youtube.com/watch?v=5jNt4OE71IY
sky Roller게임을 해 보았다(광고 유튜버 소리 죄송합니다ㅠ),2,2019_12_08,0,0,딸기우유,11,https://www.youtube.com/watch?v=LOhXZUUl1UE
Sky roller,0,2019_12_08,0,0,Gopal Mandal,0,https://www.youtube.com/watch?v=Yq1DoDF0UC0
Sky Roller Level: 121-130 #13 (Android),1,2019_12_09,0,0,Monster Squid,10,https://www.youtube.com/watch?v=DBHpJU4uvAk
Meme complaiton (soz can't spell) of Sky roller,0,2019_12_09,0,0,stephen the awsome,1,https://www.youtube.com/watch?v=LfmNMFDJXlE
"Play Game Mobile For Android, Ios - Sky Roller",1,2019_12_09,0,0,PLAY GAME MOBILE,73,https://www.youtube.com/watch?v=4kw-1fUh1ac
Sky Roller Gameplay Level 10 || new 2019 game,10,2019_12_09,0,0,GAMING NATION,30400,https://www.youtube.com/watch?v=a5nmoKEx_-s
Sky Roller Part 4,0,2019_12_09,0,0,TheGamingGuy,0,https://www.youtube.com/watch?v=szn54ZBLlKk
Sky Roller (2019) - Mobile Gameplay,0,2019_12_09,0,0,"Mobile Games - Android,IOS",72,https://www.youtube.com/watch?v=DEbuX7ih2pg
Sky Roller || game gabut,3,2019_12_09,0,0,dicki mulya,13,https://www.youtube.com/watch?v=OodPipxaX64
Sky Roller Level: 111-120 #12 (Android),0,2019_12_09,0,0,Monster Squid,10,https://www.youtube.com/watch?v=7jZeuPjkGrs
"Sky Roller - Gameplay Walkthrough Part 2 (Android, iOS Gameplay)","3,221",2019_12_09,19,5,Pryszard Android iOS Gameplays,396000,https://www.youtube.com/watch?v=4hsa5xHd8os
Sky roller game 💝🤔👌🏼,2,2019_12_09,1,0,Preeti Sadhukhan,2,https://www.youtube.com/watch?v=T24xtlMmi2w
Sky Roller Level: 131-140 #14 (Android),3,2019_12_09,1,0,Monster Squid,10,https://www.youtube.com/watch?v=NZczAqIek4U
Sky Roller Gameplay Walkthrough Part 1 (ios&Android),28,2019_12_10,0,0,kids Games & Android Gameplay For Kids,0,https://www.youtube.com/watch?v=-dBJiQou7oI
Bermain game sky Roller,5,2019_12_10,0,0,izzy Hobbies,9,https://www.youtube.com/watch?v=picpDbLnSBY
Sky Roller - All Levels,212,2019_12_10,10,1,TargoGaming,26400,https://www.youtube.com/watch?v=PKqnDOHdbng
Sky roller gameplay part 1| level 1,5,2019_12_10,0,0,CCM,1270,https://www.youtube.com/watch?v=ZpaLrUKOh30
Playing Sky Roller |,42,2019_12_10,22,2,Online AC Gamer,35,https://www.youtube.com/watch?v=stW4KDkWR2g
"Sky Roller - Gameplay Walkthrough Part 3 (Android, iOS Gameplay)","1,315",2019_12_10,16,3,Pryszard Android iOS Gameplays,396000,https://www.youtube.com/watch?v=oFojvtKro-k
Sky Roller | Gameplay,1,2019_12_11,0,0,Sunarya,176,https://www.youtube.com/watch?v=VWcybGz12hQ
Sky Roller Level: 141-150 #15 (Android),0,2019_12_11,0,0,Monster Squid,10,https://www.youtube.com/watch?v=iYYKG1NAEwc
Sky Roller Level: 151-160 #16 (Android),0,2019_12_11,0,0,Monster Squid,10,https://www.youtube.com/watch?v=4jMOznRvzB0
Sky Roller Level: 161-170 #17 (Android),1,2019_12_11,0,0,Monster Squid,10,https://www.youtube.com/watch?v=lt6FcP814ko
Playing sky roller,1,2019_12_11,0,0,Aniza Aziz,0,https://www.youtube.com/watch?v=e_AAmPaTEo4
Sky Roller - PRO vs NOOB,"1,264",2019_12_11,57,4,SpinGo,611000,https://www.youtube.com/watch?v=lZ-LE8hkUho
Sky Roller | Level 41 - 50 | Gameplay Android,1,2019_12_11,0,0,Nobody R100,2,https://www.youtube.com/watch?v=iM9l7K0e0Ek
GAMEPLAY SKY ROLLER,2,2019_12_12,0,0,Play List,1,https://www.youtube.com/watch?v=alnw_e5bsys
"Video game sky roller , Fun rice 3d,dan bottle jum 3d",2,2019_12_12,1,0,Rini game,1,https://www.youtube.com/watch?v=ykNrPdHQaHo
Bermain Game Sky Roller (please don't bullying me),5,2019_12_12,2,0,Queen .S,3,https://www.youtube.com/watch?v=pm32kxB0PtE
Sky roller,2,2019_12_12,0,0,Brianna Rafor,3,https://www.youtube.com/watch?v=0KQLmUAKlTo
Lagi main game sky roller,3,2019_12_12,0,0,syifa nabila chanell,10,https://www.youtube.com/watch?v=IJ9-EyTwcZs
"Review game ""Sky Roller"" ngakak parah",6,2019_12_12,0,0,Devi 7naga,0,https://www.youtube.com/watch?v=NxOhL3PC9yI
