﻿title,count,date,good_count,bad_count,youtuber,subscriber,url
희수의 꿈의마을 행운의 집,14,2019_02_10,2,0,희수의대장 프로그램,6,https://www.youtube.com/watch?v=ycAHJVU_fuQ
희수의 꿈의마을 광산캐기,8,2019_02_11,1,0,희수의대장 프로그램,6,https://www.youtube.com/watch?v=7NjZiYb_Pc4
꿈의 마을 갓겜인데요?,38,2019_02_21,3,0,쟁짜TV,11,https://www.youtube.com/watch?v=os85yZtHtnE
꿈에 마을,10,2019_03_01,0,0,지담tv,18,https://www.youtube.com/watch?v=3gq7KicN8hs
와우!!타운쉽(TOWN SHIP),43,2019_03_02,0,0,빙빙tv,11,https://www.youtube.com/watch?v=XdIkg-SpJ6s
[지니의 모바일 게임월드] Township 마을 꾸미기~!,20,2019_03_06,1,0,지니지니,23,https://www.youtube.com/watch?v=qPAHNEl-k7Y
Township / 타운쉽 시작하기! 폰게임 같이해요,257,2019_03_12,5,0,주아주아,8,https://www.youtube.com/watch?v=M3etZt9mnN8
꿈의마을!,85,2019_03_15,1,0,잎푸,14,https://www.youtube.com/watch?v=wqdeZ3eoyV8
꿈의 마을 가꾸기ㅣ정수연의 DIY 유튜브,68,2019_03_24,8,0,정수연의 DIY 유튜브,17,https://www.youtube.com/watch?v=aiasnijRWD8
돌아온 꿈의 마을,34,2019_04_06,3,1,6호TV TV,10,https://www.youtube.com/watch?v=hLsXOcIAPI0
심시티 비슷한 무료 모바일 게임 추천 TOP 10,"9,315",2019_04_09,32,4,Goodluck 7,0,https://www.youtube.com/watch?v=rO3gzsAU1jg
20190423 타운쉽 township 플레이일기,31,2019_04_22,0,0,kongram _,3,https://www.youtube.com/watch?v=IuY3EFxulxc
20190425 타운쉽 광산캐기 4337층까지,52,2019_04_25,2,0,kongram _,3,https://www.youtube.com/watch?v=rh2_0o6tdoo
농장 무료 모바일 게임 추천 TOP 7,"4,759",2019_04_30,14,2,Goodluck 7,0,https://www.youtube.com/watch?v=GzAZr4xMYBk
꿈의 마을 (Township) - 2019-05-11,16,2019_05_10,0,1,한아름귀옥,0,https://www.youtube.com/watch?v=7sl9l21ga6M
상상너프 발전 게임 시작!! (꿈의 마을),306,2019_05_12,1,3,오로라Aurora,77,https://www.youtube.com/watch?v=SskT4qZblm0
타운 쉽 (꿈의 마을),30,2019_06_08,0,0,조은샘,8,https://www.youtube.com/watch?v=nVrgxj3fAW8
꿈의 마을 town ship 그리고 파세코 창문형 에어컨 정보 실외기가 없다,14,2019_06_21,0,0,남익,1100,https://www.youtube.com/watch?v=QYLdS3CaN_I
20190706 타운쉽 township 63레벨 플레이일기,51,2019_07_06,0,0,kongram _,3,https://www.youtube.com/watch?v=0OC1o_5q_Lc
20190707 타운쉽 township 눈뜨자마자게임하기,625,2019_07_06,2,1,kongram _,3,https://www.youtube.com/watch?v=jbsTn9rd03c
타운쉽 게임중,151,2019_07_10,1,0,삐리카,1,https://www.youtube.com/watch?v=YT-C2oLORLw
[SM엔터테인먼트]레이 우롱 휴대폰의 모바일 게임 TV광고 [꿈의 마을 - 동물농장 편],451,2019_07_21,1,0,서울4호선469편성,283,https://www.youtube.com/watch?v=ZwhOsveHfAE
[SM엔터테인먼트]레이 우롱 휴대폰의 모바일 게임 TV광고 [꿈의 마을 - 건설 편],267,2019_07_21,0,2,서울4호선469편성,283,https://www.youtube.com/watch?v=1UH9tXnGCRQ
마을을 건설해요 (모바일 게임),120,2019_08_08,1,0,호이토이 [HoyToy],4570,https://www.youtube.com/watch?v=rERHzMyy3Eo
타운쉽 [Township] 꿈의 마을 공기계 무과금 5년째 상황,"1,742",2019_08_09,11,1,yona simo,562,https://www.youtube.com/watch?v=VGmFtOOd5Rk
타운쉽 생방송,18,2019_08_10,0,0,전예준,13,https://www.youtube.com/watch?v=NQixBqtKa4M
꿈의마을 Township 타운쉽 공기계 무과금 게임 상황 [20190818],253,2019_08_17,0,0,yona simo,562,https://www.youtube.com/watch?v=sHwR92EfMKE
꿈의마을 Township 타운쉽 돈되는 광산 채굴,480,2019_08_20,4,1,yona simo,562,https://www.youtube.com/watch?v=-myz9hYwFmA
꿈의마을 play,2,2019_08_23,0,0,tv슬위,0,https://www.youtube.com/watch?v=qEEpux06fCk
타운쉽꾸미기 레벨69 township,178,2019_08_24,0,0,kongram _,3,https://www.youtube.com/watch?v=zRec_lpQBgA
꿈의 마을!! 생각 보다 한게 없네요!,15,2019_08_26,0,1,유아람,5,https://www.youtube.com/watch?v=w4ZWsPzhZtk
꿈의마을 시작 도전기!!!!,19,2019_09_03,1,0,방그시,8,https://www.youtube.com/watch?v=dDWXvLAA8Ow
꿈의 마을,3,2019_09_07,0,0,TV테드,0,https://www.youtube.com/watch?v=ciuNtbq9JGw
꿈의 마을 하기,12,2019_09_15,1,0,제시카YULIO,1,https://www.youtube.com/watch?v=y7e8UpL7wBM
[게임 쿠키] Township v7.0.1 버그판 크랙버전 Apk 다운로드 (꿈의 마을 Mod Apk),797,2019_10_10,0,0,게임 쿠키,59,https://www.youtube.com/watch?v=QZTQziAQo9I
꿈의마을(township)1,10,2019_11_01,2,0,준희의 포켓몬tv,5,https://www.youtube.com/watch?v=GVL6HSZnpRE
Township 30레벨 공략 2화 7레벨까지 갔습니다!,10,2019_11_15,1,0,tuna GD,9,https://www.youtube.com/watch?v=ohkboQI79iU
Township 꿈의마을,6,2019_11_16,0,0,팡인냥냥이,0,https://www.youtube.com/watch?v=YU1nJTO9JYg
Township Level 83 Gameplay #2 꿈의마을,16,2019_11_17,2,0,Triple Cherrys,2,https://www.youtube.com/watch?v=YcQW8loDi_c
꿈의마을 버그판 링크 설명란에 있습니다,213,2019_11_18,1,0,찬혁반,28,https://www.youtube.com/watch?v=O-p6s_n4Vco
Township Level 83 Gameplay #15 꿈의마을,17,2019_11_19,2,0,Triple Cherrys,2,https://www.youtube.com/watch?v=Czv_dS0sOdQ
Township Level 83 Gameplay #10 꿈의마을,4,2019_11_19,1,0,Triple Cherrys,2,https://www.youtube.com/watch?v=2Lc7m2CJP6w
Township Level 83 Gameplay #8 꿈의마을,9,2019_11_19,1,0,Triple Cherrys,2,https://www.youtube.com/watch?v=zyCJnt0hmG0
