﻿title,count,date,good_count,bad_count,youtuber,subscriber,url
"동방 저승과 서양 지옥의 대결, 차원이 다른 모바일 턴제 RPG ""염왕이 뿔났다""!","574,675",2019_10_06,128,24,염왕이 뿔났다,468,https://www.youtube.com/watch?v=f_Tz2jWpe_A
"역대급 재미 보장 모험 RPG, 동서양의 신과 악마의 대난투!","6,870",2019_10_09,20,2,염왕이 뿔났다,468,https://www.youtube.com/watch?v=Skp00hoEWx4
[다운링크]염왕이 뿔났다(閻王不高興/THE FURIOUS YAMA)플레이/국내 사전예약 중/수집형RPG/모바일게임(MobileGame),"3,472",2019_10_14,10,0,게임똥 보고서,1520,https://www.youtube.com/watch?v=4A1eqAXeV84
"""염왕이 뿔났다"" 맹파 필살기: 피안화 바다","4,590",2019_10_15,29,2,염왕이 뿔났다,468,https://www.youtube.com/watch?v=f98vSEM3MFo
"“염왕이 뿔났다"" 몰렉 필살기: 악마의 불","12,808",2019_10_15,59,5,염왕이 뿔났다,468,https://www.youtube.com/watch?v=FRuvCfhoMLo
[염왕이 뿔났다] 만의 독특하면서도 중요한 전투 내의 특수 요소!!,"3,030",2019_10_16,6,3,염왕이 뿔났다,468,https://www.youtube.com/watch?v=Eqn6ky_xsAs
[염왕이 뿔났다] XD 글로벌의 오늘도 우라라 다음 신작!! 게임 모바일게임 리뷰 엉아,"8,484",2019_10_20,118,7,엉아 TV,15500,https://www.youtube.com/watch?v=_Y5LUunKKcY
모바일게임 염왕이 뿔났다 원작게임인 염왕부고흥 (閻王不高興 / The Furious Yama) 플레이영상 by. 민수르,944,2019_10_21,3,1,Play민수르,103,https://www.youtube.com/watch?v=F8Q-_ZV2ZvE
"“염왕이 뿔났다"" 나타 필살기: 구룡신화조","3,917",2019_10_21,16,0,염왕이 뿔났다,468,https://www.youtube.com/watch?v=gmjMaDRWMnw
[염왕이뿔났다] CBT 후기 국내 게임사분들 반성 좀 합시다. 못하는거 아니자나요? 안할 뿐이지 지금 사전 등록 사전 예약 중!,"4,111",2019_10_23,23,6,겜뚜껑,1560,https://www.youtube.com/watch?v=dp4yjBm-wVE
[염왕이뿔났다] 이러니 염왕이 뿔이났지!! ㅋㅋ 모바일게임 리뷰 엉아,"33,806",2019_10_23,224,42,엉아 TV,15500,https://www.youtube.com/watch?v=bA_bgUW1A0A
염왕이뿔났다 cbt 초반플레이(스토리),"3,847",2019_10_23,19,2,님얼굴비매너,12,https://www.youtube.com/watch?v=5uy9p7atTCM
시작!!!!염왕이 뿔났다 CBT,354,2019_10_24,0,0,우킹,2,https://www.youtube.com/watch?v=zacEcyIEjMQ
[閻王不高興] 웹툰 원작 IP를 활용해서 만든 명계 세계관 중국산 모바일 신작 수집형 2D 애니메이션 게임 염왕이 뿔났다 CBT 플레이 해보는 영상. (XD글로벌 신작),375,2019_10_25,3,0,밀크박스,59,https://www.youtube.com/watch?v=ewXF45w_bW4
"""염왕이 뿔났다""를 함ㅎ 설명칸 꼭보기^ ^",247,2019_10_26,2,1,악라,32,https://www.youtube.com/watch?v=HtO3XW1byAU
"울먹좌의 에픽세븐 아레나마감(3회차)-실패, 염왕이 뿔났다 하러감",405,2019_10_27,1,2,아키하당주-AKIHAdangju,89,https://www.youtube.com/watch?v=5Al1rJ6x2BI
[염왕이 뿔났다] 범무구 SSR중 사기캐..?,268,2019_10_27,0,0,Kang M,9,https://www.youtube.com/watch?v=cg8zvFH8PGo
"""염왕이 뿔났다"" 타나토스 필살기: 영혼의 만찬","3,405",2019_10_28,16,1,염왕이 뿔났다,468,https://www.youtube.com/watch?v=kvrh3J8MtAg
중국의 에픽세븐? 염왕이 뿔났다,"8,964",2019_10_29,30,6,라프TV,6300,https://www.youtube.com/watch?v=Fq7EmUvwLW4
"""염왕이 뿔났다"" 드라큘라 필살기: 피의 포옹","3,842",2019_10_29,19,0,염왕이 뿔났다,468,https://www.youtube.com/watch?v=GuSbsIU9roM
염왕이 뿔났다영상,340,2019_10_30,0,1,겜북이,2,https://www.youtube.com/watch?v=qt83eJqOCP4
2부 염왕이 뿔났다!,226,2019_11_04,1,3,악라,32,https://www.youtube.com/watch?v=7Qpv6IsiomE
염왕이 뿔났다 Hack Android iOS,47,2019_11_15,1,0,ninmija,0,https://www.youtube.com/watch?v=RZGrIdEvnrE
[2019 지스타] XDG 코스프레 무대행사,877,2019_11_17,10,0,이웃집 대학원생,15,https://www.youtube.com/watch?v=8OgKVpoZKTc
[지스타2019] 엑스디글로벌(X.D Global) 신작 '염왕이 뿔났다' 시연 영상,157,2019_11_18,2,0,겜조TV,3900,https://www.youtube.com/watch?v=QntxyTAAI3k
웹툰원작? 망겜아냐? 염왕이 뿔났다는 과연 어떨까?,"3,402",2019_11_18,21,2,야자냐,85,https://www.youtube.com/watch?v=iCLYLPHxXsw
신작 모바일게임 염왕이 뿔났다 스트리밍!,"2,103",2019_11_19,21,3,온옹,1330,https://www.youtube.com/watch?v=r8oSAw1pGgo
모바일 게임 염왕이 뿔났다.,75,2019_11_19,2,0,수행사제이선생,683,https://www.youtube.com/watch?v=NZsai1ExNYM
"오늘 출시한 중화풍 에픽세븐 '염왕이 뿔났다' 개발사:Lingtu 배급사:소녀전선,벽람향로,붕괴3,제5인격의 XD글로벌",144,2019_11_19,0,0,유희적좀비,40,https://www.youtube.com/watch?v=O2ZVgT9WNX0
[염왕이 뿔났다] 게임 실행부터 튜토리얼 끝까지,24,2019_11_19,0,0,Cloto K,41,https://www.youtube.com/watch?v=CUTn5MKTkrc
『신작 모바일게임』염왕이 뿔났다 『튜토+챕터 1까지』,"1,502",2019_11_19,12,0,지옥의문,522,https://www.youtube.com/watch?v=6hawDhyBhZA
『신작 모바일게임』염왕이 뿔났다 『챕터2』,966,2019_11_19,5,0,지옥의문,522,https://www.youtube.com/watch?v=Ly7ZCoGVQPQ
염왕이 뿔났다 초반 2,3,2019_11_19,0,0,만수랑,1,https://www.youtube.com/watch?v=eiuslNfBjJE
『신작 모바일게임』염왕이 뿔났다 『챕터3』,763,2019_11_19,5,0,지옥의문,522,https://www.youtube.com/watch?v=9gT0pEA-bhI
염왕이 뿔났다 초반 1,9,2019_11_19,0,0,만수랑,1,https://www.youtube.com/watch?v=CiI_lXA89pw
염왕이 뿔났다 - 모바일 게임 (초반 플레이 인게임),13,2019_11_19,0,0,무풍,103,https://www.youtube.com/watch?v=EI8pIEHUQUs
염왕이 뿔났다 간단리뷰!,"3,072",2019_11_19,9,3,온옹,1330,https://www.youtube.com/watch?v=2e8_ms_7QJk
염왕이 뿔났다 초반 3,8,2019_11_19,0,0,만수랑,1,https://www.youtube.com/watch?v=ZZwNkwmLOJE
[염왕이 뿔났다] 애니메이션이 미쳤습니다...,823,2019_11_19,7,1,이애사카,0,https://www.youtube.com/watch?v=A536NRxTs5M
『염왕이 뿔났다. BGM』,58,2019_11_19,0,0,괴짜C,0,https://www.youtube.com/watch?v=Re64F6v7k-8
염왕이 뿔났다~! 어떤게임? 리세는?,"1,171",2019_11_19,2,2,하늘두덕,13,https://www.youtube.com/watch?v=KGCWPBYZC2s
The Furious Yama - 염왕이 뿔났다 (KR) [ Android APK ] Gameplay,197,2019_11_19,4,0,Free2PlayMMOs Gaming Channel,9720,https://www.youtube.com/watch?v=4ISINYBeSKk
염왕이뿔났다 모바일RPG 초반플레이!!,100,2019_11_20,1,0,리얼파일,1980,https://www.youtube.com/watch?v=9OdGio_U60U
[린린닷컴님 Live]염왕이 뿔났다2019.11.20],21,2019_11_20,2,0,린린닷컴TV,248,https://www.youtube.com/watch?v=lmOLe3KxYec
염왕이 뿔났다 - 1챕터 스테이지 전투,14,2019_11_20,0,0,무편집게임플레이,1050,https://www.youtube.com/watch?v=y-WxGtLUXeQ
염왕이 뿔났다?! 웹툰 기반 턴제 RPG게임 초반 튜토리얼 플레이 영상,110,2019_11_20,19,0,틈천tv,1120,https://www.youtube.com/watch?v=_BGXCwBuUHU
염왕이뿔났다 간단 리뷰 + 플레이 영상,424,2019_11_20,3,0,겜조TV,3900,https://www.youtube.com/watch?v=rKqF63fmfyY
염왕이 뿔났다 - 초반 스토리ㆍ전투,244,2019_11_20,1,0,무편집게임플레이,1050,https://www.youtube.com/watch?v=o6WVFs1NPoE
'염왕이 뿔났다' 웹툰 원작 모바일게임을 해봄 | 겜생(GAMELIFE),534,2019_11_20,4,0,겜생,0,https://www.youtube.com/watch?v=817m7bEu3Uw
염왕이 뿔났다 - 영웅 정보ㆍ고급 소환 7회,633,2019_11_20,1,1,무편집게임플레이,1050,https://www.youtube.com/watch?v=WtMg2TRMc8M
염왕이 뿔났다 - 신작 나와서 플레이 중...,24,2019_11_20,0,0,심심할때뽑기 돌리는 찬호,20,https://www.youtube.com/watch?v=O1Ci_dJwAW0
염왕이 뿔났다/악신,10,2019_11_20,1,0,악신,249,https://www.youtube.com/watch?v=5PdW94bCLGM
모바일게임 신작) 염왕이뿔났다 초반17분 플레이영상,7,2019_11_20,0,0,솜카롱,0,https://www.youtube.com/watch?v=YIur_uOYj6U
『신작 모바일게임』염왕이 뿔났다 『챕터5』,"1,403",2019_11_20,14,0,지옥의문,522,https://www.youtube.com/watch?v=R8Rw2TDC-08
[지스타 2019] 염왕이 뿔났다 특별 공개 애니메이션 직촬 영상!,90,2019_11_20,2,0,제이팍,82,https://www.youtube.com/watch?v=78S9A6rrQtE
염왕이 뿔났다 - 1챕터 스토리,291,2019_11_20,3,0,무편집게임플레이,1050,https://www.youtube.com/watch?v=JDMRNqN-aLU
염왕이 뿔났다 - 첫 뽑기 후 이어서 쪼금 플레이,115,2019_11_20,0,0,심심할때뽑기 돌리는 찬호,20,https://www.youtube.com/watch?v=oQq-pYCIukg
새로나온 게임을 즐겨보왔습니다.(염왕이 뿔났다)1화-쇼브TV,47,2019_11_20,1,0,쇼브,115,https://www.youtube.com/watch?v=zLFwxoZgnMA
(염왕이뿔났다) SSR도 좋다구요 광역딜러 백용마 그런데 스킬이 왜...,"3,816",2019_11_20,16,2,노병Tv,0,https://www.youtube.com/watch?v=dYgX-s-pbSQ
『신작 모바일게임』염왕이 뿔났다 『챕터4』,"1,515",2019_11_20,6,0,지옥의문,522,https://www.youtube.com/watch?v=X9vLIYdRSvE
염왕이 뿔났다 - 2챕터 스토리,202,2019_11_20,0,0,무편집게임플레이,1050,https://www.youtube.com/watch?v=TucsxYxmjHM
재미있고 가볍게 즐길 수 있는 !『염왕이 뿔났다』 Play 영상!,4,2019_11_20,0,0,괴짜C,0,https://www.youtube.com/watch?v=8VRa46LwgF8
[린린닷컴님 Live]염왕이 뿔났다 3일째[2019.11.22],86,2019_11_21,3,0,린린닷컴TV,248,https://www.youtube.com/watch?v=cP3a1ynchfQ
"염왕이 뿔났다(제작:Lingtu Media, 배급:X.D. 글로벌)",74,2019_11_21,1,0,농업코코,128,https://www.youtube.com/watch?v=Q9GuJDucvEY
『염왕이 뿔났다』 2장 데스 드래곤를 잡아라!,31,2019_11_21,0,0,괴짜C,0,https://www.youtube.com/watch?v=aNtlrNag62g
『신작 모바일게임』염왕이 뿔났다 『챕터6』,818,2019_11_21,7,0,지옥의문,522,https://www.youtube.com/watch?v=nLqHGhq6Nk8
새롭게 시작한 게임 [염왕이 뿔났다],194,2019_11_21,9,0,Grey TV,187,https://www.youtube.com/watch?v=rPPBCdyETws
중국산 수집형 게임 염왕이 뿔났다 스토리 그림체 더빙 미쳤다! 게임은 재미 없지만 갓겜 - 모바일 게임 염왕이 뿔났다 1화,414,2019_11_21,7,1,꼬무신TV,5100,https://www.youtube.com/watch?v=EihUCFXH_WA
중국산 수집형 양산형 RPG 턴제 게임 재미는 모르겠고 게임성! 인정 - 모바일 게임 염왕이뿔났다 2화,972,2019_11_21,4,0,꼬무신TV,5100,https://www.youtube.com/watch?v=puJC3gKFXR4
염왕이 뿔났다 - 3챕터 스토리,302,2019_11_21,2,0,무편집게임플레이,1050,https://www.youtube.com/watch?v=alBBF-fjtx0
염왕이 뿔났다 최고등급 UR 나타 획득 [ 라이프애프터 신작 모바일게임 ] - 흑백게임,979,2019_11_21,7,0,흑백게임TV,0,https://www.youtube.com/watch?v=rLDXEDNPbpI
염왕이 뿔났다 지스타 체험,83,2019_11_21,1,1,그안에어둠은,6,https://www.youtube.com/watch?v=l2tJ7hCVJJ0
염왕이 뿔났다 튜토 (배속해서 보시길),1,2019_11_21,0,0,졸나피졸리고나른하고피곤하고,10,https://www.youtube.com/watch?v=-NdncK7yHk0
[린린닷컴님 Live]염왕이 뿔났다 2일째[2019.11.20],31,2019_11_21,1,0,린린닷컴TV,248,https://www.youtube.com/watch?v=bnTd7ht-1bY
모바일 게임 염왕이 뿔났다 스토리 진행,56,2019_11_21,1,0,수행사제이선생,683,https://www.youtube.com/watch?v=5lNoi-6kUbQ
(염왕이뿔났다) UR등급 나타가 뭐길래 feat.손오공 사탄 덱을 정비하자,"5,536",2019_11_22,33,3,노병Tv,0,https://www.youtube.com/watch?v=edefyQhqMZQ
염왕이뿔났다 초반플레이,66,2019_11_22,0,0,Mr. DdunG,15,https://www.youtube.com/watch?v=7MrTZsqQRRE
[염왕이 뿔났다] 현질에 뿔났다 이놈들아! 리뷰,"21,769",2019_11_22,132,30,짝태TV,6740,https://www.youtube.com/watch?v=7dSojekkFWw
염왕이 뿔났다!,13,2019_11_22,2,0,블루 Blue tea티,8,https://www.youtube.com/watch?v=lA3T0WSS03s
"염왕이뿔났다 챕터3.(제작:Lingtu Media, 배급:X.D. 글로벌)",54,2019_11_22,0,0,농업코코,128,https://www.youtube.com/watch?v=Cdy1KqCbMRM
"염왕이뿔났다 챕터2.(제작:Lingtu Media, 배급:X.D. 글로벌)",33,2019_11_22,0,0,농업코코,128,https://www.youtube.com/watch?v=YLPvpZpO02Q
[염왕이 뿔났다] 할 만은 한데 다른 게임이랑 너무 비슷해서 염왕이 뿔날만 했네..,"8,941",2019_11_22,58,2,겜뚜껑,1560,https://www.youtube.com/watch?v=nc4xgXJiyIk
"염왕이 뿔났다. 제 1막 챕터.(제작:Lingtu Media, 배급:X.D. 글로벌)",52,2019_11_22,1,0,농업코코,128,https://www.youtube.com/watch?v=SndMp_dFwCY
염왕이 뿔났다 악녀도 재밌게한 그게임,87,2019_11_22,5,0,태기TV,0,https://www.youtube.com/watch?v=wx5l4ELingE
염왕이 뿔났다 공략 [ 마룡 플레이영상 및 획득방법 ] - 흑백게임,210,2019_11_22,6,0,흑백게임TV,0,https://www.youtube.com/watch?v=8BI65RAmHeE
『신작 모바일게임』염왕이 뿔났다 『챕터7』,894,2019_11_23,7,0,지옥의문,522,https://www.youtube.com/watch?v=GNztrl0jkJs
"염왕이뿔났다 콘텐츠.(제작:Lingtu Media, 배급:X.D. 글로벌)",19,2019_11_23,0,0,농업코코,128,https://www.youtube.com/watch?v=Gt8gXF3ZiRk
"염왕이뿔났다 챕터4는 레벨10되야함.(제작:Lingtu Media, 배급:X.D. 글로벌)",35,2019_11_23,0,0,농업코코,128,https://www.youtube.com/watch?v=PYuUmyYmPUY
오늘 해볼 게임은 악녀님이 광고하시는 염왕이 뿔났다 제가 한번 해보겠습니다.,301,2019_11_23,2,1,경월慶越,4,https://www.youtube.com/watch?v=0LXy0n3-TJg
#04] 꼬꼬마 염왕 이야기 - 염왕이 뿔났다,37,2019_11_24,1,0,별집사,0,https://www.youtube.com/watch?v=8A3zO4naGIs
[염왕이 뿔났다] 캐릭터 못 뽑으면 나도 뿔나는 수집형 턴제 RPG,499,2019_11_24,7,1,잼둥,462,https://www.youtube.com/watch?v=sWw8bAbqgCE
염왕이뿔났다 악몽3-7 오공 3인쩔,123,2019_11_24,1,0,[NP]킥킥,1,https://www.youtube.com/watch?v=zzyErbdt3ZU
염왕이뿔났다 악몽 5-7 오공 3인쩔,31,2019_11_24,0,0,[NP]킥킥,1,https://www.youtube.com/watch?v=ihHVzTl0kkw
염왕이 뿔났다 - 과제하다가 뽑기 돌리기... 결과가 왜 이러지?,497,2019_11_24,5,0,심심할때뽑기 돌리는 찬호,20,https://www.youtube.com/watch?v=uuNxQwTvPKI
염왕이뿔났다 악몽4-7 오공 3인쩔,18,2019_11_24,0,0,[NP]킥킥,1,https://www.youtube.com/watch?v=KXq0-43Cs2c
#01] 꼬꼬마 염왕 이야기 - 염왕이 뿔났다,91,2019_11_24,2,1,별집사,0,https://www.youtube.com/watch?v=LkwOrSeZ9a8
염왕이 뿔났다 메인 퀘스트 2장 염왕 in 뉴욕 플레이영상,2,2019_11_24,0,0,함정현,17,https://www.youtube.com/watch?v=LC67oelWFfk
염왕이 뿔났다 기초입문편 플레이영상,6,2019_11_24,0,0,함정현,17,https://www.youtube.com/watch?v=0VbUumAPKfM
"염왕이뿔났다 챕터4.(제작:Lingtu Media, 배급:X.D. 글로벌)",20,2019_11_24,0,0,농업코코,128,https://www.youtube.com/watch?v=zqKPT7YzNMI
#02] 꼬꼬마 염왕 이야기 - 염왕이 뿔났다,35,2019_11_24,1,0,별집사,0,https://www.youtube.com/watch?v=cuFIX86w5hQ
#03] 꼬꼬마 염왕 이야기 - 염왕이 뿔났다,41,2019_11_24,1,0,별집사,0,https://www.youtube.com/watch?v=orDOAprM8dI
#05] 꼬꼬마 염왕 이야기 - 염왕이 뿔났다,31,2019_11_24,1,0,별집사,0,https://www.youtube.com/watch?v=CJZAHQ0hT3c
【 탬탬버린 】 - 아니 저 진짜 흑우 아니에요,"211,623",2019_11_25,3000,49,탬탬버린,380000,https://www.youtube.com/watch?v=hSUhdTGfy4I
염왕이 뿔났다 메인 퀘스트 플레이영상,4,2019_11_25,0,0,함정현,17,https://www.youtube.com/watch?v=n_K4EwW0l3c
염왕이 뿔났다 메인 스토리 3장 흉가체험편 플레이영상,11,2019_11_25,0,0,함정현,17,https://www.youtube.com/watch?v=I8qWkUig2E4
[염왕이 뿔났다] 첫 게임리뷰 만화,218,2019_11_26,9,0,이애사카,0,https://www.youtube.com/watch?v=hUMIsGub0QM
UR SSR 막 퍼주는 혜자게임! [염왕이뿔났다],"2,682",2019_11_26,43,4,빠매니,20600,https://www.youtube.com/watch?v=FYxaS_cVE_A
중국이 갓겜을 악녀도 놀랫다 염왕이 뿔났다 짧생,44,2019_11_26,5,0,태기TV,0,https://www.youtube.com/watch?v=DtlsUP7miwg
"염왕이뿔났다 5일차.(제작:Lingtu Media, 배급:X.D. 글로벌)",67,2019_11_26,1,0,농업코코,128,https://www.youtube.com/watch?v=c5xZSVtPUD4
『신작 모바일게임』염왕이 뿔났다 『챕터8』,"1,120",2019_11_26,16,0,지옥의문,522,https://www.youtube.com/watch?v=0NqGj9qbWtE
염왕이 뿔났다 공략 [ 장비 세트효과 설명 ] - 흑백게임,187,2019_11_27,6,0,흑백게임TV,0,https://www.youtube.com/watch?v=2f5nQpSBiNU
데미지가 약해지고 있다....(염왕이 뿔났다)2화 쇼브TV,16,2019_11_27,0,0,쇼브,115,https://www.youtube.com/watch?v=FDxdOVwYgTM
SSR 밑으로는 필살기 금지야! [염왕이 뿔났다],779,2019_11_27,21,3,빠매니,20600,https://www.youtube.com/watch?v=NPCfrbOp3fc
"염왕이뿔났다 이벤트.(제작:Lingtu Media, 배급:X.D. 글로벌)",11,2019_11_27,1,0,농업코코,128,https://www.youtube.com/watch?v=Eayz6tqdq8k
염왕이 뿔났다 play,10,2019_11_27,0,0,유비,2,https://www.youtube.com/watch?v=p89xNIXCnss
염왕이 뿔났다 - 허.... 맹파 진짜 안 오네요.,77,2019_11_28,0,0,심심할때뽑기 돌리는 찬호,20,https://www.youtube.com/watch?v=HGeuwmZI_Ws
염왕이 뿔났다(신작)-염왕이 귀신을 무서워해??!,11,2019_11_28,2,0,태효니네#의게임채널,14,https://www.youtube.com/watch?v=7k4oqgn5y7A
LV10을 빨리 찍어야겠다(염왕이 뿔났다)3화 쇼브TV,9,2019_11_28,0,0,쇼브,115,https://www.youtube.com/watch?v=2GS2upXjkBg
[모바일게임] 염왕이 뿔났다 (초반 시나리오),5,2019_11_29,0,0,김신이 × Sin Lee Kim × 金新利,0,https://www.youtube.com/watch?v=krIy5P5rrOs
"염왕이 뿔났다 공략 [ 100%로 UR, SSR등급 영웅 얻는법 ] - 흑백게임",999,2019_11_29,8,0,흑백게임TV,0,https://www.youtube.com/watch?v=pUezUjho_TU
"11월 로스트아크 인비테이셔널,지스타2019,넷마블게임콘서트",9,2019_11_30,1,0,농업코코,128,https://www.youtube.com/watch?v=hM8f0PALB0s
오랫만에 영상찍어요...(염왕이 뿔났다),29,2019_11_30,2,0,닥터레인보우,47,https://www.youtube.com/watch?v=fqgnzxNY-C4
SSR 백용마가 떴다(염왕이 뿔났다)4화 완결 쇼브TV,8,2019_11_30,1,0,쇼브,115,https://www.youtube.com/watch?v=q7qxJycNygU
염왕이 뿔났다 공략 [ 초반에 유용한 꿀팁 TOP 6 ] - 흑백게임,"2,082",2019_11_30,18,2,흑백게임TV,0,https://www.youtube.com/watch?v=t-vTgddV_yg
"염왕이뿔났다. 이제 12월.(제작:Lingtu Media, 배급:X.D. 글로벌)",11,2019_11_30,1,0,농업코코,128,https://www.youtube.com/watch?v=jRqFjRh0Zp4
"[모바일게임]염왕이뿔났다 챕터 5.(제작:Lingtu Media, 배급:X.D. 글로벌)",7,2019_12_01,0,0,농업코코,128,https://www.youtube.com/watch?v=SokgLJVkJgY
#06] 꼬꼬마 염왕 이야기 - 염왕이 뿔났다,34,2019_12_01,2,0,별집사,0,https://www.youtube.com/watch?v=1bZrBkjvXYE
#10] 꼬꼬마 염왕 이야기 - 염왕이 뿔났다,16,2019_12_01,2,0,별집사,0,https://www.youtube.com/watch?v=sMSX4u5qlK0
#09] 꼬꼬마 염왕 이야기 - 염왕이 뿔났다,21,2019_12_01,2,0,별집사,0,https://www.youtube.com/watch?v=VIR0e8KH1NM
#07] 꼬꼬마 염왕 이야기 - 염왕이 뿔났다,17,2019_12_01,1,0,별집사,0,https://www.youtube.com/watch?v=znrPcxq_s_4
#11] 꼬꼬마 염왕 이야기 - 염왕이 뿔났다,36,2019_12_01,2,1,별집사,0,https://www.youtube.com/watch?v=p3XhlwE9Wqw
【 2019.11.22 / 염왕이 뿔났다 】 - 탬탬버린 다시보기,"13,987",2019_12_01,182,4,탬탬버린 다시보기,48200,https://www.youtube.com/watch?v=518nI7G2rmM
#08] 꼬꼬마 염왕 이야기 - 염왕이 뿔났다,27,2019_12_01,2,0,별집사,0,https://www.youtube.com/watch?v=2h29MGS5L5g
염왕님 뿔났다! (생방),8,2019_12_02,1,0,TV먼트,41,https://www.youtube.com/watch?v=djdCU33ClaM
염왕이 뿔났다 리세마라하는 영상,349,2019_12_03,0,0,리세왕TV,0,https://www.youtube.com/watch?v=fBu3VZnf_f0
[염왕이뿔났다] 장비파밍 기초 가이드,688,2019_12_04,7,0,독성고래,14,https://www.youtube.com/watch?v=iltJLMSC9NE
염왕이 뿔났다 공략 [ UR 및 모든 영웅 장비 추천 ] - 흑백게임,485,2019_12_05,10,1,흑백게임TV,0,https://www.youtube.com/watch?v=vHGeHqDWqIQ
[염왕이 뿔났다] 겜과장 어플로 돈벌어 보자!,56,2019_12_05,2,0,가면남,149,https://www.youtube.com/watch?v=EtZxVDQL2mU
염왕이 뿔났다 | 부분더빙 | 1인 2역 | 성우지망생,18,2019_12_06,2,0,세현SeHyun,3,https://www.youtube.com/watch?v=slzUGMqklCU
염왕이 뿔났다 시작 꿀팁좀,7,2019_12_06,0,0,지성TV,113,https://www.youtube.com/watch?v=Egr16idbS-w
[네오니]2019/12/6 좀비고 후 염왕이 뿔났다를 해보겠슴다,128,2019_12_06,4,0,네오니,1840,https://www.youtube.com/watch?v=vueMbk-7NT0
염왕이 뿔났다,14,2019_12_06,3,0,모모양자,55,https://www.youtube.com/watch?v=wLbD_6E0WW4
"[직캠] 레이싱모델 김태희(Tae hui Kim), 지스타 2019 XD글로벌 염왕이뿔났다 4대 천사 가브리엘 코스프레 포토타임",130,2019_12_06,0,0,진모짱,1760,https://www.youtube.com/watch?v=dM8bbHPBB7w
"[직캠] 에이크라운 스트리머 달샤샤, 지스타 2019 XD글로벌 염왕이뿔났다 명계의 수호자 맹파 코스프레 포토타임",84,2019_12_07,0,0,진모짱,1760,https://www.youtube.com/watch?v=xuG4NNtEt80
염왕이 뿔났다 공략 [ 매일 결투장하고 UR등급 몰렉 공짜로 얻자 ] - 흑백게임,250,2019_12_07,8,0,흑백게임TV,0,https://www.youtube.com/watch?v=vypbTdYyKuo
"울트라레어부터 시작하는 이세계 생활 [1화] ""염왕이 뿔났다.""",61,2019_12_07,2,4,인봉TV,231,https://www.youtube.com/watch?v=hEY3ECt1ZWo
염왕이 뿔났다 공략 [ 승급 각성 쉽게하는법 ] - 흑백게임,292,2019_12_08,8,1,흑백게임TV,0,https://www.youtube.com/watch?v=esvRVe3I4EI
염왕이 뿔났다 메인 퀘스트 4장 저주의 근원편 플레이영상,4,2019_12_08,0,0,함정현,17,https://www.youtube.com/watch?v=U0-b8t0atWQ
염왕이 뿔났다 하는중,6,2019_12_09,0,0,Jaehyun Im,1,https://www.youtube.com/watch?v=Ay5N3mxp0OE
염왕이 뿔났다 공략 [ UR 힐러 여와 스킬 및 리뷰 ] - 흑백게임,187,2019_12_10,7,0,흑백게임TV,0,https://www.youtube.com/watch?v=2QfUQ-JYecg
손오공 성우 남도형과 함께하는 염왕이 뿔났다 게임리뷰,"4,876",2019_12_11,379,3,남도형의 블루클럽,18000,https://www.youtube.com/watch?v=fDXcqWKeQTo
염왕이 뿔났다 [ 모든 UR등급 영웅 필살기 모음집 ] - 흑백게임,75,2019_12_12,6,0,흑백게임TV,0,https://www.youtube.com/watch?v=h2CqGyXJNUs
AGF 2019 XD글로벌 소녀전선 / 아크시스템웍스 길티기어 / 세가 하츠네 미쿠 / 반다이남코 드래곤볼Z / 프로젝트O2 유산소,115,2019_12_13,0,0,진모짱,1760,https://www.youtube.com/watch?v=uTrE9H9SZsI
