﻿title,count,date,good_count,bad_count,youtuber,subscriber,url
Run Race 3D (Pt 3),"199,407",2019_03_31,814,147,Rebel Gaming,569,https://www.youtube.com/watch?v=kAa6rLGxK8I
쉬운 조작과 재밌는 추천 모바일 게임 (Funny easy 4 mobile game),115,2019_06_17,1,0,Channel ETC,2710,https://www.youtube.com/watch?v=gV5z609fyuM
Fun Race 3D ALL LEVELS! NEW GAME FUN RACE 3D WORLD RECORD!,"476,507",2019_06_19,6700,368,CookieGuy,434000,https://www.youtube.com/watch?v=gzKqUb0h9G0
[FUN RACE 3D] 이야 이거 철인3종경기 같은데 갸꿀잼 갓겜!!인줭~,8,2019_06_25,0,0,선배라고 불러줘(깜찍?),185,https://www.youtube.com/watch?v=W4ELktwmrv0
모바일게임 Fun Race 3D 이거~이거 할만한데?ㅋㅋㅋ/모바일게임/Roblox/로블록스/마인크레프트/minecraft/브롤스타즈,5,2019_06_25,1,0,JU-NI Gaming [준케리],5,https://www.youtube.com/watch?v=vi17pTawIQw
[Fun Race 3D] 엄청 쉬운게임 손으로 꾹꾹 누르기만 하면돼!! [쌍디],454,2019_06_26,13,1,쌍디의로블록스,1530,https://www.youtube.com/watch?v=tjXVrN4Mxfg
LIVE GAMING??Fun Race 3D??Run Race 3D??Stupid Stickman??Paper.io 2??Stickman Hook??Red Ball4??,43,2019_06_28,3,0,Gamerz Toper,0,https://www.youtube.com/watch?v=6g9JjJVNK7M
피하고 달려라! 안 그럼 다음단계로 못가!｜펀 레이스 3D (FUN RACE 3D),302,2019_06_30,4,0,늘담,21,https://www.youtube.com/watch?v=GoWEGSJRvCE
현질할 가치도 없는겜 FUN RACE 3D,33,2019_06_30,0,0,도색남 Rocka Art,0,https://www.youtube.com/watch?v=ywE8MdEIYZU
모바일게임] 출발드림팀같은 게임 Fun Race 3D 플레이 리뷰,32,2019_07_01,2,1,백원오락실TV,763,https://www.youtube.com/watch?v=LRmufdAF6fc
급상승 1위! 인기순위 1위! 과연 갓겜일까? - 펀레이스 3D(Fun Race 3D) - 겜브링(GGAMBRING),"114,847",2019_07_10,1100,57,겜브링 GGAM BRING,891000,https://www.youtube.com/watch?v=4rff4A0CHLM
장애물을 피해 달려라 철수야 펀 레이스 FUN RACE,106,2019_07_11,1,0,에이치TV,4840,https://www.youtube.com/watch?v=0d1pUCNDmVw
[YongssTV] 안드로이드 1위 게임!! Fun Race 3D!! 다같이 뛰어 봅시다,71,2019_07_12,22,0,YongssTV,849,https://www.youtube.com/watch?v=XH7g4Hc9VUw
fun race 3D 한글패치 업데이트 기념 풀레이 해보기!!,12,2019_07_15,1,0,호쟁youtube,1000,https://www.youtube.com/watch?v=9spOjOzjD9M
Fun race 3d 약간 똥겜의 향기가...,26,2019_07_15,3,1,김슈호롤호롤,20,https://www.youtube.com/watch?v=PWaeO3077EU
[#4]펀레이스! 장애물을 뚫고 친구들을 이겨라(FUN RACE. GAME. KIDS),34,2019_07_17,5,0,쑥쑥극장story,0,https://www.youtube.com/watch?v=wRJWQbFFoiM
(안주 게임)Fun race 3d를 해보았다 ㅋㅋ,47,2019_07_19,4,0,안주TV,70,https://www.youtube.com/watch?v=7HdHOx_JAAc
펀레이스3D!!!,18,2019_07_19,3,0,별문어,8,https://www.youtube.com/watch?v=PLf7BhwF-1g
Fun Race 3D 게임하기! /하안콩,21,2019_07_23,1,0,abc,9,https://www.youtube.com/watch?v=4bIRww-il14
[#6]펀레이스! 장애물을 뚫고 친구들을 이겨라(FUN RACE. GAME. KIDS),35,2019_07_24,7,0,쑥쑥극장story,0,https://www.youtube.com/watch?v=DOuT9DfvFRc
FUN race 3D게임,6,2019_07_25,0,0,{은하수나라} 은하Youtube.,3,https://www.youtube.com/watch?v=JtsPNo8liT8
광고에 무진장 뜨는 fun race 3d 해보았다,11,2019_08_03,1,0,남초롱TV,40,https://www.youtube.com/watch?v=qXYgyacQnj0
Fun race 3D,3,2019_08_17,0,0,수호준우 게임 tv,0,https://www.youtube.com/watch?v=_tHH5sVBFRk
Fun Race 3D - Funtime with Race # 147 to 149,551,2019_08_31,8,0,NoPurchaseNation,0,https://www.youtube.com/watch?v=i1lUh9A8HVg
출발드림팀을 체험하는 게임 - Fun race 3d !!,26,2019_09_05,2,0,쏘원TV 게임리뷰,0,https://www.youtube.com/watch?v=VX_WjXsDRJs
[Game] Fun Race 3D _춤이 너무 귀여운 게임,24,2019_09_05,6,1,미뇽한하루,0,https://www.youtube.com/watch?v=qKGVHSHakjg
Jogando FUN RACE 3D,35,2019_09_10,6,0,leo cf 300,85,https://www.youtube.com/watch?v=Ix-TodVK44c
Fun Race 3D Gameplay Part 17 | Level 196 - 210,"10,460",2019_09_28,26,6,GamerRia,6680,https://www.youtube.com/watch?v=kyxq3eAGdbA
은잘원의 fun race 3d,3,2019_10_08,0,1,은잘원김집사,2,https://www.youtube.com/watch?v=E5AaRKJSpwc
fun race 3D 버그판 링크,24,2019_10_10,0,0,구독하면프사처럼됨,101,https://www.youtube.com/watch?v=vywVE-OGnDQ
Fun race 3D(펀레이스 3D)1게임1광고 ...레전드..,37,2019_10_22,2,1,박쏭TV,18,https://www.youtube.com/watch?v=Xt-mX-pVOhk
Fun Race 3D 해보다!,1,2019_11_11,0,0,슈링‘S,0,https://www.youtube.com/watch?v=Q_Mc0UwBc5k
???? FUN RACE 3D ?????? 2,5,2019_11_15,3,0,Sasa Start Games,3,https://www.youtube.com/watch?v=SSaXq0Lsp7A
무음 Fun Race 3D 2,4,2019_11_25,0,0,제이박스,14,https://www.youtube.com/watch?v=TY80wqQyuk0
"Tom Hero, Shootout 3D, Slime Road, Cut The Rope, Fun Race 3D, Traffic Run, Rolling Domino, Assasin","26,954",2019_11_27,169,25,MobAMGames,0,https://www.youtube.com/watch?v=4uZCV_mXlUg
무음 Fun Race 3D 3,8,2019_12_02,0,0,제이박스,14,https://www.youtube.com/watch?v=fKPQHJkZogo
[게임#2]-펀 레이스 3D (FUN RACE 3D)- ★죠둥TV,11,2019_12_12,0,0,죠둥TV,8,https://www.youtube.com/watch?v=GUmIoG6nMT8
