﻿title,count,date,good_count,bad_count,youtuber,subscriber,url
"드디어 출시! 넥슨의 대작 ""마기아: 카르마 사가"" 이건 진짜 갓겜이라구요!!!!",382,2019_03_06,1,0,Tap TV,837,https://www.youtube.com/watch?v=6rJDP8blZck
Magia Charma Saga android game first look gameplay español,352,2019_03_06,4,1,perezzdb channel,20900,https://www.youtube.com/watch?v=01bdva5IchQ
"넥슨 신작 ""마기아 : 카르마 사가"" 영문 버전 실제 영상! 꼭 한번 플레이 해보시길 바랍니다! 꿀잼 보장!",525,2019_03_07,1,1,Tap TV,837,https://www.youtube.com/watch?v=_kKNo8Nq9p0
Betah Ngejomblo Gara-Gara Game Ini! Magia Charma Saga (Android/iOS),"7,707",2019_03_08,245,9,Kepo Gaming,225000,https://www.youtube.com/watch?v=hLK2L7xCpcU
넥슨 신작 마기아 : 카르마사가,125,2019_03_08,3,0,적백화,182,https://www.youtube.com/watch?v=1GeH_Ne6dyE
"넥슨, 신작 ‘마기아 : 카르마 사가’ 올해 상반기 출시",235,2019_03_11,4,1,뉴스웨이TV,1660,https://www.youtube.com/watch?v=Tgf5AwwWOwg
"크아부터 바람의나라, 마기아, 고질라까지. 넥슨 2019 상반기 라인업","2,343",2019_03_11,2,0,디스이즈게임 자료실,25400,https://www.youtube.com/watch?v=AxGJeYCgvGI
넥슨 신작 '마기아: 카르마 사가' 관련 최신 공식 영상 모음,"2,296",2019_03_11,9,4,디스이즈게임 자료실,25400,https://www.youtube.com/watch?v=lUscyXpUvFg
넥슨 스페셜데이 2019년 상반기 모바일게임 라인업 소개영상,"1,988",2019_03_11,10,1,겜조TV,3890,https://www.youtube.com/watch?v=V_LogP4yBzk
넥슨 신작 '마기아 카르마 사가' 인게임 그래픽 소개 영상,"1,722",2019_03_11,1,3,디스이즈게임 자료실,25400,https://www.youtube.com/watch?v=n5WbT14hWqs
Magia: Charma Saga Mobile Gameplay (마기아: 카르마 사가),66,2019_03_12,0,0,KK Mobile Gameplay,165,https://www.youtube.com/watch?v=cLWj30rmPgY
넥슨 RPG 신작 「마기아 : 카르마사가」 게임 미리보기 영상! ( Nexon New Mobile Game 「Magia : Charma Saga」 Preview ),510,2019_03_12,0,0,흐콰,122,https://www.youtube.com/watch?v=d_R6xw0tTLA
[게임메카] 마기아: 카르마 사가 프롤로그 영상,563,2019_03_12,4,0,게임메카 아카이브,1160,https://www.youtube.com/watch?v=hNO53QiS7dU
[마기아 : 카르마 사가] 프롤로그 영상,15,2019_03_13,2,0,리뷰맨,445,https://www.youtube.com/watch?v=sdOh5VXNUJ4
"[최신 게임 리뷰] 넥슨에서 내놓은 어딘가 찜찜한 감성 RPG 마기아: 카르마사가! 오딘스피어, 드래곤즈크라운을 그저 참고했을 뿐...?","1,449",2019_03_19,27,3,게임 여신,1800,https://www.youtube.com/watch?v=C4MQn0iIYAs
넥슨 신작 마기아 카르마 사가 갓겜이라길래 한 번 미리해보았습니다.,"1,470",2019_03_19,8,1,재영군TV,3280,https://www.youtube.com/watch?v=qWDCiwiOPAw
Magia - Charma Saga #Android,21,2019_05_08,1,0,Habib Jackson,3870,https://www.youtube.com/watch?v=xZw_BZTn8DI
[라이브]마기아:카르마 사가(MAGIA:CHARMA SAGA) 플레이/넥슨의 2019년 상반기 라인업 중 하나!/영문버전 모바일 게임,721,2019_05_25,12,0,게임똥 보고서,1520,https://www.youtube.com/watch?v=tbeg_Sdk2VU
2D RPG의 대박 기대작! 마기아: 카르마사가 사전예약- 핫게임즈TV,572,2019_09_18,0,0,핫게임즈TV,1030,https://www.youtube.com/watch?v=GXoEIA7sI8U
[마기아 카르마 사가] 넥슨이 힘들긴 힘든가 보다 이런 갓-겜을 포기한다고? 지금 사전 등록(예약)중!,"2,186",2019_09_21,19,3,겜뚜껑,1540,https://www.youtube.com/watch?v=9FKGFewUIKU
마기아 카르마 사가 에필로그,31,2019_10_28,1,0,아기팡팡,41,https://www.youtube.com/watch?v=5cuYf05jjYc
신작 마기아 카르마 사가,428,2019_10_28,2,0,아기팡팡,41,https://www.youtube.com/watch?v=uvBNnMyjO6s
마기아 : 카르마사가 모바일액션RPG 초반플레이!!,"1,757",2019_10_28,5,1,리얼파일,1980,https://www.youtube.com/watch?v=PW7y0NTjvWg
'마기아' 2D 횡스크롤 액션 RPG 모바일게임을 해봄 | 겜생(GAMELIFE),728,2019_10_29,7,2,겜생,0,https://www.youtube.com/watch?v=Q4PpT8B2NE8
마기아 에델 루테란 플레이,74,2019_10_29,0,0,InvenMovieA,45,https://www.youtube.com/watch?v=3_q46gQ2t14
마기아 로코아 이벨빈 플레이,87,2019_10_29,1,0,InvenMovieA,45,https://www.youtube.com/watch?v=lnpLcA7035U
마기아 프롤로그,243,2019_10_29,0,0,InvenMovieA,45,https://www.youtube.com/watch?v=1wyFBm3vusg
손맛 좋은 모바일게임! 마기아 카르마 사가,170,2019_10_29,1,0,스콜튜브,0,https://www.youtube.com/watch?v=CdOOShNI3BQ
[마기아:카르마사가] 넥슨 나 버리고 V4 잘되나 두고보자!! ㅋ 모바일게임 리뷰 엉아,"14,265",2019_10_29,166,7,엉아 TV,15400,https://www.youtube.com/watch?v=ADbxbk6J_10
시작!!!!마기아:카르마 사가,52,2019_10_29,2,0,우킹,2,https://www.youtube.com/watch?v=ecy1b4qcJHU
마기아 직업별 플레이영상 Magia모바일,"1,973",2019_10_29,0,0,게임중독쟁이,0,https://www.youtube.com/watch?v=YidV644YQJ8
마기아 메르토아 윈 실룬 플레이,111,2019_10_29,0,0,InvenMovieA,45,https://www.youtube.com/watch?v=rf7NqQoe4_k
[Magia : Charma Saga/瑪吉亞：卡瑪傳說/마기아:카르마 사가] GAMEPLAY ゲームプレー,299,2019_10_29,59,0,K.C.K SHARE,0,https://www.youtube.com/watch?v=_RQDe0sGh8k
마기아 : 카르마 사가,37,2019_10_29,0,0,L_mouse,9,https://www.youtube.com/watch?v=6wPbDu5kh6Q
[Magia] 마기아 카르마사가 초반플레이 25분 무편집 인게임,482,2019_10_29,4,0,외로이,2540,https://www.youtube.com/watch?v=0N5EYawRaqo
마기아 카프마니엘 플레이,117,2019_10_29,0,0,InvenMovieA,45,https://www.youtube.com/watch?v=RU-gBzo-is4
마기아 블랙샤크2 메르토아 윈 실룬 플레이,61,2019_10_29,0,0,InvenMovieA,45,https://www.youtube.com/watch?v=-pXRG_iWdYg
신작 넥슨이 버린 게임 초반 스토리 위주 플레이 영상 스토리는 띵작? - 모바일 게임 마기아 카르마 사가,357,2019_10_30,5,0,꼬무신TV,5080,https://www.youtube.com/watch?v=JuuIQeMeJRU
마기아:카르마 사가 를 해보았다 가..갓겜?(게임리뷰),169,2019_10_30,3,1,youTube칠피아,237,https://www.youtube.com/watch?v=Dd63A5OtCqU
[마기아 카르마 사가] 아니 난이도가 너무 빡센데? 다크소울이야? 신작 2D 횡스크롤 rpg 모바일 게임,"3,705",2019_10_30,24,2,겜뚜껑,1540,https://www.youtube.com/watch?v=39YcjO5kZ7Y
마기아 카르마사가 법사 플레이영상입니다.,210,2019_11_01,10,0,라임하우스,38,https://www.youtube.com/watch?v=1fSZ5H7X6J8
넥슨 게임이었지만 지금은 아니다! 10월 말에 출시된 동화같은 그래픽의 신작 판타지 액션 RPG 모바일 게임 '마기아 : 카르마 사가' (Magia charma saga play),392,2019_11_01,5,0,밀크박스,58,https://www.youtube.com/watch?v=rpZtAh1_uyg
오랜만에 괜찮게 나온 액션 RPG 모바일 게임 - magia charma saga - Sub_KOR_ENG,38,2019_11_01,0,0,객설TV,17,https://www.youtube.com/watch?v=fQ_qSDEPn94
무과금도 할만한 게임/ 마기아 카르마사가 플레이영상~ 용족,184,2019_11_01,9,0,라임하우스,38,https://www.youtube.com/watch?v=IGtdf9KgUUY
모바일 횡스크롤 액션 RPG?! 마기아 : 카르마사가는 과연 어떨까?,710,2019_11_01,18,0,야자냐,86,https://www.youtube.com/watch?v=xcqsWiFNexI
[New Game] MAGIA CHARMA SAGA / [신작] 마기아 : 카르마 사가,35,2019_11_01,2,0,MAGIC PAINT,0,https://www.youtube.com/watch?v=tpU_d9KARxk
#4] 모바일 액션! - 마기아 : 카르마 사가[Magia],56,2019_11_03,1,0,별집사,0,https://www.youtube.com/watch?v=nkotxaKSY_E
#5] 모바일 액션! - 마기아 : 카르마 사가[Magia],50,2019_11_03,1,0,별집사,0,https://www.youtube.com/watch?v=uRbAmc5FS34
#3] 모바일 액션! - 마기아 : 카르마 사가[Magia],51,2019_11_03,2,0,별집사,0,https://www.youtube.com/watch?v=jhsaSKUd4P0
#2] 모바일 액션! - 마기아 : 카르마 사가[Magia],39,2019_11_03,2,0,별집사,0,https://www.youtube.com/watch?v=gjvUlC81KQM
#1] 모바일 액션! - 마기아 : 카르마 사가[Magia],87,2019_11_03,2,0,별집사,0,https://www.youtube.com/watch?v=VfeNRBM_-0Y
[신작게임 인스턴트 3분리뷰] #26 마기아 카르마 사가 - 넥슨이 이걸 거르네?,519,2019_11_05,9,0,노닥TV 노재웅,1420,https://www.youtube.com/watch?v=wsyVWKqPOII
#10] 모바일 액션! - 마기아 : 카르마 사가[Magia],44,2019_11_09,1,0,별집사,0,https://www.youtube.com/watch?v=AfLGszjdOG4
#8] 모바일 액션! - 마기아 : 카르마 사가[Magia],45,2019_11_09,1,0,별집사,0,https://www.youtube.com/watch?v=HMl0h-uXIWc
#6] 모바일 액션! - 마기아 : 카르마 사가[Magia],21,2019_11_09,0,0,별집사,0,https://www.youtube.com/watch?v=LbhQiRnoEjo
#7] 모바일 액션! - 마기아 : 카르마 사가[Magia],17,2019_11_09,1,0,별집사,0,https://www.youtube.com/watch?v=rV9prvfGv2s
#9] 모바일 액션! - 마기아 : 카르마 사가[Magia],50,2019_11_09,0,0,별집사,0,https://www.youtube.com/watch?v=ENPUJUi3RmA
2D RPG의 대박 기대작! 마기아: 카르마사가 오프닝영상 스킵하신분들 보세요!,218,2019_11_10,21,0,틈천tv,1120,https://www.youtube.com/watch?v=DCMTZmiWgII
무과금으로 즐길 수 있는 모바일게임 (마기아) 액션 RPG 적극추천 합니다,687,2019_11_11,6,0,정석TV,323,https://www.youtube.com/watch?v=AXvvuINq9sc
11월 13일 콕 업데이트. 부제 - 마기아 아이템 구매. 쇼핑몰 업데이트 - 콕플레이 콕토큰 콕월렛,91,2019_11_12,5,0,Crypto Jake,2670,https://www.youtube.com/watch?v=SSNgJfw6n6s
[마기아 : 카르마 사가] 액션과 분위기도 잡았다! 하지만 나는 뒷목 잡았구요... 횡스크롤 액션 RPG,691,2019_11_12,5,1,잼둥,459,https://www.youtube.com/watch?v=Ctyp4aHHm2U
[마기아:카르마사가] 넥슨이 버리니까 갓겜이네? 리뷰,"15,454",2019_11_14,114,7,짝태TV,6720,https://www.youtube.com/watch?v=zQJP5WKmRqw
[마기아 : 카르마사가] 플레이 리뷰 (자기가 소싯적에 던파 컨좀 해봤다? 거수),153,2019_11_15,2,0,김택견,164,https://www.youtube.com/watch?v=yha1ZolbNHU
마기아:카르마사가 1일차 #손맛 괜찮은 모바일 게임을 찾는다면!,203,2019_11_16,0,0,네르유튜브,0,https://www.youtube.com/watch?v=Hw2MDTzdCWM
[1부] 조각사 4티어 무기 제작 - [2부] 마기아 카르마 사가 무과금 갓겜,"6,056",2019_11_19,78,7,테일이 TV,6640,https://www.youtube.com/watch?v=IKs8o5Rg2Ss
갓겜이라서 넥슨이 버렸나? [마기아 : 카르마 사가],"166,353",2019_11_20,2500,98,지존조세,115000,https://www.youtube.com/watch?v=P953n5G27Zc
마기아 카르마 사가 리뷰 잘만들었다.. 과금도 필요없다.. 홍보가 안된 비운의 모바일 게임 여러분들도 해보면 어떨까요? - 테일이의 종합게임,"5,040",2019_11_22,40,3,테일이 TV,6640,https://www.youtube.com/watch?v=hAwVz3j8aVs
마기아:카르마사가 2일차 #캠페인 1막 8장부터 13장까지,151,2019_11_23,0,0,네르유튜브,0,https://www.youtube.com/watch?v=VNTgDEGI6BA
마기아:카르마사가 3일차 #캠페인 1막 14장부터 17장까지,123,2019_11_29,0,0,네르유튜브,0,https://www.youtube.com/watch?v=7gt5Ufked-o
"모바일게임 ""마기아 (Magia)"" 간단플레이",24,2019_11_29,0,0,Gamer Meoru,301,https://www.youtube.com/watch?v=MNwQC0SeS3Y
마기아:카르마사가 4일차 #캠페인 1막 18장부터 22장까지,57,2019_11_30,0,0,네르유튜브,0,https://www.youtube.com/watch?v=0_9K7zqCmB4
고품격 모바일게임 리뷰방송-'마기아:카르마사가(Magia : Karma/マギーアカルマサガ)'-'임펙이 쫌있는 게임인듯..취향도 한몫!!,24,2019_12_01,1,0,천상천하,0,https://www.youtube.com/watch?v=NmLTXpuF_3Y
【마기아 : 카르마 사가】 2019년 하반기 모바일 게임의 마지막 희망 (with. 녹스 앱플레이어),39,2019_12_02,0,0,녹스 앱플레이어,226,https://www.youtube.com/watch?v=dbXh_73w8PE
캐주얼액션게임 마기아 : 카르마 사가 초반 플레이영상,3,2019_12_04,0,0,뭐여이게임,634,https://www.youtube.com/watch?v=AvC43OwZ_BE
드디어 유니크 무기를 득? 마기아:카르마사가 5일차 #캠페인 1막 24장부터 25장까지,45,2019_12_06,0,0,네르유튜브,0,https://www.youtube.com/watch?v=4aE9qJBiGe8
마기아:카르마사가 6일차 #캠페인 1막 25장부터 31장까지,52,2019_12_07,0,0,네르유튜브,0,https://www.youtube.com/watch?v=xAot-ZqxE7E
여캐와 액션을 다 잡은 게임!(Maggia: Karma Saga review),195,2019_12_07,1,1,프리게이머,1290,https://www.youtube.com/watch?v=PWcahpxNZDA
[마기아] 시선을 사로잡는 2D 횡스크롤 액션 플레이,9,2019_12_12,1,0,모바일유동동TV,133,https://www.youtube.com/watch?v=hvtWRvnPR_U
