﻿title,count,date,good_count,bad_count,youtuber,subscriber,url
AAVEEN ELÄMÄÄ | Pelataan Afterlife: The Game,"238,714",2019_01_09,6100,224,Paqpa,223000,https://www.youtube.com/watch?v=HsEFiMz_l3E
모바일 생존 게임 라이프 애프터 공략 1화 The Day After Tomorrow Android Gameplay,"1,345",2019_02_06,11,1,JACK TV,35900,https://www.youtube.com/watch?v=pwhVI7RJimo
"Jerk Aliens Broke Our Afterlife, We're Getting Even - Alien Afterlife gameplay - Let's Game It Out","51,446",2019_02_12,1000,43,Let's Game It Out,509000,https://www.youtube.com/watch?v=3YQppJ2XrxM
"[최신 게임 리뷰] 중국 스타일의 좀비 아포칼립스 장르, 라이프애프터 (Life After): 명일지후(明日之后)","2,840",2019_02_13,39,7,게임 여신,1800,https://www.youtube.com/watch?v=Ga5G5tTO-EI
The Day After tomorrow (After Life) New game Live 🔥Sorry -Electricity problem 😭,99,2019_02_16,4,0,Clash With Legend,2620,https://www.youtube.com/watch?v=7YBowZBQB9c
Game yang ditunggu akhirnya muncul juga - AfterLife ( Android ),"4,964",2019_02_28,10,10,Shizayoi,111,https://www.youtube.com/watch?v=6WSkX7rf97I
Afterlife Mobile Game English,"15,466",2019_03_02,107,14,NaryB TV,1040,https://www.youtube.com/watch?v=ngcALYfknhw
XD글로벌에서 출시 예정인 게임 라이프애프터(Life After) 프리뷰,"6,554",2019_03_06,35,8,재영군TV,3280,https://www.youtube.com/watch?v=y_XKKb72AvY
How To Invite Friends To Your Base?|| AfterLife||SynthOn,"8,388",2019_03_06,52,6,SynthOn,813,https://www.youtube.com/watch?v=Oc1jJ6lJARQ
라이프애프터 PV 최초 공개!,"1,192,528",2019_03_06,812,56,라이프애프터,2029,https://www.youtube.com/watch?v=BL_cg-Vw9p8
[라이프애프터] 백구와 함께하는 감동의 블록버스터 생존일기!-Life After 명일지후,"4,851",2019_03_09,271,7,빠매니,20600,https://www.youtube.com/watch?v=8mHimiEwaZU
소녀들의 치열한 생존 서바이벌 X.D. 신작 '라이프애프터',"2,532",2019_03_11,18,1,디스이즈게임 자료실,25400,https://www.youtube.com/watch?v=UJq_iBfhCrU
라이프애프터 생존 프롤로그,"30,961",2019_03_12,168,10,라이프애프터,2029,https://www.youtube.com/watch?v=T5zQcF85XJ4
라이프애프터(Life After) - 나만의 집을 건설하자!!,"19,452",2019_03_14,69,9,짱짐,12700,https://www.youtube.com/watch?v=J3bX5vLkdfU
라이프애프터(Life After) - 생존형 모바일 MMO 게임 Play 영상,"59,494",2019_03_14,215,39,짱짐,12700,https://www.youtube.com/watch?v=PWrMQB6pP4Q
"기대작 좀비 생존게임 ""라이프애프터"" 모든 영상 및 출시전 정보, 평가","6,166",2019_03_17,52,5,songnine송아홉,24,https://www.youtube.com/watch?v=S_U1BE45Dhg
"모바일 기대작 좀비 생존게임 ""라이프애프터"" 모든 영상, 출시 전 짧은 평가.",299,2019_03_17,0,0,듣고보이는밴YouTube DBB,1060,https://www.youtube.com/watch?v=bTs8x3nsgXw
[라이프애프터] 올 여름을 강타할 생존게임이 돌아왔다.. 'LifeAfter' 간단소개영상,"7,451",2019_03_20,50,1,다다,36900,https://www.youtube.com/watch?v=Ad6cn1Q3yis
[라이프애프터] 처음에 뭘 해야할까? 첫 파밍지역 '가을숲' 공략,"12,020",2019_03_21,40,0,다다,36900,https://www.youtube.com/watch?v=D2JWIo4rCBk
[라이프애프터] 이게 온라인이 된다고...?! 생존형 RPG 모바일 갓겜 출시! | 튜토리얼,"177,819",2019_03_23,766,123,감쟈,32800,https://www.youtube.com/watch?v=QZFnfC8rOaQ
라이프애프터(Life After) - 총을 만들었어요!!,"16,492",2019_03_24,59,4,짱짐,12700,https://www.youtube.com/watch?v=6ivt6HoBIh8
Game mirip dengan after life | Code life 2019 pra registrasi,398,2019_03_25,6,0,Nikah Niku,34,https://www.youtube.com/watch?v=Q3eEh3O19Jo
[라이프애프터] 이 게임의 캐쉬샵은 어떻게 구성되어 있을까? 1분만에 설명해드립니다.,896,2019_03_26,7,2,다다,36900,https://www.youtube.com/watch?v=NlHIEi72uy0
[라이프애프터] 좀비와 맨손으로 맞짱뜸ㅋㅋㅋ 튜토리얼을 잘 읽어야 하는 이유,"21,166",2019_03_26,229,13,감쟈,32800,https://www.youtube.com/watch?v=whY_xr0y3Yw
라이프애프터 인던 미스카 대학 공략,"7,765",2019_03_26,66,8,스리라차,171,https://www.youtube.com/watch?v=oWXOXVVpdQA
라이프애프터 캠프 모집 개시! 캠프 컨텐츠 소개 영상,"20,185",2019_03_27,64,5,라이프애프터,2029,https://www.youtube.com/watch?v=-VCC-POh3eQ
[라이프애프터] 서바이벌 게임에 점령전이 있다고?.. 색다른 재미! 이벤트맵에 대해 알아보자!,"1,215",2019_03_28,15,0,다다,36900,https://www.youtube.com/watch?v=yWc_Jhp0lcE
[라이프애프터]오픈하기전에 미리 해봅시다! 글로벌서버 다운로드 방법,"6,336",2019_03_30,64,4,다다,36900,https://www.youtube.com/watch?v=yXpmzFkMmno
라이프애프터-설산 제국군 싹쓰리(무기- AS50저격a),"6,187",2019_04_01,27,1,TOMAX M,703,https://www.youtube.com/watch?v=8ipOzZVIVnw
라이프애프터에서 할 수 있는 모든것! 모든 컨텐츠 3분 정리영상!,"40,567",2019_04_01,404,11,감쟈,32800,https://www.youtube.com/watch?v=7Q_viVfzReU
라이프 애프터 샌드캐슬 사막맵 보물상자 공략,"10,193",2019_04_02,61,6,스리라차,171,https://www.youtube.com/watch?v=6S_Q6os1WUY
인간을 부탁해 멍멍아! 라이프애프터 펫 소개,"318,454",2019_04_02,72,3,라이프애프터,2029,https://www.youtube.com/watch?v=n2qX6xXrTAg
[라이프애프터] 필드에서 유저를 공격...?! PvP 수배자 모드 플레이!,"39,012",2019_04_06,205,10,감쟈,32800,https://www.youtube.com/watch?v=lPm9rEzluR8
강한 boss 침입! [라이프애프터] 미확인 생물체 '살짝' 공개!,"7,298",2019_04_07,61,5,라이프애프터,2029,https://www.youtube.com/watch?v=cn8l2Kg_hjw
[라이프애프터] 한글판 CBT 플레이!,"31,084",2019_04_08,208,15,감쟈,32800,https://www.youtube.com/watch?v=1Hm5nijw6hA
[제이] 라이프애프터 모바일 생존 좀비 갓게임?,"4,306",2019_04_09,38,26,제이,29000,https://www.youtube.com/watch?v=xabEJdrnMKc
라이프 애프터CBT 튜토부터 생존수첩 1-4까지,"1,686",2019_04_09,17,0,BJ천재수달,117,https://www.youtube.com/watch?v=qLwbsoridw0
라이프애프터(Life After) : 내 손으로 직접 만드는 나만의 집 (Life after House Design Manor 3),"19,361",2019_04_11,110,5,짱짐,12700,https://www.youtube.com/watch?v=o_dfVM4XQYM
[라이프애프터] CBT 후기 우린 모두 그들에게 속았다ㅜㅜ 모바일 게임리뷰 엉아 (LIFE AFTER),"12,732",2019_04_11,133,24,엉아 TV,15400,https://www.youtube.com/watch?v=jKMdInyX-Kk
[라이프애프터] 첫 퀘스트 해피101 잃어버린 화물 1분 컷!! First mission (Life after),"4,129",2019_04_12,25,4,장호구,0,https://www.youtube.com/watch?v=bHTSU8-Ne1Y
"좀비생존게임 라이프애프터 듀랑고와의 비교, 리뷰, 평가 // lifeafter","1,032",2019_04_13,0,0,듣고보이는밴YouTube DBB,1060,https://www.youtube.com/watch?v=OgWMTBVTfZw
신작 좀비 생존게임 라이프애프터 CBT 요약집 #2 // lifeafter CBT highlight,335,2019_04_14,0,0,듣고보이는밴YouTube DBB,1060,https://www.youtube.com/watch?v=PNHaLYiTXz8
"[라이프애프터] 모바일 갓겜?! 플레이 후기! 출시일, 사전다운로드!","2,923",2019_04_14,30,3,린느,1770,https://www.youtube.com/watch?v=ej9Kpt59i8U
라이프애프터]생존게임[겜플TV]좀비바이러스창궐 반드시 생존하라!! 04월16일 LIVE방송,"27,444",2019_04_15,187,19,겜플TV,2310,https://www.youtube.com/watch?v=KULZeGh5abA
이제 게임 시작했는데 이 괴물은 무엇...? :: 라이프애프터(LIFEAFTER),"67,769",2019_04_15,615,59,밍모,495000,https://www.youtube.com/watch?v=ZmIjPqICiYU
【라이프애프터】 초보자 사냥방법 & 쉬면서 자원모으기 〔로렘입숨〕,"14,704",2019_04_15,136,4,로렘입숨,35900,https://www.youtube.com/watch?v=wGR7WN-4nHA
"라이프애프터 리뷰 ,모바일 좀비게임, 긴박한 순간....그런데 나는 왜 웃길까? ㅋㅋㅋ ,모바일 추천게임",416,2019_04_16,12,0,디야TV,0,https://www.youtube.com/watch?v=_o72y7lUgwg
라이프애프터 1화 집 건설 및 보스 격파 - 흑백게임,"3,255",2019_04_16,26,4,흑백게임TV,0,https://www.youtube.com/watch?v=uGlHY25qla8
[라이프애프터]퀄리티 미쳤다! 드디어 나온 따끈따끈한 신작 좀비 생존 게임. 엄청 기대함,51,2019_04_16,4,0,헤홀몬Youtube,1120,https://www.youtube.com/watch?v=qak7B4nRj4A
라이프애프터 이거 모르고 시작하면 개손해!!!![라이프애프터-LifeAfter],"16,315",2019_04_16,69,44,마고,4680,https://www.youtube.com/watch?v=OGErZFwhGfA
[라이프애프터]퀄리티 미쳤다! 드디어 나온 따끈따끈한 신작 좀비 생존 게임. 엄청 기대함,38,2019_04_16,1,0,헤홀몬Youtube,1120,https://www.youtube.com/watch?v=XFik4jEv7ok
[라이프애프터] 전직업 소개 및 주요스킬 간략설명 모바일 게임리뷰 엉아 (트라하 이젠 달려봐야지 ㅋ),"8,896",2019_04_16,60,4,엉아 TV,15400,https://www.youtube.com/watch?v=zDks4EvM614
"라이프애프터] 이게 모바일게임이라고? 콘솔,pc게임이 아니다?!",396,2019_04_16,13,0,발컨엉아,1020,https://www.youtube.com/watch?v=zP47fp6yN7c
[게임 대신 해주는 남자] 룽청식 듀랑고? 서바이벌 모바일 게임 '라이프애프터',505,2019_04_16,10,2,루리코,5160,https://www.youtube.com/watch?v=QXuLHkgwlqM
신규 좀비게임! 라이프애프터(LifeAfter) 플레이 해보기!,616,2019_04_16,17,1,단세TV,1930,https://www.youtube.com/watch?v=xlwZ-tr93x4
[라이프 애프터] 잃어버린 화물! 레인보우 헤븐 위치,"3,210",2019_04_16,0,0,월도랑,1790,https://www.youtube.com/watch?v=Paq8AFRrQK8
"라이프애프터(Life After) : 초반에만 갈 수 있는 "" 파밍 지역 "" 꼭 가즈아~~!!!","41,419",2019_04_16,175,12,짱짐,12700,https://www.youtube.com/watch?v=YII4rTHczHU
"라이프애프터(Life After) : "" 레밍턴 샷건 뽑기 "" 어머 이건 뽑아야 해!! 6~9렙 탈출 필수 잇템","15,414",2019_04_16,85,4,짱짐,12700,https://www.youtube.com/watch?v=bp4GkHHT3ek
라이프애프터에서 내가 생존하는 방법 #01,546,2019_04_16,12,0,겜생,0,https://www.youtube.com/watch?v=EkvHrlRd4OY
【라이프애프터】 전투레벨 빨리 올리기& 정예보스 혼자 잡기 (무음성) 〔로렘입숨〕,"6,246",2019_04_16,97,0,로렘입숨,35900,https://www.youtube.com/watch?v=V4Ira5K80zI
[라이프 애프터] 초반 튜토리얼 + 코멘트 상자 오류났을 때 + 후기는 하단 설명 란에,"5,114",2019_04_16,16,1,알림판,130,https://www.youtube.com/watch?v=UmCQxGYqAJM
"ASMR 라이프애프터ㅣ바이러스에 맞서는 인류의 생존 서바이벌 게임, 2019 모바일게임, 좀비, LIFEAFTER, 파란유자","1,455",2019_04_16,0,0,파란유자,0,https://www.youtube.com/watch?v=aYUGVP1y8Yg
라이프애프터] 생존게임 [겜플TV] 장원2레벨 달성후 숙련도 작업! 3레벨 가즈아! 04월17일 LIVE방송,"11,370",2019_04_16,87,2,겜플TV,2310,https://www.youtube.com/watch?v=JuW8ZaICOjc
[라이프애프터] 배그+듀랑고를 합쳤는데 게임성은?,"271,027",2019_04_17,3100,570,지존조세,115000,https://www.youtube.com/watch?v=XeRvZeOT7Cw
[라이프애프터] 튜토리얼 완전 정복! - 최단시간에 '온라인 컨텐츠' 까지 공략집,"24,969",2019_04_17,179,12,감쟈,32800,https://www.youtube.com/watch?v=rCUw80AE6LQ
[라이프애프터]퀄리티 미쳤다! 드디어 나온 따끈따끈한 신작 좀비 생존 게임. 엄청 기대함,51,2019_04_17,2,0,헤홀몬Youtube,1120,https://www.youtube.com/watch?v=BOf8Ycz3yrY
[라이프애프터]퀄리티 미쳤다! 드디어 나온 따끈따끈한 신작 좀비 생존 게임. 엄청 기대함,57,2019_04_17,2,0,헤홀몬Youtube,1120,https://www.youtube.com/watch?v=wG0GWcR8hGg
"[라이프애프터] 라이프애프터 도전, 갓 생존 게임 탄생!!",304,2019_04_17,10,0,게임하는 서앤홍이,1670,https://www.youtube.com/watch?v=8la0JIutjOo
라이프애프터에서 내가 생존하는 방법 #02,602,2019_04_17,8,1,겜생,0,https://www.youtube.com/watch?v=_Q6jSqEZYYY
"[최신 게임 리뷰] 좀비 아포칼립스에서 살아남는 생존 RPG, 라이프 애프터! 흔한 소재로 구축한 게임성",781,2019_04_17,31,0,게임 여신,1800,https://www.youtube.com/watch?v=_r3d90fRgas
라이프애프터 플레이 영상,154,2019_04_17,0,0,겜조TV,3890,https://www.youtube.com/watch?v=gKUT0PVMNVE
라이프애프터 초반건물 잘못 지으면 정말 망함!!!![라이프애프터-LifeAfter][마고],"25,391",2019_04_17,92,10,마고,4680,https://www.youtube.com/watch?v=RmmMOzn-9j0
[라이프 애프터/LIFE AFTER] 신작 갓 게임! 튜토리얼 에서 보스 등장?,323,2019_04_17,8,0,기분파,1080,https://www.youtube.com/watch?v=UKxr9cKDXzE
모바일게임 라이프애프터 리뷰,201,2019_04_17,2,0,티엘TV,2780,https://www.youtube.com/watch?v=_Rt_6cEoZYs
"라이프애프터(Life After) : 무과금 유저도 혼자서 기본총으로 잡을 수 있다!!! "" 가을숲 보스 완벽 공략법!! ""","18,968",2019_04_17,117,7,짱짐,12700,https://www.youtube.com/watch?v=Lg4mbIQqous
"신작좀비생존게임 라이프애프터 꿀잼 하이라이트! #1 이거 버그 ㅈ망겜이냐.. // lifeafter, highlight",292,2019_04_17,0,0,듣고보이는밴YouTube DBB,1060,https://www.youtube.com/watch?v=RIFTcOL6YCE
라이프애프터] 생존게임 [겜플TV] 장원3레벨 달성임박! 숙련도작업은 이렇게!! 04월18일 LIVE방송,"4,346",2019_04_17,43,2,겜플TV,2310,https://www.youtube.com/watch?v=36aSTU_micw
[라이프애프터] 낚시 랭킹 1등!! 꿀팁 공개!! (가을빛 산림 + 파플래닛) (Life after),"7,259",2019_04_17,35,10,장호구,0,https://www.youtube.com/watch?v=JoZd0ms_Eng
라이프애프터] 생존게임 [겜플TV] 드이어사막진출!! 모래폭풍이 몰려온다! 04월19일 LIVE방송,"2,828",2019_04_18,39,1,겜플TV,2310,https://www.youtube.com/watch?v=Sd8lJiLAMjE
★★★★☆ 강력 추천 모바일 좀비생존게임!! [라이프애프터 #1],"38,989",2019_04_18,419,20,왕군게임국,171000,https://www.youtube.com/watch?v=il0RBTjY-3I
[라이프애프터] 해피101 레인보우 헤븐 퀘스트(잃어버린 화물찾기) 공략 | 사과여우,"1,269",2019_04_18,15,0,사과여우의 게임채널,93,https://www.youtube.com/watch?v=dB_VXY7JXQg
여기에는 제육볶음.. 제육볶음이 필요하다.. '라이프 애프터' 생존 게임 리뷰,627,2019_04_18,18,1,프리월드,13899,https://www.youtube.com/watch?v=vaHIwbTO_Sc
라이프애프터 ] 배틀그라운드 같으면서도 레프트4데드 같은 좀비생존 서바이벌 게임입니다! | Lifeafter 튜토리얼 #1,294,2019_04_18,17,0,써마터Tv,1330,https://www.youtube.com/watch?v=pRR-0GUTaQI
"라이프애프터, 첫경험 모바일게임 좀비 서버이벌 190417 방송 마이리온 play LifeAfter",145,2019_04_18,7,0,마이리온۰MiR,1170,https://www.youtube.com/watch?v=Yc1W5aWrCsM
아저씨 개죽음 당함 || 라이프애프터,705,2019_04_18,20,1,꼬접,5930,https://www.youtube.com/watch?v=_y6FwC3Nr8E
[라이프애프터] 파플래닛 PVP 솔로 스나이퍼 매드무비(Feat 4핑거),"3,837",2019_04_18,26,19,단세TV,1930,https://www.youtube.com/watch?v=mtjQrWrfqQM
[라이프 애프터 리뷰] 피곤해... (Life after reveiw) | 김덕구 게임리뷰,376,2019_04_18,8,2,장작TV 게임리뷰,1730,https://www.youtube.com/watch?v=SaauENQoxz4
배그+듀랑고+아크서바이벌의 합쳐진 재미?! 라이프 애프터 한국 출시!!,"77,530",2019_04_18,912,30,비누TV,449000,https://www.youtube.com/watch?v=YDmIIOq3Z5w
진짜 제자리에 딱 설 듯 [라이프애프터 리뷰],"123,176",2019_04_19,1500,68,타코리뷰,148000,https://www.youtube.com/watch?v=NHmBl_hcQyg
[라이프애프터] 소총수는 하면 안된다고..?! 직업 고르는 팁을 알려드립니다!,"62,453",2019_04_19,354,19,감쟈,32800,https://www.youtube.com/watch?v=Y20TlQcjemg
라이프애프터 PC 로 완벽히 즐기기! 키 리맵핑(단축키 설정) 가이드,"6,571",2019_04_19,44,3,겜알못,5870,https://www.youtube.com/watch?v=0dfPsuhuN-Y
[라이프애프터] 인기 1위 게임입니다.,295,2019_04_19,9,1,지료TV,6580,https://www.youtube.com/watch?v=4nte7GiLCmE
"라이프애프터(Life After) : 재료를 지켜주는 완벽한 설계 "" 감옥같은 우리집 ""","36,980",2019_04_19,263,22,짱짐,12700,https://www.youtube.com/watch?v=bBxhg9D4RTA
라이프애프터 무과금 전투능력 10레벨 손 쉽게 찍어보자!!!![라이프애프터-LifeAfter][마고],"7,473",2019_04_19,60,1,마고,4680,https://www.youtube.com/watch?v=8E0cTfVW3os
[라이프애프터] 백구! 수색견이 되다!-아빠맨,"3,165",2019_04_19,202,2,빠매니,20600,https://www.youtube.com/watch?v=TzkiXaV6pRI
라이프애프터 공략 - 3분 안에 1000골드바 획득하기! 해피101 지역 히든상자 보상,"11,797",2019_04_19,113,3,불법냥,49100,https://www.youtube.com/watch?v=ybjM57HncB4
드디어 소총무기 제작?! 빠르게 소총을 제작해보자!! [라이프 애프터],"84,826",2019_04_19,804,28,비누TV,449000,https://www.youtube.com/watch?v=0V1JyRJzih0
[라이프애프터] 오염된템 옮기는법!! 자원쉽게보는 법!!가을빛산림지역 헬기위치!![갱튜브],"1,775",2019_04_19,32,0,갱튜브,2620,https://www.youtube.com/watch?v=ZK2l_JtQ76c
라이프애프터 || 너만 모를수도 있는 【 꿀팁 】 알면 손해볼거 없음 ! + 문상이벤트 || 라이프 애프터 Life After,"12,753",2019_04_19,115,6,상민이,4300,https://www.youtube.com/watch?v=2K_9emoDtD8
[닌몽] 생존게임 라이프 애프터,874,2019_04_19,14,1,닌몽,7120,https://www.youtube.com/watch?v=AG0RsSRw9lI
라이프애프터] 생존게임 [겜플TV] 침입자 너무싫어!! 내집은 내가 지킨다!! 04월20일 LIVE방송,"3,035",2019_04_19,42,3,겜플TV,2310,https://www.youtube.com/watch?v=0EK-FjDtaLs
[라이프애프터]누더기집에서 대저택..이사하는법! 캠프마을 구경!!전투숙련도 1500점이나?[갱튜브],"6,716",2019_04_20,41,2,갱튜브,2620,https://www.youtube.com/watch?v=TkJrEh3fkkw
[라이프애프터] 파밍 공략! 핵 꿀팁 & 플레이 11가지 교과서,"38,004",2019_04_20,228,37,단세TV,1930,https://www.youtube.com/watch?v=K1XFi8JoqsE
라이프애프터 컨트롤러 스나이퍼 올인원,"3,852",2019_04_20,8,1,STEEL INTERACTIVE,246,https://www.youtube.com/watch?v=ImgugbEg7s8
"라이프애프터 총수리법(수리대), 캠프사격훈련, 캠프우체통 알려드릴게요!![라이프애터-LifeAfter][마고]","2,465",2019_04_20,25,0,마고,4680,https://www.youtube.com/watch?v=D_6FVry-1m0
"[Mobile] ""트라하 하지말고 이거하세요"" 라이프애프터(Life aftrer) 간단리뷰","1,046",2019_04_20,32,3,닥터쵸이,1710,https://www.youtube.com/watch?v=0K9Clg05Q-k
라이프애프터 3화 장원 2레벨 만드는법 & 소총 제작 - 흑백게임,"2,304",2019_04_20,31,0,흑백게임TV,0,https://www.youtube.com/watch?v=7eh1-rMzA3Q
라이프애프터 공략 - 5분 안에 1000골드바 또 획득하기! 가을빛 산림 지역 히든상자 보상,"9,129",2019_04_20,95,2,불법냥,49100,https://www.youtube.com/watch?v=MIuIc9kx1tc
라이프애프터] 생존게임 [겜플TV] 나는전설이다 오늘은 약탈로 치킨각?! 04월21일 LIVE방송,"4,172",2019_04_20,113,5,겜플TV,2310,https://www.youtube.com/watch?v=ABJGpAS-azk
"라이프애프터 초반 채집,제작 숙련도 빠르게올려보자![갱튜브]","6,849",2019_04_21,31,0,갱튜브,2620,https://www.youtube.com/watch?v=ylvSPpPV4Ys
라이프애프터 혼란의도시 빈집털이!,"1,734",2019_04_21,6,6,YouTube아리판,5,https://www.youtube.com/watch?v=-Gl9iBVk0xs
중국 게임이 발전한 이유 // 라이프애프터 중..,84,2019_04_21,0,0,듣고보이는밴YouTube DBB,1060,https://www.youtube.com/watch?v=PjVVNWyqeeo
라이프애프터] 생존게임 [겜플TV] 장원5레벨 가즈아!~~~ 04월22일 LIVE방송,"2,244",2019_04_21,57,0,겜플TV,2310,https://www.youtube.com/watch?v=yIZdFpeQCzY
🔦 막장스토리에 혼종 괴물까지 ㅋㅋㅋ 이게 뭐야!!!! [ 라이프 애프터 : 모바일 게임 ] 운학 TV,"21,546",2019_04_21,437,7,운학 TV,300000,https://www.youtube.com/watch?v=HX7ZUXof9AI
[라이프애프터] 가을빛산림지역 탐색 공략 - 숨겨진 상자찾기 | 사과여우,"5,281",2019_04_21,22,2,사과여우의 게임채널,93,https://www.youtube.com/watch?v=6eX0oyyZt8U
라이프애프터 공략 초보자가 알면 좋은 꿀팁 TOP25 - 흑백게임,"15,530",2019_04_21,88,11,흑백게임TV,0,https://www.youtube.com/watch?v=orBwLGP8I3Y
[라이프애프터]가을빛산림 거점전투 플레이 영상 with 하츠캠프,"2,350",2019_04_21,21,1,단세TV,1930,https://www.youtube.com/watch?v=3LTmTnbo-m4
라이프애프터 골드바 쉽게 얻는법!!(변이감염체 및 채소찜구이 찾아드림)[라이프애프터-LifeAfter][마고],"11,692",2019_04_21,108,4,마고,4680,https://www.youtube.com/watch?v=N7wuVH5jLPM
"라이프애프터(Life After) : 미스카대학 레이드 던전 "" 보상 실화냐!!!! 숙련도 만육천!! ""","7,460",2019_04_21,36,1,짱짐,12700,https://www.youtube.com/watch?v=XDA1XJMn_iA
라이프애프터(Life After) : 기본 스킬 완벽 총정리!! 아무거나 막 찍지 말자!!!,"18,393",2019_04_22,200,13,짱짐,12700,https://www.youtube.com/watch?v=ZdVp-C8fawI
[라이프애프터] '피아노' 예술과 문명의 재건,"6,430",2019_04_22,98,22,라이프애프터,2029,https://www.youtube.com/watch?v=llalFKKzaw8
라이프애프터] 생존게임 [겜플TV] 눕방 시작..오늘은 던전가는날 04월23일 LIVE방송,"1,809",2019_04_22,54,0,겜플TV,2310,https://www.youtube.com/watch?v=y3KIbRRFuok
[사라한TV] 라이프애프터 좀비 잡으러 가즈아!! 이거 꿀잼이네? Life After mobile game sara han,76,2019_04_22,6,0,사라한,965,https://www.youtube.com/watch?v=dfyioY-MeiQ
라이프 애프터 - 1000골드 얻는 퀘! 상자 위치!,805,2019_04_22,12,0,Tube Sharomi,4780,https://www.youtube.com/watch?v=G0oyKHp_7Bs
라이프애프터 역대급 버그로 중간보스 잡고 보상 챙겨가세요!!![라이프애프터-LifeAfter][마고],"1,893",2019_04_22,22,0,마고,4680,https://www.youtube.com/watch?v=g2hDmACoiMo
라이프애프터(Life After) : 파플래닛 꿀파밍 지역 1탄!!,"15,192",2019_04_22,89,6,짱짐,12700,https://www.youtube.com/watch?v=2AkOtcVSs4g
라이프애프터] 생존게임 [겜플TV] 드디어 좀비침공이다!! 캠프원들이여! 생존하라!!04월24일 LIVE방송,"1,325",2019_04_23,45,1,겜플TV,2310,https://www.youtube.com/watch?v=bamLzNSMjKk
듀랑고 + 아크서바이벌 합쳐진 갓겜 라이프애프터 해봤습니다 #1,"4,824",2019_04_23,32,6,야또TV,46700,https://www.youtube.com/watch?v=WAfgowmhNxM
[라이프애프터] 직접 현질을 해봤습니다...! 라앺이 과금을 안해도 되는 이유!!,"27,903",2019_04_23,208,9,감쟈,32800,https://www.youtube.com/watch?v=FbaOspVtvNg
라이프애프터 || 배합조각 360개 날린 【 흑우 】 탄생! 운빨X망 유튜버 탄생! || 라이프 애프터 Life After,"1,433",2019_04_23,34,0,상민이,4300,https://www.youtube.com/watch?v=mLdecFlvTeg
라이프애프터 배합조각 쉽게 얻는법과 캠프 가입 및 캠프 탈퇴 효율적으로 하는법!!![라이프애프터-LifeAfter][마고],"7,874",2019_04_23,63,2,마고,4680,https://www.youtube.com/watch?v=nAcWkYQ0U9w
"[라이프애프터] 게임치, 왕초보 분들을 위한 라애 가이드 #1 빌리 위치/캠프 가입/이사하기/지역 이동/캠프 탈퇴/스킬찍기","1,809",2019_04_24,17,1,"모두의 게임 놀이터, 푸고미TV",961,https://www.youtube.com/watch?v=xDRw6AsMJ9U
이 게임 미쳤다! 초고퀄 생존게임! | 모바일게임 라이프애프터,"1,147",2019_04_24,27,0,프리즘 게임즈,0,https://www.youtube.com/watch?v=t3zGF32AY-E
[라이프 애프터#7] 혼란의 도시 맛 보기!!,"1,345",2019_04_24,12,3,구르구르르,1070,https://www.youtube.com/watch?v=KykhVWm3xBE
라이프애프터] 생존게임 [겜플TV] 숙련20레벨이 이렇게 어렵습니다. 04월25일 LIVE방송,"2,773",2019_04_24,66,3,겜플TV,2310,https://www.youtube.com/watch?v=uMsKrMR7pdE
라이프애프터] 생존게임 [겜플TV] 21시 좀비침공에 대비하라! 04월24일 LIVE방송,"2,064",2019_04_24,35,1,겜플TV,2310,https://www.youtube.com/watch?v=cSUlDELJ4_0
라이프애프터 장원 4레벨 가장 빨리 올리는 방법!!!(소소한팁포함)[라이프애프터-LifeAfter][마고],"15,421",2019_04_24,116,4,마고,4680,https://www.youtube.com/watch?v=NAZjJhl0hGk
[라이프애프터] 배그+듀랑고를 합친 역대급 혼종 온라인 생존게임(?) 과연 갓겜일까 #1,"1,459",2019_04_24,45,1,수꼬곰,9420,https://www.youtube.com/watch?v=1Z8-p24kFeU
"라이프애프터 보스전 변이 감염체, 맨날 목 쉬는 즐겜러 마이리온 190425 방송 에피소드",48,2019_04_25,4,0,마이리온۰MiR,1170,https://www.youtube.com/watch?v=qEgEJwzk_ZE
(현튜브)리니지2레볼루션 ★ 라이프 애프터 정검까지 신작 게임 탐험 ★,"1,142",2019_04_25,24,0,현튜브HYEONTUBE,3580,https://www.youtube.com/watch?v=YM6OWCj-U7g
라이프애프터] 생존게임 [겜플TV] 우지있음 하나줘봐라..좀비잡기 딱 좋은 날씨구먼..04월26일 LIVE방송,"1,973",2019_04_25,71,0,겜플TV,2310,https://www.youtube.com/watch?v=Mvz8Bp3Npwc
"""라이프 애프터"" 다들 갓겜이라 생각하니깐 난 그냥 조용히 지나 갈게...","23,856",2019_04_25,217,46,갓존슨,20400,https://www.youtube.com/watch?v=52KaywssL3c
[라이프 애프터#8] 좀도둑 2일차!! 대박 터진날!!,"2,969",2019_04_25,15,8,구르구르르,1070,https://www.youtube.com/watch?v=lKgaB1yqoLM
AMD 라이젠 CPU로 VT SVM기능 활성화하여 모바일게임 녹스앱플레이어 라이프애프터 원활하게 즐기기,"2,485",2019_04_25,17,0,상곰전자,0,https://www.youtube.com/watch?v=qUaNdFMySIc
주문하신 민트초코 삼계탕입니다 ^^ [라이프애프터 #2],"23,360",2019_04_25,234,11,왕군게임국,171000,https://www.youtube.com/watch?v=KjmVpXSnb7s
라이프애프터 낚시 효율적으로 하는법!!![라이프애프터-LifeAfter][마고],"6,257",2019_04_25,62,3,마고,4680,https://www.youtube.com/watch?v=frd5hslNiG4
라이프애프터 || 공짜 총 버리고 【 만들어서 】 써야 하는 이유 || 라이프 애프터 Life After,"9,959",2019_04_25,61,5,상민이,4300,https://www.youtube.com/watch?v=WfVmuo6vtKw
라이프 애프터 -총 내구도 수리하는 방법,"1,331",2019_04_25,10,3,뼐잔사,8,https://www.youtube.com/watch?v=dKdylddThgA
[라이프애프터] 총기 장전 슈퍼켄슬!! +전투숙련도 작업 노하우&꿀팁!!,"2,468",2019_04_26,25,0,단세TV,1930,https://www.youtube.com/watch?v=kP4Nb-u4b9o
우주★미소녀와 함께하는 좀비 아포칼립스 (뭐요?) [라이프애프터],"36,365",2019_04_26,630,13,연두의 일상채널,130000,https://www.youtube.com/watch?v=DifJPAFUqr8
라이프애프터 돈벌기 좋은직업은? 유튜버의섬 라이프애프터#4,"16,109",2019_04_26,76,7,야또TV,46700,https://www.youtube.com/watch?v=L5nzQE66wVg
라이프애프터 미스카대학 공략!!1인 클리어 좀비와 마주치지않는다!!?[갱튜브],"37,024",2019_04_26,288,19,갱튜브,2620,https://www.youtube.com/watch?v=TobRQnMXLV8
라이프애프터 ] 사막의 요새에는 전갈보스가 나옵니다! 와 근대 이거 너무 쎈대? | Lifeafter,764,2019_04_26,17,0,써마터Tv,1330,https://www.youtube.com/watch?v=tYYpyRDU3B0
전 그냥 집을 짓고 있었는데 갑자기...ㅠㅠ [라이프애프터 #3],"26,216",2019_04_26,270,17,왕군게임국,171000,https://www.youtube.com/watch?v=ab_sEga3qLU
라이프애프터] 생존게임 [겜플TV] 스노우힐 입성! 양한마리에 우지 탄창하나? 04월27일 LIVE방송,"1,030",2019_04_26,40,3,겜플TV,2310,https://www.youtube.com/watch?v=AcR-KrWt0qg
모바일게임인데 멀티수준이... 앵간한 PC게임 이상인데? - 라이프애프터,"149,714",2019_04_26,1700,70,우왁굳의 게임방송,790000,https://www.youtube.com/watch?v=YycM_Sk9Wsc
라이프애프터 앵벌이로 부자되서 기관총 사겠습니다!!![라이프애프터-LifeAfter][마고],"7,656",2019_04_26,90,3,마고,4680,https://www.youtube.com/watch?v=O0CqIKSZe4U
[라이프 애프터10] 이웃집 돈으로 부자되기!!!,"6,076",2019_04_27,36,9,구르구르르,1070,https://www.youtube.com/watch?v=-g67ydraEs0
라이프애프터] 생존게임 [겜플TV] 숙련도 20!20!20!달성 이제 재료모으자!! 04월28일 LIVE방송,"1,447",2019_04_27,39,0,겜플TV,2310,https://www.youtube.com/watch?v=eI0rgXyR4bE
라이프애프터 특별시민 되는 가장 빠른 방법 알려드릴게요!!!(공헌도얻는법포함)[라이프애프터-LifeAfter][마고],"3,262",2019_04_27,43,0,마고,4680,https://www.youtube.com/watch?v=fIN23Kru3ys
라이프애프터(Life After) : 배합 조각이 공짜!!? 꿀팁 대방출!!,"17,497",2019_04_27,127,13,짱짐,12700,https://www.youtube.com/watch?v=_J7rq_VZOKo
[라이프 애프터#9] 샤이어 마을 초간단 소개!!,738,2019_04_27,4,0,구르구르르,1070,https://www.youtube.com/watch?v=WFSTWLBbnNY
모바일 생존게임 끝판왕!! | 라이프 애프터 LIFE AFTER,"9,367",2019_04_27,111,10,개복어,223000,https://www.youtube.com/watch?v=hi2z00a24LI
이 게임에 현질한 흑우 있냐?? 꺼어어억!! 라이프애프터 꿀잼 하이라이트! #5 // lifeafter KOR highlight,252,2019_04_28,0,0,듣고보이는밴YouTube DBB,1060,https://www.youtube.com/watch?v=JqkMynlyeDM
라이프애프터] 생존게임 [겜플TV] 이제부터 과금인가? 배합 이거 너무한거 아니냐고! 04월28일 LIVE방송,"1,119",2019_04_28,47,0,겜플TV,2310,https://www.youtube.com/watch?v=j4t85ESMsSQ
라이프애프터] 생존게임 [겜플TV] 일요일 저녁 특별방송 04월28일 LIVE방송 2부,859,2019_04_28,41,0,겜플TV,2310,https://www.youtube.com/watch?v=gWvioNZcVvg
[라이프애프터] 낸시시티 솔로 17킬0데스 손캠 플래이 영상,"2,481",2019_04_28,20,2,단세TV,1930,https://www.youtube.com/watch?v=nVViYtibUx0
라이프애프터 하루에 32124골드 벌어 봤습니다!,"72,304",2019_04_28,394,43,야또TV,46700,https://www.youtube.com/watch?v=vmJFgzXm6ew
"라이프 애프터 약탈 동영상(우편함, 은행금고포함)","23,233",2019_04_29,70,32,릴튜브,236,https://www.youtube.com/watch?v=6vnwD-0NP9k
라이프애프터 가장 가성비가 좋은 음식 알려드릴게요!!![라이프애프터-LifeAfter][마고],"6,272",2019_04_29,97,4,마고,4680,https://www.youtube.com/watch?v=RravXw1vmS8
[라이프애프터] 이 게임의 시작은 장원3부터! 지옥행 열차 탑승 웰컴!,"1,044",2019_04_29,32,0,TV Seogi,2610,https://www.youtube.com/watch?v=7w0VhG2rJhU
라이프애프터] 생존게임 [겜플TV] 넷이즈 보고있나? 더는 과금안하겠습니다. 04월30일 LIVE방송,"1,086",2019_04_29,36,1,겜플TV,2310,https://www.youtube.com/watch?v=f1_ZLJUeqts
존바TV #1라이프애프터 금고털이가자,"8,522",2019_04_29,60,10,존바TV,0,https://www.youtube.com/watch?v=XECmIT5GwzU
"라이프애프터 무과금으로 총기 파츠 가장빨리 만드는법!!!!(참나무, 황금드릴, 곁순 포함)[라이프애프터-LifeAfter][마고]","6,261",2019_04_30,81,2,마고,4680,https://www.youtube.com/watch?v=cyiHrr7Dq2U
라이프애프터 아..아니! 이게 모바일 게임이라고? 보스잡기 대작전! -해물파전 Life After 게임영상,"30,982",2019_04_30,196,9,해물파전TV,405000,https://www.youtube.com/watch?v=GXRN9PvbsUQ
바이러스로 뒤덮힌 세상에서 생존하라! [라이프애프터] 신작 모바일 생존 MMO게임!,"30,551",2019_04_30,231,17,풍월량,411000,https://www.youtube.com/watch?v=qM7aMZwY8l4
라이프애프터] 생존게임 [겜플TV] 장원개조에 나선 겜플! 과연 가능할까? 05월01일 LIVE방송,"1,346",2019_04_30,35,0,겜플TV,2310,https://www.youtube.com/watch?v=IVYvuqdDNU8
"[라이프애프터] 제 장원을 침입한 사람에게, 복수하러 갔습니다ㅋㅋㅋㅋ","70,630",2019_04_30,377,31,감쟈,32800,https://www.youtube.com/watch?v=i2wy7QxB5ac
라이프애프터 생존일기 5일차 게임에 대해 파헤쳐보자 - [미스카대학](LifeAfter),535,2019_05_01,18,0,지르미Jirumi,3240,https://www.youtube.com/watch?v=h2MRNmpuoH8
라이프애프터] 생존게임 [겜플TV] 좀비세상에도 숙제란 있다!! 05월02일 LIVE방송,"1,198",2019_05_01,44,1,겜플TV,2310,https://www.youtube.com/watch?v=KkgxNBxj__E
[라이프 애프터#13] 혼란의 도시 : 아이큐 16.0이상 천재만 가능한 우편함 털이!!!,"1,866",2019_05_01,13,2,구르구르르,1070,https://www.youtube.com/watch?v=3bOIcIWL4pk
라이프애프터 ] 전투레벨을 올리는 가장 쉬운 방법입니다. 중도감염구역 보스 잡기 | Lifeafter,559,2019_05_01,20,1,써마터Tv,1330,https://www.youtube.com/watch?v=FhuHx4mEyCQ
감염을 숨기다 [라이프 애프터] 플레이 하이라이트 (애바 주의) 꿀잼 모바일게임 {폰겜냥},"1,150",2019_05_01,69,0,폰겜냥,0,https://www.youtube.com/watch?v=cnJfZS1HJSY
[라이프애프터] 사막거점전투! 아직 안해본 분 이라면 참고하세요!,"2,645",2019_05_01,19,5,HowlAze Gaming Tube,18,https://www.youtube.com/watch?v=Y-srIE49YdE
라이프애프터 총 무기부품파츠제작!!무기부품레벨업 기계재료레벨업합성 해보아요!![갱튜브],"6,269",2019_05_01,65,1,갱튜브,2620,https://www.youtube.com/watch?v=5MEMMpUZ1hI
"스나이퍼 올인원 게임구동 테스트 (트라하, 크아M, 라이프 애프터, 검은사막M, 블소레볼루션)","3,176",2019_05_01,22,3,채널Km,17700,https://www.youtube.com/watch?v=CNpMSuRM45s
라이프애프터 생존일기 6일차 게임에 대해 파헤쳐보자 - [미스카대학](LifeAfter),582,2019_05_02,20,0,지르미Jirumi,3240,https://www.youtube.com/watch?v=YZA6PBkAAtg
"라이프애프터] 생존게임 [겜플TV] 이젠 좀비보다 사람이 무섭습니다,,, 05월03일 LIVE방송","1,232",2019_05_02,32,2,겜플TV,2310,https://www.youtube.com/watch?v=OCFecKaoFzg
라이프애프터 약탈 (물자가치38만),"5,145",2019_05_02,19,9,릴튜브,236,https://www.youtube.com/watch?v=_V1NCN_zvE4
"[라이프애프터] 파밍 공략, 샤이어마을 사용법, 마껍질 무섭지 않다! 드론 사용 방법","4,385",2019_05_02,56,4,린느,1770,https://www.youtube.com/watch?v=Yh7CfhUJv1M
[라이프 애프터#14] 감염자 침입!!! 집앞 감염자 드랍!!!,560,2019_05_02,4,1,구르구르르,1070,https://www.youtube.com/watch?v=_qY60mM7xWQ
라이프애프터에서 가장좋다는 총뽑기 ! 라이프애프터#7,"40,088",2019_05_02,152,19,야또TV,46700,https://www.youtube.com/watch?v=DKRNwMnPT4c
"라이프애프터(Life After) : "" 낮은 목제 서랍 "" 최고의 서랍장!!","6,071",2019_05_02,56,4,짱짐,12700,https://www.youtube.com/watch?v=p6Riz8hBjFU
"라이프애프터 장원 5레벨에서 조심해야할 점!!!(중급진급, 스노우힐)[라이프애프터-LifeAfter][마고]","16,565",2019_05_02,131,9,마고,4680,https://www.youtube.com/watch?v=ktB4dpcPS1w
(꼭보세요)라이프애프터 전투숙련도 무한으로 올리는방법,"8,186",2019_05_03,34,8,RiMi Tube韩国별리미,0,https://www.youtube.com/watch?v=unz0W9HTeKo
라이프애프터 만능열쇠41개로 샤이어 파플래닛 상자열어봤어요!!과연..[갱튜브],"10,244",2019_05_03,69,6,갱튜브,2620,https://www.youtube.com/watch?v=jpqcqJQPlcY
"[마동석x라이프애프터] Vlog5. 종말 후 22일 째, 게임은 계속되어야 한다","5,385",2019_05_03,87,0,라이프애프터,2029,https://www.youtube.com/watch?v=vJJwuSMtXSA
라이프애프터 낚시 챔피언 칭호 쉽게 얻는법!!!(낚시 꿀팁 포함)[라이프애프터-LifeAfter][마고],"10,898",2019_05_03,112,2,마고,4680,https://www.youtube.com/watch?v=SuhNclCc3IY
라이프애프터 내 집 마련하고 Z1존총 만들어서 PVP가자! -해물파전 Life After 모바일 게임영상,"15,459",2019_05_03,119,6,해물파전TV,405000,https://www.youtube.com/watch?v=K9CWm8Mi8D0
라이프애프터] 생존게임 [겜플TV] 고분자코팅 하루에 5개씩 모으기! 05월04일 LIVE방송,"1,724",2019_05_03,34,0,겜플TV,2310,https://www.youtube.com/watch?v=kJ_XdYxoIuM
생존 게임에서 피아노 칠 수 있다고? 라이프애프터 구시대 피아노 연주 튜토리얼,"21,235",2019_05_03,26,0,라이프애프터,2029,https://www.youtube.com/watch?v=DMg-Q2VzGRM
라이프애프터 ] 넨시시티 라이프애프터에서도 서든어택이 가능합니다! | Lifeafter,293,2019_05_04,19,1,써마터Tv,1330,https://www.youtube.com/watch?v=nNg1mzflzPQ
라이프애프터] 생존게임 [겜플TV] 장원 보안 솔루션해드립니다! 05월05일 LIVE방송,824,2019_05_04,27,0,겜플TV,2310,https://www.youtube.com/watch?v=b33Hk3KlDm0
마동석X라이프애프터 광고모음,"8,045",2019_05_04,133,3,애드살롱,1380,https://www.youtube.com/watch?v=tk8oUZcRcIA
라이프애프터 고분자코팅 얇은원단획득경로정리!움프UMP9총제작![갱튜브],"17,445",2019_05_04,167,6,갱튜브,2620,https://www.youtube.com/watch?v=2INHIylfPE4
라이프애프터 장원 재배 효율적으로 하는법!!![라이프애프터-LifeAfter][마고],"5,056",2019_05_05,68,3,마고,4680,https://www.youtube.com/watch?v=d_yQfYOB6Q8
라이프애프터] 생존게임 [겜플TV] 니가가라! 파플래닛!05월06일 LIVE방송,"1,040",2019_05_05,35,0,겜플TV,2310,https://www.youtube.com/watch?v=FmRrUNAwAoc
라이프애프터] 생존게임 [겜플TV] 어린이날 특집방송 오늘도 좀비!05월05일 LIVE방송,857,2019_05_05,24,0,겜플TV,2310,https://www.youtube.com/watch?v=exXOXRS4vXU
라이프애프터 무과금으로 배합조각 많이 얻는법![라이프애프터-LifeAfter][마고],"16,448",2019_05_06,172,7,마고,4680,https://www.youtube.com/watch?v=T9Pth2eEaL0
라이프애프터 원자력발전소 트럭타고들어가봤어요!상자위치! 헬기로 전투숙련도가!!??[갱튜브],"15,868",2019_05_06,117,8,갱튜브,2620,https://www.youtube.com/watch?v=SGx20NHUYQA
라이프애프터] 생존게임 [겜플TV] 장원6레벨 이렇게 어렵습니다.05월07일 LIVE방송,"1,483",2019_05_06,43,0,겜플TV,2310,https://www.youtube.com/watch?v=-4s-ntRJYl8
라이프애프터 생존일기 9일차 게임에 대해 파헤쳐보자 - [미스카대학](LifeAfter),551,2019_05_07,17,0,지르미Jirumi,3240,https://www.youtube.com/watch?v=-YPwcyYVDxY
라이프애프터 스노우힐 카드게임 4판씩 꼭하세요!! 각지역마다 해야하는이유[갱튜브],"2,760",2019_05_07,29,1,갱튜브,2620,https://www.youtube.com/watch?v=ywjZG883NGk
라이프애프터] 생존게임 [겜플TV] 제작1레벨만 올리면 6장원! 점검따위가 날막을순없다! 05월08일 LIVE방송,871,2019_05_07,27,0,겜플TV,2310,https://www.youtube.com/watch?v=rDQmG8MBfhI
(#사막편)고분자 코팅 엄청 쉽게 얻는법!!![라이프애프터-LifeAfter][마고],"9,482",2019_05_08,88,4,마고,4680,https://www.youtube.com/watch?v=LYpYdy0RVbA
좀비 세상을 탈출할 수 있을까? | 모바일게임 라이프애프터,616,2019_05_08,16,1,프리즘 게임즈,0,https://www.youtube.com/watch?v=5XFk9qcght4
[라이프 애프터#18] 새로운 업데이트!!! Made in 해피101 TV패키지!!!,"2,312",2019_05_08,13,7,구르구르르,1070,https://www.youtube.com/watch?v=hmtBAAofrpc
"[라이프애프터] 전투엘리트 방어구 공략, 내피, 배합 개조, 인생은 장비발!","1,150",2019_05_08,23,1,린느,1770,https://www.youtube.com/watch?v=oG6tls94bLU
라이프애프터] 생존게임 [겜플TV] 룰렛 과금 절대 하지마세요! 05월09일 LIVE방송,760,2019_05_08,27,0,겜플TV,2310,https://www.youtube.com/watch?v=m4UekeHi53I
"라이프애프터 95식돌격소총,590M산탄,움프,우지총 데미지,숙련도비교 [갱튜브]","8,452",2019_05_09,68,3,갱튜브,2620,https://www.youtube.com/watch?v=IFDws-KqxdE
낸시씨티 승리하는 전략 알려드릴게요!!![라이프애프터-LifeAfter][마고],"4,668",2019_05_09,59,3,마고,4680,https://www.youtube.com/watch?v=o49TKwpdiqA
[라이프애프터] 낸시시티에서 활로 1등 하는법! 저격수가 아니어도 가능합니다!,"10,051",2019_05_10,98,6,감쟈,32800,https://www.youtube.com/watch?v=QqNKYvCTPUA
[라이프 애프터#19] 당신이 보지 못했던 이색 꿀팁!!!,"4,658",2019_05_10,35,6,구르구르르,1070,https://www.youtube.com/watch?v=RlUSE5Hh6Hw
만렙가방 가장 빨리 만드는법 알려드릴게요!!![라이프애프터-LifeAfter][마고],"7,099",2019_05_10,103,12,마고,4680,https://www.youtube.com/watch?v=XtsI__ByIts
라이프애프터] 생존게임 [겜플TV] 95식..왜나왔니..좀비에 죽는게 아니라 너땜에 굶어죽겠다.. 05월11일 LIVE방송,"1,311",2019_05_10,34,2,겜플TV,2310,https://www.youtube.com/watch?v=SmvBnRdqOEs
(#스노우힐편)고분자코팅 엄청 쉽게 획득하는법!!![라이프애프터-LifeAfter][마고],"7,863",2019_05_10,76,4,마고,4680,https://www.youtube.com/watch?v=NHE-TaI8krw
스마트폰 조이스틱 라이프애프터 완벽지원 | 스마트폰 컨트롤러 최신게임 완벽호환 스나이퍼 올인원 키맵핑 & 테스트,"5,459",2019_05_10,21,1,본다BONDA,1970,https://www.youtube.com/watch?v=r3nLyhOC3GI
존바TV 라이프애프터#4 전투경험치 작업하는법,"1,904",2019_05_10,31,0,존바TV,0,https://www.youtube.com/watch?v=YwXoyLUX56g
[Life After]라이프 애프터- 장원 12렙 승급,"7,802",2019_05_11,53,1,TOMAX M,703,https://www.youtube.com/watch?v=hQuylI4jjHI
"[라이프애프터] 목심,주석광,린넨잎 한 번에 대량으로 얻자! 노가다는 STOP! 거점 전투 공략!","4,874",2019_05_11,64,10,TV Seogi,2610,https://www.youtube.com/watch?v=npwF9MHcR_o
[라이프애프터]#생존#좀비#채집#노가다 짬뽕게임?!,"5,155",2019_05_11,119,5,게임넛 GAMENUT,106000,https://www.youtube.com/watch?v=Z4jyWShQ6GQ
"[라이프애프터] 고분자코팅, 얇은원단 귀차니즘도 쉽게 캘 수 있는 방법과 공략","5,226",2019_05_11,64,2,린느,1770,https://www.youtube.com/watch?v=QspgmWLABdo
[라이프애프터] 생존게임 [겜플TV] 약탈에 대비하라! 장원 솔루션 진행중! 05월12일 LIVE방송,981,2019_05_11,30,2,겜플TV,2310,https://www.youtube.com/watch?v=vXXcHV-AcxM
강아지와 산책 도중에 좀비떼가 띠용~?!- 브바일 라이프애프터(Life After) - 겜브링(GGAMBRING),"158,567",2019_05_11,1700,69,겜브링 GGAM BRING,890000,https://www.youtube.com/watch?v=fzydqaKxd5A
라이프애프터 생존일기 12일차 게임에 대해 파헤쳐보자 - [미스카대학](LifeAfter),588,2019_05_12,19,0,지르미Jirumi,3240,https://www.youtube.com/watch?v=GXYvpSaMhBs
[라이프애프터] 생존게임 [겜플TV] 생존28일차 멀고도 험한길 7장원 05월13일 LIVE방송,"1,208",2019_05_12,37,0,겜플TV,2310,https://www.youtube.com/watch?v=5E9ryHmkGF0
[라이프 애프터] 가을빛 산림 비밀 지역 '넝쿨 동굴'을 찾아라! | 사과여우,182,2019_05_12,5,0,사과여우의 게임채널,93,https://www.youtube.com/watch?v=Sm-v18i2fxw
라이프애프터 호감도올리기! 채집물로 효율적으로 올려보아요~![갱튜브],"3,670",2019_05_12,43,2,갱튜브,2620,https://www.youtube.com/watch?v=LIVjbMGHAOg
[라이프 애프터#20] 거점 전투 기초부터 보상까지!!!,"1,113",2019_05_12,15,1,구르구르르,1070,https://www.youtube.com/watch?v=mK8bWOLX-Rc
"[라이프애프터] 게임치, 왕초보 분들을 위한 라애 가이드 #2 배합 조각 업적/채널 이동/전직/특수 아이템/차징 채집","1,214",2019_05_13,11,1,"모두의 게임 놀이터, 푸고미TV",961,https://www.youtube.com/watch?v=ALKfIgJOXEk
[라이프애프터] 생존게임 [겜플TV] 벌써 한달차 생존..05월14일 LIVE방송,732,2019_05_13,25,0,겜플TV,2310,https://www.youtube.com/watch?v=Wcfj0XuT0zM
가장 인기있는 모바일 좀비 생존게임을 해보았습니다 : 라이프애프터 [사이],"1,646",2019_05_13,69,1,사이TV,56800,https://www.youtube.com/watch?v=sQEZ3BYYCWg
장원 6레벨에서 조심해야할점!!![라이프애프터-LifeAfter][마고],"8,852",2019_05_13,91,5,마고,4680,https://www.youtube.com/watch?v=waqbwUxvXSM
[라이프애프터] 잠시 양심이라는 것을 버려두자! 혼란의 도시 속 남의 자원을 털자!,"6,544",2019_05_14,50,8,TV Seogi,2610,https://www.youtube.com/watch?v=2Ya522tNUAs
[라이프애프터] 생존게임 [겜플TV] 장사시작합니다.05월15일 LIVE방송,550,2019_05_14,29,4,겜플TV,2310,https://www.youtube.com/watch?v=Nk2orz0J7k8
"라이프애프터 초반공략 컨텐츠 정리, 아이템매니아가 달려봤다",64,2019_05_15,0,0,ITEM MANIA,317,https://www.youtube.com/watch?v=9rzkVZsc9B4
[라이프애프터] 스노우힐 막막한 임무 쉽게 깨는법! 나무동굴?숨겨진 상자?나무위에집?깨고 레벨업하자,"1,854",2019_05_15,28,0,린느,1770,https://www.youtube.com/watch?v=S4LnsvxJ2_c
장원 6레벨 빨리 올라가야 하는 이유!!![라이프애프터-LifeAfter][마고],"9,670",2019_05_15,99,4,마고,4680,https://www.youtube.com/watch?v=ajvFw7ik27U
이게 사람? PC게임 같은 생존 모바일게임 - 라이프애프터 LIFEAFTER,"1,035",2019_05_16,7,1,잠팅TV,31600,https://www.youtube.com/watch?v=DD1Bqh1o310
라이프애프터 거대공중집 완성!들어가는 입구 만들어봤어요![갱튜브],"11,323",2019_05_16,62,4,갱튜브,2620,https://www.youtube.com/watch?v=Kn3A-zyg3p8
[라이프 애프터] 미스카대학 솔플,158,2019_05_16,2,0,겜talks YouTube,1640,https://www.youtube.com/watch?v=-XWnMl23joA
좀비 안나오게하는 미스카대학 공략법!!![라이프애프터-LifeAfter][마고],"13,524",2019_05_16,183,7,마고,4680,https://www.youtube.com/watch?v=hYw1ED6RaEM
보관함 용량 2배 만들어드릴게요!!![라이프애프터-LIfeAfter][마고],"10,754",2019_05_17,112,10,마고,4680,https://www.youtube.com/watch?v=t015YWbZPyA
[라이프애프터] 생존게임 [겜플TV] 실제 6장원 집으로 이사! 05월17일 LIVE방송,"1,239",2019_05_17,28,0,겜플TV,2310,https://www.youtube.com/watch?v=AunWkAp7Ggw
캠프방어전 망했어요![라이프애프터-LifeAfter][마고],"3,867",2019_05_17,49,3,마고,4680,https://www.youtube.com/watch?v=SxtmBnA2tm0
[라이프애프터] 생존게임 [겜플TV] 너무나 먼 당신..7장원 05월18일 LIVE방송,905,2019_05_17,24,0,겜플TV,2310,https://www.youtube.com/watch?v=BDPRspwTzHg
라이프애프터 샤이어 탐색상자탐험 위치!!모험을떠나보아요[갱튜브},"6,162",2019_05_18,57,5,갱튜브,2620,https://www.youtube.com/watch?v=DQD53mAbq0o
튜토리얼부터 스케일 오지는 PC게임급 모바일게임 [라이프애프터],255,2019_05_18,9,0,몽까TV,13000,https://www.youtube.com/watch?v=GoT3-MQYVwE
존바TV 라이프애프터 #35 무사버리세요 하지마세요(서버:파플래닛),"1,033",2019_05_18,17,0,존바TV,0,https://www.youtube.com/watch?v=tF9ry48YT48
라이프애프터] 생존게임 [겜플TV] 캠프원 모집합니다!! 05월19일 LIVE방송,814,2019_05_18,35,0,겜플TV,2310,https://www.youtube.com/watch?v=vsTGlSmWSaI
[라이프애프터]Play (Steam Free Game),7,2019_05_18,0,0,Play Games Library,0,https://www.youtube.com/watch?v=S2BMtTngceA
[LifeAfter] 라이프 애프터 - 변경될 일정 : 미션보상추가,"1,421",2019_05_19,15,0,TOMAX M,703,https://www.youtube.com/watch?v=anDP2V6FiG4
비단잉어 칭호 얻는 방법 알려드릴게요!!![라이프애프터-LifeAfter][마고],"7,660",2019_05_19,85,8,마고,4680,https://www.youtube.com/watch?v=_XMw_gsm0dg
라이프애프터] 생존게임 [겜플TV] 좀비보다 월요일이 무섭다..05월20일 LIVE방송,426,2019_05_19,33,0,겜플TV,2310,https://www.youtube.com/watch?v=ZI9rORSHUq4
우지 소장판 vs 움프 일반판 비교 결과?! [라이프애프터 #5],"21,373",2019_05_20,185,15,왕군게임국,171000,https://www.youtube.com/watch?v=Jm4be3Lo1mg
[라이프애프터 #1] 서버 추천 & 채널 이동 방법,988,2019_05_20,2,0,게임쟁이 범쿠룽,186,https://www.youtube.com/watch?v=xnZPOpMwJXY
업데이트 꽁짜 버프로 숙련도 레벨 팍팍 올려보자!!![라이프애프터-LifeAfter][마고],"7,696",2019_05_20,75,5,마고,4680,https://www.youtube.com/watch?v=w7_Xk9OcI48
[신작게임 인스턴트 3분리뷰] #17 라이프애프터 - 정작 게임이 생존하지 못한 이유,"1,408",2019_05_20,37,1,노닥TV 노재웅,1420,https://www.youtube.com/watch?v=YzBAi-Cg-jw
라이프애프터] 생존게임 [겜플TV] 화가나는 화요일 좀비나 잡자!! 05월21일 LIVE방송,493,2019_05_20,26,0,겜플TV,2310,https://www.youtube.com/watch?v=__WyboGK_FI
라이프애프터] 생존게임 [겜플TV] 드디어 늪지대! 가즈아!! 05월22일 LIVE방송,487,2019_05_21,25,0,겜플TV,2310,https://www.youtube.com/watch?v=HFJ1w6IrkuQ
사막용병요새 희귀상자 먹어볼려고 갔더니...![라이프애프터-LifeAfter][마고],"8,738",2019_05_21,87,1,마고,4680,https://www.youtube.com/watch?v=jQ4tr-7fOig
[라이프 애프터#23] 혼란의 도시 : 움프로 집 1000% 털기!!!,"9,833",2019_05_21,48,10,구르구르르,1070,https://www.youtube.com/watch?v=w-6QD8iW8BA
[모찌갱] 아크 생존장인이 해보는 라이프애프터 / 역시 게임은 PVP가 재미있지!! (최종화),380,2019_05_21,3,0,Mozzi Gang,1890,https://www.youtube.com/watch?v=71qoUaO-0Bc
모스늪지 업데이트 주의사항 및 꿀팁 알려드릴게요!!![라이프애프터-LifeAfter][마고],"10,048",2019_05_22,123,5,마고,4680,https://www.youtube.com/watch?v=piQybsN3YhI
"[라이프애프터] 기도하는 좀비 보셨어요? 신규 필드 ""모스 늪지"" 탐방~!","2,603",2019_05_22,33,1,TV Seogi,2610,https://www.youtube.com/watch?v=rVeLm7oi0YE
라이프애프터] 생존게임 [겜플TV] 미친듯이 달려보자!! 왜!! 어제 하루 날렸으니.. 05월23일 LIVE방송,705,2019_05_22,29,1,겜플TV,2310,https://www.youtube.com/watch?v=8mBNJEZCwvY
라이프애프터] 생존게임 [겜플TV] 7장원 멀지않았어 !! 05월24일 LIVE방송,492,2019_05_23,21,0,겜플TV,2310,https://www.youtube.com/watch?v=0ZAPoXvDuU0
[라이프애프터] 쌍권총을 든 몬스터 등장...?! 신맵 늪지대 모든 보물상자 탐험기!,"7,834",2019_05_23,100,4,감쟈,32800,https://www.youtube.com/watch?v=bW5Dj0sbjlY
라이프애프터 모스늪지 고분자코팅 상자위치!! [갱튜브],"7,021",2019_05_23,83,2,갱튜브,2620,https://www.youtube.com/watch?v=SloRxC9CS6g
맨손으로 파플래닛을 가봤습니다!!![라이프애프터-LifeAfter][마고],"6,854",2019_05_23,72,1,마고,4680,https://www.youtube.com/watch?v=8x9Y0j0u0DI
"[라이프애프터 #2] 운송 요원, 헬기, 감염물자 기본배우기! + 연맹회원이 좋은 이유!",325,2019_05_23,2,0,게임쟁이 범쿠룽,186,https://www.youtube.com/watch?v=IhzcmlueKso
모스 늪지 탐색상자 어디있는지 자세히 알려드릴게요!!![라이프애프터-LifeAfter][마고],"4,081",2019_05_24,57,0,마고,4680,https://www.youtube.com/watch?v=yDEa48lEfYM
모스 늪지에서 무조건 생존하는 방법 알려드릴게요!!![라이프애프터-LifeAfter][마고],"3,851",2019_05_24,50,3,마고,4680,https://www.youtube.com/watch?v=T6mIV-T_wWI
라이프애프터] 생존게임 [겜플TV] 생존캠프 운영진분들!~다시 한번만 와주세요 ㅠㅠ05월25일 LIVE방송,620,2019_05_24,27,0,겜플TV,2310,https://www.youtube.com/watch?v=lGFQBW--5_0
[라이프애프터] 캐릭터 만들기전에 꼭 보세요~! 튜토리얼 스킵 퀴즈 #퀴즈정답 #오답노트 (라애/Lifeafter/명일지후),556,2019_05_24,12,1,윤윤튭,160,https://www.youtube.com/watch?v=Jv0PNRmdjUA
[라이프애프터] 장원 레벨 7달성~! 이제 본격적인 흑우(?)타임~! 근데 내 운빨 상태가...?,"10,159",2019_05_25,97,16,TV Seogi,2610,https://www.youtube.com/watch?v=pts_aJtEiSc
라이프애프터] 생존게임 [겜플TV] 생존40일차 05월26일 LIVE방송,630,2019_05_25,27,0,겜플TV,2310,https://www.youtube.com/watch?v=SPbHsH5OGt8
라이프애프터] 생존게임 [겜플TV] 이쯤되면 좀비랑 호형호제지..05월27일 LIVE방송,548,2019_05_26,24,1,겜플TV,2310,https://www.youtube.com/watch?v=YmhlBlOL0hE
라이프애프터,"2,156",2019_05_27,37,0,서원진youtube,2580,https://www.youtube.com/watch?v=uRdZXXRl2do
【라이프애프터】 고분자코팅..하루에 8개는 먹어봤니? -후디대디TV_LIFEAFTER,"4,770",2019_05_27,49,4,빅대디,9650,https://www.youtube.com/watch?v=dA8lUfDeY9o
라이프애프터 이쁜 장난감집 설계도!! 같이 만들어 보아요 [갱튜브],"9,443",2019_05_27,85,3,갱튜브,2620,https://www.youtube.com/watch?v=bGXnkN_n1qs
[라이프애프터] 키마유저 부러우세요? 아무나 쉽게 하는방법!,"1,717",2019_05_27,14,1,꿀쮸Tv,181,https://www.youtube.com/watch?v=arGUomE0_fY
라이프애프터 배합으로 다 뽑아버렸다!!![라이프애프터-LifeAfter][마고],"13,728",2019_05_27,125,7,마고,4680,https://www.youtube.com/watch?v=EV0xgdiuQVg
[라이프애프터] 눈 속에 감춰진 절망! 다베트 설산은 과연 어떤 곳일까??,"11,929",2019_05_27,103,12,TV Seogi,2610,https://www.youtube.com/watch?v=sVq4ZlMKBYU
라이프애프터] 생존게임 [겜플TV] 오늘7장원 간드아아아아!!05월28일 LIVE방송,585,2019_05_28,33,0,겜플TV,2310,https://www.youtube.com/watch?v=JIRm4VqMca8
침입자와 친구가 되려고 했더니...[라이프애프터-LifeAfter][마고],"8,023",2019_05_28,144,6,마고,4680,https://www.youtube.com/watch?v=eALT4dstuoY
라이프애프터] 생존게임 [겜플TV] AK소장용 좋긴 좋더만요... 05월30일 LIVE방송,612,2019_05_29,26,0,겜플TV,2310,https://www.youtube.com/watch?v=tF6MmRm92R8
[라이프애프터] 모스 늪지 희귀 자원 대량으로 얻기~! 모스 늪지 거점 전투 공략~!,"4,033",2019_05_29,59,4,TV Seogi,2610,https://www.youtube.com/watch?v=8Yv0V8CPO7Y
게임 집 소개 - 라이프 애프터 & 라스트 데이 온 어스,"4,428",2019_05_30,37,0,Tube Sharomi,4780,https://www.youtube.com/watch?v=jO19dIVc8O8
최고의 낚시 미끼는 어떤걸까요??[라이프애프터-LifeAfter][마고],"3,999",2019_05_30,53,3,마고,4680,https://www.youtube.com/watch?v=pSRS9mfFX5k
라이프애프터 M24 소장판저격 낸시시티에 가보았어요!![갱튜브]],"8,275",2019_05_30,70,5,갱튜브,2620,https://www.youtube.com/watch?v=0oQ528uFkIE
"라이프애프터 공략 매일 12000골드바, 14000신화폐 얻는법 - 흑백게임","2,915",2019_05_31,25,6,흑백게임TV,0,https://www.youtube.com/watch?v=G4Ab28x6ApI
[라이프애프터] 드디어 M24 저격총 GET~! 원거리 암살자 '저격수'의 기본 운영법 공개~!,"3,551",2019_05_31,47,3,TV Seogi,2610,https://www.youtube.com/watch?v=V8QfKuBObyE
정말 잔인하게? 침입자 복수했습니다!?[라이프애프터-LifeAfter][마고],"12,766",2019_05_31,112,5,마고,4680,https://www.youtube.com/watch?v=5gSpcEI-1Hs
라이프애프터] 생존게임 [겜플TV] 뭔가 임팩트가 없다! 일상타파방법을 가르쳐주세요! 06월01일 LIVE방송,347,2019_05_31,22,0,겜플TV,2310,https://www.youtube.com/watch?v=qpWs6tlCW3E
라이프애프터] 생존게임 [겜플TV] 미스카서버에 케릭터 하나씩 만들어주세요! 이벤트준비중입니다! 06월03일 LIVE방송,363,2019_06_02,20,0,겜플TV,2310,https://www.youtube.com/watch?v=wQn1MEPMvS8
라이프 애프터 히무의 파밍 라디오: 네 집짓는 게임입니다 ⋆ටᆼට⋆ ♡ Life After,385,2019_06_02,11,0,히에무스,12100,https://www.youtube.com/watch?v=i9_ww7GWapY
[라이프애프터] 장원 방어를 위해 꼭 있어야하는 아이템! 추천! 바닥전기철조망!,873,2019_06_03,32,1,린느,1770,https://www.youtube.com/watch?v=B4uyRS2tyxk
라이프애프터] 생존게임 [겜플TV] 이번주 이벤트 알고계시죠? 미스카에 부케만들어주세요~ 06월04일 LIVE방송,411,2019_06_03,21,0,겜플TV,2310,https://www.youtube.com/watch?v=19vQvI7iRcw
라이프애프터 제작 채집숙련도 빨리오르는 특수아이템정리 파란색npc임무정리 가을빛산림편 [갱튜브],"3,259",2019_06_03,43,2,갱튜브,2620,https://www.youtube.com/watch?v=oQfgm3evf7A
"[라이프애프터] 레벨업 공략! 채집 숙련도 빠르게 올리는 방법, 하루에 7만 올리기 가능?!","2,348",2019_06_04,37,0,린느,1770,https://www.youtube.com/watch?v=dBNcrE4j63M
라이프애프터 채집 제작 숙련도빨리오르는 특수아이템정리 파란색npc임무정리 사막 스노우힐편 [갱튜브],"3,080",2019_06_04,47,0,갱튜브,2620,https://www.youtube.com/watch?v=p1ZlAlSI-5U
장원 7레벨 정말 빨리 올라오세요!!!너무 좋아요!!![라이프애프터-LifeAfter][마고],"11,464",2019_06_04,114,4,마고,4680,https://www.youtube.com/watch?v=logliPspvvo
라이프애프터] 생존게임 [겜플TV]우리가 살려봅시다!! 라이프애프터!! 06월05일 LIVE방송,571,2019_06_04,26,1,겜플TV,2310,https://www.youtube.com/watch?v=sVf761U5KlM
"[라이프애프터] 언제까지 퀘스트 돌고, 사냥하면서 전투 숙련도 올릴꺼야?? 샷건만 있으면 전투 숙련도 무한 수급 가능!","8,953",2019_06_05,130,15,TV Seogi,2610,https://www.youtube.com/watch?v=hIkZwpHe-QI
활발한 캠프가 이렇게 좋았다니!!!솔플은 이제 그만~![라이프애프터-LifeAfter][마고],"4,501",2019_06_05,62,2,마고,4680,https://www.youtube.com/watch?v=b5UiI2bZMeo
라이프애프터] 생존게임 [겜플TV] 이벤트!! 겜플을 찾아라!! D-2 남았습니다! 06월06일 LIVE방송,368,2019_06_05,33,0,겜플TV,2310,https://www.youtube.com/watch?v=r8dvdhS0o2A
라이프애프터 생존일기 25일차 업데이트!! - [미스카대학](LifeAfter),450,2019_06_05,14,0,지르미Jirumi,3240,https://www.youtube.com/watch?v=QGfOHrXOy6g
라이프애프터 제작 채집 숙련도빨리오르는 특수아이템정리 파란색NPC임무정리 모스늪지편 [갱튜브],"1,650",2019_06_06,35,2,갱튜브,2620,https://www.youtube.com/watch?v=OAw_X8yI-pA
라이프애프터] 생존게임 [겜플TV] 겜플을 찾아라! 이벤트 D-1 06월07일 LIVE방송,313,2019_06_06,35,0,겜플TV,2310,https://www.youtube.com/watch?v=xc-mPm0NWbw
라이프애프터 26화 약2000크레딧으로 590산탄총 소장판 도전 ( 5장원 배합뽑기 ) - 흑백게임,"1,025",2019_06_07,17,1,흑백게임TV,0,https://www.youtube.com/watch?v=eE3tvpGXBtY
라이프애프터 각인스킬 제대로 사용해보자!!![라이프애프터-LifeAfter][마고],"3,834",2019_06_07,54,2,마고,4680,https://www.youtube.com/watch?v=f1mUllc5Vv4
라이프애프터] 생존게임 [겜플TV] 겜플을 찾아라! 드디어 오늘! 06월08일 LIVE방송,350,2019_06_07,24,0,겜플TV,2310,https://www.youtube.com/watch?v=lXuiZTRQYJg
【라이프애프터】남들보다 절반가격에 아이템 구매하는 비법 최초공개합니다 feat.무기 옵션별 간단요약정리,"4,662",2019_06_07,39,4,빅대디,9650,https://www.youtube.com/watch?v=jvw6ORf58xM
라이프애프터] 생존게임 [겜플TV] 월요일도 힘차게!! 좀비잡기!! 06월10일 LIVE방송,414,2019_06_09,21,0,겜플TV,2310,https://www.youtube.com/watch?v=f7KEnLcFb4A
라이프애프터] 생존게임 [겜플TV] 이벤트우승자 박태봉님을 찾습니다! 06월11일 LIVE방송,261,2019_06_10,26,0,겜플TV,2310,https://www.youtube.com/watch?v=-XpSz4hSLKw
판잣집→전원주택으로 집짓는법!!![라이프애프터-LifeAfter][마고],"10,384",2019_06_10,98,4,마고,4680,https://www.youtube.com/watch?v=E2FPJvvc6TA
라이프애프터] 생존게임 [겜플TV] 이강인!!격하게 사랑한다!! 우승가즈아!!~ 06월12일 LIVE방송,209,2019_06_11,14,2,겜플TV,2310,https://www.youtube.com/watch?v=IK3f14yTg5E
[라이프애프터] 약탈방지와 이쁜집을 한번에짓는방법! 2편,"15,636",2019_06_11,156,17,꿀쮸Tv,181,https://www.youtube.com/watch?v=DPmGxzhkWg8
제가 MP5를 만들수 밖에 없었던 이유는?[라이프애프터-LifeAfter][마고],"8,427",2019_06_12,82,5,마고,4680,https://www.youtube.com/watch?v=JNowRHSkQ7o
재난국 기념패 가장 쉽게 얻는방법![라이프애프터-LifeAfter][마고],"4,012",2019_06_13,70,2,마고,4680,https://www.youtube.com/watch?v=CwYa5kQDfww
"[라이프애프터 #3] 무기수리 방법! 견고도, 내구도, 강도 개념과 침대 + 분해! 총 & 방어구 오래쓰기!",794,2019_06_13,6,1,게임쟁이 범쿠룽,186,https://www.youtube.com/watch?v=z7uF0OI4iYg
라이프애프터] 생존게임 [겜플TV]오픈후 두달! 넷이즈관계자분들 홍보좀 합시다!! 06월14일 LIVE방송,267,2019_06_13,23,0,겜플TV,2310,https://www.youtube.com/watch?v=J5-hEdhApAY
"[라이프애프터] 대장장이가 골드바 버는법, 장터에서 저렴하게 득템하는 법!","2,404",2019_06_13,51,1,린느,1770,https://www.youtube.com/watch?v=mxirpTPmezw
파플래닛PVP 우리가 접수하러 왔다!?[라이프애프터-LifeAfter][마고],"6,135",2019_06_14,78,3,마고,4680,https://www.youtube.com/watch?v=4GVhSLS1CKg
라이프애프터 OST 공개! 돌아오길 기다릴게,"6,814",2019_06_14,100,3,라이프애프터,2029,https://www.youtube.com/watch?v=L6qbKywplTc
라이프애프터 공략 하루마다 10만 신화폐 얻는법 - 흑백게임,"3,914",2019_06_14,32,9,흑백게임TV,0,https://www.youtube.com/watch?v=gvYgUTung0g
라이프애프터] 생존게임 [겜플TV] 낸시저격에 요즘 푹빠져 삽니다. 06월15일 LIVE방송,320,2019_06_14,15,2,겜플TV,2310,https://www.youtube.com/watch?v=qskF8-pcyKI
라이프애프터) 샤이어 공성전 2차 방어,"1,938",2019_06_15,16,0,릴튜브,236,https://www.youtube.com/watch?v=4IJRjs7YCy4
라이프애프터] 생존게임 [겜플TV]월요일도 활기넘치게! 06월17일 LIVE방송,277,2019_06_16,19,0,겜플TV,2310,https://www.youtube.com/watch?v=GCnwrpEaSsw
라이프애프터] 생존게임 [겜플TV] 두달동안의 라애를 돌아본다 06월18일 LIVE방송,439,2019_06_17,19,0,겜플TV,2310,https://www.youtube.com/watch?v=XyiJvyAd2UM
라이프애프터] 생존게임 [겜플TV] 낸시는 저격이 꿀잼! 06월19일 LIVE방송,224,2019_06_18,25,0,겜플TV,2310,https://www.youtube.com/watch?v=oAZfNP0YTeg
[라이프애프터] 새로운 고층 장원 완성~! 건축 꿀팁과 함께 장원을 공개합니다~!,"9,504",2019_06_18,96,5,TV Seogi,2610,https://www.youtube.com/watch?v=hDHpY19D0A8
라이프애프터] 생존게임 [겜플TV] 내일이면 벌써 금요일!! 06월20일 LIVE방송,266,2019_06_19,21,0,겜플TV,2310,https://www.youtube.com/watch?v=zF4Q7AJ7pSs
라이프애프터) 경기도 캠프의 일상,"1,506",2019_06_20,26,1,릴튜브,236,https://www.youtube.com/watch?v=4lrRFKlFuhY
라이프애프터] 생존게임 [겜플TV] 여러분께 드릴말씀이 있습니다. 06월21일 LIVE방송,643,2019_06_20,24,1,겜플TV,2310,https://www.youtube.com/watch?v=h4gkxJQ3Si8
채집숙련도 1시간만에 15만 올리는법!!![라이프애프터-LifeAfter][마고],"8,078",2019_06_20,78,4,마고,4680,https://www.youtube.com/watch?v=q9nM9FHRcZY
"[라이프애프터][lifeafter][明日之后] manor design, 집 디자인","3,502",2019_06_21,32,2,SoulMate,22,https://www.youtube.com/watch?v=kNEpUZCHE2w
라이프애프터 - M24저격총의 데미지는 어느정도일까?,417,2019_06_22,2,0,근무자,1,https://www.youtube.com/watch?v=pa0kb33Zin8
[라이프애프터] M24 소장판의 위력은 얼마나 될까? 새빨간 힘을 보여다오~!,"1,868",2019_06_23,26,2,TV Seogi,2610,https://www.youtube.com/watch?v=x_eIZUYyCTg
뉴비들을 위한 튜토리얼 스킵하는법!!![라이프애프터-LifeAfter][마고],"2,583",2019_06_23,40,2,마고,4680,https://www.youtube.com/watch?v=DhH4HHhrr6Y
장원 8레벨이 만렙인가요?![라이프애프터-LifeAfter][마고],"5,886",2019_06_24,80,1,마고,4680,https://www.youtube.com/watch?v=u8X5UnuSS8M
[게임 #8] 좀비 나오는 생존 모바일게임 하나 추천합니다! (라이프 애프터) - 온리뷰(OnReview),983,2019_06_24,20,1,온리뷰 - ONreview,34600,https://www.youtube.com/watch?v=kQHUUSEBtQ4
여러분 95식 정말 꼭! 구매하세요!!![라이프애프터-LifeAfter][마고],"5,938",2019_06_25,88,5,마고,4680,https://www.youtube.com/watch?v=ilC6m3RrtDg
"[라이프애프터 #6] 파티 하는법! 팀 맺기 & 탈퇴, 나가는법 포함 팁",496,2019_06_25,2,0,게임쟁이 범쿠룽,186,https://www.youtube.com/watch?v=gnn4ux9kiq8
[게임광고] 라이프애프터 AM 006,2,2019_06_26,0,0,세상의모든게임,16,https://www.youtube.com/watch?v=xq5CcuyWaLA
[게임 광고] 라이프애프터 대만 AM 036,4,2019_06_26,0,0,세상의모든게임,16,https://www.youtube.com/watch?v=Ygw3SJYvAQI
[게임 광고] 라이프애프터 대만 AM 054,9,2019_06_26,0,0,세상의모든게임,16,https://www.youtube.com/watch?v=dRodIEi4OQA
"[라이프애프터] 허스키의 기능, 펫 특성 변경과 추가 입양",592,2019_06_26,9,0,Yaco,217,https://www.youtube.com/watch?v=bN4lrhCRICU
과연! 대규모 업데이트로 갓겜이 될것인가?[라이프애프터-LifeAfter][마고],"7,006",2019_06_26,84,2,마고,4680,https://www.youtube.com/watch?v=7dHOwPVAWMM
[게임 광고] 라이프애프터 대만 AM 017,1,2019_06_26,0,0,세상의모든게임,16,https://www.youtube.com/watch?v=alS4Hjsn4G8
라이프애프터) 드론과 함께 감염자 막기,"1,338",2019_06_26,13,0,릴튜브,236,https://www.youtube.com/watch?v=2v3_geVSRWA
[게임 광고] 라이프애프터 대만 AM 035,2,2019_06_26,0,0,세상의모든게임,16,https://www.youtube.com/watch?v=hpuXcSws3co
[게임 광고] 라이프애프터 대만 AM 003,6,2019_06_26,0,0,세상의모든게임,16,https://www.youtube.com/watch?v=9zKi-SsaZNM
[게임 광고] 라이프애프터 대만 AM 040,8,2019_06_26,0,0,세상의모든게임,16,https://www.youtube.com/watch?v=prCELCcde8w
[라이프애프터 #7] 체력(생명) & 건강(흰색) & 포만감(배고픔) 떨어지면 생기는 일들,82,2019_06_26,2,0,게임쟁이 범쿠룽,186,https://www.youtube.com/watch?v=N3AuevXLyRc
[게임 광고] 라이프애프터 대만 AM 076,8,2019_06_26,0,0,세상의모든게임,16,https://www.youtube.com/watch?v=lv6n7DPF-xU
[게임 광고] 라이프애프터 AM 050,11,2019_06_26,0,0,세상의모든게임,16,https://www.youtube.com/watch?v=jziI-zGWej8
[게임 광고] 라이프애프터 대만 AM 051,1,2019_06_26,0,0,세상의모든게임,16,https://www.youtube.com/watch?v=h4nKJ3OGxSs
[게임 광고] 라이프애프터 대만 AM 041,1,2019_06_26,0,0,세상의모든게임,16,https://www.youtube.com/watch?v=UmvLOzMysDM
[게임 광고] 라이프애프터 AM 081,1,2019_06_26,0,0,세상의모든게임,16,https://www.youtube.com/watch?v=M1UE08cYjNo
[게임 광고] 라이프애프터 대만 AM 005,2,2019_06_26,0,0,세상의모든게임,16,https://www.youtube.com/watch?v=T9wQ3nlKwkU
[라이프애프터] 진귀한 물자 운송! 무기만 좋으면 누워서 떡먹기다??,"2,396",2019_06_27,38,2,TV Seogi,2610,https://www.youtube.com/watch?v=xVFyNDhCrxc
드론 만들때 조심해야 할 사항들!!![라이프애프터-LifeAfter][마고],"7,952",2019_06_27,91,3,마고,4680,https://www.youtube.com/watch?v=8KrC4wg64xQ
라이프애프터 엘리베이터 이용한 8장원 공중집 - 흑백게임,"4,634",2019_06_27,33,2,흑백게임TV,0,https://www.youtube.com/watch?v=ckKhJA8XCbA
게임 라이프애프터,3,2019_06_27,1,0,한빛티비,1180,https://www.youtube.com/watch?v=ls-2bL-Aug4
[라이프애프터] 이렇게 이쁜 맵에 용암이 있다고...?! 신맵 '산토파니' 다녀왔습니다!,"5,016",2019_06_28,74,10,감쟈,32800,https://www.youtube.com/watch?v=-1jIXSv8L84
(라이프 애프터) 상단 물자 운송 좀비 튜토시절이 생각난다...,181,2019_06_28,2,0,주천,94,https://www.youtube.com/watch?v=Y5VlhcOefn0
"근무일정변경으로 갓겜이 되어버린 ""라이프애프터""[라이프애프터-LifeAfter][마고]","4,350",2019_06_28,73,3,마고,4680,https://www.youtube.com/watch?v=a7Gpd4WTEQo
라이프애프터 980크레딧 청금강 앵무새 리뷰 - 흑백게임,"1,212",2019_06_28,16,0,흑백게임TV,0,https://www.youtube.com/watch?v=oatGL1J3b6M
"라이프애프터 게임과 캠프 소개(캠프 들어와주세요 서버:미스카대학,캠프이름:라이프애프킬라)",20,2019_06_28,1,0,yuviho p,49,https://www.youtube.com/watch?v=tXy3zMd2pyo
[라이프애프터] 바다를 가로질러 죽음의 섬을 정찰하라! 산토파니 집중 체험 TV서기와 함께해요!,"4,053",2019_06_28,44,5,TV Seogi,2610,https://www.youtube.com/watch?v=xvow9NsNNUo
라이프애프터 자라 위치 & 자라구이 만드는법 [ 채집숙련도 10% ] - 흑백게임,"1,275",2019_06_29,23,1,흑백게임TV,0,https://www.youtube.com/watch?v=A46ACwqhx4Q
주민위탁임무 정말 개꿀이자나?![라이프애프터-LifeAfter][마고],"4,400",2019_06_29,64,3,마고,4680,https://www.youtube.com/watch?v=XCzTL9PtLsU
라이프애프터(明日之后）-유탄포는 최고의 필수무기,"2,299",2019_06_29,22,1,TOMAX M,703,https://www.youtube.com/watch?v=rjhUS95Jynw
[라이프애프터 #8] 컨디션(활력) 회복 - 블랭크 가구점 자원 회수 + 상단 물자 운송 알아보기,163,2019_06_29,1,1,게임쟁이 범쿠룽,186,https://www.youtube.com/watch?v=gqFhnzJwLM0
게임 라이프애프터,17,2019_07_01,5,0,한빛티비,1180,https://www.youtube.com/watch?v=0HPF1GrH9eU
라이프애프터 6장원부터 가능한 별장만들기,"5,889",2019_07_01,73,3,르프헤,77,https://www.youtube.com/watch?v=rIUxlJUxd-A
라이프애프터:드론과함께 낸시시티!,89,2019_07_01,3,0,게임하는현수,165,https://www.youtube.com/watch?v=mrvx6RIUapA
캠프군사훈련 완벽하게 분석해버렸다!!![라이프애프터-LifeAfter][마고],"4,290",2019_07_01,56,6,마고,4680,https://www.youtube.com/watch?v=anqSAl7lYTQ
[라이프애프터;레옹]특수 감염체 침입/처치 이벤트《달령/LifeAfter》,54,2019_07_02,3,0,이루다양Team,102,https://www.youtube.com/watch?v=F9GVfJPWRxw
라이프애프터:디베트설산 거대감염자 손쉽게잡기,28,2019_07_02,0,0,게임하는현수,165,https://www.youtube.com/watch?v=ah2R12MTNHg
제국침입이벤트 새로운 숙제가 생긴건가???[라이프애프터-LifeAfter][마고],"5,282",2019_07_03,78,1,마고,4680,https://www.youtube.com/watch?v=pUyoW6_wA-4
나는 언제 저런 장원을 만들수 있을까???[라이프애프터-LifeAfter][마고],"8,187",2019_07_04,81,6,마고,4680,https://www.youtube.com/watch?v=jNwMnybIBmY
라이프애프터(明日之后）—中섭 0704 업데이트(지하실),"5,345",2019_07_04,40,0,TOMAX M,703,https://www.youtube.com/watch?v=Sn_N7bWCBAQ
타보르 소총 리뷰할려고 했는데...?![라이프애프터-LifeAfter][마고],"3,824",2019_07_05,54,4,마고,4680,https://www.youtube.com/watch?v=Mc0mDjTHj7k
[196화/라이프애프터] 캠프원들과 게임을 하며 자유로운 시간을 보내겠습니다!,56,2019_07_05,1,0,"모두의 게임 놀이터, 푸고미TV",961,https://www.youtube.com/watch?v=UB3i8KtN5x8
"[라이프애프터] 18화(시즌2 마지막) 버닝나이트세트, 농기구제작대(설참)",100,2019_07_06,3,1,잡다한펭귄,0,https://www.youtube.com/watch?v=cCQ2s36jVo8
[라이프애프터 #10] 청금강 앵무새 & 호화 대리석 수족관 후기 & 사용법,480,2019_07_07,7,0,게임쟁이 범쿠룽,186,https://www.youtube.com/watch?v=ye6mlkbmruo
라이프애프터(明日之后）—지하실 독가스에 겨우 살아남 #복수01,"3,113",2019_07_08,24,3,TOMAX M,703,https://www.youtube.com/watch?v=N70Ktvqb4LA
블러드이글 정말 말이 안 나오네요!!![라이프애프터-LifeAfter][마고],"4,587",2019_07_08,62,11,마고,4680,https://www.youtube.com/watch?v=PIYntW7jQAU
[라이프애프터] 590M #소장판 만 있으면 1시간 안에 전투 숙련도 180만 이상 찍을 수 있다??(feat:#특수감염체),"3,842",2019_07_08,37,2,TV Seogi,2610,https://www.youtube.com/watch?v=X0usgklo5fg
라이프애프터 초대 받은 8장원 집 구경 - 흑백게임,"2,368",2019_07_08,18,1,흑백게임TV,0,https://www.youtube.com/watch?v=z6VTp4rEtgQ
[198화/라이프애프터] 캠프원들과 게임을 하며 자유로운 시간을 보내겠습니다!,51,2019_07_08,1,0,"모두의 게임 놀이터, 푸고미TV",961,https://www.youtube.com/watch?v=Y_-FFwGRGLU
[199화/라이프애프터] 캠프원들과 게임을 하며 자유로운 시간을 보내겠습니다!,62,2019_07_09,3,0,"모두의 게임 놀이터, 푸고미TV",961,https://www.youtube.com/watch?v=QCYfJ5CH5cI
라이프애프터 유탄발사기로 혼란의 도시 약탈 - 흑백게임,"2,707",2019_07_09,23,4,흑백게임TV,0,https://www.youtube.com/watch?v=if0uyV9cU6o
산토파니 처음 가봤는데...[라이프애프터-LifeAfter][마고],"4,371",2019_07_09,77,7,마고,4680,https://www.youtube.com/watch?v=f0B7JRKGx-8
[200화/라이프애프터] 캠프원들과 게임을 하며 자유로운 시간을 보내겠습니다!,104,2019_07_10,4,0,"모두의 게임 놀이터, 푸고미TV",961,https://www.youtube.com/watch?v=AKQT8GxmwOE
라이프애프터 유탄발사기로 좀비 방어전 - 흑백게임,"1,318",2019_07_10,17,1,흑백게임TV,0,https://www.youtube.com/watch?v=8t-2xZlsiZ4
"[라이프애프터 #11] 펫 성격, 습성 설정법 & 강아지, 개 추천! (Feat 허스키)",607,2019_07_10,3,0,게임쟁이 범쿠룽,186,https://www.youtube.com/watch?v=O-i8R3F3XkM
[라이프애프터][UN캠프:까망/달령]다들 너무 시야가 좋으셔ㅠㅠㅠ《달령/lifeafter》,44,2019_07_11,2,0,이루다양Team,102,https://www.youtube.com/watch?v=kcsM1S7CwQI
게임 라이프애프터,52,2019_07_11,14,0,한빛티비,1180,https://www.youtube.com/watch?v=y885IRlhmjc
라이프애프터는 글러먹은 게임입니다.,108,2019_07_11,0,0,Pray Mayer,8,https://www.youtube.com/watch?v=mu0j0dn7i2s
라이프애프터 새로운 엘리베이터 8장원 집 - 흑백게임,"1,520",2019_07_12,17,2,흑백게임TV,0,https://www.youtube.com/watch?v=En5cFz7u8fc
[라이프애프터] 25화 반곡 활 사기!(설참),145,2019_07_13,3,0,잡다한펭귄,0,https://www.youtube.com/watch?v=7mRHLvNcAo0
라이프애프터 #1 튜토리얼 : 좀비게임 처음인 쫄보가 해봅니다! ㅣ 모바일게임추천 ㅣ 게임리뷰,98,2019_07_13,0,0,소녀의 REVIEW LAB,0,https://www.youtube.com/watch?v=654jlZ_-_5s
나 혼자만 사용하기엔 아까워서 공개합니다!!![라이프애프터-LifeAfter][마고],"2,617",2019_07_14,48,2,마고,4680,https://www.youtube.com/watch?v=CLf8GK9az5c
라이프애프터 캠프원 암살작전 - 흑백게임,"1,219",2019_07_14,22,2,흑백게임TV,0,https://www.youtube.com/watch?v=LPSVnrusMnU
유탄발사기 정말 개사기다...![라이프애프터-LifeAfter][마고],"6,786",2019_07_15,88,3,마고,4680,https://www.youtube.com/watch?v=i_yb_--V3No
라이프애프터 유탄발사기로 약탈자 복수하러 가기 - 흑백게임,"2,480",2019_07_15,27,7,흑백게임TV,0,https://www.youtube.com/watch?v=9zRPA8h02FQ
장원 9레벨 채집숙련도 올리는법!!![라이프애프터-LifeAfter][마고],"7,744",2019_07_16,99,2,마고,4680,https://www.youtube.com/watch?v=nxTkzTZS6g4
라이프애프터 유탄발사기 소장판 + 블러드이글 약탈 조합 - 흑백게임,"1,686",2019_07_17,20,2,흑백게임TV,0,https://www.youtube.com/watch?v=ChcDauU7twc
라이프애프터 5레벨 건물 강화 후 9장원 집 변화 - 흑백게임,"2,397",2019_07_18,31,0,흑백게임TV,0,https://www.youtube.com/watch?v=9qrNTm2Fqr8
Resident Evil: Afterlife — Tokyo Destroyed by Purge Bomb,"1,816",2019_07_18,32,0,SC2Hayasui's Sub-Basement,49,https://www.youtube.com/watch?v=hFrhuXLd2os
라이프애프터(明日之后）—辐 射 고 교 11~15층 공략팁,"3,301",2019_07_19,27,0,TOMAX M,703,https://www.youtube.com/watch?v=Ac0--dtbUVw
[라이프애프터] 장원 10레벨 달성~! 이제부터 지갑과 영혼이 털릴 시간이다~!,"4,252",2019_07_19,64,5,TV Seogi,2610,https://www.youtube.com/watch?v=5ouMj84Fw9Q
라이프애프터 드럼통으로 캠프원 암살하기 - 흑백게임,"1,796",2019_07_20,23,2,흑백게임TV,0,https://www.youtube.com/watch?v=CLbSYwJxgn4
라이프애프터 미션챌린지 그리고 평범한 게임플레이,5,2019_07_20,0,0,[아이리스],3,https://www.youtube.com/watch?v=UoFfZs3lP6s
라이프애프터 매일 모든 파츠 +1강화 하는법 - 흑백게임,"1,638",2019_07_21,24,1,흑백게임TV,0,https://www.youtube.com/watch?v=B4xZVoV8OvQ
라이프애프터(明日之后）- 辐射 고 교 16 ~ 20 층 공략팁,"1,192",2019_07_22,14,0,TOMAX M,703,https://www.youtube.com/watch?v=wH5UC2iXJtc
♥캠프라이프♥ 날아라 점프왕! -2부- (라애/라이프애프터),77,2019_07_22,10,0,윤윤튭,160,https://www.youtube.com/watch?v=88Ds97UHwr8
[라이프애프터] Part 1. #산토파니 섬에 UFC 선수 메이웨더 등장??,"4,748",2019_07_22,64,4,TV Seogi,2610,https://www.youtube.com/watch?v=1HP5jbSjpMI
방어전 1등 보상 괜찮은데?![라이프애프터-LifeAfter][마고],"3,538",2019_07_22,52,3,마고,4680,https://www.youtube.com/watch?v=ox-Gb_3ScJU
라이프애프터 페페랜턴 페페 스탠드 및 모든 물품 구매 - 흑백게임,"1,498",2019_07_25,31,1,흑백게임TV,0,https://www.youtube.com/watch?v=WLR32U7gtXk
라이프애프터 #2 해피101 : 마을 탐색하기 ㅣ 모바일게임추천 ㅣ 게임리뷰,82,2019_07_26,0,0,소녀의 REVIEW LAB,0,https://www.youtube.com/watch?v=CbfZQBPDJgs
[라이프애프터] 슈퍼 배합 가챠 뽑기~! 과연 검은 악마를 얻을 것인가??,"7,099",2019_07_27,80,4,TV Seogi,2610,https://www.youtube.com/watch?v=VdEon6P5na4
라이프애프터 9장원 이상 캠프원 집 구경하기 - 흑백게임,"1,127",2019_07_27,14,0,흑백게임TV,0,https://www.youtube.com/watch?v=NfGVYV39lZ0
게임 라이프애프터,10,2019_07_29,3,0,한빛티비,1180,https://www.youtube.com/watch?v=SpiF75krqks
라이프애프터 전투 50렙 검은악마 구매 - 흑백게임,"1,788",2019_07_30,29,1,흑백게임TV,0,https://www.youtube.com/watch?v=SLsX4Gu96W0
게임 라이프애프터,41,2019_07_30,6,1,한빛티비,1180,https://www.youtube.com/watch?v=7T5YLZUW5Q8
라이프애프터 캠프 고급 보급상자 14개 개봉 후기 - 흑백게임,"1,166",2019_08_01,28,0,흑백게임TV,0,https://www.youtube.com/watch?v=v-0_cS7a9Vw
[라이프애프터-LIFEAFTER 明日之後]샤이어쟁탈전 기밀문서 쟁탈 영상,"1,000",2019_08_03,8,15,조커TV,133,https://www.youtube.com/watch?v=1uZM5IerIYI
라이프애프터 10장원 특급 광부 달성 - 흑백게임,"1,312",2019_08_03,28,0,흑백게임TV,0,https://www.youtube.com/watch?v=-IdxZ0zluWE
[220화/라이프애프터] 오늘의 라이프애프터 생존 이야기(생방송),100,2019_08_05,2,0,"모두의 게임 놀이터, 푸고미TV",961,https://www.youtube.com/watch?v=mfG71fmsOPw
라이프애프터 산토파니 미확인 보스 패턴 밎 공략 - 흑백게임,"1,100",2019_08_05,23,0,흑백게임TV,0,https://www.youtube.com/watch?v=JpL6JAOIkBw
라이프애프터 8월 7일 업데이트 상자 전문가 이벤트 - 흑백게임,"1,129",2019_08_06,23,2,흑백게임TV,0,https://www.youtube.com/watch?v=TpZH4TgRxiM
라이프애프터 젤리빈으로 여러가지 실험 - 흑백게임,"1,364",2019_08_07,24,1,흑백게임TV,0,https://www.youtube.com/watch?v=v1E4Kmb_rvU
라이프애프터 뉴비인척 혼란의 도시 체험 - 흑백게임,"2,273",2019_08_09,38,1,흑백게임TV,0,https://www.youtube.com/watch?v=7wJlfAjbJ3Q
라이프애프터 장원 랭킹 2등 집 구경하기 - 흑백게임,"2,330",2019_08_10,39,0,흑백게임TV,0,https://www.youtube.com/watch?v=Ll-Fkp0U4QU
라이프애프터 #3 나만의 집 짓기 : 건축 튜토리얼 ㅣ 모바일게임추천 ㅣ 게임리뷰,71,2019_08_11,0,0,소녀의 REVIEW LAB,0,https://www.youtube.com/watch?v=MmZUjuAFWWE
라이프애프터 상단시장 물품 구매 - 흑백게임,"1,377",2019_08_12,42,2,흑백게임TV,0,https://www.youtube.com/watch?v=DtInfkJDW_U
[라이프애프터] 지옥에서 돌아온 검은 악마로 데테 섬 퀘스트를 깨보자!! Lifeafter,"3,944",2019_08_16,65,4,TV Seogi,2610,https://www.youtube.com/watch?v=1lWtsh1J1PU
라이프애프터 전투 숙련도 올리기 좋은곳 - 흑백게임,"1,319",2019_08_17,24,0,흑백게임TV,0,https://www.youtube.com/watch?v=JdZmMf9g_N4
[라이프애프터 #18] PC! 컴퓨터 키설정 가상키 키보드 키매핑 (앱플레이어),"1,253",2019_08_17,10,0,게임쟁이 범쿠룽,186,https://www.youtube.com/watch?v=XXOBYUwiqTQ
노트10+ 고사양 게임 (라이프애프터),571,2019_08_17,3,0,깽쓰,7,https://www.youtube.com/watch?v=YPt80lbLwzI
11장원 공략! 룸메이트 추천입니다 [라이프애프터 Lifeafter],"1,481",2019_08_17,45,2,린느,1770,https://www.youtube.com/watch?v=NDG1Dp3DTfs
190814 겁쟁이 게임존못의 생존모바일게임 [라이프애프터] (1),100,2019_08_18,8,0,J예진,793,https://www.youtube.com/watch?v=uPKAO7rwyTM
190814 겁쟁이 게임존못의 생존모바일게임 [라이프애프터] (2),136,2019_08_18,8,0,J예진,793,https://www.youtube.com/watch?v=LgDy9MauDps
라이프애프터 m4 스노우로 상단 물자 운송 - 흑백게임,"1,113",2019_08_19,22,0,흑백게임TV,0,https://www.youtube.com/watch?v=D5xi00_wkr8
[라이프애프터] 돈만 있으면 다 되는 세상~! 유리창 콘텐츠의 뒤늦은 합류~!,"2,497",2019_08_21,72,1,TV Seogi,2610,https://www.youtube.com/watch?v=ej15ZqHf_ak
라이프애프터 해피101 내부 확성기에는?? - 흑백게임,"1,463",2019_08_21,34,4,흑백게임TV,0,https://www.youtube.com/watch?v=GRJF8EPZL0k
Afterlife | Review | PSVR - A VR film with an interactive twist!,849,2019_08_21,22,0,THE VR GRID,3050,https://www.youtube.com/watch?v=hs5Gsb6I2uw
Afterlife VR Gameplay (Full Game) PS4,488,2019_08_22,4,1,Optinoob,1460,https://www.youtube.com/watch?v=KFEoN6EZ-YE
"[사후세계 아트 합작] Afterlife - By 1374, FirsGD, YunHaSeu14 (me)",162,2019_08_22,7,0,YunHaSeu,1180,https://www.youtube.com/watch?v=cmO54mLyIWI
라이프애프터 유리벽 100개 들어간 집 공개 - 흑백게임,"1,953",2019_08_22,34,3,흑백게임TV,0,https://www.youtube.com/watch?v=c1MFZIK7-48
"라이프애프터 집, 장원, 유리창, 지붕창, 수영장, 다락방 구경오세요 [라애 Lifeafter]","4,585",2019_08_24,75,0,린느,1770,https://www.youtube.com/watch?v=EXKws5m5EJk
S간지S와 함께 라이프애프터 낸시시티[-Life After-],45,2019_08_31,4,0,광맨찡YT,52,https://www.youtube.com/watch?v=cCKICnBbwPw
라이프애프터 일정 상자 꿀팁 [ 12장원 얼마 안남았다 ] - 흑백게임,"1,117",2019_08_31,28,0,흑백게임TV,0,https://www.youtube.com/watch?v=Yp5V5I2zalA
[라이프 애프터] 하츠캠프 특수감염체 17레벨 도전!,824,2019_09_01,6,0,addd sdhgfh,0,https://www.youtube.com/watch?v=_voRyVkAYTk
존바TV 라이프애프터(글로벌서버)#2 지하실 설명서,"1,587",2019_09_02,25,2,존바TV,0,https://www.youtube.com/watch?v=oLWCyWbWbhw
[라이프애프터] 도사님(?)과 함께한 군사훈련!,106,2019_09_04,13,0,윤윤튭,160,https://www.youtube.com/watch?v=tqlNEmmW1UA
라이프애프터 신작게임 오늘도 우라라 원시 공략 [ 영웅급 펫 획득 ] - 흑백게임,"10,677",2019_09_12,40,7,흑백게임TV,0,https://www.youtube.com/watch?v=xivJKOmEzHE
[라이프애프터 #21] 주민위탁 짤막 팁,583,2019_09_17,0,0,게임쟁이 범쿠룽,186,https://www.youtube.com/watch?v=bsCtOdrbM2U
[라이프애프터] 죽음의 고교 Lv.1-3,746,2019_09_18,13,1,잡다한펭귄,0,https://www.youtube.com/watch?v=4X-233MQE5w
[라이프애프터] 자원을 안전하게 보관할 수 있는 지하 금고 서비스 Part.1 : 기본편,"4,768",2019_09_18,93,1,TV Seogi,2610,https://www.youtube.com/watch?v=HSMK5w_Tfxw
[라이프애프터] 나노소재 활용 가이드,642,2019_09_18,15,0,Yaco,217,https://www.youtube.com/watch?v=KsUZocD1plc
[라이프애프터] 레드우드 마을 탐색 상자 대공개~!,"2,857",2019_09_19,67,0,TV Seogi,2610,https://www.youtube.com/watch?v=nshAri1QtQ4
[라이프애프터] 장비를 한층 더 강화시키는 법 : 현질! 진급 시스템과 소재 변환기 소개 영상,"3,044",2019_09_20,56,0,TV Seogi,2610,https://www.youtube.com/watch?v=U3O14m8bVVU
[라이프애프터] 다테 섬 안에서 펼처지는 산뜻한 모험! 산토파니 거점 전투 공략!,"3,019",2019_09_22,73,0,TV Seogi,2610,https://www.youtube.com/watch?v=YJk7S1esC-4
[라이프애프터] 레드우드 미확인 생물은 유령 신부~! 그러나 그보다 더 무서운 것은??,"1,988",2019_09_22,65,1,TV Seogi,2610,https://www.youtube.com/watch?v=XKT5d7kdUwE
[라이프애프터] 저격총의 끝판왕~! 스페츠나츠도 한방에 뚫린다는 AWM(에땁) 리뷰~!,"4,053",2019_09_25,65,3,TV Seogi,2610,https://www.youtube.com/watch?v=flyyIo8in80
"[라이프애프터-LIFEAFTER 明日之後]방사능고교,오래된항구고교,death high 53층 공략",443,2019_09_25,0,2,조커TV,133,https://www.youtube.com/watch?v=8X1sgXM5v5Q
[라이프애프터]미스카대학 한입베어s 캠프 홍보 영상 #1 - 소개,391,2019_09_25,8,0,"모두의 게임 놀이터, 푸고미TV",961,https://www.youtube.com/watch?v=GanSRjVR04o
[라이프 애프터] A2 스노우 특감전 영상,"2,001",2019_09_26,18,0,addd sdhgfh,0,https://www.youtube.com/watch?v=m9n8lx3HHek
존바TV 라이프애프터(글로벌서버)#8 MT.WOLF 등반하자!,614,2019_09_26,16,0,존바TV,0,https://www.youtube.com/watch?v=ULegONkw-gs
[라이프애프터 #22] 지하금고 파헤치기!,"1,432",2019_09_26,18,0,게임쟁이 범쿠룽,186,https://www.youtube.com/watch?v=mOjsFdmXfGU
[라이프애프터] 지갑 털며 손에 넣은 A2 소총 소장판 리뷰~!,"4,794",2019_09_28,76,3,TV Seogi,2610,https://www.youtube.com/watch?v=hT7Vjylj8Wk
[라이프애프터] 눈치 게임 끝판왕~! 한대 치고 역전하기~! 잠입 작전 소개~!,"2,840",2019_09_29,68,1,TV Seogi,2610,https://www.youtube.com/watch?v=WIV4y5Bapu0
"[라이프애프터] 시장이었던 캠프를, 반년만에 가면 알아볼까..?! (+레드우드 탐방기!)","8,323",2019_10_01,97,6,감쟈,32800,https://www.youtube.com/watch?v=99_Rl7Kgmws
[라이프애프터] 최종 병기 AWM 맥공 소장판! 저격수의 시대가 도래할까?,"2,767",2019_10_08,74,0,TV Seogi,2610,https://www.youtube.com/watch?v=prGuvCCIDJs
"A2, 짧은기관단총, M4 무기 비교! 12장 무기 후기 [라이프애프터 Lifeafter 린느]","2,575",2019_10_11,57,4,린느,1770,https://www.youtube.com/watch?v=GOQHZhAGFIk
타보로 리뷰!! [라이프애프터],86,2019_10_12,7,0,잡다한펭귄,0,https://www.youtube.com/watch?v=rOrfyk7Eaak
라이프애프터 초보 랑 게임,17,2019_10_15,1,0,별의밤,5,https://www.youtube.com/watch?v=t8DnmZ6M66k
야...이거 업뎃이ㅋㅋ [라이프애프터],65,2019_10_15,6,0,잡다한펭귄,0,https://www.youtube.com/watch?v=QrSCZxfcgFo
"[라이프애프터] 경마, 눈싸움?? 10월 16일 새로운 콘텐츠 업데이트!","1,235",2019_10_16,42,3,TV Seogi,2610,https://www.youtube.com/watch?v=1qnap14-c7I
[라이프 애프터] 특수감염체 17레벨 클리어!,442,2019_10_20,5,0,addd sdhgfh,0,https://www.youtube.com/watch?v=Nj0ciWR7OhE
[라이프애프터] 눈싸움 하다가 정신이 폭발할 수도 있습니다!!,"1,737",2019_10_20,47,2,TV Seogi,2610,https://www.youtube.com/watch?v=74D_CxMDl6k
AFTER LIFE! NEW MOBILE GAME! LIVESTREAM on OnePlus 6T!!,3,2019_10_21,1,0,Yang Gang,54,https://www.youtube.com/watch?v=JM6lKZ60f-E
"[애프터라이프] 사신 육성 판타지, AFTER L!FE 공식 PV","207,673",2019_10_22,2300,35,HANGAME / 한게임,8930,https://www.youtube.com/watch?v=CAalUCNNkgo
After Life game,6,2019_10_23,1,0,Sylvester Meruan,1,https://www.youtube.com/watch?v=CoXvgcvqp_U
[267화/라이프애프터] 푸고미가 운영하는 캠프! 한입베어s의 동료가 되실 분을 찾습니다!,128,2019_10_23,9,0,"모두의 게임 놀이터, 푸고미TV",961,https://www.youtube.com/watch?v=Vq7Mj10rzO8
[생방] ☆콜 오브 듀티 시청자 참여 게임(with 라이프애프터)☆,920,2019_10_23,23,0,TV Seogi,2610,https://www.youtube.com/watch?v=Agx3Z5GqHjE
【애프터라이프】사신의 방 대사 총모음!!! (역대급 초호화 성우진) / AFTER L!FE,"70,207",2019_10_23,1500,23,레키엔 스튜디오,554,https://www.youtube.com/watch?v=1fzCUtAwtBw
O QUE ACONTECEU COM JAZZGHOST DEPOIS QUE ELE MORREU? - Afterlife: The Game,"415,197",2019_10_26,36000,421,Jazzghost,8910000,https://www.youtube.com/watch?v=dDhR9heQKWo
라이프애프터/1화 보통 생존게임과는 다르다,24,2019_10_26,0,0,후봄,3,https://www.youtube.com/watch?v=b1dvQxo9eYQ
【애프터라이프】사신 집중탐구 총모음!!! (5초 광고) / AFTER L!FE,"49,754",2019_10_28,1000,59,레키엔 스튜디오,554,https://www.youtube.com/watch?v=t4iC4MxegDs
Nyobain Game After Life ( Hah ) !!,96,2019_11_10,1,1,Bayu Games,8,https://www.youtube.com/watch?v=XTKJxI7NdJ4
Endgame Deleted Scene Shows Us Tony In The Afterlife,"3,811,576",2019_11_13,43000,2300,Looper,4940000,https://www.youtube.com/watch?v=nPHRjjuIwe4
새로나온 신작게임 애프터 라이프! 성우진이 대박인데??/신작리뷰,402,2019_11_20,3,1,ღ해륜찌,98,https://www.youtube.com/watch?v=OUddz7mXNDo
[애프터 라이프] 191120 애프터라이프 출시 기념 스페셜영입 가챠 80연! SSR 퀸시 등장,"5,320",2019_11_21,46,4,가헌,33,https://www.youtube.com/watch?v=xYdeRtbCsm8
애프터라이프(After Life) 간단 리뷰 + 게임 플레이 영상,"5,553",2019_11_21,81,1,겜조TV,3890,https://www.youtube.com/watch?v=di2HBsZqyYc
애프터라이프 가챠 280연 도부ㅋㅋ 이게 겜이냐!!! 【애프터라이프 After L!fe】,"7,400",2019_11_21,0,0,Moarin Channel 【541 E&C】,5550,https://www.youtube.com/watch?v=oHKP1RUztEw
가챠 280연 도부! 이렇게 망할 수 없다 【신작 여성향 모바일 게임 애프터라이프】,"8,567",2019_11_22,0,0,Moarin Channel 【541 E&C】,5550,https://www.youtube.com/watch?v=GrIbiZH7U6M
[애프터라이프] 10연 뽑기 (플레이어 개빡주의),"1,841",2019_11_26,15,5,샤유,20,https://www.youtube.com/watch?v=EdSAvdyN0c0
[애프터라이프] 191128 첫번째 영입이벤트 : 청월제 90연 가챠돌리기! SSR 루이얻으려고 돌렸는데 너가 왜 나와...? #2,"4,490",2019_11_28,60,2,가헌,33,https://www.youtube.com/watch?v=0tcaIK6SFf8
애프터라이프(After Life) 캐릭터 소개,"1,074",2019_11_28,14,1,좋은아침,227,https://www.youtube.com/watch?v=kdfM42H3DB4
오늘은 애프터라이프를 해보았습니다[게임리뷰],102,2019_11_30,2,0,youTube칠피아,237,https://www.youtube.com/watch?v=_TxP-HnP-U8
애프터라이프 - 모리R3 퍼스널 스토리 [소원을 말해봐],471,2019_11_30,8,1,이름,20,https://www.youtube.com/watch?v=TIAL6Nq3sPU
[애프터라이프] 플레이 영상!!!,"3,670",2019_12_01,36,5,샤유,20,https://www.youtube.com/watch?v=_8thPPkeNk8
[GameWithU]사신을키워보자! 애프터라이프#2,549,2019_12_01,8,1,셩셩,14,https://www.youtube.com/watch?v=2uFQeG1zKVs
자살작으로 주민위탁 빠르게 정복해보자! 좀비게임 라이프 애프터 초보자 팁,"1,183",2019_12_02,32,0,배틀TV,16000,https://www.youtube.com/watch?v=roUf0aSwCBQ
"[라이프애프터] 금요일 일정 보상, 토요일 3시까지 안 받고 버텨도 20%의 숙련도를 더 받을 수 없다 - 라애 초보자 가이드 #6",215,2019_12_03,7,0,"모두의 게임 놀이터, 푸고미TV",961,https://www.youtube.com/watch?v=_dzoeO7zOe0
[297화/라이프애프터] 현재 미스카대학 한입베어s 캠프원 모집중입니다!(방어전 있는 날),113,2019_12_04,5,0,"모두의 게임 놀이터, 푸고미TV",961,https://www.youtube.com/watch?v=c7yZte2Wmgc
애프터라이프 - 유세프SR1 퍼스널 스토리 [청월제의 밤],455,2019_12_04,12,1,이름,20,https://www.youtube.com/watch?v=EMIkeMOyUaQ
[애프터라이프]그냥 우정포인트 탕진하는 영상,38,2019_12_04,1,0,민홍차H,32,https://www.youtube.com/watch?v=1C4HIynQqPw
애프터라이프 - 모리N1 퍼스널 스토리 [그가 사는 방법],279,2019_12_04,7,0,이름,20,https://www.youtube.com/watch?v=lzOHKEmcak0
애프터라이프 - 모리R1 퍼스널 스토리 [소호비망록],316,2019_12_04,9,0,이름,20,https://www.youtube.com/watch?v=IoRGnqCuU5Q
애프터라이프 - 루이R1 퍼스널 스토리 [영원한 왕자님],461,2019_12_04,6,1,이름,20,https://www.youtube.com/watch?v=Rl2Uljw_s5A
이마트에서 원혼정화하는 애프터라이프 사신들,147,2019_12_04,6,0,Ichigo Doriya,382,https://www.youtube.com/watch?v=rxMumBrnBLo
[298화/라이프애프터] 푸고미가 운영하는 캠프! 한입베어s의 동료가 되실 분을 찾습니다!,99,2019_12_05,6,0,"모두의 게임 놀이터, 푸고미TV",961,https://www.youtube.com/watch?v=FRyKy3Zxfmg
라이프애프터(明日之后）— 중섭 12.05 업데이트,728,2019_12_05,18,0,TOMAX M,703,https://www.youtube.com/watch?v=jMxEZIgo4Is
[애프터라이프] 플레이 영상 (도중에 코인(?)이 없어 끊깁니다 ㅠ),148,2019_12_05,5,1,샤유,20,https://www.youtube.com/watch?v=GzsyEFWX5uY
[라이프애프터] 청랑 특감 보스 18레벨 첫도전! 드론X (191205),100,2019_12_05,5,0,꿀찬,4,https://www.youtube.com/watch?v=f6B9so3CCGQ
애프터라이프#망설이지마스토리#베린이귀여워,251,2019_12_06,7,2,귀여운하온공두,138,https://www.youtube.com/watch?v=zjjQ3Y20QUg
[애프터라이프] 플레이영상!!! 벌써 이벤트 마지막날이네요 ㅠㅠㅠ,317,2019_12_06,6,1,샤유,20,https://www.youtube.com/watch?v=mR2r9Ot767U
[애프터라이프] 요망한 노아;; 그냥 말하는 것 자체가 플러팅임 (cv.김영선),219,2019_12_06,4,0,샤닝샤이링,54,https://www.youtube.com/watch?v=oUodTmwXOUU
유튜브 알고리즘(?)은 날 불러오게 하였다{애프터라이프},131,2019_12_06,9,0,패럿TV,70,https://www.youtube.com/watch?v=SLowfwA2K8M
[애프터라이프] 스폐설 10연뽑기!!!,436,2019_12_07,5,0,샤유,20,https://www.youtube.com/watch?v=IzN3ujg5v_0
[GameWithU]사신을키워보자! 애프터라이프#5,389,2019_12_07,5,0,셩셩,14,https://www.youtube.com/watch?v=TR-5CB40Mjc
[애프터라이프]불신의 경매 이벤트 스토리1~5,330,2019_12_07,11,2,시에라엘,8,https://www.youtube.com/watch?v=7bmq2izi0ic
[300화/라이프애프터] 현재 미스카대학 한입베어s 캠프원 모집중입니다!(방어전 있는 날),145,2019_12_07,5,0,"모두의 게임 놀이터, 푸고미TV",961,https://www.youtube.com/watch?v=ssZfmKkNPNA
[애프터라이프] 191207 마일리지로 SSR 확정권들 얻기,"1,291",2019_12_07,22,1,가헌,33,https://www.youtube.com/watch?v=hZhlAM2gH5E
[ 라이프애프터 ] 횟불집회 - 사연 한가지,79,2019_12_07,5,0,미호,65,https://www.youtube.com/watch?v=z5mCGnVT5p8
애프터라이프게임 카티캐릭터 영상@,18,2019_12_07,0,0,지케츠,0,https://www.youtube.com/watch?v=3bfIzWIzvfY
[애프터라이프] 10연 뽑기!!! (자막 O),581,2019_12_07,14,0,샤유,20,https://www.youtube.com/watch?v=_MrOun_OJsY
라이프애프터[혼란의도시]_희골 체이서 탐방기(1부),117,2019_12_08,3,8,정크,39,https://www.youtube.com/watch?v=sNtXhmGePgY
[GameWithU]사신을키워보자! 애프터라이프#6,195,2019_12_08,3,0,셩셩,14,https://www.youtube.com/watch?v=vCa-sExnnno
야수피작+산토거점첫경험 [라이프애프터],312,2019_12_08,15,0,J예진,793,https://www.youtube.com/watch?v=05Y5WX2xrFY
[애프터라이프] 유세프 조선시대 세자저하 컨셉으로 그려보자,168,2019_12_08,18,0,첵블,673,https://www.youtube.com/watch?v=8mV9mBUP_ac
Ghostbusters: Afterlife Trailer Reaction!,"277,074",2019_12_09,11000,377,AngryJoeShow,3200000,https://www.youtube.com/watch?v=m4v9sV7t-VU
라이프애프터,8,2019_12_09,0,0,한빛티비,1180,https://www.youtube.com/watch?v=-fQo2tx0qho
애프터라이프 2탄!,56,2019_12_09,4,0,패럿TV,70,https://www.youtube.com/watch?v=9cZFmf218ag
"[라이프애프터] 순찰,군사훈련,현상임무,미스카대학은 우호도가 오를까? - 라애 초보자 가이드 #7",97,2019_12_10,5,0,"모두의 게임 놀이터, 푸고미TV",961,https://www.youtube.com/watch?v=kvzqd9wEP7M
[애프터라이프]소울 포인트 및 이벤트 보급품 탕진show! (2) +짤막 조사 팁,19,2019_12_10,1,0,시에라엘,8,https://www.youtube.com/watch?v=MS36nWsB2FA
[라이프애프터] 룸메와 단둘이 희망의 골짜기를 아무것도 모르는 상태로 가면 이렇게 됩니다 (+2성 +룸메랑 둘이서 +까막눈 푸고미),224,2019_12_11,6,0,"모두의 게임 놀이터, 푸고미TV",961,https://www.youtube.com/watch?v=qgjjmxgmEkQ
[라이프애프터] 희망의 골짜기 공략,633,2019_12_11,15,0,Yaco,217,https://www.youtube.com/watch?v=CyuyijMAB4c
[애프터라이프] 청월제 모리 SR카드 출연!!!,94,2019_12_11,6,0,샤유,20,https://www.youtube.com/watch?v=iaUwoIEEqY4
[라이프 애프터] 늑대의 산 등반!,535,2019_12_11,5,0,addd sdhgfh,0,https://www.youtube.com/watch?v=rtiknJMJBO8
[애프터라이프] SR댁으로 플레이 하자!!!,222,2019_12_11,6,0,샤유,20,https://www.youtube.com/watch?v=bal6JBYudes
[라이프애프터]12장원달성후 2달하고도5일만에 13장원 달성!솔직히 경험치버프같은것이필요하다...(화조새),31,2019_12_11,0,0,화조새,75,https://www.youtube.com/watch?v=dkl4V_VAPWc
[302화/라이프애프터] 캠프 방어전을 마치고 희망의 골짜기 2성을 둘이서 탐방해볼께요:3,148,2019_12_11,1,0,"모두의 게임 놀이터, 푸고미TV",961,https://www.youtube.com/watch?v=cFkuek32Wgg
라이프애프터 피카츄 캠프원 모집,18,2019_12_12,1,0,[라이프애프터]피카츄캠프,3,https://www.youtube.com/watch?v=AoW4wKOIcPo
[애프터라이프]루이를 좋아하는 분들 부럽습니까? 저는 울었습니다...,73,2019_12_12,2,0,시에라엘,8,https://www.youtube.com/watch?v=UhtjNSaaCJw
[애프터라이프] 청월제 뽑아보자!!!,77,2019_12_12,11,0,샤유,20,https://www.youtube.com/watch?v=lb30XzbCDmk
