﻿title,count,date,good_count,bad_count,youtuber,subscriber,url
콜오브듀티 모바일 출시일? 최저사양? Q&A로 대답 해드립니다,"8,854",2019_09_01,91,3,쎄이티비[SsayTV] 게임채널,1730,https://www.youtube.com/watch?v=iY5URGoKADs
LG V50 ThinQ로 「콜 오브 듀티」모바일 해봤습니다ㅋㅋㅋ[넬킨],812,2019_09_01,5,2,넬킨,88,https://www.youtube.com/watch?v=NtLiovEhZV0
콜오브듀티®: 모바일 한글판 신규 트레일러 Full ver,"1,455,423",2019_09_05,921,281,콜 오브 듀티: 모바일,2610,https://www.youtube.com/watch?v=4vcRP57OqMQ
브롤스타즈 바운티의 실사판? 콜오브듀티 모바일! [진우링][콜 오브 듀티],129,2019_09_07,4,2,진우링,37,https://www.youtube.com/watch?v=n1-7geMH-S0
콜오브듀티®: 모바일 한글판 신규 영상 공개,"18,158",2019_09_08,156,7,콜 오브 듀티: 모바일,2610,https://www.youtube.com/watch?v=WmzAabKkw2Q
콜오브듀티 모바일 사전예약 소식 - 모바일게임 / 슈팅게임 [사키엘TV],740,2019_09_09,7,2,사키엘 TV,44600,https://www.youtube.com/watch?v=jIhrucRjL9A
콜오브듀티 모바일 | 아이패드로 하는 풀옵션 배틀로얄 모드 곧 한국도 출시 된다던데?,"2,571",2019_09_13,21,1,ChabunDY 이동연,0,https://www.youtube.com/watch?v=N-tmQSW-MCw
콜오브 듀티 모바일 | 스나와 라플로 50킬을 먼저해라!! 멀티플레이 모드,663,2019_09_16,7,0,ChabunDY 이동연,0,https://www.youtube.com/watch?v=tix3FkITn5M
콜오브듀티 모바일 베타테스트로 남들보다 먼저 플레이하는 방법 (안드로이드 ver),"5,814",2019_09_16,46,3,쎄이티비[SsayTV] 게임채널,1730,https://www.youtube.com/watch?v=q14x2vKsoQQ
[콜 오브 듀티 모바일] 우리가 하던 pc 콘솔 게임 콜오브듀티가 모바일로 나온다고? 모바일에서 제대로 플레이 될까? 지금 사전 등록(예약)중!,136,2019_09_17,6,0,겜뚜껑,1560,https://www.youtube.com/watch?v=wJACrXSVBk8
콜오브듀티®: 모바일 한글판 고퀄리티 영상 공개,"8,132",2019_09_18,87,1,콜 오브 듀티: 모바일,2610,https://www.youtube.com/watch?v=cykMSDAPcws
콜오브 듀티 모바일 10월 2일 출시예정?? 사전예약도 합시다!!,"1,226",2019_09_18,12,0,ChabunDY 이동연,0,https://www.youtube.com/watch?v=Jts6FPDYfRk
콜 오브 듀티 모바일 3인칭,202,2019_09_25,7,1,Rainy luck무뚝뚝한 정민,21,https://www.youtube.com/watch?v=GerdoWhM78o
[콜오브듀티 모바일] CBT 배틀패스 최초 237 레벨 달성! + AK - 47 역대급 스킨!(레드 액션),"1,180",2019_09_25,12,6,최성철[모바일 게임 크리에이터],0,https://www.youtube.com/watch?v=u982wlNVb1U
모바일FPS게임 콜오브듀티 모바일(CBT) 해봤습니다./콜옵모바일『임달푸』,"1,088",2019_09_25,17,2,-임달푸,7770,https://www.youtube.com/watch?v=v2RyiYSWegE
[콜오브듀티 : 모바일] 《CBT 상자깡+로얄패스 구매》+ 짧은 끌어치기 영상,"1,200",2019_09_25,13,7,최성철[모바일 게임 크리에이터],0,https://www.youtube.com/watch?v=OGN9zJeV0aw
콜오브듀티 모바일 | 점령을 해야만 킬 카운트가 증가한다?? 개꿀잼 멀티플레이 모드 '하드 포인트',492,2019_09_26,10,0,ChabunDY 이동연,0,https://www.youtube.com/watch?v=s5X0U8jz9e0
콜 오브 듀티 모바일 리뷰 클로즈 베타 인게임 영상 공개,475,2019_09_26,7,1,대써남후후,1780,https://www.youtube.com/watch?v=Q-PMIcUFijo
콜오브듀티 모바일 특별 보상 받는법! 사전예약 100만 돌파! 신작 흥행예감!,430,2019_09_26,2,0,잼따,3160,https://www.youtube.com/watch?v=-5Vs1VpE7lQ
[콜오브듀티 모바일] CBT 체험기! AK-47 레드 액션 플레이영상!! 스킨 간지 좔좔..,"1,613",2019_09_26,11,9,최성철[모바일 게임 크리에이터],0,https://www.youtube.com/watch?v=1a-JF_Bk6GI
콜오브듀티®: 모바일 시네마틱 영상 공개,"22,789",2019_09_26,130,2,콜 오브 듀티: 모바일,2610,https://www.youtube.com/watch?v=zhZLfz3QGq0
[콜 오브 듀티:모바일] CBT 체험! 감도맞추는중..,167,2019_09_26,0,0,BZone Reas,15,https://www.youtube.com/watch?v=4ZuCi5vlTKY
콜 오브 듀티 모바일 CBT 체험 및 리뷰! 모바일 슈팅 게임 새 역사를 쓸 것인가?,"12,419",2019_09_26,111,9,TV Seogi,2630,https://www.youtube.com/watch?v=f873o879SLs
【 탬탬버린 】 - [속보] 유튜브 녹화만 해놓은 영상이 있다?! 점례도 1등할 수 있는 콜오브듀티 모바일 게임,"117,483",2019_09_27,2300,27,탬탬버린,380000,https://www.youtube.com/watch?v=lDu34_NdNQ4
콜오브듀티 모바일 사전예약 100만 돌파 그비결은!?,36,2019_09_27,2,0,잼따,3160,https://www.youtube.com/watch?v=Odie-ZMB9Bg
콜오브듀티:모바일 모드와 환경설정에 대해 알려드립니다!,"15,120",2019_09_28,54,19,치슈 CHISUETUBE,804,https://www.youtube.com/watch?v=4ib2J1mz9zQ
[게임리뷰]콜오브듀티 모바일 드디어 출시?!,814,2019_09_28,10,2,유툰youtun,461,https://www.youtube.com/watch?v=NLpPjcFhWM0
제가 직접 콜 오브 듀티 모바일을 해보겠습니다,"91,906",2019_09_29,1000,25,Charming_Jo 조매력,575000,https://www.youtube.com/watch?v=YTjOnKarvNY
[콜오브듀티 모바일] 《SR》의 모든것 - 하이라이트 영상 (with 이태리freedom),"4,829",2019_09_29,38,33,최성철[모바일 게임 크리에이터],0,https://www.youtube.com/watch?v=1m9DcdmlvHM
[콜오브듀티모바일] 혹시? 둘다 안햇!! 망겜!!? ㅋㅋ 모바일게임 리뷰 엉아,"7,096",2019_09_30,98,18,엉아 TV,15500,https://www.youtube.com/watch?v=_Il96RkmnRc
게임루프 [콜 오브 듀티: 모바일] 컴퓨터로 시작하기,"8,026",2019_09_30,64,8,Aussie아저씨,2760,https://www.youtube.com/watch?v=F2v8-Z7JhXo
칼만 쓰는 미친놈들 만났습니다.. [콜 오브 듀티 모바일] [콜옵 모바일 정식출시!],"1,196",2019_09_30,28,1,네크 게임유튜브,2180,https://www.youtube.com/watch?v=j9li3VxU00A
모바일 게임인데 그래픽 실화냐?! 콜오브듀티 모바일 드디어 출격!! 5:5가 가장 재밌음 [콜오브듀티 모바일],"214,102",2019_09_30,1900,113,비누TV,449000,https://www.youtube.com/watch?v=tGimxZmDl0k
콜 오브 듀티 모바일 - 너는 라이플이냐 LMG냐? UL736으로 핵쓰기!! [Call of Duty Mobile],"2,253",2019_09_30,29,2,이태리freedom,1570,https://www.youtube.com/watch?v=SSAShWcDssQ
콜오브듀티 모바일 | 오랜만에 했는데 내 손상태가..? 모바일 배틀그라운드랑 확실히 다른 총맛,232,2019_09_30,4,1,ChabunDY 이동연,0,https://www.youtube.com/watch?v=YRgNc1gL9CY
콜 오브 듀티 모바일 리뷰!이게 모바일 게임이라고?엄청난 멀티 플레이!모바일 최강 FPS가 나왔다!두한깡 모바일 게임 리뷰!,166,2019_09_30,6,0,두한깡,3380,https://www.youtube.com/watch?v=9iTHZ2jKwl0
"🔴 (생) 9월의 마지막날. 콜오브듀티모바일 게임중 (콜옵, CODM)",370,2019_09_30,10,1,치슈 CHISUETUBE,804,https://www.youtube.com/watch?v=wjWy1A2cEuU
"🔴 (생) 10월 첫날!!! 콜오브듀티모바일 정식출시!! (콜옵, CODM)","6,196",2019_09_30,34,13,치슈 CHISUETUBE,804,https://www.youtube.com/watch?v=4H5XAR18dUE
콜오브듀티 모바일이 드디어 나왔네요.,245,2019_09_30,4,0,도타치,1400,https://www.youtube.com/watch?v=LxwMUTobg-M
콜오브듀티 : 모바일 (멀티플레이),218,2019_09_30,0,2,Seung-hyun Choe,489,https://www.youtube.com/watch?v=jIac8bf6RUc
콜오브듀티 모바일 | 개꿀잼 점령전!! 킬보다 점령을 우선시!! 개인적으로 가장 좋아하는 멀티플레이 모드 플레이,365,2019_09_30,9,1,ChabunDY 이동연,0,https://www.youtube.com/watch?v=qXM0FoKtYvA
콜오브듀티 모바일 한국 정식 출시!! 해외서버랑 약간 다르다 | 모바일 배틀그라운드랑 양대산맥 등장,"1,097",2019_10_01,15,2,ChabunDY 이동연,0,https://www.youtube.com/watch?v=mtlJrqosjeE
[생] 콜 오브 듀티 모바일 합니다!,"2,175",2019_10_01,23,7,깡상TV,0,https://www.youtube.com/watch?v=gR9GPdlB180
Call of duty Mobile : Scrim / 콜오브듀티 모바일 클랜전 | MaRin 1Day,405,2019_10_01,21,2,1Day,808,https://www.youtube.com/watch?v=RmNGGv_PbP8
[이벤트] 콜오브듀티도 게임패드로 뚜까팬다! (Feat.WASP2 아이패드 Edition),"6,873",2019_10_01,35,2,꿀템조이트론,1060,https://www.youtube.com/watch?v=-LUX_viWj34
[콜오브듀티모바일] 우왕 1등먹었다!!ㅋㅋ 그나저나 그래픽 미쳤다.. 갓겜이 될 수 있을까? 이벤트 한번 진행해야 하나 CALL of DUTY mobile 콜듀모바일,"2,606",2019_10_01,43,3,동네언니 슾햄 SPAM youtube,2820,https://www.youtube.com/watch?v=CF3pEk_yY88
"그래픽, 인정합니다! 콜오브듀티 모바일 실제 플레이영상","2,091",2019_10_01,2,1,인벤,146000,https://www.youtube.com/watch?v=5EojYLjHXts
콜오브듀티) 모바일배그 정복자가 모바일기기로 플레이해봤습니다. 떡상각인데 이거..?,"11,894",2019_10_01,0,0,코삐나,0,https://www.youtube.com/watch?v=u_y9IpD0gT0
콜오브듀티 모바일 - 수색 섬멸 (CoD M),172,2019_10_01,0,0,IcE BlazE,17,https://www.youtube.com/watch?v=JXhsduR74uw
배틀로얄에 좀비가?!!!!!! ㄷㄷ _ 콜오브듀티 모바일 _ CODM,"3,970",2019_10_01,22,10,슬로우TV,9050,https://www.youtube.com/watch?v=GjvZuKiyDNE
'콜 오브 듀티 모바일' 게임을 해봄 | 겜생(GAMELIFE),"2,437",2019_10_01,17,1,겜생,0,https://www.youtube.com/watch?v=bOgNhyOZLNM
모바일게임의 반란!! 콜오브듀티 모바일 리뷰 [#조곤조곤],214,2019_10_01,5,0,원주피카츄,218,https://www.youtube.com/watch?v=GuudKeGpxAI
콜 오브 듀티 모바일 게임 영상 저 이거 시작하자마자 고인물 사람이 되는데 ㅋㅋㅋㅋㅋㅋㅋㅋ,56,2019_10_01,3,1,고승진유튜브,71,https://www.youtube.com/watch?v=4JCsom5Nw_g
[Call of Duty: Mobile/콜 오브 듀티: 모바일]튜토리얼 플레이 영상,41,2019_10_01,2,0,그레이딩고,65,https://www.youtube.com/watch?v=S9mVOQC1Xlg
콜 오브듀티 모바일 총게임,12,2019_10_01,2,0,잘생긴유채민,9,https://www.youtube.com/watch?v=ULsjlmNdh_A
콜 오브 듀티 모바일이 드디어 출시!! AI가 좀..^^ [콜 오브 듀티 모바일],141,2019_10_01,3,0,저는 그런사람 모릅니다,57,https://www.youtube.com/watch?v=FAWpW2JkC08
누적 판매량 1억 시리즈 모바일로 귀환 [ 콜 오브 듀티 모바일 ] - 흑백게임,257,2019_10_01,11,0,흑백게임TV,0,https://www.youtube.com/watch?v=p36cw4-QnSA
모바일게임] 콜오브듀티 출시! 실감나는 타격감과 재미는 덤(설참),63,2019_10_01,13,0,최강일우,502,https://www.youtube.com/watch?v=fa8ALaapxT8
콜오브 듀티 모바일 출시?! SR장인의 매드무비,311,2019_10_01,9,2,Reach[실력파 게임방송],382,https://www.youtube.com/watch?v=ylN8mkUKMG4
콜오브듀티®: 모바일 광고 Full Ver,"383,779",2019_10_01,363,94,콜 오브 듀티: 모바일,2610,https://www.youtube.com/watch?v=wG7g3zfEV8o
(이빨) 콜 오브 듀티 모바일 출시! 멀티 플레이 초반 미친 타격감!,118,2019_10_01,4,0,께름찌케TV,943,https://www.youtube.com/watch?v=NonM0xWRAY4
이게 진짜 모바일 FPS 그래픽?! '콜오브듀티 모바일' 정식출시 플레이! | 키마 공식지원 실화냐?,"30,229",2019_10_01,282,24,알로직,174000,https://www.youtube.com/watch?v=hrZza0A2hWI
콜오브듀티:모바일 스나이퍼장인 플레이영상,385,2019_10_02,8,7,HILKIS 힐키스,103,https://www.youtube.com/watch?v=TQwi4uUbAaU
나오자마자 바로 현질해버리기?! 확실히 무기 디자인이 뭔가 후덜덜 하네;; [콜오브듀티 모바일],"187,542",2019_10_02,2000,128,비누TV,449000,https://www.youtube.com/watch?v=tDkMUvUC3SQ
'콜 오브 듀티 모바일'을 PC로 하는 최고의 방법- 키보드 마우스로 즐겨봐! | 겜생(GAMELIFE),"23,724",2019_10_02,155,127,겜생,0,https://www.youtube.com/watch?v=rNYDJkrNPNA
콜 오브 듀티 모바일 초반 플레이 영상,62,2019_10_02,0,0,겜조TV,3900,https://www.youtube.com/watch?v=qSA-udBqasg
콜 오브 듀티 모바일 출시! | 콜 오브 듀티 매드무비,72,2019_10_02,4,0,p윙커드,226,https://www.youtube.com/watch?v=8rdkbEwC6KI
콜오브듀티모바일은 배틀로얄이 제일 재밌다구요? 네네ㅋㅋㅋ,42,2019_10_02,1,2,나는신섬,6,https://www.youtube.com/watch?v=8C3ISTDAePk
신인 BJ율 드디어 나왔다 콜오브듀티 모바일게임,65,2019_10_02,1,0,BJ율,9,https://www.youtube.com/watch?v=0CHu3pkjWwI
콜오브듀티 모바일 배틀로얄 2편,140,2019_10_02,1,0,기온,0,https://www.youtube.com/watch?v=F6sa902LujY
콜 오브 듀티vs배그 모바일 어떤 게임을 할까?,"1,624",2019_10_02,39,10,sseokue써크,11700,https://www.youtube.com/watch?v=V02x79ZvpV4
콜오브듀티 모바일 슬라이딩과엎드리는법,"1,325",2019_10_02,14,6,문깽비,13,https://www.youtube.com/watch?v=dOq-RbXjNiw
콜오브듀티모바일 에뮬레이터 플레이,87,2019_10_02,3,0,썬일리미트,53,https://www.youtube.com/watch?v=tDkCO1jJAkA
(콜오브듀티 모바일)신규 게임! 바로 가봅시다!,394,2019_10_02,13,0,자류의 게임youtube,2880,https://www.youtube.com/watch?v=nDXYsqeeRgo
[콜 오브 듀티 모바일] 스나이퍼 하이라이트 영상#1 [Call of Duty Mobile],"2,567",2019_10_02,51,2,네크 게임유튜브,2180,https://www.youtube.com/watch?v=pwlqpD7DnA8
로열 크림슨 이라고 들어는봤니?? ㅋㅋㅋ _ 콜오브듀티 모바일 _ CODM,"6,087",2019_10_02,44,10,슬로우TV,9050,https://www.youtube.com/watch?v=R2e8FuuIUcw
이게 모바일 게임 그래픽이라고?? 스페셜 솔져 + 배틀그라운드 = 콜오브듀티 모바일!! 갓겜이 모바일 게임으로 돌아왔다!!,"4,221",2019_10_02,45,13,빠꿈 BGM,22100,https://www.youtube.com/watch?v=Nj8qKOUpIJ4
"콜 오브 듀티 모바일 [Call of duty : Mobile] 시참가능, 친추부터..자꾸 튕겨요","1,485",2019_10_02,24,3,PJH,3160,https://www.youtube.com/watch?v=gz4ZlTDvhzA
[생방송] 콜오브 듀티 모바일 정식 출시 기념 방송분 | 시청자 참여와 시청자랑 함께 하는 대회 컨텐츠,482,2019_10_02,19,1,ChabunDY 이동연,0,https://www.youtube.com/watch?v=FW93RhySfEM
모바일 배그 커스텀 실시간 시참 & 콜오브듀티 모바일,"1,482",2019_10_03,43,5,주말이 좋아 봄이,4340,https://www.youtube.com/watch?v=GDVkAqPHY5U
콜오브듀티 모바일 랭크매치,27,2019_10_03,0,0,권금치,8,https://www.youtube.com/watch?v=1Ni4qioetmE
콜 오브 듀티 모바일 (크로스 파이어) 스나플레이(4K)(QHD),296,2019_10_03,3,1,淸メ프로즌,29,https://www.youtube.com/watch?v=W5EAuRF05gY
콜옵 공식에뮬레이터 설치 및 실행하는 방법 (콜 오브 듀티 모바일 ),"1,918",2019_10_03,9,0,치슈 CHISUETUBE,804,https://www.youtube.com/watch?v=Yg4E93cbZIQ
"콜 오브 듀티 모바일 [Call of duty : Mobile] 시참하실분 친추, 오늘은 오전만!!",249,2019_10_03,11,0,PJH,3160,https://www.youtube.com/watch?v=Cz6kKQv3Bdk
콜 오브 듀티 모바일 스나 고인물같은 초보 36킬 그리고 핵폭탄!?,"1,810",2019_10_03,12,9,공즐TV,76,https://www.youtube.com/watch?v=k9pTORRZvtI
작은 병사 이야기 (콜오브듀티모바일),146,2019_10_03,7,3,낭비.,271,https://www.youtube.com/watch?v=xEWELIV3dKE
콜오브듀티 모바일 4핑거 매드무비,668,2019_10_03,3,3,킬러Gaming,43,https://www.youtube.com/watch?v=bcxc5SslUog
[콜오브듀티모바일] 총없이 칼로 1등하기 도저언 (feat. 좀비) +부활기능 개꿀이다 CALL of DUTY Mobile 칼전 콜듀모바일,641,2019_10_03,16,0,동네언니 슾햄 SPAM youtube,2820,https://www.youtube.com/watch?v=eGVIoFt6BHQ
블랙옵스의 재림ㅣ콜 오브 듀티 모바일 리뷰,90,2019_10_03,3,0,봉리뉴,2950,https://www.youtube.com/watch?v=gIo2HgBGVbk
[콜 오브 듀티 : 모바일] 텐센트 게임루프 키마 플레이,"1,322",2019_10_03,4,10,구삼,80,https://www.youtube.com/watch?v=g91B4Xf3w1I
[콜옵 모바일] 콜오브듀티 모바일 PC에서 하자!,940,2019_10_03,3,0,지지리궁상 궁상전자,19,https://www.youtube.com/watch?v=69T4THoBN_0
[콜오브듀티] 잘 만들었는데.. 재밌는데.. 나사 좀 조이지?,"204,115",2019_10_03,2900,326,지존조세,115000,https://www.youtube.com/watch?v=QWlLyTmHEIM
'콜 오브 듀티 모바일' 개천절 스페셜 한정판 아이템 받음 | 겜생(GAMELIFE),"2,553",2019_10_03,15,1,겜생,0,https://www.youtube.com/watch?v=sx-zrRUBj5A
[콜 오브 듀티 모바일] 이 게임에도 핵이 있다? [갓허달],"1,736",2019_10_03,8,7,갓허달,112,https://www.youtube.com/watch?v=frGbkD4gDKw
[콜오브듀티모바일] 오랜만에 일겜[현 랭킹 4등] 셤 공부 힘들다,913,2019_10_03,6,0,DEVIL iOS,317,https://www.youtube.com/watch?v=gRkJIB2QMkg
"콜 오브 듀티 모바일 [Call of duty : Mobile] 시참가능, 친추부터 해주세요",81,2019_10_03,12,0,PJH,3160,https://www.youtube.com/watch?v=NbkDR477fmY
콜오브듀티 모바일 갓겜이라구? 해봐야지ㅣ일눈,234,2019_10_03,13,1,일눈,2000,https://www.youtube.com/watch?v=5tR0TXvbzlI
프로 구간 랭크 플영 |콜오브듀티 모바일|,"1,747",2019_10_03,18,0,DEVIL iOS,317,https://www.youtube.com/watch?v=K7N04elz8bg
콜 오브 듀티 모바일 - 배틀 로얄 모드 치킨을 먹어 보자 ! Call of Duty Mobile : First Battle Royale Win,420,2019_10_03,13,0,JACK TV,36000,https://www.youtube.com/watch?v=vE7XL_fvK30
[콜듀모바일] 한 번 저격수는 영원한 저격수? 콜 오브 듀티 모바일 저격수 플레이!,"10,081",2019_10_03,98,9,TV Seogi,2630,https://www.youtube.com/watch?v=01ijmcw0rzk
[ 콜 오브 듀티 ] Call of Duty Mobile공방 유저가 알려주는 킬뎃오르는 꿀팁 제 2탄 크래시 맵에서 이쪽만 먹으면 킬뎃 대폭 상승?!?!,930,2019_10_04,5,6,캔유CanYou,1160,https://www.youtube.com/watch?v=HW9jGpWh4sE
콜 오브 듀티 모바일 3핑거 자이로 플레이 영상 !,"1,762",2019_10_04,5,3,Dory두리,2100,https://www.youtube.com/watch?v=d6pUBfPHKu0
(콜오브 듀티 모바일) 랭크매치 베테랑 달성!!,107,2019_10_04,4,0,행도,39,https://www.youtube.com/watch?v=2thGA9IyrYQ
콜오브듀티 모바일 샷건맨 활약+팀운의 중요성,126,2019_10_04,4,0,HAVI하비,0,https://www.youtube.com/watch?v=K-wArdAjBGY
콜옵모바일 ADS? 비조준? 키배치와 감도 모두 알려드립니다 (콜오브듀티모바일 ),"24,884",2019_10_04,98,14,치슈 CHISUETUBE,804,https://www.youtube.com/watch?v=fAF4C7BvDfI
'콜 오브 듀티 모바일' 즐겜러 겜생이의 솔로 플레이 | 겜생(GAMELIFE),200,2019_10_04,3,1,겜생,0,https://www.youtube.com/watch?v=1cWry9LxXcs
[콜오브듀티 모바일 리뷰] FPS 대작! 솔직 꼼꼼 리뷰!,611,2019_10_04,13,0,세즈테르,7630,https://www.youtube.com/watch?v=yrQMF9TACxY
칼(나이프) 하향 안하냐?? 크레이지 나이프~도랏!! 콜오브듀티 모바일 _ CODM,995,2019_10_04,14,1,슬로우TV,9050,https://www.youtube.com/watch?v=ko5iuouplZ8
콜오브듀티 모바일 랭커 실현 기적의 1대5 Montage #1,"1,157",2019_10_04,7,1,실현,4,https://www.youtube.com/watch?v=o7wHKKI__p4
[콜오브듀티 모바일] 배틀로얄 첫판부터 로켓포먹고 1등했습니다ㅋㅋ,90,2019_10_04,5,0,빅현,30,https://www.youtube.com/watch?v=43Abs6q2b5k
콜오브듀티 모바일 4핑거 ak유저 플래이,"1,087",2019_10_04,3,1,킬러Gaming,43,https://www.youtube.com/watch?v=WdZGxyL4ljQ
드디어 모바일 에서 탱크를 만났습니다!! [콜오브듀티 모바일],"25,039",2019_10_04,690,106,준등,257000,https://www.youtube.com/watch?v=ofHqBrsy4Ow
"모배,브롤,콜오브듀티모바일 등 각종모바일게임 핵 최저가판매","1,627",2019_10_04,7,10,핵 판매각종,5,https://www.youtube.com/watch?v=7Ga2Xnu5Ik8
콜오브듀티:모바일 우지(uzi) 플레이,139,2019_10_04,0,3,HILKIS 힐키스,103,https://www.youtube.com/watch?v=erac7yqMMOI
무시무시한 중국의 개발력의 결정체 콜오브 듀티 : 모바일,"33,001",2019_10_04,591,30,흑열전구,105000,https://www.youtube.com/watch?v=_kfE17wL55s
모바일 게임 콜 오브 듀티 ! Call of Duty Mobile,116,2019_10_04,3,0,JACK TV,36000,https://www.youtube.com/watch?v=lK2-SF3jGlE
[콜오브듀티모바일] 현질은 언제나 짜릿해 흑우의 길 배틀패스 구매해봤습니다 음.. 뭐.. 네 멋있네요 CALL of DUTY mobile 콜옵 콜듀모바일,"1,990",2019_10_04,38,0,동네언니 슾햄 SPAM youtube,2820,https://www.youtube.com/watch?v=ehTp_8KFAvM
[콜오브듀티 모바일] 콜오브 듀티도 정복했다!!! 안하면 손해라는 세팅은 과연??,"51,796",2019_10_04,223,86,BaBa TV,1500,https://www.youtube.com/watch?v=1t3zb7RA2Q8
랭커들도 쓰는 국민총? 여러분 이거 쓰세욧!!! 근데 이 총 무료임 ㄷㄷㄷ[콜오브듀티 모바일],"112,771",2019_10_04,1400,88,비누TV,449000,https://www.youtube.com/watch?v=ojWSeaPwPok
콜오브듀티 모바일 스텔스 헬리콥터 소환,"1,576",2019_10_04,9,0,파실리,167,https://www.youtube.com/watch?v=191EgkzB3Ho
1분강의 콜오브듀티 모바일 랭킹전 사기총?!?!?? 콜오브듀티 모바일,226,2019_10_05,2,2,익큘러스,5,https://www.youtube.com/watch?v=RKFzjSQM0go
"[콜오브듀티모바일] 배틀로얄 초보자 가이드#1 : 합법적 월핵 클래스 ""정찰병""","5,198",2019_10_05,46,4,TV Seogi,2630,https://www.youtube.com/watch?v=Gk3LCagTzWI
콜오브듀티 모바일 팀데스매치 플레이,284,2019_10_05,21,2,심심한거싫어하는 사람,361,https://www.youtube.com/watch?v=GlyrHOnlL7k
[콜 오브 듀티 모바일] AK47 매드무비!,"1,341",2019_10_05,17,2,민호 유튜브,1450,https://www.youtube.com/watch?v=rCpbr0IFe8M
FHJ-18 사용법! 숨겨진 고득점 보조무기? (콜오브듀티모바일),"50,045",2019_10_05,429,18,낭비.,271,https://www.youtube.com/watch?v=uGdPyfHVcUs
콜오브듀티 모바일 돌격소총으로 하드캐리 해버리기,130,2019_10_05,3,0,Des_르블랑,703,https://www.youtube.com/watch?v=UhDlbq8qOEk
얼굴공개 하라며... 접속 안하는거 실화?! feat.콜오브듀티 모바일,157,2019_10_05,10,0,키즐TV,1720,https://www.youtube.com/watch?v=2_-V0hIOD14
"콜 오브 듀티 모바일 [Call of duty : Mobile] 아이ㅣ패드 유선 이더넷 테스트중, 게임은 저녁에",51,2019_10_05,8,0,PJH,3160,https://www.youtube.com/watch?v=lrISfkE1F64
[키즐TV 라이브] 콜오브듀티 모바일! 사령부 행정병의 실력을 보여주마! feat.민방위 2년차,127,2019_10_05,11,0,키즐TV,1720,https://www.youtube.com/watch?v=zZ_rcnVv_0g
콜오브듀티 모바일이 매칭분리를 서둘러야 하는 이유,114,2019_10_05,0,1,망상,41,https://www.youtube.com/watch?v=If3eOo2Fkrc
박시후 예 게임 콜오브듀티모바일 게임,24,2019_10_05,1,1,박시후은미,1,https://www.youtube.com/watch?v=e1Uq05YoKvg
노트9으로 콜오브듀티모바일을 해보았습니다,174,2019_10_05,4,1,글쿤튜브,164,https://www.youtube.com/watch?v=N3b9Ut5Svns
여기서도 상자를 까다니... 지갑전사의 숙명인가!! 근데 이게 바로 나온다고?! 에픽무기가 진짜 나와버렸습니다!! [콜오브듀티 모바일],"128,600",2019_10_05,1500,99,비누TV,449000,https://www.youtube.com/watch?v=aCoihkIE-kA
[콜오브듀티 모바일] 집사의 게임 리뷰 # 1 - CALL of DUTY : Mobile 리뷰,823,2019_10_05,30,1,BUTLER GAMING,2080,https://www.youtube.com/watch?v=WCZkTpoEzdE
[콜오브듀티모바일] 프로구간에서 즐겜이란?,403,2019_10_05,6,0,DEVIL iOS,317,https://www.youtube.com/watch?v=1Gkcyk7EByw
콜 오브 듀티 모바일 - 입문자 분들께 드리는 팁 + 개인설정 공개!,"34,347",2019_10_06,262,16,이태리freedom,1570,https://www.youtube.com/watch?v=moIfT_IuQUo
[콜 오브 듀티 모바일] 닌자메타 실화냐 ㅋㅋㅋㅋ 하이라이트 #2 [Call of Duty Mobile],"1,697",2019_10_06,42,1,네크 게임유튜브,2180,https://www.youtube.com/watch?v=Owt01J6k6P4
누구나 얻을수 있는 개사기 총 얻는방법!!|[콜오브듀티 모바일],"41,695",2019_10_06,237,68,sseokue써크,11700,https://www.youtube.com/watch?v=AnF96yXYXgA
긴급 제 1회 시청자 참여 콜 오브 듀티 모바일 대회 1라운드 수색모드 | 3대3 콜오브 듀티 모바일 대회를 ㅋㅋ,244,2019_10_06,10,1,ChabunDY 이동연,0,https://www.youtube.com/watch?v=w0zPWAgErj8
"콜 오브 듀티 모바일 [Call of duty : Mobile] 아이패드,유선인터넷, 시참가능,유튜브로 신청주세요",919,2019_10_06,13,0,PJH,3160,https://www.youtube.com/watch?v=x3txVcQktbU
찰리의 첫 콜오브듀티 모바일 (CALL OF DUTY MOBILE) 시청자 참여 생방송 - 시청자분들 다 들어오세요!!,"2,837",2019_10_06,0,0,찰리의 트루먼쇼,61400,https://www.youtube.com/watch?v=KR_JGGh3R44
콜오브듀티에서 상자를 보내줬습니다.. 현질해서 보내준건가..?! 근데 내용물 대박인데!?!!! [콜오브듀티 모바일],"83,872",2019_10_06,1500,55,비누TV,449000,https://www.youtube.com/watch?v=SXxeFDa9kFk
콜오브 듀티 모바일 매드무비#1(킬하이라이트),79,2019_10_06,2,1,MS카루,45,https://www.youtube.com/watch?v=8gHNoy0WFUI
[콜오브듀티 모바일] 크로스파이어 맵 공략,541,2019_10_06,4,0,잡동사니게임,40,https://www.youtube.com/watch?v=BVt-ReogLZ4
[콜오브듀티모바일] 95발의 넉넉한 탄창으로 무차별 난사! M4 경기관총 리뷰!,"7,452",2019_10_06,75,4,TV Seogi,2630,https://www.youtube.com/watch?v=3n5oLNosrgg
콜오브듀티 모바일[제페 무작위:전술핵],282,2019_10_06,2,0,duo man,1140,https://www.youtube.com/watch?v=VdWSN9DCZEQ
"콜 오브 듀티 모바일 (Call of Duty Mobile) : 마스터 티어 달성!! (노키마, 4핑거, 배틀로얄, 랭커, 짱짐)","3,423",2019_10_06,21,0,짱짐,12700,https://www.youtube.com/watch?v=SzFzSsvX_QQ
모바일콜오브듀티 모바일 플레이CALL OF DUTY Play GAMES #8,28,2019_10_06,0,0,Bro SA,0,https://www.youtube.com/watch?v=kfHHYvxg39w
BR솔쿼드 보스 잡으러 가즈아~ _ 콜오브듀티 모바일 _ CODM,708,2019_10_07,6,1,슬로우TV,9050,https://www.youtube.com/watch?v=TpTnFUWv3cg
[콜오브듀티 모바일] 이거 ㄹㅇ 꿀팁!!! 어떤 모드에서 어떤 퍽을 써야할까?,"6,075",2019_10_07,56,2,BaBa TV,1500,https://www.youtube.com/watch?v=SGTCXLN5Yew
"콜 오브 듀티 모바일 헬기,자동차 탑승, 집라인 체험, 베틀로얄",109,2019_10_07,3,0,성훈제,7,https://www.youtube.com/watch?v=D0hJ78Hnvkk
이거 너무 사기인데..? 정식 에뮬레이터로 키보드 마우스 써봤는데 진짜 편합니다.. [콜오브듀티 모바일],"98,472",2019_10_07,1100,71,비누TV,449000,https://www.youtube.com/watch?v=QrFoIXWhj5c
콜 오브 듀티 모바일 [Call of duty : Mobile] (22시부터 24시까지)시참은 친추후 유튜브에서 신청주세요,101,2019_10_07,12,1,PJH,3160,https://www.youtube.com/watch?v=CixwSRpoFnE
콜 오브 듀티 모바일 [Call of duty : Mobile] (22시부터 24시까지)시참은 친추후 유튜브에서 신청주세요,160,2019_10_07,12,1,PJH,3160,https://www.youtube.com/watch?v=2bYq3yocvtE
콜 오브 듀티 모바일 [Call of duty : Mobile] (4시부터 6시까지)시참은 친추후 유튜브에서 신청주세요,76,2019_10_07,11,0,PJH,3160,https://www.youtube.com/watch?v=nAxA_7f-o3w
콜오브 듀티 모바일 사기 무기!! +짧은 매드무비,167,2019_10_07,10,2,가드,990,https://www.youtube.com/watch?v=OtZkzAXohbA
(손캠) 콜오브듀티 모바일 우지로 탈탈 털어버림,887,2019_10_07,4,2,모바일게임채널팀킬,159,https://www.youtube.com/watch?v=6h7XqwIc9i4
왜 다들 내 총알을 안 피하지? - 콜오브듀티 모바일 - 겜브링(GGAMBRING),"102,452",2019_10_07,1200,62,겜브링 GGAM BRING,891000,https://www.youtube.com/watch?v=XNdVHlgNKbU
키마 도대체 뭐가 문제인가? 알아보자 _ 콜오브듀티 모바일 _ CODM,"4,019",2019_10_08,18,7,슬로우TV,9050,https://www.youtube.com/watch?v=e3O207lQToc
[콜 오브 듀티 모바일] 핵무기로 팀 승리를 이끌어 봅시다!,544,2019_10_08,6,1,지지리궁상 궁상전자,19,https://www.youtube.com/watch?v=iqC04AVR2qE
콜오브듀티 모바일 총 리뷰 이런 사기총이!!!,331,2019_10_08,6,2,비장,5,https://www.youtube.com/watch?v=-E2MkZrJjgk
콜오브듀티 모바일 공략 나만 믿고 따라와~ I 모바일 설정 I 배틀그라운드 모바일 아님,823,2019_10_08,71,0,똑딱e DDokDDak,0,https://www.youtube.com/watch?v=baGWEMdljWA
콜오브듀티 모바일 스나이퍼 하드캐리 영상,64,2019_10_08,2,1,Des_르블랑,703,https://www.youtube.com/watch?v=uCX-cNCeYWU
'콜 오브 듀티: 모바일' 팀 데스매치 플레이 영상,287,2019_10_08,5,0,게임메카 아카이브,1160,https://www.youtube.com/watch?v=qTVTL5bzxM8
[콜오브듀티모바일] 랭겜[한국 마스터 구간 5등],574,2019_10_08,7,1,DEVIL iOS,317,https://www.youtube.com/watch?v=E9dgPOxGZ7k
콜오브듀티모바일 전용 게임패드 플라이디지 WASP2,"5,902",2019_10_09,24,4,괴수대백과사전,1550,https://www.youtube.com/watch?v=8c2ivxkahFM
콜오브듀티 모바일 자이로 스코프 스나이퍼 매드무비(Call Of Duty -mobile gyroscope sniper mad movie),269,2019_10_09,7,0,월광-moonlight,19,https://www.youtube.com/watch?v=WMbzdrG4w4k
"콜 오브 듀티 모바일 (Call of Duty Mobile) : 스타트 지역 Top 5!! (노키마, 4핑거, 배틀로얄, 짱짐)",807,2019_10_09,14,0,짱짐,12700,https://www.youtube.com/watch?v=CN_eDWtLtec
[콜오브듀티 모바일] 랭커들도 쓴다는 '25형' 공격 소총!! 이유가 있네..ㄷㄷ;,"19,102",2019_10_09,128,5,감쟈,32900,https://www.youtube.com/watch?v=JbPFnTdqJAc
[콜 오브 듀티 모바일] PDW 57 매드무비! {좀비 유전자},719,2019_10_09,9,1,민호 유튜브,1450,https://www.youtube.com/watch?v=h0Y25O5edp8
[COD]콜 오브 듀티 모바일 한국 서버 80등 랭커 매드무비#1,"3,484",2019_10_09,52,5,JINI Zz,107,https://www.youtube.com/watch?v=W4RbFwdc6QI
[콜오브듀티 모바일] 모바일 FPS는 이게 최고인듯!! - 콜옵M 플레이 리뷰!,"2,685",2019_10_09,31,2,감쟈,32900,https://www.youtube.com/watch?v=TrrQWP9xOsg
2019년 FPS게임의 희망을 봤습니다ㅋㅋㅋㅋㅋ(콜오브듀티 모바일),"341,603",2019_10_09,7000,155,김재원의 즐거운게임 세상,1550000,https://www.youtube.com/watch?v=DR8CS4rPnD8
콜 오브 듀티 모바일 4핑거 플레이 영상,416,2019_10_09,1,0,김경수,5,https://www.youtube.com/watch?v=3FCvCJSi2IY
콜 오브 듀티 모바일 - 스킬 퍽에 대해 알아볼까요? (입문자 팁2),"3,210",2019_10_10,48,3,이태리freedom,1570,https://www.youtube.com/watch?v=rMhvRTnf05Q
콜 오브 듀티 모바일 - 랭크전 하이라이트 [마스터 티어],"6,265",2019_10_10,46,3,이태리freedom,1570,https://www.youtube.com/watch?v=vkIEBBQrn8s
[콜오브듀티 모바일] 매우 주관적인 좋은 총 4종 리뷰!!,"37,189",2019_10_10,222,11,BaBa TV,1500,https://www.youtube.com/watch?v=m0EkG6orDfo
"[콜듀모바일] 최고의 밸런스를 자랑하는 콜오브듀티 국민총 ""AKS-74U""","8,570",2019_10_10,114,6,TV Seogi,2630,https://www.youtube.com/watch?v=yaBUtQwybrE
[콜 오브 듀티 모바일] 트롤,67,2019_10_10,7,0,귤렌지,33,https://www.youtube.com/watch?v=4i1bYfp12nU
[콜오브듀티 모바일] 멀티플레이 (데스매치) 에서 드디어 저도 핵폭탄을 써봤습니다 와.. 이거 뭔데 CALL of DUTY mobile 콜옵 콜듀 모바일 멀티모드,"10,309",2019_10_10,82,7,동네언니 슾햄 SPAM youtube,2820,https://www.youtube.com/watch?v=9joisoWFE3g
[신작게임 인스턴트 3분리뷰] #24 콜 오브 듀티 - 모바일로 즐기는 무료 콘솔급 FPS,136,2019_10_11,5,0,노닥TV 노재웅,1430,https://www.youtube.com/watch?v=s53JgC7PnbA
모바일 게임이라 얕잡아 보다가 큰코다친 갓게임! | 콜오브 듀티 모바일 | 가브리엘,"7,783",2019_10_11,202,5,가브리엘,358000,https://www.youtube.com/watch?v=BGBgtqq_7Y0
이게 모바일게임이라고? 역대급 그래픽!! 콜오브듀티가 모바일 출시!! 모바일 배그 랭커가 해본다면?!,581,2019_10_11,12,0,도도 DoDo,1600,https://www.youtube.com/watch?v=f642kCcdUYE
FPS명작! 콜 오브 듀티가 모바일로 나왔습니다! | 콜오브듀티 모바일,"91,547",2019_10_11,1700,53,군림보,752000,https://www.youtube.com/watch?v=VfO1qngnabQ
컴퓨터로 콜 오브 듀티 모바일 하기,623,2019_10_11,3,1,Osway,68,https://www.youtube.com/watch?v=3oRseO2s-qg
콜오브듀티모바일 | 프로~전설 구간에서 여포(34킬2뎃19어시무편집),"1,120",2019_10_11,15,2,DEVIL iOS,317,https://www.youtube.com/watch?v=eZgwjg0YxKo
신규 업데이트 개인전!!! 개싸움이네 ㅋㅋ _ 콜오브듀티 모바일 _ CODM,300,2019_10_11,7,0,슬로우TV,9050,https://www.youtube.com/watch?v=jIubyvGFQzA
[콜 오브 듀티] 쿠폰 100% 얻는법 어그로 주작 아닙니다,"20,380",2019_10_11,216,38,규마,6890,https://www.youtube.com/watch?v=_vEDfTovnWU
이 게임 때문에 처음으로 캠을 키게 되었습니다... [콜오브듀티 모바일],"150,394",2019_10_11,2600,56,우주하마,559000,https://www.youtube.com/watch?v=_jysycC-lEU
총보단 칼이지 [콜오브 듀티 모바일],345,2019_10_11,23,1,녹구,3990,https://www.youtube.com/watch?v=JzSHMlTwJH0
"콜 오브 듀티:모바일 Call Of Duty 실시간 시참가능, 친추부터",139,2019_10_11,8,0,PJH,3160,https://www.youtube.com/watch?v=p1oUov5Jz0k
[콜오브듀티 모바일] 콜오브듀티 2시간 콜린이....랭커를 이겼습이다 [Call of Duty Mobile] I beat a ranker!,"1,194",2019_10_11,19,6,Nanbong,1480,https://www.youtube.com/watch?v=gTd-qhhWKCU
"[콜오브듀티 모바일] 배틀로얄 모드엔, 보급을 주는 보스몬스터가 있다...?!","13,113",2019_10_11,101,8,감쟈,32900,https://www.youtube.com/watch?v=ETFK5C6Bz9s
[콜 오브 듀티 모바일] 콜옵 모바일의 숨은 강자 M16 매드무비,189,2019_10_12,3,0,꺄르륵,13,https://www.youtube.com/watch?v=VPxKTP6gvxQ
[콜오브듀티 모바일] XPR-50사용 영상 (3:20초 부터 시작),231,2019_10_12,5,0,맛과,5,https://www.youtube.com/watch?v=ruqoaaU06mQ
콜오브 듀티 모바일 친구랑 같이 하기,287,2019_10_12,1,0,오락tv,4,https://www.youtube.com/watch?v=FnHKhqhklfU
[콜오브듀티모바일] 빈님이랑 콜옵[한국 전설구간],876,2019_10_12,12,2,DEVIL iOS,317,https://www.youtube.com/watch?v=NVeT4p7FjCI
콜오브듀티 모바일 개인전,48,2019_10_12,5,0,Citopes 잡다한 이야기,0,https://www.youtube.com/watch?v=L29Gc5_9HmU
콜 오브 듀티 모바일 - 무반동 사기총 UL736 리뷰!,"11,463",2019_10_12,89,8,이태리freedom,1570,https://www.youtube.com/watch?v=6oLsMRSd_oI
콜 오브 듀티 모바일 저격총 플레이! Call of duty mobile sniper play!,453,2019_10_12,6,1,Go갱님덜,924,https://www.youtube.com/watch?v=Q8IHjt-5J9E
콜오브듀티 모바일 ? 군대에서 총 좀 쏘셨다는데.. 실력은 ㅋㅋ 콜옵 광대 좀비 매니아 아빠 ㅋ 핸드폰 게임 버섯도리,"24,001",2019_10_12,310,21,버섯도리,145000,https://www.youtube.com/watch?v=qAhWxbPjNS8
현 국내 모바일게임 4위 떡상게임 ㄷㄷ 재미 실화냐? 콜 오브 듀티 모바일,"101,374",2019_10_12,1500,37,테드TV,910000,https://www.youtube.com/watch?v=MygrrkFrMDI
"모바일 배그 커스텀 실시간 시참 , 콜 오브 듀티 모바일",847,2019_10_12,27,1,주말이 좋아 봄이,4340,https://www.youtube.com/watch?v=f3tGyw3RbAw
콜 오브 듀티 모바일 AK117.MSMC리뷰,72,2019_10_12,0,0,서의석,44,https://www.youtube.com/watch?v=bIgU6EgoohM
콜 오브 듀티 모바일 개인전 플레이,19,2019_10_13,1,0,淸メ프로즌,29,https://www.youtube.com/watch?v=guOL_3i6SrY
던질까 말까 | 콜 오브 듀티 모바일,425,2019_10_13,23,1,꽁치의 게임채널,0,https://www.youtube.com/watch?v=26udBR1m1qw
[콜오브듀티 모바일] 초반무기 킹성비 AKS-74U 공략!,660,2019_10_13,6,0,잡동사니게임,40,https://www.youtube.com/watch?v=dig0fVgZQns
"콜 오브 듀티:모바일 Call Of Duty 실시간 시참가능, 친추부터",282,2019_10_13,9,0,PJH,3160,https://www.youtube.com/watch?v=KW77DlEb1HU
AK117-MAD MOVIE_[콜오브 듀티 모바일],172,2019_10_13,6,0,WHITE,16,https://www.youtube.com/watch?v=gppAHd7BWh8
'콜 오브 듀티 모바일' 10월13일 배틀로얄 오늘의 희생양식들 | 겜생(GAMELIFE),73,2019_10_13,1,0,겜생,0,https://www.youtube.com/watch?v=J4SHHTEj_WY
"콜 오브 듀티 : 모바일 Call Of Duty 실시간 시참, 친추부터 21시까지",128,2019_10_14,6,0,PJH,3160,https://www.youtube.com/watch?v=ZN7jt6_Ww44
콜 오브 듀티 모바일 수직 이착륙 공중지원 비행기 호출,937,2019_10_14,7,2,손주형,3,https://www.youtube.com/watch?v=tHWr1EhboP4
콜오브듀티 모바일 갤럭시탭s4플레이 FPS모바일 게임중 최곤데? 해보세요 한번 [란마],373,2019_10_14,4,1,란마,63099,https://www.youtube.com/watch?v=p2hgmevBMN4
콜오브듀티:모바일강의(#2/감도),673,2019_10_14,9,2,훈련봇cd,22,https://www.youtube.com/watch?v=WzKKfcdbqYY
콜오브 듀티 모바일 신규모드 건게임,135,2019_10_14,4,1,지성,299,https://www.youtube.com/watch?v=nvSxsWBdR7g
[콜오브듀티 모바일] 최상급 무기 PDW 강좌,559,2019_10_14,2,1,잡동사니게임,40,https://www.youtube.com/watch?v=m05ID-FD794
콜오브듀티 모바일 : 아시아 1위 한국 클랜 스크림 | COD Mobile | Scrim Highlights | uNb Tiktok,"1,290",2019_10_14,26,4,Tiktok iOS,1510,https://www.youtube.com/watch?v=EVopcGlKHYM
게임써 G6 콜 오브 듀티 모바일 게임플레이 GameSir G6 Call of duty Mobile GamePlay,607,2019_10_14,3,0,GTGEAR,574,https://www.youtube.com/watch?v=I1OxPxl2m4c
[헬퍼] 콜 오브 듀티모바일 :랭커 스나매드무비!!,239,2019_10_15,1,1,헬퍼 Helper,68,https://www.youtube.com/watch?v=pj95kpuy9Cc
콜오브듀티 모바일에서 100인 배틀로얄 까지 된다???,"85,890",2019_10_15,1500,66,우왁굳의 게임방송,791000,https://www.youtube.com/watch?v=1v3TUSYN9og
[콜오브듀티 모바일] 240만원짜리 '갤럭시 폴드' 로 콜옵을 해봤습니다!!,"4,276",2019_10_15,61,2,감쟈,32900,https://www.youtube.com/watch?v=hdGLrkuRFhg
[콜오브듀티모바일] 블랙골드 무기 상자 70개 까기! 나올까? 개돼지될까?,"1,926",2019_10_16,17,0,POPCORN TICTOC tv,256,https://www.youtube.com/watch?v=KbaIlFi5VJw
🎮저도 게임 재능충이었습니다,"60,262",2019_10_16,1100,27,릴카,903000,https://www.youtube.com/watch?v=J5LA12PLwyY
[콜 오브 듀티 모바일] 참신하다 ! 건게임 모드 플레이 영상,279,2019_10_16,14,0,네크 게임유튜브,2180,https://www.youtube.com/watch?v=l77RB5_g2zo
[콜 오브 듀티 : 모바일] 텐센트 게임루프 키마 플레이 (배틀로얄),184,2019_10_16,0,0,구삼,80,https://www.youtube.com/watch?v=0iX6mQKzgqE
정다의 콜 오브 듀티 모바일 플레이 영상,39,2019_10_16,4,0,정다,3,https://www.youtube.com/watch?v=QE5BZv3hKL0
모바일게임 첫판에 라이딩샷 질러버렸습니다.. [콜 오브 듀티 모바일],"199,735",2019_10_16,2000,55,뜨뜨뜨뜨,1270000,https://www.youtube.com/watch?v=Y4TSFKSZVxI
"[콜오브듀티:모바일] ar,스나 매드무비 [call of duty mobile]the montage",486,2019_10_17,7,5,HILKIS 힐키스,103,https://www.youtube.com/watch?v=yeFFES2gAbg
[콜오브듀티 모바일] 모든 총기 티어별 정리 + 총기별 설명까지! | 콜옵 총 순위,"114,586",2019_10_17,1000,36,감쟈,32900,https://www.youtube.com/watch?v=rKMarPe5JMo
콜오브듀티 모바일 핵폭탄,53,2019_10_17,0,1,선우TV,1,https://www.youtube.com/watch?v=CTf0wNSB5_A
배틀로얄 공략! 승리하고 싶은가? 이렇게하라!_콜오브듀티 모바일_ CODM,"3,655",2019_10_17,26,4,슬로우TV,9050,https://www.youtube.com/watch?v=mxIDYvAt_TE
콜오브듀티 모바일 CODM '요일 무료 보상에서 이걸준다고?? 콜옵 너무 퍼준다 XPR-50 만우절 리뷰' | 쯩우TV,612,2019_10_17,9,13,쯩우TV,54,https://www.youtube.com/watch?v=C3meMENCAhk
[콜오브듀티 모바일]진짜 ㄹㅈㄷ 될뻔 했는데... 유하각이냐고 계속 물어봤는데....,"3,522",2019_10_17,27,2,BaBa TV,1500,https://www.youtube.com/watch?v=JAATzBxECNQ
모바일 게임 패드 트리거 콜오브듀티,381,2019_10_17,0,0,Sj Chun,1100,https://www.youtube.com/watch?v=SLcQW1fyd8k
[콜 오브 듀티:모바일] 스나 연습 #Trix,162,2019_10_18,3,0,YEUM. H.B,1360,https://www.youtube.com/watch?v=xb8FHOTEidM
[콜오브듀티 모바일] FMJ탄 정말 데미지 증가하나요?,"3,601",2019_10_18,30,14,BaBa TV,1500,https://www.youtube.com/watch?v=ezoc3_VOwUQ
[원주피카츄] 콜오브듀티 모바일 맵공략 '크래시' 편,313,2019_10_18,7,0,원주피카츄,218,https://www.youtube.com/watch?v=x1IrzDngAT0
[콜 오브 듀티 모바일] 매드무비,509,2019_10_18,21,1,가드,990,https://www.youtube.com/watch?v=is4-7DPjbSg
[원주피카츄] 콜오브듀티 모바일 맵공략 #2 '크로스파이어' 편,170,2019_10_18,8,0,원주피카츄,218,https://www.youtube.com/watch?v=TtDBSo755y0
같이 하실 분?? 클랜원 모집합니다~ [콜 오브 듀티 모바일],"58,137",2019_10_18,763,22,똘킹,524000,https://www.youtube.com/watch?v=ijH3YFNkFqM
"콜 오브 듀티 모바일 - 업데이트 기념 ""아이폰 Xs"" 게임플레이!","1,697",2019_10_18,27,0,이태리freedom,1570,https://www.youtube.com/watch?v=8OIKQTZWcVI
콜 오브 듀티 모바일 (Call of Duty Mobile) : 전설 랭킹 달성!!,"6,106",2019_10_19,40,5,짱짐,12700,https://www.youtube.com/watch?v=Nv1wt95jwZY
[콜 오브 듀티:모바일] 랭크 매치 #1 AKS,140,2019_10_19,0,0,YEUM. H.B,1360,https://www.youtube.com/watch?v=Ux96KW0bk34
[콜오브듀티모바일] 전설파티 콜옵[한국 전설구간],"3,872",2019_10_19,26,4,DEVIL iOS,317,https://www.youtube.com/watch?v=ZZwOuIp2Ti4
콜옵에서 절대 간편모드 쓰지마세요!!|콜 오브 듀티 모바일,"4,538",2019_10_19,46,8,sseokue써크,11700,https://www.youtube.com/watch?v=cDLNualYFEU
콜 오브 듀티 모바일 PC로 하는 방법,"1,999",2019_10_19,13,1,기씨TV,960,https://www.youtube.com/watch?v=W6L_xdwUJGU
※콜 오브 듀티:모바일※=HS2126=리뷰 [하얀김밥],144,2019_10_20,3,0,하얀김밥 눌러,60,https://www.youtube.com/watch?v=TxQtQXFEYwU
프겜에 M16 리뷰! #콜오브 듀티 모바일#프겜Youtube,35,2019_10_20,3,1,프겜Youtube,17,https://www.youtube.com/watch?v=Ca0Hf1i7aMc
콜 오브 듀티 모바일 팀플 2019/10/20,179,2019_10_20,9,0,커티스의 게임룸,369,https://www.youtube.com/watch?v=HK0qzOa8N3o
콜옵 점사무기 m16리뷰_m16 Review video [콜오브 듀티 모바일],414,2019_10_20,8,0,WHITE,16,https://www.youtube.com/watch?v=bRiEhX97KLA
[콜오브듀티 모바일] RPD 무기강좌!,178,2019_10_21,2,0,잡동사니게임,40,https://www.youtube.com/watch?v=jyXibg-QlxY
콜오브듀티 모바일 현질ㅎㅎ( 할로윈 m4),226,2019_10_21,4,2,구독하면크리스마스 전에 커플됨,626,https://www.youtube.com/watch?v=SYyv-h06_NM
콜옵 방금 시작한 콜옵초보 실력은?! [콜 오브 듀티 모바일],43,2019_10_21,5,0,무겜맨 - 안녕친구들,161,https://www.youtube.com/watch?v=UHY-lkoiskk
콜 오브 듀티:모바일 게임,32,2019_10_21,5,0,초코초코!!,35,https://www.youtube.com/watch?v=hHUBV6zj_Qo
[콜오브듀티:모바일] Call of duty Mobile 랭크 베테랑 달성! 맛배기일줄 알았는데..갓겜이었다..!!@@_191021,312,2019_10_21,5,1,힛맨TV,1090,https://www.youtube.com/watch?v=e5iOmh2RKCc
콜오브듀티:모바일 스탠드오프,123,2019_10_21,7,0,Citopes 잡다한 이야기,0,https://www.youtube.com/watch?v=UMwvzXWkcsY
안녕하세요 유튜버 여러분 콜오브듀티 모바일 출시했다고 했는데 아직 못올려서 죄송합니다.,16,2019_10_22,2,0,유하이각형,40,https://www.youtube.com/watch?v=IZKY_MwewUc
시청자와 함께하는 트리오 플레이!! (콜오브듀티모바일 듀오플레이시리즈 2탄),91,2019_10_22,7,0,포디르TV,36,https://www.youtube.com/watch?v=grRK7zU_PHE
김가네게임 콜오브듀티 모바일 신작 갓게임,15,2019_10_22,4,0,김가네게임,685,https://www.youtube.com/watch?v=puRTT8wPNUU
[콜오브듀티모바일] pc로하는법을 알나냈습니다... 이건 모 완전 pc콜오브듀디잖아!!,387,2019_10_22,8,0,홍쓰패밀리괴짜가족tv,8119,https://www.youtube.com/watch?v=nfZfu-EAA8w
콜오브듀티 모바일 건게임,64,2019_10_22,1,0,파비,3,https://www.youtube.com/watch?v=2yCx09eLmw4
콜 오브 듀티 모바일 100인 배틀로얄도 있다고!?,255,2019_10_23,5,0,기씨TV,960,https://www.youtube.com/watch?v=dEQdHfxx61k
[콜오브듀티 모바일] 최고의 스나를 뽑다가 발견한 비밀..?! 이거 그냥 사기였네!!,"29,569",2019_10_23,310,21,감쟈,32900,https://www.youtube.com/watch?v=sFSjxt1SyaM
신작 게임 콜 오브 듀티모바일 신규모드 GUN GAME PIAY,14,2019_10_23,0,0,궁예tv,0,https://www.youtube.com/watch?v=GA9eCwWKzKM
"콜오브듀티 모바일 배틀로얄 시참가능(비공개방입니다.), COD Mobile",27,2019_10_23,0,0,곰리튜브,23,https://www.youtube.com/watch?v=IkbNY16C1gU
콜오브듀티:모바일 스탠드오프,26,2019_10_23,1,0,Citopes 잡다한 이야기,0,https://www.youtube.com/watch?v=kJ6jW_peh2g
콜오브듀티:모바일 배틀로얄,108,2019_10_23,1,0,Citopes 잡다한 이야기,0,https://www.youtube.com/watch?v=hxzowgWAGpI
[콜 오브 듀티 모바일]유명한 총 게임이 모바일로 나왔다. 대전모드랑 배틀로얄 모드도 된다고? 근데 내 아이디 누가 훔쳐갔냐,55,2019_10_23,4,0,헤홀몬Youtube,1130,https://www.youtube.com/watch?v=2zgXEekVerc
콜 오브 듀티 모바일게임 (1#),18,2019_10_23,3,0,게임방송,4,https://www.youtube.com/watch?v=ZWmU30uvS7c
콜 오브 듀티:모바일 -2탄-& 할로윈 이벤트 공지,15,2019_10_23,3,0,High tree하이트리,11,https://www.youtube.com/watch?v=F9h8QMIazKw
[콜오브듀티 모바일] 마스터 고인물이 이 무빙 필수랬음+ 키배치,"35,958",2019_10_23,307,28,BaBa TV,1500,https://www.youtube.com/watch?v=gYsTlgLRqFs
콜오브듀티 모바일 20킬 이상은 기본 해야지?,6,2019_10_24,0,0,전성희,9,https://www.youtube.com/watch?v=I00Gy-qlnKo
콜 오브 듀티 모바일 BR모드 게임플레이 GameSir G6 Call of duty Mobile BR mode GamePlay(ft.GameSir G6),129,2019_10_24,2,0,GTGEAR,574,https://www.youtube.com/watch?v=3EEH7_0EVyM
모바일 콜오브듀티 이것이 엘리트실력이다!![콜오브듀티모바일][블랙투비],26,2019_10_24,10,0,블랙투비,370,https://www.youtube.com/watch?v=A45lUhOWSBU
[콜오브듀티 모바일] 라플 헤드샷 데미지 얼마나 들어가는걸까?,"2,591",2019_10_24,31,1,BaBa TV,1500,https://www.youtube.com/watch?v=c8mXDy9BnOU
콜 오브 듀티 모바일 - “스패로우” 게임플레이,"5,122",2019_10_24,65,2,이태리freedom,1570,https://www.youtube.com/watch?v=zBYPLjE-4SI
[콜 오브 듀티 모바일] AK117 리뷰 및 플레이 영상,722,2019_10_25,2,2,Stranger Production,35,https://www.youtube.com/watch?v=eFFdjzmpfjI
[콜오브듀티 모바일] 소음기와 롱배럴이 사거리가 똑같다...?! - 모든 파츠 비교분석!,"18,007",2019_10_25,277,3,감쟈,32900,https://www.youtube.com/watch?v=U-zrvY5K4P0
[ 콜 오브 듀티 모바일 : 출시 후 바로 스패로우 매드무비 ],"1,074",2019_10_25,15,6,잠멍 channel,3690,https://www.youtube.com/watch?v=soAdkC8PyhM
"[겜톡톡] 콜 오브 듀티 모바일, 무조건 이기는 필승전략!!","1,026",2019_10_25,22,1,겜톡톡,91400,https://www.youtube.com/watch?v=8bMN5GUYaKE
콜오브듀티모바일 루키1실력,19,2019_10_25,2,0,사기,3,https://www.youtube.com/watch?v=Gk8pimCk-xQ
콜오브듀티:모바일 끄적끄적(10),3,2019_10_25,0,0,류트네이트,13,https://www.youtube.com/watch?v=98Oj22JcBL0
[콜오브듀티 모바일] 반자동 저격총 Arctic .50 강좌!,489,2019_10_25,2,2,잡동사니게임,40,https://www.youtube.com/watch?v=PjIv699Fmfc
루산객 콜오브듀티모바일 최전방 무작위 5편,35,2019_10_25,0,0,루산객,80,https://www.youtube.com/watch?v=QSa9J5TgWww
콜오브듀티 : 모바일게임 2회 전쟁의 역습,41,2019_10_25,3,0,찍팡 JjigPang시즌 2,31,https://www.youtube.com/watch?v=N6UUBUttWLk
[콜오브듀티모바일] MSMC 쓰세요,"1,706",2019_10_26,19,0,DEVIL iOS,317,https://www.youtube.com/watch?v=kSA8rp0U7v0
콜 오브 듀티 모바일 : 손캠예고편 + 랭크 하이라이트!,"2,565",2019_10_26,31,1,이태리freedom,1570,https://www.youtube.com/watch?v=LCGP4svF2yM
[콜오브듀티 모바일] 이걸로 적진을 털어버렸습니다ㅋㅋㅋㅋㅋ 신규 오퍼레이터 스킬 스패로우!!,"18,681",2019_10_26,212,10,감쟈,32900,https://www.youtube.com/watch?v=FEYwEoyus74
콜오브듀티 모바일 배틀로얄 해보았습니다,132,2019_10_26,8,2,지훈TV,2200,https://www.youtube.com/watch?v=bewk0P7S0lw
콜오브듀티 모바일 RPD-기형 위장의 위력 왜이렇게 잘 맞지?,65,2019_10_27,1,1,전성희,9,https://www.youtube.com/watch?v=rYp59WVZ2ZI
산탄총 완벽 가이드! (산탄총 총기의 순위는?) 콜오브듀티 모바일,"1,571",2019_10_27,21,4,낭비.,271,https://www.youtube.com/watch?v=xgtgTC1bwtQ
콜오브듀티:모바일 - 최전방/하이잭,86,2019_10_27,1,0,Citopes 잡다한 이야기,0,https://www.youtube.com/watch?v=f8VXST_nCqY
콜오브듀티 최강무빙!!! 무조건 앉아서 쏴!!!!!| 콜오브듀티:모바일|[찌워니],70,2019_10_27,2,0,찌워니JJIWONNI,10,https://www.youtube.com/watch?v=UgphfeDuyqM
콜오브듀티 모바일 배틀로얄 시참가능(4명 풀방시 불가할수도 있습니다ㅠ),16,2019_10_27,0,0,곰리튜브,23,https://www.youtube.com/watch?v=hzVnpStIEA8
"[제이] 콜오브듀티 모바일 제가 접수하겠습니다(에오스레드,리니지2M,v4)","1,401",2019_10_28,26,9,제이,29000,https://www.youtube.com/watch?v=Gn9PgjvDCUY
[콜오브듀티] 우주 최강이라고 불렸던 25형을 드디어 리뷰해봅니다!,"13,618",2019_10_28,123,7,TV Seogi,2630,https://www.youtube.com/watch?v=CaM1cVZAFf8
콜 오브 듀티 모바일 킬을 할때마다 총이 바뀌는 건게임 모드,55,2019_10_28,3,0,기씨TV,960,https://www.youtube.com/watch?v=7Q74SJoosic
요즘 핫한 모바일 게임 콜오브 듀티 모바일 맵의 꿀자리를 뽑아보았습니다! ㅋㅋ,402,2019_10_28,15,9,까미오,1110,https://www.youtube.com/watch?v=cD4pOYdIuMQ
[콜오브듀티 모바일] 핵쟁이도 수색섬멸이면 이기는거 쌉가능,"13,383",2019_10_28,125,8,BaBa TV,1500,https://www.youtube.com/watch?v=7iQhEPOaY3U
[콜오브듀티 모바일]AK117 리뷰,52,2019_10_28,2,0,choding [GD],78,https://www.youtube.com/watch?v=H-E4vz2F43M
"[콜오브듀티 모바일] 랭크 프로1 찍었는데, 갑자기 게임이 이상해졌습니다;;","18,404",2019_10_29,185,8,감쟈,32900,https://www.youtube.com/watch?v=qKjfnBEfW78
콜오브 듀티 모바일 Arctic.50 VS DLQ33 비교 및 반샷범위체크,107,2019_10_29,7,1,월광-moonlight,19,https://www.youtube.com/watch?v=PIAk2hfcnIY
"아이폰11프로 콜오브듀티 모바일 무한반복! 배터리, 발열, 게임 성능 체크","4,789",2019_10_29,405,6,꿀단지PD,63000,https://www.youtube.com/watch?v=kVI_s7p9FJQ
이게 진짜 모바일게임 이라고? 미쳤다! | 콜 오브 듀티 모바일M call of duty mobile,"9,445",2019_10_29,163,5,개복어,223000,https://www.youtube.com/watch?v=fczUulnG1II
[켈리혼]콜오브듀티:모바일 배틀로얄 플레이,19,2019_10_29,1,0,켈리혼,72,https://www.youtube.com/watch?v=kuVvPi_6fuk
콜오브듀티 모바일,52,2019_10_30,3,1,"주주베트닝 채널,일상의 모든 것",13,https://www.youtube.com/watch?v=l9tg1n9poQQ
"[콜오브듀티] 레벨 110 때 받는 무기! 말이 안나오는 사기급 장거리 킬러 ""BK57""","17,813",2019_10_31,162,7,TV Seogi,2630,https://www.youtube.com/watch?v=eDN_MF95D_E
콜 오브 듀티 모바일 강력한 데미지 AK47 스페셜,311,2019_10_31,1,0,기씨TV,960,https://www.youtube.com/watch?v=raEetX-QQl4
콜오브듀티 모바일 게임하는 크리퍼 님과 함께 함!,22,2019_10_31,7,3,게임하는좀비tv,34,https://www.youtube.com/watch?v=c29Z0M7UfE8
콜오브듀티 모바일 제가 한번 해보겠습니다,"2,586",2019_10_31,35,9,더헬TheHell,180000,https://www.youtube.com/watch?v=gXuNGT9ZZig
와 내가 캐리했다[콜오브듀티:모바일],83,2019_10_31,5,2,전설tv,179,https://www.youtube.com/watch?v=GQrdcC1zp6c
콜 오브 듀티 모바일 클래스 닌자 높은 건물 꼭대기 이제 문제없습니다,140,2019_10_31,3,0,기씨TV,960,https://www.youtube.com/watch?v=B-VZ-4C4uFI
[콜오브 듀티모바일 미니게임]타워챌린지/Tower challge,11,2019_11_01,1,0,윤엘륀,61,https://www.youtube.com/watch?v=L2iRvvONboA
2핑거도 할수있다! 콜오브듀티 모바일 건게임 0데스로 1등하기,367,2019_11_01,3,0,퓨퓨푸,0,https://www.youtube.com/watch?v=d_VXVarFjgU
콜 오브 듀티:모바일 LK24리뷰,334,2019_11_01,1,0,슬라임,41,https://www.youtube.com/watch?v=ohup1z_zVZg
[콜오브듀티 모바일] 이거만 알면 게임이 더 쉬워진다!! 알아두면 좋은 14가지 꿀팁!,"47,221",2019_11_01,477,22,감쟈,32900,https://www.youtube.com/watch?v=fVuOW6XpVQc
[콜오브듀티 모바일] 연속 20킬을 하면 핵을 쏜다...?! 쓰면 무조건 올킬 ㄷㄷ;,"28,153",2019_11_01,302,16,감쟈,32900,https://www.youtube.com/watch?v=sAiABrSv4rE
콜오브듀티 모바일 배틀로얄 먼저하고 10시30분부터 팀데스매치~,38,2019_11_02,1,0,곰리튜브,23,https://www.youtube.com/watch?v=dUElyjgyo0Q
#콜오브듀티 #모바일 #게임 내맘 대로 리뷰 game,39,2019_11_02,6,0,오늘은TV,0,https://www.youtube.com/watch?v=2RvoWxBeGQI
콜 오브 듀티 모바일 : 1분 30초 안에 핵을 사용해보자,"3,844",2019_11_02,48,3,이태리freedom,1570,https://www.youtube.com/watch?v=1tVlcp_Pjiw
콜오브듀티 / 모바일 / 꿀팁 / 쭈오쭈오와게임을 / CallOfDuty / 게임 / Game,139,2019_11_02,8,0,너티비[YouTV]-요리 캠핑 게임 ASMR Camping IT,834,https://www.youtube.com/watch?v=KJxiOjxLkw4
"#배그 #브롤 말고 오늘은 다른 #총게임 #콜오브듀티 모바일 시전, 힐링음악 들으며!",26,2019_11_02,0,0,공기TV,60,https://www.youtube.com/watch?v=0yFTKDybhaA
게임 던질까 말까 던질까 말까 콜오브듀티 모바일,48,2019_11_03,2,0,전성희,9,https://www.youtube.com/watch?v=m3OatpUqcF0
시청자 참여 스쿼드 배틀로얄!! 콜오브듀티모바일 시청자참여시리즈 1탄,78,2019_11_03,3,0,포디르TV,36,https://www.youtube.com/watch?v=ORAFJq5PRwc
안드로이드 (콜오브듀티 모바일) 배틀로얄 솔로 #39,9,2019_11_03,1,0,황금호빵,44,https://www.youtube.com/watch?v=qVy6ny_EeOQ
콜오브듀티 모바일-정신나간 아이패드 핸드캠...,"1,471",2019_11_03,38,3,이태리freedom,1570,https://www.youtube.com/watch?v=vR7cTfCTj9g
[콜오브듀티:모바일] CallofDutyMobile 콜옵 모바일 건모드 1위 달성!!@@_191104,104,2019_11_03,2,0,힛맨TV,1090,https://www.youtube.com/watch?v=B3ApaxKRfaE
오늘도 평화로운 건게임/콜오브듀티모바일건모드/callofdutymobilegungame,68,2019_11_03,7,1,NewMong뉴몽,1680,https://www.youtube.com/watch?v=Zbto5jBNgvI
콜오브듀티 모바일,10,2019_11_03,2,1,가방이,18,https://www.youtube.com/watch?v=b6bu6qiHkKk
"콜오브듀티 모바일 ""이런 게임었구나~ 살려줘~"" 이건 배그잖아~ (Call of Duty)",18,2019_11_04,3,0,진짱 TV,20,https://www.youtube.com/watch?v=iHVxNF7t-l4
콜 오브 듀티 모바일 : 뉴크타운에서 은근 꿀자리,64,2019_11_04,0,0,유트렌드,1,https://www.youtube.com/watch?v=UXWK7ACTaLM
[콜 오브 듀티: 모바일] Play (No Sound),4,2019_11_04,0,0,Play Games Library,0,https://www.youtube.com/watch?v=BHmd51H-6vE
콜오브듀티모바일게임,15,2019_11_04,4,0,Totv,21,https://www.youtube.com/watch?v=H4E4ZvfKMng
[콜오브듀티 모바일] 내가 핵이라구..?,"10,170",2019_11_04,91,6,BaBa TV,1500,https://www.youtube.com/watch?v=nWbMDKCyT18
"콜오브듀티 모바일 핵,hack 판매중 [1.0.9]","1,129",2019_11_04,7,12,01321 231,3,https://www.youtube.com/watch?v=TbofiMyemB4
칼로 앞에있는 적 죽이기 가능!? [콜 오브 듀티 모바일],"26,204",2019_11_05,976,60,헬로[HELLO],137000,https://www.youtube.com/watch?v=2Iq7Pn00Wjo
처음부터 7킬0데스?[콜 오브 듀티 모바일],5,2019_11_05,1,0,닉네임유튜브,17,https://www.youtube.com/watch?v=XM_8I49RTFM
[콜오브듀티 모바일] FPS에서 가장 '무식한 모드' 가 나왔습니다ㅋㅋㅋㅋㅋㅋ | 로켓 전용 모드,"7,119",2019_11_05,104,4,감쟈,32900,https://www.youtube.com/watch?v=AmrRikl5viI
[콜오브듀티모바일]19.11.07 콜듀는 총보다는 칼이지!,892,2019_11_05,5,0,태선비tv,0,https://www.youtube.com/watch?v=zsT63pAfCaI
"율 ""모바일게임"" (콜 오브 듀티)",6,2019_11_05,0,0,BJ율,9,https://www.youtube.com/watch?v=FAUSC8usr5w
콜 오브 듀티 모바일 게임(4#1),15,2019_11_06,4,0,킹별,12,https://www.youtube.com/watch?v=-2sU4oH1FZc
콜오브듀티모바일,2,2019_11_06,1,0,누구세요?,1,https://www.youtube.com/watch?v=zLhKHMMPctc
콜 오브 듀티 모바일 게임,26,2019_11_06,2,0,yu싱우,3,https://www.youtube.com/watch?v=hjfNT0iARew
콜오브듀티 모바일 버그발견!,37,2019_11_06,2,0,일상이즈뭔들,3,https://www.youtube.com/watch?v=DA0jr4MO9aI
콜오브 듀티 모바일 혼자서 30킬!! 이건 초보인가 핵유저 인가?!!,155,2019_11_06,5,0,땡구의 게임생활,33100,https://www.youtube.com/watch?v=D0IleYbgLWU
콜 오브 듀티 모바일게임2편!!!,5,2019_11_07,1,0,이이초록,13,https://www.youtube.com/watch?v=g_9GYJqxiT0
콜오브듀티 모바일 스탠드오프 매드무비,24,2019_11_07,1,0,태스크마스터,10,https://www.youtube.com/watch?v=kmZyXc8il9Q
모바일 게임 콜 오브 듀티 핵 hack,46,2019_11_07,0,0,모바일,3,https://www.youtube.com/watch?v=YqIAdobqavk
[콜오브듀티 모바일] 이거만 있으면 어디든 갈 수 있음ㅋㅋㅋㅋㅋ 배틀로얄 신규클래스 '비행체',"12,684",2019_11_07,131,10,감쟈,32900,https://www.youtube.com/watch?v=7Gi7h-EuzRM
콜오브듀티 모바일-라이플 손캠,"3,852",2019_11_07,36,2,이태리freedom,1570,https://www.youtube.com/watch?v=XwjXhknU8N4
콜 오브 듀티:모바일,1,2019_11_08,0,0,즐겜러토망이,2,https://www.youtube.com/watch?v=bYK-zieEjLo
모바일 FPS 게임의 끝판왕!? 제가 직접 해봤습니다! | 콜오브듀티 모바일 | 주안코리아,685,2019_11_08,24,2,주안코리아,16299,https://www.youtube.com/watch?v=HUObOCgdBwE
콜오브듀티 모바일 개인전 모드 플레이 Call Of Duty,16,2019_11_08,0,0,슬픈눈,52,https://www.youtube.com/watch?v=Lkk99xQjlZE
콜오브듀티모바일플레이영상,4,2019_11_08,0,0,Y.C,0,https://www.youtube.com/watch?v=9q5-nj9bx2Q
레벨업 빠르게 하는법!!_콜오브듀티모바일,663,2019_11_08,7,3,NewMong뉴몽,1680,https://www.youtube.com/watch?v=Txt7X7LRXnA
안드로이드 (콜오브듀티 모바일) 배틀로얄 솔로 #49,6,2019_11_08,0,0,황금호빵,44,https://www.youtube.com/watch?v=r3cD6g6d900
"[콜오브듀티: 모바일] FPS 초갓겜이 모바일로 나왔다고?! 그래픽 실화냐? - 햇살살 / Twitch Streamer ""Hatsalsal""",612,2019_11_08,27,3,햇살살,10000,https://www.youtube.com/watch?v=EHFNjGuBogc
콜오브 듀티 모바일 게임 플레이,9,2019_11_09,0,0,西の宇宙人,2,https://www.youtube.com/watch?v=nOgFPcYKsyg
"[콜오브듀티 모바일] 스탠드오프 맵 공략, 분석","2,759",2019_11_09,57,2,BaBa TV,1500,https://www.youtube.com/watch?v=d0UMjAY3W20
(콜 오브 듀티 모바일)only스나 최전방 무편집영상,21,2019_11_09,3,0,풍주,2,https://www.youtube.com/watch?v=-JIx113eQAc
모바일게임 콜 오브 듀티 핵 hack,84,2019_11_09,0,0,모바일,3,https://www.youtube.com/watch?v=53K0BtCuKwA
[콜오브듀티: 모바일 ]최종킬season2( 3),4,2019_11_09,1,0,《 Daia》 わら밀짚TV,143,https://www.youtube.com/watch?v=Ytxw6xCZZWg
콜오브듀티 모바일 멀티플레이,8,2019_11_09,2,0,치덕,90,https://www.youtube.com/watch?v=6ew5RAgNByE
콜 오브 듀티 모바일 2019 11 09 프로1티어 배틀로얄,57,2019_11_09,1,0,for_ lvlz8,0,https://www.youtube.com/watch?v=PQQUu_ZI61I
오준영의 콜오브듀티:모바일게임,31,2019_11_09,1,0,오준영TV,79,https://www.youtube.com/watch?v=MANon7u3Zgc
콜오브듀티 모바일 배로 솔쿼 with 스트라이커&아크틱50 (저퀄눈갱주의),30,2019_11_09,5,0,작늑,105,https://www.youtube.com/watch?v=rYTxS9osuiU
3부 콜오브듀티 모바일 2019/11/09,174,2019_11_09,6,1,커티스의 게임룸,369,https://www.youtube.com/watch?v=DbDEZuwxTyY
콜 오브 듀티 모바일 M4 사용법 에니메이션 (콜알못 부터 고인물 까지),572,2019_11_10,6,2,Assassin Giga Fighter,94,https://www.youtube.com/watch?v=9Dylw0zgsuo
"콜오브듀티,모바일 게임 같이 게임해요.관전도 환영해요.🤗 Call of Duty, let's play mobile games together.You're welcome.🤗",48,2019_11_10,4,0,키친아빠GJS,632,https://www.youtube.com/watch?v=ALnwmzlsL_Q
콜오브 듀티 모바일 건게임 이건말도안돼!!!,64,2019_11_10,4,0,땡구의 게임생활,33100,https://www.youtube.com/watch?v=l4VV3O_0_po
콜 오브 듀티 모바일게임,16,2019_11_10,2,0,칸타타,1,https://www.youtube.com/watch?v=FemkJ1Y8NQ8
"콜 오브 듀티 모바일 - 월핵, 무반동 핵, 무한총알 핵, 스피드, 슈퍼 점프 핵 등 (설명란에 파일 있음)","2,251",2019_11_10,0,0,알파,563,https://www.youtube.com/watch?v=JHU26GcbrQI
초보가 하는 콜오브듀티 모바일,6,2019_11_10,1,0,아내라눼,3,https://www.youtube.com/watch?v=I9OHrwo_LVo
콜오브듀티:모바일 개인전,14,2019_11_11,1,0,Citopes 잡다한 이야기,0,https://www.youtube.com/watch?v=9iZttxgMgQE
콜오브듀티 모바일 스나 랭킹1위도 쓴다는 꿀자리가 있다!!!!,672,2019_11_11,6,5,땡구의 게임생활,33100,https://www.youtube.com/watch?v=Mn-s8tydlLc
"[콜오브듀티 모바일] 랭킹을 올리고 싶으면, MSMC를 써야하는 이유..!","15,878",2019_11_11,158,9,감쟈,32900,https://www.youtube.com/watch?v=Foi0bS5aExg
"콜오브듀티,모바일 게임 같이 게임해요.관전도 환영해요.🤗 Call of Duty, let's play mobile games together.You're welcome.🤗",35,2019_11_11,5,0,키친아빠GJS,632,https://www.youtube.com/watch?v=C5_OZkv-Roo
"콜오브듀티,모바일 게임 같이 게임해요.관전도 환영해요.🤗 Call of Duty, let's play mobile games together.You're welcome.🤗",22,2019_11_11,3,0,키친아빠GJS,632,https://www.youtube.com/watch?v=Re_Fr-tQW6M
"콜오브듀티,모바일 게임 같이 게임해요.관전도 환영해요.🤗 Call of Duty, let's play mobile games together.You're welcome.🤗",53,2019_11_11,6,0,키친아빠GJS,632,https://www.youtube.com/watch?v=k8m-wgrelZI
콜 오브 듀티 모바일,19,2019_11_11,2,0,최핑핑,27,https://www.youtube.com/watch?v=60xEGH6qkPo
콜오브듀티:모바일 게임 한지 얼마 안됨 그래도 재미있게 봐주세요.,6,2019_11_12,1,0,ker J hac,0,https://www.youtube.com/watch?v=27kG079JcZE
콜 오브 듀티 모바일 게임하는 김주비,12,2019_11_12,3,0,김주비,4,https://www.youtube.com/watch?v=PvGI47kAjKU
미국판 콜 오브 듀티를 해보았습니다.[콜 오브 듀티:모바일],16,2019_11_12,1,0,Tv키루,9,https://www.youtube.com/watch?v=Vua-v8UxEwI
콜오브듀티 모바일 건게임 모드 꿀빨기,8,2019_11_12,0,0,전성희,9,https://www.youtube.com/watch?v=g63JAPWCvok
콜오브듀티모바일 개인전 모드 1등하기,12,2019_11_12,2,0,FIREHAM31,9,https://www.youtube.com/watch?v=0iFeQoF7t4U
[콜오브듀티 모바일] 기다리시던 핸드폰 5핑거 키배치+손캠!! 뒤에 팁이 많으니까 무적권 끝까지 시청!!,"4,132",2019_11_12,64,2,BaBa TV,1500,https://www.youtube.com/watch?v=HWJPI39FPPY
콜오브듀티 모바일 배틀로얄하다가 10시30분부터 팀데스매치 합니다~ 시참가능해요(풀방시 불가할수도 있어요ㅠ),42,2019_11_12,1,0,곰리튜브,23,https://www.youtube.com/watch?v=VTGQ-XwnJRE
최강밸런스 AK117 사용해봤습니다[콜오브듀티:모바일],244,2019_11_13,10,0,레인LANE,132,https://www.youtube.com/watch?v=NiNV9m8wZx8
이거 PC게임 아니에요?? 아 휴대폰으로 하는거 라구요? / 콜오브듀티 : 모바일,"33,193",2019_11_13,684,28,눈쟁이,501000,https://www.youtube.com/watch?v=ruTvFDpPk4U
콜오브듀티 모바일 배틀로얄,4,2019_11_13,0,0,박종선,2,https://www.youtube.com/watch?v=GK-XXRtlmkc
"콜오브듀티,모바일 게임 같이 게임해요.관전도 환영해요.🤗 Call of Duty, let's play mobile games together.You're welcome.🤗",44,2019_11_13,3,0,키친아빠GJS,632,https://www.youtube.com/watch?v=UM-on89h2Vs
"콜오브듀티,모바일 게임 같이 게임해요.관전도 환영해요.🤗 Call of Duty, let's play mobile games together.You're welcome.🤗",117,2019_11_13,4,0,키친아빠GJS,632,https://www.youtube.com/watch?v=H9nHPcqt8ik
"[콜오브듀티 모바일] 지스타 '보겸 vs 펑티모' 대결에, 제가 합류합니다!!","9,907",2019_11_14,150,7,감쟈,32900,https://www.youtube.com/watch?v=E5ZWDpMqINw
루산객 콜오브듀티모바일 최전방 무작위 9편,37,2019_11_14,0,0,루산객,80,https://www.youtube.com/watch?v=9MgMiARTkNw
콜오브듀티:모바일 게임 스나이퍼로 저격 해봤어염.😊 Call of Duty: I took a shot with a mobile sniper.😊,127,2019_11_14,0,0,키친아빠GJS,632,https://www.youtube.com/watch?v=kbibHXOhgps
만년 2등 탈출하고 싶다!! 콜오브듀티 모바일,6,2019_11_14,0,0,Citopes 잡다한 이야기,0,https://www.youtube.com/watch?v=_JuAqywmqPU
[FPS]콜오브듀티 모바일 Call of Duty 게임해봤습니다.,18,2019_11_14,6,0,아무거나그냥,0,https://www.youtube.com/watch?v=huRrTt0rqYc
콜오브듀티 모바일FPS 입니다,14,2019_11_14,0,0,게임하는콩이,11,https://www.youtube.com/watch?v=GGkEX-6im_Y
레찌형이랑하는 콜 오브 듀티:모바일,11,2019_11_15,3,0,락딜,31,https://www.youtube.com/watch?v=zN5uA39haF4
콜오브듀티 모바일!! 너무재밌자너!!!![비티 게임],10,2019_11_15,0,0,비티추,155,https://www.youtube.com/watch?v=sqKpDsrpW8Q
콜오브듀티 모바일 내가 100레벨이 넘는 사람과 게임 친구가 됬어요..,10,2019_11_15,1,0,우재tv,31,https://www.youtube.com/watch?v=AMLVO4nJ4tk
콜오브듀티 모바일 게임 하기.,4,2019_11_16,2,0,즐거운세상,3,https://www.youtube.com/watch?v=F03ZbNMSvHY
[콜 오브 듀티 모바일]콜 오브 큐티(?) 모바일,46,2019_11_16,8,0,폭슨,28,https://www.youtube.com/watch?v=hg4XTRgys1w
저격실력 보여드리겠습니다... [콜 오브 듀티 : 모바일],25,2019_11_16,1,2,위건님,133,https://www.youtube.com/watch?v=YfS-Cr-XmK0
[콜 오브 듀티 모바일 ] 화염병을 써보았당,432,2019_11_16,12,5,잠멍 channel,3690,https://www.youtube.com/watch?v=3-4dum3TbvI
[콜오브듀티 모바일] 배틀로얄(#1)(추니12),13,2019_11_16,1,1,《 Daia》 わら밀짚TV,143,https://www.youtube.com/watch?v=55r_4cooH18
콜오브듀티 모바일 게임했다 첫판에서 배틀로얄을 했다 두번째 판은 42킬을했다 아십다.,96,2019_11_16,5,2,갓종빈개잘핵,12,https://www.youtube.com/watch?v=CWdj-QjU7Ic
[콜 오브듀티 모바일] 직접해보면 더 잼있음ㅋㅋ,13,2019_11_16,3,0,게임충,2,https://www.youtube.com/watch?v=6m6MXJ3_24M
"콜오브듀티,모바일 게임 같이 게임해요.관전도 환영해요.🤗 Call of Duty, let's play mobile games together.You're welcome.🤗",35,2019_11_17,0,0,키친아빠GJS,632,https://www.youtube.com/watch?v=eaarPJSrX9Y
"(콜오브듀티 모바일) 배틀그라운드 모바일에서 M16이 똥총이니깐 콜옵에서도 안쓴다?NO,NO 월래부터M16은 갓총!! 하이라이트(M16편)",34,2019_11_17,2,0,《별밤》저격이,147,https://www.youtube.com/watch?v=smwHYXn2L68
너오늘잘만났다6회.콜오브듀티 모바일 멀티플레이1등.19년11월18일,28,2019_11_17,3,0,맘보토끼,5,https://www.youtube.com/watch?v=16_y2l6X0SU
콜오브듀티 모바일 25킬 0데스 플레이,38,2019_11_17,2,0,시盧해위해,10,https://www.youtube.com/watch?v=bW8exIQDvCQ
[콜오브듀티 모바일] 신총 '레이저 백' 뽑기 전에 꼭 보세요..! (코스모스 복권 가챠),"14,975",2019_11_17,223,8,감쟈,32900,https://www.youtube.com/watch?v=2FNb1uFh1y4
"[ 콜 오브 듀티 모바일 ] 핵쟁이들 때문에 무슨 서버를(한섭,글섭) 하든 다른게 없네요.. Call of duty mobile",708,2019_11_17,8,4,캔유CanYou,1160,https://www.youtube.com/watch?v=pF_BBetpZ0g
너오늘잘만났다3회.콜오브듀티 모바일 배틀로얄1등.19년11월17일,47,2019_11_17,3,0,맘보토끼,5,https://www.youtube.com/watch?v=K8wEdmanedU
"콜오브듀티,모바일 게임 같이 게임해요.관전도 환영해요.🤗 Call of Duty, let's play mobile games together.You're welcome.",161,2019_11_18,0,0,키친아빠GJS,632,https://www.youtube.com/watch?v=3zvaa20VOfI
"지옥의개 켈베로스 사냥 Hell's Dog Kelberos Hunting 콜오브듀티,모바일 게임 같이 게임해요.Call of Duty, let's play mobile games.",41,2019_11_18,0,0,키친아빠GJS,632,https://www.youtube.com/watch?v=nxVx4uUiJrU
콜 오브 듀티: 모바일,27,2019_11_18,0,0,윤경준,0,https://www.youtube.com/watch?v=oYQ4RETvwII
콜오브듀티 모바일 매드무비의 실체,5,2019_11_18,0,0,ᆞ17아몬드,8,https://www.youtube.com/watch?v=W5bfMqVcNY0
콜 오브 듀티 모바일 1화,7,2019_11_18,2,0,시푸,88,https://www.youtube.com/watch?v=iKciihc7UPA
콜오브듀티 모바일 게임 첫 방송,6,2019_11_18,0,0,별탑클민유튜브,0,https://www.youtube.com/watch?v=WSEJ2yeaAz4
[콜오브듀티 :모바일] 존버 하려 했는데 ?? 레전드찍은?!?,12,2019_11_18,3,1,《 Daia》 わら밀짚TV,143,https://www.youtube.com/watch?v=QditiUH6FM0
[콜오브듀티 모바일] 에임핵 무반동핵 투명핵 모든핵을 한번에 사용한다면?,"2,756",2019_11_18,44,11,sseokue써크,11700,https://www.youtube.com/watch?v=0Kmx4KD01LQ
GUN GAME 게임판 뒤집기! [콜오브듀티모바일],33,2019_11_18,0,1,폐물쥐,0,https://www.youtube.com/watch?v=GL81WfHUK4w
[콜오브듀티 모바일] 신규 스코어스트릭 '화염병' 이렇게 사용하세요!!,"7,916",2019_11_19,108,5,감쟈,32900,https://www.youtube.com/watch?v=s-giRg2cPPg
(콜오브듀티 모바일) 동굴존버?!#바주카달인 콜오브듀티 #모바일게임,43,2019_11_19,1,1,《 Daia》 わら밀짚TV,143,https://www.youtube.com/watch?v=fo7-ItABzfU
수색섬멸 1번도 안죽고 MVP되는 방법(콜오브듀티모바일),19,2019_11_19,2,1,FIREHAM31,9,https://www.youtube.com/watch?v=-U6TJl9ccwI
"콜오브듀티,모바일 게임 같이 게임해요.관전도 환영해요.🤗 Call of Duty, let's play mobile games together.You're welcome.🤗",27,2019_11_19,0,0,키친아빠GJS,632,https://www.youtube.com/watch?v=5-QuR_x4PVU
"콜오브듀티,모바일 게임 같이 게임해요.관전도 환영해요.🤗 Call of Duty, let's play mobile games together.You're welcome.🤗",17,2019_11_20,5,0,키친아빠GJS,632,https://www.youtube.com/watch?v=cTToJVvrDEw
[콜오브듀티 모바일] 배틀로얄 {솔플},20,2019_11_20,2,0,《 Daia》 わら밀짚TV,143,https://www.youtube.com/watch?v=1bSfOLUljcg
"콜오브듀티,모바일 게임 같이 게임해요.관전도 환영해요.🤗 Call of Duty, let's play mobile games together.You're welcome.🤗",16,2019_11_20,3,0,키친아빠GJS,632,https://www.youtube.com/watch?v=NwXUe7Ld8NY
"콜오브듀티,모바일 게임 같이 게임해요.관전도 환영해요.🤗 Call of Duty, let's play mobile games together.You're welcome.🤗",34,2019_11_20,5,0,키친아빠GJS,632,https://www.youtube.com/watch?v=ni8toiGh2Yo
[ 콜 오브 듀티 모바일 ] 스크림 킬 클립 매드무비 다들 이정도 월샷은 하잖아요?? Call of Duty mobile montage #2,933,2019_11_20,11,13,캔유CanYou,1160,https://www.youtube.com/watch?v=zKTz4gU-kfM
"콜오브듀티,모바일 게임 같이 게임해요.관전도 환영해요.🤗 Call of Duty, let's play mobile games together.You're welcome.🤗",15,2019_11_20,3,0,키친아빠GJS,632,https://www.youtube.com/watch?v=jTYU1wQdyos
[withCameraFiLive][윤허독TV] 모바일배그 및 콜오브듀티:모바일(Call of Duty: Mobile) 및 잠방송,23,2019_11_20,5,0,윤허독TV,171,https://www.youtube.com/watch?v=YNMR4sn8g4o
"콜오브듀티,모바일 게임 같이 게임해요.관전도 환영해요.🤗 Call of Duty, let's play mobile games together.You're welcome.🤗",23,2019_11_21,6,0,키친아빠GJS,632,https://www.youtube.com/watch?v=FVX_dszg3wg
안드로이드 (콜오브듀티 모바일) 배틀로얄 솔로 #71,6,2019_11_21,0,0,황금호빵,44,https://www.youtube.com/watch?v=8kO92bFhaiM
"[콜오브듀티 모바일] 이 좋은걸, 지금까지 몰랐습니다..;;","11,702",2019_11_21,136,6,감쟈,32900,https://www.youtube.com/watch?v=xPVSv1rEXQk
안드로이드 (콜오브듀티 모바일) 배틀로얄 솔로 #70,4,2019_11_21,0,0,황금호빵,44,https://www.youtube.com/watch?v=938Xrrkmenk
콜 오브 듀티 : 모바일,7,2019_11_21,0,0,사비성 테레비[TV],6,https://www.youtube.com/watch?v=N6akglv7WIo
"콜오브듀티,모바일 같이 게임해요.관전도 환영해요.🤗🤗🤗",20,2019_11_22,6,0,키친아빠GJS,632,https://www.youtube.com/watch?v=k048trKoWUo
"콜오브듀티,모바일 게임 같이 게임해요.관전도 환영해요.🤗 Call of Duty, let's play mobile games together.You're welcome.🤗",27,2019_11_22,8,0,키친아빠GJS,632,https://www.youtube.com/watch?v=P12LPnXtGWo
콜오브듀티 모바일랭커전팀매치 Live🔴,3,2019_11_22,0,1,《 Daia》 わら밀짚TV,143,https://www.youtube.com/watch?v=1r3Pkg1Xn-I
너오늘잘만났다16회 콜오브듀티모바일 멀티플레이1등.2019년11월23일04시49분,24,2019_11_22,2,0,맘보토끼,5,https://www.youtube.com/watch?v=1HnYXGhcFMM
콜 오브 듀티 모바일,29,2019_11_22,4,0,선호TV,25,https://www.youtube.com/watch?v=PqB1eu2yiNw
모바일게임 콜오브듀티 첫판 VIP 게릴라뿌시기,4,2019_11_22,0,0,[토이풀TV] ToyPoolTV,10,https://www.youtube.com/watch?v=Pc_dW6madTs
"콜오브듀티,모바일 게임 같이 게임해요.관전도 환영해요.🤗 Call of Duty, let's play mobile games together.You're welcome.🤗",32,2019_11_23,7,1,키친아빠GJS,632,https://www.youtube.com/watch?v=ZmbhXVlKfu8
[민이] 콜오브듀티 모바일 게임!! 모바일 배그보다 재미있을까?? [ 배그유저 ],145,2019_11_23,10,0,민민YOUTUBE,4150,https://www.youtube.com/watch?v=zhoiNhdlh4w
[콜오브듀티 모바일] 점수를 올리기 위한 필수 팁! - '퍽 & 수류탄' 공략,"8,249",2019_11_23,159,3,감쟈,32900,https://www.youtube.com/watch?v=HKKJ699KCgI
돼지삼총사의 첫번째 모바일 게임 리뷰(콜 오브 듀티 모바일),23,2019_11_23,5,0,돼지삼총사!,4,https://www.youtube.com/watch?v=vdp3GoFWGEA
콜오브듀티 모바일 트롤링을 해보자!!!,28,2019_11_23,5,0,월광-moonlight,19,https://www.youtube.com/watch?v=TIWD9Qtghw0
"콜오브듀티,모바일 게임 같이 게임해요.관전도 환영해요.🤗 Call of Duty, let's play mobile games together.You're welcome.🤗",15,2019_11_23,3,0,키친아빠GJS,632,https://www.youtube.com/watch?v=VtvJHx_-tSo
[신작모바일게임 리뷰 추천 부부게임 커플 콜오브듀티모바일] 총쏘기보다 화면조작이 더 어렵다..?,234,2019_11_24,6,0,연상연하햄볶부부TV,819,https://www.youtube.com/watch?v=yh2orb8zXjc
콜오브듀티 모바일 스나이퍼 실시간 방송,260,2019_11_24,1,2,멜론튜브,0,https://www.youtube.com/watch?v=xW2IhxJdLv4
"콜오브듀티,모바일 게임 모바일게임 덕후🤣🤣🤣Call of Duty, Mobile Game, Thanks to Mobile Game🤣🤣🤣",73,2019_11_24,8,1,키친아빠GJS,632,https://www.youtube.com/watch?v=5I2lxXwfCGo
"콜오브듀티,모바일 게임 모바일게임 덕후🤣🤣🤣 Call of Duty, Mobile Game, Thanks to Mobile Game🤣🤣🤣",29,2019_11_24,5,0,키친아빠GJS,632,https://www.youtube.com/watch?v=Ymh1MK3fnu8
"콜오브듀티,모바일 게임 같이 게임해요.관전도 환영해요.🤗 Call of Duty, let's play mobile games together.You're welcome.🤗",72,2019_11_24,6,0,키친아빠GJS,632,https://www.youtube.com/watch?v=aYlXKXKjftc
"콜오브듀티,모바일 게임 같이 게임해요.관전도 환영해요.🤗 Call of Duty, let's play mobile games together.You're welcome.🤗",200,2019_11_24,3,0,키친아빠GJS,632,https://www.youtube.com/watch?v=aAvZlxca9dk
콜 오브 듀티 모바일 게임하는 김주비,2,2019_11_25,1,0,김주비,4,https://www.youtube.com/watch?v=0thXPXISQmA
"[콜오브듀티 모바일] 좀비모드, 숨바꼭질, 신맵, 밸런스 패치까지..?! 2.0 대규모 업데이트 정리!","10,341",2019_11_25,180,2,감쟈,32900,https://www.youtube.com/watch?v=0FujXZEyyQU
[콜오브듀티 모바일] 좀비모드 첫판만에 뽑기총 획득!! - 좀비 노말모드 '레이건' 플레이!,"13,743",2019_11_25,148,7,감쟈,32900,https://www.youtube.com/watch?v=O1K5xioAwX4
[콜오브듀티: 모바일 ] 랭크전 시즌1 마지막 시즌2계속,33,2019_11_25,1,1,《 Daia》 わら밀짚TV,143,https://www.youtube.com/watch?v=vyX9G3nvEXc
MSMC_MAD MOVE 콜오브듀티 매드무비#2[콜오브듀티:모바일],60,2019_11_25,6,0,레인LANE,132,https://www.youtube.com/watch?v=ndQZq39iqK8
콜오브듀티 모바일,4,2019_11_25,0,0,Jinsu Ko,7,https://www.youtube.com/watch?v=bh53mKMV9sA
[콜오브듀티 모바일] AKS74u 관짝 들어가나요? AK117도 같이??,"5,855",2019_11_25,78,5,BaBa TV,1500,https://www.youtube.com/watch?v=RNShjUxiUJQ
"콜오브듀티,모바일 게임 모바일게임 덕후🤣🤣🤣 Call of Duty, Mobile Game, Thanks to Mobile Game🤣🤣🤣",28,2019_11_26,5,0,키친아빠GJS,632,https://www.youtube.com/watch?v=wwnUTTVVodA
[콜오브듀티 모바일] 2.0 대규모 총기 밸런스 패치 정리!! - 국민총은 싹 다 너프..?!,"14,609",2019_11_26,189,4,감쟈,32900,https://www.youtube.com/watch?v=iKP-1MA6Iqs
콜 오브 듀티: 모바일 - 좀비 하드코어 레이드 (주복코 보스전),405,2019_11_27,2,0,Colotec,7,https://www.youtube.com/watch?v=QIDeDcxPels
콜 오브 듀티 모바일 좀비모드!!!(이베의 게임채널)(스틱파이터)(유튜버),48,2019_11_27,1,1,스파하는 스틱,41,https://www.youtube.com/watch?v=PyuOm_A4syA
콜오브듀티 모바일 배틀로얄 M16의 가공할 위력,13,2019_11_27,0,0,박종선,2,https://www.youtube.com/watch?v=bFs17L95ubI
"콜오브듀티,모바일 게임 모바일게임 덕후🤣🤣🤣 Call of Duty, Mobile Game, Thanks to Mobile Game🤣🤣🤣",48,2019_11_27,8,0,키친아빠GJS,632,https://www.youtube.com/watch?v=LX-Up1Uu1v4
[콜오브듀티모바일] 좀비모드:),191,2019_11_27,4,0,DEVIL iOS,317,https://www.youtube.com/watch?v=m7J36zDQFQk
오랜만에 올린 영상! (콜 오브 듀티 모바일) 플레이!!,28,2019_11_27,2,0,준이J,63,https://www.youtube.com/watch?v=GemFMrjIFUY
콜오브 듀티:모바일 Call Of Duty mobile,21,2019_11_27,5,0,PJH,3160,https://www.youtube.com/watch?v=oP8ysQNlgTw
[콜오브듀티 모바일] 좀비모드 하드코어 레이드 1인 공략법! (+지하실 루트 공개!),"21,856",2019_11_27,228,12,감쟈,32900,https://www.youtube.com/watch?v=bpKKP0Qgfyg
"모바일 게임 모바일게임 덕후🤣🤣🤣 Call of Duty, Mobile Game, Thanks to Mobile Game🤣🤣🤣",78,2019_11_28,4,0,키친아빠GJS,632,https://www.youtube.com/watch?v=XZebTmczAUk
"콜오브듀티,모바일 게임 모바일게임 덕후🤣🤣🤣 Call of Duty, Mobile Game, Thanks to Mobile Game🤣🤣🤣",41,2019_11_28,4,1,키친아빠GJS,632,https://www.youtube.com/watch?v=VSh_UraffSw
콜오브듀티모바일 좀비모드 최종보스에게 한국 고추의 매운맛을 좀 보여주었습니다.훗..,31,2019_11_28,3,1,진정한영웅,23,https://www.youtube.com/watch?v=_uqwCFTMOII
콜오브듀티모바일 MVP갔다!,10,2019_11_28,1,0,3인의배그전사들,14,https://www.youtube.com/watch?v=j1i_saxMgkE
[콜오브듀티 모바일] 배틀로얄 최고의 파밍존이 생겼습니다!! - 신규지역 '서커스 + 설원' 리뷰!,"5,404",2019_11_28,93,2,감쟈,32900,https://www.youtube.com/watch?v=vzOkE8wnEOc
콜 오브 듀티:모바일 신규 좀비 모드 리뷰,12,2019_11_29,0,0,2인격 You Tube,12,https://www.youtube.com/watch?v=So0sqX8J0dE
캐로봇 콜오브듀티모바일 게임,14,2019_11_29,2,2,캐로봇TV,7,https://www.youtube.com/watch?v=l193DFLuejM
콜오브듀티 모바일 - 그냥 칼질하는 영상,"1,252",2019_11_29,27,3,이태리freedom,1570,https://www.youtube.com/watch?v=sGpRgzAJzgQ
"콜오브듀티,모바일 게임 모바일게임 덕후🤣🤣🤣 Call of Duty, Mobile Game, Thanks to Mobile Game🤣🤣🤣",43,2019_11_29,6,0,키친아빠GJS,632,https://www.youtube.com/watch?v=cJgzJmHe790
콜오브듀티 모바일영상,8,2019_11_30,2,0,정안초,2,https://www.youtube.com/watch?v=PusA6TWHh-w
[할배의 게임채널]콜오브듀티 모바일 좀비모드 하드코어 레이드 공략!,47,2019_11_30,3,0,할배의 게임채널,9,https://www.youtube.com/watch?v=ar0CaZsqXmI
"콜오브듀티 모바일 핵 판매합니다!! ESP,무반동,레이더핵! 설명확인",337,2019_11_30,3,4,Ki Young,19,https://www.youtube.com/watch?v=BqWfRQFwL2M
[콜오브듀티:모바일] 편집기 바꾼 기념으로 링크매치를 해보겠습니다. (그런데 편집기랑 게임이랑 뭔상관?) [펀유튜브],8,2019_11_30,0,0,Fun Youtube 펀유튜브,7,https://www.youtube.com/watch?v=tXb6OSomyZI
콜 오브 듀티: 모바일 게임 하기,37,2019_11_30,1,0,빅동우,48,https://www.youtube.com/watch?v=Rva4Ovx13gI
'콜 오브 듀티: 모바일' 좀비모드를 해봄 | 겜생(GAMELIFE),266,2019_11_30,5,1,겜생,0,https://www.youtube.com/watch?v=04L4mcLlTqY
콜오브듀티 모바일 이스터에그 주복코,23,2019_11_30,0,1,빨간망고,8,https://www.youtube.com/watch?v=iG4lb2fodm4
[콜오브듀티 모바일] 좀비모드에 숨겨진 보스가 있다..?! - 이스터에그 1편,"13,846",2019_11_30,186,10,감쟈,32900,https://www.youtube.com/watch?v=ymjJHdfZEuA
"콜오브듀티,모바일 게임 모바일게임 덕후🤣🤣🤣 Call of Duty, Mobile Game, Thanks to Mobile Game🤣🤣🤣",201,2019_11_30,12,0,키친아빠GJS,632,https://www.youtube.com/watch?v=KXvkQdkKc7U
콜 오브 듀티 모바일 스트리밍 방송 합니다.,11,2019_11_30,3,0,MCBE엔더박사,136,https://www.youtube.com/watch?v=ZDk--lcz-GM
[콜오브듀티 모바일] 드디어 제대로된 뽑기 총이 나왔습니다!! AR 최강자 'ICR-1' 리뷰!,"23,286",2019_11_30,269,13,감쟈,32900,https://www.youtube.com/watch?v=PvTvxGA7zYg
[콜오브듀티 모바일] 스나이퍼 랭크 플레이,295,2019_12_01,6,0,Regret Fps,20,https://www.youtube.com/watch?v=X0FVGwtDfbc
[콜오브듀티 모바일] 이거만 보면 화려한 플레이 가능..?! 프로랭크가 보여주는 5핑거 설정법!!,"6,248",2019_12_01,108,7,감쟈,32900,https://www.youtube.com/watch?v=2D9pjXcGzfk
콜 오브 듀티 모바일 - 안드로이드 게임 플레이,34,2019_12_01,2,0,공룡 세계,0,https://www.youtube.com/watch?v=HHbg1LSLSsM
콜오브듀티 모바일 팀데스매치,0,2019_12_01,0,0,요게임,1,https://www.youtube.com/watch?v=VRiN3z1tNxw
G패드 5 WIFI모델(콜오브 듀티 모바일),49,2019_12_02,0,0,XtremeMusic,1560,https://www.youtube.com/watch?v=cWa8z7GTQz8
[콜오브듀티 모바일] 이 스킨과 얼음총이 너무 마음에 듭니다ㅋㅋㅋㅋㅋㅋ,"8,868",2019_12_02,128,7,감쟈,32900,https://www.youtube.com/watch?v=XaFxXDieJvA
[콜오브듀티 모바일]아직도 킬하우스에서 MSMC 쓰니?,"2,519",2019_12_02,39,3,BaBa TV,1500,https://www.youtube.com/watch?v=gcJGCKPjBdA
콜오브듀티모바일게임2번째좋아요와구독한번씩만부탁드릴게요.,4,2019_12_03,0,0,김김태균,4,https://www.youtube.com/watch?v=g5TvivU0eQ8
콜오브듀티 모바일 - 시즌2 랭크 하이라이트!,"1,424",2019_12_03,15,3,이태리freedom,1570,https://www.youtube.com/watch?v=8fcqxnJW2d8
[콜오브듀티 모바일] 좀비모드 모든 이스터에그 공략!! (+지도포함),"8,948",2019_12_03,131,5,감쟈,32900,https://www.youtube.com/watch?v=tOLL0GXJfvM
"[콜오브듀티] 정신병 유발 최악의 샷건 HS0405, 과연 이것만 사용해서 수직이착륙 발동시킬 수 있을까?","6,300",2019_12_04,120,3,TV Seogi,2630,https://www.youtube.com/watch?v=4ls9MTjwzc8
[콜오브듀티 :모바일] 이스터에그 (보스)주복코!! (아이엠구르트!),39,2019_12_04,1,0,《 Daia》 わら밀짚TV,143,https://www.youtube.com/watch?v=msrpLWsZBtA
[콜 오브 듀티 모바일]뉴크타운설치기,13,2019_12_04,0,0,이기성,0,https://www.youtube.com/watch?v=901ptuLEFIw
콜오브듀티 모바일게임. 배틀로얄모드2019/12/5.,7,2019_12_04,0,0,J이도,5,https://www.youtube.com/watch?v=RR9QfYlNweg
콜오브 듀티 모바일 게임 개인전 20킬 1등팁 Call of Duty Mobile Game Personal 20KW 1stTip,141,2019_12_04,6,0,키친아빠GJS,632,https://www.youtube.com/watch?v=qbxIsZh7B2M
콜 오브 듀티 모바일 PDW-57 사용법 에니메이션 (콜알못 부터 고인물 까지),101,2019_12_04,4,3,Assassin Giga Fighter,94,https://www.youtube.com/watch?v=IJMKcvJdLWI
콜 오브 듀티 (모바일) 숨겨진 엘리비터,4,2019_12_05,2,0,ZOS VS ZOS s,1,https://www.youtube.com/watch?v=eUUi5x14Q4g
개빡치네.........콜오브듀티[Call of Duty]모바일,8,2019_12_05,2,0,총쏘는레온,16,https://www.youtube.com/watch?v=6uUTGEKNEAM
"'배그 모바일' vs '콜옵 모바일' 두 게임을 비교한, 4분 정리영상!","9,740",2019_12_06,240,11,감쟈,32900,https://www.youtube.com/watch?v=feKIIhTZnUM
랭크 전을 하다.^^ ~~,28,2019_12_06,1,3,갓종빈개잘핵,12,https://www.youtube.com/watch?v=wivRz_l2XbA
[콜오브듀티 모바일] 여러분이 기다리던 모드가 진짜 나왔습니다ㅋㅋㅋㅋㅋ 기간 한정 '칼전' 모드,"5,919",2019_12_06,106,2,감쟈,32900,https://www.youtube.com/watch?v=qsEYwV1Re5g
콜오브듀티 모바일 게임하기.,17,2019_12_06,2,0,박카구팔,69,https://www.youtube.com/watch?v=GamgMl_J-Ag
[생방] 콜 오브 듀티 모바일 즐겜 & 리그오브레전드 첫 도전!,492,2019_12_06,15,0,TV Seogi,2630,https://www.youtube.com/watch?v=d1f7YGZW2CM
[생방] 콜 오브 듀티 모바일 즐겜 & 리그오브레전드 첫 도전!,"1,301",2019_12_06,57,1,TV Seogi,2630,https://www.youtube.com/watch?v=M1HAhrRa0_k
[콜오브 듀티:모바일][Call of Duty]쉘리와 콜오브듀티:모바일 플레이하기,8,2019_12_06,2,0,총쏘는레온,16,https://www.youtube.com/watch?v=1xJOKKJjUeY
[콜오브듀티모바일][Call of Duty] 콜오브듀티모바일 쉘리tv와 함께 콜오브듀티모바일!!,9,2019_12_06,1,0,총쏘는레온,16,https://www.youtube.com/watch?v=dNxzUpxCkLk
좀비사냥 : 갑자기 좀비떼가 집에 쳐들어온다면?! - 허팝x콜오브듀티모바일,"198,946",2019_12_07,3400,179,허팝Heopop,3500000,https://www.youtube.com/watch?v=PaeefIJvuUM
[ 콜 오브 듀티 ] 프로의 스트라이커 플레이 영상 「 Call of duty mobile 」,40,2019_12_07,1,1,미호,66,https://www.youtube.com/watch?v=V1i9Dz03-8o
콜오브듀티 모바일 게임 추천,10,2019_12_07,0,0,AK샌즈,29,https://www.youtube.com/watch?v=U4NEA7UedjI
"(콜오브듀티 모바일)제패 뉴크타운 하이라이트(feat.신규 오퍼레이터 스킬""그래비티 스파이크"")",534,2019_12_07,3,0,크리딧[땅콩 중독자],53,https://www.youtube.com/watch?v=nBq9zySvhzk
"[콜오브듀티 모바일] 글로벌서버 다운 받는 방법!!! (안드로이드, IOS)","1,282",2019_12_07,25,2,BaBa TV,1500,https://www.youtube.com/watch?v=kfyHd0mIzYM
콜오브듀티 모바일 게임 시즌 1 프로2 였던 나의 실력 아직도 살아있나? (말이 없습니다 죄송합니다),10,2019_12_07,1,0,하사시부리,2,https://www.youtube.com/watch?v=jsF7MvXRZ8Q
콜오브듀티모바일을하는피피,21,2019_12_07,2,0,펭귄PP,21,https://www.youtube.com/watch?v=yEWilScoO7s
"[콜오브듀티 모바일] 3점사 총기만 가능한, 비밀을 찾았습니다!","8,282",2019_12_08,137,7,감쟈,32900,https://www.youtube.com/watch?v=hJbNQw-psBw
[ 콜 오브 듀티 모바일 ] 신규 오퍼레이터 스킬 '그래비티 스파이크' 킬 모음집,194,2019_12_08,1,1,ALMIGHTY POODLE,49,https://www.youtube.com/watch?v=Z6419hUBy7E
콜오브듀티 모바일 스틱앤 스톤즈,47,2019_12_08,3,0,익로,14,https://www.youtube.com/watch?v=eUHtNaB5ESw
상황판단 센스_콜오브듀티모바일 배틀로얄 매드무비3 (맴창잉),37,2019_12_08,1,0,"맴창잉 [배그,콜옵듀티,카트]",14,https://www.youtube.com/watch?v=1ThwYMwinxw
콜오브듀티:모바일 퀴즈 (몇단계까지갔나요???),13,2019_12_08,2,0,훈련봇cd,22,https://www.youtube.com/watch?v=EjtUgioailA
콜오브듀티 모바일 - 랭크전을 재밋게 즐기는 유저!?,950,2019_12_08,22,4,이태리freedom,1570,https://www.youtube.com/watch?v=JfQlxoX-Zq0
[SGETHER] 콜오브듀티 모바일,21,2019_12_08,6,0,갓쁘디,907,https://www.youtube.com/watch?v=OBKjwTCOUIc
콜오브듀티 모바일 게임 최강 여성분 강아지 코골이들으면서 1등Call of Duty Mobile Game The Strongest Woman,97,2019_12_08,10,0,키친아빠GJS,632,https://www.youtube.com/watch?v=IID8p-GWi6g
오늘은콜오브듀티-모바일플레이하기!,4,2019_12_08,0,0,로블록스맨,10,https://www.youtube.com/watch?v=AhFFJegoZgo
콜오브듀티 모바일 게임,13,2019_12_08,3,0,*만두와라면의게임세상,18,https://www.youtube.com/watch?v=TvA4B4t70c4
[콜오브듀티] 칼 하나에 의존하여 전장을 뚫고 수직이착륙 발동시키기 프로젝트!,"3,072",2019_12_09,76,3,TV Seogi,2630,https://www.youtube.com/watch?v=z87YyjyhW3E
콜오브듀티 계정날라가서 다시시작 3렙인데 상대편50렙 실화 결과는?,5,2019_12_09,0,0,ᆞ설삼,7,https://www.youtube.com/watch?v=ReNFTbillZc
콜오브듀티모바일매드무비?,13,2019_12_09,1,0,ke사냥꾼,9,https://www.youtube.com/watch?v=UaMdFAsQOTY
모바일콜오브듀티 개인전 2분러쉬!,4,2019_12_09,1,0,파비,3,https://www.youtube.com/watch?v=z3ST7dEjpUo
《[콜오브듀티:모바일](크리스마스: 특집)》 눈사람처치&보상,213,2019_12_09,2,0,《 Daia》 わら밀짚TV,143,https://www.youtube.com/watch?v=Mz4DFOepds8
콜오브듀티모바일 게임시작 하쟈규,5,2019_12_09,0,0,Hi_HyunJeong현정,0,https://www.youtube.com/watch?v=_KDgw6g0tuE
테스트방송,4,2019_12_09,0,0,Hi_HyunJeong현정,0,https://www.youtube.com/watch?v=BlSlMaDM4Ak
안드로이드 (콜오브듀티 모바일) 배틀로얄 솔로 #100,10,2019_12_09,0,0,황금호빵,44,https://www.youtube.com/watch?v=GTceHkSadxk
"[콜오브듀티 모바일] 이 오퍼레이터 스킬은, 진짜 재미있습니다ㅋㅋㅋㅋㅋㅋ","7,517",2019_12_10,113,7,감쟈,32900,https://www.youtube.com/watch?v=RSo-ihC7UAo
[withCameraFiLive][윤허독TV] 모바일배그 및 콜오브듀티:모바일(Call of Duty: Mobile) 및 잠방송,7,2019_12_10,1,0,윤허독TV,171,https://www.youtube.com/watch?v=N8j0pF6Q5E8
안드로이드 (콜오브듀티 모바일) 배틀로얄 솔로 #102,9,2019_12_10,0,0,황금호빵,44,https://www.youtube.com/watch?v=YJ1I2yzPdcY
리뉴업 님과 합방(콜 오브 듀티:모바일)#3,4,2019_12_10,0,0,Plem Youtube,3,https://www.youtube.com/watch?v=Q3TY4I9EUK0
벽에걸침ㄷㄷ_콜오브듀티모바일 배틀로얄 매드무비4 (맴창잉),39,2019_12_10,2,0,"맴창잉 [배그,콜옵듀티,카트]",14,https://www.youtube.com/watch?v=pUqu_ex1GfU
콜오브듀티 모바일 초보 듀오 영상,6,2019_12_10,0,0,모리어답터,4,https://www.youtube.com/watch?v=S5fw0JvERsI
콜오브듀티 모바일 좀비모드 좀비보스 잡아보자!,"3,354",2019_12_10,118,4,HeopopGames 허팝게임,362000,https://www.youtube.com/watch?v=UcJ9BT-OxD0
콜오브듀티 모바일,1,2019_12_10,0,0,박종선,2,https://www.youtube.com/watch?v=ANZe0CNX6BU
콜 오브 듀티:모바일,2,2019_12_10,0,0,픽신캔두tv,0,https://www.youtube.com/watch?v=aoN2uCtMm7k
[콜오브듀티 모바일] 던질까 말까 던질까 말까,28,2019_12_10,3,0,choding [GD],78,https://www.youtube.com/watch?v=d6txyegQttY
콜오브듀티 모바일 fps 핸드폰게임 퀄리티가 이렇다고?? 건게임 일등하기,93,2019_12_10,6,0,서기tv,49,https://www.youtube.com/watch?v=Ez7Wu9qCi0E
[ 콜 오브 듀티 ] 프로는 재패부터 다르다! 「 Call of duty mobile 」,16,2019_12_10,1,0,미호,66,https://www.youtube.com/watch?v=gEzOZEyfir4
리뉴업님과 합방(콜 오브 듀티:모바일) #2,4,2019_12_10,0,0,Plem Youtube,3,https://www.youtube.com/watch?v=2ZmFPui_iEM
[콜오브듀티] 인기 없는 무기 소생시키기! M16과 HG40으로 전술핵 발동 챌린지!,"3,030",2019_12_10,87,3,TV Seogi,2630,https://www.youtube.com/watch?v=4990nBaFGvM
콜 오브 듀티 : 모바일,4,2019_12_10,0,0,사비성 테레비[TV],6,https://www.youtube.com/watch?v=ITVlnf-KhOY
맘보토끼55회.콜오브듀티모바일.건게임개인전1등.2019년 12월 11일 06시 40분,24,2019_12_10,3,0,맘보토끼,5,https://www.youtube.com/watch?v=TkjORAoo2FE
콜오브듀티 모바일 m16!버프 먹고 엄청 좋아졌네?(첫영상),17,2019_12_10,1,0,no.11 KIM,2,https://www.youtube.com/watch?v=ZHaLQBl27_4
콜 오브 듀티 정예메인스나 랭크매치,27,2019_12_11,0,0,메인스나정예,28,https://www.youtube.com/watch?v=w9xPEq3BRRg
[withCameraFiLive][윤허독TV] 모바일배그 및 콜오브듀티:모바일(Call of Duty: Mobile) 및 잠방송,6,2019_12_11,3,0,윤허독TV,171,https://www.youtube.com/watch?v=YtcKfTILjtw
[ Call of Duty: Mobile ] 솔랭하고 싶은데 큐가 안 잡히네요 ㅠㅠ 그러므로 아무팟 들가서 할게요,54,2019_12_11,0,0,캔유CanYou,1160,https://www.youtube.com/watch?v=1NKh9pfGbKs
콜오브듀티 모바일 먹티하는 패카123,67,2019_12_11,3,0,래엘,24,https://www.youtube.com/watch?v=5B1lRO6c2gc
콜 오브 듀티 정예메인스나 랭크매치,44,2019_12_11,0,0,메인스나정예,28,https://www.youtube.com/watch?v=z-2kmk0GK4c
콜오브듀티모바일 게임& 수다,2,2019_12_11,0,0,Hi_HyunJeong현정,0,https://www.youtube.com/watch?v=UKML7HOyXzk
'' CALL OF DUTY MOBILE '' Server KOREA 한국을 휩쓸다,14,2019_12_11,1,0,MVC ĐT,0,https://www.youtube.com/watch?v=B5UZU6qmgEA
내가 이 맛에 콜오브듀티모바일하고 이 맛에 RPD사용한다,6,2019_12_11,0,0,게임황제,17,https://www.youtube.com/watch?v=DujWwmzLszY
콜 오브 듀티 정예메인스나 랭크매치,67,2019_12_11,3,0,메인스나정예,28,https://www.youtube.com/watch?v=tWjmjJi8IPU
콜오브듀티모바일,3,2019_12_11,1,0,리오넬짭시,3,https://www.youtube.com/watch?v=I03ScfBvAVQ
권총에 고인놈,13,2019_12_11,2,0,YTians:매드무비 영상,32,https://www.youtube.com/watch?v=1jQFe4sFTY8
안드로이드 (콜오브듀티 모바일) 배틀로얄 솔로 #104,2,2019_12_11,0,0,황금호빵,44,https://www.youtube.com/watch?v=J6OusjX5wyc
{게임이벤트&구독자이벤트}(콜오브듀티: 모바일) 100레벨기념&구독자 139명 이벤트!!,22,2019_12_11,1,0,《 Daia》 わら밀짚TV,143,https://www.youtube.com/watch?v=JRgX2sqi-oE
안드로이드 (콜오브듀티 모바일) 배틀로얄 솔로 #105,5,2019_12_11,0,0,황금호빵,44,https://www.youtube.com/watch?v=qef-_JrAq8k
콜오브듀티 모바일 - 10렙에 얻는 원탑총 AKS-74U 리뷰,"1,134",2019_12_11,68,3,컬스 [Kers],5790,https://www.youtube.com/watch?v=ePS0uQ0Hm3E
[콜오브듀티] 배틀로얄 크리스마스 이벤트 속 숨겨진 이스터에그 공략! 배틀로얄이 어려워졌다?,"3,197",2019_12_11,68,4,TV Seogi,2630,https://www.youtube.com/watch?v=g1NcevyAdtE
콜오브듀티모바일게임에서 전다ㅠㅠ 당근,7,2019_12_11,0,0,당근,8,https://www.youtube.com/watch?v=JkghbFsyUrQ
[콜오브듀티 :모바일] 제패-파이어링 체인지,4,2019_12_11,1,0,《 Daia》 わら밀짚TV,143,https://www.youtube.com/watch?v=PL9cCmF3rJ0
(콜오브듀티 모바일) 우빠빠 lv1 쩌는실력,10,2019_12_11,1,0,우빠빠,245,https://www.youtube.com/watch?v=SnX7zVbAmqQ
[콜오브듀티 모바일] 전시즌 프로2 팀 데스매치 플레이영상 (aks-74u-메탈노트),10,2019_12_11,0,0,종합게임 채널Game crusher,9,https://www.youtube.com/watch?v=PHGjL6uO0AU
#콜오브듀티 Call Of Duty 고개네 키친아빠 HyunBi 앵크리몽키 님과 함께,80,2019_12_11,3,0,고개네 GOGAE,2960,https://www.youtube.com/watch?v=SOdae7aGV6s
(콜오브듀티 모바일 배틀필드)우빠빠 1등 치킨먹기,17,2019_12_11,2,0,우빠빠,245,https://www.youtube.com/watch?v=cskDlnQStxU
"콜 오브 듀티 모바일, 이거 진짜 너무하네;;",14,2019_12_11,3,0,Leon TV,12,https://www.youtube.com/watch?v=5Njb4EgjUXQ
콜 오브 듀티 모바일 M4리뷰,11,2019_12_11,0,0,서의석,44,https://www.youtube.com/watch?v=XGf30JMD6C0
콜 오브 듀티 업데이트 좀비모드 플레이 [갓허달],24,2019_12_12,3,0,갓허달,112,https://www.youtube.com/watch?v=ZVtMvVEokGk
콜오브듀티 모바일 - 아이폰 Xs 4핑거 유저 핸드캠영상!,"1,019",2019_12_12,23,2,이태리freedom,1570,https://www.youtube.com/watch?v=ytzAaydyXms
콜오브 듀티 모바일 배틀로얄 1,38,2019_12_12,2,0,래엘,24,https://www.youtube.com/watch?v=5SMeONsHU1c
드릴 원샷 원킬?!! 앜 ㅋ 진짜 재밌네[콜오브듀티 모바일],17,2019_12_12,3,1,안트비,86,https://www.youtube.com/watch?v=E5eW73YC0hY
요즘한핫 콜오브듀티:모바일!!!!!!!!!,7,2019_12_12,1,0,큐래나curena,8,https://www.youtube.com/watch?v=QTF5y7o25Dw
모바일게임 트리거 끝판왕!! 사장님 근데 이거 만원도 안되는데 성능이...[배틀그라운드 모바일 / 콜오브듀티 모바일],"1,073",2019_12_12,53,0,BaBa TV,1500,https://www.youtube.com/watch?v=06oRDf_SOvw
콜 오브 듀티 모바일 게임 해 보았다,3,2019_12_12,1,0,엔더기,11,https://www.youtube.com/watch?v=4apRh_hNAkw
"콜오브듀티 모바일, 배틀그라운드 이제 키보드 마우스로 하자!! (조이트론 Q1 키마 컨버터 리뷰)",614,2019_12_12,45,4,채널Km,17500,https://www.youtube.com/watch?v=6tQpR3cWmp8
콜 오브 듀티 정예메인스나 랭크매치,5,2019_12_12,1,0,메인스나정예,28,https://www.youtube.com/watch?v=YM3fW-NNRCA
[ Call of Duty: Mobile ] 요즘 솔랭 듀랭 할려는데 안잡히면 5인 할게요 ㅜㅜ,167,2019_12_12,3,1,캔유CanYou,1160,https://www.youtube.com/watch?v=gDclG96x3vA
[콜오브듀티 모바일] Rank Mad Movie,110,2019_12_12,4,0,Regret Fps,20,https://www.youtube.com/watch?v=By5gtz0HiPo
[콜 오브 듀티:모바일] 친구랑 콜듀티 하긔이!!,21,2019_12_13,6,1,델밍 TV,131,https://www.youtube.com/watch?v=biX3_lSqkGE
"[콜오브듀티 모바일] 퍼레이드카 노래가 흥겨워서, 게임중에 춤췄습니다ㅋㅋㅋㅋㅋㅋ","4,150",2019_12_13,97,5,감쟈,32900,https://www.youtube.com/watch?v=mmZHSNfjHHs
