﻿title,count,date,good_count,bad_count,youtuber,subscriber,url
best games Baby Emma Tattoo Studio girls games 2019,6,2019_01_21,0,0,u best games,34,https://www.youtube.com/watch?v=m4sjFSZgClA
best games Fab Tattoo Artist girls games 2019,19,2019_01_22,0,0,u best games,34,https://www.youtube.com/watch?v=8FYSNCWvcPc
best games Sofia The First Tattoo girls games 2019,13,2019_01_22,0,0,u best games,34,https://www.youtube.com/watch?v=ywJuCrhZBJE
best games Super Tattoo Artist girls games 2019,17,2019_01_22,0,0,u best games,34,https://www.youtube.com/watch?v=GqOQak5B9bI
best games Cosplay Girl Tattoo girls games 2019,34,2019_01_22,0,0,u best games,34,https://www.youtube.com/watch?v=NJ6k0wakASg
best games Rainbow Fairy Tattoo Artist,2,2019_01_22,0,0,u best games,34,https://www.youtube.com/watch?v=rE29zLNEGMg
best games Tattoo Art Design girls games 2019,12,2019_01_22,0,0,u best games,34,https://www.youtube.com/watch?v=C9dNVpiZUMM
best games Frozen Tattoos girls games 2019,21,2019_01_22,0,0,u best games,34,https://www.youtube.com/watch?v=b4yHQie7FmM
best games Elsa Face Tattoo girls games 2019,16,2019_01_22,0,0,u best games,34,https://www.youtube.com/watch?v=vqEeSDq4zbo
best games Super Tattoo Artist 2 girls games 2019,39,2019_01_22,0,0,u best games,34,https://www.youtube.com/watch?v=ZG25gZCSfn4
best games Anna Tattoo Studio 3 girls games 2019,22,2019_01_22,0,0,u best games,34,https://www.youtube.com/watch?v=ogu_MH0Ez5k
best games Anna Tattoo Studio girls games 2019,10,2019_01_23,0,0,u best games,34,https://www.youtube.com/watch?v=tgJKMS1PJgU
best games Baby Emma Tattoo girls games 2019,6,2019_01_23,0,0,u best games,34,https://www.youtube.com/watch?v=wcew3BTeMfE
best games Selena At Tattoo Shop girls games 2019,11,2019_01_23,0,0,u best games,34,https://www.youtube.com/watch?v=ZmvlLsB3aiY
best games Anna Tattoo Studio 2 girls games 2019,59,2019_01_23,0,0,u best games,34,https://www.youtube.com/watch?v=2SYpDYGgm04
best games Fab Tattoo Artist 2 girls games 2019,6,2019_01_23,0,0,u best games,34,https://www.youtube.com/watch?v=iwD5Ssz9cZs
best games Beyonce Tattoo Makeover girls games 2019,17,2019_01_23,0,0,u best games,34,https://www.youtube.com/watch?v=BFaeyX9-NDE
Looking at Tattoo Tycoon Cell Game!,67,2019_06_14,2,0,Kelly Ste Marie,119,https://www.youtube.com/watch?v=gKxNaZg6a3Y
Ink Inc. IOS Gameplay,357,2019_11_02,20,1,F2PlayGames,1310,https://www.youtube.com/watch?v=nwj6jhiJ8pU
NEW! СИМУЛЯТОР ТАТУИРОВЩИКА НА АНДРОИД ОБЗОР INK INC ANDROID GAMEPLAY TATTOO GAMES,"4,710",2019_11_03,194,5,Game Reviews KVM,139000,https://www.youtube.com/watch?v=xBV7R5Y86l8
Secrets of App Store Top Charts Case Study- E3:Ink Inc. - Tattoo Tycoon by Lion Studios,106,2019_11_03,4,0,Mobile Action,1060,https://www.youtube.com/watch?v=eRSyr9OimOc
Ink Inc. (Ink Master Sim by Lion Studios) Android Gameplay Walkthrough Part 1,"25,173",2019_11_04,211,35,Android Gameplay Weekly,319000,https://www.youtube.com/watch?v=tyhl0y3qavo
Batle Disc ALL LEVELS! BEW GAME BATLE DISC WORLD RECORD!,9,2019_11_04,0,0,Game Project,0,https://www.youtube.com/watch?v=HpUVAIp2etE
"INK INC GAMEPLAY LEVEL 1-10 WALKTHROUGH (iOS, Android)","1,779",2019_11_05,11,2,Al Cox,2370,https://www.youtube.com/watch?v=BxJpj9TQjtY
Ink inc! Ink inc android game! Ink inc game! Ink inc android gameplay! Ink inc gameplay! Part 2!,185,2019_11_05,2,1,Ak me Paul,0,https://www.youtube.com/watch?v=F2y17Qa9LUQ
Playing Ink inc.,56,2019_11_06,3,0,jen12106,18,https://www.youtube.com/watch?v=4VqkBgTRW5I
Ink Inc Gameplay Tattoo Tycoon Artist Game Android ios App Apk lion studios,776,2019_11_07,10,5,Scottish Gaming Duo,1250,https://www.youtube.com/watch?v=lncGr_DXTS8
Ink Inc. - Tattoo Tycoon - Gameplay - PARTE 1 - Come si gioca - iOS/Android,117,2019_11_07,1,0,SuperMobile,1700,https://www.youtube.com/watch?v=_MVoootLjpE
IS THIS THE MOST EXPENSIVE HIGHEST LEVEL TATTOO ARTIST EVOLUTION? (9999+ DRAWING SHOP) l Ink Inc.,"26,946",2019_11_08,597,107,Fady,297000,https://www.youtube.com/watch?v=y5wkWGUNw-A
Ruining people's tattoos in Ink.inc,43,2019_11_08,0,0,MECHA !,1,https://www.youtube.com/watch?v=kjztXb4B7YA
Ink Inc Tattoo Tycoon Gameplay,245,2019_11_08,2,0,Walkthroughinator,432,https://www.youtube.com/watch?v=SPXj_0NtoAI
Soy el peor Tatuador!|Ink Inc Tattoo Tycoon/Random EP.4,38,2019_11_09,0,0,WRAUL Gaming,33,https://www.youtube.com/watch?v=71PiNh5VWN4
Playing ink inc /tattoo game,55,2019_11_09,0,0,Chrismas_ fox,1,https://www.youtube.com/watch?v=M-RLBC_hZiU
Ink inc.,40,2019_11_09,2,1,Nos Nejj,21,https://www.youtube.com/watch?v=ZXMcpq4I7zM
INK INC. - TATTOO TYCOON (3 Free iPhone Games),"10,251",2019_11_10,308,10,lonniedos,933000,https://www.youtube.com/watch?v=uFY89M9f1lE
My first time playing tattoo tycoon featuring my cousin,11,2019_11_11,1,0,Firefox castillo,6,https://www.youtube.com/watch?v=P6HkZ8t6A98
Ink Inc.: 70+ tattoos unlocked - Gameplay Walkthrough and First Impressions,"1,860",2019_11_11,14,0,GamePlays365,599,https://www.youtube.com/watch?v=48L50r2_KbU
Ink Inc Tattoo Tycoon Gameplay Walkthrough - First Impressions,"1,389",2019_11_11,20,4,TapGameplayed,7070,https://www.youtube.com/watch?v=Qv_87R9WEM4
Ink Inc. - Tattoo Tycoon Gameplay #1 (Android),158,2019_11_11,3,0,Monster Squid,7,https://www.youtube.com/watch?v=Bm6Eunhmvbo
jogando ink inc.,335,2019_11_11,12,4,Carlos Eduardo de Carvalho,12,https://www.youtube.com/watch?v=dM6eHQfoU0o
Ink Inc. - Tattoo Tycoon Gameplay #2 (Android),113,2019_11_11,2,2,Monster Squid,7,https://www.youtube.com/watch?v=1YjZObG7nKQ
Ich bin ein (schrecklicher)Tätowierer/Tattoo Tycoon,10,2019_11_12,0,0,Matteo YT,11,https://www.youtube.com/watch?v=a915asbVgbU
Giving people terrible tattoos INK INC.,140,2019_11_12,3,1,German Todd Howard,64,https://www.youtube.com/watch?v=Txh4NUJJ12Q
Ink Inc - Tattoo Tycoon: Gameplay Episode 1,31,2019_11_12,1,0,Liza XoXo,1,https://www.youtube.com/watch?v=AhJVsxKAMRc
Ink Inc. Tattoo Tycoon Ios Android gameplay,39,2019_11_13,0,0,Apple Gaming,9,https://www.youtube.com/watch?v=t6ucVJ5Y2mg
Ink inc.-tattoo tycoon,69,2019_11_13,1,1,Angel's life YT,16,https://www.youtube.com/watch?v=CSLl5rxGd30
Ink Inc. - Tattoo Tycoon - Gameplay IOS & Android,62,2019_11_13,2,0,MediaTech - Gameplay Channel,0,https://www.youtube.com/watch?v=nAavR4ZNnCY
"Looney Tunes World of Mayhem, Angry Birds Epic, Ink Inc Tattoo Tycoon",60,2019_11_14,7,1,MOBILE GAMING Make Money Apps,4730,https://www.youtube.com/watch?v=g3CWL-mJl7c
Ink Inc Tattoo Tycoon Gameplay Walkthrough - New Awesome Shop,236,2019_11_14,3,2,TapGameplayed,7070,https://www.youtube.com/watch?v=kSHKaoQNS-Y
Tattoo Tycoon Gameplay - Very Interesting Game,6,2019_11_14,2,0,Uncle Master,0,https://www.youtube.com/watch?v=n3Sp4IW3AQY
"Brawl Stars, Clash Royale, Pixel Gun 3d, Bloons TD6, Ink Inc Tattoo Tycoon, Zombieland, Tennis Clash","1,301",2019_11_15,68,3,BrotTV,165000,https://www.youtube.com/watch?v=GY1pOIieBmc
Tattoo Tycoon ALL LEVELS! NEW GAME TATTOO TYCOON INK INC WORLD RECORD!,"8,033",2019_11_15,399,26,Simmy,206000,https://www.youtube.com/watch?v=dFgY-y5E7BI
World’s Worst Tattoo Artist is Me!!! Let’s play INK INC. - Tattoo Tycoon,26,2019_11_15,0,0,Junior's Mobile Game TV,3,https://www.youtube.com/watch?v=8qlfNKH2Hp8
Ink Inc. Tattoo Tycoon / iOS & Android,55,2019_11_15,1,0,Green Wave Mobile Games,17,https://www.youtube.com/watch?v=nAT0iKjbxo0
#1 Обзор бесплатной игры IPhone Ink Inc. Tattoo Tycoon,33,2019_11_15,4,0,РубилоВО !,1,https://www.youtube.com/watch?v=0snawTdqcfo
Ink inc tycoon,28,2019_11_15,3,0,Noel Gamer,43,https://www.youtube.com/watch?v=Jd5E-WRWz8I
Ink Inc Tattoo Tycoon Gameplay Walkthrough - Upgrade Shop - Tapgameplayed,222,2019_11_16,5,0,TapGameplayed,7070,https://www.youtube.com/watch?v=tVA1bz7TLvU
Tattoo tycoon,17,2019_11_16,0,0,Deadline,8,https://www.youtube.com/watch?v=Xkyt8PxH4Eg
Ink.inc #ЯтАТуМАСТЕР,27,2019_11_16,3,0,Играющий из окна [Game man],26,https://www.youtube.com/watch?v=IXjv7mFBJN4
BEST mobile game 2019 [gameplay only] NOVEMBER,20,2019_11_16,3,1,YOPS,3,https://www.youtube.com/watch?v=mxK2IZcv9t0
Ink Inc. - Tattoo Tycoon by Lion Studios Gameplay,670,2019_11_17,11,5,AnimaWheels,324000,https://www.youtube.com/watch?v=SAOWL06X6-o
Moje tatuaże - ink incInk Inc. - Tattoo Tycoon,188,2019_11_18,95,0,Pakizu,1420,https://www.youtube.com/watch?v=Dniwrnlf_DE
Ink Inc. - Tattoo Tycoon by Lion studio Android/ios Gameplay,32,2019_11_18,1,0,Casual Mobile Games,145,https://www.youtube.com/watch?v=Q1BNJrw6eF4
Ink Inc Tattoo Tycoon - Założłem swoje studio Tatuażu,683,2019_11_19,37,5,BrotTV,165000,https://www.youtube.com/watch?v=fWfLJMPSdL0
"Looney Tunes World of Mayhem, Ink Inc Tattoo Tycoon, Rocket Buddy, Hot Wheels Infinite Loop",92,2019_11_19,3,0,MOBILE GAMING Make Money Apps,4730,https://www.youtube.com/watch?v=-PWeODCy36Q
New Casual Android / iOS Game 2019 [Ink inc. - Tattoo Tycoon] Gameplay,226,2019_11_19,6,1,STAPRIX - Gaming,31,https://www.youtube.com/watch?v=eDexavkMXTY
Ink Inc Tattoo Tycoon Gameplay Walkthrough - New Design - Tapgameplayed,262,2019_11_19,5,0,TapGameplayed,7070,https://www.youtube.com/watch?v=T3SFXX8TxBs
Ink Inc. - Tattoo Tycoon Apk for Android Free Download,145,2019_11_19,2,0,MyAppsmall Download World,31,https://www.youtube.com/watch?v=q6dpSaMI1m0
Ink Inc. - Tattoo Tycoon,33,2019_11_20,0,0,Shivam Gamer,6820,https://www.youtube.com/watch?v=0arT9LXswPQ
Ink Inc - tattoo tycoon - gameplay walkthrough Part 2,112,2019_11_20,4,0,Gaming K,1200,https://www.youtube.com/watch?v=nmjpMG3EQ0o
Ink Inc - tattoo tycoon - gameplay trailer,"1,011",2019_11_20,8,0,Gaming K,1200,https://www.youtube.com/watch?v=nqHmaUXIxr8
INK INC - TATTOO TYCOON! CONVIÉRTETE EN EL MEJOR TATUADOR DEL MUNDO CON ESTE JUEGO ANDROID,387,2019_11_20,6,1,Descarga juegos Online,1460,https://www.youtube.com/watch?v=8RfffaUWDKM
Play game mod android - Ink inc tattoo tycoon mod money,440,2019_11_21,7,1,PLAY GAME MOBILE,73,https://www.youtube.com/watch?v=DMkMxPvy2Hw
Ink Inc. Mod Apk *MUST TRY* 100% Work!,180,2019_11_21,3,0,Watashi Weabo,29,https://www.youtube.com/watch?v=YuEDBK0LCg4
Ink Inc. - Tattoo Tycoon Mod Apk (Oyun),"1,794",2019_11_21,14,5,ModApkOyun,792,https://www.youtube.com/watch?v=gtlkALbtylw
Tattoo Drawing 타투샵에서 병맛문신 그리고 지우기 (Ink Inc 모바일게임) - 아매킹,68,2019_11_22,2,0,아매킹TV,449,https://www.youtube.com/watch?v=NaiTqW2xXeo
"Ink Inc Tattoo Tycoon - Gameplay Part 1 (iOS, Android)",522,2019_11_22,11,2,Jeff Game,11000,https://www.youtube.com/watch?v=gfAQleUniow
"Looney Tunes World of Mayhem, Ink Inc Tattoo Tycoon, Pressure Washer,Five Hoops,PewDiePies Pixelings",63,2019_11_22,4,0,MOBILE GAMING Make Money Apps,4730,https://www.youtube.com/watch?v=B1WUPLCRF1o
Ink Inc ALL LEVELS! NEW GAME INK INC TATTOO TYCOON WORLD RECORD!,"736,538",2019_11_22,18000,658,CookieGuy,432000,https://www.youtube.com/watch?v=oxUee8ZasAM
"Ink Inc Tattoo Tycoon - ALL LEVELS Gameplay Part 2 (iOS, Android)",876,2019_11_23,14,1,Jeff Game,11000,https://www.youtube.com/watch?v=3gTaPUs8JIM
Sou o melhor tatuador(Ink inc tattoo drawing),37,2019_11_23,4,0,sing0 bbr,25,https://www.youtube.com/watch?v=945Ktot9N40
Ink Inc Tattoo Tycoon 小林ゲーム通信 BTUアニメラボ,22,2019_11_24,0,0,Galicia TV tierrra Magica,26,https://www.youtube.com/watch?v=siQ0_ThvdTg
Ink Inc. - Tattoo Tycoon 小林ゲーム通信 BTUアニメラボ,20,2019_11_24,0,0,BTUアニメラボ BTUANIMELAB,7770,https://www.youtube.com/watch?v=Ibni7vzbs5k
Barber Shop ALL LEVELS! NEW GAME BARBER SHOP WORLD RECORD!,"2,495",2019_11_24,263,5,Simmy,206000,https://www.youtube.com/watch?v=qsnEjjC2Rtg
NOOB vs PRO vs HACKER - Ink Inc. (Tattoo Drawing),"2,058,906",2019_11_24,93000,4900,KuGo,148000,https://www.youtube.com/watch?v=qYLa2U6SQH0
Messing up peoples tattoos 😎(Ink inc) mobile game,19,2019_11_24,3,0,ICY Abdullah,108,https://www.youtube.com/watch?v=isCGZc1oKDU
VIREI UM TATUADOR E FIZ AS TATUAGENS MAIS BIZARRAS → Ink Inc. - Tattoo Drawing 📱🎮,"156,086",2019_11_24,4900,165,Juan Spagz,533000,https://www.youtube.com/watch?v=g9fyLUKP82c
[Ink Inc.] Tattoo Tycoon. 아들과 함께 타투 가게에서 일해요!,49,2019_11_25,1,0,마더쏜 mothersonfamily,0,https://www.youtube.com/watch?v=IxeHdXAbinM
"Ink Inc. – Tattoo Drawing: Gameplay Walkthrough #1 (Android, iOS) – First page of the gallery",100,2019_11_25,1,0,Kiza Gameplays,18,https://www.youtube.com/watch?v=reKB5YVl_YA
Ink inc tattoo drawing y mini world,16,2019_11_26,1,0,yuyitoGamer500 YT,3,https://www.youtube.com/watch?v=Bj6q9siArGE
"Ink Inc Tattoo Tycoon - ALL LEVELS Gameplay Part 3 (iOS, Android)",248,2019_11_26,7,0,Jeff Game,11000,https://www.youtube.com/watch?v=7dOWRYtllZ8
Ink Inc. - Tattoo Drawing Gameplay #3 (Android),2,2019_11_27,0,0,Monster Squid,7,https://www.youtube.com/watch?v=qhMA2TRYqLc
Probando Ink Inc. - Tattoo Drawing | Mario Basket,19,2019_11_27,3,0,Mario Basket,20,https://www.youtube.com/watch?v=3x6Xd35B2Xs
INK INC MOBILE GAME HACK! *NEW* INK INC TATOO TYCOON *unlimited gold hack,117,2019_11_28,3,0,Azikel,12400,https://www.youtube.com/watch?v=eMjAO3gXlXg
Ink inc. A tattoo shop where i give out the worst tattoos!,16,2019_11_28,2,0,dylanthebestiam_onROBLOX,7,https://www.youtube.com/watch?v=EUCYDtgbe9Y
EVOLUINDO O NÍVEL DAS MINHAS TATUAGENS BIZARRAS → Ink Inc. - Tattoo Drawing 📱🎮,"152,142",2019_11_28,5500,148,Juan Spagz,533000,https://www.youtube.com/watch?v=etx17wFBb64
Descargar Ink Inc hackeado,"1,314",2019_11_28,22,2,Tomas LOLツ,134,https://www.youtube.com/watch?v=CPtCls9r88U
Ink Inc Tattoo Tycoon - NOOB vs PRO vs HACKER All Levels Part 4,407,2019_11_29,10,2,Jeff Game,11000,https://www.youtube.com/watch?v=VSrl8Q9s7yI
Ink Inc ALL LEVELS PART 1! NEW GAME INK INC TATTOO TYCOON WORLD RECORD! NEW IOS & Android Game,532,2019_11_29,16,2,Truebizcuit,20000,https://www.youtube.com/watch?v=wmrkPpwESGg
Ink Inc ALL LEVELS PART 2! NEW GAME INK INC TATTOO TYCOON WORLD RECORD!,"345,050",2019_11_29,8100,258,CookieGuy,432000,https://www.youtube.com/watch?v=oZerF4EyeKE
Ink Inc ALL LEVELS PART 3! NEW GAME INK INC TATTOO TYCOON WORLD RECORD!,634,2019_11_30,34,2,Ал Плей,57500,https://www.youtube.com/watch?v=jB6EgWf-Og8
😜Mod Apk😜 Ink Inc. – Tattoo Tycoon v0.4.1 (A lot of currency) NO ROOT,112,2019_12_01,6,0,Quer Games Android?,3070,https://www.youtube.com/watch?v=ofUFoFqk68I
Ink Inc ALL LEVELS PART 2! (INK INC TATTOO TYCOON) WORLD RECORD! NEW IOS & Android Game,333,2019_12_02,20,0,Truebizcuit,20000,https://www.youtube.com/watch?v=Digt4CZIRfo
Tatuando algumas pessoas | Ink Inc Tattoo,112,2019_12_02,26,0,Bonnie CoveGamer,1790,https://www.youtube.com/watch?v=eFVZI9iGOjc
Ink inc. Tattoo tycoon Part 2 / iOS & Android,14,2019_12_03,0,0,Green Wave Mobile Games,17,https://www.youtube.com/watch?v=4QkQmtECX_0
Делаю татухи||ink inc Tattoo Drawing,10,2019_12_04,1,0,Собакин _YT,5,https://www.youtube.com/watch?v=shOsv19vsRk
Ink inc. Tattoo tycoon Part 3 / iOS & Android,10,2019_12_04,0,0,Green Wave Mobile Games,17,https://www.youtube.com/watch?v=YzmpGEo7Y9Y
Ink inc. Tattoo Tycoon Part 4 / iOS & Android,6,2019_12_04,0,0,Green Wave Mobile Games,17,https://www.youtube.com/watch?v=n9u_HGMqts8
FIZ MINHAS MELHORES TATUAGENS E SURPREENDI OS CLIENTES → Ink Inc. - Tattoo Drawing 📱🎮,"74,322",2019_12_05,4000,76,Juan Spagz,533000,https://www.youtube.com/watch?v=or2ZYS_m0wY
Ink Inc Hack ✅ Ink Inc Mod APK Unlimited Money 🔥 IOS/ANDROID,"1,230",2019_12_05,62,1,GIFT CARD HERO,16,https://www.youtube.com/watch?v=HQ1gV4Wslds
Ink Inc Tattoo Game Hack ✅ Ink Inc MOD APK Download Unlimited Money,"8,462",2019_12_05,77,4,SINGOBARONGWORLD,22300,https://www.youtube.com/watch?v=CciZ2sVQoX8
Ink Inc ALL LEVELS PART 3! NEW GAME INK INC TATTOO TYCOON WORLD RECORD!,"119,774",2019_12_06,3300,122,CookieGuy,432000,https://www.youtube.com/watch?v=3FsOB5Chst8
Ink Inc. Tattoo Drawing Android/ios Gameplay,988,2019_12_07,6,2,Mobile Videogames,17000,https://www.youtube.com/watch?v=-LL1st1eys8
NOOB vs PRO vs HACKER - Ink Inc. (Tattoo Drawing),"27,831",2019_12_08,1800,49,KuGo,148000,https://www.youtube.com/watch?v=HGZb_aAyp5I
"Ink Inc HACK MOD APK Unlimited Money, No Ads DOWNLOAD 1.1.2",117,2019_12_10,9,0,5h4d,6750,https://www.youtube.com/watch?v=9-1hy7ldW_k
