﻿title,count,date,good_count,bad_count,youtuber,subscriber,url
Elite Dangerous: The power of double shot frag cannons,282,2019_01_26,5,0,NoPizzaNoGlory,9,https://www.youtube.com/watch?v=XnZCGN21E_o
This TNT cannon shot us above the build limit...,"10,315",2019_01_26,685,8,Zyper,74100,https://www.youtube.com/watch?v=01gCTySgpWw
MAN SHOT BY CANON at Columbus Blue Jackets hockey game,"10,618",2019_03_09,111,3,Joey Smith,11,https://www.youtube.com/watch?v=9DH3Uuctaf4
1 in a Million Cannon Shot,49,2019_03_28,0,0,DunkinDingus,1190,https://www.youtube.com/watch?v=VvsZ4HjCD3I
Fortnite Ep3 CRAZY CANNON SHOT!!!!! - KingDallas2004,156,2019_04_17,6,0,Nicho Worth,9090,https://www.youtube.com/watch?v=0UStb8nOQaA
Canon Shot Spinny Shooter - Cannon Game,699,2019_05_13,0,0,Appstr Games,1,https://www.youtube.com/watch?v=NVnRIzHBUKA
Hand cannon shot,6,2019_05_18,0,0,Dynamiic_haden gamer,29,https://www.youtube.com/watch?v=chwcw3R0qaQ
Megatron The Last Knight Red Cannon - Fly Shot Gameplay - TRANSFORMERS Online 2019,"1,508",2019_05_19,42,2,MMOJACKX57,50900,https://www.youtube.com/watch?v=XCe4Bn07KgA
Mini cannon shot bounces on RPG shot?! | Cops'n'robbers funny moments,59,2019_05_20,6,0,Superluigi2212,52,https://www.youtube.com/watch?v=i3u-mijTmUU
Nice hand cannon shot,10,2019_05_22,0,0,Jay Jay,7,https://www.youtube.com/watch?v=Ir0U4R9lcwo
Epic cannon shot,30,2019_05_23,2,0,NXN_Orange_Just 75,134,https://www.youtube.com/watch?v=pdfQXrd5pNk
The 360 Hand Cannon Shot,36,2019_05_31,2,0,Dante Saltsman,4,https://www.youtube.com/watch?v=8Eb4tlWvhGI
My nasty hand cannon shot,18,2019_06_02,3,0,UnLucky Clan,68,https://www.youtube.com/watch?v=sovGwYAwSDg
Old hand cannon shot,9,2019_06_06,0,0,impailed,4,https://www.youtube.com/watch?v=oMM7acratxE
Insane Lucky Hand Cannon Shot,26,2019_06_06,1,0,Humor With Saphal,27,https://www.youtube.com/watch?v=LaowPqhkrgw
Epic cannon shot,3,2019_06_07,1,0,Beastmode 56603,1,https://www.youtube.com/watch?v=-tU3ketYhkk
Decent hand cannon shot,41,2019_06_08,6,0,PoopStain C:,67,https://www.youtube.com/watch?v=JtOvdmKPeGU
Arena Solo (Best Hand cannon shot),32,2019_06_14,2,0,Recon Asap,27,https://www.youtube.com/watch?v=X2HLbX5CKBk
Longest Hand Cannon shot EVER!!!!! (208 m),12,2019_06_20,0,0,Diamond Hawk,22,https://www.youtube.com/watch?v=m53OEo-LOss
My luckiest hand cannon shot ever 🤪,18,2019_06_24,2,0,Brody Clipz,6,https://www.youtube.com/watch?v=d8NH_9ojXFU
Destroying a truck with cannon shot (Roblox),13,2019_06_25,0,0,Connor Irvin,2,https://www.youtube.com/watch?v=VfyvBPJHg3o
Fortnite hand cannon shot,5,2019_06_27,0,0,Cameron Smith,0,https://www.youtube.com/watch?v=MJlI5Am4YoQ
Hand Cannon SHOT,14,2019_07_02,2,0,Team Glitch,10,https://www.youtube.com/watch?v=8K1u0osjUvs
Brian's Shockwave Hand Cannon Shot,4,2019_07_07,0,0,Dustin Johnson,0,https://www.youtube.com/watch?v=wqgIkTZNfEc
Sick Hand Cannon Shot,6,2019_07_07,1,0,brady swain,21,https://www.youtube.com/watch?v=ck7VmbOKB1M
Star Wars Battlefront (2015) - Pulse Cannon Shot,5,2019_07_20,1,0,Dabuss55,62,https://www.youtube.com/watch?v=wVac2duOFL0
Easy pickaxe and head shot hand cannon shot ⚡❄,18,2019_07_27,2,1,TTV. ACe,2,https://www.youtube.com/watch?v=Vtv2i4SLM_U
Space Engineers #2 MY GIANT CANNON SHOT MY BASE!!!!,2,2019_07_28,0,0,AMPlays _,23,https://www.youtube.com/watch?v=5Z06NzUwaVc
Hit a cannon shot*,7,2019_07_29,1,0,Strxck,8,https://www.youtube.com/watch?v=j0TPOkFBdFY
I hit a 248 meter Hand Cannon shot in scrims.,27,2019_07_31,0,1,James Walters,57,https://www.youtube.com/watch?v=s37pmUj_K60
Cannon Shot: Crie você também seu app / game para android,7,2019_08_01,0,0,Canal do Jota,6,https://www.youtube.com/watch?v=zAXbXrER0yo
NASTY hand cannon shot,3,2019_08_03,0,0,Shiny Pizza,32,https://www.youtube.com/watch?v=DMe3jJvoSng
Criação Cannon Shot - Crie seu game Mobile!,9,2019_08_03,0,1,Canal do Jota,6,https://www.youtube.com/watch?v=YvSQwqbocHg
Sea of Thieves: Epic cannon shot,28,2019_08_04,4,0,BananaKing,14,https://www.youtube.com/watch?v=97y-gnyLMcQ
Best hand cannon shot!,43,2019_08_05,4,1,Aiden the Scot,57,https://www.youtube.com/watch?v=Lp7NPS6G7Lo
Hand cannon shot creative 1v1,13,2019_08_13,0,0,Mythic,9,https://www.youtube.com/watch?v=OPsI3O6TrFw
my best HAND CANNON SHOT ever,46,2019_08_13,10,0,xNickTheBoy,45,https://www.youtube.com/watch?v=mNAP2Ogi5Cs
Sick Hand Cannon Shot,13,2019_08_14,1,0,Noster,37,https://www.youtube.com/watch?v=3hb0BruoP2M
Hand cannon shot Epic,9,2019_08_14,1,0,RayLit BOI,6,https://www.youtube.com/watch?v=AM9yseWzyxM
Sniper Cannon Shot,0,2019_08_18,0,0,iNNate Gaming,0,https://www.youtube.com/watch?v=zeD3tvdwSPQ
Zelda Twilight Princess - 48 - Shot Out Of A Cannon,"283,987",2019_08_19,9700,111,GameGrumps,5180000,https://www.youtube.com/watch?v=lhzxEb-Xm5o
First orbitol cannon shot,0,2019_08_21,0,0,Brooks Blair,8,https://www.youtube.com/watch?v=XvzqIlxN8g4
Lucky hand cannon shot,9,2019_08_23,0,0,OrangeRaptor007,3,https://www.youtube.com/watch?v=N8STgFKU1rE
Hand cannon shot,6,2019_08_26,2,0,MYSTIC W0LFL3SS,12,https://www.youtube.com/watch?v=Hl2In_SMGdU
The reliable one shot hand cannon,"235,643",2019_08_30,8600,167,Mr. Fruit,1650000,https://www.youtube.com/watch?v=3TqW6zZK64s
epic hand cannon shot! get wrecked by me!,24,2019_09_02,4,0,nbagoatgamingTS,41,https://www.youtube.com/watch?v=qt4iWJ6zTWc
Crazy sea of thieves cannon shot,23,2019_09_04,4,0,Jon Mahar,3,https://www.youtube.com/watch?v=s5wBjue07ik
Cannon Showcase : 250 L/R (2 shot any offset regen),556,2019_09_05,7,0,Hazec,74,https://www.youtube.com/watch?v=ccphucuFLng
Omg !!! Dirty hand cannon shot ever,42,2019_09_08,7,0,NBX07,77,https://www.youtube.com/watch?v=DZPuAvwMOE4
Cool hand cannon shot,4,2019_09_18,0,0,SHANK_ KILLZ_,35,https://www.youtube.com/watch?v=5YOhLqKOw5Q
Insane YEET cannon shot!,23,2019_09_18,2,0,Arturo Rios,4,https://www.youtube.com/watch?v=P-_qI0arCok
Referee injured by cannon at Maine Maritime Academy football game,"25,274",2019_09_25,19,3,NEWS CENTER Maine,5530,https://www.youtube.com/watch?v=LwKwyYQKk0k
Perfect Cannon Shot,5,2019_10_11,0,0,Jimmy537,2,https://www.youtube.com/watch?v=jOu6OV_fQj4
Nasty hand cannon shot off spawn,6,2019_10_17,0,0,Super Nova,1,https://www.youtube.com/watch?v=SXsO3nqAnNA
Star Wars Battlefront (2015) - Pulse Cannon Shot (feat. ChicagoLatinPapi),16,2019_10_18,3,1,Dabuss55,62,https://www.youtube.com/watch?v=0nFbKVsGJKs
Angry Birds Cannon Collection 2 - SHOOTING THE GIANT PIGGIES BOSS WITH MAXIMUM BIRDS!,"29,855",2019_10_25,82,19,ToonGamesGuys,302000,https://www.youtube.com/watch?v=mUT64lZR6mQ
Star Wars Battlefront (2015) - Silber-ing Rivalry (Pulse Cannon Shot),39,2019_10_26,2,0,Dabuss55,62,https://www.youtube.com/watch?v=Rf4EzDJDIKU
Cannon Shot Gameplay Level 1 to 50,487,2019_11_07,7,1,Happy Game Time,1430,https://www.youtube.com/watch?v=8s6DppKd8b0
Cannon Shot 1-59 Levels,"2,176",2019_11_07,21,2,daydreamz studio,845,https://www.youtube.com/watch?v=cJGLQVjoKeQ
Cannon shot -High Speed Crashes #30 - BeamNG Drive,"2,868",2019_11_09,10,0,Sense of speed,91199,https://www.youtube.com/watch?v=hiitrg5KONs
Cannon Shot!,0,2019_11_10,0,0,Gamer360XD 2,923,https://www.youtube.com/watch?v=tN48IngNwBI
Cannon Shot Ad,43,2019_11_11,3,0,cannon shot,12,https://www.youtube.com/watch?v=beuVur5TuWQ
Cannon Shot Android Gameplay,775,2019_11_12,5,1,KruGames,165000,https://www.youtube.com/watch?v=2MfBqxBbZlo
CANNON SHOT | GAME OFFLINE TAPI SERU BANGET,5,2019_11_13,2,0,MURIST JR,0,https://www.youtube.com/watch?v=L6Lp4iwWAEc
Cannon shot #1 trending game on octorber 14,8,2019_11_13,1,0,Zee Gaming,2,https://www.youtube.com/watch?v=N_Lan4gtodI
Play game: Cannon Shot from level 1 to level 10,9,2019_11_13,1,0,Video Games 3D,8,https://www.youtube.com/watch?v=_wowkbNiV28
Cannon Shot! Gameplay Level: 15-29 #2 (Android),4,2019_11_13,0,0,Monster Squid,11,https://www.youtube.com/watch?v=OHpyUyfBwb4
Cannon Shot! Level 1 Till 20 Casual Mobile Game,12,2019_11_13,3,0,Scottish Gaming Duo,1250,https://www.youtube.com/watch?v=9tSNmo4uCls
Cannon Shot! Gameplay Level: 1-14 #1 (Android),11,2019_11_13,0,0,Monster Squid,11,https://www.youtube.com/watch?v=mz-c2H8Z4Vs
Shot at Redemption - Cannon Fire Podcast Ep. 82,377,2019_11_14,23,1,Cannon Fire Podcast,631,https://www.youtube.com/watch?v=VI4WTviUkDQ
Cannon Shot! - Gameplay,136,2019_11_14,1,0,Gamers Unbounded,456,https://www.youtube.com/watch?v=5VA6JA6Qx-0
Cannon Shot Levels 1-20 IOS Gameplay,"6,388",2019_11_14,32,6,Usman's Gaming,4750,https://www.youtube.com/watch?v=2dA96OODXvQ
CANNON SHOT! Levels 1-25 Walkthrough,8,2019_11_14,1,0,Stratomobile,0,https://www.youtube.com/watch?v=GkACOUsscL4
Cannon Shot!Gameplay!(New Update)Level to 80,36,2019_11_14,0,0,Happy Game Time,1430,https://www.youtube.com/watch?v=rP74sGlW4TM
Cannon Shot! Gameplay - Level 1-25 Walkthrough (IOS/Android),405,2019_11_14,4,0,Runyo,3630,https://www.youtube.com/watch?v=4Fsfzhe5Q4g
"Cannon Shot! Level 1-100 3 Stars Gameplay Walkthrough (Android, iOS)","3,397",2019_11_14,25,10,Tap Touch,673,https://www.youtube.com/watch?v=ENH-CsmPHyU
Cannon Shot! Gameplay - Level 26-50 Walkthrough (IOS/Android),328,2019_11_14,3,1,Runyo,3630,https://www.youtube.com/watch?v=67zWqeYL76A
CANNON SHOT! Levels 26-50 Walkthrough,7,2019_11_14,1,0,Stratomobile,0,https://www.youtube.com/watch?v=7ZPGcCOmoOI
🔴 LIVE | CANNON SHOT | SCREEN RECORDER,10,2019_11_14,1,1,ScreenRecorder,1180,https://www.youtube.com/watch?v=F1N5Z7_8AdE
Cannon Shot! IOS Gameplay,55,2019_11_14,14,1,F2PlayGames,1330,https://www.youtube.com/watch?v=wmFqPxVf7ZM
Cannon Shot Level 101 102 103 104 105 106 107 108 109 110 (NEW UPDATE),507,2019_11_15,6,0,Happy Game Time,1430,https://www.youtube.com/watch?v=SNPeNnht0Uk
Cannon Shot Level 10 Walkthrough,4,2019_11_15,0,0,Friends & Fun,6860,https://www.youtube.com/watch?v=cdGxMJ3kq68
Cannon Shot! Gameplay - Level 51-75 Walkthrough (IOS/Android),80,2019_11_15,2,0,Runyo,3630,https://www.youtube.com/watch?v=e_l1OxzqfSw
CANNON SHOT! Levels 51-75 Walkthrough,14,2019_11_15,0,0,Stratomobile,0,https://www.youtube.com/watch?v=hilgEUgbHS0
Cannon Shot Level 111 112 113 114 115 116 117 118 119 120 (NEW UPDATE),446,2019_11_15,5,0,Happy Game Time,1430,https://www.youtube.com/watch?v=yQzfRk2TVj0
Cannon Shot Level 9 Walkthrough,5,2019_11_15,0,0,Friends & Fun,6860,https://www.youtube.com/watch?v=uGKEvUx0s_Q
CANNON SHOT GAME NOOB VS PRO,44,2019_11_15,1,1,Green Field,1750,https://www.youtube.com/watch?v=rf6ig4P1pMs
Cannon Shot Level 121 122 123 124 125 126 127 128 129 130 (NEW UPDATE),222,2019_11_15,1,0,Happy Game Time,1430,https://www.youtube.com/watch?v=n_MTX6cjw4Q
Cannon Shot Level 151 152 153 154 155 (NEW UPDATE),15,2019_11_15,0,0,Happy Game Time,1430,https://www.youtube.com/watch?v=qajb1OfkHlY
Cannon Shot Level 17 Walkthrough,31,2019_11_15,0,0,Friends & Fun,6860,https://www.youtube.com/watch?v=J_CSep0Tlqk
Cannon Shot Level 166 167 168 169 170 (NEW UPDATE),25,2019_11_15,0,0,Happy Game Time,1430,https://www.youtube.com/watch?v=3zWz29yM8c0
Cannon Shot Level 12 Walkthrough,2,2019_11_15,0,0,Friends & Fun,6860,https://www.youtube.com/watch?v=L5f7o4TlxzQ
Cannon Shot Level 171 172 173 174 175 (NEW UPDATE),16,2019_11_15,0,0,Happy Game Time,1430,https://www.youtube.com/watch?v=l9uSrqItwDA
Cannon Shot Level 20 Walkthrough,33,2019_11_15,1,0,Friends & Fun,6860,https://www.youtube.com/watch?v=kruvTzee1-I
Cannon Shot Level 19 Walkthrough,11,2019_11_15,0,0,Friends & Fun,6860,https://www.youtube.com/watch?v=UaldG3xXBAg
Cannon Shot Level 16 Walkthrough,39,2019_11_15,0,0,Friends & Fun,6860,https://www.youtube.com/watch?v=d1oChXbxGw8
Cannon Shot Boss 3 Walkthrough,392,2019_11_15,1,2,Friends & Fun,6860,https://www.youtube.com/watch?v=FOlEB3XTtvE
Cannon shot 31 to 40 walkthrouth and 3 boss lvls.,28,2019_11_15,0,0,Rajesh Gaikwad,1,https://www.youtube.com/watch?v=QEmWwINOjTo
Cannon Shot! android gameplay! | Cannon Shot! level 1 - 30!,5,2019_11_15,0,0,Ak me Paul,0,https://www.youtube.com/watch?v=myFWCrfOYJw
Cannon Shot Level 15 Walkthrough,8,2019_11_15,0,0,Friends & Fun,6860,https://www.youtube.com/watch?v=iMQ5nSSkXrU
Cannon Shot Boss 2 Walkthrough,80,2019_11_15,0,0,Friends & Fun,6860,https://www.youtube.com/watch?v=zrWtBBxNgkI
Cannon Shot Level 11 Walkthrough,8,2019_11_15,1,0,Friends & Fun,6860,https://www.youtube.com/watch?v=l5MWfaoaF_4
Cannon Shot Level 13 Walkthrough,6,2019_11_15,0,0,Friends & Fun,6860,https://www.youtube.com/watch?v=i3R-R18ofOQ
Cannon Shot Level 14 Walkthrough,6,2019_11_15,0,0,Friends & Fun,6860,https://www.youtube.com/watch?v=3LUCweh20QU
Cannon Shot Level 18 Walkthrough,15,2019_11_15,0,0,Friends & Fun,6860,https://www.youtube.com/watch?v=eY3JX0VBkZo
Cannon Shot: level 1 to 100 - First Impressions and Gameplay Walkthrough,"1,192",2019_11_15,5,1,GamePlays365,759,https://www.youtube.com/watch?v=t2ZOTaIRe_8
Cannon Shot Level 131 132 133 134 135 136 137 138 139 140 (NEW UPDATE),57,2019_11_15,1,1,Happy Game Time,1430,https://www.youtube.com/watch?v=iTFQqeQPzlw
Cannon Shot! Level 1-100 Gameplay,"3,986",2019_11_15,37,4,TheGameAnswers,26000,https://www.youtube.com/watch?v=egYcgeeBGG8
Cannon Shot! Gameplay - Level 76-100 Walkthrough (IOS/Android),217,2019_11_15,1,0,Runyo,3630,https://www.youtube.com/watch?v=epTEgH2PE1k
Cannon Shot Level 196 197 198 199 200 (NEW UPDATE),34,2019_11_15,0,0,Happy Game Time,1430,https://www.youtube.com/watch?v=9mI3rnZoNPw
Cannon Shot Level 176 177 178 179 180 (NEW UPDATE),23,2019_11_15,0,0,Happy Game Time,1430,https://www.youtube.com/watch?v=_uNi4Kj9fG0
Cannon Shot Level 141 142 143 144 145 146 147 148 149 150 (NEW UPDATE),41,2019_11_15,1,0,Happy Game Time,1430,https://www.youtube.com/watch?v=3KbXXbLXhCQ
Cannon Shot! Level 1-10 ios Gameplay-HD,2,2019_11_15,0,0,Taply Gameplay,96,https://www.youtube.com/watch?v=A9a0lq95Ros
Cannon Shot Level 5 Walkthrough,8,2019_11_15,0,0,Friends & Fun,6860,https://www.youtube.com/watch?v=EcYKgD1cldI
Cannon Shot Level 161 162 163 164 165 (NEW UPDATE),18,2019_11_15,0,0,Happy Game Time,1430,https://www.youtube.com/watch?v=IhaM7qWgNdM
Cannon Shot! Level 21-30 Ios Gameplay-HD,16,2019_11_15,0,0,Taply Gameplay,96,https://www.youtube.com/watch?v=OvEqJHHzSIM
Cannon Shot Level 71 72 73 74 75 76 77 78 79 80 (NEW UPDATE),105,2019_11_15,0,1,Happy Game Time,1430,https://www.youtube.com/watch?v=h5sau8hiPXU
Cannon Shot Level 11 12 13 14 15 16 17 18 19 20 (NEW UPDATE),38,2019_11_15,0,0,Happy Game Time,1430,https://www.youtube.com/watch?v=qPI-MtpCFLc
Cannon Shot Level 91 92 93 94 95 96 97 98 99 100 (NEW UPDATE),139,2019_11_15,1,0,Happy Game Time,1430,https://www.youtube.com/watch?v=xZ96q3BMcnI
Cannon Shot Level 21 22 23 24 25 26 27 28 29 30 (NEW UPDATE),124,2019_11_15,1,0,Happy Game Time,1430,https://www.youtube.com/watch?v=ybGJk9ddjvo
Cannon Shot! Level 31-40 Ios Gameplay-HD,10,2019_11_15,0,0,Taply Gameplay,96,https://www.youtube.com/watch?v=jnQmUg1VwUI
Cannon Shot! Level 41-50 Ios Gameplay-HD,27,2019_11_15,0,0,Taply Gameplay,96,https://www.youtube.com/watch?v=w3ynqZ1OOpk
Cannon Shot Level 191 192 193 194 195 (NEW UPDATE),25,2019_11_15,0,0,Happy Game Time,1430,https://www.youtube.com/watch?v=I45oKImb7yQ
Cannon Shot Level 186 187 188 189 190 (NEW UPDATE),22,2019_11_15,0,0,Happy Game Time,1430,https://www.youtube.com/watch?v=O-wNYWJq018
Cannon Shot Level 156 157 158 159 160 (NEW UPDATE),17,2019_11_15,0,0,Happy Game Time,1430,https://www.youtube.com/watch?v=HKjNu-JOhFU
Cannon Shot Level 181 182 183 184 185 (NEW UPDATE),13,2019_11_15,0,0,Happy Game Time,1430,https://www.youtube.com/watch?v=HWDFKKfDLzU
Cannon Shot Level 51 52 53 54 55 56 57 58 59 60 (NEW UPDATE),45,2019_11_15,0,0,Happy Game Time,1430,https://www.youtube.com/watch?v=4rsrKY3jxaE
Cannon Shot Boss 1 Walkthrough,46,2019_11_15,0,0,Friends & Fun,6860,https://www.youtube.com/watch?v=BCgTqGpEdeo
Cannon Shot Level 31 32 33 34 35 36 37 38 39 40 (NEW UPDATE),79,2019_11_15,0,0,Happy Game Time,1430,https://www.youtube.com/watch?v=kRAkhQdJxjo
Cannon Shot Level 61 62 63 64 65 66 67 68 69 70 (NEW UPDATE),51,2019_11_15,0,0,Happy Game Time,1430,https://www.youtube.com/watch?v=rXN_GowH330
Cannon Shot Level 41 42 43 44 45 46 47 48 49 50 (NEW UPDATE),61,2019_11_15,1,0,Happy Game Time,1430,https://www.youtube.com/watch?v=k7x57NRrHuQ
Cannon Shot Level 1 2 3 4 5 6 7 8 9 10 (NEW UPDATE),60,2019_11_15,1,0,Happy Game Time,1430,https://www.youtube.com/watch?v=Gy_PztJ4F2c
Cannon Shot! Level 11-20 Ios Gameplay-HD,10,2019_11_15,0,0,Taply Gameplay,96,https://www.youtube.com/watch?v=lk3oPAafDdU
Cannon Shot Level 8 Walkthrough,5,2019_11_15,0,0,Friends & Fun,6860,https://www.youtube.com/watch?v=q7fMoFrrC20
Cannon Shot Level 7 Walkthrough,4,2019_11_15,0,0,Friends & Fun,6860,https://www.youtube.com/watch?v=on6xcsoGutM
Cannon Shot Level 81 82 83 84 85 86 87 88 89 90 (NEW UPDATE),122,2019_11_15,1,0,Happy Game Time,1430,https://www.youtube.com/watch?v=YZ5WKmC2RQY
Cannon Shot Level 38 Walkthrough,5,2019_11_16,0,0,Friends & Fun,6860,https://www.youtube.com/watch?v=FJXrYI3v12c
Cannon Shot Level 40 Walkthrough,25,2019_11_16,1,0,Friends & Fun,6860,https://www.youtube.com/watch?v=NJokG6AO_1I
Cannon Shot Level 33 Walkthrough,2,2019_11_16,0,0,Friends & Fun,6860,https://www.youtube.com/watch?v=PP7pm1nCjjk
Cannon Shot Level 32 Walkthrough,27,2019_11_16,0,0,Friends & Fun,6860,https://www.youtube.com/watch?v=Dz9YuBCUH1M
Cannon Shot Level 25 Walkthrough,23,2019_11_16,0,0,Friends & Fun,6860,https://www.youtube.com/watch?v=RoZG8QfApGE
Cannon Shot Boss 7 Walkthrough,717,2019_11_16,7,0,Friends & Fun,6860,https://www.youtube.com/watch?v=RGTuYSjK464
Cannon Shot Level 35 Walkthrough,7,2019_11_16,0,0,Friends & Fun,6860,https://www.youtube.com/watch?v=8fpO6AGfvCg
Cannon Shot Level 39 Walkthrough,32,2019_11_16,0,0,Friends & Fun,6860,https://www.youtube.com/watch?v=qJzx3oOlM54
Cannon Shot Level 36 Walkthrough,2,2019_11_16,0,0,Friends & Fun,6860,https://www.youtube.com/watch?v=cjzn-zw0iyo
Cannon Shot Level 37 Walkthrough,20,2019_11_16,0,0,Friends & Fun,6860,https://www.youtube.com/watch?v=-gqqFZT9j-U
Cannon Shot Level 21 Walkthrough,107,2019_11_16,0,0,Friends & Fun,6860,https://www.youtube.com/watch?v=moeaSPPinJw
Cannon Shot Boss 8 Walkthrough,189,2019_11_16,1,0,Friends & Fun,6860,https://www.youtube.com/watch?v=RO8DHqfCBTQ
Cannon Shot Level 42 Walkthrough,19,2019_11_16,0,0,Friends & Fun,6860,https://www.youtube.com/watch?v=cC7JCgtZojA
Cannon shot levels 15 to 25,1,2019_11_16,0,0,ayman aji,29,https://www.youtube.com/watch?v=cyVoJHYxZxc
Cannon Shot Boss 4 Walkthrough,783,2019_11_16,6,0,Friends & Fun,6860,https://www.youtube.com/watch?v=iuySU753ch4
Cannon Shot Level 29 Walkthrough,10,2019_11_16,0,0,Friends & Fun,6860,https://www.youtube.com/watch?v=O1_RN8fhbJw
Cannon Shot Level 26 Walkthrough,1,2019_11_16,0,0,Friends & Fun,6860,https://www.youtube.com/watch?v=6uzxaQOrgvw
Cannon Shot Level 22 Walkthrough,5,2019_11_16,0,0,Friends & Fun,6860,https://www.youtube.com/watch?v=dkx7FAqcbcI
Cannon Shot Boss 5 Walkthrough,418,2019_11_16,3,1,Friends & Fun,6860,https://www.youtube.com/watch?v=D4qIPCJGQcc
Cannon Shot Level 28 Walkthrough,15,2019_11_16,0,0,Friends & Fun,6860,https://www.youtube.com/watch?v=bnqoaAG02sg
Cannon Shot Level 30 Walkthrough,8,2019_11_16,1,0,Friends & Fun,6860,https://www.youtube.com/watch?v=0V6xmiP1EvQ
Cannon Shot! Gameplay Level: 30-45 #3 (Android),1,2019_11_16,0,0,Monster Squid,11,https://www.youtube.com/watch?v=ti0kCUcwqfg
CANNON SHOT! Levels 101-125 Walkthrough,171,2019_11_16,2,1,Stratomobile,0,https://www.youtube.com/watch?v=YXtY1vOzjQE
Cannon Shot! Levels 33-50 - iOS Gameplay,15,2019_11_16,0,0,Htube Gaming,340,https://www.youtube.com/watch?v=WBJM8ce6wew
Cannon shot,6,2019_11_16,0,0,Gaming Boy,21,https://www.youtube.com/watch?v=Xn2AzwCQ8wc
Cannon Shot Level 24 Walkthrough,40,2019_11_16,0,0,Friends & Fun,6860,https://www.youtube.com/watch?v=86jJy4ApTBk
Cannon Shot Level 23 Walkthrough,94,2019_11_16,0,0,Friends & Fun,6860,https://www.youtube.com/watch?v=DK2gJWUxqYo
Cannon Shot Level 41 Walkthrough,62,2019_11_16,0,0,Friends & Fun,6860,https://www.youtube.com/watch?v=lP1p4c4QgWM
Cannon Shot Gameplay - A CANNON GAME!,27,2019_11_16,3,1,AndreJ HD,2970,https://www.youtube.com/watch?v=62nn05zl518
GAME TERBARU !!! CANNON SHOT! GAMEPLAY !,37,2019_11_16,13,0,RAV Official,218,https://www.youtube.com/watch?v=678eLRpFn_4
Cannon Shot Level 31 Walkthrough,5,2019_11_16,0,0,Friends & Fun,6860,https://www.youtube.com/watch?v=dX9vYz9ayi8
Cannon Shot Boss 6 Walkthrough,636,2019_11_16,2,1,Friends & Fun,6860,https://www.youtube.com/watch?v=NF7tWIWJ2uE
Cannon Shot! Levels 66-95 - iOS Gameplay,7,2019_11_16,0,0,Htube Gaming,340,https://www.youtube.com/watch?v=EgtSj4_tFIU
Cannon Shot Level 49 Walkthrough,8,2019_11_16,0,0,Friends & Fun,6860,https://www.youtube.com/watch?v=cY70zkrkK0U
Cannon Shot Level 43 Walkthrough,27,2019_11_16,0,0,Friends & Fun,6860,https://www.youtube.com/watch?v=piw9ReyE5Fg
Cannon Shot Level 34 Walkthrough,46,2019_11_16,0,0,Friends & Fun,6860,https://www.youtube.com/watch?v=z3MmYxTZt9Y
Cannon Shot Boss 9 Walkthrough,402,2019_11_16,1,3,Friends & Fun,6860,https://www.youtube.com/watch?v=RHIozM2nzz4
Cannon Shot Level 50 Walkthrough,15,2019_11_16,0,0,Friends & Fun,6860,https://www.youtube.com/watch?v=gxqyZYqbaUk
Cannon Shot Level 46 Walkthrough,19,2019_11_16,1,0,Friends & Fun,6860,https://www.youtube.com/watch?v=ZZF5DM9p7W4
Cannon Shot Level 48 Walkthrough,7,2019_11_16,0,0,Friends & Fun,6860,https://www.youtube.com/watch?v=QBn-DUGQePg
Cannon Shot Level 47 Walkthrough,3,2019_11_16,0,0,Friends & Fun,6860,https://www.youtube.com/watch?v=aO7thCE68hw
Cannon Shot Level 45 Walkthrough,11,2019_11_16,0,0,Friends & Fun,6860,https://www.youtube.com/watch?v=M9fwIz3EXl4
Cannon Shot Level 44 Walkthrough,13,2019_11_16,0,0,Friends & Fun,6860,https://www.youtube.com/watch?v=yj3iP-kEEKc
CANNON SHOT! Levels 76-100 Walkthrough,7,2019_11_16,0,0,Stratomobile,0,https://www.youtube.com/watch?v=FNdRafrzOg4
Cannon Shot Level 27 Walkthrough,20,2019_11_16,0,0,Friends & Fun,6860,https://www.youtube.com/watch?v=0PdyJQEUyVI
Cannon Shot Level 61 Walkthrough,3,2019_11_17,0,0,Friends & Fun,6860,https://www.youtube.com/watch?v=LbdmKVhesNY
Cannon Shot Level 60 Walkthrough,7,2019_11_17,0,0,Friends & Fun,6860,https://www.youtube.com/watch?v=4GDlGreKQjU
Cannon Shot Level 70 Walkthrough,41,2019_11_17,0,0,Friends & Fun,6860,https://www.youtube.com/watch?v=GwWWv6mrnY4
Cannon Shot! Gameplay Level: 60-74 + BOSS BATTLE #5 (Android),33,2019_11_17,0,0,Monster Squid,11,https://www.youtube.com/watch?v=tpgbZR5SLi4
Cannon Shot Level 51-60 Ios Gameplay-HD,13,2019_11_17,0,0,Taply Gameplay,96,https://www.youtube.com/watch?v=06YKWHsyxWo
Cannon Shot Level 54 Walkthrough,7,2019_11_17,0,0,Friends & Fun,6860,https://www.youtube.com/watch?v=dVg1dTbu9i0
Cannon Shot Level 51 Walkthrough,4,2019_11_17,0,0,Friends & Fun,6860,https://www.youtube.com/watch?v=-WQOCj6Mvgc
Cannon Shot V/S Hoop Stars GAME COMPARISON || Gameplay By GAMERZ TOPER,27,2019_11_17,4,0,Gamerz Toper,0,https://www.youtube.com/watch?v=-VC6hRtHIaM
Cannon Shot Level 57 Walkthrough,32,2019_11_17,0,0,Friends & Fun,6860,https://www.youtube.com/watch?v=maKbQC7GWiQ
Cannon Shot Level 59 Walkthrough,8,2019_11_17,0,0,Friends & Fun,6860,https://www.youtube.com/watch?v=iAhhgCjnmIs
Cannon Shot Level 56 Walkthrough,35,2019_11_17,0,0,Friends & Fun,6860,https://www.youtube.com/watch?v=zAOVloEnpFo
Cannon Shot Boss 11 Walkthrough,31,2019_11_17,0,0,Friends & Fun,6860,https://www.youtube.com/watch?v=wm8ndaiClQE
Cannon Shot Level 58 Walkthrough,23,2019_11_17,0,0,Friends & Fun,6860,https://www.youtube.com/watch?v=y5YEaaAtR-0
Cannon Shot Level 1 to 50 Complete ( By Say Games ) Android iOS Gameplay,41,2019_11_17,0,0,Shivam Gamer,6850,https://www.youtube.com/watch?v=DNJP31eFgOw
Cannon shot (eram pe nivelul 13 si am ajuns pe 16)yo this game is so easy,4,2019_11_17,0,0,alex gamer476 Serban,0,https://www.youtube.com/watch?v=tAWqzGj2oKU
Cannon Shot Noob vs Pro,9,2019_11_17,0,0,klasok kl,4220,https://www.youtube.com/watch?v=rEqn0dubh2Q
Cannon Shot Level 66 Walkthrough,12,2019_11_17,0,0,Friends & Fun,6860,https://www.youtube.com/watch?v=wsfMIU6lJlI
Cannon Shot Level 63 Walkthrough,3,2019_11_17,0,0,Friends & Fun,6860,https://www.youtube.com/watch?v=U5Ros3ZlP9U
Cannon Shot Level 68 Walkthrough,17,2019_11_17,0,0,Friends & Fun,6860,https://www.youtube.com/watch?v=bKPEbmk3oqs
Cannon Shot Level 64 Walkthrough,0,2019_11_17,0,0,Friends & Fun,6860,https://www.youtube.com/watch?v=5zPelCLQ6ZA
Cannon Shot Boss 13 Walkthrough,88,2019_11_17,0,0,Friends & Fun,6860,https://www.youtube.com/watch?v=wxJHJ0EC7kM
Cannon Shot Level 61-70 Ios Gameplay-HD,28,2019_11_17,1,0,Taply Gameplay,96,https://www.youtube.com/watch?v=-1kGYGC-UjQ
Cannon Shot Level 62 Walkthrough,11,2019_11_17,0,0,Friends & Fun,6860,https://www.youtube.com/watch?v=bJMckIh9eAw
Cannon Shot Level 67 Walkthrough,22,2019_11_17,0,0,Friends & Fun,6860,https://www.youtube.com/watch?v=FnlbdkfZP3s
Playing cannon shot,2,2019_11_17,0,0,Bonnie the gamer 99,6,https://www.youtube.com/watch?v=g9If8Ei1Vsw
Cannon Shot Level 69 Walkthrough,23,2019_11_17,1,0,Friends & Fun,6860,https://www.youtube.com/watch?v=jVdFtQFZNuo
"Cannon Shot: Level 1 To 21 - 3 Stars , iOS/Android Walkthrough",182,2019_11_17,2,1,SSSB Games,0,https://www.youtube.com/watch?v=cic1WissOEk
Cannon Shot Boss 12 Walkthrough,65,2019_11_17,0,0,Friends & Fun,6860,https://www.youtube.com/watch?v=WJgQdIALOuk
Cannon Shot Level 71 Walkthrough,12,2019_11_18,0,0,Friends & Fun,6860,https://www.youtube.com/watch?v=gU2CajH-x80
Cannon Shot Level 78 Walkthrough,4,2019_11_18,0,0,Friends & Fun,6860,https://www.youtube.com/watch?v=I17_TnJL8-k
"CANNON SHOT - LEVEL #1, LEVEL #999",119,2019_11_18,2,1,Frustrated Gamer,0,https://www.youtube.com/watch?v=UISDrC9_bDk
Cannon Shot! Gameplay - Level 101-120 Walkthrough (IOS/Android),168,2019_11_18,3,0,Runyo,3630,https://www.youtube.com/watch?v=J4Q61Ua-kb0
Cannon Shot! Gameplay - Level 121-150 Walkthrough (IOS/Android),39,2019_11_18,0,0,Runyo,3630,https://www.youtube.com/watch?v=EqOnCLLqbJE
Cannon Shot Boss 15 Walkthrough,109,2019_11_18,0,1,Friends & Fun,6860,https://www.youtube.com/watch?v=MU7PKBiLAnw
Cannon Shot Level 80 Walkthrough,66,2019_11_18,1,0,Friends & Fun,6860,https://www.youtube.com/watch?v=hwayKcWX-2M
Cannon Shot Boss 14 Walkthrough,146,2019_11_18,1,0,Friends & Fun,6860,https://www.youtube.com/watch?v=CUAZeCi4ZHU
Cannon Shot Level 77 Walkthrough,4,2019_11_18,0,0,Friends & Fun,6860,https://www.youtube.com/watch?v=fYwxOEky3fk
ADDICTIVE GAME | CANNON SHOT | MOBILE GAME,54,2019_11_18,1,0,Cer Cerna,1290,https://www.youtube.com/watch?v=TCM0Yi1HYXk
Cannon Shot Level 79 Walkthrough,4,2019_11_18,0,0,Friends & Fun,6860,https://www.youtube.com/watch?v=6g9kQxNusc8
Cannon Shot By Saygames Android/Ios Gameplay,10,2019_11_18,0,0,Casual Mobile Games,145,https://www.youtube.com/watch?v=1A_xV-oYK7w
cannon shot,3,2019_11_18,0,0,GAMING BROTHERS,52,https://www.youtube.com/watch?v=vXpUci1LTSs
Cannon Shot Level 73 Walkthrough,32,2019_11_18,0,0,Friends & Fun,6860,https://www.youtube.com/watch?v=CR6l0MdfLpk
Cannon Shot Level 72 Walkthrough,25,2019_11_18,0,0,Friends & Fun,6860,https://www.youtube.com/watch?v=vEzPZXOKJGc
"Cannon Shot: Level 42 To 65 - 3 Stars , iOS/Android Walkthrough",228,2019_11_18,4,0,SSSB Games,0,https://www.youtube.com/watch?v=QjSNORGiY7Y
Cannon Shot Level 75 Walkthrough,51,2019_11_18,0,1,Friends & Fun,6860,https://www.youtube.com/watch?v=jmbL-7y2jFU
CANNON SHOT! Levels 126-150 Walkthrough,24,2019_11_18,0,0,Stratomobile,0,https://www.youtube.com/watch?v=DalnQOPQKNk
"Cannon Shot: Level 22 To 41 - 3 Stars , iOS/Android Walkthrough",475,2019_11_18,2,2,SSSB Games,0,https://www.youtube.com/watch?v=EtQ0chys3ek
Cannon Shot! - Shoot and Catch Gameplay - Part 1,137,2019_11_18,1,0,WhattaGameplay,42200,https://www.youtube.com/watch?v=d4L-Dq5L-EM
Cannon shot game play,8,2019_11_18,1,0,KO cocuk,8,https://www.youtube.com/watch?v=5jNyO-xHMy0
Cannon Shot Level 74 Walkthrough,18,2019_11_18,0,0,Friends & Fun,6860,https://www.youtube.com/watch?v=r1OmHgMYgA4
Cannon Shot Level 81 Walkthrough,7,2019_11_19,0,0,Friends & Fun,6860,https://www.youtube.com/watch?v=FhsMlXQETuU
Cannon Shot Boss level 2,19,2019_11_19,0,0,Мульти Варка,1,https://www.youtube.com/watch?v=zNUdMLnp8n8
Cannon Shot Level 87 Walkthrough,7,2019_11_19,0,0,Friends & Fun,6860,https://www.youtube.com/watch?v=luwni_mXaVY
Cannon Shot Level 86 Walkthrough,6,2019_11_19,0,0,Friends & Fun,6860,https://www.youtube.com/watch?v=kPkLffP1qEE
Cannon Shot Level 89 Walkthrough,3,2019_11_19,0,0,Friends & Fun,6860,https://www.youtube.com/watch?v=w1lc7Vi_6YU
Cannon Shot Level 88 Walkthrough,8,2019_11_19,0,0,Friends & Fun,6860,https://www.youtube.com/watch?v=pZ1OVyZ6iQo
Cannon Shot Boss 17 Walkthrough,43,2019_11_19,0,0,Friends & Fun,6860,https://www.youtube.com/watch?v=S36N-vRKDh8
"Cannon Shot! Level 101-200 3 Stars With Bosses Gameplay Walkthrough (Android, iOS)",942,2019_11_19,5,1,Tap Touch,673,https://www.youtube.com/watch?v=rXC-U4KUnaI
"Cannon Shot: Level 66 To 88 - 3 Stars , iOS/Android Walkthrough",323,2019_11_19,2,0,SSSB Games,0,https://www.youtube.com/watch?v=boYoaVgWyio
Cannon Shot Boss 16 Walkthrough,76,2019_11_19,0,0,Friends & Fun,6860,https://www.youtube.com/watch?v=LmIXDe9dt1w
Cannon Shot Level 90 Walkthrough,13,2019_11_19,0,0,Friends & Fun,6860,https://www.youtube.com/watch?v=1GX1G3iY1Z8
Cannon Shot Level 84 Walkthrough,16,2019_11_19,0,0,Friends & Fun,6860,https://www.youtube.com/watch?v=YF8u3b66r9M
Cannon Shot Level 82 Walkthrough,5,2019_11_19,0,0,Friends & Fun,6860,https://www.youtube.com/watch?v=cJPKS2e_rmE
Cannon Shot Level 85 Walkthrough,25,2019_11_19,0,0,Friends & Fun,6860,https://www.youtube.com/watch?v=c97VG0I94wE
Cannon Shot Level 83 Walkthrough,50,2019_11_19,0,1,Friends & Fun,6860,https://www.youtube.com/watch?v=YiYCmiVvA0w
Cannon Shot Android Gameplay Levels 1-50 by Saygames,83,2019_11_19,4,0,PlayGamesWalkthrough,7270,https://www.youtube.com/watch?v=stPhcXejSE8
Cannon Shot Game Levels 1-20,20,2019_11_20,1,0,UncleBunGameplay,8,https://www.youtube.com/watch?v=tkZ3xQyebpQ
Cannon Shot Level 91 Walkthrough,12,2019_11_20,0,0,Friends & Fun,6860,https://www.youtube.com/watch?v=6kAuKXoFpZs
Playing dino t-rex and cannon shot,8,2019_11_20,2,0,zizer toe_king,7,https://www.youtube.com/watch?v=jETxQTlwdDQ
Main game canon shot dalam mobile (senang),3,2019_11_20,0,1,Irfan Zaquan,1,https://www.youtube.com/watch?v=SC5zstbxvXo
Cannon Shot Boss 18 Walkthrough,"1,318",2019_11_20,7,1,Friends & Fun,6860,https://www.youtube.com/watch?v=hMbeRkPWAzk
Cannon Shot Level 92 Walkthrough,30,2019_11_20,0,0,Friends & Fun,6860,https://www.youtube.com/watch?v=i_dFXp8EqZY
Cannon Shot Level 93 Walkthrough,62,2019_11_20,1,0,Friends & Fun,6860,https://www.youtube.com/watch?v=RbFlS6jBts4
Cannon Shot Level 95 Walkthrough,10,2019_11_20,0,0,Friends & Fun,6860,https://www.youtube.com/watch?v=7NzNVRydAjk
Cannon Shot Level 94 Walkthrough,17,2019_11_20,0,0,Friends & Fun,6860,https://www.youtube.com/watch?v=Fq30x1XNG_w
Cannon Shot,9,2019_11_20,4,0,Simulator Games Android,38,https://www.youtube.com/watch?v=shWWN5QgY3Q
CANNON SHOT All Levels 1-30+ALL BOSSES! [ANDROID GAMEPLAY],784,2019_11_20,0,0,BEST ANDROID GAMEPLAY,3290,https://www.youtube.com/watch?v=YM8XkIFjrFI
Cannon Shot! 3d Gamplay bosses Defeat,9,2019_11_21,0,0,Manay Studios,2,https://www.youtube.com/watch?v=5FYcUcnpsGI
Hand cannon shot,12,2019_11_21,3,0,ruin clapz,10,https://www.youtube.com/watch?v=JVsGMPszrDs
Cannon Shot Level 96 Walkthrough,6,2019_11_21,0,0,Friends & Fun,6860,https://www.youtube.com/watch?v=DaOKhV-Y9s0
Cannon Shot Level 100 Walkthrough,5,2019_11_21,0,0,Friends & Fun,6860,https://www.youtube.com/watch?v=Jt8RAiAKxsE
"Pokey Ball,Bullet Master,Nonstop 3D,Battle Disc,Cannon Shot!,Mr Spy,Traffic Run!,Baseball Fury",2,2019_11_21,0,0,Magic baby games,0,https://www.youtube.com/watch?v=Q3nsuYV6OGA
"Cannon Shot: Level 89 To 113 - 3 Stars , iOS/Android Walkthrough",502,2019_11_21,5,0,SSSB Games,0,https://www.youtube.com/watch?v=HZ7pH2nxQsI
Cannon Shot Level 98 Walkthrough,7,2019_11_21,0,0,Friends & Fun,6860,https://www.youtube.com/watch?v=XiMGHl20fOA
Cannon Shot Level 97 Walkthrough,4,2019_11_21,0,0,Friends & Fun,6860,https://www.youtube.com/watch?v=ZV9hZFDI_oA
Playing Cannon Shot,18,2019_11_21,2,0,Itz Game Time,6,https://www.youtube.com/watch?v=Ej_Gkh3UV3s
Cannon Shot Level 99 Walkthrough,51,2019_11_21,0,0,Friends & Fun,6860,https://www.youtube.com/watch?v=vhimXHhJ5Wo
Cannon Shot Boss 19 Walkthrough,82,2019_11_21,0,0,Friends & Fun,6860,https://www.youtube.com/watch?v=RgMKVB149MY
Cannon shot level 31 to 35 walkthrough || link in the discripation,0,2019_11_22,0,0,Krish thakkar,10,https://www.youtube.com/watch?v=aY1yGXMNaoU
CANNON SHOT LEVEL 128 - 184 | MOBILE GAME PLAY (HD),78,2019_11_22,1,0,Cer Cerna,1290,https://www.youtube.com/watch?v=3LyvoJEQFSc
That Game is Cannon Shot.,2,2019_11_22,0,0,Unicorn Puppet the Unicorn Puppet,0,https://www.youtube.com/watch?v=K9yEyYuS4fg
Cannon shot level 41 to 45 walkthrough || link in the discripation,2,2019_11_22,0,0,Krish thakkar,10,https://www.youtube.com/watch?v=47QxOEoUu8o
Cannon shot boss 7 walkthrough link in the discripation,377,2019_11_22,2,0,Krish thakkar,10,https://www.youtube.com/watch?v=LWU3sCsjtXc
Cannon shot Level 1 to 6 walkthrough,1,2019_11_22,0,0,Krish thakkar,10,https://www.youtube.com/watch?v=oiUoM1kGMfE
Cannon Shot - Android Game,3,2019_11_22,0,0,Gaming Playground,0,https://www.youtube.com/watch?v=OqLyT3-QfSY
Cannon shot boss 1 walkthrough,12,2019_11_22,0,0,Krish thakkar,10,https://www.youtube.com/watch?v=U0I3KseG_Gw
Cannon Shot Levels 21-40 + Boss Fights IOS Gameplay,"2,140",2019_11_22,12,3,Usman's Gaming,4750,https://www.youtube.com/watch?v=HMA-x5htJG4
Cannon shot boss level 9 walkthrough || link in the discripation,525,2019_11_22,2,0,Krish thakkar,10,https://www.youtube.com/watch?v=Lw4u6BX28GI
A GAMEPLAY OF CANNON SHOT,1,2019_11_23,0,0,NOOB GAMING CLAN,6,https://www.youtube.com/watch?v=dWjqLQO67D8
cannon shot,10,2019_11_23,2,0,OYUN GAME,1,https://www.youtube.com/watch?v=Nt2a-TTXknM
Cannon shot boss level 10 walkthrough || link in the discripation,28,2019_11_23,0,0,Krish thakkar,10,https://www.youtube.com/watch?v=6V7IMH70Zmc
Main Game Offline Ke-2 | Cannon Shot,2,2019_11_23,0,0,Itz_FrostBlitz,7,https://www.youtube.com/watch?v=hfDP3EhW--A
Cannon Shot Boss level 6,377,2019_11_23,2,0,Мульти Варка,1,https://www.youtube.com/watch?v=KYAQeVfsEZo
Cannon Shot Boss level 7,100,2019_11_23,0,0,Мульти Варка,1,https://www.youtube.com/watch?v=ON3EjlJDvZg
CANNON SHOT! Level 94-105 with BOSS BATTLE,61,2019_11_24,0,0,Mrniceguy143 Gaming,0,https://www.youtube.com/watch?v=oCwemf5C3-E
Cannon shot,0,2019_11_24,0,0,playing video games o,1,https://www.youtube.com/watch?v=v54EHs2nlFM
Main Cannon Shot Game higt level #Cannon Shot gameplay,8,2019_11_25,0,0,iseng wee,0,https://www.youtube.com/watch?v=OS0HZMPqFsU
CANNON SHOT GAMEPLAY!,1,2019_11_25,0,0,The Game Chanel,30,https://www.youtube.com/watch?v=kDpba86y6OY
"Cannon Shot! : Gameplay Walkthrough #1 (Android, iOS) – Levels 1-20 and Bosses",114,2019_11_25,1,0,Kiza Gameplays,19,https://www.youtube.com/watch?v=SDpMO_iPya0
Main Game Cannon Shot,1,2019_11_25,0,0,Bhogel Gaming,31,https://www.youtube.com/watch?v=xoAdcPltcjM
Cannon Shot! Android Gameplay 2019 || Best Game of the month November 2019,1,2019_11_25,0,0,Gaming Babaji,0,https://www.youtube.com/watch?v=SOiTYQgcb7U
CANNON SHOT! Level 107-111 with BOSS BATTLE,42,2019_11_25,1,0,Mrniceguy143 Gaming,0,https://www.youtube.com/watch?v=k96Z2wLv6ho
Cannon Shot Level 33-40.,13,2019_11_26,4,0,MIFKA GAMING,132,https://www.youtube.com/watch?v=t6GxM5umLog
CANNON SHOT BOSS FIGHT GAMEPLAY,18,2019_11_26,0,0,MI ANDROID GAMEPLAY,0,https://www.youtube.com/watch?v=JiTMEyWyASk
Main Cannon Shot Pro Boss Fight #gameoffline keren,22,2019_11_26,2,0,iseng wee,0,https://www.youtube.com/watch?v=BK7yN3KG98c
Defeating the 28th boss in cannon shot!,56,2019_11_26,3,0,Ethan Nass,362,https://www.youtube.com/watch?v=JKguJjTjlfA
Defeating the 34th boss in cannon shot!,7,2019_11_27,0,0,Ethan Nass,362,https://www.youtube.com/watch?v=xBYx41Vbu_w
Defeating the 35th boss in cannon shot!,5,2019_11_27,0,0,Ethan Nass,362,https://www.youtube.com/watch?v=VfJ_eYN8iCc
Cannon Shot - Android Gameplay #1,4,2019_11_27,0,0,Android GameRec,1,https://www.youtube.com/watch?v=kRVCd6XKv6Y
CANNON SHOT - NEW GAME BOSS FIGHT 1 GAMEPLAY,16,2019_11_27,0,0,Chintu Android Gameplay,0,https://www.youtube.com/watch?v=iJUMs2-wSr0
Cannon Shot! (by SayGames) - puzzle game for android and iOS - gameplay.,35,2019_11_27,3,0,andro-games,7090,https://www.youtube.com/watch?v=pDwlvY8oNX8
Defeating the 29th boss in cannon shot!,20,2019_11_27,2,0,Ethan Nass,362,https://www.youtube.com/watch?v=C2ioxzel_BI
Defeating the 32nd boss in cannon shot!,7,2019_11_27,0,0,Ethan Nass,362,https://www.youtube.com/watch?v=xCOgoXH9BHc
Cannon shot! Gameplay.,7,2019_11_28,0,0,Hayden Donovan,8,https://www.youtube.com/watch?v=L1RVav01DlI
Cannon Shot! Gameplay - Level 151-170 Walkthrough (IOS/Android),31,2019_11_28,0,0,Runyo,3630,https://www.youtube.com/watch?v=VE1sDT_Verc
Cannon Shot! Gameplay - Level 171-200 Walkthrough (IOS/Android),41,2019_11_28,1,0,Runyo,3630,https://www.youtube.com/watch?v=Sc7ceZo1p6o
Cannon shot game!!!!,4,2019_11_29,1,0,Mega Handout,5,https://www.youtube.com/watch?v=8CeYxEzbF70
CANNON SHOT BOSS FIGHT 4 - NEW ANDROID GAMEPLAY,4,2019_11_29,0,0,Chintu Android Gameplay,0,https://www.youtube.com/watch?v=HPXOF5E7t7A
Cannon Shot Game Hd Gameplay _ Lets Play Cannon Shot _ Android,5,2019_11_29,1,0,NextLevel Gaming,25,https://www.youtube.com/watch?v=_iSG878_Kvs
Cannon Shot! Level 1 - 30 Incredible Gameplay Best Game Ever || Say Games,10,2019_11_29,2,0,Zain Ali Gaming,0,https://www.youtube.com/watch?v=RVFubseak3A
Cannon Shot! Game Walkthrough Level 1-50,942,2019_11_29,10,1,Top Games Walkthrough,27500,https://www.youtube.com/watch?v=hx4-IY4D9NQ
playing cannon shot,0,2019_11_29,0,0,Ruth Perales,0,https://www.youtube.com/watch?v=EoVfjJsPMcw
Defeating the 37th boss in cannon shot!,12,2019_11_29,1,0,Ethan Nass,362,https://www.youtube.com/watch?v=Vq7vY-ze1bo
Hand cannon shot,5,2019_11_30,0,0,cLoUt_ Exoticc,15,https://www.youtube.com/watch?v=lblSA-1p6WY
CANNON SHOT WORLD 2 BOSS FIGHT 5 AND BOSS FIGHT 6 GAMEPLAY - NEW CANNON UNLOCKED,20,2019_11_30,0,0,Chintu Android Gameplay,0,https://www.youtube.com/watch?v=JNcqQrkidKg
Cannon Shot Levels 41-60 + Boss Fights IOS Gameplay,"1,499",2019_11_30,9,1,Usman's Gaming,4750,https://www.youtube.com/watch?v=e9HfnPK7ah8
Cannon Shot! Level 50 to 100 Complete | Android iOS Gameplay,14,2019_11_30,1,0,Shivam Gamer,6850,https://www.youtube.com/watch?v=zTp7MD0CE4M
"TOM HERO, CLEAN ROAD, STOP THEM ALL, CANNON SHOT, PART 27",164,2019_11_30,0,0,GAMER GAMEPLAY,0,https://www.youtube.com/watch?v=aNlLrr7s6uU
Cannon Shot _ Level 83 _ HD Gameplay Android,3,2019_11_30,0,0,NextLevel Gaming,25,https://www.youtube.com/watch?v=GudDuM1X8H4
Cannon Shot _Boss Fight Level 6 _ Android Gameplay,11,2019_11_30,1,0,NextLevel Gaming,25,https://www.youtube.com/watch?v=17ZjEghskYY
Cannon Shot! (by SayGames) - Android / iOS Gameplay,8,2019_11_30,0,0,TeBsZzz Gaming,1770,https://www.youtube.com/watch?v=NgMKx13hZQY
Random cannon shot,3,2019_11_30,0,0,Tad1922 - Stream Clips & more!,3,https://www.youtube.com/watch?v=_s59kxX0DU4
Cannon Shot! Gameplay,0,2019_12_01,0,0,Maha Khader,171,https://www.youtube.com/watch?v=Y2mnXL6QzGY
Defeating the 39th boss in cannon shot!,4,2019_12_01,0,0,Ethan Nass,362,https://www.youtube.com/watch?v=2MEFQYz4wbg
Cannon Shot! LEVEL 34 BOSS 7 Gameplay,274,2019_12_01,7,0,iDarwichGames,16200,https://www.youtube.com/watch?v=jVRGcci5h70
Complete Cannon Shot! Level 112,62,2019_12_01,1,0,Sanidhya 250,18,https://www.youtube.com/watch?v=EJ-bOK5LXUU
Cannon Shot Level 26-35 Android/ios Gameplay,977,2019_12_01,6,0,Mobile Videogames,17400,https://www.youtube.com/watch?v=ZRBkSDsaNqI
Cannon Shot Boss level 8 “Toxic”,10,2019_12_01,0,0,Мульти Варка,1,https://www.youtube.com/watch?v=8MNXdO-QP0Q
Cannon Shot! Level 1-50 Gameplay walkthrough -(ios/Android),8,2019_12_01,1,0,Trending Mobile Games,0,https://www.youtube.com/watch?v=5H6V2RApD18
Cannon shot boss level 34 walkthrough subscribe my channel,11,2019_12_01,1,0,Krish thakkar,10,https://www.youtube.com/watch?v=FWjqIExF8J4
Defeating the 40th boss in cannon shot! ITS MY BIRTHDAY TODAY!!!,6,2019_12_01,1,0,Ethan Nass,362,https://www.youtube.com/watch?v=uoPIlZ8JCBc
CANNON SHOT,3,2019_12_01,0,0,ARROWMAN 00,6,https://www.youtube.com/watch?v=aNUb5YV--iw
CANNON SHOT WORLD 2 - BOSS FIGHT 7 GAMEPLAY,26,2019_12_01,1,0,Chintu Android Gameplay,0,https://www.youtube.com/watch?v=HCJN2A3l8QQ
Cannon Shot! Game Walkthrough Level 51-100,692,2019_12_02,7,3,Top Games Walkthrough,27500,https://www.youtube.com/watch?v=g60iiNv5tXI
CANNON SHOT BOSS FIGHT 8 GAMEPLAY,8,2019_12_02,0,0,Chintu Android Gameplay,0,https://www.youtube.com/watch?v=lLBsYpP0hmg
Cannon shot level 2 #KN,1,2019_12_02,0,0,KHURRAM NAWAZ,0,https://www.youtube.com/watch?v=w2ZpL65KTT0
Cannon Shot Game! Levels 1-10,4,2019_12_02,1,0,DESI GAMES,1,https://www.youtube.com/watch?v=oJ5E5UoMDUw
My greates hand cannon shot of all time (season 6),5,2019_12_02,1,0,Adventure Bot,1,https://www.youtube.com/watch?v=S7AMRrJ1GJs
My best hand cannon shot,3,2019_12_02,1,0,twitch branchy,4,https://www.youtube.com/watch?v=50qtFzZRZxI
Mobil Android Oyunlar..Cannon Shot!,8,2019_12_02,1,0,Acemi PRO,2,https://www.youtube.com/watch?v=oJNCC7PUaC0
"CANNON SHOT,BATTLE DISC, PICKED 3D, STOP THEM ALL PART 31",56,2019_12_02,0,0,GAMER GAMEPLAY,0,https://www.youtube.com/watch?v=2iuwMGj_06k
"Cannon Shot: Level 139 To 163 - 3 Stars , iOS/Android Walkthrough",55,2019_12_02,1,0,SSSB Games,0,https://www.youtube.com/watch?v=afk34KT8P9g
BOOM SHOOT! | CANNON SHOT - #1,7,2019_12_03,2,0,Eurie PH,8,https://www.youtube.com/watch?v=sswsPodLBUk
MONI BAGS - GAME OVER FREESTYLE: Shot by DaddyFatChops (Canon EOS R Official Music Video),37,2019_12_03,1,0,Reid Baby,58,https://www.youtube.com/watch?v=IMTbydt1Zuc
Cannon Shot! - SayGames LLC - Walkthrough Get Started Recommend index four stars,107,2019_12_04,1,0,2pFreeGames,212000,https://www.youtube.com/watch?v=58fatBdHmr8
CANNON SHOT WORLD TWO BOSS FIGHT GAMEPLAY,5,2019_12_04,0,0,MI ANDROID GAMEPLAY,0,https://www.youtube.com/watch?v=uQK8yRmoCZQ
Cannon shot gameing,2,2019_12_04,1,0,Nob Nishant,4,https://www.youtube.com/watch?v=YgjpjP3kevo
Complete Cannon Shot! Level 165-170,13,2019_12_04,0,0,Sanidhya 250,18,https://www.youtube.com/watch?v=MqUOFQ-7Nik
Cannon Shot! Boss Level 8 Walkthrough,64,2019_12_05,2,0,maruf rafi,15,https://www.youtube.com/watch?v=g3rZNnxuOlk
Cannon Shot! Boss Level 7 Walkthrough,64,2019_12_05,2,0,maruf rafi,15,https://www.youtube.com/watch?v=KEF--XiDjmo
Cannon Shot! Boss Level 6 Walkthrough,176,2019_12_05,1,0,maruf rafi,15,https://www.youtube.com/watch?v=_gl06E8MmgA
Playing cannon shot level 11-34 iOS gameplay,19,2019_12_05,5,0,King K Gaming,9,https://www.youtube.com/watch?v=pJWRqcylPRE
Cannon Shot! Boss Level 4 Walkthrough,10,2019_12_05,0,0,maruf rafi,15,https://www.youtube.com/watch?v=QBaycbYjAMA
CANNON SHOT WORLD 3 BOSS FIGHT 11 GAMEPLAY,2,2019_12_05,0,0,Chintu Android Gameplay,0,https://www.youtube.com/watch?v=3TEjmlEwJIs
Cannon Shot! Boss Level 2 Walkthrough,3,2019_12_05,0,0,maruf rafi,15,https://www.youtube.com/watch?v=orCxaxqUNmc
Cannon Shot! Game Level 118th,5,2019_12_05,0,0,WEsiii NAzar,19,https://www.youtube.com/watch?v=b8u9ZhNumTo
The “BOSS” cannon shot episode 2,4,2019_12_05,0,0,Aj world,29,https://www.youtube.com/watch?v=4ufeyZHQWmU
Cannon Shot! Boss Level 3 Walkthrough,60,2019_12_05,2,0,maruf rafi,15,https://www.youtube.com/watch?v=xOzoUC2f5-o
Complete Cannon Shot! Level 185-190,3,2019_12_05,0,0,Sanidhya 250,18,https://www.youtube.com/watch?v=Aw15qK6Dne0
Cannon Shot! Boss Level 1 Walkthrough,4,2019_12_05,0,0,maruf rafi,15,https://www.youtube.com/watch?v=oLrTH3FMgzo
Cannon Shot! Boss Level 14 Walkthrough,19,2019_12_06,0,0,maruf rafi,15,https://www.youtube.com/watch?v=WBTZOZ7L6f0
CANNON SHOT WORLD 3 BOSS FIGHT 12 GAMEPLAY,1,2019_12_06,0,0,Chintu Android Gameplay,0,https://www.youtube.com/watch?v=dHreYyJYbQ4
Cannon Shot! ||Android Gameplay||,1,2019_12_06,0,0,Unos Riptom,18,https://www.youtube.com/watch?v=GQJkQ4ockTU
Cannon Shot! Boss Level 11 Walkthrough,5,2019_12_06,0,0,maruf rafi,15,https://www.youtube.com/watch?v=FdW3gSDFhKw
Cannon Shot! Boss Level 12 Walkthrough,6,2019_12_06,0,0,maruf rafi,15,https://www.youtube.com/watch?v=j4DekxBjdgU
Cannon Shot! Boss Level 13 Walkthrough,17,2019_12_06,0,0,maruf rafi,15,https://www.youtube.com/watch?v=nDz-WRjh1ao
Cannon Shot! Boss Level 16 Walkthrough,18,2019_12_06,0,0,maruf rafi,15,https://www.youtube.com/watch?v=qBTTr9Odyvc
Playing Clash of Blocks and Cannon Shot,2,2019_12_06,2,0,Dawid_Robakowski,6,https://www.youtube.com/watch?v=XB2gftt0QVk
Cannon Shot! Boss Level 18 Walkthrough,17,2019_12_06,0,0,maruf rafi,15,https://www.youtube.com/watch?v=ziw1JixKQ0M
Cannon Shot! Boss Level 10 Walkthrough,9,2019_12_06,0,0,maruf rafi,15,https://www.youtube.com/watch?v=net1cmse3kg
Cannon Shot! Boss Level 9 Walkthrough,28,2019_12_06,0,0,maruf rafi,15,https://www.youtube.com/watch?v=IXom-Xo_sl4
CANNON SHOT! :- Game with Infinite Max,1,2019_12_06,1,0,INFINITE MAX LUCKY,15,https://www.youtube.com/watch?v=ZDkrSawg-ew
Cannon Shot game Boss 50 #maingame sampe puas,2,2019_12_06,1,0,iseng wee,0,https://www.youtube.com/watch?v=Udxr8c4IH2g
Reviewing Cannon Shot from Snapchat,6,2019_12_06,1,0,Game Reviews,4,https://www.youtube.com/watch?v=duslFJo4IsE
Cannon Shot! Boss Level 15 Walkthrough,7,2019_12_06,0,0,maruf rafi,15,https://www.youtube.com/watch?v=YP0VQDR6kzw
Deafening 2 bosses in cannon shot,5,2019_12_06,0,0,It Convex101,5,https://www.youtube.com/watch?v=EGVKRVdjcUQ
Cannon Shot! Hold To Shoot good Game,3,2019_12_07,1,0,GAMEs LOVEr 007,0,https://www.youtube.com/watch?v=OiTVQ5BNSGU
Bad end to a cannon shot,2,2019_12_07,0,0,Infidel_sg,10,https://www.youtube.com/watch?v=XrOdMs7vaFY
Cannon Shot! Boss Level 20 Walkthrough,22,2019_12_07,0,0,maruf rafi,15,https://www.youtube.com/watch?v=Qfj1gUhxriQ
chơi game cannon shot!,0,2019_12_07,0,0,thiên kỳ doge gaminh,6,https://www.youtube.com/watch?v=xsx5kvucCZc
Cannon Shot 게임,4,2019_12_07,0,0,홍이는멋쟁이,2,https://www.youtube.com/watch?v=6T7Ufo9pHdw
Cannon shot “The easiest level ever” episode 3,3,2019_12_07,0,0,Aj world,29,https://www.youtube.com/watch?v=VbeJGw4AM2A
Cannon Shot! Boss Level 21 Walkthrough,9,2019_12_07,0,0,maruf rafi,15,https://www.youtube.com/watch?v=7ihrHmLwCVM
Cannon Shot! Boss Level 22 Walkthrough,7,2019_12_07,0,0,maruf rafi,15,https://www.youtube.com/watch?v=jgdid3AsxiQ
Cannon Shot! Boss Level 23 Walkthrough,210,2019_12_07,3,0,maruf rafi,15,https://www.youtube.com/watch?v=FadnSUYIPxQ
Cannon Shot! Boss Level 24 Walkthrough,7,2019_12_07,0,0,maruf rafi,15,https://www.youtube.com/watch?v=ynTRHtGaDDc
Cannon Shot! Boss Level 19 Walkthrough,13,2019_12_07,0,0,maruf rafi,15,https://www.youtube.com/watch?v=-0afnM1bCRM
Trải nhiệm game cannon shot,13,2019_12_08,3,0,tets games vs trải nghiệm,12,https://www.youtube.com/watch?v=LV_0szPDN3g
CANNON SHOT WORLD 4 BOSS FIGHT 16 GAMEPLAY,3,2019_12_08,0,0,Chintu Android Gameplay,0,https://www.youtube.com/watch?v=pumHWL6VHA8
Cannon Shot! Boss Level 30 Walkthrough,4,2019_12_08,0,0,maruf rafi,15,https://www.youtube.com/watch?v=c9Hw14Vqj6k
Cannon Shot! Boss Level 28 Walkthrough,12,2019_12_08,0,0,maruf rafi,15,https://www.youtube.com/watch?v=-nqXnrChKJI
Android game -Cannon Shot! (say games),12,2019_12_08,2,0,new gen people,5,https://www.youtube.com/watch?v=Uhxfc6oDqEQ
Cannon Shot! Boss Level 26 Walkthrough,13,2019_12_08,0,0,maruf rafi,15,https://www.youtube.com/watch?v=LOSVukAOAVc
Cannon Shot Lavel 36-45 Android/ios Gameplay,216,2019_12_08,3,0,Mobile Videogames,17400,https://www.youtube.com/watch?v=9YK3fxl7dQ8
Cannon Shot! Boss Level 27 Walkthrough,11,2019_12_08,0,0,maruf rafi,15,https://www.youtube.com/watch?v=jTYVcHrMAwo
CANNON SHOT WORLD 4 BOSS FIGHT 17 GAMEPLAY,3,2019_12_09,0,0,Chintu Android Gameplay,0,https://www.youtube.com/watch?v=iyZ1MzUSEps
Game Play CANNON SHOT!!!!👌,7,2019_12_09,1,0,Alex Jami,28,https://www.youtube.com/watch?v=6y92bIQmG1w
180 turn no aim Han cannon shot,9,2019_12_09,0,0,ItzDizzyyy,7,https://www.youtube.com/watch?v=uvcUSfuJy1Q
CANNON SHOT ! LEVEL 1 - 10!!!,8,2019_12_09,0,0,Happy,0,https://www.youtube.com/watch?v=55ooXkc1Q34
Cannon Shot! Level 392 to 395 and Boss 80 complete,0,2019_12_10,0,0,Gabsfrac BR,0,https://www.youtube.com/watch?v=l8QszrQ4MwM
"Cannon Shot! Level 1, 2, 3, 4, First Boss (Android)",6,2019_12_10,0,0,MuchaLaLa,310,https://www.youtube.com/watch?v=plnjUcLVtmQ
"Cannon Shot! Level 8, 9, Boss 2 (Android)",1,2019_12_10,0,0,MuchaLaLa,310,https://www.youtube.com/watch?v=RtLrk7zHvMc
CANNON SHOT WORLD 4 BOSS FIGHT 18 GAMEPLAY,4,2019_12_10,0,0,Chintu Android Gameplay,0,https://www.youtube.com/watch?v=lT4d_5jKCoU
"Cannon Shot Level 10, 11, 12",5,2019_12_10,0,0,MuchaLaLa,310,https://www.youtube.com/watch?v=tHhbRcigGyI
Cannon Shot! Game Play [Android-IOS] Level 74-90,90,2019_12_10,3,0,Android Gaming,0,https://www.youtube.com/watch?v=f5Pp5dbAyZs
Cannon Shot! Episode seven,1,2019_12_10,0,0,Just,8,https://www.youtube.com/watch?v=i8MRJsy5cQ4
Cannon shot game play,21,2019_12_11,1,0,Oatmealz,15,https://www.youtube.com/watch?v=kKB4t06JDTI
Cannon Shot! Game Play [Android-IOS] Level 91-115,165,2019_12_11,3,0,Android Gaming,0,https://www.youtube.com/watch?v=_TFgMhg36yI
Cannon Shot! Game Play [Android-IOS] Level 119-138,207,2019_12_11,4,0,Android Gaming,0,https://www.youtube.com/watch?v=bJnoG-cnxZw
"BDO SEA - ""[Event] Lara's Request"" Cannon Shot",122,2019_12_11,4,0,Yoga Wijaya,5,https://www.youtube.com/watch?v=NKI5NOctGXA
Star Wars Battlefront (2015) - Pulse Cannon Shot,5,2019_12_11,0,0,Dabuss55,62,https://www.youtube.com/watch?v=veTQD9LrDQs
Cannon shot,5,2019_12_12,1,0,지지,10,https://www.youtube.com/watch?v=SB-WwPWHOnk
