﻿title,count,date,good_count,bad_count,youtuber,subscriber,url
Stencil Art - Spray Masters - Gameplay,794,2019_11_08,15,0,daydreamz studio,834,https://www.youtube.com/watch?v=gM0kpjnDjUI
Stencil Art - Spray Masters - Gameplay IOS,137,2019_11_09,2,1,MediaTech - Gameplay Channel,0,https://www.youtube.com/watch?v=gXroHo92wHI
Stencil Art - Spray Masters IOS Gameplay,793,2019_11_12,47,0,F2PlayGames,1330,https://www.youtube.com/watch?v=h-rlSCa6BaQ
Stencil Art - Spray masters (Lion studios) | Stencil Art - Spray masters android gameplay,35,2019_11_12,0,0,Ak me Paul,0,https://www.youtube.com/watch?v=7srsiiSBt1s
Stencil Art - Spray masters ( Lion studios) #1,13,2019_11_12,0,0,Ak me Paul,0,https://www.youtube.com/watch?v=WwboWSTQAlc
Stencil Art - Spray master #2,5,2019_11_12,0,0,Ak me Paul,0,https://www.youtube.com/watch?v=2cwDfQ4_mxI
Stencil Art level 1-20 Ios Gameplay-HD,27,2019_11_13,0,0,Taply Gameplay,96,https://www.youtube.com/watch?v=zQr0CE6iPE4
I downloaded this game it’s called stencil art,6,2019_11_13,0,0,TheofficialKayleigh Gilmore,3,https://www.youtube.com/watch?v=Uaq5oTNf0rE
Stencil Art - Spray Masters 100 LEVELS GAMEPLAY | Stencil Art Complete Gameplay,"4,248",2019_11_14,74,5,TheGameAnswers,26000,https://www.youtube.com/watch?v=wJRU0bvPGCI
Stencil Art Spray Masters - Gameplay,212,2019_11_14,4,1,Gamers Unbounded,454,https://www.youtube.com/watch?v=sRNCsPqjwPA
Stencil Art - Spray Masters Game Walkthrough Level 1-25,"1,379",2019_11_15,25,1,Top Games Walkthrough,27500,https://www.youtube.com/watch?v=nMmAnZK9WQU
Stencil Art level 21-30 ios Gameplay-HD,23,2019_11_15,1,0,Taply Gameplay,96,https://www.youtube.com/watch?v=QFnrkchBT5k
Stencil Art,23,2019_11_16,3,0,Let's Play It!!!,3,https://www.youtube.com/watch?v=bnBm0rp-y-0
Making stencil art game,23,2019_11_16,4,0,12345princessleia678910,101,https://www.youtube.com/watch?v=0JzJbmg2f9s
Stencil Art level 30-40 Ios Gameplay-HD,17,2019_11_17,0,0,Taply Gameplay,96,https://www.youtube.com/watch?v=6xOx7mtONsM
Stencil Art - Spray Masters Game Walkthrough Level 26-50,573,2019_11_18,8,3,Top Games Walkthrough,27500,https://www.youtube.com/watch?v=MnaxyFpBaNk
Stencil Art - Spray Masters,10,2019_11_19,1,0,Gamer360XD 2,907,https://www.youtube.com/watch?v=eZwnDx5_Yl8
STENCIL ART (SPRAY MASTER). Levels 1-25 Walkthrough,20,2019_11_19,1,0,Stratomobile,0,https://www.youtube.com/watch?v=F_Fuj8Q3_vs
Stencil Art Spray Masters Gameplay Walkthrough - First Impressions,22,2019_11_19,1,0,TapGameplayed,7090,https://www.youtube.com/watch?v=8rV-47kjeC0
Stencil Art Spray Masters - Zostałem mistrzem malowania!,329,2019_11_19,30,0,BrotTV,165000,https://www.youtube.com/watch?v=L776mPJExR8
STENCIL ART (SPRAY MASTER). Levels 26-50 Walkthrough,8,2019_11_20,0,0,Stratomobile,0,https://www.youtube.com/watch?v=RSOLENgBrLc
Stencil Art - Spray Masters Android Gameplay,329,2019_11_20,7,2,KruGames,165000,https://www.youtube.com/watch?v=9JOin5aG0G4
Stencil Art Spray Masters (by Lion Studios) Android Gameplay Walkthrough 1-15 Levels,564,2019_11_20,5,0,Android Gameplay Weekly,319000,https://www.youtube.com/watch?v=XlthGqc5zf8
STENCIL ART (SPRAY MASTER). Levels 51-75 Walkthrough,5,2019_11_20,1,0,Stratomobile,0,https://www.youtube.com/watch?v=CNC31d3YtAI
Stencil Art - Spray Masters Game Walkthrough Level 51-75,447,2019_11_21,10,1,Top Games Walkthrough,27500,https://www.youtube.com/watch?v=hSwOpF-nxTE
Stencil Art - Spray Masters Gameplay Level: 1-10 #1 (Android),9,2019_11_22,0,0,Monster Squid,11,https://www.youtube.com/watch?v=0yNYUBQp00k
STENCIL ART (SPRAY MASTER). Levels 76-100 Walkthrough,31,2019_11_22,1,0,Stratomobile,0,https://www.youtube.com/watch?v=hMty4Ulczbg
The monster is so scary - Stencil Art,5,2019_11_24,0,0,Ara Trendy Games,39,https://www.youtube.com/watch?v=LsVUFNOy0Z8
STENCIL ART (SPRAY MASTER). Levels 101-125 Walkthrough,7,2019_11_24,0,0,Stratomobile,0,https://www.youtube.com/watch?v=1LaTX2kvuzE
Stencil Art - Spray Masters ( Android Gameplay ) Level 1-24,9,2019_11_25,2,0,Lima Khanom,125,https://www.youtube.com/watch?v=mPMNzRZRYQY
Stencil Art - Spray Masters 1-20 level - Lion Studios Game 2019,32,2019_11_25,1,1,Android GAMES,4520,https://www.youtube.com/watch?v=wjqbwRGv7ZE
Stencil Art - Spray Masters Gameplay Level: 21-30 #3 (Android),14,2019_11_25,0,0,Monster Squid,11,https://www.youtube.com/watch?v=nF7c203he5w
Stencil Art - Spray Masters LEVEL 101-170 Gameplay,311,2019_11_25,7,0,TheGameAnswers,26000,https://www.youtube.com/watch?v=ChLOjgkeUBM
STENCIL ART (SPRAY MASTER). Levels 126-150 Walkthrough,10,2019_11_25,0,0,Stratomobile,0,https://www.youtube.com/watch?v=UJYIvVlrqYw
Stencil Art - Spray Masters Gameplay Level: 11-20 #2 (Android),3,2019_11_25,0,0,Monster Squid,11,https://www.youtube.com/watch?v=zR0sunoP6fk
Stencil Art - Spray Masters Game Walkthrough Level 76-100,439,2019_11_25,5,0,Top Games Walkthrough,27500,https://www.youtube.com/watch?v=ftwRXa9RgrQ
Stencil Art Gameplay - Level 1-15 Walkthrough (Android/IOS),6,2019_11_25,0,0,Runyo,3630,https://www.youtube.com/watch?v=reAeTFm1poI
The Puppy is so cute - Stencil Art,11,2019_11_25,4,0,Ara Trendy Games,39,https://www.youtube.com/watch?v=5o3rB4aRz-E
Sophia and Bella Playing Stencil Art!,1,2019_11_26,0,0,Heart Games,1,https://www.youtube.com/watch?v=JRbimMAhrUo
Stencil Art Spray Masters: level 1 to 30 - Gameplay Walkthrough Part 1,40,2019_11_26,2,0,GamePlays365,710,https://www.youtube.com/watch?v=ewFycPUgsIQ
STENCIL ART (SPRAY MASTER). Last levels 151-170 Walkthrough,29,2019_11_26,1,0,Stratomobile,0,https://www.youtube.com/watch?v=UD2blynRcSc
Christmas is here - Stencil Art,14,2019_11_27,1,0,Ara Trendy Games,39,https://www.youtube.com/watch?v=bQ5-060CouE
Playing this new game called Stencil Art!! My arts is so good! -Gameplay-,11,2019_11_28,0,0,Danish0901 TV,16,https://www.youtube.com/watch?v=iC9OS_kcf-M
Stencil Art - Spray Masters (2019),3,2019_11_29,0,0,"Mobile Games - Android,IOS",72,https://www.youtube.com/watch?v=SlEY2ZX3gt0
Stencil Art - Spray Masters Gameplay Level: 31-40 #4 (Android),5,2019_11_29,0,0,Monster Squid,11,https://www.youtube.com/watch?v=irupmPijVM4
STENCIL ART - SPRAY MASTERS!!!!EVOLUTION!!!!GAMEPLAY!!!!MAX LEVEL`S!!!!,2,2019_11_30,0,0,Powerglide,56,https://www.youtube.com/watch?v=aMr33v28yv4
Stencil art - spray masters gameplay FHD! | Stencil art game!,8,2019_12_01,0,0,Ak me Paul,0,https://www.youtube.com/watch?v=6Ym0q8D8e-s
Stencil Art - Spray Masters Mod Apk (Oyun),27,2019_12_01,0,0,ModApkOyun,804,https://www.youtube.com/watch?v=KTlqQRnnvkY
Stencil Art - Spray Masters (By Lion Studio) | Android iOS Gameplay |,14,2019_12_02,3,0,Shivam Gamer,6850,https://www.youtube.com/watch?v=GI8ZzF70XtQ
Stencil Art Spray Masters Game Android ios App Apk Mobile Iphone New Trending Lion Studios,13,2019_12_02,3,0,Scottish Gaming Duo,1250,https://www.youtube.com/watch?v=IDxiqT3m6fo
Stencil Art Spray Masters,4,2019_12_03,0,0,Level Up,0,https://www.youtube.com/watch?v=3wMl5edZ_0w
tencil Art - Spray Masters (by Lion Studios) - Android / iOS Gameplay,2,2019_12_08,0,0,TeBsZzz Gaming,1770,https://www.youtube.com/watch?v=pg4Yjw-oxHY
Stencil Art - Spray Masters,12,2019_12_08,1,0,Ninja franklin,7,https://www.youtube.com/watch?v=_p0ELb45WXM
