﻿rank,name
1,Brain Out – 가장 어색한 게임
2,달빛조각사
3,콜 오브 듀티: 모바일
4,봉인의서
5,라이즈 오브 킹덤즈
6,Wrecking Ball
7,세인트 세이야 : 각성
8,노블레스 : 제로 with NAVER WEBTOON
9,Icing On The Cake
10,도시어부M
11,기적의 검
12,브롤스타즈
13,세레스M
14,워드퍼즐 - 단어 게임
15,펭귄의 섬
16,꽃피는 달빛
17,궁수의 전설
18,무한의 계단
19,배틀그라운드
20,소울아크: 리부트
21,꿈의 집 (Homescapes)
22,디지몬 리얼라이즈 -Digimon ReArise-
23,꿈의 정원 (Gardenscapes)
24,Perfect Slices
25,신의 연대기-신규서버오픈
26,1945
27,Cool Goal!
28,Square Bird
29,I Peel Good
30,오늘도 우라라 원시 헌팅 라이프
31,Granny Legend
32,Zipline Valley - 물리학 퍼즐 게임
33,Dinosaur Rampage
34,올스타 스매시
35,Magic Tiles 3
36,신강호
37,Sand Balls
38,이터:던전의 포식자
39,Bouncemasters!
40,3차원 채우기 (Fill in 3D)
41,Mario Kart Tour
42,피망 뉴맞고 : 고스톱으로 대한민국 1등
43,바이러스 워 - 우주 슈팅 게임
44,Zooba - 동물원 배틀 아레나
45,Fun Race 3D
46,Empires & Puzzles: RPG Quest
47,꿈의 마을 (Township)
48,햄스터 타운 - 당신이 원하는 힐링 두뇌 퍼즐 게임 - 햄스터 타운! 심쿵사 주의
49,클래시 로얄
50,ROBLOX
51,신비아파트 고스트헌터
52,스도쿠 - 무료 클래식 스도쿠 퍼즐
53,Mr Bullet - 스파이 퍼즐
54,Color Saw 3D
55,피츠메이커
56,무한의 농장
57,좀비고등학교
58,Rider
59,리치리치
60,피망 섯다
61,The Real Juggle
62,Rummikub
63,aquapark.io
64,Color Fill 3D
65,전투 마스터
66,장기2.0
67,한게임 포커
68,Robot Clash
69,"피망 포커: 카지노 로얄 (7포커, 로우바둑이, 하이로우)"
70,장기의 달인
71,Minecraft 체험판
72,마피아42
73,Nonogram.com - 픽처 크로스 퍼즐 게임
74,지오메트리 대시 라이트 (Geometry Dash L)
75,숨바꼭질 온라인 - 실시간 숨바꼭질
76,리니지M
77,환란 삼국지
78,Happy Glass
79,Run Race 3D
80,토킹톰 골드런
81,해양 유목민 - 뗏목 생존: Survival on Raft - Ocean Nomad
82,LoL 프렌즈
83,Crowd City
84,Two Dots
85,아스팔트 9: 레전드- 2019 액션 카 레이싱 게임
86,쿠키런: 오븐브레이크
87,한게임 신맞고 : 대한민국 원조 고스톱
88,타워 브레이커(Tower Breaker) - 신의 탑 부수기
89,도끼.io
90,왕국건설 스토리
91,Paper.io 2
92,갤럭시 슈터 - 팔콘 스쿼드 - 외계인 슈팅게임
93,FIFA ONLINE 4 M by EA SPORTS™
94,세븐나이츠
95,"Numpuz: Classic Number Games, Num Riddle Puzzle"
96,"Happy Color – 컬러링북, 숫자 색칠 게임"
97,붕괴3rd
98,Rope Slash
99,오목의 달인
100,토킹톰 히어로 대시
