﻿rank,name
1,V4
2,Brain Out – 가장 어색한 게임
3,Rescue Cut - Rope Puzzle
4,콜 오브 듀티: 모바일
5,킹 오브 타워
6,DX : 신 세기의 전쟁
7,Icing On The Cake
8,Crazy Shopping
9,로드 크래쉬
10,Drop & Smash
11,오늘도 환생
12,라이즈 오브 킹덤즈
13,질풍닌자전
14,무한의 계단
15,Zipline Valley - 물리학 퍼즐 게임
16,기적의 검
17,Marbleous!
18,히어로즈 스트라이크
19,Sky Roller
20,브롤스타즈
21,무한의 농장
22,꿈의 마을 (Township)
23,신강호
24,배틀그라운드
25,Granny Legend
26,꿈의 집 (Homescapes)
27,달빛조각사
28,Puzzle Fuzzle
29,꽃피는 달빛
30,테니스 클래시: 3D 스포츠 - 무료 멀티플레이어 게임
31,Block Puzzle Universe
32,Kick the Buddy: Forever
33,워드퍼즐 - 단어 게임
34,ROBLOX
35,리치리치
36,Minecraft 체험판
37,Rider
38,Hero Wars
39,꿈의 정원 (Gardenscapes)
40,궁수의 전설
41,톰 오브 더 마스크: 컬러
42,펭귄의 섬
43,피망 뉴맞고 : 고스톱으로 대한민국 1등
44,쿠키런: 오븐브레이크
45,동물극장 - 귀여운 동물들과 영화보며 힐링
46,Perfect Slices
47,Wrecking Ball
48,aquapark.io
49,Sand Balls
50,Draw Around
51,클래시 로얄
52,Fun Race 3D
53,로얄 다이스(Royal Dice) : 랜덤 디펜스
54,I Peel Good
55,V4(12)
56,좀비고등학교
57,매직 직소 퍼즐
58,Pokémon GO
59,바이러스 워 - 우주 슈팅 게임
60,Zooba - 동물원 배틀 아레나
61,익스트림풋볼:3대3 멀티 축구
62,햄스터 타운 - 당신이 원하는 힐링 두뇌 퍼즐 게임 - 햄스터 타운! 심쿵사 주의
63,블록 퍼즐
64,Color Fill 3D
65,토킹톰 히어로 대시
66,Magic Tiles 3
67,해양 유목민 - 뗏목 생존: Survival on Raft - Ocean Nomad
68,Nonogram.com - 픽처 크로스 퍼즐 게임
69,지오메트리 대시 라이트 (Geometry Dash L)
70,Collect Cubes
71,Perfect Paint
72,Mr Bullet - 스파이 퍼즐
73,리니지M
74,클래식 어드벤처
75,용사식당
76,신의 연대기-신규서버오픈
77,고전적인 블록 퍼즐
78,Cool Goal!
79,OX 퀴즈 서바이벌 100
80,피망 섯다
81,스도쿠 - 무료 클래식 스도쿠 퍼즐
82,Crowd City
83,Empires & Puzzles: RPG Quest
84,쌍삼국지
85,Supreme Duelist Stickman
86,봉인의서
87,1945
88,롤링 스카이
89,스나이퍼 3D 어쌔신: 무료 슈팅 게임 (Sniper 3D Assassin)
90,Dancing Road: Color Ball Run!
91,Mario Kart Tour
92,숨바꼭질 온라인 - 실시간 숨바꼭질
93,삼국지 오리진
94,황제라 칭하라
95,FIFA ONLINE 4 M by EA SPORTS™
96,한게임 포커
97,이터:던전의 포식자
98,한게임 신맞고 : 대한민국 원조 고스톱
99,Gang Clash
100,Rolling Domino
