﻿rank,name
1,완미세계
2,Brain Out – 가장 어색한 게임
3,Icing On The Cake
4,킹 오브 타워
5,콜 오브 듀티: 모바일
6,달빛조각사
7,Zipline Valley - 물리학 퍼즐 게임
8,브롤스타즈
9,판타지타운
10,신강호
11,Rolling Domino
12,봉인의서
13,라이즈 오브 킹덤즈
14,무한의 계단
15,Soul Land: 엘피스 전기
16,꿈의 정원 (Gardenscapes)
17,I Peel Good
18,꿈의 집 (Homescapes)
19,궁수의 전설
20,꽃피는 달빛
21,Wrecking Ball
22,워드퍼즐 - 단어 게임
23,세인트 세이야 : 각성
24,Granny Legend
25,배틀그라운드
26,기적의 검
27,이터:던전의 포식자
28,3차원 채우기 (Fill in 3D)
29,로드 크래쉬
30,Perfect Slices
31,올스타 스매시
32,오늘도 우라라 원시 헌팅 라이프
33,SuperStar STARSHIP
34,Dancing Road: Color Ball Run!
35,로얄 다이스(Royal Dice) : 랜덤 디펜스
36,Sand Balls
37,꿈의 마을 (Township)
38,Cool Goal!
39,펭귄의 섬
40,피망 뉴맞고 : 고스톱으로 대한민국 1등
41,NBA NOW 모바일 농구 게임
42,바이러스 워 - 우주 슈팅 게임
43,Zooba - 동물원 배틀 아레나
44,Rescue Cut - Rope Puzzle
45,Fun Race 3D
46,무한의 농장
47,리치리치
48,1945
49,팽이로 보석캐기
50,쿠키런: 오븐브레이크
51,Minecraft 체험판
52,스도쿠 - 무료 클래식 스도쿠 퍼즐
53,클래시 로얄
54,ROBLOX
55,Empires & Puzzles: RPG Quest
56,해양 유목민 - 뗏목 생존: Survival on Raft - Ocean Nomad
57,테니스 클래시: 3D 스포츠 - 무료 멀티플레이어 게임
58,Rider
59,Square Bird
60,Mr Bullet - 스파이 퍼즐
61,좀비고등학교
62,Mario Kart Tour
63,톰 오브 더 마스크: 컬러
64,햄스터 타운 - 당신이 원하는 힐링 두뇌 퍼즐 게임 - 햄스터 타운! 심쿵사 주의
65,지오메트리 대시 라이트 (Geometry Dash L)
66,Color Saw 3D
67,피망 섯다
68,브롤 스타즈 상자깡 버그판 마인크래프트 게임 고양이 Brawl Stars
69,"좋은 피자, 위대한 피자"
70,한게임 포커
71,익스트림풋볼:3대3 멀티 축구
72,소울 시커 R
73,염왕이 뿔났다-CBT
74,aquapark.io
75,Star Trek™ 플릿 커맨드
76,FIFA ONLINE 4 M by EA SPORTS™
77,블록 퍼즐
78,노블레스 : 제로 with NAVER WEBTOON
79,삼국지 오리진
80,Rummikub
81,Magic Tiles 3
82,Happy Glass
83,토킹톰 히어로 대시
84,한게임 신맞고 : 대한민국 원조 고스톱
85,Block Puzzle Universe
86,디지몬 리얼라이즈 -Digimon ReArise-
87,Two Dots
88,신비아파트 고스트헌터
89,마피아42
90,숨바꼭질 온라인 - 실시간 숨바꼭질
91,토킹톰 골드런
92,프렌즈타운
93,LoL 프렌즈
94,도미노 스매시
95,Puzzle Fuzzle
96,"피망 포커: 카지노 로얄 (7포커, 로우바둑이, 하이로우)"
97,Crowd City
98,Bouncemasters!
99,배구 : 스파이크 마스터
100,Supreme Duelist Stickman
