﻿rank,name
1,Brain Out – 가장 어색한 게임
2,달빛조각사
3,콜 오브 듀티: 모바일
4,세레스M
5,라이즈 오브 킹덤즈
6,Wrecking Ball
7,브롤스타즈
8,소울아크: 리부트
9,신의 연대기-신규서버오픈
10,Dinosaur Rampage
11,Square Bird
12,무한의 계단
13,Perfect Slices
14,Bouncemasters!
15,Icing On The Cake
16,디지몬 리얼라이즈 -Digimon ReArise-
17,워드퍼즐 - 단어 게임
18,도시어부M
19,기적의 검
20,궁수의 전설
21,펭귄의 섬
22,Puzzle Fuzzle
23,Mario Kart Tour
24,Cool Goal!
25,I Peel Good
26,꿈의 집 (Homescapes)
27,배틀그라운드
28,3차원 채우기 (Fill in 3D)
29,올스타 스매시
30,Magic Tiles 3
31,The Real Juggle
32,꿈의 정원 (Gardenscapes)
33,1945
34,신비아파트 고스트헌터
35,Sand Balls
36,이터:던전의 포식자
37,ROBLOX
38,오늘도 우라라 원시 헌팅 라이프
39,Mr Bullet - 스파이 퍼즐
40,Color Saw 3D
41,Zipline Valley - 물리학 퍼즐 게임
42,장기2.0
43,바이러스 워 - 우주 슈팅 게임
44,Paper.io 2
45,aquapark.io
46,Fun Race 3D
47,좀비고등학교
48,숨바꼭질 온라인 - 실시간 숨바꼭질
49,Granny Legend
50,피츠메이커
51,신강호
52,세븐나이츠
53,Minecraft 체험판
54,Zooba - 동물원 배틀 아레나
55,피망 뉴맞고 : 고스톱으로 대한민국 1등
56,꿈의 마을 (Township)
57,클래시 로얄
58,토킹톰 골드런
59,Rider
60,Kick the Buddy: Forever
61,장기의 달인
62,햄스터 타운 - 당신이 원하는 힐링 두뇌 퍼즐 게임 - 햄스터 타운! 심쿵사 주의
63,Hole.io
64,Crowd City
65,Run Race 3D
66,Color Fill 3D
67,"Numpuz: Classic Number Games, Num Riddle Puzzle"
68,Happy Glass
69,Rummikub
70,보스레이브
71,리치리치
72,왕국건설 스토리
73,지오메트리 대시 라이트 (Geometry Dash L)
74,해양 유목민 - 뗏목 생존: Survival on Raft - Ocean Nomad
75,Robot Clash
76,Rope Slash
77,Empires & Puzzles: RPG Quest
78,마피아42
79,아스팔트 9: 레전드- 2019 액션 카 레이싱 게임
80,Nonogram.com - 픽처 크로스 퍼즐 게임
81,슈퍼펭귄 (Super Penguins)
82,Bottle Flip 3D
83,"Happy Color – 컬러링북, 숫자 색칠 게임"
84,토킹톰 히어로 대시
85,무한의 농장
86,쿠키런: 오븐브레이크
87,Line Color 3D
88,Dancing Road: Color Ball Run!
89,Draw it
90,동물의 집
91,피망 섯다
92,Marbleous!
93,롤링 스카이
94,Jelly Shift
95,Granny: Chapter Two
96,Kick the Buddy
97,"좋은 피자, 위대한 피자"
98,Two Dots
99,스나이퍼 3D 어쌔신: 무료 슈팅 게임 (Sniper 3D Assassin)
100,OX 퀴즈 서바이벌 100
