﻿rank,name
1,Pokémon Masters
2,Perfect Slices
3,보스레이브
4,에오스 레드
5,쿵야 캐치마인드
6,Sand Balls
7,Cool Goal!
8,브롤스타즈
9,Hoop Stars
10,Mr Bullet - 스파이 퍼즐
11,꿈의 정원 (Gardenscapes)
12,aquapark.io
13,Sandwich!
14,궁수의 전설
15,꿈의 집 (Homescapes)
16,미르의 전설2 어게인
17,Color Fill 3D
18,Fun Race 3D
19,로드 모바일: 제국의 전쟁 - MMORPG
20,꿈의 마을 (Township)
21,배틀그라운드
22,아이돌마스터 밀리언 라이브! 시어터 데이즈
23,클래식 어드벤처
24,ROBLOX
25,Traffic Run!
26,"Numpuz: Classic Number Games, Num Riddle Puzzle"
27,바이러스 워 - 우주 슈팅 게임
28,Wrecking Ball
29,무한의 계단
30,피망 뉴맞고 : 고스톱으로 대한민국 1등
31,Jelly Shift
32,모두의마블
33,Run Race 3D
34,Rummikub
35,스나이퍼 3D 어쌔신: 무료 슈팅 게임 (Sniper 3D Assassin)
36,Minecraft 체험판
37,토킹톰 히어로 대시
38,Amazing PG Frog Simulator
39,Crowd City
40,Happy Glass
41,한게임 신맞고 : 대한민국 원조 고스톱
42,라플라스M
43,테라 클래식
44,냥코 대전쟁
45,피망 섯다
46,Empires & Puzzles: RPG Quest
47,아스팔트 9: 레전드- 2019 액션 카 레이싱 게임
48,클래시 로얄
49,R0
50,엄마는 라면 숨겼다 3 - 탈출 게임
51,"좋은 피자, 위대한 피자"
52,토킹톰 골드런
53,도끼.io
54,Paper.io 2
55,숨바꼭질 온라인 - 실시간 숨바꼭질
56,마피아42
57,Rider
58,Bottle Flip 3D
59,삼국지:략
60,브롤 스타즈 상자깡 버그판 마인크래프트 게임 고양이 Brawl Stars
61,FIFA ONLINE 4 M by EA SPORTS™
62,OnPipe
63,Box simulator for Brawl stars
64,갤럭시 슈터 - 팔콘 스쿼드 - 외계인 슈팅게임
65,스페이스 슈터: 외계인 슈팅게임
66,Blade Master - Mini Action RPG Game
67,삼국지 디펜스M
68,Battle Disc
69,롤링 스카이
70,아기 팬더: 공주 메이크업
71,의지의 히어로
72,Snowball.io
73,Auto Chess
74,벽돌깨기 퀘스트
75,슈퍼펭귄 (Super Penguins)
76,신비아파트 고스트헌터
77,Shootout 3D
78,Magic Tiles 3
79,마피아 시티
80,라스트 쉘터 (Last Shelter: Survival)
81,Beach Clean
82,Rocket Sky!
83,낚시 클래시: 스포츠 낚시 게임 (Fishing Clash)
84,마이리틀셰프
85,Train Taxi
86,지오메트리 대시 라이트 (Geometry Dash L)
87,쿠키런: 오븐브레이크
88,삼국지 오리진
89,Piano Tiles 2™
90,Idle Aqua Park
91,1945
92,행복의 저택
93,Draw it
94,한게임 포커
95,마이토킹톰 2
96,Pokémon GO
97,Neon Splash
98,방주지령
99,한게임 섯다
100,Supreme Duelist Stickman
