﻿rank,name
1,Icing On The Cake
2,완미세계
3,Brain Out – 가장 어색한 게임
4,Rescue Cut - Rope Puzzle
5,Zipline Valley - 물리학 퍼즐 게임
6,콜 오브 듀티: 모바일
7,로드 크래쉬
8,신강호
9,달빛조각사
10,판타지타운
11,브롤스타즈
12,무한의 계단
13,Rolling Domino
14,라이즈 오브 킹덤즈
15,I Peel Good
16,Soul Land: 엘피스 전기
17,꿈의 집 (Homescapes)
18,꽃피는 달빛
19,기적의 검
20,꿈의 정원 (Gardenscapes)
21,Puzzle Fuzzle
22,킹 오브 타워
23,Wrecking Ball
24,동물극장 - 귀여운 동물들과 영화보며 힐링
25,3차원 채우기 (Fill in 3D)
26,봉인의서
27,Perfect Slices
28,배틀그라운드
29,궁수의 전설
30,테니스 클래시: 3D 스포츠 - 무료 멀티플레이어 게임
31,ROBLOX
32,쿠키런: 오븐브레이크
33,Minecraft 체험판
34,Draw Around
35,Magic Tiles 3
36,꿈의 마을 (Township)
37,오늘도 우라라 원시 헌팅 라이프
38,Line Driver
39,Cool Goal!
40,해양 유목민 - 뗏목 생존: Survival on Raft - Ocean Nomad
41,바이러스 워 - 우주 슈팅 게임
42,리치리치
43,워드퍼즐 - 단어 게임
44,Sand Balls
45,Dancing Road: Color Ball Run!
46,용사식당
47,좀비고등학교
48,"좋은 피자, 위대한 피자"
49,Zooba - 동물원 배틀 아레나
50,올스타 스매시
51,Granny Legend
52,aquapark.io
53,무한의 농장
54,클래시 로얄
55,Rider
56,롤링 스카이
57,지오메트리 대시 라이트 (Geometry Dash L)
58,토킹톰 히어로 대시
59,Fun Race 3D
60,Color Saw 3D
61,신비아파트 고스트헌터
62,펭귄의 섬
63,토킹톰 골드런
64,로얄 다이스(Royal Dice) : 랜덤 디펜스
65,동물의 집
66,이터:던전의 포식자
67,익스트림풋볼:3대3 멀티 축구
68,Mr Bullet - 스파이 퍼즐
69,Square Bird
70,Mario Kart Tour
71,피망 뉴맞고 : 고스톱으로 대한민국 1등
72,Dinosaur Rampage
73,브롤 스타즈 상자깡 버그판 마인크래프트 게임 고양이 Brawl Stars
74,세인트 세이야 : 각성
75,Empires & Puzzles: RPG Quest
76,1945
77,햄스터 타운 - 당신이 원하는 힐링 두뇌 퍼즐 게임 - 햄스터 타운! 심쿵사 주의
78,숨바꼭질 온라인 - 실시간 숨바꼭질
79,Crowd City
80,스도쿠 - 무료 클래식 스도쿠 퍼즐
81,Happy Glass
82,Tiles Hop: EDM Rush!
83,Paper.io 2
84,슈퍼펭귄 (Super Penguins)
85,Kick the Buddy: Forever
86,Bouncemasters!
87,OX 퀴즈 서바이벌 100
88,Run Race 3D
89,Nonogram.com - 픽처 크로스 퍼즐 게임
90,Rummikub
91,마피아42
92,무한의 기차
93,FIFA ONLINE 4 M by EA SPORTS™
94,Piano Tiles 2™
95,Popcorn Burst
96,Draw it
97,팽이로 보석캐기
98,Soul Knight
99,LoL 프렌즈
100,광산타이쿤 - 방치형 광산 매니저
