﻿rank,name
1,V4
2,Brain Out – 가장 어색한 게임
3,Rescue Cut - Rope Puzzle
4,DX : 신 세기의 전쟁
5,Crazy Shopping
6,킹 오브 타워
7,Icing On The Cake
8,마기아 : 카르마 사가
9,Sky Roller
10,무한의 계단
11,콜 오브 듀티: 모바일
12,라이즈 오브 킹덤즈
13,Zipline Valley - 물리학 퍼즐 게임
14,브롤스타즈
15,로드 크래쉬
16,무한의 농장
17,판타지타운
18,히어로즈 스트라이크
19,Drop & Smash
20,꿈의 집 (Homescapes)
21,기적의 검
22,ROBLOX
23,꽃피는 달빛
24,톰 오브 더 마스크: 컬러
25,꿈의 마을 (Township)
26,워드퍼즐 - 단어 게임
27,Granny Legend
28,질풍닌자전
29,Perfect Slices
30,Minecraft 체험판
31,배틀그라운드
32,해양 유목민 - 뗏목 생존: Survival on Raft - Ocean Nomad
33,Puzzle Fuzzle
34,클래시 로얄
35,Pokémon GO
36,꿈의 정원 (Gardenscapes)
37,쿠키런: 오븐브레이크
38,Draw Around
39,궁수의 전설
40,Run Race 3D
41,Sand Balls
42,펭귄의 섬
43,테니스 클래시: 3D 스포츠 - 무료 멀티플레이어 게임
44,Rider
45,Magic Tiles 3
46,지오메트리 대시 라이트 (Geometry Dash L)
47,바이러스 워 - 우주 슈팅 게임
48,달빛조각사
49,Cool Goal!
50,롤링 스카이
51,Dancing Road: Color Ball Run!
52,Collect Cubes
53,Fun Race 3D
54,Robot Clash
55,햄스터 타운 - 당신이 원하는 힐링 두뇌 퍼즐 게임 - 햄스터 타운! 심쿵사 주의
56,토킹톰 골드런
57,Perfect Paint
58,익스트림풋볼:3대3 멀티 축구
59,Mr Bullet - 스파이 퍼즐
60,리치리치
61,Paper.io 2
62,신비아파트 고스트헌터
63,토킹톰 히어로 대시
64,그래니를 잡아라
65,브롤 스타즈 상자깡 버그판 마인크래프트 게임 고양이 Brawl Stars
66,로그의 전설
67,보틀 점프 3D
68,매직 직소 퍼즐
69,Tasty Planet Forever
70,Marbleous!
71,로얄 다이스(Royal Dice) : 랜덤 디펜스
72,aquapark.io
73,피망 뉴맞고 : 고스톱으로 대한민국 1등
74,Ball Jump
75,Piano Tiles 2™
76,좀비고등학교
77,Gang Clash
78,Happy Glass
79,Wrecking Ball
80,"좋은 피자, 위대한 피자"
81,쿠키런 for Kakao
82,Square Bird
83,Crowd City
84,Minecraft Earth
85,Color Saw 3D
86,신강호
87,Draw it
88,솔리테르 트라이픽스: 팜 어드벤처
89,슈퍼펭귄 (Super Penguins)
90,Kick the Buddy: Forever
91,OX 퀴즈 서바이벌 100
92,도끼.io
93,무한의 기차
94,스도쿠 - 무료 클래식 스도쿠 퍼즐
95,Supreme Duelist Stickman
96,숨바꼭질 온라인 - 실시간 숨바꼭질
97,Snowball.io
98,동물극장 - 귀여운 동물들과 영화보며 힐링
99,Zooba - 동물원 배틀 아레나
100,블록 퍼즐
