﻿rank,name
1,콜 오브 듀티: 모바일
2,Mario Kart Tour
3,도시어부M
4,Brain Out – 가장 어색한 게임
5,라이즈 오브 킹덤즈
6,올스타 스매시
7,신강호
8,Color Saw 3D
9,Dinosaur Rampage
10,Cool Goal!
11,워드퍼즐 - 단어 게임
12,I Peel Good
13,신의 연대기-신규서버오픈
14,Idle Stickman
15,Puzzle Fuzzle
16,브롤스타즈
17,Perfect Slices
18,쌍삼국지
19,오늘도 우라라 원시 헌팅 라이프
20,리치리치
21,Stop them ALL !
22,기적의 검
23,Square Bird
24,이터:던전의 포식자
25,바이러스 워 - 우주 슈팅 게임
26,궁수의 전설
27,꿈의 집 (Homescapes)
28,무한의 계단
29,ROBLOX
30,배틀그라운드
31,꿈의 정원 (Gardenscapes)
32,Zipline Valley - 물리학 퍼즐 게임
33,Sand Balls
34,Mr Bullet - 스파이 퍼즐
35,동물의 집
36,좀비고등학교
37,피망 뉴맞고 : 고스톱으로 대한민국 1등
38,피츠메이커
39,Marbleous!
40,Zooba - 동물원 배틀 아레나
41,Fun Race 3D
42,aquapark.io
43,꿈의 마을 (Township)
44,Color Fill 3D
45,Kick the Buddy: Forever
46,쿵야 캐치마인드
47,피망 섯다
48,Minecraft 체험판
49,The Real Juggle
50,햄스터 타운 - 당신이 원하는 힐링 두뇌 퍼즐 게임 - 햄스터 타운! 심쿵사 주의
51,Granny Legend
52,클래시 로얄
53,슈퍼펭귄 (Super Penguins)
54,1945
55,Wrecking Ball
56,스나이퍼 3D 어쌔신: 무료 슈팅 게임 (Sniper 3D Assassin)
57,Rider
58,Run Race 3D
59,Magic Tiles 3
60,Rummikub
61,Crowd City
62,도끼.io
63,Kick the Buddy
64,신비아파트 고스트헌터
65,토킹톰 골드런
66,"좋은 피자, 위대한 피자"
67,Empires & Puzzles: RPG Quest
68,에오스 레드
69,토킹톰 히어로 대시
70,쿠키런: 오븐브레이크
71,항로:새로운 시대
72,지오메트리 대시 라이트 (Geometry Dash L)
73,바운스볼
74,아스팔트 9: 레전드- 2019 액션 카 레이싱 게임
75,Hungry Shark Evolution
76,Knives Crash
77,보스레이브
78,Paper.io 2
79,Piano Tiles 2™
80,Merge Magic!
81,Supreme Duelist Stickman
82,Polysphere
83,Bottle Flip 3D
84,FIFA ONLINE 4 M by EA SPORTS™
85,마피아42
86,요리중독: 미치게 빠르고 레스토랑 요리 게임
87,일곱 개의 대죄: GRAND CROSS
88,용사식당
89,Jelly Shift
90,Hole.io
91,왕국건설 스토리
92,해양 유목민 - 뗏목 생존: Survival on Raft - Ocean Nomad
93,Soul Knight
94,"피망 포커: 카지노 로얄 (7포커, 로우바둑이, 하이로우)"
95,maybe-메이비:내가 만드는 이야기
96,펭귄의 섬
97,스페이스 슈터: 외계인 슈팅게임
98,한게임 포커
99,파이널레이드
100,한게임 신맞고 : 대한민국 원조 고스톱
