﻿rank,name
1,Brain Out – 가장 어색한 게임
2,달빛조각사
3,Icing On The Cake
4,콜 오브 듀티: 모바일
5,세인트 세이야 : 각성
6,봉인의서
7,Wrecking Ball
8,라이즈 오브 킹덤즈
9,꽃피는 달빛
10,브롤스타즈
11,무한의 계단
12,궁수의 전설
13,Rolling Domino
14,배틀그라운드
15,Perfect Slices
16,꿈의 집 (Homescapes)
17,I Peel Good
18,킹 오브 타워
19,꿈의 정원 (Gardenscapes)
20,Square Bird
21,Cool Goal!
22,Dancing Road: Color Ball Run!
23,기적의 검
24,노블레스 : 제로 with NAVER WEBTOON
25,ROBLOX
26,워드퍼즐 - 단어 게임
27,오늘도 우라라 원시 헌팅 라이프
28,Zooba - 동물원 배틀 아레나
29,Minecraft 체험판
30,Sand Balls
31,무한의 농장
32,3차원 채우기 (Fill in 3D)
33,펭귄의 섬
34,올스타 스매시
35,Granny Legend
36,Zipline Valley - 물리학 퍼즐 게임
37,리치리치
38,신비아파트 고스트헌터
39,Magic Tiles 3
40,클래시 로얄
41,Star Trek™ 플릿 커맨드
42,해양 유목민 - 뗏목 생존: Survival on Raft - Ocean Nomad
43,1945
44,햄스터 타운 - 당신이 원하는 힐링 두뇌 퍼즐 게임 - 햄스터 타운! 심쿵사 주의
45,바이러스 워 - 우주 슈팅 게임
46,Bouncemasters!
47,Dinosaur Rampage
48,aquapark.io
49,Fun Race 3D
50,숨바꼭질 온라인 - 실시간 숨바꼭질
51,이터:던전의 포식자
52,Rider
53,좀비고등학교
54,꿈의 마을 (Township)
55,도시어부M
56,Mario Kart Tour
57,Polysphere
58,Mr Bullet - 스파이 퍼즐
59,토킹톰 골드런
60,피망 뉴맞고 : 고스톱으로 대한민국 1등
61,지오메트리 대시 라이트 (Geometry Dash L)
62,Color Saw 3D
63,Sandwich!
64,Empires & Puzzles: RPG Quest
65,스도쿠 - 무료 클래식 스도쿠 퍼즐
66,신강호
67,디지몬 리얼라이즈 -Digimon ReArise-
68,SweetBeat
69,도끼.io
70,Marbleous!
71,블록 퍼즐
72,로얄 다이스(Royal Dice) : 랜덤 디펜스
73,Color Fill 3D
74,Happy Glass
75,마피아42
76,피츠메이커
77,Crowd City
78,슈퍼펭귄 (Super Penguins)
79,토킹톰 히어로 대시
80,LoL 프렌즈
81,로드 크래쉬
82,Rummikub
83,Supreme Duelist Stickman
84,Run Race 3D
85,롤링 스카이
86,쿠키런: 오븐브레이크
87,OX 퀴즈 서바이벌 100
88,전투 마스터
89,피망 섯다
90,Nonogram.com - 픽처 크로스 퍼즐 게임
91,동물의 집
92,"좋은 피자, 위대한 피자"
93,The Real Juggle
94,Popcorn Burst
95,회사 탈출3　-탈출 게임
96,Soul Knight
97,환란 삼국지
98,Pokémon GO
99,의지의 히어로
100,마이토킹톰 2
