﻿rank,name
1,Rescue Cut - Rope Puzzle
2,Brain Out – 가장 어색한 게임
3,Icing On The Cake
4,DX : 신 세기의 전쟁
5,Crazy Shopping
6,콜 오브 듀티: 모바일
7,Zipline Valley - 물리학 퍼즐 게임
8,신강호
9,로드 크래쉬
10,킹 오브 타워
11,라이즈 오브 킹덤즈
12,무한의 계단
13,Drop & Smash
14,브롤스타즈
15,Minecraft Earth
16,기적의 검
17,리치리치
18,톰 오브 더 마스크: 컬러
19,Marbleous!
20,꿈의 집 (Homescapes)
21,Puzzle Fuzzle
22,Collect Cubes
23,Granny Legend
24,Draw Around
25,배틀그라운드
26,Kick the Buddy: Forever
27,완미세계
28,꽃피는 달빛
29,데이트 어 라이브: 다시 만난 정령
30,동물극장 - 귀여운 동물들과 영화보며 힐링
31,Minecraft 체험판
32,달빛조각사
33,ROBLOX
34,Perfect Slices
35,히어로즈 스트라이크
36,꿈의 마을 (Township)
37,꿈의 정원 (Gardenscapes)
38,Magic Tiles 3
39,세인트 세이야 : 각성
40,Perfect Paint
41,Hero Wars
42,쿠키런: 오븐브레이크
43,Rolling Domino
44,해양 유목민 - 뗏목 생존: Survival on Raft - Ocean Nomad
45,무한의 농장
46,Fun Race 3D
47,Sand Balls
48,I Peel Good
49,궁수의 전설
50,클래시 로얄
51,바이러스 워 - 우주 슈팅 게임
52,Wrecking Ball
53,Rider
54,롤링 스카이
55,Block Puzzle Universe
56,테니스 클래시: 3D 스포츠 - 무료 멀티플레이어 게임
57,aquapark.io
58,매직 직소 퍼즐
59,Cool Goal!
60,지오메트리 대시 라이트 (Geometry Dash L)
61,워드퍼즐 - 단어 게임
62,Dancing Road: Color Ball Run!
63,토킹톰 골드런
64,Empires & Puzzles: RPG Quest
65,펭귄의 섬
66,로얄 다이스(Royal Dice) : 랜덤 디펜스
67,3차원 채우기 (Fill in 3D)
68,익스트림풋볼:3대3 멀티 축구
69,Mr Bullet - 스파이 퍼즐
70,1945
71,좀비고등학교
72,King of Avalon: 전략 멀티 플레이어 전쟁 | 드래곤 전쟁
73,질풍닌자전
74,Zooba - 동물원 배틀 아레나
75,피망 뉴맞고 : 고스톱으로 대한민국 1등
76,Paper.io 2
77,토킹톰 히어로 대시
78,브롤 스타즈 상자깡 버그판 마인크래프트 게임 고양이 Brawl Stars
79,Piano Tiles 2™
80,용사식당
81,신비아파트 고스트헌터
82,스도쿠 - 무료 클래식 스도쿠 퍼즐
83,놈 플랜트
84,The Real Juggle
85,Run Race 3D
86,Supreme Duelist Stickman
87,Happy Glass
88,OX 퀴즈 서바이벌 100
89,"좋은 피자, 위대한 피자"
90,Color Saw 3D
91,숨바꼭질 온라인 - 실시간 숨바꼭질
92,동물의 집
93,Crowd City
94,슈퍼펭귄 (Super Penguins)
95,Nonogram.com - 픽처 크로스 퍼즐 게임
96,스택 볼 - 플랫폼을 다 뚫어버리세요 
97,마피아42
98,Gang Clash
99,햄스터 타운 - 당신이 원하는 힐링 두뇌 퍼즐 게임 - 햄스터 타운! 심쿵사 주의
100,Pokémon GO
