﻿rank,name
1,V4
2,Brain Out – 가장 어색한 게임
3,Rescue Cut - Rope Puzzle
4,Crazy Shopping
5,DX : 신 세기의 전쟁
6,킹 오브 타워
7,Sky Roller
8,Icing On The Cake
9,콜 오브 듀티: 모바일
10,마기아 : 카르마 사가
11,무한의 계단
12,Zipline Valley - 물리학 퍼즐 게임
13,라이즈 오브 킹덤즈
14,브롤스타즈
15,로드 크래쉬
16,무한의 농장
17,꽃피는 달빛
18,히어로즈 스트라이크
19,기적의 검
20,꿈의 집 (Homescapes)
21,Drop & Smash
22,워드퍼즐 - 단어 게임
23,ROBLOX
24,꿈의 마을 (Township)
25,톰 오브 더 마스크: 컬러
26,질풍닌자전
27,Granny Legend
28,Perfect Slices
29,배틀그라운드
30,Minecraft 체험판
31,판타지타운
32,해양 유목민 - 뗏목 생존: Survival on Raft - Ocean Nomad
33,Puzzle Fuzzle
34,Run Race 3D
35,펭귄의 섬
36,꿈의 정원 (Gardenscapes)
37,클래시 로얄
38,Pokémon GO
39,Draw Around
40,쿠키런: 오븐브레이크
41,Sand Balls
42,궁수의 전설
43,바이러스 워 - 우주 슈팅 게임
44,테니스 클래시: 3D 스포츠 - 무료 멀티플레이어 게임
45,Magic Tiles 3
46,Cool Goal!
47,Rider
48,Robot Clash
49,롤링 스카이
50,지오메트리 대시 라이트 (Geometry Dash L)
51,Dancing Road: Color Ball Run!
52,Mr Bullet - 스파이 퍼즐
53,Fun Race 3D
54,로그의 전설
55,Collect Cubes
56,달빛조각사
57,Perfect Paint
58,Paper.io 2
59,그래니를 잡아라
60,매직 직소 퍼즐
61,토킹톰 골드런
62,보틀 점프 3D
63,신비아파트 고스트헌터
64,로얄 다이스(Royal Dice) : 랜덤 디펜스
65,피망 뉴맞고 : 고스톱으로 대한민국 1등
66,aquapark.io
67,햄스터 타운 - 당신이 원하는 힐링 두뇌 퍼즐 게임 - 햄스터 타운! 심쿵사 주의
68,솔리테르 트라이픽스: 팜 어드벤처
69,토킹톰 히어로 대시
70,브롤 스타즈 상자깡 버그판 마인크래프트 게임 고양이 Brawl Stars
71,Piano Tiles 2™
72,리치리치
73,Tasty Planet Forever
74,신강호
75,Gang Clash
76,Wrecking Ball
77,삼국지 오리진
78,Square Bird
79,Ball Jump
80,Minecraft Earth
81,익스트림풋볼:3대3 멀티 축구
82,Crowd City
83,Color Saw 3D
84,Draw it
85,좀비고등학교
86,쿠키런 for Kakao
87,Happy Glass
88,"좋은 피자, 위대한 피자"
89,이터:던전의 포식자
90,스도쿠 - 무료 클래식 스도쿠 퍼즐
91,Marbleous!
92,동물극장 - 귀여운 동물들과 영화보며 힐링
93,OX 퀴즈 서바이벌 100
94,블록 퍼즐
95,Supreme Duelist Stickman
96,슈퍼펭귄 (Super Penguins)
97,Snowball.io
98,숨바꼭질 온라인 - 실시간 숨바꼭질
99,Kick the Buddy: Forever
100,도끼.io
