﻿rank,name
1,Perfect Slices
2,Cool Goal!
3,라이즈 오브 킹덤즈
4,Sand Balls
5,꿈의 정원 (Gardenscapes)
6,브롤스타즈
7,Mr Bullet - 스파이 퍼즐
8,궁수의 전설
9,Hoop Stars
10,쿵야 캐치마인드
11,aquapark.io
12,Fun Race 3D
13,꿈의 집 (Homescapes)
14,Wrecking Ball
15,ROBLOX
16,원정
17,배틀그라운드
18,보스레이브
19,토킹톰 히어로 대시
20,Minecraft 체험판
21,Jelly Shift
22,꿈의 마을 (Township)
23,무한의 계단
24,Sandwich!
25,Traffic Run!
26,Amazing PG Frog Simulator
27,클래식 어드벤처
28,Happy Glass
29,Color Fill 3D
30,Run Race 3D
31,Crowd City
32,스나이퍼 3D 어쌔신: 무료 슈팅 게임 (Sniper 3D Assassin)
33,Bottle Flip 3D
34,OnPipe
35,토킹톰 골드런
36,Paper.io 2
37,Pokémon Masters
38,바이러스 워 - 우주 슈팅 게임
39,아기 팬더: 공주 메이크업
40,벽돌깨기 퀘스트
41,1945
42,Snowball.io
43,신비아파트 고스트헌터
44,요괴미식가:Cook&Life
45,Blade Master - Mini Action RPG Game
46,스페이스 슈터: 외계인 슈팅게임
47,브롤 스타즈 상자깡 버그판 마인크래프트 게임 고양이 Brawl Stars
48,Neon Splash
49,"Numpuz: Classic Number Games, Num Riddle Puzzle"
50,갤럭시 슈터 - 팔콘 스쿼드 - 외계인 슈팅게임
51,로드 모바일: 제국의 전쟁 - MMORPG
52,롤링 스카이
53,Rider
54,도끼.io
55,클래시 로얄
56,마이토킹톰 2
57,프렌즈레이싱
58,에오스 레드
59,Toon Blast
60,Supreme Duelist Stickman
61,슈퍼펭귄 (Super Penguins)
62,좀비고등학교
63,숨바꼭질 온라인 - 실시간 숨바꼭질
64,Empires & Puzzles: RPG Quest
65,피망 뉴맞고 : 고스톱으로 대한민국 1등
66,"좋은 피자, 위대한 피자"
67,의지의 히어로
68,Train Taxi
69,Piano Tiles 2™
70,낚시 클래시: 스포츠 낚시 게임 (Fishing Clash)
71,Tomb of the Mask
72,"Happy Color – 컬러링북, 숫자 색칠 게임"
73,Battle Disc
74,Puzzle Fuzzle
75,지오메트리 대시 라이트 (Geometry Dash L)
76,"나의최애캐 (언니돌, #unniedoll)"
77,Helix Jump
78,Draw it
79,마피아42
80,냥코 대전쟁
81,Dancing Road: Color Ball Run!
82,Kick the Buddy
83,Tank Stars
84,아기 팬더의 패션 플라워 DIY
85,Worldkrafts
86,꼬마 팬더의 보석 모험
87,Jetpack Jump
88,아스팔트 9: 레전드- 2019 액션 카 레이싱 게임
89,Rummikub
90,픽셀 건 3D (Pixel Gun 3D)
91,미라큘러스 레이디버그와 블랙캣
92,블록 퍼즐 보석
93,Beach Clean
94,Tiles Hop: EDM Rush!
95,한게임 신맞고 : 대한민국 원조 고스톱
96,Dream Piano - Music Game
97,아기 판다의 날씨: 허리케인
98,Kick the Buddy: Forever
99,모두의마블
100,동물의 집
