﻿rank,name
1,달빛조각사
2,콜 오브 듀티: 모바일
3,Brain Out – 가장 어색한 게임
4,세레스M
5,라이즈 오브 킹덤즈
6,도시어부M
7,신의 연대기-신규서버오픈
8,디지몬 리얼라이즈 -Digimon ReArise-
9,워드퍼즐 - 단어 게임
10,Mario Kart Tour
11,Dinosaur Rampage
12,The Real Juggle
13,브롤스타즈
14,3차원 채우기 (Fill in 3D)
15,I Peel Good
16,Puzzle Fuzzle
17,Perfect Slices
18,Square Bird
19,Cool Goal!
20,무한의 계단
21,이터:던전의 포식자
22,숨바꼭질 온라인 - 실시간 숨바꼭질
23,Bouncemasters!
24,장기2.0
25,꿈의 집 (Homescapes)
26,올스타 스매시
27,펭귄의 섬
28,Color Saw 3D
29,1945
30,꿈의 정원 (Gardenscapes)
31,기적의 검
32,오늘도 우라라 원시 헌팅 라이프
33,Sand Balls
34,궁수의 전설
35,배틀그라운드
36,바이러스 워 - 우주 슈팅 게임
37,Fun Race 3D
38,Granny Legend
39,장기의 달인
40,피망 뉴맞고 : 고스톱으로 대한민국 1등
41,Zipline Valley - 물리학 퍼즐 게임
42,ROBLOX
43,Mr Bullet - 스파이 퍼즐
44,Paper.io 2
45,aquapark.io
46,Zooba - 동물원 배틀 아레나
47,스케치퀴즈
48,꿈의 마을 (Township)
49,좀비고등학교
50,Magic Tiles 3
51,피츠메이커
52,Empires & Puzzles: RPG Quest
53,Color Fill 3D
54,Partymasters - Fun Idle Game
55,클래시 로얄
56,Run Race 3D
57,햄스터 타운 - 당신이 원하는 힐링 두뇌 퍼즐 게임 - 햄스터 타운! 심쿵사 주의
58,보스레이브
59,Rider
60,Minecraft 체험판
61,Rope Slash
62,Crowd City
63,리치리치
64,피망 섯다
65,토킹톰 골드런
66,신비아파트 고스트헌터
67,Rummikub
68,쿵야 캐치마인드
69,Robot Clash
70,왕국건설 스토리
71,Jelly Shift
72,"Numpuz: Classic Number Games, Num Riddle Puzzle"
73,"Happy Color – 컬러링북, 숫자 색칠 게임"
74,마피아42
75,지오메트리 대시 라이트 (Geometry Dash L)
76,Two Dots
77,갤럭시 슈터 - 팔콘 스쿼드 - 외계인 슈팅게임
78,Wrecking Ball
79,Supreme Duelist Stickman
80,동물의 집
81,쌍삼국지
82,해양 유목민 - 뗏목 생존: Survival on Raft - Ocean Nomad
83,Happy Glass
84,Bottle Flip 3D
85,토킹톰 히어로 대시
86,익스트림풋볼:3대3 멀티 축구
87,Line Color 3D
88,Shadow of Death: 다크니스 RPG - 지금 싸움을
89,Stop them ALL !
90,슈퍼펭귄 (Super Penguins)
91,한게임 포커
92,Pokémon GO
93,"피망 포커: 카지노 로얄 (7포커, 로우바둑이, 하이로우)"
94,아스팔트 9: 레전드- 2019 액션 카 레이싱 게임
95,FIFA ONLINE 4 M by EA SPORTS™
96,유비전
97,Hole.io
98,타워 브레이커(Tower Breaker) - 신의 탑 부수기
99,스나이퍼 3D 어쌔신: 무료 슈팅 게임 (Sniper 3D Assassin)
100,Granny: Chapter Two
