﻿rank,name
1,Icing On The Cake
2,Brain Out – 가장 어색한 게임
3,완미세계
4,Rescue Cut - Rope Puzzle
5,Zipline Valley - 물리학 퍼즐 게임
6,콜 오브 듀티: 모바일
7,신강호
8,달빛조각사
9,로드 크래쉬
10,판타지타운
11,브롤스타즈
12,무한의 계단
13,라이즈 오브 킹덤즈
14,I Peel Good
15,Soul Land: 엘피스 전기
16,Rolling Domino
17,꿈의 집 (Homescapes)
18,꽃피는 달빛
19,기적의 검
20,킹 오브 타워
21,Wrecking Ball
22,동물극장 - 귀여운 동물들과 영화보며 힐링
23,3차원 채우기 (Fill in 3D)
24,꿈의 정원 (Gardenscapes)
25,봉인의서
26,배틀그라운드
27,Perfect Slices
28,Puzzle Fuzzle
29,궁수의 전설
30,테니스 클래시: 3D 스포츠 - 무료 멀티플레이어 게임
31,Draw Around
32,꿈의 마을 (Township)
33,Line Driver
34,바이러스 워 - 우주 슈팅 게임
35,리치리치
36,워드퍼즐 - 단어 게임
37,쿠키런: 오븐브레이크
38,Sand Balls
39,Dancing Road: Color Ball Run!
40,용사식당
41,좀비고등학교
42,Granny Legend
43,aquapark.io
44,클래시 로얄
45,ROBLOX
46,Magic Tiles 3
47,Rider
48,롤링 스카이
49,토킹톰 히어로 대시
50,지오메트리 대시 라이트 (Geometry Dash L)
51,Color Saw 3D
52,Minecraft 체험판
53,오늘도 우라라 원시 헌팅 라이프
54,로얄 다이스(Royal Dice) : 랜덤 디펜스
55,Cool Goal!
56,Mr Bullet - 스파이 퍼즐
57,익스트림풋볼:3대3 멀티 축구
58,해양 유목민 - 뗏목 생존: Survival on Raft - Ocean Nomad
59,Square Bird
60,Mario Kart Tour
61,피망 뉴맞고 : 고스톱으로 대한민국 1등
62,Dinosaur Rampage
63,브롤 스타즈 상자깡 버그판 마인크래프트 게임 고양이 Brawl Stars
64,Zooba - 동물원 배틀 아레나
65,세인트 세이야 : 각성
66,햄스터 타운 - 당신이 원하는 힐링 두뇌 퍼즐 게임 - 햄스터 타운! 심쿵사 주의
67,"좋은 피자, 위대한 피자"
68,Fun Race 3D
69,무한의 농장
70,펭귄의 섬
71,Empires & Puzzles: RPG Quest
72,이터:던전의 포식자
73,숨바꼭질 온라인 - 실시간 숨바꼭질
74,Crowd City
75,스도쿠 - 무료 클래식 스도쿠 퍼즐
76,Happy Glass
77,Tiles Hop: EDM Rush!
78,슈퍼펭귄 (Super Penguins)
79,Kick the Buddy: Forever
80,1945
81,OX 퀴즈 서바이벌 100
82,토킹톰 골드런
83,Run Race 3D
84,동물의 집
85,올스타 스매시
86,신비아파트 고스트헌터
87,Rummikub
88,마피아42
89,Mahjong City Tours
90,FIFA ONLINE 4 M by EA SPORTS™
91,Popcorn Burst
92,Draw it
93,톰 오브 더 마스크: 컬러
94,회사 탈출3　-탈출 게임
95,Nonogram.com - 픽처 크로스 퍼즐 게임
96,의지의 히어로
97,Paper.io 2
98,피망 섯다
99,피아노 실제 - 음악 매직 게임 실행하며 피아노 키보드 로 노래를 배워보세요
100,LoL 프렌즈
