﻿rank,name
1,Brain Out – 가장 어색한 게임
2,달빛조각사
3,콜 오브 듀티: 모바일
4,세레스M
5,라이즈 오브 킹덤즈
6,Dinosaur Rampage
7,브롤스타즈
8,신의 연대기-신규서버오픈
9,소울아크: 리부트
10,도시어부M
11,Wrecking Ball
12,Bouncemasters!
13,무한의 계단
14,올스타 스매시
15,Square Bird
16,Perfect Slices
17,디지몬 리얼라이즈 -Digimon ReArise-
18,Mario Kart Tour
19,워드퍼즐 - 단어 게임
20,펭귄의 섬
21,Puzzle Fuzzle
22,Cool Goal!
23,I Peel Good
24,Icing On The Cake
25,꿈의 집 (Homescapes)
26,3차원 채우기 (Fill in 3D)
27,궁수의 전설
28,기적의 검
29,The Real Juggle
30,Magic Tiles 3
31,배틀그라운드
32,장기2.0
33,신비아파트 고스트헌터
34,오늘도 우라라 원시 헌팅 라이프
35,꿈의 정원 (Gardenscapes)
36,ROBLOX
37,1945
38,이터:던전의 포식자
39,Sand Balls
40,Color Saw 3D
41,Mr Bullet - 스파이 퍼즐
42,Zipline Valley - 물리학 퍼즐 게임
43,숨바꼭질 온라인 - 실시간 숨바꼭질
44,바이러스 워 - 우주 슈팅 게임
45,좀비고등학교
46,aquapark.io
47,Paper.io 2
48,Granny Legend
49,피츠메이커
50,Fun Race 3D
51,장기의 달인
52,Zooba - 동물원 배틀 아레나
53,Minecraft 체험판
54,햄스터 타운 - 당신이 원하는 힐링 두뇌 퍼즐 게임 - 햄스터 타운! 심쿵사 주의
55,클래시 로얄
56,Rider
57,토킹톰 골드런
58,피망 뉴맞고 : 고스톱으로 대한민국 1등
59,꿈의 마을 (Township)
60,Rope Slash
61,Crowd City
62,Run Race 3D
63,Robot Clash
64,Color Fill 3D
65,Happy Glass
66,지오메트리 대시 라이트 (Geometry Dash L)
67,왕국건설 스토리
68,리치리치
69,해양 유목민 - 뗏목 생존: Survival on Raft - Ocean Nomad
70,세븐나이츠
71,마피아42
72,Hole.io
73,Rummikub
74,"Numpuz: Classic Number Games, Num Riddle Puzzle"
75,토킹톰 히어로 대시
76,슈퍼펭귄 (Super Penguins)
77,아스팔트 9: 레전드- 2019 액션 카 레이싱 게임
78,Line Color 3D
79,Empires & Puzzles: RPG Quest
80,"Happy Color – 컬러링북, 숫자 색칠 게임"
81,무한의 농장
82,Bottle Flip 3D
83,쿠키런: 오븐브레이크
84,Partymasters - Fun Idle Game
85,타워 브레이커(Tower Breaker) - 신의 탑 부수기
86,Dancing Road: Color Ball Run!
87,롤링 스카이
88,보스레이브
89,도끼.io
90,동물의 집
91,Granny: Chapter Two
92,Nonogram.com - 픽처 크로스 퍼즐 게임
93,Jelly Shift
94,Draw it
95,"좋은 피자, 위대한 피자"
96,Supreme Duelist Stickman
97,OX 퀴즈 서바이벌 100
98,Marbleous!
99,회사 탈출3　-탈출 게임
100,피망 섯다
