﻿rank,name
1,V4
2,Brain Out – 가장 어색한 게임
3,Rescue Cut - Rope Puzzle
4,킹 오브 타워
5,DX : 신 세기의 전쟁
6,Icing On The Cake
7,Crazy Shopping
8,콜 오브 듀티: 모바일
9,라이즈 오브 킹덤즈
10,오늘도 환생
11,신강호
12,Zipline Valley - 물리학 퍼즐 게임
13,무한의 계단
14,Marbleous!
15,로드 크래쉬
16,Drop & Smash
17,히어로즈 스트라이크
18,브롤스타즈
19,무한의 농장
20,질풍닌자전
21,Sky Roller
22,Granny Legend
23,꿈의 집 (Homescapes)
24,기적의 검
25,리치리치
26,Hero Wars
27,워드퍼즐 - 단어 게임
28,꿈의 마을 (Township)
29,Draw Around
30,꿈의 정원 (Gardenscapes)
31,피망 뉴맞고 : 고스톱으로 대한민국 1등
32,배틀그라운드
33,궁수의 전설
34,톰 오브 더 마스크: 컬러
35,펭귄의 섬
36,쿠키런: 오븐브레이크
37,Puzzle Fuzzle
38,클래시 로얄
39,달빛조각사
40,꽃피는 달빛
41,로얄 다이스(Royal Dice) : 랜덤 디펜스
42,Sand Balls
43,Perfect Slices
44,Block Puzzle Universe
45,테니스 클래시: 3D 스포츠 - 무료 멀티플레이어 게임
46,Fun Race 3D
47,매직 직소 퍼즐
48,Kick the Buddy: Forever
49,ROBLOX
50,Perfect Paint
51,익스트림풋볼:3대3 멀티 축구
52,바이러스 워 - 우주 슈팅 게임
53,Minecraft 체험판
54,Collect Cubes
55,Magic Tiles 3
56,V4(12)
57,Rider
58,용사식당
59,해양 유목민 - 뗏목 생존: Survival on Raft - Ocean Nomad
60,Mr Bullet - 스파이 퍼즐
61,지오메트리 대시 라이트 (Geometry Dash L)
62,Minecraft Earth
63,스도쿠 - 무료 클래식 스도쿠 퍼즐
64,고전적인 블록 퍼즐
65,Cool Goal!
66,Empires & Puzzles: RPG Quest
67,블록 퍼즐
68,봉인의서
69,1945
70,이터:던전의 포식자
71,동물극장 - 귀여운 동물들과 영화보며 힐링
72,Rolling Domino
73,Supreme Duelist Stickman
74,롤링 스카이
75,삼국지 오리진
76,Dancing Road: Color Ball Run!
77,Wrecking Ball
78,3차원 채우기 (Fill in 3D)
79,Piano Tiles 2™
80,aquapark.io
81,Gang Clash
82,쿠키런 for Kakao
83,한게임 신맞고 : 대한민국 원조 고스톱
84,Paper.io 2
85,브롤 스타즈 상자깡 버그판 마인크래프트 게임 고양이 Brawl Stars
86,리니지M
87,토킹톰 골드런
88,I Peel Good
89,Run Race 3D
90,좀비고등학교
91,Pokémon GO
92,피망 섯다
93,보스레이브
94,Mahjong City Tours
95,Happy Glass
96,Zooba - 동물원 배틀 아레나
97,Rummikub
98,일반상식 퀴즈. 무료 퀴즈 게임: QuizzLand
99,Color Saw 3D
100,햄스터 타운 - 당신이 원하는 힐링 두뇌 퍼즐 게임 - 햄스터 타운! 심쿵사 주의
