﻿rank,name
1,Brain Out – 가장 어색한 게임
2,Icing On The Cake
3,킹 오브 타워
4,달빛조각사
5,콜 오브 듀티: 모바일
6,완미세계
7,Zipline Valley - 물리학 퍼즐 게임
8,봉인의서
9,라이즈 오브 킹덤즈
10,Rolling Domino
11,브롤스타즈
12,꽃피는 달빛
13,Wrecking Ball
14,궁수의 전설
15,세인트 세이야 : 각성
16,무한의 계단
17,꿈의 정원 (Gardenscapes)
18,꿈의 집 (Homescapes)
19,I Peel Good
20,NBA NOW 모바일 농구 게임
21,배틀그라운드
22,워드퍼즐 - 단어 게임
23,기적의 검
24,Granny Legend
25,Perfect Slices
26,Dancing Road: Color Ball Run!
27,이터:던전의 포식자
28,올스타 스매시
29,햄스터 타운 - 당신이 원하는 힐링 두뇌 퍼즐 게임 - 햄스터 타운! 심쿵사 주의
30,팽이로 보석캐기
31,Cool Goal!
32,3차원 채우기 (Fill in 3D)
33,Sand Balls
34,오늘도 우라라 원시 헌팅 라이프
35,SuperStar STARSHIP
36,Square Bird
37,로얄 다이스(Royal Dice) : 랜덤 디펜스
38,꿈의 마을 (Township)
39,바이러스 워 - 우주 슈팅 게임
40,1945
41,Fun Race 3D
42,리치리치
43,Zooba - 동물원 배틀 아레나
44,Empires & Puzzles: RPG Quest
45,무한의 농장
46,피망 뉴맞고 : 고스톱으로 대한민국 1등
47,ROBLOX
48,Minecraft 체험판
49,클래시 로얄
50,펭귄의 섬
51,노블레스 : 제로 with NAVER WEBTOON
52,Mr Bullet - 스파이 퍼즐
53,Color Saw 3D
54,해양 유목민 - 뗏목 생존: Survival on Raft - Ocean Nomad
55,스도쿠 - 무료 클래식 스도쿠 퍼즐
56,Rider
57,Magic Tiles 3
58,톰 오브 더 마스크: 컬러
59,aquapark.io
60,블록 퍼즐
61,Star Trek™ 플릿 커맨드
62,좀비고등학교
63,한게임 포커
64,신비아파트 고스트헌터
65,Mario Kart Tour
66,Polysphere
67,Happy Glass
68,Bouncemasters!
69,신강호
70,숨바꼭질 온라인 - 실시간 숨바꼭질
71,지오메트리 대시 라이트 (Geometry Dash L)
72,피망 섯다
73,Dinosaur Rampage
74,삼국지 오리진
75,브롤 스타즈 상자깡 버그판 마인크래프트 게임 고양이 Brawl Stars
76,Rummikub
77,토킹톰 골드런
78,디지몬 리얼라이즈 -Digimon ReArise-
79,토킹톰 히어로 대시
80,Two Dots
81,Line Driver
82,마피아42
83,쿠키런: 오븐브레이크
84,Supreme Duelist Stickman
85,Crowd City
86,한게임 신맞고 : 대한민국 원조 고스톱
87,Nonogram.com - 픽처 크로스 퍼즐 게임
88,황제라 칭하라
89,LoL 프렌즈
90,로드 크래쉬
91,스나이퍼 3D 어쌔신: 무료 슈팅 게임 (Sniper 3D Assassin)
92,Color Fill 3D
93,도끼.io
94,"피망 포커: 카지노 로얄 (7포커, 로우바둑이, 하이로우)"
95,Run Race 3D
96,피츠메이커
97,아스팔트 9: 레전드- 2019 액션 카 레이싱 게임
98,동물의 집
99,익스트림풋볼:3대3 멀티 축구
100,삼국지 디펜스M
