﻿rank,name
1,라이즈 오브 킹덤즈
2,리치리치
3,비천무협
4,오늘도 우라라 원시 헌팅 라이프
5,원정
6,Cool Goal!
7,브롤스타즈
8,꿈의 집 (Homescapes)
9,쿵야 캐치마인드
10,Perfect Slices
11,배틀그라운드
12,동물의 집
13,Sand Balls
14,워드퍼즐 - 단어 게임
15,Mr Bullet - 스파이 퍼즐
16,궁수의 전설
17,기적의 검
18,aquapark.io
19,피망 뉴맞고 : 고스톱으로 대한민국 1등
20,Fun Race 3D
21,꿈의 정원 (Gardenscapes)
22,Rummikub
23,ROBLOX
24,무한의 계단
25,Color Fill 3D
26,Crowd City
27,한게임 신맞고 : 대한민국 원조 고스톱
28,피망 섯다
29,스나이퍼 3D 어쌔신: 무료 슈팅 게임 (Sniper 3D Assassin)
30,꿈의 마을 (Township)
31,Jelly Shift
32,Popcorn Burst
33,삼국지 디펜스M
34,Minecraft 체험판
35,모두의마블
36,신비아파트 고스트헌터
37,Granny Legend
38,좀비고등학교
39,토킹톰 히어로 대시
40,롤링 스카이
41,토킹톰 골드런
42,벽돌깨기 퀘스트
43,Run Race 3D
44,에오스 레드
45,Bottle Flip 3D
46,마피아42
47,1945
48,Tank Stars
49,Happy Glass
50,브롤 스타즈 상자깡 버그판 마인크래프트 게임 고양이 Brawl Stars
51,Paper.io 2
52,Empires & Puzzles: RPG Quest
53,보스레이브
54,Dinosaur Rampage
55,슈퍼펭귄 (Super Penguins)
56,라플라스M
57,"좋은 피자, 위대한 피자"
58,아스팔트 9: 레전드- 2019 액션 카 레이싱 게임
59,Granny: Chapter Two
60,프렌즈레이싱
61,클래시 로얄
62,삼국지 오리진
63,Polysphere
64,Piano Tiles 2™
65,Rider
66,Magic Tiles 3
67,"Happy Color – 컬러링북, 숫자 색칠 게임"
68,아기 팬더: 공주 메이크업
69,"피망 포커: 카지노 로얄 (7포커, 로우바둑이, 하이로우)"
70,Draw it
71,다운블레이드(DownBlade)
72,쿠키런: 오븐브레이크
73,Dream Piano - Music Game
74,한게임 포커
75,바이러스 워 - 우주 슈팅 게임
76,Kick the Buddy: Forever
77,미친소녀
78,갤럭시 슈터 - 팔콘 스쿼드 - 외계인 슈팅게임
79,미로 온라인 - 실시간 미로탈출
80,지오메트리 대시 라이트 (Geometry Dash L)
81,Shadow of Death: 다크니스 RPG - 지금 싸움을
82,Pokémon Masters
83,냥코 대전쟁
84,가온:신규서버오픈
85,로드 모바일: 제국의 전쟁 - MMORPG
86,도끼.io
87,Wrecking Ball
88,FIFA ONLINE 4 M by EA SPORTS™
89,Bouncemasters!
90,OnPipe
91,Snowball.io
92,Pokémon GO
93,Swing Star
94,의지의 히어로
95,모바일 레전드: Bang Bang
96,마이토킹톰 2
97,Auto Chess
98,우주 전쟁: 외계인들의 공격
99,숨바꼭질 온라인 - 실시간 숨바꼭질
100,스페이스 슈터: 외계인 슈팅게임
