﻿rank,name
1,라이즈 오브 킹덤즈
2,신강호
3,Dinosaur Rampage
4,리치리치
5,쌍삼국지
6,오늘도 우라라 원시 헌팅 라이프
7,Cool Goal!
8,Brain Out – 가장 어색한 게임
9,워드퍼즐 - 단어 게임
10,올스타 스매시
11,브롤스타즈
12,미친소녀
13,Puzzle Fuzzle
14,I Peel Good
15,동물의 집
16,기적의 검
17,Sand Balls
18,배틀그라운드
19,꿈의 집 (Homescapes)
20,Square Bird
21,Perfect Slices
22,궁수의 전설
23,피망 뉴맞고 : 고스톱으로 대한민국 1등
24,바이러스 워 - 우주 슈팅 게임
25,쿵야 캐치마인드
26,햄스터 타운 - 당신이 원하는 힐링 두뇌 퍼즐 게임 - 햄스터 타운! 심쿵사 주의
27,Mr Bullet - 스파이 퍼즐
28,무한의 계단
29,Fun Race 3D
30,꿈의 정원 (Gardenscapes)
31,으라차차 돌격 라그나로크
32,피망 섯다
33,Minecraft 체험판
34,보스레이브
35,ROBLOX
36,aquapark.io
37,Color Fill 3D
38,Rummikub
39,Zipline Valley - 물리학 퍼즐 게임
40,도끼.io
41,토킹톰 골드런
42,1945
43,꿈의 마을 (Township)
44,Crowd City
45,에오스 레드
46,Empires & Puzzles: RPG Quest
47,Magic Tiles 3
48,아스팔트 9: 레전드- 2019 액션 카 레이싱 게임
49,스나이퍼 3D 어쌔신: 무료 슈팅 게임 (Sniper 3D Assassin)
50,Granny Legend
51,이터:던전의 포식자
52,신비아파트 고스트헌터
53,좀비고등학교
54,브롤 스타즈 상자깡 버그판 마인크래프트 게임 고양이 Brawl Stars
55,Bottle Flip 3D
56,낚시 클래시: 스포츠 낚시 게임 (Fishing Clash)
57,토킹톰 히어로 대시
58,Granny: Chapter Two
59,Line Color 3D
60,클래시 로얄
61,로드 모바일: 제국의 전쟁 - MMORPG
62,Run Race 3D
63,슈퍼펭귄 (Super Penguins)
64,한게임 신맞고 : 대한민국 원조 고스톱
65,마피아42
66,프렌즈레이싱
67,Rider
68,"피망 포커: 카지노 로얄 (7포커, 로우바둑이, 하이로우)"
69,"좋은 피자, 위대한 피자"
70,라플라스M
71,Jelly Shift
72,지오메트리 대시 라이트 (Geometry Dash L)
73,삼국지 오리진
74,Tank Stars
75,Tiles Hop: EDM Rush!
76,한게임 포커
77,쿠키런: 오븐브레이크
78,갤럭시 슈터 - 팔콘 스쿼드 - 외계인 슈팅게임
79,아기 팬더: 공주 메이크업
80,Polysphere
81,Snowball.io
82,Wrecking Ball
83,Battle Disc
84,"Happy Color – 컬러링북, 숫자 색칠 게임"
85,롤링 스카이
86,Pokémon GO
87,비천무협
88,모두의마블
89,라스트 쉘터 (Last Shelter: Survival)
90,피아노 실제 - 음악 매직 게임 실행하며 피아노 키보드 로 노래를 배워보세요
91,마이토킹톰 2
92,Popcorn Burst
93,우주 전쟁: 외계인들의 공격
94,용사식당
95,Merge Magic!
96,스페이스 슈터: 외계인 슈팅게임
97,Piano Tiles 2™
98,가온:신규서버오픈
99,Paper.io 2
100,FIFA ONLINE 4 M by EA SPORTS™
