﻿rank,name
1,라이즈 오브 킹덤즈
2,Dinosaur Rampage
3,리치리치
4,신강호
5,오늘도 우라라 원시 헌팅 라이프
6,Cool Goal!
7,미친소녀
8,쌍삼국지
9,올스타 스매시
10,브롤스타즈
11,Puzzle Fuzzle
12,워드퍼즐 - 단어 게임
13,동물의 집
14,I Peel Good
15,Square Bird
16,Brain Out – 가장 어색한 게임
17,Sand Balls
18,Perfect Slices
19,기적의 검
20,꿈의 집 (Homescapes)
21,배틀그라운드
22,궁수의 전설
23,무한의 계단
24,Mr Bullet - 스파이 퍼즐
25,쿵야 캐치마인드
26,Fun Race 3D
27,햄스터 타운 - 당신이 원하는 힐링 두뇌 퍼즐 게임 - 햄스터 타운! 심쿵사 주의
28,ROBLOX
29,바이러스 워 - 우주 슈팅 게임
30,피망 뉴맞고 : 고스톱으로 대한민국 1등
31,aquapark.io
32,꿈의 정원 (Gardenscapes)
33,Minecraft 체험판
34,보스레이브
35,비천무협
36,피망 섯다
37,Color Fill 3D
38,Rummikub
39,Crowd City
40,으라차차 돌격 라그나로크
41,Magic Tiles 3
42,꿈의 마을 (Township)
43,브롤 스타즈 상자깡 버그판 마인크래프트 게임 고양이 Brawl Stars
44,좀비고등학교
45,신비아파트 고스트헌터
46,Granny: Chapter Two
47,Zipline Valley - 물리학 퍼즐 게임
48,1945
49,토킹톰 히어로 대시
50,아스팔트 9: 레전드- 2019 액션 카 레이싱 게임
51,토킹톰 골드런
52,에오스 레드
53,Empires & Puzzles: RPG Quest
54,스나이퍼 3D 어쌔신: 무료 슈팅 게임 (Sniper 3D Assassin)
55,Bottle Flip 3D
56,슈퍼펭귄 (Super Penguins)
57,Line Color 3D
58,Run Race 3D
59,클래시 로얄
60,마피아42
61,프렌즈레이싱
62,"좋은 피자, 위대한 피자"
63,Granny Legend
64,Jelly Shift
65,Rider
66,낚시 클래시: 스포츠 낚시 게임 (Fishing Clash)
67,Tank Stars
68,아기 팬더: 공주 메이크업
69,지오메트리 대시 라이트 (Geometry Dash L)
70,로드 모바일: 제국의 전쟁 - MMORPG
71,Tiles Hop: EDM Rush!
72,Wrecking Ball
73,한게임 신맞고 : 대한민국 원조 고스톱
74,롤링 스카이
75,쿠키런: 오븐브레이크
76,Polysphere
77,Battle Disc
78,Snowball.io
79,Popcorn Burst
80,도끼.io
81,마이토킹톰 2
82,갤럭시 슈터 - 팔콘 스쿼드 - 외계인 슈팅게임
83,"Happy Color – 컬러링북, 숫자 색칠 게임"
84,"피망 포커: 카지노 로얄 (7포커, 로우바둑이, 하이로우)"
85,모두의마블
86,라스트 쉘터 (Last Shelter: Survival)
87,라플라스M
88,피아노 실제 - 음악 매직 게임 실행하며 피아노 키보드 로 노래를 배워보세요
89,의지의 히어로
90,Paper.io 2
91,Piano Tiles 2™
92,한게임 포커
93,Pokémon GO
94,Supreme Duelist Stickman
95,삼국지 오리진
96,우주 전쟁: 외계인들의 공격
97,FIFA ONLINE 4 M by EA SPORTS™
98,황제라 칭하라
99,가온:신규서버오픈
100,스페이스 슈터: 외계인 슈팅게임
