﻿rank,name
1,V4
2,Brain Out – 가장 어색한 게임
3,Rescue Cut - Rope Puzzle
4,DX : 신 세기의 전쟁
5,Icing On The Cake
6,킹 오브 타워
7,Crazy Shopping
8,콜 오브 듀티: 모바일
9,신강호
10,Zipline Valley - 물리학 퍼즐 게임
11,라이즈 오브 킹덤즈
12,Drop & Smash
13,로드 크래쉬
14,무한의 계단
15,Marbleous!
16,브롤스타즈
17,히어로즈 스트라이크
18,무한의 농장
19,꿈의 집 (Homescapes)
20,Granny Legend
21,기적의 검
22,리치리치
23,질풍닌자전
24,Hero Wars
25,꿈의 마을 (Township)
26,Sky Roller
27,톰 오브 더 마스크: 컬러
28,배틀그라운드
29,오늘도 환생
30,꿈의 정원 (Gardenscapes)
31,Kick the Buddy: Forever
32,Puzzle Fuzzle
33,워드퍼즐 - 단어 게임
34,Minecraft Earth
35,꽃피는 달빛
36,Draw Around
37,Collect Cubes
38,궁수의 전설
39,피망 뉴맞고 : 고스톱으로 대한민국 1등
40,Perfect Paint
41,Block Puzzle Universe
42,Perfect Slices
43,쿠키런: 오븐브레이크
44,달빛조각사
45,매직 직소 퍼즐
46,Sand Balls
47,펭귄의 섬
48,Magic Tiles 3
49,ROBLOX
50,Minecraft 체험판
51,Fun Race 3D
52,테니스 클래시: 3D 스포츠 - 무료 멀티플레이어 게임
53,바이러스 워 - 우주 슈팅 게임
54,로얄 다이스(Royal Dice) : 랜덤 디펜스
55,클래시 로얄
56,해양 유목민 - 뗏목 생존: Survival on Raft - Ocean Nomad
57,익스트림풋볼:3대3 멀티 축구
58,Rider
59,동물극장 - 귀여운 동물들과 영화보며 힐링
60,용사식당
61,Mr Bullet - 스파이 퍼즐
62,지오메트리 대시 라이트 (Geometry Dash L)
63,Empires & Puzzles: RPG Quest
64,Rolling Domino
65,Cool Goal!
66,스도쿠 - 무료 클래식 스도쿠 퍼즐
67,1945
68,Wrecking Ball
69,롤링 스카이
70,세인트 세이야 : 각성
71,aquapark.io
72,이터:던전의 포식자
73,I Peel Good
74,Dancing Road: Color Ball Run!
75,데이트 어 라이브: 다시 만난 정령
76,3차원 채우기 (Fill in 3D)
77,봉인의서
78,Piano Tiles 2™
79,Supreme Duelist Stickman
80,토킹톰 골드런
81,Paper.io 2
82,삼국지 오리진
83,Gang Clash
84,브롤 스타즈 상자깡 버그판 마인크래프트 게임 고양이 Brawl Stars
85,완미세계
86,Zooba - 동물원 배틀 아레나
87,좀비고등학교
88,블록 퍼즐
89,Run Race 3D
90,피망 섯다
91,Mahjong City Tours
92,토킹톰 히어로 대시
93,Happy Glass
94,Color Saw 3D
95,Nonogram.com - 픽처 크로스 퍼즐 게임
96,Color Fill 3D
97,Rummikub
98,일반상식 퀴즈. 무료 퀴즈 게임: QuizzLand
99,스택 볼 - 플랫폼을 다 뚫어버리세요 
100,쿠키런 for Kakao
