﻿rank,name
1,Icing On The Cake
2,Rescue Cut - Rope Puzzle
3,Brain Out – 가장 어색한 게임
4,완미세계
5,킹 오브 타워
6,콜 오브 듀티: 모바일
7,Zipline Valley - 물리학 퍼즐 게임
8,신강호
9,로드 크래쉬
10,달빛조각사
11,라이즈 오브 킹덤즈
12,기적의 검
13,무한의 계단
14,Soul Land: 엘피스 전기
15,브롤스타즈
16,Rolling Domino
17,동물극장 - 귀여운 동물들과 영화보며 힐링
18,테니스 클래시: 3D 스포츠 - 무료 멀티플레이어 게임
19,꿈의 정원 (Gardenscapes)
20,꿈의 집 (Homescapes)
21,Puzzle Fuzzle
22,꽃피는 달빛
23,Draw Around
24,I Peel Good
25,마기아 : 카르마 사가
26,리치리치
27,궁수의 전설
28,워드퍼즐 - 단어 게임
29,쿠키런: 오븐브레이크
30,피망 뉴맞고 : 고스톱으로 대한민국 1등
31,판타지타운
32,3차원 채우기 (Fill in 3D)
33,Granny Legend
34,용사식당
35,바이러스 워 - 우주 슈팅 게임
36,봉인의서
37,배틀그라운드
38,로얄 다이스(Royal Dice) : 랜덤 디펜스
39,데이트 어 라이브: 다시 만난 정령
40,Wrecking Ball
41,꿈의 마을 (Township)
42,Magic Tiles 3
43,Empires & Puzzles: RPG Quest
44,Sand Balls
45,Perfect Slices
46,ROBLOX
47,아르카나 택틱스
48,오늘도 우라라 원시 헌팅 라이프
49,Minecraft 체험판
50,1945
51,익스트림풋볼:3대3 멀티 축구
52,Cool Goal!
53,펭귄의 섬
54,Fun Race 3D
55,이터:던전의 포식자
56,Zooba - 동물원 배틀 아레나
57,스도쿠 - 무료 클래식 스도쿠 퍼즐
58,클래시 로얄
59,무한의 농장
60,해양 유목민 - 뗏목 생존: Survival on Raft - Ocean Nomad
61,Mr Bullet - 스파이 퍼즐
62,세인트 세이야 : 각성
63,Line Driver
64,지오메트리 대시 라이트 (Geometry Dash L)
65,"좋은 피자, 위대한 피자"
66,aquapark.io
67,좀비고등학교
68,Rider
69,Color Saw 3D
70,Dancing Road: Color Ball Run!
71,Block Puzzle Universe
72,토킹톰 히어로 대시
73,햄스터 타운 - 당신이 원하는 힐링 두뇌 퍼즐 게임 - 햄스터 타운! 심쿵사 주의
74,신의 연대기-신규서버오픈
75,롤링 스카이
76,토킹톰 골드런
77,Nonogram.com - 픽처 크로스 퍼즐 게임
78,메탈슬러그 인피니티 - 방치형 RPG
79,Mahjong City Tours
80,한게임 포커
81,Crazy Shopping
82,Rummikub
83,Happy Glass
84,LoL 프렌즈
85,Gang Clash
86,한게임 신맞고 : 대한민국 원조 고스톱
87,신비아파트 고스트헌터
88,Mario Kart Tour
89,피망 섯다
90,동물의 집
91,Kick the Buddy: Forever
92,쌍삼국지
93,Square Bird
94,브롤 스타즈 상자깡 버그판 마인크래프트 게임 고양이 Brawl Stars
95,OX 퀴즈 서바이벌 100
96,팽이로 보석캐기
97,FIFA ONLINE 4 M by EA SPORTS™
98,Crowd City
99,Paper.io 2
100,Run Race 3D
