﻿rank,name
1,완미세계
2,Icing On The Cake
3,Brain Out – 가장 어색한 게임
4,Rescue Cut - Rope Puzzle
5,Zipline Valley - 물리학 퍼즐 게임
6,콜 오브 듀티: 모바일
7,판타지타운
8,로드 크래쉬
9,달빛조각사
10,신강호
11,브롤스타즈
12,무한의 계단
13,킹 오브 타워
14,Rolling Domino
15,Soul Land: 엘피스 전기
16,라이즈 오브 킹덤즈
17,I Peel Good
18,꿈의 집 (Homescapes)
19,꿈의 정원 (Gardenscapes)
20,봉인의서
21,꽃피는 달빛
22,Wrecking Ball
23,3차원 채우기 (Fill in 3D)
24,Puzzle Fuzzle
25,배틀그라운드
26,기적의 검
27,Perfect Slices
28,궁수의 전설
29,ROBLOX
30,Minecraft 체험판
31,쿠키런: 오븐브레이크
32,오늘도 우라라 원시 헌팅 라이프
33,해양 유목민 - 뗏목 생존: Survival on Raft - Ocean Nomad
34,Cool Goal!
35,꿈의 마을 (Township)
36,Dancing Road: Color Ball Run!
37,리치리치
38,테니스 클래시: 3D 스포츠 - 무료 멀티플레이어 게임
39,좀비고등학교
40,Granny Legend
41,Magic Tiles 3
42,동물극장 - 귀여운 동물들과 영화보며 힐링
43,바이러스 워 - 우주 슈팅 게임
44,올스타 스매시
45,Zooba - 동물원 배틀 아레나
46,워드퍼즐 - 단어 게임
47,무한의 농장
48,"좋은 피자, 위대한 피자"
49,Sand Balls
50,클래시 로얄
51,Rider
52,지오메트리 대시 라이트 (Geometry Dash L)
53,aquapark.io
54,토킹톰 히어로 대시
55,Fun Race 3D
56,신비아파트 고스트헌터
57,롤링 스카이
58,펭귄의 섬
59,토킹톰 골드런
60,이터:던전의 포식자
61,Color Saw 3D
62,팽이로 보석캐기
63,브롤 스타즈 상자깡 버그판 마인크래프트 게임 고양이 Brawl Stars
64,로얄 다이스(Royal Dice) : 랜덤 디펜스
65,Mario Kart Tour
66,동물의 집
67,Line Driver
68,익스트림풋볼:3대3 멀티 축구
69,Mr Bullet - 스파이 퍼즐
70,Square Bird
71,Dinosaur Rampage
72,용사식당
73,햄스터 타운 - 당신이 원하는 힐링 두뇌 퍼즐 게임 - 햄스터 타운! 심쿵사 주의
74,피망 뉴맞고 : 고스톱으로 대한민국 1등
75,숨바꼭질 온라인 - 실시간 숨바꼭질
76,Happy Glass
77,1945
78,Crowd City
79,슈퍼펭귄 (Super Penguins)
80,Tiles Hop: EDM Rush!
81,Empires & Puzzles: RPG Quest
82,스도쿠 - 무료 클래식 스도쿠 퍼즐
83,Bouncemasters!
84,Paper.io 2
85,OX 퀴즈 서바이벌 100
86,Draw Around
87,Kick the Buddy: Forever
88,마피아42
89,세인트 세이야 : 각성
90,FIFA ONLINE 4 M by EA SPORTS™
91,Run Race 3D
92,무한의 기차
93,Soul Knight
94,Rummikub
95,회사 탈출3　-탈출 게임
96,Piano Tiles 2™
97,Nonogram.com - 픽처 크로스 퍼즐 게임
98,Merge Robots - Idle Tycoon Games 2019
99,Popcorn Burst
100,Block Puzzle Universe
