﻿rank,name
1,리치리치
2,라이즈 오브 킹덤즈
3,Cool Goal!
4,오늘도 우라라 원시 헌팅 라이프
5,원정
6,브롤스타즈
7,Perfect Slices
8,쿵야 캐치마인드
9,메탈슬러그 인피니티 - 방치형 RPG
10,기적의 검
11,Sand Balls
12,궁수의 전설
13,꿈의 집 (Homescapes)
14,aquapark.io
15,Mr Bullet - 스파이 퍼즐
16,Fun Race 3D
17,배틀그라운드
18,꿈의 정원 (Gardenscapes)
19,동물의 집
20,ROBLOX
21,무한의 계단
22,오늘도 환생
23,Rummikub
24,피망 뉴맞고 : 고스톱으로 대한민국 1등
25,Minecraft 체험판
26,신비아파트 고스트헌터
27,Color Fill 3D
28,스나이퍼 3D 어쌔신: 무료 슈팅 게임 (Sniper 3D Assassin)
29,꿈의 마을 (Township)
30,"좋은 피자, 위대한 피자"
31,Jelly Shift
32,Run Race 3D
33,Crowd City
34,토킹톰 히어로 대시
35,좀비고등학교
36,벽돌깨기 퀘스트
37,모두의마블
38,1945
39,Pokémon Masters
40,토킹톰 골드런
41,피망 섯다
42,Happy Glass
43,삼국지 디펜스M
44,슈퍼펭귄 (Super Penguins)
45,마피아42
46,Pokémon GO
47,클래시 로얄
48,롤링 스카이
49,에오스 레드
50,브롤 스타즈 상자깡 버그판 마인크래프트 게임 고양이 Brawl Stars
51,Bottle Flip 3D
52,아스팔트 9: 레전드- 2019 액션 카 레이싱 게임
53,바이러스 워 - 우주 슈팅 게임
54,한게임 신맞고 : 대한민국 원조 고스톱
55,Rider
56,Paper.io 2
57,프렌즈레이싱
58,숨바꼭질 온라인 - 실시간 숨바꼭질
59,가온:신규서버오픈
60,닌자세계대전
61,Piano Tiles 2™
62,Tank Stars
63,지오메트리 대시 라이트 (Geometry Dash L)
64,용사식당
65,Hoop Stars
66,쿠키런: 오븐브레이크
67,도끼.io
68,보스레이브
69,Empires & Puzzles: RPG Quest
70,Shadow of Death: 다크니스 RPG - 지금 싸움을
71,Traffic Run!
72,의지의 히어로
73,Blade Master - Mini Action RPG Game
74,Wrecking Ball
75,Kick the Buddy: Forever
76,미로 온라인 - 실시간 미로탈출
77,미친소녀
78,Snowball.io
79,Granny: Chapter Two
80,아기 팬더: 공주 메이크업
81,별난닭 키우기
82,Supreme Duelist Stickman
83,OnPipe
84,스페이스 슈터: 외계인 슈팅게임
85,"Happy Color – 컬러링북, 숫자 색칠 게임"
86,세레스M
87,Draw it
88,마이토킹톰 2
89,갤럭시 슈터 - 팔콘 스쿼드 - 외계인 슈팅게임
90,라플라스M
91,FIFA ONLINE 4 M by EA SPORTS™
92,Bouncemasters!
93,Soul Knight
94,Dream Piano - Music Game
95,바운스볼
96,냥코 대전쟁
97,Hungry Shark Evolution
98,Auto Chess
99,한게임 포커
100,피아노 실제 - 음악 매직 게임 실행하며 피아노 키보드 로 노래를 배워보세요
