﻿rank,name
1,라이즈 오브 킹덤즈
2,Cool Goal!
3,Perfect Slices
4,Sand Balls
5,브롤스타즈
6,꿈의 정원 (Gardenscapes)
7,aquapark.io
8,Mr Bullet - 스파이 퍼즐
9,궁수의 전설
10,꿈의 집 (Homescapes)
11,Fun Race 3D
12,쿵야 캐치마인드
13,ROBLOX
14,원정
15,배틀그라운드
16,Minecraft 체험판
17,Hoop Stars
18,Jelly Shift
19,무한의 계단
20,Amazing PG Frog Simulator
21,토킹톰 히어로 대시
22,꿈의 마을 (Township)
23,Run Race 3D
24,Crowd City
25,스나이퍼 3D 어쌔신: 무료 슈팅 게임 (Sniper 3D Assassin)
26,Wrecking Ball
27,Kick the Buddy: Forever
28,Color Fill 3D
29,Tank Stars
30,벽돌깨기 퀘스트
31,신비아파트 고스트헌터
32,동물의 집
33,Happy Glass
34,토킹톰 골드런
35,Traffic Run!
36,Bottle Flip 3D
37,Paper.io 2
38,꽃송이
39,브롤 스타즈 상자깡 버그판 마인크래프트 게임 고양이 Brawl Stars
40,롤링 스카이
41,OnPipe
42,아기 팬더: 공주 메이크업
43,Snowball.io
44,1945
45,Sandwich!
46,Rider
47,바이러스 워 - 우주 슈팅 게임
48,좀비고등학교
49,숨바꼭질 온라인 - 실시간 숨바꼭질
50,"좋은 피자, 위대한 피자"
51,슈퍼펭귄 (Super Penguins)
52,마이토킹톰 2
53,클래시 로얄
54,"Happy Color – 컬러링북, 숫자 색칠 게임"
55,프렌즈레이싱
56,클래식 어드벤처
57,Neon Splash
58,Pokémon GO
59,의지의 히어로
60,Piano Tiles 2™
61,Blade Master - Mini Action RPG Game
62,피망 뉴맞고 : 고스톱으로 대한민국 1등
63,요괴미식가:Cook&Life
64,보스레이브
65,스페이스 슈터: 외계인 슈팅게임
66,미로 온라인 - 실시간 미로탈출
67,Supreme Duelist Stickman
68,갤럭시 슈터 - 팔콘 스쿼드 - 외계인 슈팅게임
69,Puzzle Fuzzle
70,"나의최애캐 (언니돌, #unniedoll)"
71,Train Taxi
72,도끼.io
73,Kick the Buddy
74,Toon Blast
75,Empires & Puzzles: RPG Quest
76,Bouncemasters!
77,Tomb of the Mask
78,"Numpuz: Classic Number Games, Num Riddle Puzzle"
79,마피아42
80,미라큘러스 레이디버그와 블랙캣
81,Draw it
82,Helix Jump
83,Dancing Road: Color Ball Run!
84,아스팔트 9: 레전드- 2019 액션 카 레이싱 게임
85,픽셀 건 3D (Pixel Gun 3D)
86,지오메트리 대시 라이트 (Geometry Dash L)
87,Rummikub
88,Battle Disc
89,Pokémon Masters
90,우주 전쟁: 외계인들의 공격
91,냥코 대전쟁
92,Dream Piano - Music Game
93,쿠키런: 오븐브레이크
94,Tiles Hop: EDM Rush!
95,낚시 클래시: 스포츠 낚시 게임 (Fishing Clash)
96,에오스 레드
97,City Fighter vs Street Gang
98,Hole.io
99,Merge Plane - Click & Idle Tycoon
100,가온:신규서버오픈
