﻿rank,name
1,라이즈 오브 킹덤즈
2,비천무협
3,리치리치
4,오늘도 우라라 원시 헌팅 라이프
5,원정
6,Cool Goal!
7,브롤스타즈
8,Dinosaur Rampage
9,쿵야 캐치마인드
10,워드퍼즐 - 단어 게임
11,배틀그라운드
12,동물의 집
13,Perfect Slices
14,Sand Balls
15,기적의 검
16,궁수의 전설
17,꿈의 집 (Homescapes)
18,피망 뉴맞고 : 고스톱으로 대한민국 1등
19,Mr Bullet - 스파이 퍼즐
20,신강호
21,Fun Race 3D
22,꿈의 정원 (Gardenscapes)
23,aquapark.io
24,Rummikub
25,피망 섯다
26,무한의 계단
27,Color Fill 3D
28,ROBLOX
29,Granny Legend
30,Crowd City
31,모두의마블
32,삼국지 디펜스M
33,스나이퍼 3D 어쌔신: 무료 슈팅 게임 (Sniper 3D Assassin)
34,Popcorn Burst
35,꿈의 마을 (Township)
36,한게임 신맞고 : 대한민국 원조 고스톱
37,1945
38,스타쉽 배틀
39,보스레이브
40,Empires & Puzzles: RPG Quest
41,Minecraft 체험판
42,Jelly Shift
43,좀비고등학교
44,브롤 스타즈 상자깡 버그판 마인크래프트 게임 고양이 Brawl Stars
45,에오스 레드
46,Bottle Flip 3D
47,마피아42
48,삼국지 오리진
49,Run Race 3D
50,신비아파트 고스트헌터
51,토킹톰 히어로 대시
52,"피망 포커: 카지노 로얄 (7포커, 로우바둑이, 하이로우)"
53,토킹톰 골드런
54,Granny: Chapter Two
55,가온:신규서버오픈
56,한게임 포커
57,라플라스M
58,Tank Stars
59,아스팔트 9: 레전드- 2019 액션 카 레이싱 게임
60,롤링 스카이
61,Happy Glass
62,미친소녀
63,벽돌깨기 퀘스트
64,Paper.io 2
65,"좋은 피자, 위대한 피자"
66,클래시 로얄
67,갤럭시 슈터 - 팔콘 스쿼드 - 외계인 슈팅게임
68,슈퍼펭귄 (Super Penguins)
69,"Happy Color – 컬러링북, 숫자 색칠 게임"
70,프렌즈레이싱
71,Magic Tiles 3
72,The Looper
73,아기 팬더: 공주 메이크업
74,나선영웅전
75,Polysphere
76,Rider
77,로드 모바일: 제국의 전쟁 - MMORPG
78,바이러스 워 - 우주 슈팅 게임
79,도끼.io
80,쿠키런: 오븐브레이크
81,Piano Tiles 2™
82,라이더 마스터 - 무료 모토 레이싱 게임
83,우주 전쟁: 외계인들의 공격
84,냥코 대전쟁
85,지오메트리 대시 라이트 (Geometry Dash L)
86,FIFA ONLINE 4 M by EA SPORTS™
87,maybe-메이비:내가 만드는 이야기
88,Shadow of Death: 다크니스 RPG - 지금 싸움을
89,Draw it
90,미로 온라인 - 실시간 미로탈출
91,Puzzle Fuzzle
92,Auto Chess
93,다운블레이드(DownBlade)
94,Pokémon GO
95,Wrecking Ball
96,Pokémon Masters
97,삼국지강타
98,스페이스 슈터: 외계인 슈팅게임
99,스도쿠 - 무료 클래식 스도쿠 퍼즐
100,Dream Piano - Music Game
