﻿rank,name
1,Brain Out – 가장 어색한 게임
2,달빛조각사
3,콜 오브 듀티: 모바일
4,세레스M
5,라이즈 오브 킹덤즈
6,Wrecking Ball
7,브롤스타즈
8,소울아크: 리부트
9,신의 연대기-신규서버오픈
10,Dinosaur Rampage
11,Square Bird
12,Bouncemasters!
13,무한의 계단
14,Perfect Slices
15,Icing On The Cake
16,Mario Kart Tour
17,디지몬 리얼라이즈 -Digimon ReArise-
18,도시어부M
19,워드퍼즐 - 단어 게임
20,펭귄의 섬
21,기적의 검
22,궁수의 전설
23,Puzzle Fuzzle
24,Cool Goal!
25,I Peel Good
26,꿈의 집 (Homescapes)
27,배틀그라운드
28,올스타 스매시
29,3차원 채우기 (Fill in 3D)
30,Magic Tiles 3
31,The Real Juggle
32,꿈의 정원 (Gardenscapes)
33,1945
34,Sand Balls
35,신비아파트 고스트헌터
36,이터:던전의 포식자
37,오늘도 우라라 원시 헌팅 라이프
38,ROBLOX
39,Mr Bullet - 스파이 퍼즐
40,장기2.0
41,Color Saw 3D
42,Zipline Valley - 물리학 퍼즐 게임
43,aquapark.io
44,바이러스 워 - 우주 슈팅 게임
45,Granny Legend
46,Paper.io 2
47,Fun Race 3D
48,좀비고등학교
49,숨바꼭질 온라인 - 실시간 숨바꼭질
50,피츠메이커
51,Zooba - 동물원 배틀 아레나
52,Minecraft 체험판
53,세븐나이츠
54,장기의 달인
55,피망 뉴맞고 : 고스톱으로 대한민국 1등
56,클래시 로얄
57,꿈의 마을 (Township)
58,Rider
59,토킹톰 골드런
60,햄스터 타운 - 당신이 원하는 힐링 두뇌 퍼즐 게임 - 햄스터 타운! 심쿵사 주의
61,Kick the Buddy: Forever
62,Hole.io
63,Crowd City
64,지오메트리 대시 라이트 (Geometry Dash L)
65,Run Race 3D
66,Color Fill 3D
67,"Numpuz: Classic Number Games, Num Riddle Puzzle"
68,Rummikub
69,Happy Glass
70,Robot Clash
71,왕국건설 스토리
72,리치리치
73,슈퍼펭귄 (Super Penguins)
74,보스레이브
75,Rope Slash
76,해양 유목민 - 뗏목 생존: Survival on Raft - Ocean Nomad
77,마피아42
78,Empires & Puzzles: RPG Quest
79,Nonogram.com - 픽처 크로스 퍼즐 게임
80,아스팔트 9: 레전드- 2019 액션 카 레이싱 게임
81,토킹톰 히어로 대시
82,Bottle Flip 3D
83,무한의 농장
84,"Happy Color – 컬러링북, 숫자 색칠 게임"
85,Line Color 3D
86,쿠키런: 오븐브레이크
87,Granny: Chapter Two
88,Dancing Road: Color Ball Run!
89,Draw it
90,동물의 집
91,Marbleous!
92,피망 섯다
93,롤링 스카이
94,Jelly Shift
95,"좋은 피자, 위대한 피자"
96,Kick the Buddy
97,Two Dots
98,타워 브레이커(Tower Breaker) - 신의 탑 부수기
99,Partymasters - Fun Idle Game
100,도끼.io
