﻿rank,name
1,라이즈 오브 킹덤즈
2,Dinosaur Rampage
3,신강호
4,리치리치
5,쌍삼국지
6,오늘도 우라라 원시 헌팅 라이프
7,미친소녀
8,Cool Goal!
9,올스타 스매시
10,브롤스타즈
11,Puzzle Fuzzle
12,비천무협
13,워드퍼즐 - 단어 게임
14,동물의 집
15,Square Bird
16,I Peel Good
17,기적의 검
18,Perfect Slices
19,배틀그라운드
20,Sand Balls
21,꿈의 집 (Homescapes)
22,무한의 계단
23,궁수의 전설
24,Fun Race 3D
25,쿵야 캐치마인드
26,Mr Bullet - 스파이 퍼즐
27,바이러스 워 - 우주 슈팅 게임
28,Brain Out – 가장 어색한 게임
29,aquapark.io
30,햄스터 타운 - 당신이 원하는 힐링 두뇌 퍼즐 게임 - 햄스터 타운! 심쿵사 주의
31,피망 뉴맞고 : 고스톱으로 대한민국 1등
32,꿈의 정원 (Gardenscapes)
33,Minecraft 체험판
34,ROBLOX
35,피망 섯다
36,보스레이브
37,으라차차 돌격 라그나로크
38,Crowd City
39,브롤 스타즈 상자깡 버그판 마인크래프트 게임 고양이 Brawl Stars
40,Rummikub
41,Color Fill 3D
42,좀비고등학교
43,Granny: Chapter Two
44,Magic Tiles 3
45,토킹톰 히어로 대시
46,토킹톰 골드런
47,신비아파트 고스트헌터
48,꿈의 마을 (Township)
49,슈퍼펭귄 (Super Penguins)
50,Granny Legend
51,클래시 로얄
52,마피아42
53,1945
54,Bottle Flip 3D
55,아스팔트 9: 레전드- 2019 액션 카 레이싱 게임
56,Empires & Puzzles: RPG Quest
57,에오스 레드
58,프렌즈레이싱
59,"좋은 피자, 위대한 피자"
60,스나이퍼 3D 어쌔신: 무료 슈팅 게임 (Sniper 3D Assassin)
61,Run Race 3D
62,아기 팬더: 공주 메이크업
63,Rider
64,Zipline Valley - 물리학 퍼즐 게임
65,낚시 클래시: 스포츠 낚시 게임 (Fishing Clash)
66,지오메트리 대시 라이트 (Geometry Dash L)
67,Jelly Shift
68,Line Color 3D
69,Tank Stars
70,롤링 스카이
71,Popcorn Burst
72,쿠키런: 오븐브레이크
73,Tiles Hop: EDM Rush!
74,로드 모바일: 제국의 전쟁 - MMORPG
75,한게임 신맞고 : 대한민국 원조 고스톱
76,도끼.io
77,마이토킹톰 2
78,의지의 히어로
79,모두의마블
80,라스트 쉘터 (Last Shelter: Survival)
81,Snowball.io
82,Battle Disc
83,Polysphere
84,갤럭시 슈터 - 팔콘 스쿼드 - 외계인 슈팅게임
85,"Happy Color – 컬러링북, 숫자 색칠 게임"
86,Pokémon GO
87,Supreme Duelist Stickman
88,Paper.io 2
89,Wrecking Ball
90,Piano Tiles 2™
91,"피망 포커: 카지노 로얄 (7포커, 로우바둑이, 하이로우)"
92,냥코 대전쟁
93,한게임 포커
94,스페이스 슈터: 외계인 슈팅게임
95,가온:신규서버오픈
96,피아노 실제 - 음악 매직 게임 실행하며 피아노 키보드 로 노래를 배워보세요
97,우주 전쟁: 외계인들의 공격
98,미로 온라인 - 실시간 미로탈출
99,Happy Glass
100,FIFA ONLINE 4 M by EA SPORTS™
