﻿search,youtube_url,viewer,upload
Cannon Shot! 게임,https://www.youtube.com/watch?v=N1ykOwUB4rA,8회,19시간 전
Cannon Shot! 게임,https://www.youtube.com/watch?v=SB-WwPWHOnk,없음,22시간 전
Cannon Shot! 게임,https://www.youtube.com/watch?v=NKI5NOctGXA,69회,1일 전
Cannon Shot! 게임,https://www.youtube.com/watch?v=kKB4t06JDTI,14회,1일 전
Cannon Shot! 게임,https://www.youtube.com/watch?v=bJnoG-cnxZw,80회,1일 전
Cannon Shot! 게임,https://www.youtube.com/watch?v=_TFgMhg36yI,139회,1일 전
Cannon Shot! 게임,https://www.youtube.com/watch?v=veTQD9LrDQs,없음,2일 전
Cannon Shot! 게임,https://www.youtube.com/watch?v=tHhbRcigGyI,없음,2일 전
Cannon Shot! 게임,https://www.youtube.com/watch?v=lT4d_5jKCoU,없음,2일 전
Cannon Shot! 게임,https://www.youtube.com/watch?v=RtLrk7zHvMc,없음,2일 전
Cannon Shot! 게임,https://www.youtube.com/watch?v=plnjUcLVtmQ,없음,2일 전
Cannon Shot! 게임,https://www.youtube.com/watch?v=l8QszrQ4MwM,없음,2일 전
Cannon Shot! 게임,https://www.youtube.com/watch?v=f5Pp5dbAyZs,127회,2일 전
Cannon Shot! 게임,https://www.youtube.com/watch?v=i8MRJsy5cQ4,2회,3일 전
Cannon Shot! 게임,https://www.youtube.com/watch?v=6y92bIQmG1w,4회,3일 전
Cannon Shot! 게임,https://www.youtube.com/watch?v=iyZ1MzUSEps,없음,3일 전
Cannon Shot! 게임,https://www.youtube.com/watch?v=uvcUSfuJy1Q,2회,3일 전
Cannon Shot! 게임,https://www.youtube.com/watch?v=55ooXkc1Q34,8회,3일 전
Cannon Shot! 게임,https://www.youtube.com/watch?v=LV_0szPDN3g,10회,4일 전
Cannon Shot! 게임,https://www.youtube.com/watch?v=pumHWL6VHA8,없음,4일 전
Cannon Shot! 게임,https://www.youtube.com/watch?v=Uhxfc6oDqEQ,8회,4일 전
Cannon Shot! 게임,https://www.youtube.com/watch?v=c9Hw14Vqj6k,없음,4일 전
Cannon Shot! 게임,https://www.youtube.com/watch?v=-nqXnrChKJI,없음,4일 전
Cannon Shot! 게임,https://www.youtube.com/watch?v=jTYVcHrMAwo,없음,4일 전
Cannon Shot! 게임,https://www.youtube.com/watch?v=LOSVukAOAVc,없음,5일 전
Cannon Shot! 게임,https://www.youtube.com/watch?v=9YK3fxl7dQ8,66회,5일 전
Cannon Shot! 게임,https://www.youtube.com/watch?v=OiTVQ5BNSGU,2회,5일 전
Cannon Shot! 게임,https://www.youtube.com/watch?v=ynTRHtGaDDc,1회,5일 전
Cannon Shot! 게임,https://www.youtube.com/watch?v=FadnSUYIPxQ,95회,5일 전
Cannon Shot! 게임,https://www.youtube.com/watch?v=jgdid3AsxiQ,없음,5일 전
Cannon Shot! 게임,https://www.youtube.com/watch?v=7ihrHmLwCVM,없음,5일 전
Cannon Shot! 게임,https://www.youtube.com/watch?v=VbeJGw4AM2A,2회,5일 전
Cannon Shot! 게임,https://www.youtube.com/watch?v=6T7Ufo9pHdw,없음,5일 전
Cannon Shot! 게임,https://www.youtube.com/watch?v=xsx5kvucCZc,1회,5일 전
Cannon Shot! 게임,https://www.youtube.com/watch?v=Qfj1gUhxriQ,없음,6일 전
Cannon Shot! 게임,https://www.youtube.com/watch?v=-0afnM1bCRM,없음,6일 전
Cannon Shot! 게임,https://www.youtube.com/watch?v=XrOdMs7vaFY,2회,6일 전
Cannon Shot! 게임,https://www.youtube.com/watch?v=ziw1JixKQ0M,없음,6일 전
Cannon Shot! 게임,https://www.youtube.com/watch?v=YP0VQDR6kzw,없음,6일 전
Cannon Shot! 게임,https://www.youtube.com/watch?v=qBTTr9Odyvc,없음,6일 전
Cannon Shot! 게임,https://www.youtube.com/watch?v=WBTZOZ7L6f0,없음,6일 전
Cannon Shot! 게임,https://www.youtube.com/watch?v=nDz-WRjh1ao,없음,6일 전
Cannon Shot! 게임,https://www.youtube.com/watch?v=j4DekxBjdgU,1회,6일 전
Cannon Shot! 게임,https://www.youtube.com/watch?v=FdW3gSDFhKw,없음,6일 전
Cannon Shot! 게임,https://www.youtube.com/watch?v=Udxr8c4IH2g,1회,6일 전
Cannon Shot! 게임,https://www.youtube.com/watch?v=GQJkQ4ockTU,1회,6일 전
Cannon Shot! 게임,https://www.youtube.com/watch?v=dHreYyJYbQ4,없음,6일 전
Cannon Shot! 게임,https://www.youtube.com/watch?v=duslFJo4IsE,4회,6일 전
Cannon Shot! 게임,https://www.youtube.com/watch?v=EGVKRVdjcUQ,없음,6일 전
Cannon Shot! 게임,https://www.youtube.com/watch?v=net1cmse3kg,없음,6일 전
Cannon Shot! 게임,https://www.youtube.com/watch?v=XB2gftt0QVk,1회,6일 전
Cannon Shot! 게임,https://www.youtube.com/watch?v=IXom-Xo_sl4,없음,6일 전
Cannon Shot! 게임,https://www.youtube.com/watch?v=ZDkrSawg-ew,1회,6일 전
Cannon Shot! 게임,https://www.youtube.com/watch?v=g3rZNnxuOlk,2회,1주 전
Cannon Shot! 게임,https://www.youtube.com/watch?v=KEF--XiDjmo,17회,1주 전
Cannon Shot! 게임,https://www.youtube.com/watch?v=_gl06E8MmgA,없음,1주 전
Cannon Shot! 게임,https://www.youtube.com/watch?v=QBaycbYjAMA,없음,1주 전
Cannon Shot! 게임,https://www.youtube.com/watch?v=xOzoUC2f5-o,30회,1주 전
Cannon Shot! 게임,https://www.youtube.com/watch?v=orCxaxqUNmc,없음,1주 전
Cannon Shot! 게임,https://www.youtube.com/watch?v=3TEjmlEwJIs,없음,1주 전
Cannon Shot! 게임,https://www.youtube.com/watch?v=oLrTH3FMgzo,없음,1주 전
Cannon Shot! 게임,https://www.youtube.com/watch?v=b8u9ZhNumTo,없음,1주 전
Cannon Shot! 게임,https://www.youtube.com/watch?v=4ufeyZHQWmU,1회,1주 전
Cannon Shot! 게임,https://www.youtube.com/watch?v=pJWRqcylPRE,14회,1주 전
Cannon Shot! 게임,https://www.youtube.com/watch?v=Aw15qK6Dne0,없음,1주 전
Cannon Shot! 게임,https://www.youtube.com/watch?v=uQK8yRmoCZQ,1회,1주 전
Cannon Shot! 게임,https://www.youtube.com/watch?v=YgjpjP3kevo,없음,1주 전
Cannon Shot! 게임,https://www.youtube.com/watch?v=58fatBdHmr8,98회,1주 전
Cannon Shot! 게임,https://www.youtube.com/watch?v=MqUOFQ-7Nik,없음,1주 전
Cannon Shot! 게임,https://www.youtube.com/watch?v=sswsPodLBUk,4회,1주 전
Cannon Shot! 게임,https://www.youtube.com/watch?v=IMTbydt1Zuc,11회,1주 전
Cannon Shot! 게임,https://www.youtube.com/watch?v=afk34KT8P9g,42회,1주 전
Cannon Shot! 게임,https://www.youtube.com/watch?v=2iuwMGj_06k,없음,1주 전
Cannon Shot! 게임,https://www.youtube.com/watch?v=lLBsYpP0hmg,없음,1주 전
Cannon Shot! 게임,https://www.youtube.com/watch?v=oJNCC7PUaC0,4회,1주 전
Cannon Shot! 게임,https://www.youtube.com/watch?v=g60iiNv5tXI,561회,1주 전
Cannon Shot! 게임,https://www.youtube.com/watch?v=50qtFzZRZxI,2회,1주 전
Cannon Shot! 게임,https://www.youtube.com/watch?v=S7AMRrJ1GJs,없음,1주 전
Cannon Shot! 게임,https://www.youtube.com/watch?v=oJ5E5UoMDUw,2회,1주 전
Cannon Shot! 게임,https://www.youtube.com/watch?v=w2ZpL65KTT0,없음,1주 전
Cannon Shot! 게임,https://www.youtube.com/watch?v=jVRGcci5h70,220회,1주 전
Cannon Shot! 게임,https://www.youtube.com/watch?v=HCJN2A3l8QQ,1회,1주 전
Cannon Shot! 게임,https://www.youtube.com/watch?v=uoPIlZ8JCBc,3회,1주 전
Cannon Shot! 게임,https://www.youtube.com/watch?v=2MEFQYz4wbg,4회,1주 전
Cannon Shot! 게임,https://www.youtube.com/watch?v=8MNXdO-QP0Q,7회,1주 전
Cannon Shot! 게임,https://www.youtube.com/watch?v=Y2mnXL6QzGY,1회,1주 전
Cannon Shot! 게임,https://www.youtube.com/watch?v=FWjqIExF8J4,없음,1주 전
Cannon Shot! 게임,https://www.youtube.com/watch?v=EJ-bOK5LXUU,43회,1주 전
Cannon Shot! 게임,https://www.youtube.com/watch?v=ZRBkSDsaNqI,697회,1주 전
Cannon Shot! 게임,https://www.youtube.com/watch?v=aNUb5YV--iw,1회,1주 전
Cannon Shot! 게임,https://www.youtube.com/watch?v=5H6V2RApD18,7회,1주 전
Cannon Shot! 게임,https://www.youtube.com/watch?v=lblSA-1p6WY,없음,1주 전
Cannon Shot! 게임,https://www.youtube.com/watch?v=JNcqQrkidKg,없음,1주 전
Cannon Shot! 게임,https://www.youtube.com/watch?v=_s59kxX0DU4,1회,1주 전
Cannon Shot! 게임,https://www.youtube.com/watch?v=aNlLrr7s6uU,없음,1주 전
Cannon Shot! 게임,https://www.youtube.com/watch?v=e9HfnPK7ah8,1천회,1주 전
Cannon Shot! 게임,https://www.youtube.com/watch?v=zTp7MD0CE4M,1회,1주 전
Cannon Shot! 게임,https://www.youtube.com/watch?v=NgMKx13hZQY,1회,1주 전
Cannon Shot! 게임,https://www.youtube.com/watch?v=GudDuM1X8H4,3회,1주 전
Cannon Shot! 게임,https://www.youtube.com/watch?v=17ZjEghskYY,3회,1주 전
Cannon Shot! 게임,https://www.youtube.com/watch?v=hx4-IY4D9NQ,705회,1주 전
Cannon Shot! 게임,https://www.youtube.com/watch?v=_iSG878_Kvs,없음,1주 전
Cannon Shot! 게임,https://www.youtube.com/watch?v=HPXOF5E7t7A,없음,1주 전
Cannon Shot! 게임,https://www.youtube.com/watch?v=8CeYxEzbF70,1회,1주 전
Cannon Shot! 게임,https://www.youtube.com/watch?v=Vq7vY-ze1bo,8회,1주 전
Cannon Shot! 게임,https://www.youtube.com/watch?v=EoVfjJsPMcw,없음,1주 전
Cannon Shot! 게임,https://www.youtube.com/watch?v=RVFubseak3A,6회,2주 전
Cannon Shot! 게임,https://www.youtube.com/watch?v=Sc7ceZo1p6o,3회,2주 전
Cannon Shot! 게임,https://www.youtube.com/watch?v=VE1sDT_Verc,없음,2주 전
Cannon Shot! 게임,https://www.youtube.com/watch?v=L1RVav01DlI,5회,2주 전
Cannon Shot! 게임,https://www.youtube.com/watch?v=iJUMs2-wSr0,없음,2주 전
Cannon Shot! 게임,https://www.youtube.com/watch?v=kRVCd6XKv6Y,1회,2주 전
Cannon Shot! 게임,https://www.youtube.com/watch?v=VfJ_eYN8iCc,5회,2주 전
Cannon Shot! 게임,https://www.youtube.com/watch?v=xBYx41Vbu_w,5회,2주 전
Cannon Shot! 게임,https://www.youtube.com/watch?v=xCOgoXH9BHc,5회,2주 전
Cannon Shot! 게임,https://www.youtube.com/watch?v=C2ioxzel_BI,13회,2주 전
Cannon Shot! 게임,https://www.youtube.com/watch?v=pDwlvY8oNX8,12회,2주 전
Cannon Shot! 게임,https://www.youtube.com/watch?v=BK7yN3KG98c,20회,2주 전
Cannon Shot! 게임,https://www.youtube.com/watch?v=JKguJjTjlfA,25회,2주 전
Cannon Shot! 게임,https://www.youtube.com/watch?v=JiTMEyWyASk,없음,2주 전
Cannon Shot! 게임,https://www.youtube.com/watch?v=t6GxM5umLog,10회,2주 전
Cannon Shot! 게임,https://www.youtube.com/watch?v=OS0HZMPqFsU,5회,2주 전
Cannon Shot! 게임,https://www.youtube.com/watch?v=kDpba86y6OY,1회,2주 전
Cannon Shot! 게임,https://www.youtube.com/watch?v=xoAdcPltcjM,1회,2주 전
Cannon Shot! 게임,https://www.youtube.com/watch?v=SDpMO_iPya0,90회,2주 전
Cannon Shot! 게임,https://www.youtube.com/watch?v=k96Z2wLv6ho,40회,2주 전
Cannon Shot! 게임,https://www.youtube.com/watch?v=SOiTYQgcb7U,1회,2주 전
Cannon Shot! 게임,https://www.youtube.com/watch?v=oCwemf5C3-E,55회,2주 전
Cannon Shot! 게임,https://www.youtube.com/watch?v=v54EHs2nlFM,없음,2주 전
Cannon Shot! 게임,https://www.youtube.com/watch?v=BWCYwGG61Pk,988회,2주 전
Cannon Shot! 게임,https://www.youtube.com/watch?v=Nt2a-TTXknM,8회,2주 전
Cannon Shot! 게임,https://www.youtube.com/watch?v=dWjqLQO67D8,2회,2주 전
Cannon Shot! 게임,https://www.youtube.com/watch?v=ON3EjlJDvZg,없음,2주 전
Cannon Shot! 게임,https://www.youtube.com/watch?v=6V7IMH70Zmc,25회,2주 전
Cannon Shot! 게임,https://www.youtube.com/watch?v=KYAQeVfsEZo,298회,2주 전
Cannon Shot! 게임,https://www.youtube.com/watch?v=hfDP3EhW--A,2회,2주 전
Cannon Shot! 게임,https://www.youtube.com/watch?v=47QxOEoUu8o,1회,2주 전
Cannon Shot! 게임,https://www.youtube.com/watch?v=Lw4u6BX28GI,286회,2주 전
Cannon Shot! 게임,https://www.youtube.com/watch?v=3LyvoJEQFSc,56회,2주 전
Cannon Shot! 게임,https://www.youtube.com/watch?v=K9yEyYuS4fg,없음,2주 전
Cannon Shot! 게임,https://www.youtube.com/watch?v=HMA-x5htJG4,1.8천회,2주 전
Cannon Shot! 게임,https://www.youtube.com/watch?v=aY1yGXMNaoU,없음,2주 전
Cannon Shot! 게임,https://www.youtube.com/watch?v=OqLyT3-QfSY,2회,2주 전
Cannon Shot! 게임,https://www.youtube.com/watch?v=LWU3sCsjtXc,229회,2주 전
Cannon Shot! 게임,https://www.youtube.com/watch?v=U0I3KseG_Gw,없음,2주 전
Cannon Shot! 게임,https://www.youtube.com/watch?v=oiUoM1kGMfE,1회,2주 전
Cannon Shot! 게임,https://www.youtube.com/watch?v=JVsGMPszrDs,10회,3주 전
Cannon Shot! 게임,https://www.youtube.com/watch?v=Ej_Gkh3UV3s,17회,3주 전
Cannon Shot! 게임,https://www.youtube.com/watch?v=XiMGHl20fOA,없음,3주 전
Cannon Shot! 게임,https://www.youtube.com/watch?v=Jt8RAiAKxsE,3회,3주 전
Cannon Shot! 게임,https://www.youtube.com/watch?v=DaOKhV-Y9s0,6회,3주 전
Cannon Shot! 게임,https://www.youtube.com/watch?v=vhimXHhJ5Wo,18회,3주 전
Cannon Shot! 게임,https://www.youtube.com/watch?v=RgMKVB149MY,75회,3주 전
Cannon Shot! 게임,https://www.youtube.com/watch?v=ZV9hZFDI_oA,1회,3주 전
Cannon Shot! 게임,https://www.youtube.com/watch?v=HZ7pH2nxQsI,465회,3주 전
Cannon Shot! 게임,https://www.youtube.com/watch?v=5FYcUcnpsGI,없음,3주 전
Cannon Shot! 게임,https://www.youtube.com/watch?v=Q3nsuYV6OGA,없음,3주 전
Cannon Shot! 게임,https://www.youtube.com/watch?v=jETxQTlwdDQ,3회,3주 전
Cannon Shot! 게임,https://www.youtube.com/watch?v=tkZ3xQyebpQ,14회,3주 전
Cannon Shot! 게임,https://www.youtube.com/watch?v=SC5zstbxvXo,1회,3주 전
Cannon Shot! 게임,https://www.youtube.com/watch?v=YM8XkIFjrFI,651회,3주 전
Cannon Shot! 게임,https://www.youtube.com/watch?v=shWWN5QgY3Q,5회,3주 전
Cannon Shot! 게임,https://www.youtube.com/watch?v=6kAuKXoFpZs,8회,3주 전
Cannon Shot! 게임,https://www.youtube.com/watch?v=Fq30x1XNG_w,13회,3주 전
Cannon Shot! 게임,https://www.youtube.com/watch?v=7NzNVRydAjk,9회,3주 전
Cannon Shot! 게임,https://www.youtube.com/watch?v=RbFlS6jBts4,35회,3주 전
Cannon Shot! 게임,https://www.youtube.com/watch?v=i_dFXp8EqZY,27회,3주 전
Cannon Shot! 게임,https://www.youtube.com/watch?v=hMbeRkPWAzk,1.1천회,3주 전
Cannon Shot! 게임,https://www.youtube.com/watch?v=1GX1G3iY1Z8,12회,3주 전
Cannon Shot! 게임,https://www.youtube.com/watch?v=S36N-vRKDh8,41회,3주 전
Cannon Shot! 게임,https://www.youtube.com/watch?v=pZ1OVyZ6iQo,6회,3주 전
Cannon Shot! 게임,https://www.youtube.com/watch?v=w1lc7Vi_6YU,없음,3주 전
Cannon Shot! 게임,https://www.youtube.com/watch?v=kPkLffP1qEE,6회,3주 전
Cannon Shot! 게임,https://www.youtube.com/watch?v=luwni_mXaVY,없음,3주 전
Cannon Shot! 게임,https://www.youtube.com/watch?v=rXC-U4KUnaI,668회,3주 전
Cannon Shot! 게임,https://www.youtube.com/watch?v=zNUdMLnp8n8,3회,3주 전
Cannon Shot! 게임,https://www.youtube.com/watch?v=boYoaVgWyio,264회,3주 전
Cannon Shot! 게임,https://www.youtube.com/watch?v=LmIXDe9dt1w,71회,3주 전
Cannon Shot! 게임,https://www.youtube.com/watch?v=YiYCmiVvA0w,24회,3주 전
Cannon Shot! 게임,https://www.youtube.com/watch?v=FhsMlXQETuU,없음,3주 전
Cannon Shot! 게임,https://www.youtube.com/watch?v=c97VG0I94wE,없음,3주 전
Cannon Shot! 게임,https://www.youtube.com/watch?v=cJPKS2e_rmE,2회,3주 전
Cannon Shot! 게임,https://www.youtube.com/watch?v=YF8u3b66r9M,11회,3주 전
Cannon Shot! 게임,https://www.youtube.com/watch?v=stPhcXejSE8,82회,3주 전
Cannon Shot! 게임,https://www.youtube.com/watch?v=vXpUci1LTSs,1회,스트리밍 시간: 3주 전
Cannon Shot! 게임,https://www.youtube.com/watch?v=UISDrC9_bDk,114회,3주 전
Cannon Shot! 게임,https://www.youtube.com/watch?v=I17_TnJL8-k,3회,3주 전
Cannon Shot! 게임,https://www.youtube.com/watch?v=hwayKcWX-2M,44회,3주 전
Cannon Shot! 게임,https://www.youtube.com/watch?v=6g9kQxNusc8,3회,3주 전
Cannon Shot! 게임,https://www.youtube.com/watch?v=fYwxOEky3fk,3회,3주 전
Cannon Shot! 게임,https://www.youtube.com/watch?v=MU7PKBiLAnw,91회,3주 전
Cannon Shot! 게임,https://www.youtube.com/watch?v=TCM0Yi1HYXk,41회,3주 전
Cannon Shot! 게임,https://www.youtube.com/watch?v=EqOnCLLqbJE,35회,3주 전
Cannon Shot! 게임,https://www.youtube.com/watch?v=J4Q61Ua-kb0,69회,3주 전
Cannon Shot! 게임,https://www.youtube.com/watch?v=gU2CajH-x80,8회,3주 전
Cannon Shot! 게임,https://www.youtube.com/watch?v=CUAZeCi4ZHU,141회,3주 전
Cannon Shot! 게임,https://www.youtube.com/watch?v=jmbL-7y2jFU,34회,3주 전
Cannon Shot! 게임,https://www.youtube.com/watch?v=r1OmHgMYgA4,없음,3주 전
Cannon Shot! 게임,https://www.youtube.com/watch?v=CR6l0MdfLpk,7회,3주 전
Cannon Shot! 게임,https://www.youtube.com/watch?v=vEzPZXOKJGc,없음,3주 전
Cannon Shot! 게임,https://www.youtube.com/watch?v=QjSNORGiY7Y,190회,3주 전
Cannon Shot! 게임,https://www.youtube.com/watch?v=DalnQOPQKNk,21회,3주 전
Cannon Shot! 게임,https://www.youtube.com/watch?v=EtQ0chys3ek,315회,3주 전
Cannon Shot! 게임,https://www.youtube.com/watch?v=d4L-Dq5L-EM,120회,3주 전
Cannon Shot! 게임,https://www.youtube.com/watch?v=5jNyO-xHMy0,7회,3주 전
Cannon Shot! 게임,https://www.youtube.com/watch?v=1A_xV-oYK7w,10회,3주 전
Cannon Shot! 게임,https://www.youtube.com/watch?v=tpgbZR5SLi4,33회,3주 전
Cannon Shot! 게임,https://www.youtube.com/watch?v=FnlbdkfZP3s,18회,3주 전
Cannon Shot! 게임,https://www.youtube.com/watch?v=GwWWv6mrnY4,14회,3주 전
Cannon Shot! 게임,https://www.youtube.com/watch?v=wxJHJ0EC7kM,없음,3주 전
Cannon Shot! 게임,https://www.youtube.com/watch?v=WJgQdIALOuk,40회,3주 전
Cannon Shot! 게임,https://www.youtube.com/watch?v=bJMckIh9eAw,없음,3주 전
Cannon Shot! 게임,https://www.youtube.com/watch?v=jVdFtQFZNuo,2회,3주 전
Cannon Shot! 게임,https://www.youtube.com/watch?v=5zPelCLQ6ZA,없음,3주 전
Cannon Shot! 게임,https://www.youtube.com/watch?v=bKPEbmk3oqs,13회,3주 전
Cannon Shot! 게임,https://www.youtube.com/watch?v=U5Ros3ZlP9U,없음,3주 전
Cannon Shot! 게임,https://www.youtube.com/watch?v=LbdmKVhesNY,1회,3주 전
Cannon Shot! 게임,https://www.youtube.com/watch?v=wsfMIU6lJlI,없음,3주 전
Cannon Shot! 게임,https://www.youtube.com/watch?v=g9If8Ei1Vsw,1회,3주 전
Cannon Shot! 게임,https://www.youtube.com/watch?v=cic1WissOEk,86회,3주 전
Cannon Shot! 게임,https://www.youtube.com/watch?v=06YKWHsyxWo,10회,3주 전
Cannon Shot! 게임,https://www.youtube.com/watch?v=-1kGYGC-UjQ,21회,3주 전
Cannon Shot! 게임,https://www.youtube.com/watch?v=DNJP31eFgOw,22회,3주 전
Cannon Shot! 게임,https://www.youtube.com/watch?v=tAWqzGj2oKU,4회,3주 전
Cannon Shot! 게임,https://www.youtube.com/watch?v=y5YEaaAtR-0,13회,3주 전
Cannon Shot! 게임,https://www.youtube.com/watch?v=wm8ndaiClQE,28회,3주 전
Cannon Shot! 게임,https://www.youtube.com/watch?v=4GDlGreKQjU,3회,3주 전
Cannon Shot! 게임,https://www.youtube.com/watch?v=zAOVloEnpFo,없음,3주 전
Cannon Shot! 게임,https://www.youtube.com/watch?v=iAhhgCjnmIs,없음,3주 전
Cannon Shot! 게임,https://www.youtube.com/watch?v=maKbQC7GWiQ,없음,3주 전
Cannon Shot! 게임,https://www.youtube.com/watch?v=rEqn0dubh2Q,2회,3주 전
Cannon Shot! 게임,https://www.youtube.com/watch?v=-VC6hRtHIaM,22회,3주 전
Cannon Shot! 게임,https://www.youtube.com/watch?v=-WQOCj6Mvgc,3회,3주 전
Cannon Shot! 게임,https://www.youtube.com/watch?v=dVg1dTbu9i0,없음,3주 전
Cannon Shot! 게임,https://www.youtube.com/watch?v=RHIozM2nzz4,394회,3주 전
Cannon Shot! 게임,https://www.youtube.com/watch?v=gxqyZYqbaUk,없음,3주 전
Cannon Shot! 게임,https://www.youtube.com/watch?v=ZZF5DM9p7W4,17회,3주 전
Cannon Shot! 게임,https://www.youtube.com/watch?v=QBn-DUGQePg,7회,3주 전
Cannon Shot! 게임,https://www.youtube.com/watch?v=cY70zkrkK0U,없음,3주 전
Cannon Shot! 게임,https://www.youtube.com/watch?v=aO7thCE68hw,2회,3주 전
Cannon Shot! 게임,https://www.youtube.com/watch?v=M9fwIz3EXl4,없음,3주 전
Cannon Shot! 게임,https://www.youtube.com/watch?v=yj3iP-kEEKc,13회,3주 전
Cannon Shot! 게임,https://www.youtube.com/watch?v=lP1p4c4QgWM,없음,3주 전
Cannon Shot! 게임,https://www.youtube.com/watch?v=cC7JCgtZojA,없음,3주 전
Cannon Shot! 게임,https://www.youtube.com/watch?v=piw9ReyE5Fg,없음,3주 전
Cannon Shot! 게임,https://www.youtube.com/watch?v=RO8DHqfCBTQ,156회,3주 전
Cannon Shot! 게임,https://www.youtube.com/watch?v=cjzn-zw0iyo,2회,3주 전
Cannon Shot! 게임,https://www.youtube.com/watch?v=NJokG6AO_1I,13회,3주 전
Cannon Shot! 게임,https://www.youtube.com/watch?v=PP7pm1nCjjk,없음,3주 전
Cannon Shot! 게임,https://www.youtube.com/watch?v=FJXrYI3v12c,5회,3주 전
Cannon Shot! 게임,https://www.youtube.com/watch?v=Dz9YuBCUH1M,1회,3주 전
Cannon Shot! 게임,https://www.youtube.com/watch?v=-gqqFZT9j-U,16회,3주 전
Cannon Shot! 게임,https://www.youtube.com/watch?v=RGTuYSjK464,480회,3주 전
Cannon Shot! 게임,https://www.youtube.com/watch?v=8fpO6AGfvCg,1회,3주 전
Cannon Shot! 게임,https://www.youtube.com/watch?v=qJzx3oOlM54,없음,3주 전
Cannon Shot! 게임,https://www.youtube.com/watch?v=z3MmYxTZt9Y,41회,3주 전
Cannon Shot! 게임,https://www.youtube.com/watch?v=EgtSj4_tFIU,4회,3주 전
Cannon Shot! 게임,https://www.youtube.com/watch?v=dX9vYz9ayi8,3회,3주 전
Cannon Shot! 게임,https://www.youtube.com/watch?v=NF7tWIWJ2uE,609회,3주 전
Cannon Shot! 게임,https://www.youtube.com/watch?v=Xn2AzwCQ8wc,5회,3주 전
Cannon Shot! 게임,https://www.youtube.com/watch?v=YXtY1vOzjQE,94회,3주 전
Cannon Shot! 게임,https://www.youtube.com/watch?v=ti0kCUcwqfg,1회,3주 전
Cannon Shot! 게임,https://www.youtube.com/watch?v=0V6xmiP1EvQ,8회,3주 전
Cannon Shot! 게임,https://www.youtube.com/watch?v=bnqoaAG02sg,9회,3주 전
Cannon Shot! 게임,https://www.youtube.com/watch?v=D4qIPCJGQcc,405회,3주 전
Cannon Shot! 게임,https://www.youtube.com/watch?v=0PdyJQEUyVI,15회,3주 전
Cannon Shot! 게임,https://www.youtube.com/watch?v=6uzxaQOrgvw,1회,3주 전
Cannon Shot! 게임,https://www.youtube.com/watch?v=O1_RN8fhbJw,없음,3주 전
Cannon Shot! 게임,https://www.youtube.com/watch?v=WBJM8ce6wew,2회,3주 전
Cannon Shot! 게임,https://www.youtube.com/watch?v=cyVoJHYxZxc,없음,3주 전
Cannon Shot! 게임,https://www.youtube.com/watch?v=RoZG8QfApGE,7회,3주 전
Cannon Shot! 게임,https://www.youtube.com/watch?v=moeaSPPinJw,96회,3주 전
Cannon Shot! 게임,https://www.youtube.com/watch?v=dkx7FAqcbcI,3회,3주 전
Cannon Shot! 게임,https://www.youtube.com/watch?v=86jJy4ApTBk,40회,3주 전
Cannon Shot! 게임,https://www.youtube.com/watch?v=iuySU753ch4,625회,3주 전
Cannon Shot! 게임,https://www.youtube.com/watch?v=DK2gJWUxqYo,없음,3주 전
Cannon Shot! 게임,https://www.youtube.com/watch?v=62nn05zl518,27회,3주 전
Cannon Shot! 게임,https://www.youtube.com/watch?v=FNdRafrzOg4,없음,3주 전
Cannon Shot! 게임,https://www.youtube.com/watch?v=678eLRpFn_4,35회,3주 전
Cannon Shot! 게임,https://www.youtube.com/watch?v=eY3JX0VBkZo,없음,3주 전
Cannon Shot! 게임,https://www.youtube.com/watch?v=kruvTzee1-I,1회,3주 전
Cannon Shot! 게임,https://www.youtube.com/watch?v=UaldG3xXBAg,10회,3주 전
Cannon Shot! 게임,https://www.youtube.com/watch?v=d1oChXbxGw8,24회,3주 전
Cannon Shot! 게임,https://www.youtube.com/watch?v=J_CSep0Tlqk,없음,3주 전
Cannon Shot! 게임,https://www.youtube.com/watch?v=FOlEB3XTtvE,374회,3주 전
Cannon Shot! 게임,https://www.youtube.com/watch?v=QEmWwINOjTo,없음,3주 전
Cannon Shot! 게임,https://www.youtube.com/watch?v=myFWCrfOYJw,없음,3주 전
Cannon Shot! 게임,https://www.youtube.com/watch?v=iMQ5nSSkXrU,7회,3주 전
Cannon Shot! 게임,https://www.youtube.com/watch?v=zrWtBBxNgkI,72회,3주 전
Cannon Shot! 게임,https://www.youtube.com/watch?v=l5MWfaoaF_4,5회,3주 전
Cannon Shot! 게임,https://www.youtube.com/watch?v=i3R-R18ofOQ,4회,3주 전
Cannon Shot! 게임,https://www.youtube.com/watch?v=3LUCweh20QU,4회,3주 전
Cannon Shot! 게임,https://www.youtube.com/watch?v=L5f7o4TlxzQ,1회,3주 전
Cannon Shot! 게임,https://www.youtube.com/watch?v=t2ZOTaIRe_8,1.1천회,3주 전
Cannon Shot! 게임,https://www.youtube.com/watch?v=epTEgH2PE1k,178회,3주 전
Cannon Shot! 게임,https://www.youtube.com/watch?v=e_l1OxzqfSw,3회,3주 전
Cannon Shot! 게임,https://www.youtube.com/watch?v=hilgEUgbHS0,없음,3주 전
Cannon Shot! 게임,https://www.youtube.com/watch?v=yQzfRk2TVj0,346회,3주 전
Cannon Shot! 게임,https://www.youtube.com/watch?v=SNPeNnht0Uk,484회,3주 전
Cannon Shot! 게임,https://www.youtube.com/watch?v=3KbXXbLXhCQ,24회,3주 전
Cannon Shot! 게임,https://www.youtube.com/watch?v=iTFQqeQPzlw,44회,3주 전
Cannon Shot! 게임,https://www.youtube.com/watch?v=rf6ig4P1pMs,34회,3주 전
Cannon Shot! 게임,https://www.youtube.com/watch?v=n_MTX6cjw4Q,120회,3주 전
Cannon Shot! 게임,https://www.youtube.com/watch?v=_uNi4Kj9fG0,14회,3주 전
Cannon Shot! 게임,https://www.youtube.com/watch?v=9mI3rnZoNPw,24회,3주 전
Cannon Shot! 게임,https://www.youtube.com/watch?v=l9uSrqItwDA,14회,3주 전
Cannon Shot! 게임,https://www.youtube.com/watch?v=3zWz29yM8c0,17회,3주 전
Cannon Shot! 게임,https://www.youtube.com/watch?v=IhaM7qWgNdM,8회,3주 전
Cannon Shot! 게임,https://www.youtube.com/watch?v=qajb1OfkHlY,9회,3주 전
Cannon Shot! 게임,https://www.youtube.com/watch?v=HKjNu-JOhFU,11회,3주 전
Cannon Shot! 게임,https://www.youtube.com/watch?v=HWDFKKfDLzU,10회,3주 전
Cannon Shot! 게임,https://www.youtube.com/watch?v=O-wNYWJq018,12회,3주 전
Cannon Shot! 게임,https://www.youtube.com/watch?v=I45oKImb7yQ,16회,3주 전
Cannon Shot! 게임,https://www.youtube.com/watch?v=w3ynqZ1OOpk,22회,3주 전
Cannon Shot! 게임,https://www.youtube.com/watch?v=OvEqJHHzSIM,16회,3주 전
Cannon Shot! 게임,https://www.youtube.com/watch?v=jnQmUg1VwUI,9회,3주 전
Cannon Shot! 게임,https://www.youtube.com/watch?v=ybGJk9ddjvo,114회,3주 전
Cannon Shot! 게임,https://www.youtube.com/watch?v=xZ96q3BMcnI,89회,3주 전
Cannon Shot! 게임,https://www.youtube.com/watch?v=qPI-MtpCFLc,19회,3주 전
Cannon Shot! 게임,https://www.youtube.com/watch?v=h5sau8hiPXU,65회,3주 전
Cannon Shot! 게임,https://www.youtube.com/watch?v=4rsrKY3jxaE,37회,3주 전
Cannon Shot! 게임,https://www.youtube.com/watch?v=YZ5WKmC2RQY,74회,3주 전
Cannon Shot! 게임,https://www.youtube.com/watch?v=kRAkhQdJxjo,46회,3주 전
Cannon Shot! 게임,https://www.youtube.com/watch?v=rXN_GowH330,38회,3주 전
Cannon Shot! 게임,https://www.youtube.com/watch?v=k7x57NRrHuQ,36회,3주 전
Cannon Shot! 게임,https://www.youtube.com/watch?v=Gy_PztJ4F2c,45회,3주 전
Cannon Shot! 게임,https://www.youtube.com/watch?v=lk3oPAafDdU,없음,3주 전
Cannon Shot! 게임,https://www.youtube.com/watch?v=q7fMoFrrC20,없음,3주 전
Cannon Shot! 게임,https://www.youtube.com/watch?v=on6xcsoGutM,없음,3주 전
Cannon Shot! 게임,https://www.youtube.com/watch?v=uGKEvUx0s_Q,5회,3주 전
Cannon Shot! 게임,https://www.youtube.com/watch?v=cdGxMJ3kq68,없음,3주 전
Cannon Shot! 게임,https://www.youtube.com/watch?v=BCgTqGpEdeo,31회,3주 전
Cannon Shot! 게임,https://www.youtube.com/watch?v=EcYKgD1cldI,8회,3주 전
Cannon Shot! 게임,https://www.youtube.com/watch?v=A9a0lq95Ros,없음,3주 전
Cannon Shot! 게임,https://www.youtube.com/watch?v=egYcgeeBGG8,3.4천회,3주 전
Cannon Shot! 게임,https://www.youtube.com/watch?v=ENH-CsmPHyU,2.8천회,4주 전
Cannon Shot! 게임,https://www.youtube.com/watch?v=67zWqeYL76A,320회,4주 전
Cannon Shot! 게임,https://www.youtube.com/watch?v=7ZPGcCOmoOI,6회,4주 전
Cannon Shot! 게임,https://www.youtube.com/watch?v=wmFqPxVf7ZM,35회,4주 전
Cannon Shot! 게임,https://www.youtube.com/watch?v=VI4WTviUkDQ,376회,4주 전
Cannon Shot! 게임,https://www.youtube.com/watch?v=rP74sGlW4TM,23회,4주 전
Cannon Shot! 게임,https://www.youtube.com/watch?v=4Fsfzhe5Q4g,378회,4주 전
Cannon Shot! 게임,https://www.youtube.com/watch?v=GkACOUsscL4,6회,4주 전
Cannon Shot! 게임,https://www.youtube.com/watch?v=F1N5Z7_8AdE,8회,스트리밍 시간: 4주 전
Cannon Shot! 게임,https://www.youtube.com/watch?v=2dA96OODXvQ,5.6천회,4주 전
Cannon Shot! 게임,https://www.youtube.com/watch?v=5VA6JA6Qx-0,117회,4주 전
Cannon Shot! 게임,https://www.youtube.com/watch?v=L6Lp4iwWAEc,5회,4주 전
Cannon Shot! 게임,https://www.youtube.com/watch?v=N_Lan4gtodI,1회,4주 전
Cannon Shot! 게임,https://www.youtube.com/watch?v=mz-c2H8Z4Vs,11회,4주 전
Cannon Shot! 게임,https://www.youtube.com/watch?v=OHpyUyfBwb4,2회,4주 전
Cannon Shot! 게임,https://www.youtube.com/watch?v=9tSNmo4uCls,11회,4주 전
Cannon Shot! 게임,https://www.youtube.com/watch?v=_wowkbNiV28,7회,1개월 전
Cannon Shot! 게임,https://www.youtube.com/watch?v=2MfBqxBbZlo,639회,1개월 전
Cannon Shot! 게임,https://www.youtube.com/watch?v=beuVur5TuWQ,37회,1개월 전
Cannon Shot! 게임,https://www.youtube.com/watch?v=tN48IngNwBI,없음,1개월 전
Cannon Shot! 게임,https://www.youtube.com/watch?v=hiitrg5KONs,2.6천회,1개월 전
Cannon Shot! 게임,https://www.youtube.com/watch?v=8s6DppKd8b0,445회,1개월 전
Cannon Shot! 게임,https://www.youtube.com/watch?v=cJGLQVjoKeQ,1.9천회,1개월 전
Cannon Shot! 게임,https://www.youtube.com/watch?v=Rf4EzDJDIKU,35회,1개월 전
Cannon Shot! 게임,https://www.youtube.com/watch?v=mUT64lZR6mQ,2.9만회,1개월 전
Cannon Shot! 게임,https://www.youtube.com/watch?v=0nFbKVsGJKs,16회,1개월 전
Cannon Shot! 게임,https://www.youtube.com/watch?v=SXsO3nqAnNA,6회,1개월 전
Cannon Shot! 게임,https://www.youtube.com/watch?v=jOu6OV_fQj4,5회,2개월 전
Cannon Shot! 게임,https://www.youtube.com/watch?v=LwKwyYQKk0k,2.2만회,2개월 전
Cannon Shot! 게임,https://www.youtube.com/watch?v=5YOhLqKOw5Q,3회,스트리밍 시간: 2개월 전
Cannon Shot! 게임,https://www.youtube.com/watch?v=P-_qI0arCok,23회,2개월 전
Cannon Shot! 게임,https://www.youtube.com/watch?v=DZPuAvwMOE4,41회,3개월 전
Cannon Shot! 게임,https://www.youtube.com/watch?v=ccphucuFLng,545회,3개월 전
Cannon Shot! 게임,https://www.youtube.com/watch?v=s5wBjue07ik,22회,3개월 전
Cannon Shot! 게임,https://www.youtube.com/watch?v=qt4iWJ6zTWc,24회,3개월 전
Cannon Shot! 게임,https://www.youtube.com/watch?v=3TqW6zZK64s,23만회,3개월 전
Cannon Shot! 게임,https://www.youtube.com/watch?v=Hl2In_SMGdU,6회,3개월 전
Cannon Shot! 게임,https://www.youtube.com/watch?v=N8STgFKU1rE,8회,3개월 전
Cannon Shot! 게임,https://www.youtube.com/watch?v=XvzqIlxN8g4,없음,3개월 전
Cannon Shot! 게임,https://www.youtube.com/watch?v=lhzxEb-Xm5o,28만회,3개월 전
Cannon Shot! 게임,https://www.youtube.com/watch?v=zeD3tvdwSPQ,없음,3개월 전
Cannon Shot! 게임,https://www.youtube.com/watch?v=AM9yseWzyxM,9회,3개월 전
Cannon Shot! 게임,https://www.youtube.com/watch?v=3hb0BruoP2M,13회,3개월 전
Cannon Shot! 게임,https://www.youtube.com/watch?v=mNAP2Ogi5Cs,46회,3개월 전
Cannon Shot! 게임,https://www.youtube.com/watch?v=OPsI3O6TrFw,13회,3개월 전
Cannon Shot! 게임,https://www.youtube.com/watch?v=Lp7NPS6G7Lo,43회,4개월 전
Cannon Shot! 게임,https://www.youtube.com/watch?v=97y-gnyLMcQ,27회,4개월 전
Cannon Shot! 게임,https://www.youtube.com/watch?v=DMe3jJvoSng,2회,4개월 전
Cannon Shot! 게임,https://www.youtube.com/watch?v=YvSQwqbocHg,9회,4개월 전
Cannon Shot! 게임,https://www.youtube.com/watch?v=zAXbXrER0yo,7회,4개월 전
Cannon Shot! 게임,https://www.youtube.com/watch?v=s37pmUj_K60,25회,4개월 전
Cannon Shot! 게임,https://www.youtube.com/watch?v=j0TPOkFBdFY,6회,4개월 전
Cannon Shot! 게임,https://www.youtube.com/watch?v=5Z06NzUwaVc,2회,스트리밍 시간: 4개월 전
Cannon Shot! 게임,https://www.youtube.com/watch?v=Vtv2i4SLM_U,17회,4개월 전
Cannon Shot! 게임,https://www.youtube.com/watch?v=wVac2duOFL0,4회,4개월 전
Cannon Shot! 게임,https://www.youtube.com/watch?v=wqgIkTZNfEc,3회,5개월 전
Cannon Shot! 게임,https://www.youtube.com/watch?v=ck7VmbOKB1M,6회,5개월 전
Cannon Shot! 게임,https://www.youtube.com/watch?v=8K1u0osjUvs,14회,5개월 전
Cannon Shot! 게임,https://www.youtube.com/watch?v=MJlI5Am4YoQ,4회,5개월 전
Cannon Shot! 게임,https://www.youtube.com/watch?v=VfyvBPJHg3o,12회,5개월 전
Cannon Shot! 게임,https://www.youtube.com/watch?v=d8NH_9ojXFU,18회,5개월 전
Cannon Shot! 게임,https://www.youtube.com/watch?v=m53OEo-LOss,11회,5개월 전
Cannon Shot! 게임,https://www.youtube.com/watch?v=X2HLbX5CKBk,32회,5개월 전
Cannon Shot! 게임,https://www.youtube.com/watch?v=JtOvdmKPeGU,41회,6개월 전
Cannon Shot! 게임,https://www.youtube.com/watch?v=-tU3ketYhkk,2회,6개월 전
Cannon Shot! 게임,https://www.youtube.com/watch?v=LaowPqhkrgw,25회,6개월 전
Cannon Shot! 게임,https://www.youtube.com/watch?v=oMM7acratxE,9회,6개월 전
Cannon Shot! 게임,https://www.youtube.com/watch?v=sovGwYAwSDg,18회,6개월 전
Cannon Shot! 게임,https://www.youtube.com/watch?v=8Eb4tlWvhGI,36회,6개월 전
Cannon Shot! 게임,https://www.youtube.com/watch?v=pdfQXrd5pNk,30회,6개월 전
Cannon Shot! 게임,https://www.youtube.com/watch?v=Ir0U4R9lcwo,9회,6개월 전
Cannon Shot! 게임,https://www.youtube.com/watch?v=i3u-mijTmUU,57회,6개월 전
Cannon Shot! 게임,https://www.youtube.com/watch?v=XCe4Bn07KgA,1.4천회,6개월 전
Cannon Shot! 게임,https://www.youtube.com/watch?v=chwcw3R0qaQ,6회,6개월 전
Cannon Shot! 게임,https://www.youtube.com/watch?v=NVnRIzHBUKA,682회,7개월 전
Cannon Shot! 게임,https://www.youtube.com/watch?v=0UStb8nOQaA,156회,7개월 전
Cannon Shot! 게임,https://www.youtube.com/watch?v=VvsZ4HjCD3I,49회,8개월 전
Cannon Shot! 게임,https://www.youtube.com/watch?v=9DH3Uuctaf4,1만회,9개월 전
Cannon Shot! 게임,https://www.youtube.com/watch?v=01gCTySgpWw,1만회,10개월 전
Cannon Shot! 게임,https://www.youtube.com/watch?v=XnZCGN21E_o,273회,10개월 전
