﻿search,youtube_url,viewer,upload
꿈의 집 (Homescapes) 게임,https://www.youtube.com/watch?v=Xg33Kv66c5w,없음,2일 전
꿈의 집 (Homescapes) 게임,https://www.youtube.com/watch?v=BxPvV6xOYII,1회,1주 전
꿈의 집 (Homescapes) 게임,https://www.youtube.com/watch?v=AmbHs2rguFs,1회,1주 전
꿈의 집 (Homescapes) 게임,https://www.youtube.com/watch?v=CyFlAdAvt0k,2회,1주 전
꿈의 집 (Homescapes) 게임,https://www.youtube.com/watch?v=jpHv95bCmi8,없음,1주 전
꿈의 집 (Homescapes) 게임,https://www.youtube.com/watch?v=tSO-yVzhUl0,1회,1주 전
꿈의 집 (Homescapes) 게임,https://www.youtube.com/watch?v=UOOIxmqoHZQ,1회,1주 전
꿈의 집 (Homescapes) 게임,https://www.youtube.com/watch?v=BkcbknmyT4c,없음,1주 전
꿈의 집 (Homescapes) 게임,https://www.youtube.com/watch?v=tHuT4pbzBJo,1회,1주 전
꿈의 집 (Homescapes) 게임,https://www.youtube.com/watch?v=if17ZVOzLkM,2회,1주 전
꿈의 집 (Homescapes) 게임,https://www.youtube.com/watch?v=CobSfjbBfRY,48회,1주 전
꿈의 집 (Homescapes) 게임,https://www.youtube.com/watch?v=S3GTzH4MECk,1회,1주 전
꿈의 집 (Homescapes) 게임,https://www.youtube.com/watch?v=90B1-0HVC0Y,6회,1주 전
꿈의 집 (Homescapes) 게임,https://www.youtube.com/watch?v=hYCTGVVHZ4I,1회,1주 전
꿈의 집 (Homescapes) 게임,https://www.youtube.com/watch?v=FhH4zsKXh0I,없음,1주 전
꿈의 집 (Homescapes) 게임,https://www.youtube.com/watch?v=fnrj8gkhH84,1회,1주 전
꿈의 집 (Homescapes) 게임,https://www.youtube.com/watch?v=meGC9DJBVG0,1회,2주 전
꿈의 집 (Homescapes) 게임,https://www.youtube.com/watch?v=V0i9Ms6uAEM,1회,2주 전
꿈의 집 (Homescapes) 게임,https://www.youtube.com/watch?v=AoZx2TBaOVg,4회,2주 전
꿈의 집 (Homescapes) 게임,https://www.youtube.com/watch?v=tZZeuoAo714,2회,2주 전
꿈의 집 (Homescapes) 게임,https://www.youtube.com/watch?v=SMBIvZxuLME,3회,2주 전
꿈의 집 (Homescapes) 게임,https://www.youtube.com/watch?v=L4ch3eoMf7Q,2회,2주 전
꿈의 집 (Homescapes) 게임,https://www.youtube.com/watch?v=j7xX-BGiv8o,없음,2주 전
꿈의 집 (Homescapes) 게임,https://www.youtube.com/watch?v=vqUNyXKisFU,2회,2주 전
꿈의 집 (Homescapes) 게임,https://www.youtube.com/watch?v=D_qdLMS_yCk,없음,2주 전
꿈의 집 (Homescapes) 게임,https://www.youtube.com/watch?v=hZDu9Zp-1X8,없음,2주 전
꿈의 집 (Homescapes) 게임,https://www.youtube.com/watch?v=WeNU6t0PBUY,1회,2주 전
꿈의 집 (Homescapes) 게임,https://www.youtube.com/watch?v=yEkLSoUyBtU,없음,3주 전
꿈의 집 (Homescapes) 게임,https://www.youtube.com/watch?v=xqCMLky2_aQ,5회,3주 전
꿈의 집 (Homescapes) 게임,https://www.youtube.com/watch?v=nz98Oz_PpY0,없음,3주 전
꿈의 집 (Homescapes) 게임,https://www.youtube.com/watch?v=DRlryo93OVQ,없음,3주 전
꿈의 집 (Homescapes) 게임,https://www.youtube.com/watch?v=4GG_7x2BkQ4,없음,3주 전
꿈의 집 (Homescapes) 게임,https://www.youtube.com/watch?v=Jay2s7KQfhY,1회,3주 전
꿈의 집 (Homescapes) 게임,https://www.youtube.com/watch?v=akmSimxRbhg,1회,3주 전
꿈의 집 (Homescapes) 게임,https://www.youtube.com/watch?v=03e6wjZCgMM,2회,3주 전
꿈의 집 (Homescapes) 게임,https://www.youtube.com/watch?v=GiU0IAOciZo,없음,3주 전
꿈의 집 (Homescapes) 게임,https://www.youtube.com/watch?v=XmiFU7Mtj2o,없음,3주 전
꿈의 집 (Homescapes) 게임,https://www.youtube.com/watch?v=-JdZc_JC6eM,없음,3주 전
꿈의 집 (Homescapes) 게임,https://www.youtube.com/watch?v=NL93D2lrtX8,9회,3주 전
꿈의 집 (Homescapes) 게임,https://www.youtube.com/watch?v=EklvSbcs6Qo,없음,3주 전
꿈의 집 (Homescapes) 게임,https://www.youtube.com/watch?v=CR1Q5dMegVo,3회,3주 전
꿈의 집 (Homescapes) 게임,https://www.youtube.com/watch?v=beWVuUKfg8E,없음,3주 전
꿈의 집 (Homescapes) 게임,https://www.youtube.com/watch?v=yH6jLu4Cuh8,52회,3주 전
꿈의 집 (Homescapes) 게임,https://www.youtube.com/watch?v=_AwnGI5dGEw,1회,3주 전
꿈의 집 (Homescapes) 게임,https://www.youtube.com/watch?v=IAw8TxeHaQ0,4회,3주 전
꿈의 집 (Homescapes) 게임,https://www.youtube.com/watch?v=tUM0wK5KZrw,없음,4주 전
꿈의 집 (Homescapes) 게임,https://www.youtube.com/watch?v=P6KKgBULRus,94회,4주 전
꿈의 집 (Homescapes) 게임,https://www.youtube.com/watch?v=uhutwe2y7yE,없음,4주 전
꿈의 집 (Homescapes) 게임,https://www.youtube.com/watch?v=b0k1B4fkGFw,없음,4주 전
꿈의 집 (Homescapes) 게임,https://www.youtube.com/watch?v=m2Gv_Y6GHLk,7회,4주 전
꿈의 집 (Homescapes) 게임,https://www.youtube.com/watch?v=oM1vrYStVWo,없음,4주 전
꿈의 집 (Homescapes) 게임,https://www.youtube.com/watch?v=wfz20Der-cw,없음,4주 전
꿈의 집 (Homescapes) 게임,https://www.youtube.com/watch?v=kGeRrPQSQWA,28회,1개월 전
꿈의 집 (Homescapes) 게임,https://www.youtube.com/watch?v=UqrGmyk-Yow,1회,1개월 전
꿈의 집 (Homescapes) 게임,https://www.youtube.com/watch?v=0K543Qy9IJ8,1회,1개월 전
꿈의 집 (Homescapes) 게임,https://www.youtube.com/watch?v=nEmib93aNSg,없음,1개월 전
꿈의 집 (Homescapes) 게임,https://www.youtube.com/watch?v=CYYR1a1DDb0,7회,1개월 전
꿈의 집 (Homescapes) 게임,https://www.youtube.com/watch?v=Eav7eS-bQv4,1회,1개월 전
꿈의 집 (Homescapes) 게임,https://www.youtube.com/watch?v=tRqmKr8eIsg,없음,1개월 전
꿈의 집 (Homescapes) 게임,https://www.youtube.com/watch?v=x4pwAvsXFA0,없음,1개월 전
꿈의 집 (Homescapes) 게임,https://www.youtube.com/watch?v=lQ8PAqokNVk,2회,1개월 전
꿈의 집 (Homescapes) 게임,https://www.youtube.com/watch?v=RshDe_8Vo-E,1회,1개월 전
꿈의 집 (Homescapes) 게임,https://www.youtube.com/watch?v=xgV7luqVcgQ,없음,1개월 전
꿈의 집 (Homescapes) 게임,https://www.youtube.com/watch?v=3EIpc1Dn-G8,없음,1개월 전
꿈의 집 (Homescapes) 게임,https://www.youtube.com/watch?v=gmUvMbsh0qE,없음,1개월 전
꿈의 집 (Homescapes) 게임,https://www.youtube.com/watch?v=bB5S8zRAVe0,1회,1개월 전
꿈의 집 (Homescapes) 게임,https://www.youtube.com/watch?v=rxMi1xMtCuQ,2회,1개월 전
꿈의 집 (Homescapes) 게임,https://www.youtube.com/watch?v=w-hD7YjYyhU,4회,1개월 전
꿈의 집 (Homescapes) 게임,https://www.youtube.com/watch?v=QYbRwK7nyGQ,없음,1개월 전
꿈의 집 (Homescapes) 게임,https://www.youtube.com/watch?v=_5zUPwFraIM,3회,1개월 전
꿈의 집 (Homescapes) 게임,https://www.youtube.com/watch?v=PAL6NNT2v28,없음,1개월 전
꿈의 집 (Homescapes) 게임,https://www.youtube.com/watch?v=8pThG03iQR4,없음,1개월 전
꿈의 집 (Homescapes) 게임,https://www.youtube.com/watch?v=SO71x4_wyYI,없음,1개월 전
꿈의 집 (Homescapes) 게임,https://www.youtube.com/watch?v=xqvv5xl0Kmo,없음,1개월 전
꿈의 집 (Homescapes) 게임,https://www.youtube.com/watch?v=kDIAolfsCQU,없음,1개월 전
꿈의 집 (Homescapes) 게임,https://www.youtube.com/watch?v=BXQrDl_V4f8,4회,1개월 전
꿈의 집 (Homescapes) 게임,https://www.youtube.com/watch?v=r-sXqblL0vE,8회,1개월 전
꿈의 집 (Homescapes) 게임,https://www.youtube.com/watch?v=EAGeHl-1Knk,5회,1개월 전
꿈의 집 (Homescapes) 게임,https://www.youtube.com/watch?v=dLyZa6wtolU,없음,1개월 전
꿈의 집 (Homescapes) 게임,https://www.youtube.com/watch?v=Y3RoQM9DufM,없음,1개월 전
꿈의 집 (Homescapes) 게임,https://www.youtube.com/watch?v=14z7sBbanAQ,1회,1개월 전
꿈의 집 (Homescapes) 게임,https://www.youtube.com/watch?v=yFATTUli6eQ,1회,1개월 전
꿈의 집 (Homescapes) 게임,https://www.youtube.com/watch?v=HySKuNXsT90,2회,1개월 전
꿈의 집 (Homescapes) 게임,https://www.youtube.com/watch?v=ocQh6PLHrKA,15회,1개월 전
꿈의 집 (Homescapes) 게임,https://www.youtube.com/watch?v=m5j-tXb--Js,8회,1개월 전
꿈의 집 (Homescapes) 게임,https://www.youtube.com/watch?v=oltS1v0IE8c,6회,1개월 전
꿈의 집 (Homescapes) 게임,https://www.youtube.com/watch?v=tcUQ7YkQ81U,3회,1개월 전
꿈의 집 (Homescapes) 게임,https://www.youtube.com/watch?v=kOyjxWVNdTI,10회,1개월 전
꿈의 집 (Homescapes) 게임,https://www.youtube.com/watch?v=eJocI0UlOtw,216회,1개월 전
꿈의 집 (Homescapes) 게임,https://www.youtube.com/watch?v=7aWzzZCuLsE,1회,1개월 전
꿈의 집 (Homescapes) 게임,https://www.youtube.com/watch?v=WIq2V-6VPLU,3회,1개월 전
꿈의 집 (Homescapes) 게임,https://www.youtube.com/watch?v=32VNepY06Wg,16회,1개월 전
꿈의 집 (Homescapes) 게임,https://www.youtube.com/watch?v=XqC2xA-oxAo,2회,1개월 전
꿈의 집 (Homescapes) 게임,https://www.youtube.com/watch?v=0p7rKBAj3Gc,10회,1개월 전
꿈의 집 (Homescapes) 게임,https://www.youtube.com/watch?v=9IU7HreRfpw,10회,1개월 전
꿈의 집 (Homescapes) 게임,https://www.youtube.com/watch?v=USZp2LDm3gU,없음,1개월 전
꿈의 집 (Homescapes) 게임,https://www.youtube.com/watch?v=wv7sq6I5Gnc,없음,1개월 전
꿈의 집 (Homescapes) 게임,https://www.youtube.com/watch?v=0t0_Zg4BOVo,1회,1개월 전
꿈의 집 (Homescapes) 게임,https://www.youtube.com/watch?v=bZ419r9mWgs,5회,1개월 전
꿈의 집 (Homescapes) 게임,https://www.youtube.com/watch?v=Rq-KQl2dE3A,9회,1개월 전
꿈의 집 (Homescapes) 게임,https://www.youtube.com/watch?v=eol7NRZHF7w,없음,1개월 전
꿈의 집 (Homescapes) 게임,https://www.youtube.com/watch?v=Nh_VklK8Dz8,1회,1개월 전
꿈의 집 (Homescapes) 게임,https://www.youtube.com/watch?v=NGxaj9a4Xto,없음,1개월 전
꿈의 집 (Homescapes) 게임,https://www.youtube.com/watch?v=HHL8E6D0RBc,없음,1개월 전
꿈의 집 (Homescapes) 게임,https://www.youtube.com/watch?v=4AD0f-sbj5k,없음,1개월 전
꿈의 집 (Homescapes) 게임,https://www.youtube.com/watch?v=Z9M66mO7Kac,없음,1개월 전
꿈의 집 (Homescapes) 게임,https://www.youtube.com/watch?v=ZHCKNsbpHTg,3회,1개월 전
꿈의 집 (Homescapes) 게임,https://www.youtube.com/watch?v=ACFe_TVngDU,없음,1개월 전
꿈의 집 (Homescapes) 게임,https://www.youtube.com/watch?v=lslgj1XZnwA,66회,1개월 전
꿈의 집 (Homescapes) 게임,https://www.youtube.com/watch?v=_vgYFovCDYU,49회,1개월 전
꿈의 집 (Homescapes) 게임,https://www.youtube.com/watch?v=R8pZD_A7TMo,1회,1개월 전
꿈의 집 (Homescapes) 게임,https://www.youtube.com/watch?v=Q5T25GaoRgQ,9회,1개월 전
꿈의 집 (Homescapes) 게임,https://www.youtube.com/watch?v=Z-SFR1rvfIo,12회,1개월 전
꿈의 집 (Homescapes) 게임,https://www.youtube.com/watch?v=UV7GmBDd7Gw,8회,1개월 전
꿈의 집 (Homescapes) 게임,https://www.youtube.com/watch?v=EHNlzKgjxkk,30회,1개월 전
꿈의 집 (Homescapes) 게임,https://www.youtube.com/watch?v=5aU1tSOiX4Y,2.7천회,2개월 전
꿈의 집 (Homescapes) 게임,https://www.youtube.com/watch?v=89gwIdqb1ks,376회,2개월 전
꿈의 집 (Homescapes) 게임,https://www.youtube.com/watch?v=XADCUWWKAB4,161회,3개월 전
꿈의 집 (Homescapes) 게임,https://www.youtube.com/watch?v=C5ss3Zt02cs,51회,3개월 전
꿈의 집 (Homescapes) 게임,https://www.youtube.com/watch?v=-ibEI9wr5SY,142회,3개월 전
꿈의 집 (Homescapes) 게임,https://www.youtube.com/watch?v=TXf3IahvBC0,22회,3개월 전
꿈의 집 (Homescapes) 게임,https://www.youtube.com/watch?v=-8AJi50lRaY,1.2천회,4개월 전
꿈의 집 (Homescapes) 게임,https://www.youtube.com/watch?v=7ClyPbM49qg,108회,4개월 전
꿈의 집 (Homescapes) 게임,https://www.youtube.com/watch?v=ov4ALNaBhs0,76회,4개월 전
꿈의 집 (Homescapes) 게임,https://www.youtube.com/watch?v=wg4levHrimM,282회,4개월 전
꿈의 집 (Homescapes) 게임,https://www.youtube.com/watch?v=i3bfNdg6v5U,35회,4개월 전
꿈의 집 (Homescapes) 게임,https://www.youtube.com/watch?v=rGMJsbaNpWs,75회,4개월 전
꿈의 집 (Homescapes) 게임,https://www.youtube.com/watch?v=0dtyFPx24PU,89회,4개월 전
꿈의 집 (Homescapes) 게임,https://www.youtube.com/watch?v=SrnJT0Fz52w,107회,4개월 전
꿈의 집 (Homescapes) 게임,https://www.youtube.com/watch?v=WgVDWJ7YPvg,26회,4개월 전
꿈의 집 (Homescapes) 게임,https://www.youtube.com/watch?v=vl0n-5_gq4w,5회,5개월 전
꿈의 집 (Homescapes) 게임,https://www.youtube.com/watch?v=R-TvsbSg_qI,94회,5개월 전
꿈의 집 (Homescapes) 게임,https://www.youtube.com/watch?v=cjfanjqBPbE,3.2천회,5개월 전
꿈의 집 (Homescapes) 게임,https://www.youtube.com/watch?v=JfQulrJAiL0,31회,5개월 전
꿈의 집 (Homescapes) 게임,https://www.youtube.com/watch?v=mzv-VAIx8HE,35회,5개월 전
꿈의 집 (Homescapes) 게임,https://www.youtube.com/watch?v=vuQIqpwm1dk,215회,5개월 전
꿈의 집 (Homescapes) 게임,https://www.youtube.com/watch?v=o0rPetafaPU,175회,5개월 전
꿈의 집 (Homescapes) 게임,https://www.youtube.com/watch?v=Z5O00PgnrdA,66회,5개월 전
꿈의 집 (Homescapes) 게임,https://www.youtube.com/watch?v=3M604r8Je60,54회,5개월 전
꿈의 집 (Homescapes) 게임,https://www.youtube.com/watch?v=XGkm-3ERkE8,2회,5개월 전
꿈의 집 (Homescapes) 게임,https://www.youtube.com/watch?v=APa8uzd4_Ww,28회,5개월 전
꿈의 집 (Homescapes) 게임,https://www.youtube.com/watch?v=9IgKg4fjhAI,14회,5개월 전
꿈의 집 (Homescapes) 게임,https://www.youtube.com/watch?v=S2AsAMy0ikA,8회,5개월 전
꿈의 집 (Homescapes) 게임,https://www.youtube.com/watch?v=eIMPITUUNJU,31회,6개월 전
꿈의 집 (Homescapes) 게임,https://www.youtube.com/watch?v=UzE4QwTonxI,78회,6개월 전
꿈의 집 (Homescapes) 게임,https://www.youtube.com/watch?v=2lNnMSvftKI,2.8천회,6개월 전
꿈의 집 (Homescapes) 게임,https://www.youtube.com/watch?v=cL77e-b59rU,57회,6개월 전
꿈의 집 (Homescapes) 게임,https://www.youtube.com/watch?v=lWe94h8WgZQ,70회,6개월 전
꿈의 집 (Homescapes) 게임,https://www.youtube.com/watch?v=i_NMYxjA72o,40회,6개월 전
꿈의 집 (Homescapes) 게임,https://www.youtube.com/watch?v=UMcP-9hhyag,27회,6개월 전
꿈의 집 (Homescapes) 게임,https://www.youtube.com/watch?v=dhylVrydX1o,74회,6개월 전
꿈의 집 (Homescapes) 게임,https://www.youtube.com/watch?v=l_vB6tZ14jY,154회,7개월 전
꿈의 집 (Homescapes) 게임,https://www.youtube.com/watch?v=keXI-0sQvOE,113회,7개월 전
꿈의 집 (Homescapes) 게임,https://www.youtube.com/watch?v=mJoHVFEItT8,8회,7개월 전
꿈의 집 (Homescapes) 게임,https://www.youtube.com/watch?v=Vm_9XtFQtu0,13회,7개월 전
꿈의 집 (Homescapes) 게임,https://www.youtube.com/watch?v=uNd4sSOx1Y8,39회,7개월 전
꿈의 집 (Homescapes) 게임,https://www.youtube.com/watch?v=7O14qI6_sew,44회,7개월 전
꿈의 집 (Homescapes) 게임,https://www.youtube.com/watch?v=neem0zvuyHE,45회,7개월 전
꿈의 집 (Homescapes) 게임,https://www.youtube.com/watch?v=DCOaZMuZYVM,29회,7개월 전
꿈의 집 (Homescapes) 게임,https://www.youtube.com/watch?v=oDiKlL0xgIw,96회,7개월 전
꿈의 집 (Homescapes) 게임,https://www.youtube.com/watch?v=KcqiYapxmaI,25회,7개월 전
꿈의 집 (Homescapes) 게임,https://www.youtube.com/watch?v=xRlTxUhue9s,105회,7개월 전
꿈의 집 (Homescapes) 게임,https://www.youtube.com/watch?v=UqDtXtHPVns,73회,7개월 전
꿈의 집 (Homescapes) 게임,https://www.youtube.com/watch?v=PpP-DXSmo_g,127회,7개월 전
꿈의 집 (Homescapes) 게임,https://www.youtube.com/watch?v=Efukp7X8fvg,64회,7개월 전
꿈의 집 (Homescapes) 게임,https://www.youtube.com/watch?v=DpzxjTsmScs,24회,7개월 전
꿈의 집 (Homescapes) 게임,https://www.youtube.com/watch?v=qQqSYQhxlX8,67회,7개월 전
꿈의 집 (Homescapes) 게임,https://www.youtube.com/watch?v=pykR_sLTeSA,2.1천회,7개월 전
꿈의 집 (Homescapes) 게임,https://www.youtube.com/watch?v=WSykE6VTrlg,29회,7개월 전
꿈의 집 (Homescapes) 게임,https://www.youtube.com/watch?v=qE_6nhndmds,173회,7개월 전
꿈의 집 (Homescapes) 게임,https://www.youtube.com/watch?v=ia6QHYeiWuE,422회,7개월 전
꿈의 집 (Homescapes) 게임,https://www.youtube.com/watch?v=YkVLxXemSsg,22회,7개월 전
꿈의 집 (Homescapes) 게임,https://www.youtube.com/watch?v=-vd5jTP2O0E,244회,7개월 전
꿈의 집 (Homescapes) 게임,https://www.youtube.com/watch?v=3P-h6cA_kgU,32회,7개월 전
꿈의 집 (Homescapes) 게임,https://www.youtube.com/watch?v=rMJYZed8ldo,50회,7개월 전
꿈의 집 (Homescapes) 게임,https://www.youtube.com/watch?v=CN5EzQ_FW2s,64회,7개월 전
꿈의 집 (Homescapes) 게임,https://www.youtube.com/watch?v=Cf8yWKgyVqo,544회,7개월 전
꿈의 집 (Homescapes) 게임,https://www.youtube.com/watch?v=814bcYUSvfg,27회,7개월 전
꿈의 집 (Homescapes) 게임,https://www.youtube.com/watch?v=dnxlFJruPPI,88회,7개월 전
꿈의 집 (Homescapes) 게임,https://www.youtube.com/watch?v=XvU5E9aD2AU,22회,7개월 전
꿈의 집 (Homescapes) 게임,https://www.youtube.com/watch?v=zxfY69JBeBM,17회,7개월 전
꿈의 집 (Homescapes) 게임,https://www.youtube.com/watch?v=3bHZX-8cXzc,22회,7개월 전
꿈의 집 (Homescapes) 게임,https://www.youtube.com/watch?v=abdETYWRgho,89회,8개월 전
꿈의 집 (Homescapes) 게임,https://www.youtube.com/watch?v=Blw0hmalTq8,260회,8개월 전
꿈의 집 (Homescapes) 게임,https://www.youtube.com/watch?v=M9-PXsQ_Kk4,36회,8개월 전
꿈의 집 (Homescapes) 게임,https://www.youtube.com/watch?v=qR4PkVSENac,129회,8개월 전
꿈의 집 (Homescapes) 게임,https://www.youtube.com/watch?v=J4h9Nbh-Q1g,13회,8개월 전
꿈의 집 (Homescapes) 게임,https://www.youtube.com/watch?v=eUJre6jEn6c,164회,8개월 전
꿈의 집 (Homescapes) 게임,https://www.youtube.com/watch?v=eOAxaukAK68,1천회,8개월 전
꿈의 집 (Homescapes) 게임,https://www.youtube.com/watch?v=yy2Oi2rgdBk,18회,8개월 전
꿈의 집 (Homescapes) 게임,https://www.youtube.com/watch?v=C9wGGAFXJIY,173회,8개월 전
꿈의 집 (Homescapes) 게임,https://www.youtube.com/watch?v=_iONiousR2w,120회,8개월 전
꿈의 집 (Homescapes) 게임,https://www.youtube.com/watch?v=f2cjMETAK8U,38회,8개월 전
꿈의 집 (Homescapes) 게임,https://www.youtube.com/watch?v=MCDDLMvtJ9E,130회,8개월 전
꿈의 집 (Homescapes) 게임,https://www.youtube.com/watch?v=q8XPU5QkuAE,17회,8개월 전
꿈의 집 (Homescapes) 게임,https://www.youtube.com/watch?v=khEuuoapoRw,60회,8개월 전
꿈의 집 (Homescapes) 게임,https://www.youtube.com/watch?v=6MQkpVVda3o,14회,8개월 전
꿈의 집 (Homescapes) 게임,https://www.youtube.com/watch?v=5tmlIWB5X-Y,42회,8개월 전
꿈의 집 (Homescapes) 게임,https://www.youtube.com/watch?v=Ff3-gkWAkpQ,131회,8개월 전
꿈의 집 (Homescapes) 게임,https://www.youtube.com/watch?v=d75LCoI7Rkw,31회,8개월 전
꿈의 집 (Homescapes) 게임,https://www.youtube.com/watch?v=hfh1YcYjuZM,16회,8개월 전
꿈의 집 (Homescapes) 게임,https://www.youtube.com/watch?v=iHRYzhJtL-M,29회,8개월 전
꿈의 집 (Homescapes) 게임,https://www.youtube.com/watch?v=gybGustJSTA,30회,8개월 전
꿈의 집 (Homescapes) 게임,https://www.youtube.com/watch?v=D3i9aLS4cI4,63회,8개월 전
꿈의 집 (Homescapes) 게임,https://www.youtube.com/watch?v=FNY3shguBUc,322회,8개월 전
꿈의 집 (Homescapes) 게임,https://www.youtube.com/watch?v=fJkGkz0LNck,74회,8개월 전
꿈의 집 (Homescapes) 게임,https://www.youtube.com/watch?v=OqYG6Gcy1IE,47회,8개월 전
꿈의 집 (Homescapes) 게임,https://www.youtube.com/watch?v=qUFGvBtpobY,165회,8개월 전
꿈의 집 (Homescapes) 게임,https://www.youtube.com/watch?v=eUfiJil5l5w,24회,8개월 전
꿈의 집 (Homescapes) 게임,https://www.youtube.com/watch?v=c8xJuUqAdQg,163회,8개월 전
꿈의 집 (Homescapes) 게임,https://www.youtube.com/watch?v=svK2b_psz8w,22회,8개월 전
꿈의 집 (Homescapes) 게임,https://www.youtube.com/watch?v=Qs56BBseMFg,13회,8개월 전
꿈의 집 (Homescapes) 게임,https://www.youtube.com/watch?v=OnS0znoTIps,64회,8개월 전
꿈의 집 (Homescapes) 게임,https://www.youtube.com/watch?v=liWf-SJeZ38,38회,8개월 전
꿈의 집 (Homescapes) 게임,https://www.youtube.com/watch?v=i4F8D3n9dsA,29회,8개월 전
꿈의 집 (Homescapes) 게임,https://www.youtube.com/watch?v=Gdrqz7lEgkw,38회,8개월 전
꿈의 집 (Homescapes) 게임,https://www.youtube.com/watch?v=d2_BkzCXmNY,8회,8개월 전
꿈의 집 (Homescapes) 게임,https://www.youtube.com/watch?v=5or4kOvv3os,25회,8개월 전
꿈의 집 (Homescapes) 게임,https://www.youtube.com/watch?v=fBEaCy3gyMo,7회,8개월 전
꿈의 집 (Homescapes) 게임,https://www.youtube.com/watch?v=zxn3Ce48nwI,99회,8개월 전
꿈의 집 (Homescapes) 게임,https://www.youtube.com/watch?v=w1xHkHRDUWk,133회,8개월 전
꿈의 집 (Homescapes) 게임,https://www.youtube.com/watch?v=aZ9XV9YGfwQ,44회,8개월 전
꿈의 집 (Homescapes) 게임,https://www.youtube.com/watch?v=Ydt7NJ6EneY,741회,8개월 전
꿈의 집 (Homescapes) 게임,https://www.youtube.com/watch?v=BVyusw10Lak,36회,8개월 전
꿈의 집 (Homescapes) 게임,https://www.youtube.com/watch?v=Ve3IEHzgPQU,24회,8개월 전
꿈의 집 (Homescapes) 게임,https://www.youtube.com/watch?v=pO5ich7Hfdo,11회,8개월 전
꿈의 집 (Homescapes) 게임,https://www.youtube.com/watch?v=5Qn9uk4gwN4,23회,9개월 전
꿈의 집 (Homescapes) 게임,https://www.youtube.com/watch?v=28_umkRNe2g,21회,9개월 전
꿈의 집 (Homescapes) 게임,https://www.youtube.com/watch?v=GIcF0YqKuCY,53회,9개월 전
꿈의 집 (Homescapes) 게임,https://www.youtube.com/watch?v=_AQsDRroaxg,290회,9개월 전
꿈의 집 (Homescapes) 게임,https://www.youtube.com/watch?v=8FickSJKFzI,269회,9개월 전
꿈의 집 (Homescapes) 게임,https://www.youtube.com/watch?v=sbEmDcf9noI,135회,9개월 전
꿈의 집 (Homescapes) 게임,https://www.youtube.com/watch?v=_VhLky7p3ec,20회,9개월 전
꿈의 집 (Homescapes) 게임,https://www.youtube.com/watch?v=U8YYBmanscs,480회,9개월 전
꿈의 집 (Homescapes) 게임,https://www.youtube.com/watch?v=apLcKc6C56E,875회,9개월 전
꿈의 집 (Homescapes) 게임,https://www.youtube.com/watch?v=x4llIoKpiUI,37회,9개월 전
꿈의 집 (Homescapes) 게임,https://www.youtube.com/watch?v=sH39o3d9pm8,59회,9개월 전
꿈의 집 (Homescapes) 게임,https://www.youtube.com/watch?v=BjTq5FaBmWI,16회,9개월 전
꿈의 집 (Homescapes) 게임,https://www.youtube.com/watch?v=wmRnfXyTDaY,9회,9개월 전
꿈의 집 (Homescapes) 게임,https://www.youtube.com/watch?v=GJ69acBNa4M,73회,9개월 전
꿈의 집 (Homescapes) 게임,https://www.youtube.com/watch?v=4IH2I3OjkTc,206회,9개월 전
꿈의 집 (Homescapes) 게임,https://www.youtube.com/watch?v=As3rWEfpXCY,203회,9개월 전
꿈의 집 (Homescapes) 게임,https://www.youtube.com/watch?v=EyuKKmSXJcc,17회,9개월 전
꿈의 집 (Homescapes) 게임,https://www.youtube.com/watch?v=NRhBey9kyK4,7회,9개월 전
꿈의 집 (Homescapes) 게임,https://www.youtube.com/watch?v=P7IM2H2mKaM,8회,9개월 전
꿈의 집 (Homescapes) 게임,https://www.youtube.com/watch?v=TzjULSk81CY,253회,9개월 전
꿈의 집 (Homescapes) 게임,https://www.youtube.com/watch?v=qOwRzYxqIqU,68회,9개월 전
꿈의 집 (Homescapes) 게임,https://www.youtube.com/watch?v=g2NOxH8IhRQ,44회,9개월 전
꿈의 집 (Homescapes) 게임,https://www.youtube.com/watch?v=WsxNw2Gh4ac,49회,9개월 전
꿈의 집 (Homescapes) 게임,https://www.youtube.com/watch?v=zvPjqnQiqdw,18회,9개월 전
꿈의 집 (Homescapes) 게임,https://www.youtube.com/watch?v=ThqLHYtGsQU,25회,9개월 전
꿈의 집 (Homescapes) 게임,https://www.youtube.com/watch?v=WcqfaD7Trzc,321회,9개월 전
꿈의 집 (Homescapes) 게임,https://www.youtube.com/watch?v=Asa-O_LBKfw,25회,9개월 전
꿈의 집 (Homescapes) 게임,https://www.youtube.com/watch?v=s1k6H5pmUN0,54회,9개월 전
꿈의 집 (Homescapes) 게임,https://www.youtube.com/watch?v=Cv_fS__Vv5A,83회,9개월 전
꿈의 집 (Homescapes) 게임,https://www.youtube.com/watch?v=GjbQpja1Fmw,300회,9개월 전
꿈의 집 (Homescapes) 게임,https://www.youtube.com/watch?v=CI00IOtztg0,26회,9개월 전
꿈의 집 (Homescapes) 게임,https://www.youtube.com/watch?v=3_NGN2MckVg,80회,9개월 전
꿈의 집 (Homescapes) 게임,https://www.youtube.com/watch?v=Biet7IaWSsc,16회,9개월 전
꿈의 집 (Homescapes) 게임,https://www.youtube.com/watch?v=cvWFl1xIi5E,28회,9개월 전
꿈의 집 (Homescapes) 게임,https://www.youtube.com/watch?v=fh4W9n96ZuY,8.1천회,9개월 전
꿈의 집 (Homescapes) 게임,https://www.youtube.com/watch?v=vIx_-pKl6j0,96회,9개월 전
꿈의 집 (Homescapes) 게임,https://www.youtube.com/watch?v=59C47wX7W_w,49회,9개월 전
꿈의 집 (Homescapes) 게임,https://www.youtube.com/watch?v=__JKdGKwaVg,15회,9개월 전
꿈의 집 (Homescapes) 게임,https://www.youtube.com/watch?v=wNw4hIeGYfM,52회,9개월 전
꿈의 집 (Homescapes) 게임,https://www.youtube.com/watch?v=BcNIJ3mxz1U,7회,9개월 전
꿈의 집 (Homescapes) 게임,https://www.youtube.com/watch?v=RGH8B37zRkU,564회,9개월 전
꿈의 집 (Homescapes) 게임,https://www.youtube.com/watch?v=Rn1txB_-26Q,50회,10개월 전
꿈의 집 (Homescapes) 게임,https://www.youtube.com/watch?v=vUWDqdwETVE,274회,10개월 전
꿈의 집 (Homescapes) 게임,https://www.youtube.com/watch?v=8pJWJV2xduA,50회,10개월 전
꿈의 집 (Homescapes) 게임,https://www.youtube.com/watch?v=wuyCe25p-ws,29회,10개월 전
꿈의 집 (Homescapes) 게임,https://www.youtube.com/watch?v=mQjScs64sfg,62회,10개월 전
꿈의 집 (Homescapes) 게임,https://www.youtube.com/watch?v=ARTafDQgj1A,330회,10개월 전
꿈의 집 (Homescapes) 게임,https://www.youtube.com/watch?v=CNKzQdxhfEQ,351회,10개월 전
꿈의 집 (Homescapes) 게임,https://www.youtube.com/watch?v=kKd7UHTcIf0,62회,10개월 전
꿈의 집 (Homescapes) 게임,https://www.youtube.com/watch?v=dxL06vVtAVE,721회,10개월 전
꿈의 집 (Homescapes) 게임,https://www.youtube.com/watch?v=a04Yl_XrT68,72회,10개월 전
꿈의 집 (Homescapes) 게임,https://www.youtube.com/watch?v=y93QU7_Mxbw,19회,10개월 전
꿈의 집 (Homescapes) 게임,https://www.youtube.com/watch?v=z4wxsfz0zgY,19회,10개월 전
꿈의 집 (Homescapes) 게임,https://www.youtube.com/watch?v=ZqzIUjBl3z8,58회,10개월 전
꿈의 집 (Homescapes) 게임,https://www.youtube.com/watch?v=efgYzP3juR8,65회,10개월 전
꿈의 집 (Homescapes) 게임,https://www.youtube.com/watch?v=GxIlGh3S4wI,58회,10개월 전
꿈의 집 (Homescapes) 게임,https://www.youtube.com/watch?v=ki5jc8Av-NM,120회,10개월 전
꿈의 집 (Homescapes) 게임,https://www.youtube.com/watch?v=xC-tvW3oBH8,61회,10개월 전
꿈의 집 (Homescapes) 게임,https://www.youtube.com/watch?v=JZX5RARHDIc,48회,10개월 전
꿈의 집 (Homescapes) 게임,https://www.youtube.com/watch?v=jU89J4BZJx4,142회,10개월 전
꿈의 집 (Homescapes) 게임,https://www.youtube.com/watch?v=6rLmfYOZDXA,670회,10개월 전
꿈의 집 (Homescapes) 게임,https://www.youtube.com/watch?v=t0fF2UE22HI,1.2천회,10개월 전
꿈의 집 (Homescapes) 게임,https://www.youtube.com/watch?v=MhoorvcLnbs,88회,10개월 전
꿈의 집 (Homescapes) 게임,https://www.youtube.com/watch?v=YW-TM9E79mQ,56회,10개월 전
꿈의 집 (Homescapes) 게임,https://www.youtube.com/watch?v=svaV8IEz0ew,34회,10개월 전
꿈의 집 (Homescapes) 게임,https://www.youtube.com/watch?v=wyUmEA7Mcyo,21회,10개월 전
꿈의 집 (Homescapes) 게임,https://www.youtube.com/watch?v=usWk42cS5J8,139회,10개월 전
꿈의 집 (Homescapes) 게임,https://www.youtube.com/watch?v=pbSD5rqvdZk,8회,10개월 전
꿈의 집 (Homescapes) 게임,https://www.youtube.com/watch?v=6ch55PM_3a8,55회,10개월 전
꿈의 집 (Homescapes) 게임,https://www.youtube.com/watch?v=9h5crDvyTZE,20회,10개월 전
꿈의 집 (Homescapes) 게임,https://www.youtube.com/watch?v=WBQYcrRabDM,108회,10개월 전
꿈의 집 (Homescapes) 게임,https://www.youtube.com/watch?v=QAPMJ8tFeMQ,5회,10개월 전
꿈의 집 (Homescapes) 게임,https://www.youtube.com/watch?v=waksQhEDPaM,38회,10개월 전
꿈의 집 (Homescapes) 게임,https://www.youtube.com/watch?v=AApVqB2fTEw,71회,10개월 전
꿈의 집 (Homescapes) 게임,https://www.youtube.com/watch?v=-vYMvCRrrlg,57회,10개월 전
꿈의 집 (Homescapes) 게임,https://www.youtube.com/watch?v=Y1r_SATfbFk,81회,10개월 전
꿈의 집 (Homescapes) 게임,https://www.youtube.com/watch?v=JsxhmEyObBM,58회,10개월 전
꿈의 집 (Homescapes) 게임,https://www.youtube.com/watch?v=6j_diUsVE6E,575회,10개월 전
꿈의 집 (Homescapes) 게임,https://www.youtube.com/watch?v=hohNqW8jh5s,34회,10개월 전
꿈의 집 (Homescapes) 게임,https://www.youtube.com/watch?v=H2a32Zxwi30,50회,10개월 전
꿈의 집 (Homescapes) 게임,https://www.youtube.com/watch?v=RyIVjMloomQ,13회,10개월 전
꿈의 집 (Homescapes) 게임,https://www.youtube.com/watch?v=3KgKffDmyiU,18회,10개월 전
꿈의 집 (Homescapes) 게임,https://www.youtube.com/watch?v=QQQKjBCyojc,131회,10개월 전
꿈의 집 (Homescapes) 게임,https://www.youtube.com/watch?v=JnG2wTSTgFU,137회,10개월 전
꿈의 집 (Homescapes) 게임,https://www.youtube.com/watch?v=XKTMSfsj5-0,5회,10개월 전
꿈의 집 (Homescapes) 게임,https://www.youtube.com/watch?v=X5gbWGWDXsM,67회,10개월 전
꿈의 집 (Homescapes) 게임,https://www.youtube.com/watch?v=FDijhDTAd4U,31회,10개월 전
꿈의 집 (Homescapes) 게임,https://www.youtube.com/watch?v=mM0OrEAL0ic,147회,10개월 전
꿈의 집 (Homescapes) 게임,https://www.youtube.com/watch?v=ydnXw62iRFQ,2.1천회,10개월 전
꿈의 집 (Homescapes) 게임,https://www.youtube.com/watch?v=L-LwnWAcMrE,17회,10개월 전
꿈의 집 (Homescapes) 게임,https://www.youtube.com/watch?v=Cn9N3pquWl0,34회,10개월 전
꿈의 집 (Homescapes) 게임,https://www.youtube.com/watch?v=2mxNxdppkjg,195회,10개월 전
꿈의 집 (Homescapes) 게임,https://www.youtube.com/watch?v=zT6hmXfjG4M,18회,10개월 전
꿈의 집 (Homescapes) 게임,https://www.youtube.com/watch?v=IghBwCB-wqQ,37회,10개월 전
꿈의 집 (Homescapes) 게임,https://www.youtube.com/watch?v=bMIc_QkmerI,26회,10개월 전
꿈의 집 (Homescapes) 게임,https://www.youtube.com/watch?v=VPN_TF8OCw8,11회,10개월 전
꿈의 집 (Homescapes) 게임,https://www.youtube.com/watch?v=9_lGVhAuD8U,41회,10개월 전
꿈의 집 (Homescapes) 게임,https://www.youtube.com/watch?v=N5V-0-nhsAM,334회,10개월 전
꿈의 집 (Homescapes) 게임,https://www.youtube.com/watch?v=iTm3t4uWSBU,40회,10개월 전
꿈의 집 (Homescapes) 게임,https://www.youtube.com/watch?v=MXTQLhUGxuA,57회,10개월 전
꿈의 집 (Homescapes) 게임,https://www.youtube.com/watch?v=7H-z2rmdCs4,35회,10개월 전
꿈의 집 (Homescapes) 게임,https://www.youtube.com/watch?v=4S7pxZIvI90,14회,10개월 전
꿈의 집 (Homescapes) 게임,https://www.youtube.com/watch?v=tlS2E4NoXD8,28회,10개월 전
꿈의 집 (Homescapes) 게임,https://www.youtube.com/watch?v=KIgOwyCfEQY,156회,10개월 전
꿈의 집 (Homescapes) 게임,https://www.youtube.com/watch?v=X416XTX0VLU,435회,10개월 전
꿈의 집 (Homescapes) 게임,https://www.youtube.com/watch?v=KdlJW5RVJYo,17회,10개월 전
꿈의 집 (Homescapes) 게임,https://www.youtube.com/watch?v=2ZuCHMHqH4c,199회,10개월 전
꿈의 집 (Homescapes) 게임,https://www.youtube.com/watch?v=Gr8GRX98mXo,28회,10개월 전
꿈의 집 (Homescapes) 게임,https://www.youtube.com/watch?v=KCijUx9m2l4,3회,10개월 전
꿈의 집 (Homescapes) 게임,https://www.youtube.com/watch?v=KA_wikDbqHw,8회,10개월 전
꿈의 집 (Homescapes) 게임,https://www.youtube.com/watch?v=KyxOg_L7efQ,15회,10개월 전
꿈의 집 (Homescapes) 게임,https://www.youtube.com/watch?v=CrB5w26aHcU,190회,10개월 전
꿈의 집 (Homescapes) 게임,https://www.youtube.com/watch?v=G4Wltl8luIw,11회,11개월 전
꿈의 집 (Homescapes) 게임,https://www.youtube.com/watch?v=yJmKXN1HOns,25회,11개월 전
꿈의 집 (Homescapes) 게임,https://www.youtube.com/watch?v=11NyHvQ61IY,32회,11개월 전
꿈의 집 (Homescapes) 게임,https://www.youtube.com/watch?v=aZTPiHyi8dw,36회,11개월 전
꿈의 집 (Homescapes) 게임,https://www.youtube.com/watch?v=0ed8_RBPwic,21회,11개월 전
꿈의 집 (Homescapes) 게임,https://www.youtube.com/watch?v=LVB06T7any4,30회,11개월 전
꿈의 집 (Homescapes) 게임,https://www.youtube.com/watch?v=hTwh1g2p7qQ,36회,11개월 전
꿈의 집 (Homescapes) 게임,https://www.youtube.com/watch?v=AqOWKgZy54k,1.1천회,11개월 전
꿈의 집 (Homescapes) 게임,https://www.youtube.com/watch?v=YpfXoUN7LzI,5회,11개월 전
꿈의 집 (Homescapes) 게임,https://www.youtube.com/watch?v=_3BWoPsP_K4,5회,11개월 전
꿈의 집 (Homescapes) 게임,https://www.youtube.com/watch?v=MRxTpZ7_7RA,10회,11개월 전
꿈의 집 (Homescapes) 게임,https://www.youtube.com/watch?v=Y5ekR6omMwA,6회,11개월 전
꿈의 집 (Homescapes) 게임,https://www.youtube.com/watch?v=Xs4FrVLa7Gc,10회,11개월 전
꿈의 집 (Homescapes) 게임,https://www.youtube.com/watch?v=7V5mDENzhqQ,9회,11개월 전
꿈의 집 (Homescapes) 게임,https://www.youtube.com/watch?v=3GB0l5dN_XM,21회,11개월 전
꿈의 집 (Homescapes) 게임,https://www.youtube.com/watch?v=XQPVga8atcw,132회,11개월 전
꿈의 집 (Homescapes) 게임,https://www.youtube.com/watch?v=bBo0mic69Xg,12회,11개월 전
꿈의 집 (Homescapes) 게임,https://www.youtube.com/watch?v=TvBxmvKkFr4,155회,11개월 전
꿈의 집 (Homescapes) 게임,https://www.youtube.com/watch?v=Lv6Gn7OIKdg,93회,11개월 전
꿈의 집 (Homescapes) 게임,https://www.youtube.com/watch?v=B6AxPnrpF5M,2.3천회,11개월 전
꿈의 집 (Homescapes) 게임,https://www.youtube.com/watch?v=4ovd0h39UFw,12회,11개월 전
꿈의 집 (Homescapes) 게임,https://www.youtube.com/watch?v=sjCpgFS5QU4,156회,11개월 전
꿈의 집 (Homescapes) 게임,https://www.youtube.com/watch?v=CzsUNOeuc2c,35회,11개월 전
꿈의 집 (Homescapes) 게임,https://www.youtube.com/watch?v=zX_OvPPi1XI,23회,11개월 전
꿈의 집 (Homescapes) 게임,https://www.youtube.com/watch?v=VP03_Af_FJQ,11회,11개월 전
꿈의 집 (Homescapes) 게임,https://www.youtube.com/watch?v=XRpBL7Fh7Eo,234회,11개월 전
꿈의 집 (Homescapes) 게임,https://www.youtube.com/watch?v=G_kSjWS0nHs,116회,11개월 전
꿈의 집 (Homescapes) 게임,https://www.youtube.com/watch?v=QZmY_gSowYE,22회,11개월 전
꿈의 집 (Homescapes) 게임,https://www.youtube.com/watch?v=ND3yOLaz5nw,20회,11개월 전
꿈의 집 (Homescapes) 게임,https://www.youtube.com/watch?v=lS8vAhu_OUA,43회,11개월 전
꿈의 집 (Homescapes) 게임,https://www.youtube.com/watch?v=MCxYhIt1bFg,8회,11개월 전
꿈의 집 (Homescapes) 게임,https://www.youtube.com/watch?v=QXnsTRmxT8E,27회,11개월 전
꿈의 집 (Homescapes) 게임,https://www.youtube.com/watch?v=XmfSlHq5lfg,10회,11개월 전
꿈의 집 (Homescapes) 게임,https://www.youtube.com/watch?v=NkdI9lf8Kfc,93회,11개월 전
꿈의 집 (Homescapes) 게임,https://www.youtube.com/watch?v=kg_cpFdmF7A,20회,11개월 전
꿈의 집 (Homescapes) 게임,https://www.youtube.com/watch?v=OnIvVImNW-M,127회,11개월 전
꿈의 집 (Homescapes) 게임,https://www.youtube.com/watch?v=jI9kfijlGAg,14회,11개월 전
꿈의 집 (Homescapes) 게임,https://www.youtube.com/watch?v=g5q5cSmpc_8,7회,11개월 전
꿈의 집 (Homescapes) 게임,https://www.youtube.com/watch?v=Tjo5v76oiFA,4회,11개월 전
꿈의 집 (Homescapes) 게임,https://www.youtube.com/watch?v=YzU7l2qiS3k,1.5천회,11개월 전
꿈의 집 (Homescapes) 게임,https://www.youtube.com/watch?v=7CQf8T-R9rI,18회,11개월 전
꿈의 집 (Homescapes) 게임,https://www.youtube.com/watch?v=2BSqzj_2or4,31회,11개월 전
꿈의 집 (Homescapes) 게임,https://www.youtube.com/watch?v=tF5Iw8hG7dk,34회,11개월 전
꿈의 집 (Homescapes) 게임,https://www.youtube.com/watch?v=TmCt9GjSTBg,45회,11개월 전
꿈의 집 (Homescapes) 게임,https://www.youtube.com/watch?v=TA_hQtmpRxY,13회,11개월 전
꿈의 집 (Homescapes) 게임,https://www.youtube.com/watch?v=lNpYzJz0Gxk,9회,11개월 전
꿈의 집 (Homescapes) 게임,https://www.youtube.com/watch?v=mXYuuqKS4Os,9회,11개월 전
꿈의 집 (Homescapes) 게임,https://www.youtube.com/watch?v=Id7jZEVNBW0,29회,11개월 전
꿈의 집 (Homescapes) 게임,https://www.youtube.com/watch?v=Z5kYHC0bwKA,545회,11개월 전
꿈의 집 (Homescapes) 게임,https://www.youtube.com/watch?v=fiH2BpdIb8w,12회,11개월 전
꿈의 집 (Homescapes) 게임,https://www.youtube.com/watch?v=gPv71bx_RCE,34회,11개월 전
꿈의 집 (Homescapes) 게임,https://www.youtube.com/watch?v=22Wh_QCEiFg,168회,11개월 전
꿈의 집 (Homescapes) 게임,https://www.youtube.com/watch?v=XCdIGioi6i4,10회,11개월 전
꿈의 집 (Homescapes) 게임,https://www.youtube.com/watch?v=g5e37i57Zzs,343회,11개월 전
꿈의 집 (Homescapes) 게임,https://www.youtube.com/watch?v=wvuGYAh7PWY,36회,11개월 전
꿈의 집 (Homescapes) 게임,https://www.youtube.com/watch?v=oHJC60Rcb10,3.9천회,11개월 전
꿈의 집 (Homescapes) 게임,https://www.youtube.com/watch?v=I411-LycSls,68회,11개월 전
꿈의 집 (Homescapes) 게임,https://www.youtube.com/watch?v=wixFHUxvhis,24회,11개월 전
꿈의 집 (Homescapes) 게임,https://www.youtube.com/watch?v=RqcmRJjxM2I,15회,11개월 전
꿈의 집 (Homescapes) 게임,https://www.youtube.com/watch?v=P2UlSyk7EXQ,2.2천회,11개월 전
꿈의 집 (Homescapes) 게임,https://www.youtube.com/watch?v=8_jrUfg82KQ,140회,11개월 전
꿈의 집 (Homescapes) 게임,https://www.youtube.com/watch?v=xDek3Wzlhpk,27회,11개월 전
