﻿search,youtube_url,viewer,upload
꿈의 마을 (Township) 게임,https://www.youtube.com/watch?v=Czv_dS0sOdQ,7회,3주 전
꿈의 마을 (Township) 게임,https://www.youtube.com/watch?v=HTN3LSAsAoE,6회,3주 전
꿈의 마을 (Township) 게임,https://www.youtube.com/watch?v=2Lc7m2CJP6w,4회,3주 전
꿈의 마을 (Township) 게임,https://www.youtube.com/watch?v=zyCJnt0hmG0,9회,3주 전
꿈의 마을 (Township) 게임,https://www.youtube.com/watch?v=O-p6s_n4Vco,45회,3주 전
꿈의 마을 (Township) 게임,https://www.youtube.com/watch?v=YcQW8loDi_c,6회,3주 전
꿈의 마을 (Township) 게임,https://www.youtube.com/watch?v=YU1nJTO9JYg,3회,3주 전
꿈의 마을 (Township) 게임,https://www.youtube.com/watch?v=ohkboQI79iU,8회,3주 전
꿈의 마을 (Township) 게임,https://www.youtube.com/watch?v=GVL6HSZnpRE,6회,1개월 전
꿈의 마을 (Township) 게임,https://www.youtube.com/watch?v=QZTQziAQo9I,618회,2개월 전
꿈의 마을 (Township) 게임,https://www.youtube.com/watch?v=y7e8UpL7wBM,11회,2개월 전
꿈의 마을 (Township) 게임,https://www.youtube.com/watch?v=ciuNtbq9JGw,3회,3개월 전
꿈의 마을 (Township) 게임,https://www.youtube.com/watch?v=dDWXvLAA8Ow,18회,3개월 전
꿈의 마을 (Township) 게임,https://www.youtube.com/watch?v=w4ZWsPzhZtk,15회,3개월 전
꿈의 마을 (Township) 게임,https://www.youtube.com/watch?v=zRec_lpQBgA,164회,3개월 전
꿈의 마을 (Township) 게임,https://www.youtube.com/watch?v=qEEpux06fCk,1회,3개월 전
꿈의 마을 (Township) 게임,https://www.youtube.com/watch?v=-myz9hYwFmA,433회,3개월 전
꿈의 마을 (Township) 게임,https://www.youtube.com/watch?v=sHwR92EfMKE,239회,3개월 전
꿈의 마을 (Township) 게임,https://www.youtube.com/watch?v=NQixBqtKa4M,16회,스트리밍 시간: 4개월 전
꿈의 마을 (Township) 게임,https://www.youtube.com/watch?v=VGmFtOOd5Rk,1.5천회,4개월 전
꿈의 마을 (Township) 게임,https://www.youtube.com/watch?v=rERHzMyy3Eo,114회,4개월 전
꿈의 마을 (Township) 게임,https://www.youtube.com/watch?v=1UH9tXnGCRQ,188회,4개월 전
꿈의 마을 (Township) 게임,https://www.youtube.com/watch?v=ZwhOsveHfAE,382회,4개월 전
꿈의 마을 (Township) 게임,https://www.youtube.com/watch?v=YT-C2oLORLw,139회,5개월 전
꿈의 마을 (Township) 게임,https://www.youtube.com/watch?v=jbsTn9rd03c,609회,5개월 전
꿈의 마을 (Township) 게임,https://www.youtube.com/watch?v=0OC1o_5q_Lc,48회,5개월 전
꿈의 마을 (Township) 게임,https://www.youtube.com/watch?v=QYLdS3CaN_I,14회,5개월 전
꿈의 마을 (Township) 게임,https://www.youtube.com/watch?v=nVrgxj3fAW8,30회,6개월 전
꿈의 마을 (Township) 게임,https://www.youtube.com/watch?v=SskT4qZblm0,279회,7개월 전
꿈의 마을 (Township) 게임,https://www.youtube.com/watch?v=7sl9l21ga6M,16회,7개월 전
꿈의 마을 (Township) 게임,https://www.youtube.com/watch?v=GzAZr4xMYBk,4.4천회,7개월 전
꿈의 마을 (Township) 게임,https://www.youtube.com/watch?v=rh2_0o6tdoo,50회,7개월 전
꿈의 마을 (Township) 게임,https://www.youtube.com/watch?v=IuY3EFxulxc,29회,7개월 전
꿈의 마을 (Township) 게임,https://www.youtube.com/watch?v=rO3gzsAU1jg,9.1천회,8개월 전
꿈의 마을 (Township) 게임,https://www.youtube.com/watch?v=hLsXOcIAPI0,34회,8개월 전
꿈의 마을 (Township) 게임,https://www.youtube.com/watch?v=aiasnijRWD8,68회,8개월 전
꿈의 마을 (Township) 게임,https://www.youtube.com/watch?v=wqdeZ3eoyV8,82회,8개월 전
꿈의 마을 (Township) 게임,https://www.youtube.com/watch?v=M3etZt9mnN8,253회,9개월 전
꿈의 마을 (Township) 게임,https://www.youtube.com/watch?v=qPAHNEl-k7Y,19회,9개월 전
꿈의 마을 (Township) 게임,https://www.youtube.com/watch?v=XdIkg-SpJ6s,43회,9개월 전
꿈의 마을 (Township) 게임,https://www.youtube.com/watch?v=3gq7KicN8hs,10회,9개월 전
꿈의 마을 (Township) 게임,https://www.youtube.com/watch?v=os85yZtHtnE,38회,9개월 전
꿈의 마을 (Township) 게임,https://www.youtube.com/watch?v=7NjZiYb_Pc4,8회,10개월 전
꿈의 마을 (Township) 게임,https://www.youtube.com/watch?v=ycAHJVU_fuQ,14회,10개월 전
