﻿search,youtube_url,viewer,upload
V4 게임,https://www.youtube.com/watch?v=gJXwBGEom-8,114회,37분 전
V4 게임,https://www.youtube.com/watch?v=r99HY7oJgzE,710회,4시간 전
V4 게임,https://www.youtube.com/watch?v=bMvX8y_-Di0,44회,14시간 전
V4 게임,https://www.youtube.com/watch?v=EO8wxbi0u-8,4.4천회,17시간 전
V4 게임,https://www.youtube.com/watch?v=Ys2WURfn1Qk,611회,18시간 전
V4 게임,https://www.youtube.com/watch?v=fNXPcca8OS8,962회,19시간 전
V4 게임,https://www.youtube.com/watch?v=MGvgzyRS5mY,39회,스트리밍 시간: 21시간 전
V4 게임,https://www.youtube.com/watch?v=-lcXhPopnvo,209회,22시간 전
V4 게임,https://www.youtube.com/watch?v=vhih8m1i9Jo,1.3천회,23시간 전
V4 게임,https://www.youtube.com/watch?v=Mr-zAWCIFKc,없음,23시간 전
V4 게임,https://www.youtube.com/watch?v=HZBL1IvBirc,724회,1일 전
V4 게임,https://www.youtube.com/watch?v=1g-Qnrrct60,4천회,1일 전
V4 게임,https://www.youtube.com/watch?v=aGvldxBy_ug,610회,1일 전
V4 게임,https://www.youtube.com/watch?v=R6gLkyaXpuQ,6.2천회,1일 전
V4 게임,https://www.youtube.com/watch?v=numatj7sbYc,86회,1일 전
V4 게임,https://www.youtube.com/watch?v=RMKwjOkEDBI,4.5천회,스트리밍 시간: 1일 전
V4 게임,https://www.youtube.com/watch?v=4nEqPiW3_OA,5.2천회,1일 전
V4 게임,https://www.youtube.com/watch?v=1oCaU8Zlm9U,497회,스트리밍 시간: 1일 전
V4 게임,https://www.youtube.com/watch?v=G2OKdAvsfrw,5회,스트리밍 시간: 1일 전
V4 게임,https://www.youtube.com/watch?v=dMWu3wHv9Q8,1.3천회,1일 전
V4 게임,https://www.youtube.com/watch?v=i6jqI8LIy-8,56회,스트리밍 시간: 1일 전
V4 게임,https://www.youtube.com/watch?v=Gjor1c63ELI,1.4천회,1일 전
V4 게임,https://www.youtube.com/watch?v=Kkujs63-3PU,1만회,2일 전
V4 게임,https://www.youtube.com/watch?v=uQluUxIuOh4,6.3천회,스트리밍 시간: 2일 전
V4 게임,https://www.youtube.com/watch?v=Oa6htUL4l9I,113회,2일 전
V4 게임,https://www.youtube.com/watch?v=lixrFZat-U0,534회,스트리밍 시간: 2일 전
V4 게임,https://www.youtube.com/watch?v=w3odyTOmc6c,67회,2일 전
V4 게임,https://www.youtube.com/watch?v=CjqKVVhIQbU,4.1천회,2일 전
V4 게임,https://www.youtube.com/watch?v=6XtdBGDXscA,6.5천회,2일 전
V4 게임,https://www.youtube.com/watch?v=AE5u04pCwfI,79회,스트리밍 시간: 2일 전
V4 게임,https://www.youtube.com/watch?v=5RevmdksvWA,1.5천회,2일 전
V4 게임,https://www.youtube.com/watch?v=4ZfsODkWHfo,1.6만회,2일 전
V4 게임,https://www.youtube.com/watch?v=zmNblEK0Uu4,4.7천회,2일 전
V4 게임,https://www.youtube.com/watch?v=067Ej2myvp4,445회,2일 전
V4 게임,https://www.youtube.com/watch?v=-RcLP9czclc,4.1천회,2일 전
V4 게임,https://www.youtube.com/watch?v=WnR95djxzmU,185회,3일 전
V4 게임,https://www.youtube.com/watch?v=9GM1GMRqnWk,5.9천회,3일 전
V4 게임,https://www.youtube.com/watch?v=4htevYb2oTw,4.2천회,3일 전
V4 게임,https://www.youtube.com/watch?v=NoAUfIp6lzY,3.9천회,3일 전
V4 게임,https://www.youtube.com/watch?v=ob5VZC3afh0,156회,3일 전
V4 게임,https://www.youtube.com/watch?v=Rwm15LZ7qeM,8.7천회,3일 전
V4 게임,https://www.youtube.com/watch?v=q96ulxaH9FI,952회,스트리밍 시간: 3일 전
V4 게임,https://www.youtube.com/watch?v=GCrsCxYE_Tw,363회,3일 전
V4 게임,https://www.youtube.com/watch?v=J1vji6VxJTM,106회,스트리밍 시간: 3일 전
V4 게임,https://www.youtube.com/watch?v=-WPamXdkoFU,5천회,3일 전
V4 게임,https://www.youtube.com/watch?v=lt0PxonFZDU,4.2천회,스트리밍 시간: 4일 전
V4 게임,https://www.youtube.com/watch?v=J6AbvMRZk2g,2.3만회,4일 전
V4 게임,https://www.youtube.com/watch?v=qRt9tscv3Qc,1.1만회,4일 전
V4 게임,https://www.youtube.com/watch?v=t8-2P67bgIM,364회,스트리밍 시간: 4일 전
V4 게임,https://www.youtube.com/watch?v=bV5L2U4sZ4A,4.7천회,스트리밍 시간: 4일 전
V4 게임,https://www.youtube.com/watch?v=JLVhuvthVT0,645회,스트리밍 시간: 4일 전
V4 게임,https://www.youtube.com/watch?v=Al1gVbA2AtM,3천회,4일 전
V4 게임,https://www.youtube.com/watch?v=QpY-olU1iPs,8.7천회,스트리밍 시간: 5일 전
V4 게임,https://www.youtube.com/watch?v=0l9ATMLusac,571회,스트리밍 시간: 4일 전
V4 게임,https://www.youtube.com/watch?v=XNjqafE95SE,1만회,5일 전
V4 게임,https://www.youtube.com/watch?v=FCpodaQvYHM,7.4천회,6일 전
V4 게임,https://www.youtube.com/watch?v=2jnrXlP7hvg,4회,6일 전
V4 게임,https://www.youtube.com/watch?v=-tfaA6Op6fQ,1.7천회,6일 전
V4 게임,https://www.youtube.com/watch?v=WVyMWjRQMWg,8.6천회,6일 전
V4 게임,https://www.youtube.com/watch?v=XddmKT66RAA,4.9천회,스트리밍 시간: 6일 전
V4 게임,https://www.youtube.com/watch?v=xEEQa3ibXHk,4천회,스트리밍 시간: 1주 전
V4 게임,https://www.youtube.com/watch?v=oBlK23V2SJY,816회,1주 전
V4 게임,https://www.youtube.com/watch?v=hR1IPIjqME0,4.1천회,1주 전
V4 게임,https://www.youtube.com/watch?v=9GnnZ7GK7ws,5회,1주 전
V4 게임,https://www.youtube.com/watch?v=51oXEpKHBcE,79회,1주 전
V4 게임,https://www.youtube.com/watch?v=sDX2WyT6xF8,8.5천회,1주 전
V4 게임,https://www.youtube.com/watch?v=W1Ipk9Ce34M,2회,1주 전
V4 게임,https://www.youtube.com/watch?v=c3S1M6PUiyo,197회,스트리밍 시간: 1주 전
V4 게임,https://www.youtube.com/watch?v=6Syks4hgnKU,1.2만회,1주 전
V4 게임,https://www.youtube.com/watch?v=Vcu48H1phsA,38회,1주 전
V4 게임,https://www.youtube.com/watch?v=ZgFdPXVkt8M,1.7만회,1주 전
V4 게임,https://www.youtube.com/watch?v=JeBTFjI5v6o,3.3천회,1주 전
V4 게임,https://www.youtube.com/watch?v=ZeIZ2snx6SY,14회,1주 전
V4 게임,https://www.youtube.com/watch?v=coxsjjqvwT8,1.6만회,1주 전
V4 게임,https://www.youtube.com/watch?v=rfRbely58W4,589회,1주 전
V4 게임,https://www.youtube.com/watch?v=1ANnnQmPTU8,6.8만회,1주 전
V4 게임,https://www.youtube.com/watch?v=9gz_2E4Y20M,150회,스트리밍 시간: 1주 전
V4 게임,https://www.youtube.com/watch?v=e9eXlklg84A,8.3만회,1주 전
V4 게임,https://www.youtube.com/watch?v=sM3tXjwFJTM,804회,1주 전
V4 게임,https://www.youtube.com/watch?v=PrtJXbeHSXg,612회,1주 전
V4 게임,https://www.youtube.com/watch?v=d7cKldcO-BM,23회,스트리밍 시간: 1주 전
V4 게임,https://www.youtube.com/watch?v=sLiQyHcRXnE,178회,스트리밍 시간: 1주 전
V4 게임,https://www.youtube.com/watch?v=gh2uOMMC1PE,98회,1주 전
V4 게임,https://www.youtube.com/watch?v=chvlQOAJhNA,5.8천회,스트리밍 시간: 1주 전
V4 게임,https://www.youtube.com/watch?v=F2two8H70bc,89회,1주 전
V4 게임,https://www.youtube.com/watch?v=FFsxTd2NJno,7.7천회,1주 전
V4 게임,https://www.youtube.com/watch?v=UXYPzQKFJQQ,4.1천회,1주 전
V4 게임,https://www.youtube.com/watch?v=JqfWnKKRuBQ,7.3천회,1주 전
V4 게임,https://www.youtube.com/watch?v=7KjRmHvu8As,39회,1주 전
V4 게임,https://www.youtube.com/watch?v=VcaKc_0ca8c,5.9천회,스트리밍 시간: 1주 전
V4 게임,https://www.youtube.com/watch?v=9OT6zFX9udo,9.7천회,1주 전
V4 게임,https://www.youtube.com/watch?v=iCGDGLkRhqc,480회,1주 전
V4 게임,https://www.youtube.com/watch?v=QzN7K2hI7Bk,343회,1주 전
V4 게임,https://www.youtube.com/watch?v=9rvIOmuGY9Y,386회,1주 전
V4 게임,https://www.youtube.com/watch?v=Hkay5HQofSk,111회,스트리밍 시간: 1주 전
V4 게임,https://www.youtube.com/watch?v=XaBXlh0582k,183회,스트리밍 시간: 1주 전
V4 게임,https://www.youtube.com/watch?v=N0LS58qyzOg,52회,1주 전
V4 게임,https://www.youtube.com/watch?v=rErJxHBdtLw,1.8만회,1주 전
V4 게임,https://www.youtube.com/watch?v=X1XGqIz5y1A,2.3만회,2주 전
V4 게임,https://www.youtube.com/watch?v=Hy29pXd-740,2.6만회,2주 전
V4 게임,https://www.youtube.com/watch?v=yNh0O6sSSCQ,없음,2주 전
V4 게임,https://www.youtube.com/watch?v=GwoB6ETcyFs,2.8만회,2주 전
V4 게임,https://www.youtube.com/watch?v=beFkDFyFAC0,98회,스트리밍 시간: 2주 전
V4 게임,https://www.youtube.com/watch?v=EWGQIPV2uys,없음,2주 전
V4 게임,https://www.youtube.com/watch?v=nramy2l0Ffg,273회,2주 전
V4 게임,https://www.youtube.com/watch?v=SNlU5sGya08,3.5천회,2주 전
V4 게임,https://www.youtube.com/watch?v=CgXlqZTGoX0,4.1천회,2주 전
V4 게임,https://www.youtube.com/watch?v=5k5eJsno86E,2.6만회,2주 전
V4 게임,https://www.youtube.com/watch?v=ES_fmQhbHWE,636만회,2주 전
V4 게임,https://www.youtube.com/watch?v=xSYnOqHAodU,2.7만회,2주 전
V4 게임,https://www.youtube.com/watch?v=Mm5FRneLgUw,4.8천회,스트리밍 시간: 2주 전
V4 게임,https://www.youtube.com/watch?v=LVSqQtjDe_E,8.1천회,2주 전
V4 게임,https://www.youtube.com/watch?v=IAVW0EVSlwI,1.4천회,2주 전
V4 게임,https://www.youtube.com/watch?v=eXfAZ6SyqJI,637회,스트리밍 시간: 2주 전
V4 게임,https://www.youtube.com/watch?v=AaUkOLpym-8,5.4천회,2주 전
V4 게임,https://www.youtube.com/watch?v=SV30BWHvaWw,179회,2주 전
V4 게임,https://www.youtube.com/watch?v=xELcTRHEhHs,없음,2주 전
V4 게임,https://www.youtube.com/watch?v=vf2Yqf62Atc,3.7만회,2주 전
V4 게임,https://www.youtube.com/watch?v=VaxPaH70HwE,3.7천회,2주 전
V4 게임,https://www.youtube.com/watch?v=7mSQ9vYzMJY,1.6천회,스트리밍 시간: 2주 전
V4 게임,https://www.youtube.com/watch?v=W_ZU62x1lkw,3.2만회,2주 전
V4 게임,https://www.youtube.com/watch?v=8NC4xaePmhw,3회,스트리밍 시간: 2주 전
V4 게임,https://www.youtube.com/watch?v=pJQBhqLfkDc,12만회,2주 전
V4 게임,https://www.youtube.com/watch?v=-67f34av4n8,3.4만회,2주 전
V4 게임,https://www.youtube.com/watch?v=h9QpmxCXnmY,2.8천회,3주 전
V4 게임,https://www.youtube.com/watch?v=fuXYoVC3N_w,4.6만회,3주 전
V4 게임,https://www.youtube.com/watch?v=R-SSaeL-Ub0,9.2천회,3주 전
V4 게임,https://www.youtube.com/watch?v=B8NFMkLAb0s,1천회,3주 전
V4 게임,https://www.youtube.com/watch?v=PgTJJTUMiw4,8회,3주 전
V4 게임,https://www.youtube.com/watch?v=5Q_Y4tXSRAQ,1.1만회,3주 전
V4 게임,https://www.youtube.com/watch?v=1xA4kDZnYkw,4.3천회,3주 전
V4 게임,https://www.youtube.com/watch?v=BFZsVZic7Uw,44회,3주 전
V4 게임,https://www.youtube.com/watch?v=eUPsaO5dgQg,없음,3주 전
V4 게임,https://www.youtube.com/watch?v=bBW_09ZstGw,7회,스트리밍 시간: 3주 전
V4 게임,https://www.youtube.com/watch?v=ZIEO2WTDJUI,4회,스트리밍 시간: 3주 전
V4 게임,https://www.youtube.com/watch?v=5ln9Hembz14,6회,스트리밍 시간: 3주 전
V4 게임,https://www.youtube.com/watch?v=xN9H9td6kj8,2회,스트리밍 시간: 3주 전
V4 게임,https://www.youtube.com/watch?v=SosO3wmhlE0,1.7천회,3주 전
V4 게임,https://www.youtube.com/watch?v=KFihIKv62SQ,4회,스트리밍 시간: 3주 전
V4 게임,https://www.youtube.com/watch?v=aNhpr-DHXeQ,3.7만회,3주 전
V4 게임,https://www.youtube.com/watch?v=RtkoaxsyPQw,99회,3주 전
V4 게임,https://www.youtube.com/watch?v=FLPki1eOXZM,43회,스트리밍 시간: 3주 전
V4 게임,https://www.youtube.com/watch?v=S8Hs450E5sQ,576회,3주 전
V4 게임,https://www.youtube.com/watch?v=yMMlH37GbOY,4.6천회,3주 전
V4 게임,https://www.youtube.com/watch?v=pQa_juzB6oY,2만회,3주 전
V4 게임,https://www.youtube.com/watch?v=9I9a-vhw33E,4.5만회,3주 전
V4 게임,https://www.youtube.com/watch?v=kNRs4fCPWiE,86회,3주 전
V4 게임,https://www.youtube.com/watch?v=9xE4R4zsryM,201회,3주 전
V4 게임,https://www.youtube.com/watch?v=HAXZgHwWhcY,249회,3주 전
V4 게임,https://www.youtube.com/watch?v=YNCIZfJpIk4,544회,3주 전
V4 게임,https://www.youtube.com/watch?v=YSg182IHQSU,6.6천회,스트리밍 시간: 3주 전
V4 게임,https://www.youtube.com/watch?v=L5MOUqzi5zA,92회,스트리밍 시간: 3주 전
V4 게임,https://www.youtube.com/watch?v=l02kGJfiUFA,9.8천회,3주 전
V4 게임,https://www.youtube.com/watch?v=eBfsoHAY1cA,483회,3주 전
V4 게임,https://www.youtube.com/watch?v=mhyiiCtucKQ,18회,3주 전
V4 게임,https://www.youtube.com/watch?v=xOPLzPfwaSY,339회,스트리밍 시간: 3주 전
V4 게임,https://www.youtube.com/watch?v=0SWUVQ2wmkY,8회,스트리밍 시간: 3주 전
V4 게임,https://www.youtube.com/watch?v=6eBqOS7zesA,26회,스트리밍 시간: 3주 전
V4 게임,https://www.youtube.com/watch?v=KpjwPhjdgkQ,2.6만회,3주 전
V4 게임,https://www.youtube.com/watch?v=WVPAuPq6XYI,433회,3주 전
V4 게임,https://www.youtube.com/watch?v=i2yhWmkqS1Q,2.8천회,3주 전
V4 게임,https://www.youtube.com/watch?v=Mkj2fxZHMbI,476회,3주 전
V4 게임,https://www.youtube.com/watch?v=iDQUefvJga4,1.9천회,3주 전
V4 게임,https://www.youtube.com/watch?v=moPwUlkigio,5.6만회,3주 전
V4 게임,https://www.youtube.com/watch?v=Kki6UsYVAEw,4.2천회,3주 전
V4 게임,https://www.youtube.com/watch?v=yfyak130neQ,없음,3주 전
V4 게임,https://www.youtube.com/watch?v=Qm9_spD2H8I,9.2천회,스트리밍 시간: 3주 전
V4 게임,https://www.youtube.com/watch?v=i4l7dkUcPsE,1.6만회,3주 전
V4 게임,https://www.youtube.com/watch?v=mcoj0pLlj4g,267회,스트리밍 시간: 3주 전
V4 게임,https://www.youtube.com/watch?v=4Il6a0RqEag,17회,3주 전
V4 게임,https://www.youtube.com/watch?v=QqVP0t3eN4I,6.2천회,스트리밍 시간: 3주 전
V4 게임,https://www.youtube.com/watch?v=n0hzI33ZlNo,3천회,3주 전
V4 게임,https://www.youtube.com/watch?v=uPn743U6nyQ,6회,3주 전
V4 게임,https://www.youtube.com/watch?v=i0vKSJre46Q,1.1만회,3주 전
V4 게임,https://www.youtube.com/watch?v=u_7JwKvAVTA,476회,3주 전
V4 게임,https://www.youtube.com/watch?v=VBiJidlhP9M,1.6천회,3주 전
V4 게임,https://www.youtube.com/watch?v=QZKa_x7cCng,8회,3주 전
V4 게임,https://www.youtube.com/watch?v=dfXV5375bm4,275회,스트리밍 시간: 3주 전
V4 게임,https://www.youtube.com/watch?v=eqorsGGUMvY,546회,3주 전
V4 게임,https://www.youtube.com/watch?v=M5u2r1lbug8,3회,3주 전
V4 게임,https://www.youtube.com/watch?v=qxP7pCrQ3Q4,1.6천회,3주 전
V4 게임,https://www.youtube.com/watch?v=EKMkkBP3RQw,16회,3주 전
V4 게임,https://www.youtube.com/watch?v=-RB6TrxSTdk,없음,3주 전
V4 게임,https://www.youtube.com/watch?v=yTs6P8CUqrA,없음,3주 전
V4 게임,https://www.youtube.com/watch?v=lHkXIbeXZ_A,5만회,3주 전
V4 게임,https://www.youtube.com/watch?v=NtgMYXlw6kI,1.1천회,3주 전
V4 게임,https://www.youtube.com/watch?v=I6RRJVGBVu0,546회,3주 전
V4 게임,https://www.youtube.com/watch?v=BJ0gg5aWOkw,7회,스트리밍 시간: 3주 전
V4 게임,https://www.youtube.com/watch?v=8eL3Ja2q3Vo,5.7천회,3주 전
V4 게임,https://www.youtube.com/watch?v=Aw6H4wzTOIQ,2회,스트리밍 시간: 4주 전
V4 게임,https://www.youtube.com/watch?v=FqCNN1sw1Sc,394회,스트리밍 시간: 4주 전
V4 게임,https://www.youtube.com/watch?v=HtNXi2AoVnQ,315회,스트리밍 시간: 4주 전
V4 게임,https://www.youtube.com/watch?v=12PFAVNVAUA,5.5만회,4주 전
V4 게임,https://www.youtube.com/watch?v=httiF9U4rrA,5.7천회,4주 전
V4 게임,https://www.youtube.com/watch?v=o0CAfX-ZNF0,4회,4주 전
V4 게임,https://www.youtube.com/watch?v=vD32qo0lVY8,5만회,4주 전
V4 게임,https://www.youtube.com/watch?v=O0-Ud9ziwvU,480회,4주 전
V4 게임,https://www.youtube.com/watch?v=G4U0KrmZ930,3만회,4주 전
V4 게임,https://www.youtube.com/watch?v=S5Ib2s0Z3SE,5.1천회,스트리밍 시간: 4주 전
V4 게임,https://www.youtube.com/watch?v=nKOa4aVZ7xM,5.7천회,4주 전
V4 게임,https://www.youtube.com/watch?v=se79_yY0OxU,1.1천회,4주 전
V4 게임,https://www.youtube.com/watch?v=NQ2AU5sEZ8s,24회,4주 전
V4 게임,https://www.youtube.com/watch?v=Og1S54pm4Hc,없음,스트리밍 시간: 4주 전
V4 게임,https://www.youtube.com/watch?v=QO5c-Z7OD5g,1만회,스트리밍 시간: 4주 전
V4 게임,https://www.youtube.com/watch?v=SvZprwdNHFk,449회,4주 전
V4 게임,https://www.youtube.com/watch?v=RIC4OhW3q-M,14회,4주 전
V4 게임,https://www.youtube.com/watch?v=_kwGtuxSxH8,73회,4주 전
V4 게임,https://www.youtube.com/watch?v=ZIJKM317bBc,451회,4주 전
V4 게임,https://www.youtube.com/watch?v=OBRAhTpwR0A,136회,4주 전
V4 게임,https://www.youtube.com/watch?v=Sz2keuE6LZI,2.5만회,1개월 전
V4 게임,https://www.youtube.com/watch?v=Q_Zenwgkm4k,696회,1개월 전
V4 게임,https://www.youtube.com/watch?v=mxTPwSmp71o,2.1천회,1개월 전
V4 게임,https://www.youtube.com/watch?v=_C5osVj4-Jo,5.8천회,1개월 전
V4 게임,https://www.youtube.com/watch?v=pMCO8x7PUcs,67회,1개월 전
V4 게임,https://www.youtube.com/watch?v=BNuAty9d_uI,3회,스트리밍 시간: 1개월 전
V4 게임,https://www.youtube.com/watch?v=lybIrP4q4wU,26회,1개월 전
V4 게임,https://www.youtube.com/watch?v=8miMGJ6eHqk,34회,1개월 전
V4 게임,https://www.youtube.com/watch?v=rpMRXdOvfV0,1.4만회,스트리밍 시간: 1개월 전
V4 게임,https://www.youtube.com/watch?v=qtXqrCYlmLo,1천회,1개월 전
V4 게임,https://www.youtube.com/watch?v=cLRxSnRKd6I,3.9천회,1개월 전
V4 게임,https://www.youtube.com/watch?v=y6HN1Pojj9k,155회,1개월 전
V4 게임,https://www.youtube.com/watch?v=2qsSza-K95E,3.9천회,1개월 전
V4 게임,https://www.youtube.com/watch?v=kHRMnSmAXu4,1.3천회,1개월 전
V4 게임,https://www.youtube.com/watch?v=azIrtKzRe4w,2.7천회,1개월 전
V4 게임,https://www.youtube.com/watch?v=2GXH0CD5xS4,2만회,1개월 전
V4 게임,https://www.youtube.com/watch?v=6Ln9fTnZTrc,96회,스트리밍 시간: 1개월 전
V4 게임,https://www.youtube.com/watch?v=5EN9lPL6Vng,412회,1개월 전
V4 게임,https://www.youtube.com/watch?v=9i-tv07VdYA,5회,스트리밍 시간: 1개월 전
V4 게임,https://www.youtube.com/watch?v=b5LuWgCcFB0,9.2천회,1개월 전
V4 게임,https://www.youtube.com/watch?v=xYuc1XYSX3U,5.7천회,1개월 전
V4 게임,https://www.youtube.com/watch?v=mBEwqJvTdoU,32회,1개월 전
V4 게임,https://www.youtube.com/watch?v=K9XGG9sHnIY,1.3만회,1개월 전
V4 게임,https://www.youtube.com/watch?v=pR8Qe3BqYmc,7.4천회,1개월 전
V4 게임,https://www.youtube.com/watch?v=wadbcQnaVTI,7.3천회,1개월 전
V4 게임,https://www.youtube.com/watch?v=Tzzf2f4G1gU,3.4만회,1개월 전
V4 게임,https://www.youtube.com/watch?v=t72VhJcmAqY,54회,스트리밍 시간: 1개월 전
V4 게임,https://www.youtube.com/watch?v=YRkBnV81WtE,771회,스트리밍 시간: 1개월 전
V4 게임,https://www.youtube.com/watch?v=7FH9BAvR_zk,81회,스트리밍 시간: 1개월 전
V4 게임,https://www.youtube.com/watch?v=W87ptjMH-aY,91회,스트리밍 시간: 1개월 전
V4 게임,https://www.youtube.com/watch?v=mKc8lAhby8U,920회,스트리밍 시간: 1개월 전
V4 게임,https://www.youtube.com/watch?v=mGw4oqpRbac,74회,1개월 전
V4 게임,https://www.youtube.com/watch?v=gkiJWS_u90A,1천회,1개월 전
V4 게임,https://www.youtube.com/watch?v=z2M0DZLg7p4,1만회,1개월 전
V4 게임,https://www.youtube.com/watch?v=XoiAT8imJkY,5.9만회,1개월 전
V4 게임,https://www.youtube.com/watch?v=uILRxB5sZRc,5.6만회,1개월 전
V4 게임,https://www.youtube.com/watch?v=wareTpA-5wo,5.1만회,1개월 전
V4 게임,https://www.youtube.com/watch?v=nXTMSS-AqwA,49회,1개월 전
V4 게임,https://www.youtube.com/watch?v=WvI-b8IGuHo,964회,스트리밍 시간: 1개월 전
V4 게임,https://www.youtube.com/watch?v=3jqegbjYXbE,1.7만회,스트리밍 시간: 1개월 전
V4 게임,https://www.youtube.com/watch?v=xW6XmtzwW3I,136회,1개월 전
V4 게임,https://www.youtube.com/watch?v=fO2fZC7JEFQ,19회,스트리밍 시간: 1개월 전
V4 게임,https://www.youtube.com/watch?v=BqDvPIwBesM,3.4만회,1개월 전
V4 게임,https://www.youtube.com/watch?v=VCMM73Kkrv8,22회,스트리밍 시간: 1개월 전
V4 게임,https://www.youtube.com/watch?v=xNj4yhBScOc,8.3천회,스트리밍 시간: 1개월 전
V4 게임,https://www.youtube.com/watch?v=e09vKDxX9JE,426회,1개월 전
V4 게임,https://www.youtube.com/watch?v=hf2Dy1GZ_B8,52회,스트리밍 시간: 1개월 전
V4 게임,https://www.youtube.com/watch?v=wE-QXWPf7HU,1.5만회,1개월 전
V4 게임,https://www.youtube.com/watch?v=geAU6zAHenE,140회,스트리밍 시간: 1개월 전
V4 게임,https://www.youtube.com/watch?v=2ctZqVdvuDg,4천회,1개월 전
V4 게임,https://www.youtube.com/watch?v=ke0EMkhNxcY,35회,스트리밍 시간: 1개월 전
V4 게임,https://www.youtube.com/watch?v=SfLL7SG9Mj8,966회,1개월 전
V4 게임,https://www.youtube.com/watch?v=KqRKxNWlVFo,94회,1개월 전
V4 게임,https://www.youtube.com/watch?v=iEnX8W1SNgs,9회,1개월 전
V4 게임,https://www.youtube.com/watch?v=6wtJdbSWdw8,75회,1개월 전
V4 게임,https://www.youtube.com/watch?v=DXYN0GiWlvY,9회,1개월 전
V4 게임,https://www.youtube.com/watch?v=2sp_AKvMvT0,923회,1개월 전
V4 게임,https://www.youtube.com/watch?v=qZ5UeqhhPlI,34회,스트리밍 시간: 1개월 전
V4 게임,https://www.youtube.com/watch?v=DwHyYjL0w3o,22회,스트리밍 시간: 1개월 전
V4 게임,https://www.youtube.com/watch?v=n2ZxTs1UvZU,2.7천회,1개월 전
V4 게임,https://www.youtube.com/watch?v=wmWnPasXC5s,6만회,1개월 전
V4 게임,https://www.youtube.com/watch?v=ixGWW-mMNtM,5.2만회,1개월 전
V4 게임,https://www.youtube.com/watch?v=1wPvgisZcdw,1.8천회,1개월 전
V4 게임,https://www.youtube.com/watch?v=90UfvYUw83U,21회,1개월 전
V4 게임,https://www.youtube.com/watch?v=zrsIFAX-WFc,24회,1개월 전
V4 게임,https://www.youtube.com/watch?v=wkWyUsvHRoc,563회,1개월 전
V4 게임,https://www.youtube.com/watch?v=FD1nkcOB7vM,166회,스트리밍 시간: 1개월 전
V4 게임,https://www.youtube.com/watch?v=wibzTdHDTi0,619회,1개월 전
V4 게임,https://www.youtube.com/watch?v=pm9vZOHPTR8,3.1만회,스트리밍 시간: 1개월 전
V4 게임,https://www.youtube.com/watch?v=t93oCcD5Kcs,11회,1개월 전
V4 게임,https://www.youtube.com/watch?v=INi3pSnbV08,4.1천회,1개월 전
V4 게임,https://www.youtube.com/watch?v=C_DIqmSykk8,32만회,1개월 전
V4 게임,https://www.youtube.com/watch?v=BysUsXtEI_0,619회,1개월 전
V4 게임,https://www.youtube.com/watch?v=emGP8Wu3JX8,85회,스트리밍 시간: 1개월 전
V4 게임,https://www.youtube.com/watch?v=xe0o8k_QEvg,27회,1개월 전
V4 게임,https://www.youtube.com/watch?v=snNVnJcyG2o,6.9만회,1개월 전
V4 게임,https://www.youtube.com/watch?v=82KW44AGWro,없음,스트리밍 시간: 1개월 전
V4 게임,https://www.youtube.com/watch?v=UbEs4RGWp2g,1.1만회,1개월 전
V4 게임,https://www.youtube.com/watch?v=GsGygQORqGw,17만회,1개월 전
V4 게임,https://www.youtube.com/watch?v=nPZ51KA-wgA,3.4천회,1개월 전
V4 게임,https://www.youtube.com/watch?v=feTFXfxYLBI,4.2천회,1개월 전
V4 게임,https://www.youtube.com/watch?v=hVTXCuJjbOg,10회,스트리밍 시간: 1개월 전
V4 게임,https://www.youtube.com/watch?v=ZyzBPRHa6qY,477회,1개월 전
V4 게임,https://www.youtube.com/watch?v=7MpGBiJJUws,699회,1개월 전
V4 게임,https://www.youtube.com/watch?v=AVDodVHjEIs,3만회,1개월 전
V4 게임,https://www.youtube.com/watch?v=Jv6OJSTXY-o,6회,스트리밍 시간: 1개월 전
V4 게임,https://www.youtube.com/watch?v=dkix0bHp3aY,3천회,1개월 전
V4 게임,https://www.youtube.com/watch?v=CXFR_jMVk5c,18회,스트리밍 시간: 1개월 전
V4 게임,https://www.youtube.com/watch?v=qi6W08JUKx4,631회,1개월 전
V4 게임,https://www.youtube.com/watch?v=0ZAnzyTqJrU,14만회,1개월 전
V4 게임,https://www.youtube.com/watch?v=4nzM6T7UlOE,427회,스트리밍 시간: 1개월 전
V4 게임,https://www.youtube.com/watch?v=ppgxWoIEksk,68회,1개월 전
V4 게임,https://www.youtube.com/watch?v=deSfRkqjsBs,43회,1개월 전
V4 게임,https://www.youtube.com/watch?v=qIqpa82iXSc,55회,스트리밍 시간: 1개월 전
V4 게임,https://www.youtube.com/watch?v=SPZFK5yMRrs,40회,스트리밍 시간: 1개월 전
V4 게임,https://www.youtube.com/watch?v=iZN1YCFEVoQ,2.2만회,스트리밍 시간: 1개월 전
V4 게임,https://www.youtube.com/watch?v=BEm42DwAa2w,4.1만회,1개월 전
V4 게임,https://www.youtube.com/watch?v=PcfLOXXBlPo,398회,1개월 전
V4 게임,https://www.youtube.com/watch?v=OGvstu9txHo,3.4천회,1개월 전
V4 게임,https://www.youtube.com/watch?v=YvywYJWGROI,5.6천회,1개월 전
V4 게임,https://www.youtube.com/watch?v=FOI570K9rfY,69회,1개월 전
V4 게임,https://www.youtube.com/watch?v=xLZw-s8-Ag8,28회,1개월 전
V4 게임,https://www.youtube.com/watch?v=rrsJi2itccE,없음,1개월 전
V4 게임,https://www.youtube.com/watch?v=kKXYRjWDjKk,41회,스트리밍 시간: 1개월 전
V4 게임,https://www.youtube.com/watch?v=qlldwPdOMbg,96회,1개월 전
V4 게임,https://www.youtube.com/watch?v=Ekv3sjIxVwE,14만회,1개월 전
V4 게임,https://www.youtube.com/watch?v=_4E6O4Ir8vI,4.3만회,1개월 전
V4 게임,https://www.youtube.com/watch?v=sgqXRYEGeb0,6.2천회,1개월 전
V4 게임,https://www.youtube.com/watch?v=jzOoxhCad0g,1.5천회,1개월 전
V4 게임,https://www.youtube.com/watch?v=HBZZhp3yGOM,121회,1개월 전
V4 게임,https://www.youtube.com/watch?v=wERwlfTsP4s,7.5천회,1개월 전
V4 게임,https://www.youtube.com/watch?v=-lYTFPNPty4,7.4만회,1개월 전
V4 게임,https://www.youtube.com/watch?v=buMWc8ebhgc,274회,1개월 전
V4 게임,https://www.youtube.com/watch?v=KkbhFSBjrIs,15회,1개월 전
V4 게임,https://www.youtube.com/watch?v=eJRXAmL8IbY,5.3천회,1개월 전
V4 게임,https://www.youtube.com/watch?v=06tdRCeyd_Y,1.7만회,1개월 전
V4 게임,https://www.youtube.com/watch?v=2bo_lT25NRI,477회,1개월 전
V4 게임,https://www.youtube.com/watch?v=JAtHqvZmHFw,2.1천회,1개월 전
V4 게임,https://www.youtube.com/watch?v=zHBQqOCaBTA,1.5만회,1개월 전
V4 게임,https://www.youtube.com/watch?v=P8v-mZ4k8UE,6.7천회,1개월 전
V4 게임,https://www.youtube.com/watch?v=uZwRiFaV2rE,5.5천회,1개월 전
V4 게임,https://www.youtube.com/watch?v=AvvZ3AU4ads,164회,1개월 전
V4 게임,https://www.youtube.com/watch?v=4QcsADduGpg,9회,스트리밍 시간: 1개월 전
V4 게임,https://www.youtube.com/watch?v=kHBZPl9o7j0,372회,1개월 전
V4 게임,https://www.youtube.com/watch?v=giGwiCH9YAI,2.6만회,1개월 전
V4 게임,https://www.youtube.com/watch?v=d418Z6byp8c,4.7만회,1개월 전
V4 게임,https://www.youtube.com/watch?v=R-cJquZKrNc,991회,1개월 전
V4 게임,https://www.youtube.com/watch?v=LGbEXAYIvHw,4.9천회,1개월 전
V4 게임,https://www.youtube.com/watch?v=eWbjRxXxO0s,73회,스트리밍 시간: 1개월 전
V4 게임,https://www.youtube.com/watch?v=fqoNYLgE4NU,823회,1개월 전
V4 게임,https://www.youtube.com/watch?v=drSN46kEN9w,2만회,1개월 전
V4 게임,https://www.youtube.com/watch?v=3HMnYsmsV-s,2.4천회,1개월 전
V4 게임,https://www.youtube.com/watch?v=5dKDNO06r18,1.3만회,1개월 전
V4 게임,https://www.youtube.com/watch?v=BDa-T80aBBo,9회,스트리밍 시간: 1개월 전
V4 게임,https://www.youtube.com/watch?v=MeJHFAS1EZo,11회,1개월 전
V4 게임,https://www.youtube.com/watch?v=WYi50DHRfxU,80회,스트리밍 시간: 1개월 전
V4 게임,https://www.youtube.com/watch?v=yWbNUn15bdQ,9회,스트리밍 시간: 1개월 전
V4 게임,https://www.youtube.com/watch?v=knY5x02Smek,108회,1개월 전
V4 게임,https://www.youtube.com/watch?v=DYvE9IOcohU,4.6만회,스트리밍 시간: 1개월 전
V4 게임,https://www.youtube.com/watch?v=GfoGWw_jDps,64회,1개월 전
V4 게임,https://www.youtube.com/watch?v=99slK0cPFNM,12회,1개월 전
V4 게임,https://www.youtube.com/watch?v=VdlcWbpxzK0,5회,1개월 전
V4 게임,https://www.youtube.com/watch?v=7PmxhRtEoSQ,101회,1개월 전
V4 게임,https://www.youtube.com/watch?v=Lav572XLPAM,1.6천회,1개월 전
V4 게임,https://www.youtube.com/watch?v=wz8gLuDVAio,48회,1개월 전
V4 게임,https://www.youtube.com/watch?v=79pDlapekYE,47회,1개월 전
V4 게임,https://www.youtube.com/watch?v=ODgvHbMwdk0,1회,1개월 전
V4 게임,https://www.youtube.com/watch?v=TwyJhgp4Yv0,28회,1개월 전
V4 게임,https://www.youtube.com/watch?v=VQq-PbGMG1E,4회,1개월 전
V4 게임,https://www.youtube.com/watch?v=QBXBFzpgSY8,432회,1개월 전
V4 게임,https://www.youtube.com/watch?v=pLVXrG3YwEc,99회,스트리밍 시간: 1개월 전
V4 게임,https://www.youtube.com/watch?v=8PBMO8a5dro,70회,1개월 전
V4 게임,https://www.youtube.com/watch?v=a2jv3mY3L8o,4.9천회,1개월 전
V4 게임,https://www.youtube.com/watch?v=uq4xkbhwe94,2.7만회,1개월 전
V4 게임,https://www.youtube.com/watch?v=USlxgRtjat8,4천회,스트리밍 시간: 1개월 전
V4 게임,https://www.youtube.com/watch?v=8qVeYwlcsC4,2.7만회,1개월 전
V4 게임,https://www.youtube.com/watch?v=zoqwftqpuvo,1.2천회,1개월 전
V4 게임,https://www.youtube.com/watch?v=WX8UPJvbNBU,1.7천회,1개월 전
V4 게임,https://www.youtube.com/watch?v=ADoAe1FL8TA,2.3만회,1개월 전
V4 게임,https://www.youtube.com/watch?v=ma5-mT_01dE,357회,스트리밍 시간: 1개월 전
V4 게임,https://www.youtube.com/watch?v=-WHs8lrHZqU,2.2만회,1개월 전
V4 게임,https://www.youtube.com/watch?v=OPCriBt1n6E,467회,1개월 전
V4 게임,https://www.youtube.com/watch?v=mExy8rx-MVY,258회,1개월 전
V4 게임,https://www.youtube.com/watch?v=-pcNXqaNDik,1.2만회,1개월 전
V4 게임,https://www.youtube.com/watch?v=7mlgi1c9CV8,1.7천회,1개월 전
V4 게임,https://www.youtube.com/watch?v=hI2Pxg-sArc,2.4천회,스트리밍 시간: 1개월 전
V4 게임,https://www.youtube.com/watch?v=OCJQh7p1594,5.3만회,스트리밍 시간: 1개월 전
V4 게임,https://www.youtube.com/watch?v=vJVDIXzOlIA,3만회,1개월 전
V4 게임,https://www.youtube.com/watch?v=7zHoPJf2Te4,1만회,1개월 전
V4 게임,https://www.youtube.com/watch?v=MIlLtqRVyLc,35회,스트리밍 시간: 1개월 전
V4 게임,https://www.youtube.com/watch?v=yAXE-mrRwg0,6.6천회,1개월 전
V4 게임,https://www.youtube.com/watch?v=R0qrueOG5vc,937회,1개월 전
V4 게임,https://www.youtube.com/watch?v=NTyjpQR2Lh8,6.2천회,1개월 전
V4 게임,https://www.youtube.com/watch?v=IiJ1YwJYWDE,9천회,1개월 전
V4 게임,https://www.youtube.com/watch?v=LjQWvQpmuDY,6.1천회,1개월 전
V4 게임,https://www.youtube.com/watch?v=C9cLpq21CIY,8.1천회,1개월 전
V4 게임,https://www.youtube.com/watch?v=8ygLYU-_YbM,10만회,1개월 전
V4 게임,https://www.youtube.com/watch?v=W5olVN5unXc,331회,스트리밍 시간: 1개월 전
V4 게임,https://www.youtube.com/watch?v=Obd3-QebdTY,97회,1개월 전
V4 게임,https://www.youtube.com/watch?v=aPM4Y3ZcDv8,13만회,스트리밍 시간: 1개월 전
V4 게임,https://www.youtube.com/watch?v=iya-EMZ5MZo,1.8천회,1개월 전
V4 게임,https://www.youtube.com/watch?v=-__Yg37XJqE,2천회,스트리밍 시간: 1개월 전
V4 게임,https://www.youtube.com/watch?v=9oEnDDDsjPU,1.4만회,스트리밍 시간: 1개월 전
V4 게임,https://www.youtube.com/watch?v=f5pkAYY-5ho,3.1천회,1개월 전
V4 게임,https://www.youtube.com/watch?v=AkJP4mzr2n4,2.7만회,1개월 전
V4 게임,https://www.youtube.com/watch?v=lyR26NtBDB0,4천회,1개월 전
V4 게임,https://www.youtube.com/watch?v=OFYK7FR_BDQ,7.6천회,스트리밍 시간: 1개월 전
V4 게임,https://www.youtube.com/watch?v=J-uTup1vLwA,4.9만회,1개월 전
V4 게임,https://www.youtube.com/watch?v=xqGrPjVaOgA,14회,1개월 전
V4 게임,https://www.youtube.com/watch?v=j8_s5ZsWYng,2.3만회,1개월 전
V4 게임,https://www.youtube.com/watch?v=L_rkvdwM5uw,86회,스트리밍 시간: 1개월 전
V4 게임,https://www.youtube.com/watch?v=DHhXuBO0FuE,7.7천회,1개월 전
V4 게임,https://www.youtube.com/watch?v=6WSKjuyvC0o,2.2만회,1개월 전
V4 게임,https://www.youtube.com/watch?v=cNKD2TEOqTs,5.9천회,1개월 전
V4 게임,https://www.youtube.com/watch?v=58oqlPMYbWk,4.6만회,스트리밍 시간: 1개월 전
V4 게임,https://www.youtube.com/watch?v=JRRjj7JlUc8,6.3천회,1개월 전
V4 게임,https://www.youtube.com/watch?v=DhNtVqFARLs,2.1만회,1개월 전
V4 게임,https://www.youtube.com/watch?v=t_pghOOZdZg,5.7천회,스트리밍 시간: 1개월 전
V4 게임,https://www.youtube.com/watch?v=KRrD9WdXPIw,455회,1개월 전
V4 게임,https://www.youtube.com/watch?v=3gdAJ-7bj1E,3만회,1개월 전
V4 게임,https://www.youtube.com/watch?v=6EFUwin9_Ac,1.2천회,스트리밍 시간: 1개월 전
V4 게임,https://www.youtube.com/watch?v=afkPWgw64hM,1.5만회,1개월 전
V4 게임,https://www.youtube.com/watch?v=20kiTNCVQHs,4.1만회,1개월 전
V4 게임,https://www.youtube.com/watch?v=en470yPiSY4,143회,1개월 전
V4 게임,https://www.youtube.com/watch?v=1DhEWl1f-rM,7.7천회,1개월 전
V4 게임,https://www.youtube.com/watch?v=g-DX0hY_BSI,7.4천회,1개월 전
V4 게임,https://www.youtube.com/watch?v=Hkt_OWDXzPM,1.4천회,1개월 전
V4 게임,https://www.youtube.com/watch?v=0ES_9wZWuLI,1.9천회,1개월 전
V4 게임,https://www.youtube.com/watch?v=8eooYDT7djM,114회,1개월 전
V4 게임,https://www.youtube.com/watch?v=S6OSw3fRub0,860회,스트리밍 시간: 1개월 전
V4 게임,https://www.youtube.com/watch?v=Uit1hwUSvZA,1.6천회,스트리밍 시간: 1개월 전
V4 게임,https://www.youtube.com/watch?v=ihJBktFhkZg,247회,1개월 전
V4 게임,https://www.youtube.com/watch?v=ncG_J5svRns,952회,1개월 전
V4 게임,https://www.youtube.com/watch?v=k2EFiRfpP8A,256회,1개월 전
V4 게임,https://www.youtube.com/watch?v=RluJyi4huys,5.8만회,1개월 전
V4 게임,https://www.youtube.com/watch?v=yG-DIyZHLkk,21회,1개월 전
V4 게임,https://www.youtube.com/watch?v=Ko_AvSXGoO4,3.1천회,1개월 전
V4 게임,https://www.youtube.com/watch?v=jRsBOwpg4X8,6.8만회,1개월 전
V4 게임,https://www.youtube.com/watch?v=rF6o1qB4rZI,334회,1개월 전
V4 게임,https://www.youtube.com/watch?v=99kVwEA18JA,261회,1개월 전
V4 게임,https://www.youtube.com/watch?v=6VC1dgvcDmI,7.8천회,1개월 전
V4 게임,https://www.youtube.com/watch?v=TfqnJNdRRfU,5.4천회,1개월 전
V4 게임,https://www.youtube.com/watch?v=73k1FxPFI4U,5.6만회,1개월 전
V4 게임,https://www.youtube.com/watch?v=Z2qHzIuAHJU,1.1만회,1개월 전
V4 게임,https://www.youtube.com/watch?v=6ffnfEOhotc,1.2만회,1개월 전
V4 게임,https://www.youtube.com/watch?v=qVb0pCjCYq8,3.7만회,1개월 전
V4 게임,https://www.youtube.com/watch?v=a3DD0wrKs0w,4.1천회,1개월 전
V4 게임,https://www.youtube.com/watch?v=OQNJP4on_nc,3.6만회,1개월 전
V4 게임,https://www.youtube.com/watch?v=RzZu1xEziro,1.7만회,1개월 전
V4 게임,https://www.youtube.com/watch?v=6nUkWkMrewQ,1.5만회,1개월 전
V4 게임,https://www.youtube.com/watch?v=Vp9h5MdFD0Y,2.1만회,스트리밍 시간: 1개월 전
V4 게임,https://www.youtube.com/watch?v=3nhtRtPJJTQ,3.7만회,1개월 전
V4 게임,https://www.youtube.com/watch?v=UfwV93_kLws,2천회,1개월 전
V4 게임,https://www.youtube.com/watch?v=KMNNfKXdRLQ,440만회,1개월 전
V4 게임,https://www.youtube.com/watch?v=-LizizbCGfw,3.8만회,1개월 전
V4 게임,https://www.youtube.com/watch?v=ADbxbk6J_10,1.4만회,1개월 전
V4 게임,https://www.youtube.com/watch?v=9oz7gkvMtxU,73회,1개월 전
V4 게임,https://www.youtube.com/watch?v=3YhxOBt3h2E,6.4만회,1개월 전
V4 게임,https://www.youtube.com/watch?v=uMGw2tehhCo,972회,1개월 전
V4 게임,https://www.youtube.com/watch?v=Cj-wcr2Nn_Y,3.2천회,1개월 전
V4 게임,https://www.youtube.com/watch?v=L8K99hk3G-Q,40회,1개월 전
V4 게임,https://www.youtube.com/watch?v=QbZPZfQBfuY,4.2천회,1개월 전
V4 게임,https://www.youtube.com/watch?v=5r-p8ljq-gI,297회,1개월 전
V4 게임,https://www.youtube.com/watch?v=qtKuzNcAPvg,507회,1개월 전
V4 게임,https://www.youtube.com/watch?v=cMnc4RWpsyg,3만회,1개월 전
V4 게임,https://www.youtube.com/watch?v=1fKvfWFR0_U,18만회,1개월 전
V4 게임,https://www.youtube.com/watch?v=hTrfl1Ier64,1만회,1개월 전
V4 게임,https://www.youtube.com/watch?v=lSA8k-a7ptU,1.8만회,1개월 전
V4 게임,https://www.youtube.com/watch?v=6yV8TkxzVqA,2.8만회,1개월 전
V4 게임,https://www.youtube.com/watch?v=BhxDRa3SioA,7.7천회,1개월 전
V4 게임,https://www.youtube.com/watch?v=B_2T1gqpU8w,2.4만회,1개월 전
V4 게임,https://www.youtube.com/watch?v=Q2ZHN4YE51w,2만회,1개월 전
V4 게임,https://www.youtube.com/watch?v=AxvEFPVm9j4,1.8만회,1개월 전
V4 게임,https://www.youtube.com/watch?v=39Ko5GPgRtM,2.3만회,1개월 전
V4 게임,https://www.youtube.com/watch?v=J595ieutxMs,9.9천회,1개월 전
V4 게임,https://www.youtube.com/watch?v=cia7sdaq6BI,457회,1개월 전
V4 게임,https://www.youtube.com/watch?v=B_d9h2bkmL4,130회,1개월 전
V4 게임,https://www.youtube.com/watch?v=S7fpHURwDQQ,12만회,1개월 전
V4 게임,https://www.youtube.com/watch?v=CfB8B1SG_PU,68회,2개월 전
V4 게임,https://www.youtube.com/watch?v=RDMhNDW2NFI,4.5천회,2개월 전
V4 게임,https://www.youtube.com/watch?v=Qo02IzBKBig,1.8만회,2개월 전
V4 게임,https://www.youtube.com/watch?v=GPSaa0UKS6M,1.2만회,2개월 전
V4 게임,https://www.youtube.com/watch?v=9yXhhxBH4Ag,445만회,2개월 전
V4 게임,https://www.youtube.com/watch?v=yaAvku-XFLQ,2.6천회,2개월 전
V4 게임,https://www.youtube.com/watch?v=Zrf9oFqFcHY,8.3만회,2개월 전
V4 게임,https://www.youtube.com/watch?v=WrFttN6TOu8,173회,2개월 전
V4 게임,https://www.youtube.com/watch?v=W8fIA58RoEM,7.7천회,2개월 전
V4 게임,https://www.youtube.com/watch?v=-DTaux5peHQ,14만회,2개월 전
V4 게임,https://www.youtube.com/watch?v=PJj8UOwCj1Y,348만회,2개월 전
V4 게임,https://www.youtube.com/watch?v=kZKrhAc2Hxw,122회,2개월 전
V4 게임,https://www.youtube.com/watch?v=PldhaTNfLYg,40회,2개월 전
V4 게임,https://www.youtube.com/watch?v=KHZioY_vc1A,1.1만회,2개월 전
V4 게임,https://www.youtube.com/watch?v=ivFyjCl8tlM,10만회,2개월 전
V4 게임,https://www.youtube.com/watch?v=5GInA0D6g3k,1.2천회,2개월 전
V4 게임,https://www.youtube.com/watch?v=JYZ_8U0BBfA,4.2만회,2개월 전
V4 게임,https://www.youtube.com/watch?v=ZwvjDBr0As0,3.4천회,2개월 전
V4 게임,https://www.youtube.com/watch?v=EOakMjCMHu0,580회,2개월 전
V4 게임,https://www.youtube.com/watch?v=TIUWf4CG0O0,1.9천회,스트리밍 시간: 2개월 전
V4 게임,https://www.youtube.com/watch?v=TZLQyaxNtNA,263회,2개월 전
V4 게임,https://www.youtube.com/watch?v=W0jyEcXtIBM,12만회,2개월 전
V4 게임,https://www.youtube.com/watch?v=np5IYvVz0qA,1만회,2개월 전
V4 게임,https://www.youtube.com/watch?v=0Q46RvUbulg,5.2천회,2개월 전
V4 게임,https://www.youtube.com/watch?v=M1Bf8eavdM4,1.5만회,2개월 전
V4 게임,https://www.youtube.com/watch?v=5mYK2IZ3kvk,1.4만회,2개월 전
V4 게임,https://www.youtube.com/watch?v=fWvk9k4NPnE,1.7만회,2개월 전
V4 게임,https://www.youtube.com/watch?v=VjxLHiyM7lE,864회,2개월 전
V4 게임,https://www.youtube.com/watch?v=ENcA5kchkCA,2.1천회,2개월 전
V4 게임,https://www.youtube.com/watch?v=Ra673yj4fVo,2.1천회,2개월 전
V4 게임,https://www.youtube.com/watch?v=a-vb-9RWU9k,6천회,스트리밍 시간: 2개월 전
V4 게임,https://www.youtube.com/watch?v=AmS4zS-F0x4,966회,2개월 전
V4 게임,https://www.youtube.com/watch?v=15P5OL_qLf0,2.9천회,2개월 전
V4 게임,https://www.youtube.com/watch?v=PqjcdDN5vQU,1530만회,2개월 전
V4 게임,https://www.youtube.com/watch?v=RrwzbqmhD_A,2만회,2개월 전
V4 게임,https://www.youtube.com/watch?v=kYarqBWeYpg,1.3만회,2개월 전
V4 게임,https://www.youtube.com/watch?v=zZ7-iGs6W48,487회,2개월 전
V4 게임,https://www.youtube.com/watch?v=LGF5S0y6Gws,237회,2개월 전
V4 게임,https://www.youtube.com/watch?v=YOpBjs2b2t8,2.5천회,2개월 전
V4 게임,https://www.youtube.com/watch?v=p7SRbMEKKmc,5.2천회,2개월 전
V4 게임,https://www.youtube.com/watch?v=bwtqX19HfeU,1.8만회,2개월 전
V4 게임,https://www.youtube.com/watch?v=C7zJA2nx9D8,1.6만회,2개월 전
V4 게임,https://www.youtube.com/watch?v=s8w6fdhbwvk,9천회,2개월 전
V4 게임,https://www.youtube.com/watch?v=TAXNHdKHDnw,1.8만회,3개월 전
V4 게임,https://www.youtube.com/watch?v=Oys-GOhycF8,2.7만회,3개월 전
V4 게임,https://www.youtube.com/watch?v=Uxt0oGAYvLM,8.4천회,3개월 전
V4 게임,https://www.youtube.com/watch?v=1QeDJS5kxfw,1.6만회,3개월 전
V4 게임,https://www.youtube.com/watch?v=uMjf05FFCpQ,77회,3개월 전
V4 게임,https://www.youtube.com/watch?v=8nFvXTGzkwM,6.5천회,3개월 전
V4 게임,https://www.youtube.com/watch?v=j8LEdX6YOB4,4.2만회,3개월 전
V4 게임,https://www.youtube.com/watch?v=kXLaT8bvbKw,666회,3개월 전
V4 게임,https://www.youtube.com/watch?v=KlbtH9Em730,1.3천회,3개월 전
V4 게임,https://www.youtube.com/watch?v=RPMYbRPkl7U,1.3만회,3개월 전
V4 게임,https://www.youtube.com/watch?v=11NEaWFiR24,5.8천회,3개월 전
V4 게임,https://www.youtube.com/watch?v=lH2MF0Ohea0,2.7천회,3개월 전
V4 게임,https://www.youtube.com/watch?v=StUv0NIiT8s,1.3만회,3개월 전
V4 게임,https://www.youtube.com/watch?v=dHQ7GlOzFu8,4.8만회,3개월 전
V4 게임,https://www.youtube.com/watch?v=5I5AUjY2t8U,4.7천회,3개월 전
V4 게임,https://www.youtube.com/watch?v=4OqPr3BveMg,2.9만회,3개월 전
V4 게임,https://www.youtube.com/watch?v=VfjJtDqzaQU,1.2천회,3개월 전
V4 게임,https://www.youtube.com/watch?v=KkB1DmoDDLg,1.5천회,3개월 전
V4 게임,https://www.youtube.com/watch?v=im11Gxg2jPM,279회,3개월 전
V4 게임,https://www.youtube.com/watch?v=Z3EOL9GDO18,1649만회,3개월 전
V4 게임,https://www.youtube.com/watch?v=N35OHVSJfkI,4.3천회,3개월 전
V4 게임,https://www.youtube.com/watch?v=r7QBaMButig,9.8만회,3개월 전
V4 게임,https://www.youtube.com/watch?v=VPftI_qgVeY,1.5천회,3개월 전
V4 게임,https://www.youtube.com/watch?v=mcGrjFgZuyQ,375회,3개월 전
V4 게임,https://www.youtube.com/watch?v=uIwGnmrwZa0,4.1만회,3개월 전
V4 게임,https://www.youtube.com/watch?v=cKkeikl_MGw,1.2천회,3개월 전
V4 게임,https://www.youtube.com/watch?v=wDvHta25TyM,842회,3개월 전
V4 게임,https://www.youtube.com/watch?v=9nNTZPzAr5E,1.4만회,9개월 전
V4 게임,https://www.youtube.com/watch?v=SLtv1DVy92A,9.5천회,10개월 전
