﻿search,youtube_url,viewer,upload
Ink Inc. - Tattoo Tycoon 게임,https://www.youtube.com/watch?v=iHRabuPcorQ,없음,4시간 전
Ink Inc. - Tattoo Tycoon 게임,https://www.youtube.com/watch?v=ehjYldowXIk,10회,21시간 전
Ink Inc. - Tattoo Tycoon 게임,https://www.youtube.com/watch?v=mC0xlIp_6u0,2회,22시간 전
Ink Inc. - Tattoo Tycoon 게임,https://www.youtube.com/watch?v=HGZb_aAyp5I,3.7만회,4일 전
Ink Inc. - Tattoo Tycoon 게임,https://www.youtube.com/watch?v=3FsOB5Chst8,18만회,6일 전
Ink Inc. - Tattoo Tycoon 게임,https://www.youtube.com/watch?v=CciZ2sVQoX8,8.6천회,1주 전
Ink Inc. - Tattoo Tycoon 게임,https://www.youtube.com/watch?v=HQ1gV4Wslds,1.1천회,1주 전
Ink Inc. - Tattoo Tycoon 게임,https://www.youtube.com/watch?v=or2ZYS_m0wY,10만회,1주 전
Ink Inc. - Tattoo Tycoon 게임,https://www.youtube.com/watch?v=_oB2wJ5mLiQ,1회,1주 전
Ink Inc. - Tattoo Tycoon 게임,https://www.youtube.com/watch?v=igt2v41ArI8,7회,1주 전
Ink Inc. - Tattoo Tycoon 게임,https://www.youtube.com/watch?v=2jyopvhu0kY,9만회,1주 전
Ink Inc. - Tattoo Tycoon 게임,https://www.youtube.com/watch?v=n9u_HGMqts8,2회,1주 전
Ink Inc. - Tattoo Tycoon 게임,https://www.youtube.com/watch?v=YzmpGEo7Y9Y,5회,1주 전
Ink Inc. - Tattoo Tycoon 게임,https://www.youtube.com/watch?v=4QkQmtECX_0,8회,1주 전
Ink Inc. - Tattoo Tycoon 게임,https://www.youtube.com/watch?v=Digt4CZIRfo,289회,1주 전
Ink Inc. - Tattoo Tycoon 게임,https://www.youtube.com/watch?v=ofUFoFqk68I,94회,1주 전
Ink Inc. - Tattoo Tycoon 게임,https://www.youtube.com/watch?v=jB6EgWf-Og8,606회,1주 전
Ink Inc. - Tattoo Tycoon 게임,https://www.youtube.com/watch?v=wmrkPpwESGg,442회,1주 전
Ink Inc. - Tattoo Tycoon 게임,https://www.youtube.com/watch?v=oZerF4EyeKE,35만회,1주 전
Ink Inc. - Tattoo Tycoon 게임,https://www.youtube.com/watch?v=VSrl8Q9s7yI,401회,1주 전
Ink Inc. - Tattoo Tycoon 게임,https://www.youtube.com/watch?v=etx17wFBb64,15만회,2주 전
Ink Inc. - Tattoo Tycoon 게임,https://www.youtube.com/watch?v=eMjAO3gXlXg,89회,2주 전
Ink Inc. - Tattoo Tycoon 게임,https://www.youtube.com/watch?v=qhMA2TRYqLc,없음,2주 전
Ink Inc. - Tattoo Tycoon 게임,https://www.youtube.com/watch?v=7dOWRYtllZ8,246회,2주 전
Ink Inc. - Tattoo Tycoon 게임,https://www.youtube.com/watch?v=reKB5YVl_YA,100회,2주 전
Ink Inc. - Tattoo Tycoon 게임,https://www.youtube.com/watch?v=IxeHdXAbinM,30회,2주 전
Ink Inc. - Tattoo Tycoon 게임,https://www.youtube.com/watch?v=qsnEjjC2Rtg,2.4천회,2주 전
Ink Inc. - Tattoo Tycoon 게임,https://www.youtube.com/watch?v=qYLa2U6SQH0,245만회,2주 전
Ink Inc. - Tattoo Tycoon 게임,https://www.youtube.com/watch?v=isCGZc1oKDU,17회,2주 전
Ink Inc. - Tattoo Tycoon 게임,https://www.youtube.com/watch?v=g9fyLUKP82c,15만회,2주 전
Ink Inc. - Tattoo Tycoon 게임,https://www.youtube.com/watch?v=3gTaPUs8JIM,859회,2주 전
Ink Inc. - Tattoo Tycoon 게임,https://www.youtube.com/watch?v=oxUee8ZasAM,73만회,2주 전
Ink Inc. - Tattoo Tycoon 게임,https://www.youtube.com/watch?v=B1WUPLCRF1o,43회,2주 전
Ink Inc. - Tattoo Tycoon 게임,https://www.youtube.com/watch?v=kOewzSJ43ao,23회,2주 전
Ink Inc. - Tattoo Tycoon 게임,https://www.youtube.com/watch?v=NaiTqW2xXeo,70회,2주 전
Ink Inc. - Tattoo Tycoon 게임,https://www.youtube.com/watch?v=gfAQleUniow,475회,2주 전
Ink Inc. - Tattoo Tycoon 게임,https://www.youtube.com/watch?v=DMkMxPvy2Hw,436회,3주 전
Ink Inc. - Tattoo Tycoon 게임,https://www.youtube.com/watch?v=gtlkALbtylw,1.7천회,3주 전
Ink Inc. - Tattoo Tycoon 게임,https://www.youtube.com/watch?v=YuEDBK0LCg4,64회,3주 전
Ink Inc. - Tattoo Tycoon 게임,https://www.youtube.com/watch?v=8RfffaUWDKM,417회,3주 전
Ink Inc. - Tattoo Tycoon 게임,https://www.youtube.com/watch?v=0arT9LXswPQ,32회,3주 전
Ink Inc. - Tattoo Tycoon 게임,https://www.youtube.com/watch?v=nmjpMG3EQ0o,70회,3주 전
Ink Inc. - Tattoo Tycoon 게임,https://www.youtube.com/watch?v=nqHmaUXIxr8,816회,3주 전
Ink Inc. - Tattoo Tycoon 게임,https://www.youtube.com/watch?v=q6dpSaMI1m0,97회,3주 전
Ink Inc. - Tattoo Tycoon 게임,https://www.youtube.com/watch?v=eDexavkMXTY,195회,3주 전
Ink Inc. - Tattoo Tycoon 게임,https://www.youtube.com/watch?v=-PWeODCy36Q,85회,3주 전
Ink Inc. - Tattoo Tycoon 게임,https://www.youtube.com/watch?v=fWfLJMPSdL0,676회,3주 전
Ink Inc. - Tattoo Tycoon 게임,https://www.youtube.com/watch?v=T3SFXX8TxBs,171회,3주 전
Ink Inc. - Tattoo Tycoon 게임,https://www.youtube.com/watch?v=Dniwrnlf_DE,191회,3주 전
Ink Inc. - Tattoo Tycoon 게임,https://www.youtube.com/watch?v=Q1BNJrw6eF4,27회,3주 전
Ink Inc. - Tattoo Tycoon 게임,https://www.youtube.com/watch?v=SAOWL06X6-o,656회,3주 전
Ink Inc. - Tattoo Tycoon 게임,https://www.youtube.com/watch?v=tVA1bz7TLvU,222회,3주 전
Ink Inc. - Tattoo Tycoon 게임,https://www.youtube.com/watch?v=Xkyt8PxH4Eg,1회,3주 전
Ink Inc. - Tattoo Tycoon 게임,https://www.youtube.com/watch?v=mxK2IZcv9t0,21회,3주 전
Ink Inc. - Tattoo Tycoon 게임,https://www.youtube.com/watch?v=AbYH9kHsD94,8회,3주 전
Ink Inc. - Tattoo Tycoon 게임,https://www.youtube.com/watch?v=dFgY-y5E7BI,8천회,3주 전
Ink Inc. - Tattoo Tycoon 게임,https://www.youtube.com/watch?v=GY1pOIieBmc,1.2천회,3주 전
Ink Inc. - Tattoo Tycoon 게임,https://www.youtube.com/watch?v=0snawTdqcfo,31회,3주 전
Ink Inc. - Tattoo Tycoon 게임,https://www.youtube.com/watch?v=nAT0iKjbxo0,51회,3주 전
Ink Inc. - Tattoo Tycoon 게임,https://www.youtube.com/watch?v=8qlfNKH2Hp8,25회,3주 전
Ink Inc. - Tattoo Tycoon 게임,https://www.youtube.com/watch?v=gY-n5ahtw2c,33회,3주 전
Ink Inc. - Tattoo Tycoon 게임,https://www.youtube.com/watch?v=g3CWL-mJl7c,55회,4주 전
Ink Inc. - Tattoo Tycoon 게임,https://www.youtube.com/watch?v=Vcfq2ZPO9F0,6회,4주 전
Ink Inc. - Tattoo Tycoon 게임,https://www.youtube.com/watch?v=n3Sp4IW3AQY,5회,4주 전
Ink Inc. - Tattoo Tycoon 게임,https://www.youtube.com/watch?v=kSHKaoQNS-Y,224회,4주 전
Ink Inc. - Tattoo Tycoon 게임,https://www.youtube.com/watch?v=nAavR4ZNnCY,54회,4주 전
Ink Inc. - Tattoo Tycoon 게임,https://www.youtube.com/watch?v=CSLl5rxGd30,69회,4주 전
Ink Inc. - Tattoo Tycoon 게임,https://www.youtube.com/watch?v=t6ucVJ5Y2mg,37회,4주 전
Ink Inc. - Tattoo Tycoon 게임,https://www.youtube.com/watch?v=AhJVsxKAMRc,30회,1개월 전
Ink Inc. - Tattoo Tycoon 게임,https://www.youtube.com/watch?v=g6ss_3istWM,25회,1개월 전
Ink Inc. - Tattoo Tycoon 게임,https://www.youtube.com/watch?v=Txh4NUJJ12Q,140회,1개월 전
Ink Inc. - Tattoo Tycoon 게임,https://www.youtube.com/watch?v=Qv_87R9WEM4,1.3천회,1개월 전
Ink Inc. - Tattoo Tycoon 게임,https://www.youtube.com/watch?v=HDrL4iWdeVQ,11회,1개월 전
Ink Inc. - Tattoo Tycoon 게임,https://www.youtube.com/watch?v=F9tIRfAumSA,95회,1개월 전
Ink Inc. - Tattoo Tycoon 게임,https://www.youtube.com/watch?v=1YjZObG7nKQ,109회,1개월 전
Ink Inc. - Tattoo Tycoon 게임,https://www.youtube.com/watch?v=Bm6Eunhmvbo,152회,1개월 전
Ink Inc. - Tattoo Tycoon 게임,https://www.youtube.com/watch?v=48L50r2_KbU,1.7천회,1개월 전
Ink Inc. - Tattoo Tycoon 게임,https://www.youtube.com/watch?v=uFY89M9f1lE,1만회,1개월 전
Ink Inc. - Tattoo Tycoon 게임,https://www.youtube.com/watch?v=k1bJ_h8zuRw,74회,1개월 전
Ink Inc. - Tattoo Tycoon 게임,https://www.youtube.com/watch?v=O3D71DaGcuw,23회,1개월 전
Ink Inc. - Tattoo Tycoon 게임,https://www.youtube.com/watch?v=M-RLBC_hZiU,54회,1개월 전
Ink Inc. - Tattoo Tycoon 게임,https://www.youtube.com/watch?v=71PiNh5VWN4,37회,1개월 전
Ink Inc. - Tattoo Tycoon 게임,https://www.youtube.com/watch?v=ZXMcpq4I7zM,37회,1개월 전
Ink Inc. - Tattoo Tycoon 게임,https://www.youtube.com/watch?v=y5wkWGUNw-A,2.6만회,1개월 전
Ink Inc. - Tattoo Tycoon 게임,https://www.youtube.com/watch?v=SPXj_0NtoAI,211회,1개월 전
Ink Inc. - Tattoo Tycoon 게임,https://www.youtube.com/watch?v=_MVoootLjpE,97회,1개월 전
Ink Inc. - Tattoo Tycoon 게임,https://www.youtube.com/watch?v=lncGr_DXTS8,730회,1개월 전
Ink Inc. - Tattoo Tycoon 게임,https://www.youtube.com/watch?v=BxJpj9TQjtY,1.7천회,1개월 전
Ink Inc. - Tattoo Tycoon 게임,https://www.youtube.com/watch?v=F2y17Qa9LUQ,185회,1개월 전
Ink Inc. - Tattoo Tycoon 게임,https://www.youtube.com/watch?v=HpUVAIp2etE,7회,1개월 전
Ink Inc. - Tattoo Tycoon 게임,https://www.youtube.com/watch?v=tyhl0y3qavo,2.5만회,1개월 전
Ink Inc. - Tattoo Tycoon 게임,https://www.youtube.com/watch?v=xBV7R5Y86l8,4.7천회,1개월 전
Ink Inc. - Tattoo Tycoon 게임,https://www.youtube.com/watch?v=eRSyr9OimOc,105회,1개월 전
Ink Inc. - Tattoo Tycoon 게임,https://www.youtube.com/watch?v=nwj6jhiJ8pU,350회,1개월 전
Ink Inc. - Tattoo Tycoon 게임,https://www.youtube.com/watch?v=RtUL31BGQpE,6.8천회,1개월 전
