﻿search,youtube_url,viewer,upload
킹 오브 타워 게임,https://www.youtube.com/watch?v=_hnY46mxYL8,6회,1주 전
킹 오브 타워 게임,https://www.youtube.com/watch?v=cOzBRjWcC0U,4회,1주 전
킹 오브 타워 게임,https://www.youtube.com/watch?v=hfT_4yMIxP4,148회,3주 전
킹 오브 타워 게임,https://www.youtube.com/watch?v=TBaMjam5xQk,11회,3주 전
킹 오브 타워 게임,https://www.youtube.com/watch?v=DxGz6JZN7C0,18회,4주 전
킹 오브 타워 게임,https://www.youtube.com/watch?v=ocVYTKlYMUo,7.9천회,1개월 전
킹 오브 타워 게임,https://www.youtube.com/watch?v=x4mHiXHJDfs,312회,1개월 전
킹 오브 타워 게임,https://www.youtube.com/watch?v=VXjlVdISTFQ,181회,1개월 전
킹 오브 타워 게임,https://www.youtube.com/watch?v=sstPuxUzT5A,118회,1개월 전
킹 오브 타워 게임,https://www.youtube.com/watch?v=fSy1DAcRXTc,615회,1개월 전
킹 오브 타워 게임,https://www.youtube.com/watch?v=HmrpW4Fku4w,9회,1개월 전
킹 오브 타워 게임,https://www.youtube.com/watch?v=pfuqjR9DVl8,173회,1개월 전
킹 오브 타워 게임,https://www.youtube.com/watch?v=Lkkyw72n35k,8회,1개월 전
킹 오브 타워 게임,https://www.youtube.com/watch?v=iDvrB1Cf-Ys,109회,1개월 전
킹 오브 타워 게임,https://www.youtube.com/watch?v=ali3fOJt4aw,12회,1개월 전
킹 오브 타워 게임,https://www.youtube.com/watch?v=PQZfiq_z2Vg,3회,1개월 전
킹 오브 타워 게임,https://www.youtube.com/watch?v=8ujOfZYjbT4,94회,1개월 전
킹 오브 타워 게임,https://www.youtube.com/watch?v=Y_yUCLOl5Rs,10회,1개월 전
킹 오브 타워 게임,https://www.youtube.com/watch?v=I_-VxowLkzo,2회,1개월 전
킹 오브 타워 게임,https://www.youtube.com/watch?v=o5pJMT5EIK8,11회,1개월 전
킹 오브 타워 게임,https://www.youtube.com/watch?v=sOywleWBohU,7회,1개월 전
킹 오브 타워 게임,https://www.youtube.com/watch?v=Z2_1WEWxD6c,18회,1개월 전
킹 오브 타워 게임,https://www.youtube.com/watch?v=i6G7e6cTL3U,4회,1개월 전
킹 오브 타워 게임,https://www.youtube.com/watch?v=pY_d0hBVPfw,3회,1개월 전
킹 오브 타워 게임,https://www.youtube.com/watch?v=nWOTMNizwho,1.8천회,1개월 전
킹 오브 타워 게임,https://www.youtube.com/watch?v=PvKn4cWVuZI,51회,1개월 전
킹 오브 타워 게임,https://www.youtube.com/watch?v=jw0W0-cd_ag,166회,1개월 전
킹 오브 타워 게임,https://www.youtube.com/watch?v=8whuIQaDie4,4회,1개월 전
킹 오브 타워 게임,https://www.youtube.com/watch?v=lQ0OJcn5SKs,11회,1개월 전
킹 오브 타워 게임,https://www.youtube.com/watch?v=J8bwpRuwE-s,12회,1개월 전
킹 오브 타워 게임,https://www.youtube.com/watch?v=Jwci6uFmcRc,4회,1개월 전
킹 오브 타워 게임,https://www.youtube.com/watch?v=fVhoXMD8rtI,12회,1개월 전
킹 오브 타워 게임,https://www.youtube.com/watch?v=DbHB96p5UVw,7회,1개월 전
킹 오브 타워 게임,https://www.youtube.com/watch?v=2qkYnxka5wY,5회,1개월 전
킹 오브 타워 게임,https://www.youtube.com/watch?v=9WVUtLDJ3Gs,507회,1개월 전
킹 오브 타워 게임,https://www.youtube.com/watch?v=SVLTkiyj62c,53회,1개월 전
킹 오브 타워 게임,https://www.youtube.com/watch?v=rYqsd09LWwo,13회,1개월 전
킹 오브 타워 게임,https://www.youtube.com/watch?v=yJxyuDQKtUE,8회,1개월 전
킹 오브 타워 게임,https://www.youtube.com/watch?v=279EJLzV9KE,6회,1개월 전
킹 오브 타워 게임,https://www.youtube.com/watch?v=j9Ud9qGTJUM,8회,1개월 전
킹 오브 타워 게임,https://www.youtube.com/watch?v=ZOee4E8LNns,15회,1개월 전
킹 오브 타워 게임,https://www.youtube.com/watch?v=KlkGX1jVZKQ,51회,1개월 전
킹 오브 타워 게임,https://www.youtube.com/watch?v=mPv8rxM2JaY,4회,1개월 전
킹 오브 타워 게임,https://www.youtube.com/watch?v=TPN--90ndMY,4회,1개월 전
킹 오브 타워 게임,https://www.youtube.com/watch?v=BswRd8rfGTY,17회,1개월 전
킹 오브 타워 게임,https://www.youtube.com/watch?v=FoRWih1cXUY,4회,1개월 전
킹 오브 타워 게임,https://www.youtube.com/watch?v=VZHJXt6F_7E,10회,1개월 전
킹 오브 타워 게임,https://www.youtube.com/watch?v=2bMQvmb81tA,114회,1개월 전
킹 오브 타워 게임,https://www.youtube.com/watch?v=FaJp27T5ces,4회,1개월 전
킹 오브 타워 게임,https://www.youtube.com/watch?v=Ac2BUt2MLBw,1천회,1개월 전
킹 오브 타워 게임,https://www.youtube.com/watch?v=EYY1wbgjcOY,6회,1개월 전
킹 오브 타워 게임,https://www.youtube.com/watch?v=WjFzkWPnBro,16회,1개월 전
킹 오브 타워 게임,https://www.youtube.com/watch?v=qsxXIKvV_og,363회,1개월 전
킹 오브 타워 게임,https://www.youtube.com/watch?v=XIUY7DmHgzE,1.8천회,1개월 전
킹 오브 타워 게임,https://www.youtube.com/watch?v=u9Hh-pRWTcM,564회,1개월 전
킹 오브 타워 게임,https://www.youtube.com/watch?v=ePYy02vDVqI,1.2천회,1개월 전
킹 오브 타워 게임,https://www.youtube.com/watch?v=DlqFTX3whVg,975회,1개월 전
킹 오브 타워 게임,https://www.youtube.com/watch?v=xmTHjag4mDQ,1.5천회,1개월 전
킹 오브 타워 게임,https://www.youtube.com/watch?v=K8pDQ7pmOXI,81회,1개월 전
킹 오브 타워 게임,https://www.youtube.com/watch?v=lRbbeSnjWhs,5.6천회,1개월 전
킹 오브 타워 게임,https://www.youtube.com/watch?v=PZYg-rTVr4Y,1.4만회,1개월 전
킹 오브 타워 게임,https://www.youtube.com/watch?v=ArABmtEMnbg,128회,1개월 전
킹 오브 타워 게임,https://www.youtube.com/watch?v=qLjIb3zpT84,639회,1개월 전
킹 오브 타워 게임,https://www.youtube.com/watch?v=0JoV6OFnaCI,27회,6개월 전
킹 오브 타워 게임,https://www.youtube.com/watch?v=9IGGWXo7RcM,6.3만회,10개월 전
