﻿search,youtube_url,viewer,upload
무한의 농장 게임,https://www.youtube.com/watch?v=vXRz_XkyFwQ,없음,20시간 전
무한의 농장 게임,https://www.youtube.com/watch?v=GrMbyRFB7KQ,7회,21시간 전
무한의 농장 게임,https://www.youtube.com/watch?v=DQTCRth9IP8,없음,23시간 전
무한의 농장 게임,https://www.youtube.com/watch?v=MYuS7s34s6Q,2회,1일 전
무한의 농장 게임,https://www.youtube.com/watch?v=XZpeXW6bBv8,2회,1일 전
무한의 농장 게임,https://www.youtube.com/watch?v=C62ttUu78CM,1회,1일 전
무한의 농장 게임,https://www.youtube.com/watch?v=TvQcm1aFJQU,없음,2일 전
무한의 농장 게임,https://www.youtube.com/watch?v=F5qxW5DTPe4,3회,2일 전
무한의 농장 게임,https://www.youtube.com/watch?v=wT0EbkjKU80,없음,2일 전
무한의 농장 게임,https://www.youtube.com/watch?v=1xntYoInQEY,1회,2일 전
무한의 농장 게임,https://www.youtube.com/watch?v=eTxJfDdlVlI,1회,2일 전
무한의 농장 게임,https://www.youtube.com/watch?v=Ex3bxXDxpks,1회,3일 전
무한의 농장 게임,https://www.youtube.com/watch?v=ntYRkavQVO0,없음,3일 전
무한의 농장 게임,https://www.youtube.com/watch?v=u86grgfCKsU,2회,3일 전
무한의 농장 게임,https://www.youtube.com/watch?v=ZjOLm02sIfY,33회,3일 전
무한의 농장 게임,https://www.youtube.com/watch?v=9-lRyYVJBpU,1회,3일 전
무한의 농장 게임,https://www.youtube.com/watch?v=1tUL8AMbTew,3회,3일 전
무한의 농장 게임,https://www.youtube.com/watch?v=MtME7jaNt2o,없음,4일 전
무한의 농장 게임,https://www.youtube.com/watch?v=R7odVRKRXDY,4회,4일 전
무한의 농장 게임,https://www.youtube.com/watch?v=E1IXd5i7Wic,6회,4일 전
무한의 농장 게임,https://www.youtube.com/watch?v=x2HNIoIl2L4,84회,4일 전
무한의 농장 게임,https://www.youtube.com/watch?v=i43Hch1K-vU,12회,4일 전
무한의 농장 게임,https://www.youtube.com/watch?v=dbpLYx11Jd8,4회,5일 전
무한의 농장 게임,https://www.youtube.com/watch?v=l2a2U-vrQqI,없음,5일 전
무한의 농장 게임,https://www.youtube.com/watch?v=YT2vX1_pDXg,21회,5일 전
무한의 농장 게임,https://www.youtube.com/watch?v=pbW71QWVokA,1회,5일 전
무한의 농장 게임,https://www.youtube.com/watch?v=mF_LuRIe7AI,6회,5일 전
무한의 농장 게임,https://www.youtube.com/watch?v=su9r6WdDFA4,14회,5일 전
무한의 농장 게임,https://www.youtube.com/watch?v=TsQL0VYUN20,4회,6일 전
무한의 농장 게임,https://www.youtube.com/watch?v=R5QH3WTE3cE,12회,스트리밍 시간: 6일 전
무한의 농장 게임,https://www.youtube.com/watch?v=wIl0v4J0hE8,없음,6일 전
무한의 농장 게임,https://www.youtube.com/watch?v=uEXiHbJKSfc,없음,스트리밍 시간: 6일 전
무한의 농장 게임,https://www.youtube.com/watch?v=VRa7WvNGNc0,1회,6일 전
무한의 농장 게임,https://www.youtube.com/watch?v=Q--2r1clsSA,2회,6일 전
무한의 농장 게임,https://www.youtube.com/watch?v=5S8eGAx-yT8,1회,6일 전
무한의 농장 게임,https://www.youtube.com/watch?v=IY4vSzwfS3I,4회,6일 전
무한의 농장 게임,https://www.youtube.com/watch?v=7JDB1i3UPFQ,없음,6일 전
무한의 농장 게임,https://www.youtube.com/watch?v=74IfOgEqHY8,1회,6일 전
무한의 농장 게임,https://www.youtube.com/watch?v=S68qfMOO1GM,2회,1주 전
무한의 농장 게임,https://www.youtube.com/watch?v=0brjqfOmXsU,없음,1주 전
무한의 농장 게임,https://www.youtube.com/watch?v=vsOLGOyMQ5E,5회,1주 전
무한의 농장 게임,https://www.youtube.com/watch?v=V_EZoTtfHwk,없음,1주 전
무한의 농장 게임,https://www.youtube.com/watch?v=OK6omMYXz7c,2회,1주 전
무한의 농장 게임,https://www.youtube.com/watch?v=jMMv9-W1ZuI,8회,1주 전
무한의 농장 게임,https://www.youtube.com/watch?v=Jc5wylt-T_4,1회,1주 전
무한의 농장 게임,https://www.youtube.com/watch?v=HUl93fyV7Vs,65회,1주 전
무한의 농장 게임,https://www.youtube.com/watch?v=LjnUr-q-TQc,없음,1주 전
무한의 농장 게임,https://www.youtube.com/watch?v=Ll5qCO_njeA,13만회,1주 전
무한의 농장 게임,https://www.youtube.com/watch?v=79yaoO7Xzcw,없음,1주 전
무한의 농장 게임,https://www.youtube.com/watch?v=SuvHRWZhlok,3회,스트리밍 시간: 1주 전
무한의 농장 게임,https://www.youtube.com/watch?v=tzZVMPz7ze0,13회,1주 전
무한의 농장 게임,https://www.youtube.com/watch?v=Q1GDVs3AxRc,없음,1주 전
무한의 농장 게임,https://www.youtube.com/watch?v=QWekmguI0eM,2회,1주 전
무한의 농장 게임,https://www.youtube.com/watch?v=KGk2_GC6K7c,3회,1주 전
무한의 농장 게임,https://www.youtube.com/watch?v=TQSIVAbanjA,2회,1주 전
무한의 농장 게임,https://www.youtube.com/watch?v=N8HevSezD2M,1만회,1주 전
무한의 농장 게임,https://www.youtube.com/watch?v=ZiJrK_TW9ik,1회,1주 전
무한의 농장 게임,https://www.youtube.com/watch?v=LFgafFUchDo,1회,1주 전
무한의 농장 게임,https://www.youtube.com/watch?v=2ByZPtCJefk,12회,1주 전
무한의 농장 게임,https://www.youtube.com/watch?v=NB4kiOp2t94,6회,1주 전
무한의 농장 게임,https://www.youtube.com/watch?v=ifDyL7aDBzo,6회,1주 전
무한의 농장 게임,https://www.youtube.com/watch?v=HnQaJJyih1E,7회,1주 전
무한의 농장 게임,https://www.youtube.com/watch?v=waH4I9dPCOE,2회,1주 전
무한의 농장 게임,https://www.youtube.com/watch?v=yN9VnYS6uxQ,1회,1주 전
무한의 농장 게임,https://www.youtube.com/watch?v=JcJa7xSeeQw,1회,1주 전
무한의 농장 게임,https://www.youtube.com/watch?v=BPVCGs1eBvA,3회,1주 전
무한의 농장 게임,https://www.youtube.com/watch?v=y7Y_OTCM1AA,8회,1주 전
무한의 농장 게임,https://www.youtube.com/watch?v=OBIcXYDyDsw,10회,1주 전
무한의 농장 게임,https://www.youtube.com/watch?v=2nememTZsXs,6회,1주 전
무한의 농장 게임,https://www.youtube.com/watch?v=KdwH-Ss9Sg4,2회,1주 전
무한의 농장 게임,https://www.youtube.com/watch?v=yUt7CDVKCGk,22회,1주 전
무한의 농장 게임,https://www.youtube.com/watch?v=0HTZS1xBNxo,140회,스트리밍 시간: 1주 전
무한의 농장 게임,https://www.youtube.com/watch?v=rJ3pSgLacYA,108회,스트리밍 시간: 1주 전
무한의 농장 게임,https://www.youtube.com/watch?v=s3UqV1XeQAk,3회,1주 전
무한의 농장 게임,https://www.youtube.com/watch?v=G2qS3DnMBX8,1회,1주 전
무한의 농장 게임,https://www.youtube.com/watch?v=2bRO3YMu5XY,2회,1주 전
무한의 농장 게임,https://www.youtube.com/watch?v=SD8RrjAhmFw,26회,1주 전
무한의 농장 게임,https://www.youtube.com/watch?v=lDZCQD_up4I,없음,1주 전
무한의 농장 게임,https://www.youtube.com/watch?v=FCduCntHShw,32회,1주 전
무한의 농장 게임,https://www.youtube.com/watch?v=ylpwh_5WF18,14회,1주 전
무한의 농장 게임,https://www.youtube.com/watch?v=yrQ3piN-Gy8,1회,1주 전
무한의 농장 게임,https://www.youtube.com/watch?v=6pE2pkcrjW0,25회,1주 전
무한의 농장 게임,https://www.youtube.com/watch?v=PsS4GgierjY,4회,1주 전
무한의 농장 게임,https://www.youtube.com/watch?v=ruf87OkOizs,5회,1주 전
무한의 농장 게임,https://www.youtube.com/watch?v=8d3JjNJ8zDM,14회,1주 전
무한의 농장 게임,https://www.youtube.com/watch?v=AjReck3J88Q,4회,1주 전
무한의 농장 게임,https://www.youtube.com/watch?v=T-bdYGum5Ps,1회,1주 전
무한의 농장 게임,https://www.youtube.com/watch?v=QNs3DUH97bI,18회,2주 전
무한의 농장 게임,https://www.youtube.com/watch?v=h9oNIVK1h0c,없음,2주 전
무한의 농장 게임,https://www.youtube.com/watch?v=ODbaz7IR66s,27회,2주 전
무한의 농장 게임,https://www.youtube.com/watch?v=GTNhDPFQSB0,22회,2주 전
무한의 농장 게임,https://www.youtube.com/watch?v=01LpmpPTVCU,14만회,2주 전
무한의 농장 게임,https://www.youtube.com/watch?v=rLNiwgYFfxE,10회,2주 전
무한의 농장 게임,https://www.youtube.com/watch?v=unWDXIYDt20,9회,2주 전
무한의 농장 게임,https://www.youtube.com/watch?v=rUCjLw7Qu8M,1회,2주 전
무한의 농장 게임,https://www.youtube.com/watch?v=MiZGKzIje7Y,1회,2주 전
무한의 농장 게임,https://www.youtube.com/watch?v=fs6bTf9BgBs,36회,2주 전
무한의 농장 게임,https://www.youtube.com/watch?v=rm02h7HgeuQ,1회,2주 전
무한의 농장 게임,https://www.youtube.com/watch?v=nD3RfMxLw4I,없음,2주 전
무한의 농장 게임,https://www.youtube.com/watch?v=AlpfhbDrHAM,없음,2주 전
무한의 농장 게임,https://www.youtube.com/watch?v=YjBpX6atQo0,10회,2주 전
무한의 농장 게임,https://www.youtube.com/watch?v=7tmVcV2iQb4,7회,2주 전
무한의 농장 게임,https://www.youtube.com/watch?v=6e90PyZ09Ag,4회,2주 전
무한의 농장 게임,https://www.youtube.com/watch?v=UYeOBwXmvKA,2회,2주 전
무한의 농장 게임,https://www.youtube.com/watch?v=UeF3SiDJCC8,없음,2주 전
무한의 농장 게임,https://www.youtube.com/watch?v=EtHn8e3vKKY,12회,2주 전
무한의 농장 게임,https://www.youtube.com/watch?v=2Aat3UgOkio,11회,2주 전
무한의 농장 게임,https://www.youtube.com/watch?v=UQyjKRcE4c8,1회,2주 전
무한의 농장 게임,https://www.youtube.com/watch?v=MuWXrOy9eJE,14회,2주 전
무한의 농장 게임,https://www.youtube.com/watch?v=pjOdWC-ZTrM,9회,2주 전
무한의 농장 게임,https://www.youtube.com/watch?v=_a-9uF1xwOY,7회,2주 전
무한의 농장 게임,https://www.youtube.com/watch?v=BEKAXQ4yBp0,4회,2주 전
무한의 농장 게임,https://www.youtube.com/watch?v=HMT0ZVT3bPg,34회,2주 전
무한의 농장 게임,https://www.youtube.com/watch?v=FFIU51-1TOM,7회,2주 전
무한의 농장 게임,https://www.youtube.com/watch?v=k9Mwm32V4BU,1회,스트리밍 시간: 2주 전
무한의 농장 게임,https://www.youtube.com/watch?v=BndFWoWCuYM,7회,2주 전
무한의 농장 게임,https://www.youtube.com/watch?v=zJRyW0rf504,없음,2주 전
무한의 농장 게임,https://www.youtube.com/watch?v=QoPTgzF7M2M,10만회,2주 전
무한의 농장 게임,https://www.youtube.com/watch?v=K_UR1qgmZnM,2.6천회,2주 전
무한의 농장 게임,https://www.youtube.com/watch?v=iSvFkey7wd8,52회,2주 전
무한의 농장 게임,https://www.youtube.com/watch?v=B-sCWp7bKuA,1회,2주 전
무한의 농장 게임,https://www.youtube.com/watch?v=QDn39T7_BeU,12회,2주 전
무한의 농장 게임,https://www.youtube.com/watch?v=YGLjfnFiPUc,137회,2주 전
무한의 농장 게임,https://www.youtube.com/watch?v=pAzOJ-x2i_8,8회,2주 전
무한의 농장 게임,https://www.youtube.com/watch?v=azn7FOG-Dx0,없음,2주 전
무한의 농장 게임,https://www.youtube.com/watch?v=ySVrDlPOdqg,1회,2주 전
무한의 농장 게임,https://www.youtube.com/watch?v=FpUU2Yjns14,11회,2주 전
무한의 농장 게임,https://www.youtube.com/watch?v=HvgqOAfr_GI,1회,2주 전
무한의 농장 게임,https://www.youtube.com/watch?v=6dRptSFIctI,295회,2주 전
무한의 농장 게임,https://www.youtube.com/watch?v=kC_UrU814zM,22만회,2주 전
무한의 농장 게임,https://www.youtube.com/watch?v=ptF1ImRD-jM,336회,2주 전
무한의 농장 게임,https://www.youtube.com/watch?v=r1UzPzDrwkU,25회,2주 전
무한의 농장 게임,https://www.youtube.com/watch?v=HJCnKQRiN0k,1회,2주 전
무한의 농장 게임,https://www.youtube.com/watch?v=Itd9Lvcb6T4,9회,2주 전
무한의 농장 게임,https://www.youtube.com/watch?v=RYZTSRij8j0,7회,2주 전
무한의 농장 게임,https://www.youtube.com/watch?v=awgZQkVwTgo,1.9천회,2주 전
무한의 농장 게임,https://www.youtube.com/watch?v=oIIE6_uERbY,1회,3주 전
무한의 농장 게임,https://www.youtube.com/watch?v=xwbKF8AGSQ8,없음,3주 전
무한의 농장 게임,https://www.youtube.com/watch?v=3PTyvVu2Hwk,없음,3주 전
무한의 농장 게임,https://www.youtube.com/watch?v=OkylU0LypE0,4회,3주 전
무한의 농장 게임,https://www.youtube.com/watch?v=2akxV9EfxVI,1회,3주 전
무한의 농장 게임,https://www.youtube.com/watch?v=ml_hCHqGNHM,1회,3주 전
무한의 농장 게임,https://www.youtube.com/watch?v=sRbWvOmYzG4,13만회,3주 전
무한의 농장 게임,https://www.youtube.com/watch?v=TbPiIWTo-4E,7회,3주 전
무한의 농장 게임,https://www.youtube.com/watch?v=JsUhU3lOBc8,7회,3주 전
무한의 농장 게임,https://www.youtube.com/watch?v=cacJrqBcXNo,1회,3주 전
무한의 농장 게임,https://www.youtube.com/watch?v=PXYmRVmGsSI,2회,3주 전
무한의 농장 게임,https://www.youtube.com/watch?v=hr6Erp6rBPs,18회,3주 전
무한의 농장 게임,https://www.youtube.com/watch?v=oV8Ec8n9Ooc,4회,3주 전
무한의 농장 게임,https://www.youtube.com/watch?v=YY1x4rqSows,8회,3주 전
무한의 농장 게임,https://www.youtube.com/watch?v=pCKcPloUON8,4회,3주 전
무한의 농장 게임,https://www.youtube.com/watch?v=ZcWW7VnOb5Q,1회,3주 전
무한의 농장 게임,https://www.youtube.com/watch?v=CQdRn5mWmhw,2회,3주 전
무한의 농장 게임,https://www.youtube.com/watch?v=5zFXjjpndvM,5회,3주 전
무한의 농장 게임,https://www.youtube.com/watch?v=Yh_XICeoTgE,4.5천회,3주 전
무한의 농장 게임,https://www.youtube.com/watch?v=Y8CeSEmQ7io,1회,3주 전
무한의 농장 게임,https://www.youtube.com/watch?v=tyHpN6uzEXQ,8회,3주 전
무한의 농장 게임,https://www.youtube.com/watch?v=5CZzaXiBeAU,78회,3주 전
무한의 농장 게임,https://www.youtube.com/watch?v=Gthc6q3Y7ns,2회,3주 전
무한의 농장 게임,https://www.youtube.com/watch?v=dS6LRzh13uY,111회,3주 전
무한의 농장 게임,https://www.youtube.com/watch?v=dcOyCTQg_rw,16회,3주 전
무한의 농장 게임,https://www.youtube.com/watch?v=xSZw6aHD6AI,17회,3주 전
무한의 농장 게임,https://www.youtube.com/watch?v=sKhE0ZnjT7M,48회,3주 전
무한의 농장 게임,https://www.youtube.com/watch?v=eQ4YDrmX0y4,16회,3주 전
무한의 농장 게임,https://www.youtube.com/watch?v=npuACorkhrM,1회,3주 전
무한의 농장 게임,https://www.youtube.com/watch?v=nWCHGNBSWj4,2회,3주 전
무한의 농장 게임,https://www.youtube.com/watch?v=FWZjihH-wiI,2회,3주 전
무한의 농장 게임,https://www.youtube.com/watch?v=OoLdTZA7D44,16회,3주 전
무한의 농장 게임,https://www.youtube.com/watch?v=kCwA_pwPJss,5회,3주 전
무한의 농장 게임,https://www.youtube.com/watch?v=ImOmxS8ESUA,16만회,3주 전
무한의 농장 게임,https://www.youtube.com/watch?v=I1p-O96iY3A,없음,3주 전
무한의 농장 게임,https://www.youtube.com/watch?v=XpG_glQUPGk,17회,3주 전
무한의 농장 게임,https://www.youtube.com/watch?v=jYMDzCbjwkU,2회,3주 전
무한의 농장 게임,https://www.youtube.com/watch?v=8fBVJ1WmG4A,13회,3주 전
무한의 농장 게임,https://www.youtube.com/watch?v=1ZbMFLDkOGE,1회,3주 전
무한의 농장 게임,https://www.youtube.com/watch?v=ckk9TC7DN7E,없음,3주 전
무한의 농장 게임,https://www.youtube.com/watch?v=9Fi50CKc4qI,182회,3주 전
무한의 농장 게임,https://www.youtube.com/watch?v=Zf3z0NbKhz8,없음,3주 전
무한의 농장 게임,https://www.youtube.com/watch?v=SvWEMo1aWxg,없음,3주 전
무한의 농장 게임,https://www.youtube.com/watch?v=VMaDnp2nfQk,없음,3주 전
무한의 농장 게임,https://www.youtube.com/watch?v=VcJnFmuz5mA,2회,3주 전
무한의 농장 게임,https://www.youtube.com/watch?v=5UPc1yI3WgM,36회,3주 전
무한의 농장 게임,https://www.youtube.com/watch?v=PpVzOYTdyfM,6회,3주 전
무한의 농장 게임,https://www.youtube.com/watch?v=JbweSIbrsZM,13회,3주 전
무한의 농장 게임,https://www.youtube.com/watch?v=2KPWZS6GoUA,4회,3주 전
무한의 농장 게임,https://www.youtube.com/watch?v=Xw8cSARrcpw,28회,3주 전
무한의 농장 게임,https://www.youtube.com/watch?v=py7_-r6XYDM,289회,3주 전
무한의 농장 게임,https://www.youtube.com/watch?v=z7i04VL5qco,3회,3주 전
무한의 농장 게임,https://www.youtube.com/watch?v=UzGWyCCowqM,14회,4주 전
무한의 농장 게임,https://www.youtube.com/watch?v=GcV3n8hfclA,9.1만회,4주 전
무한의 농장 게임,https://www.youtube.com/watch?v=i2zp13pauBE,3회,4주 전
무한의 농장 게임,https://www.youtube.com/watch?v=YfMNQ-9R2d4,없음,4주 전
무한의 농장 게임,https://www.youtube.com/watch?v=HdMmYzr2O_M,22회,1개월 전
무한의 농장 게임,https://www.youtube.com/watch?v=4ntPHGI6Xu4,16만회,1개월 전
무한의 농장 게임,https://www.youtube.com/watch?v=thn_010HW1o,6회,1개월 전
무한의 농장 게임,https://www.youtube.com/watch?v=N6ItalBqIhs,없음,1개월 전
무한의 농장 게임,https://www.youtube.com/watch?v=Xa-HLH6TJUI,없음,1개월 전
무한의 농장 게임,https://www.youtube.com/watch?v=djHEkgARv7M,40회,1개월 전
무한의 농장 게임,https://www.youtube.com/watch?v=x6N05PgQfG8,4회,1개월 전
무한의 농장 게임,https://www.youtube.com/watch?v=Am-XwXBCOis,27회,1개월 전
무한의 농장 게임,https://www.youtube.com/watch?v=CQhvr7I9mOA,1.3천회,1개월 전
무한의 농장 게임,https://www.youtube.com/watch?v=UsgpZtnkiL0,691회,1개월 전
무한의 농장 게임,https://www.youtube.com/watch?v=i3qzfPeTYls,8회,1개월 전
무한의 농장 게임,https://www.youtube.com/watch?v=D3vkDePGQq4,15회,1개월 전
무한의 농장 게임,https://www.youtube.com/watch?v=0YWxxmVrJq4,16회,1개월 전
무한의 농장 게임,https://www.youtube.com/watch?v=4F-0KyS8UPw,23회,1개월 전
무한의 농장 게임,https://www.youtube.com/watch?v=qubPlACH8JM,2.2천회,1개월 전
무한의 농장 게임,https://www.youtube.com/watch?v=zqOU4QgHmb0,42회,1개월 전
무한의 농장 게임,https://www.youtube.com/watch?v=bBhNLOPrqV8,7회,1개월 전
무한의 농장 게임,https://www.youtube.com/watch?v=vBSAG4317c0,132회,1개월 전
무한의 농장 게임,https://www.youtube.com/watch?v=jMaj83mAOik,20회,1개월 전
무한의 농장 게임,https://www.youtube.com/watch?v=EEc0alcRUrE,21회,1개월 전
무한의 농장 게임,https://www.youtube.com/watch?v=AwiPZ6cyLIU,74회,1개월 전
무한의 농장 게임,https://www.youtube.com/watch?v=vKpuJawcMLw,87회,1개월 전
무한의 농장 게임,https://www.youtube.com/watch?v=PixYvrTQbfQ,14회,1개월 전
무한의 농장 게임,https://www.youtube.com/watch?v=PEO5Hwu12SM,11회,1개월 전
무한의 농장 게임,https://www.youtube.com/watch?v=0RKSkJYP6_A,29회,1개월 전
무한의 농장 게임,https://www.youtube.com/watch?v=zBZ-ZYUKKA4,25회,1개월 전
무한의 농장 게임,https://www.youtube.com/watch?v=gfg-nGcoLrk,71회,1개월 전
무한의 농장 게임,https://www.youtube.com/watch?v=WzkTnq_tjAE,6회,1개월 전
무한의 농장 게임,https://www.youtube.com/watch?v=smkS1rSxB50,5회,1개월 전
무한의 농장 게임,https://www.youtube.com/watch?v=jW9ZEbSNVu4,10회,1개월 전
무한의 농장 게임,https://www.youtube.com/watch?v=i54I_3hqNLs,5회,1개월 전
무한의 농장 게임,https://www.youtube.com/watch?v=a02egBbsCkk,16회,1개월 전
무한의 농장 게임,https://www.youtube.com/watch?v=IxxWBNf1NEM,13회,1개월 전
무한의 농장 게임,https://www.youtube.com/watch?v=uHvPwpLDM5g,9회,1개월 전
무한의 농장 게임,https://www.youtube.com/watch?v=hqShTJucRC4,4회,1개월 전
무한의 농장 게임,https://www.youtube.com/watch?v=bk7ceYUAW6M,44회,1개월 전
무한의 농장 게임,https://www.youtube.com/watch?v=rF-DPdCpSIQ,3.6천회,1개월 전
무한의 농장 게임,https://www.youtube.com/watch?v=PSmJhAw1rJs,8회,1개월 전
무한의 농장 게임,https://www.youtube.com/watch?v=7IhgyfgiRVA,2회,1개월 전
무한의 농장 게임,https://www.youtube.com/watch?v=kS7d9P2gHq0,9회,1개월 전
무한의 농장 게임,https://www.youtube.com/watch?v=LrKol6KNlfs,20회,1개월 전
무한의 농장 게임,https://www.youtube.com/watch?v=vtAcuvaB5JI,10회,1개월 전
무한의 농장 게임,https://www.youtube.com/watch?v=l0f4myURGYA,10만회,1개월 전
무한의 농장 게임,https://www.youtube.com/watch?v=P9JtJ_GYit8,94회,1개월 전
무한의 농장 게임,https://www.youtube.com/watch?v=6vzLZRGtgk4,5회,1개월 전
무한의 농장 게임,https://www.youtube.com/watch?v=1FQ0RVS_N3c,59회,1개월 전
무한의 농장 게임,https://www.youtube.com/watch?v=kTxE9jtFFCk,20회,1개월 전
무한의 농장 게임,https://www.youtube.com/watch?v=WeOHK7-8EA0,5회,1개월 전
무한의 농장 게임,https://www.youtube.com/watch?v=vYeVsu9IghA,8회,1개월 전
무한의 농장 게임,https://www.youtube.com/watch?v=IdZgCXIX2mU,14회,1개월 전
무한의 농장 게임,https://www.youtube.com/watch?v=omyl9iTd3v4,17회,1개월 전
무한의 농장 게임,https://www.youtube.com/watch?v=b5T8q_nb6JM,10회,1개월 전
무한의 농장 게임,https://www.youtube.com/watch?v=8yZs9xa5UuI,19회,1개월 전
무한의 농장 게임,https://www.youtube.com/watch?v=d2kVY60D3lw,18만회,1개월 전
무한의 농장 게임,https://www.youtube.com/watch?v=vLSLRskknWY,5회,1개월 전
무한의 농장 게임,https://www.youtube.com/watch?v=t20gjOA2MEQ,9.7만회,1개월 전
무한의 농장 게임,https://www.youtube.com/watch?v=tz3Ia-40_N8,424회,1개월 전
무한의 농장 게임,https://www.youtube.com/watch?v=a5gFibTKlgs,3회,1개월 전
무한의 농장 게임,https://www.youtube.com/watch?v=bJNk4cKBl5U,44회,1개월 전
무한의 농장 게임,https://www.youtube.com/watch?v=Nt9_TVo453A,11만회,1개월 전
무한의 농장 게임,https://www.youtube.com/watch?v=QmoLhryjl_0,21회,1개월 전
무한의 농장 게임,https://www.youtube.com/watch?v=BQZ7msg8dBI,70회,1개월 전
무한의 농장 게임,https://www.youtube.com/watch?v=AJIEMeyefpQ,7회,1개월 전
무한의 농장 게임,https://www.youtube.com/watch?v=UmNjpeqAEO4,23회,1개월 전
무한의 농장 게임,https://www.youtube.com/watch?v=WEJiJxKBShA,8회,1개월 전
무한의 농장 게임,https://www.youtube.com/watch?v=WgCUrLUit-k,9회,1개월 전
무한의 농장 게임,https://www.youtube.com/watch?v=chJemY9UKGU,8.7만회,1개월 전
무한의 농장 게임,https://www.youtube.com/watch?v=uOKan5Y006c,12만회,1개월 전
무한의 농장 게임,https://www.youtube.com/watch?v=h7xInT98V3s,50회,1개월 전
무한의 농장 게임,https://www.youtube.com/watch?v=ClLeNjRN0Kc,138회,1개월 전
무한의 농장 게임,https://www.youtube.com/watch?v=GD-2uLXy87U,313회,1개월 전
무한의 농장 게임,https://www.youtube.com/watch?v=H25LQTeAcJE,2.1천회,1개월 전
무한의 농장 게임,https://www.youtube.com/watch?v=j5gI_TG2P6Y,13만회,1개월 전
무한의 농장 게임,https://www.youtube.com/watch?v=KR7bTAmJclY,18만회,1개월 전
무한의 농장 게임,https://www.youtube.com/watch?v=uncnf2gP38g,85회,1개월 전
무한의 농장 게임,https://www.youtube.com/watch?v=f1c_fv4Cudk,36회,1개월 전
무한의 농장 게임,https://www.youtube.com/watch?v=q6aiKk-47Jk,99회,2개월 전
무한의 농장 게임,https://www.youtube.com/watch?v=4cgMScaAb_E,15회,2개월 전
무한의 농장 게임,https://www.youtube.com/watch?v=WMhpGbfKgYo,912회,2개월 전
무한의 농장 게임,https://www.youtube.com/watch?v=WNpjZ5E1sWE,1.2천회,2개월 전
무한의 농장 게임,https://www.youtube.com/watch?v=Z8tFL9QX7zU,721회,3개월 전
무한의 농장 게임,https://www.youtube.com/watch?v=3lxey72lOa4,196회,3개월 전
무한의 농장 게임,https://www.youtube.com/watch?v=D5cQNdoNHtY,359회,3개월 전
무한의 농장 게임,https://www.youtube.com/watch?v=BCFaGJPl-os,1.3만회,3개월 전
무한의 농장 게임,https://www.youtube.com/watch?v=nUqBrMLWLzY,12회,3개월 전
무한의 농장 게임,https://www.youtube.com/watch?v=_8y4sGhbqf8,5.9천회,3개월 전
무한의 농장 게임,https://www.youtube.com/watch?v=R3q0yMP5IRo,450회,3개월 전
무한의 농장 게임,https://www.youtube.com/watch?v=oHTiZFvtkCo,360회,3개월 전
무한의 농장 게임,https://www.youtube.com/watch?v=KByZz-tH4b0,1.5천회,3개월 전
무한의 농장 게임,https://www.youtube.com/watch?v=OQ63bmj93cc,79회,3개월 전
무한의 농장 게임,https://www.youtube.com/watch?v=EmPB08hCcBM,3.2천회,3개월 전
무한의 농장 게임,https://www.youtube.com/watch?v=akW1jtHpTkA,3천회,3개월 전
무한의 농장 게임,https://www.youtube.com/watch?v=s7vsV4czgZw,1.2천회,3개월 전
무한의 농장 게임,https://www.youtube.com/watch?v=nin9dfXphxI,1.9천회,3개월 전
무한의 농장 게임,https://www.youtube.com/watch?v=GoiZZMLgP2Q,149회,3개월 전
무한의 농장 게임,https://www.youtube.com/watch?v=ygjW_508Kcs,125회,3개월 전
무한의 농장 게임,https://www.youtube.com/watch?v=Wg1Ic40kkQk,388회,3개월 전
무한의 농장 게임,https://www.youtube.com/watch?v=VNPChaFnxb0,194회,3개월 전
무한의 농장 게임,https://www.youtube.com/watch?v=iTCCvRp5kxk,647회,3개월 전
무한의 농장 게임,https://www.youtube.com/watch?v=hEnQbsf9MsY,21만회,4개월 전
무한의 농장 게임,https://www.youtube.com/watch?v=nHmw4OWOZcQ,7.4천회,8개월 전
무한의 농장 게임,https://www.youtube.com/watch?v=eO5-trLV-PM,703회,9개월 전
