﻿search,youtube_url,viewer,upload
밥 먹고 갈래요? 게임,https://www.youtube.com/watch?v=a6equNxg7qg,없음,3일 전
밥 먹고 갈래요? 게임,https://www.youtube.com/watch?v=G46mXo9YmMQ,17회,1주 전
밥 먹고 갈래요? 게임,https://www.youtube.com/watch?v=rJUMIZcDgXw,112회,1주 전
밥 먹고 갈래요? 게임,https://www.youtube.com/watch?v=UIjKMPuo46I,36회,1주 전
밥 먹고 갈래요? 게임,https://www.youtube.com/watch?v=F6EfLp5eLLQ,7회,1주 전
밥 먹고 갈래요? 게임,https://www.youtube.com/watch?v=-VFZtAvJsPs,155회,1주 전
밥 먹고 갈래요? 게임,https://www.youtube.com/watch?v=KbSHEkzzJkY,176회,1개월 전
