﻿search,youtube_url,viewer,upload
꿈의 정원 (Gardenscapes) 게임,https://www.youtube.com/watch?v=hYJnRwI7q8c,45회,3주 전
꿈의 정원 (Gardenscapes) 게임,https://www.youtube.com/watch?v=FYFjWR-EU0s,5회,3주 전
꿈의 정원 (Gardenscapes) 게임,https://www.youtube.com/watch?v=PK2vNj-XWiQ,27회,1개월 전
꿈의 정원 (Gardenscapes) 게임,https://www.youtube.com/watch?v=QGzemCeFqis,6회,1개월 전
꿈의 정원 (Gardenscapes) 게임,https://www.youtube.com/watch?v=aHqaCn024PY,4회,1개월 전
꿈의 정원 (Gardenscapes) 게임,https://www.youtube.com/watch?v=J9qHmiREbxI,4회,1개월 전
꿈의 정원 (Gardenscapes) 게임,https://www.youtube.com/watch?v=b-crziXfehY,10회,1개월 전
꿈의 정원 (Gardenscapes) 게임,https://www.youtube.com/watch?v=i7ncI_mAkTQ,7회,1개월 전
꿈의 정원 (Gardenscapes) 게임,https://www.youtube.com/watch?v=RSyOfjgJN0A,2회,1개월 전
꿈의 정원 (Gardenscapes) 게임,https://www.youtube.com/watch?v=qBB_R8LO8sQ,4회,1개월 전
꿈의 정원 (Gardenscapes) 게임,https://www.youtube.com/watch?v=yM_NRTLZ3e8,2회,1개월 전
꿈의 정원 (Gardenscapes) 게임,https://www.youtube.com/watch?v=k41-4OBej5I,7회,1개월 전
꿈의 정원 (Gardenscapes) 게임,https://www.youtube.com/watch?v=6JPMowLV3KM,5회,1개월 전
꿈의 정원 (Gardenscapes) 게임,https://www.youtube.com/watch?v=PXAG0dPXCMw,7회,1개월 전
꿈의 정원 (Gardenscapes) 게임,https://www.youtube.com/watch?v=Q9zfzjcFX-Y,59회,1개월 전
꿈의 정원 (Gardenscapes) 게임,https://www.youtube.com/watch?v=IBSSoNtStjg,34회,1개월 전
꿈의 정원 (Gardenscapes) 게임,https://www.youtube.com/watch?v=ycGWqAU6CGI,5회,1개월 전
꿈의 정원 (Gardenscapes) 게임,https://www.youtube.com/watch?v=E7f1F_8daZg,10회,1개월 전
꿈의 정원 (Gardenscapes) 게임,https://www.youtube.com/watch?v=LTRd1L2fHo8,7회,1개월 전
꿈의 정원 (Gardenscapes) 게임,https://www.youtube.com/watch?v=-1g4rLnodr8,9회,1개월 전
꿈의 정원 (Gardenscapes) 게임,https://www.youtube.com/watch?v=EiJaFp56kGE,9회,1개월 전
꿈의 정원 (Gardenscapes) 게임,https://www.youtube.com/watch?v=IBGxbKOd3iI,5회,1개월 전
꿈의 정원 (Gardenscapes) 게임,https://www.youtube.com/watch?v=6UlH5Q4drwA,11회,1개월 전
꿈의 정원 (Gardenscapes) 게임,https://www.youtube.com/watch?v=cFq3P9Zib2E,6회,1개월 전
꿈의 정원 (Gardenscapes) 게임,https://www.youtube.com/watch?v=wCoM2A6kdL8,7회,1개월 전
꿈의 정원 (Gardenscapes) 게임,https://www.youtube.com/watch?v=LvzUoZq0Dmc,16회,1개월 전
꿈의 정원 (Gardenscapes) 게임,https://www.youtube.com/watch?v=6g4uvm-BKHI,3회,1개월 전
꿈의 정원 (Gardenscapes) 게임,https://www.youtube.com/watch?v=pC7Yj4Fp1I0,5회,1개월 전
꿈의 정원 (Gardenscapes) 게임,https://www.youtube.com/watch?v=4E3F4_q8fuI,8회,1개월 전
꿈의 정원 (Gardenscapes) 게임,https://www.youtube.com/watch?v=xZtyItmHiVc,4회,1개월 전
꿈의 정원 (Gardenscapes) 게임,https://www.youtube.com/watch?v=2o8pJTT282Y,9회,1개월 전
꿈의 정원 (Gardenscapes) 게임,https://www.youtube.com/watch?v=89gwIdqb1ks,376회,2개월 전
꿈의 정원 (Gardenscapes) 게임,https://www.youtube.com/watch?v=761-ROgaKI8,42회,2개월 전
꿈의 정원 (Gardenscapes) 게임,https://www.youtube.com/watch?v=T2CWYLZXMaI,14회,2개월 전
꿈의 정원 (Gardenscapes) 게임,https://www.youtube.com/watch?v=wBuL0S8m5Dw,54회,2개월 전
꿈의 정원 (Gardenscapes) 게임,https://www.youtube.com/watch?v=eM6wuJLK6uY,31회,3개월 전
꿈의 정원 (Gardenscapes) 게임,https://www.youtube.com/watch?v=GhZXdjJ-1WE,19회,3개월 전
꿈의 정원 (Gardenscapes) 게임,https://www.youtube.com/watch?v=Ik-Zw_NKsHk,28회,3개월 전
꿈의 정원 (Gardenscapes) 게임,https://www.youtube.com/watch?v=59ur9w_RBbc,11회,3개월 전
꿈의 정원 (Gardenscapes) 게임,https://www.youtube.com/watch?v=gCampn2LQJc,55회,3개월 전
꿈의 정원 (Gardenscapes) 게임,https://www.youtube.com/watch?v=onY5MIS-ml8,24회,3개월 전
꿈의 정원 (Gardenscapes) 게임,https://www.youtube.com/watch?v=GQ0mi8VqKMs,14회,3개월 전
꿈의 정원 (Gardenscapes) 게임,https://www.youtube.com/watch?v=r98Tb0UJdfA,7회,3개월 전
꿈의 정원 (Gardenscapes) 게임,https://www.youtube.com/watch?v=Jraj1eLgJHQ,13회,3개월 전
꿈의 정원 (Gardenscapes) 게임,https://www.youtube.com/watch?v=cUCPfLZb95E,17회,3개월 전
꿈의 정원 (Gardenscapes) 게임,https://www.youtube.com/watch?v=1KQf6W3YUNI,8회,3개월 전
꿈의 정원 (Gardenscapes) 게임,https://www.youtube.com/watch?v=X_a71a6sxms,13회,3개월 전
꿈의 정원 (Gardenscapes) 게임,https://www.youtube.com/watch?v=yX9kWBeZy94,20회,3개월 전
꿈의 정원 (Gardenscapes) 게임,https://www.youtube.com/watch?v=_83RQ3kheHk,13회,3개월 전
꿈의 정원 (Gardenscapes) 게임,https://www.youtube.com/watch?v=vNay41Qqut4,8회,3개월 전
꿈의 정원 (Gardenscapes) 게임,https://www.youtube.com/watch?v=omyqt9eQeo8,14회,3개월 전
꿈의 정원 (Gardenscapes) 게임,https://www.youtube.com/watch?v=xHL44HiY6dw,7회,3개월 전
꿈의 정원 (Gardenscapes) 게임,https://www.youtube.com/watch?v=QpdjOIO5vL0,9회,3개월 전
꿈의 정원 (Gardenscapes) 게임,https://www.youtube.com/watch?v=7zmvlLm7LiI,9회,3개월 전
꿈의 정원 (Gardenscapes) 게임,https://www.youtube.com/watch?v=63POTy7VHJs,10회,3개월 전
꿈의 정원 (Gardenscapes) 게임,https://www.youtube.com/watch?v=3aGYdipL4Fs,17회,3개월 전
꿈의 정원 (Gardenscapes) 게임,https://www.youtube.com/watch?v=-MIk6Knb9CA,75회,3개월 전
꿈의 정원 (Gardenscapes) 게임,https://www.youtube.com/watch?v=JFcu1_ks36A,10만회,4개월 전
꿈의 정원 (Gardenscapes) 게임,https://www.youtube.com/watch?v=5oTaLjtHrXM,225회,4개월 전
꿈의 정원 (Gardenscapes) 게임,https://www.youtube.com/watch?v=9-uqarT9z5k,12회,5개월 전
꿈의 정원 (Gardenscapes) 게임,https://www.youtube.com/watch?v=PUF-8r8DoQ0,437회,5개월 전
꿈의 정원 (Gardenscapes) 게임,https://www.youtube.com/watch?v=HXBuG8iMsts,63회,5개월 전
꿈의 정원 (Gardenscapes) 게임,https://www.youtube.com/watch?v=mJoHVFEItT8,8회,7개월 전
꿈의 정원 (Gardenscapes) 게임,https://www.youtube.com/watch?v=erTe5oMPPUU,1.5천회,8개월 전
꿈의 정원 (Gardenscapes) 게임,https://www.youtube.com/watch?v=IEyn8iaaEJI,59회,8개월 전
꿈의 정원 (Gardenscapes) 게임,https://www.youtube.com/watch?v=izNf8PnjGfQ,171회,8개월 전
꿈의 정원 (Gardenscapes) 게임,https://www.youtube.com/watch?v=ievwnD-ReXk,90회,9개월 전
꿈의 정원 (Gardenscapes) 게임,https://www.youtube.com/watch?v=Rke3NCu0nVI,205회,9개월 전
꿈의 정원 (Gardenscapes) 게임,https://www.youtube.com/watch?v=GjbQpja1Fmw,300회,9개월 전
꿈의 정원 (Gardenscapes) 게임,https://www.youtube.com/watch?v=QI-BJKi-E8Q,152회,9개월 전
꿈의 정원 (Gardenscapes) 게임,https://www.youtube.com/watch?v=_s8hd7gY3T4,270회,9개월 전
꿈의 정원 (Gardenscapes) 게임,https://www.youtube.com/watch?v=qQf81FVeHfk,143회,10개월 전
꿈의 정원 (Gardenscapes) 게임,https://www.youtube.com/watch?v=JEus9UOHc6Y,45회,10개월 전
꿈의 정원 (Gardenscapes) 게임,https://www.youtube.com/watch?v=HMUgbROWnPo,1회,10개월 전
꿈의 정원 (Gardenscapes) 게임,https://www.youtube.com/watch?v=y8PmDs_KZU8,73회,10개월 전
꿈의 정원 (Gardenscapes) 게임,https://www.youtube.com/watch?v=UQxHU-O0kEI,20회,10개월 전
꿈의 정원 (Gardenscapes) 게임,https://www.youtube.com/watch?v=EyS-fkGNL5U,530회,11개월 전
꿈의 정원 (Gardenscapes) 게임,https://www.youtube.com/watch?v=cpvvJUKUI6c,70회,11개월 전
꿈의 정원 (Gardenscapes) 게임,https://www.youtube.com/watch?v=xOrztj1Rbwk,383회,11개월 전
