﻿search,youtube_url,viewer,upload
Pocket World 3D 게임,https://www.youtube.com/watch?v=8ltqFdtyPwA,없음,1일 전
Pocket World 3D 게임,https://www.youtube.com/watch?v=3JlGwX67VAg,9회,1일 전
Pocket World 3D 게임,https://www.youtube.com/watch?v=qlSKYOUfUvY,1회,2일 전
Pocket World 3D 게임,https://www.youtube.com/watch?v=vi6Du337QNA,107회,2일 전
Pocket World 3D 게임,https://www.youtube.com/watch?v=EvsFcZJMwSs,10회,3일 전
Pocket World 3D 게임,https://www.youtube.com/watch?v=uSAqBWtZae0,없음,4일 전
Pocket World 3D 게임,https://www.youtube.com/watch?v=2IqJMMesC8g,없음,6일 전
Pocket World 3D 게임,https://www.youtube.com/watch?v=8qSVowLvG4o,18회,6일 전
Pocket World 3D 게임,https://www.youtube.com/watch?v=VtO8hzMXqTE,65회,1주 전
Pocket World 3D 게임,https://www.youtube.com/watch?v=CAwQWVGHaI8,7회,1주 전
Pocket World 3D 게임,https://www.youtube.com/watch?v=QVIK5zlz-hk,20회,1주 전
Pocket World 3D 게임,https://www.youtube.com/watch?v=5tBe-TTZJzg,41회,1주 전
Pocket World 3D 게임,https://www.youtube.com/watch?v=hpuyFF_ZenM,36회,1주 전
Pocket World 3D 게임,https://www.youtube.com/watch?v=qURbgYqAFdU,없음,1주 전
Pocket World 3D 게임,https://www.youtube.com/watch?v=yS7_tcBupnk,없음,1주 전
Pocket World 3D 게임,https://www.youtube.com/watch?v=SRjjmXpRZHM,222회,1주 전
Pocket World 3D 게임,https://www.youtube.com/watch?v=xHrizHj22UA,6회,1주 전
Pocket World 3D 게임,https://www.youtube.com/watch?v=c_sZD8ojeFM,5.2천회,2주 전
Pocket World 3D 게임,https://www.youtube.com/watch?v=SmY_cLBFvnQ,119회,2주 전
Pocket World 3D 게임,https://www.youtube.com/watch?v=FSqB7-U2-1s,152회,2주 전
Pocket World 3D 게임,https://www.youtube.com/watch?v=SeC_XNTIKSk,1회,2주 전
Pocket World 3D 게임,https://www.youtube.com/watch?v=LGzncs2UNeM,155회,2주 전
Pocket World 3D 게임,https://www.youtube.com/watch?v=O8QccGVrqXQ,345회,2주 전
Pocket World 3D 게임,https://www.youtube.com/watch?v=h0H6_zsb2ss,1.2천회,2주 전
Pocket World 3D 게임,https://www.youtube.com/watch?v=h_ZbFlMYzoA,640회,2주 전
Pocket World 3D 게임,https://www.youtube.com/watch?v=R3HtengzjZk,12회,2주 전
Pocket World 3D 게임,https://www.youtube.com/watch?v=41Q0UJoOYdI,20회,2주 전
Pocket World 3D 게임,https://www.youtube.com/watch?v=pwSnvVRi3uE,692회,2주 전
Pocket World 3D 게임,https://www.youtube.com/watch?v=14hDwJe8Qt8,143회,2주 전
Pocket World 3D 게임,https://www.youtube.com/watch?v=AjBkaV4Zucw,81회,2주 전
Pocket World 3D 게임,https://www.youtube.com/watch?v=eX_AyOANmbI,329회,2주 전
Pocket World 3D 게임,https://www.youtube.com/watch?v=JD1PYNsLaPs,3회,2주 전
Pocket World 3D 게임,https://www.youtube.com/watch?v=PPXuH8YD8wQ,1.6천회,2주 전
Pocket World 3D 게임,https://www.youtube.com/watch?v=hdpFc3mPMWw,없음,2주 전
Pocket World 3D 게임,https://www.youtube.com/watch?v=-X91-HrlEuc,349회,2주 전
Pocket World 3D 게임,https://www.youtube.com/watch?v=tVv1yEbHn90,899회,2주 전
Pocket World 3D 게임,https://www.youtube.com/watch?v=ED_IwQID0ns,13회,2주 전
Pocket World 3D 게임,https://www.youtube.com/watch?v=bzjh_z7qRxI,82회,2주 전
Pocket World 3D 게임,https://www.youtube.com/watch?v=Zkdh8SesztQ,541회,2주 전
Pocket World 3D 게임,https://www.youtube.com/watch?v=4VVOmrDEtjo,40회,2주 전
Pocket World 3D 게임,https://www.youtube.com/watch?v=nrDHncmT9Pw,191회,2주 전
Pocket World 3D 게임,https://www.youtube.com/watch?v=fE41-KBksCg,604회,2주 전
Pocket World 3D 게임,https://www.youtube.com/watch?v=i6j9x18g2us,47회,2주 전
Pocket World 3D 게임,https://www.youtube.com/watch?v=lQMiNlCFMN4,107회,2주 전
Pocket World 3D 게임,https://www.youtube.com/watch?v=8J8IZ4tpvK4,3.1천회,2주 전
Pocket World 3D 게임,https://www.youtube.com/watch?v=pld-jwIut-s,4회,2주 전
Pocket World 3D 게임,https://www.youtube.com/watch?v=QNa-ISr8p88,2.1천회,2주 전
Pocket World 3D 게임,https://www.youtube.com/watch?v=4CBDX33hUW0,63회,2주 전
Pocket World 3D 게임,https://www.youtube.com/watch?v=ToOiz8VMrrc,336회,2주 전
Pocket World 3D 게임,https://www.youtube.com/watch?v=1AF_kzQassU,2.7천회,2주 전
Pocket World 3D 게임,https://www.youtube.com/watch?v=rfRx75M_c6I,557회,2주 전
Pocket World 3D 게임,https://www.youtube.com/watch?v=joVeX90vGmI,2.4천회,2주 전
Pocket World 3D 게임,https://www.youtube.com/watch?v=yH_K6mtX7Vo,50회,3주 전
Pocket World 3D 게임,https://www.youtube.com/watch?v=bjves5sAAes,59회,3주 전
Pocket World 3D 게임,https://www.youtube.com/watch?v=lq71XWvfLLQ,151회,3주 전
Pocket World 3D 게임,https://www.youtube.com/watch?v=OD0d92s9kZs,637회,3주 전
Pocket World 3D 게임,https://www.youtube.com/watch?v=j1AImz3lVrs,4.4천회,3주 전
Pocket World 3D 게임,https://www.youtube.com/watch?v=Hr-MyWeJUIo,47회,3주 전
Pocket World 3D 게임,https://www.youtube.com/watch?v=nnm65rEidUA,3.1만회,3주 전
Pocket World 3D 게임,https://www.youtube.com/watch?v=8FptpspAUAg,33만회,3주 전
Pocket World 3D 게임,https://www.youtube.com/watch?v=_CQc_h4484k,332회,3주 전
Pocket World 3D 게임,https://www.youtube.com/watch?v=c1JUBFOxlMk,999회,1개월 전
Pocket World 3D 게임,https://www.youtube.com/watch?v=Hm8GhWuMLFA,3.9만회,1개월 전
