﻿search,youtube_url,viewer,upload
Mr Bullet - 스파이 퍼즐 게임,https://www.youtube.com/watch?v=uwQwh6xsCeQ,3회,9시간 전
Mr Bullet - 스파이 퍼즐 게임,https://www.youtube.com/watch?v=KWm6NTcR04s,없음,1일 전
Mr Bullet - 스파이 퍼즐 게임,https://www.youtube.com/watch?v=E4U0D2Y61Jw,1회,1일 전
Mr Bullet - 스파이 퍼즐 게임,https://www.youtube.com/watch?v=CNiIUOGJ0sQ,1.3천회,2일 전
Mr Bullet - 스파이 퍼즐 게임,https://www.youtube.com/watch?v=WyfZG4hVSGY,12회,2일 전
Mr Bullet - 스파이 퍼즐 게임,https://www.youtube.com/watch?v=tMLiXlBV-b0,1.3천회,3일 전
Mr Bullet - 스파이 퍼즐 게임,https://www.youtube.com/watch?v=2okDmnjx0k4,없음,3일 전
Mr Bullet - 스파이 퍼즐 게임,https://www.youtube.com/watch?v=8bAbFa3kZPI,없음,3일 전
Mr Bullet - 스파이 퍼즐 게임,https://www.youtube.com/watch?v=UEnMuoq_0Jc,2회,3일 전
Mr Bullet - 스파이 퍼즐 게임,https://www.youtube.com/watch?v=YD4nO5NhBmA,14회,3일 전
Mr Bullet - 스파이 퍼즐 게임,https://www.youtube.com/watch?v=yba6vuDb490,없음,4일 전
Mr Bullet - 스파이 퍼즐 게임,https://www.youtube.com/watch?v=vW66mKQPOTA,4회,5일 전
Mr Bullet - 스파이 퍼즐 게임,https://www.youtube.com/watch?v=8TQYMfW0If8,20회,5일 전
Mr Bullet - 스파이 퍼즐 게임,https://www.youtube.com/watch?v=dAN-cJheqS4,9회,5일 전
Mr Bullet - 스파이 퍼즐 게임,https://www.youtube.com/watch?v=8JjY9IgP4yY,1.2천회,5일 전
Mr Bullet - 스파이 퍼즐 게임,https://www.youtube.com/watch?v=Jc3Azn2dMac,8회,5일 전
Mr Bullet - 스파이 퍼즐 게임,https://www.youtube.com/watch?v=CV9V4HwoO70,8회,6일 전
Mr Bullet - 스파이 퍼즐 게임,https://www.youtube.com/watch?v=2mkXOhI6zfY,1회,6일 전
Mr Bullet - 스파이 퍼즐 게임,https://www.youtube.com/watch?v=CZcUziaA1iw,3회,6일 전
Mr Bullet - 스파이 퍼즐 게임,https://www.youtube.com/watch?v=JC11eDzoTp0,170회,6일 전
Mr Bullet - 스파이 퍼즐 게임,https://www.youtube.com/watch?v=HUiFS71PADc,1회,1주 전
Mr Bullet - 스파이 퍼즐 게임,https://www.youtube.com/watch?v=1vTyMGSq0pw,1회,1주 전
Mr Bullet - 스파이 퍼즐 게임,https://www.youtube.com/watch?v=hdScsRN-Wb4,3회,1주 전
Mr Bullet - 스파이 퍼즐 게임,https://www.youtube.com/watch?v=yIwy3flYiwQ,40회,1주 전
Mr Bullet - 스파이 퍼즐 게임,https://www.youtube.com/watch?v=3L9BlAExw8c,11만회,1주 전
Mr Bullet - 스파이 퍼즐 게임,https://www.youtube.com/watch?v=cgZK5HbsTZc,448회,1주 전
Mr Bullet - 스파이 퍼즐 게임,https://www.youtube.com/watch?v=YIEgRJmVsGM,197회,1주 전
Mr Bullet - 스파이 퍼즐 게임,https://www.youtube.com/watch?v=HKL2Mi6SBiM,없음,1주 전
Mr Bullet - 스파이 퍼즐 게임,https://www.youtube.com/watch?v=Uj1To8D2OM0,없음,1주 전
Mr Bullet - 스파이 퍼즐 게임,https://www.youtube.com/watch?v=a7rDOWLEbJs,1.4천회,1주 전
Mr Bullet - 스파이 퍼즐 게임,https://www.youtube.com/watch?v=UuEKFqmLxkk,없음,1주 전
Mr Bullet - 스파이 퍼즐 게임,https://www.youtube.com/watch?v=NVuxb5Nief0,없음,1주 전
Mr Bullet - 스파이 퍼즐 게임,https://www.youtube.com/watch?v=XaRbncBVbcc,2회,1주 전
Mr Bullet - 스파이 퍼즐 게임,https://www.youtube.com/watch?v=B7gQEZ0iAE8,1회,1주 전
Mr Bullet - 스파이 퍼즐 게임,https://www.youtube.com/watch?v=qnvSKcaDt6s,1회,1주 전
Mr Bullet - 스파이 퍼즐 게임,https://www.youtube.com/watch?v=tbtzF9uJbZ8,748회,1주 전
Mr Bullet - 스파이 퍼즐 게임,https://www.youtube.com/watch?v=CI2T7x07rdo,4회,1주 전
Mr Bullet - 스파이 퍼즐 게임,https://www.youtube.com/watch?v=_JI-4GbYWA8,387회,1주 전
Mr Bullet - 스파이 퍼즐 게임,https://www.youtube.com/watch?v=DaU9St4-Y7U,67회,1주 전
Mr Bullet - 스파이 퍼즐 게임,https://www.youtube.com/watch?v=Da_hz6Fbv9E,296회,1주 전
Mr Bullet - 스파이 퍼즐 게임,https://www.youtube.com/watch?v=337RxIbrrrA,1회,2주 전
Mr Bullet - 스파이 퍼즐 게임,https://www.youtube.com/watch?v=6XfUjf9kvYo,1회,2주 전
Mr Bullet - 스파이 퍼즐 게임,https://www.youtube.com/watch?v=AcHaOnLxmao,없음,2주 전
Mr Bullet - 스파이 퍼즐 게임,https://www.youtube.com/watch?v=Q81ODJYnCf8,1회,2주 전
Mr Bullet - 스파이 퍼즐 게임,https://www.youtube.com/watch?v=jXBgEcN529U,없음,2주 전
Mr Bullet - 스파이 퍼즐 게임,https://www.youtube.com/watch?v=-CcA15DK5I8,5.8천회,2주 전
Mr Bullet - 스파이 퍼즐 게임,https://www.youtube.com/watch?v=JJQORsC33eI,없음,2주 전
Mr Bullet - 스파이 퍼즐 게임,https://www.youtube.com/watch?v=1YMW2HnrFd8,1.8만회,2주 전
Mr Bullet - 스파이 퍼즐 게임,https://www.youtube.com/watch?v=x4N2YblZXCg,666회,2주 전
Mr Bullet - 스파이 퍼즐 게임,https://www.youtube.com/watch?v=1vh_pnAmdYg,847회,2주 전
Mr Bullet - 스파이 퍼즐 게임,https://www.youtube.com/watch?v=Cd2SGsRTd3s,없음,2주 전
Mr Bullet - 스파이 퍼즐 게임,https://www.youtube.com/watch?v=6GJhEfZyT3M,1회,2주 전
Mr Bullet - 스파이 퍼즐 게임,https://www.youtube.com/watch?v=3De_lE3og1c,없음,2주 전
Mr Bullet - 스파이 퍼즐 게임,https://www.youtube.com/watch?v=ZqSJb56zuAE,1회,2주 전
Mr Bullet - 스파이 퍼즐 게임,https://www.youtube.com/watch?v=XIR7hen4Mg4,1회,2주 전
Mr Bullet - 스파이 퍼즐 게임,https://www.youtube.com/watch?v=UoEG6yukDlc,290회,2주 전
Mr Bullet - 스파이 퍼즐 게임,https://www.youtube.com/watch?v=I8Xh9v3P29g,8회,2주 전
Mr Bullet - 스파이 퍼즐 게임,https://www.youtube.com/watch?v=FFzvP2eTB3I,1.1만회,2주 전
Mr Bullet - 스파이 퍼즐 게임,https://www.youtube.com/watch?v=Ta8yyOtYlZk,없음,2주 전
Mr Bullet - 스파이 퍼즐 게임,https://www.youtube.com/watch?v=A9eDknUGdvc,없음,2주 전
Mr Bullet - 스파이 퍼즐 게임,https://www.youtube.com/watch?v=z3GRTukUd6k,없음,2주 전
Mr Bullet - 스파이 퍼즐 게임,https://www.youtube.com/watch?v=5YVefp0nq1I,6회,2주 전
Mr Bullet - 스파이 퍼즐 게임,https://www.youtube.com/watch?v=8uBk8ewst3U,없음,2주 전
Mr Bullet - 스파이 퍼즐 게임,https://www.youtube.com/watch?v=cWjYYHKC808,3회,2주 전
Mr Bullet - 스파이 퍼즐 게임,https://www.youtube.com/watch?v=gHCSnbzSV1o,없음,2주 전
Mr Bullet - 스파이 퍼즐 게임,https://www.youtube.com/watch?v=2FhbQQzEQn4,214회,2주 전
Mr Bullet - 스파이 퍼즐 게임,https://www.youtube.com/watch?v=Pr1FDB_2tcc,4.1천회,2주 전
Mr Bullet - 스파이 퍼즐 게임,https://www.youtube.com/watch?v=tJWjbOwcXHU,15회,2주 전
Mr Bullet - 스파이 퍼즐 게임,https://www.youtube.com/watch?v=iyd5Ql4m5OE,1회,2주 전
Mr Bullet - 스파이 퍼즐 게임,https://www.youtube.com/watch?v=50kSwAtSdHk,1회,3주 전
Mr Bullet - 스파이 퍼즐 게임,https://www.youtube.com/watch?v=FY-f8_jdXSE,493회,3주 전
Mr Bullet - 스파이 퍼즐 게임,https://www.youtube.com/watch?v=Cx17YiD14Fw,3.8천회,3주 전
Mr Bullet - 스파이 퍼즐 게임,https://www.youtube.com/watch?v=49BU4g0CH6M,3.5만회,3주 전
Mr Bullet - 스파이 퍼즐 게임,https://www.youtube.com/watch?v=QEUlr3R5X-s,692회,3주 전
Mr Bullet - 스파이 퍼즐 게임,https://www.youtube.com/watch?v=OXeBtsoLwis,없음,3주 전
Mr Bullet - 스파이 퍼즐 게임,https://www.youtube.com/watch?v=ISsQPlCp6eU,7.5천회,3주 전
Mr Bullet - 스파이 퍼즐 게임,https://www.youtube.com/watch?v=Cv8-9lhNgnk,1만회,3주 전
Mr Bullet - 스파이 퍼즐 게임,https://www.youtube.com/watch?v=5gPT3c-kC-U,2.5만회,3주 전
Mr Bullet - 스파이 퍼즐 게임,https://www.youtube.com/watch?v=_yaJ76POUCU,2.5천회,3주 전
Mr Bullet - 스파이 퍼즐 게임,https://www.youtube.com/watch?v=z_fHCIZKdKE,3.2천회,3주 전
Mr Bullet - 스파이 퍼즐 게임,https://www.youtube.com/watch?v=GBYnZF32FPg,791회,3주 전
Mr Bullet - 스파이 퍼즐 게임,https://www.youtube.com/watch?v=KRFjZVbH1-s,3.7만회,3주 전
Mr Bullet - 스파이 퍼즐 게임,https://www.youtube.com/watch?v=uXrE49Xb7-A,6.4천회,3주 전
Mr Bullet - 스파이 퍼즐 게임,https://www.youtube.com/watch?v=wVQg2PzWOxs,20회,3주 전
Mr Bullet - 스파이 퍼즐 게임,https://www.youtube.com/watch?v=hPOAawvdCxM,3.6만회,3주 전
Mr Bullet - 스파이 퍼즐 게임,https://www.youtube.com/watch?v=nP6lzzYp4kI,229회,3주 전
Mr Bullet - 스파이 퍼즐 게임,https://www.youtube.com/watch?v=HWsVf6GrcMo,6회,3주 전
Mr Bullet - 스파이 퍼즐 게임,https://www.youtube.com/watch?v=QRe6Cawkywc,1회,3주 전
Mr Bullet - 스파이 퍼즐 게임,https://www.youtube.com/watch?v=pMW8eFy7vco,286회,3주 전
Mr Bullet - 스파이 퍼즐 게임,https://www.youtube.com/watch?v=LMjt4SJINpY,3.4천회,3주 전
Mr Bullet - 스파이 퍼즐 게임,https://www.youtube.com/watch?v=aA9rGLrJnf0,71만회,4주 전
Mr Bullet - 스파이 퍼즐 게임,https://www.youtube.com/watch?v=0gof_Y8GPNk,없음,4주 전
Mr Bullet - 스파이 퍼즐 게임,https://www.youtube.com/watch?v=hJhu0feesQc,416회,4주 전
Mr Bullet - 스파이 퍼즐 게임,https://www.youtube.com/watch?v=Nc_wEPAqDSA,14회,4주 전
Mr Bullet - 스파이 퍼즐 게임,https://www.youtube.com/watch?v=oCgoyO4h6Tc,723회,4주 전
Mr Bullet - 스파이 퍼즐 게임,https://www.youtube.com/watch?v=SmfF7U515ec,33회,4주 전
Mr Bullet - 스파이 퍼즐 게임,https://www.youtube.com/watch?v=mwpqMaUs1z4,1.9천회,4주 전
Mr Bullet - 스파이 퍼즐 게임,https://www.youtube.com/watch?v=XkCpNAWRjns,3.6천회,4주 전
Mr Bullet - 스파이 퍼즐 게임,https://www.youtube.com/watch?v=l_hl962CwWs,4.7천회,1개월 전
Mr Bullet - 스파이 퍼즐 게임,https://www.youtube.com/watch?v=4kxe7qe3Sco,397회,1개월 전
Mr Bullet - 스파이 퍼즐 게임,https://www.youtube.com/watch?v=VvSr1CjkSX4,6회,스트리밍 시간: 1개월 전
Mr Bullet - 스파이 퍼즐 게임,https://www.youtube.com/watch?v=wAQtHHu78gs,1.3만회,1개월 전
Mr Bullet - 스파이 퍼즐 게임,https://www.youtube.com/watch?v=8tlZfRy6G08,10회,1개월 전
Mr Bullet - 스파이 퍼즐 게임,https://www.youtube.com/watch?v=Ftld1GBkDYE,267회,1개월 전
Mr Bullet - 스파이 퍼즐 게임,https://www.youtube.com/watch?v=7sMYbGynx-8,7회,1개월 전
Mr Bullet - 스파이 퍼즐 게임,https://www.youtube.com/watch?v=T16V8wk-cyE,32회,1개월 전
Mr Bullet - 스파이 퍼즐 게임,https://www.youtube.com/watch?v=_y6QXOJlpyg,13회,1개월 전
Mr Bullet - 스파이 퍼즐 게임,https://www.youtube.com/watch?v=SVEfjxYlOE0,1회,1개월 전
Mr Bullet - 스파이 퍼즐 게임,https://www.youtube.com/watch?v=IYGTo3hSljY,3.2천회,1개월 전
Mr Bullet - 스파이 퍼즐 게임,https://www.youtube.com/watch?v=xS0oBpkRbJg,19회,1개월 전
Mr Bullet - 스파이 퍼즐 게임,https://www.youtube.com/watch?v=4ryyewwpCNk,2회,1개월 전
Mr Bullet - 스파이 퍼즐 게임,https://www.youtube.com/watch?v=bJKA4rB5RTk,122회,1개월 전
Mr Bullet - 스파이 퍼즐 게임,https://www.youtube.com/watch?v=X8oG_5xGTSw,360회,1개월 전
Mr Bullet - 스파이 퍼즐 게임,https://www.youtube.com/watch?v=4u5_ohcKYW0,214회,1개월 전
Mr Bullet - 스파이 퍼즐 게임,https://www.youtube.com/watch?v=ZW_6mw7gsWY,1.9천회,1개월 전
Mr Bullet - 스파이 퍼즐 게임,https://www.youtube.com/watch?v=krbdZjvlUug,3.5천회,1개월 전
Mr Bullet - 스파이 퍼즐 게임,https://www.youtube.com/watch?v=jMR6x2WA5cU,6만회,1개월 전
Mr Bullet - 스파이 퍼즐 게임,https://www.youtube.com/watch?v=3bUEEoPUkaw,242회,1개월 전
Mr Bullet - 스파이 퍼즐 게임,https://www.youtube.com/watch?v=NcirVDL3Mvs,4.9천회,1개월 전
Mr Bullet - 스파이 퍼즐 게임,https://www.youtube.com/watch?v=A-B_Yv8cpno,564회,1개월 전
Mr Bullet - 스파이 퍼즐 게임,https://www.youtube.com/watch?v=8oCEfJtulqs,11회,1개월 전
Mr Bullet - 스파이 퍼즐 게임,https://www.youtube.com/watch?v=IcP3Gxju6is,1회,1개월 전
Mr Bullet - 스파이 퍼즐 게임,https://www.youtube.com/watch?v=VzzGdqHXAvw,22회,1개월 전
Mr Bullet - 스파이 퍼즐 게임,https://www.youtube.com/watch?v=F960d3mNtsM,34회,1개월 전
Mr Bullet - 스파이 퍼즐 게임,https://www.youtube.com/watch?v=046CrrqLQFk,25회,1개월 전
Mr Bullet - 스파이 퍼즐 게임,https://www.youtube.com/watch?v=02XRV759iIc,6회,1개월 전
Mr Bullet - 스파이 퍼즐 게임,https://www.youtube.com/watch?v=qTHviSl6z_A,11회,1개월 전
Mr Bullet - 스파이 퍼즐 게임,https://www.youtube.com/watch?v=fM7iu44Ss_c,19회,1개월 전
Mr Bullet - 스파이 퍼즐 게임,https://www.youtube.com/watch?v=qz4GGt-G1F8,30회,1개월 전
Mr Bullet - 스파이 퍼즐 게임,https://www.youtube.com/watch?v=M2cro43n5xo,241회,1개월 전
Mr Bullet - 스파이 퍼즐 게임,https://www.youtube.com/watch?v=E75_5fHDW4o,990회,1개월 전
Mr Bullet - 스파이 퍼즐 게임,https://www.youtube.com/watch?v=hHb0N0dQkNg,1천회,1개월 전
Mr Bullet - 스파이 퍼즐 게임,https://www.youtube.com/watch?v=Sb4y2hmkAII,7회,1개월 전
Mr Bullet - 스파이 퍼즐 게임,https://www.youtube.com/watch?v=b6L5Sf0S5YI,3.9천회,1개월 전
Mr Bullet - 스파이 퍼즐 게임,https://www.youtube.com/watch?v=BuuXIhUlWpQ,877회,1개월 전
Mr Bullet - 스파이 퍼즐 게임,https://www.youtube.com/watch?v=3hcjrskw9ng,1.5천회,1개월 전
Mr Bullet - 스파이 퍼즐 게임,https://www.youtube.com/watch?v=ADKvIu9KiME,13회,1개월 전
Mr Bullet - 스파이 퍼즐 게임,https://www.youtube.com/watch?v=XLe9f_DwMak,9.7천회,1개월 전
Mr Bullet - 스파이 퍼즐 게임,https://www.youtube.com/watch?v=_rQItdask2I,없음,1개월 전
Mr Bullet - 스파이 퍼즐 게임,https://www.youtube.com/watch?v=qttO4KxLSto,없음,1개월 전
Mr Bullet - 스파이 퍼즐 게임,https://www.youtube.com/watch?v=YPmjLodiW4g,50회,1개월 전
Mr Bullet - 스파이 퍼즐 게임,https://www.youtube.com/watch?v=yDQ-Bb5Liu8,21만회,1개월 전
Mr Bullet - 스파이 퍼즐 게임,https://www.youtube.com/watch?v=cBgo9ePEl2s,9회,1개월 전
Mr Bullet - 스파이 퍼즐 게임,https://www.youtube.com/watch?v=XaPvnZ1YRGw,185회,1개월 전
Mr Bullet - 스파이 퍼즐 게임,https://www.youtube.com/watch?v=7aJhxLKI8rY,26회,1개월 전
Mr Bullet - 스파이 퍼즐 게임,https://www.youtube.com/watch?v=9YvaicxfKx4,25회,1개월 전
Mr Bullet - 스파이 퍼즐 게임,https://www.youtube.com/watch?v=50lk2AKhdhY,1회,1개월 전
Mr Bullet - 스파이 퍼즐 게임,https://www.youtube.com/watch?v=6nEIL9Hrcq8,114회,1개월 전
Mr Bullet - 스파이 퍼즐 게임,https://www.youtube.com/watch?v=WGtl_OTGVlg,90회,1개월 전
Mr Bullet - 스파이 퍼즐 게임,https://www.youtube.com/watch?v=pGOHxE6b8g0,156회,1개월 전
Mr Bullet - 스파이 퍼즐 게임,https://www.youtube.com/watch?v=7OzZiTL--4s,18회,1개월 전
Mr Bullet - 스파이 퍼즐 게임,https://www.youtube.com/watch?v=e5Nw9GLefK8,6회,1개월 전
Mr Bullet - 스파이 퍼즐 게임,https://www.youtube.com/watch?v=ugI8AdJ3cio,237만회,1개월 전
Mr Bullet - 스파이 퍼즐 게임,https://www.youtube.com/watch?v=qzPbToK7trY,264회,1개월 전
Mr Bullet - 스파이 퍼즐 게임,https://www.youtube.com/watch?v=S1zD9TJ5KQA,5회,1개월 전
Mr Bullet - 스파이 퍼즐 게임,https://www.youtube.com/watch?v=ER1XlWVNoTY,50회,1개월 전
Mr Bullet - 스파이 퍼즐 게임,https://www.youtube.com/watch?v=AY7SA7tn8_o,12회,1개월 전
Mr Bullet - 스파이 퍼즐 게임,https://www.youtube.com/watch?v=qtj6SbG9k6U,32회,1개월 전
Mr Bullet - 스파이 퍼즐 게임,https://www.youtube.com/watch?v=oVwMujv5qpk,32회,1개월 전
Mr Bullet - 스파이 퍼즐 게임,https://www.youtube.com/watch?v=72tCtMwJpLc,764회,1개월 전
Mr Bullet - 스파이 퍼즐 게임,https://www.youtube.com/watch?v=Gm0drBu9UFE,108회,1개월 전
Mr Bullet - 스파이 퍼즐 게임,https://www.youtube.com/watch?v=UT5x-NGldIs,905회,1개월 전
Mr Bullet - 스파이 퍼즐 게임,https://www.youtube.com/watch?v=8_rdwC_z7a8,18회,1개월 전
Mr Bullet - 스파이 퍼즐 게임,https://www.youtube.com/watch?v=5ixokUNBwNI,45회,1개월 전
Mr Bullet - 스파이 퍼즐 게임,https://www.youtube.com/watch?v=1VpUCJ2Kero,1천회,1개월 전
Mr Bullet - 스파이 퍼즐 게임,https://www.youtube.com/watch?v=YUDCPlNduaY,629회,1개월 전
Mr Bullet - 스파이 퍼즐 게임,https://www.youtube.com/watch?v=dXKfp8QxraQ,6회,1개월 전
Mr Bullet - 스파이 퍼즐 게임,https://www.youtube.com/watch?v=KA012io65ec,640회,1개월 전
Mr Bullet - 스파이 퍼즐 게임,https://www.youtube.com/watch?v=dS-9ddMYJlE,1.5만회,1개월 전
Mr Bullet - 스파이 퍼즐 게임,https://www.youtube.com/watch?v=G6kYqJ7mueE,3.2천회,1개월 전
Mr Bullet - 스파이 퍼즐 게임,https://www.youtube.com/watch?v=MwvMCJ378cA,658회,1개월 전
Mr Bullet - 스파이 퍼즐 게임,https://www.youtube.com/watch?v=OL82P5n-EF4,276회,1개월 전
Mr Bullet - 스파이 퍼즐 게임,https://www.youtube.com/watch?v=kx7Zf30ELAg,632회,1개월 전
Mr Bullet - 스파이 퍼즐 게임,https://www.youtube.com/watch?v=pmdJjm-_Gcc,762회,1개월 전
Mr Bullet - 스파이 퍼즐 게임,https://www.youtube.com/watch?v=s6-2XhgrN-Q,654회,1개월 전
Mr Bullet - 스파이 퍼즐 게임,https://www.youtube.com/watch?v=RzuP7irNTgI,142회,1개월 전
Mr Bullet - 스파이 퍼즐 게임,https://www.youtube.com/watch?v=QELTQiyf32M,22회,1개월 전
Mr Bullet - 스파이 퍼즐 게임,https://www.youtube.com/watch?v=EH4cnf5ny-k,19회,1개월 전
Mr Bullet - 스파이 퍼즐 게임,https://www.youtube.com/watch?v=P6c-yj-0Ces,1.3천회,1개월 전
Mr Bullet - 스파이 퍼즐 게임,https://www.youtube.com/watch?v=m55PeHEmKfA,5회,1개월 전
Mr Bullet - 스파이 퍼즐 게임,https://www.youtube.com/watch?v=DovTzsyoH60,96만회,2개월 전
Mr Bullet - 스파이 퍼즐 게임,https://www.youtube.com/watch?v=cdMuvJa9xNk,6천회,2개월 전
Mr Bullet - 스파이 퍼즐 게임,https://www.youtube.com/watch?v=090utl3VDG0,354회,2개월 전
Mr Bullet - 스파이 퍼즐 게임,https://www.youtube.com/watch?v=qDBfUb9si_U,6회,2개월 전
Mr Bullet - 스파이 퍼즐 게임,https://www.youtube.com/watch?v=n1CH7iojst4,1.1만회,2개월 전
Mr Bullet - 스파이 퍼즐 게임,https://www.youtube.com/watch?v=r9o-6fuyiFU,4회,2개월 전
Mr Bullet - 스파이 퍼즐 게임,https://www.youtube.com/watch?v=UdvM1awelYc,28회,2개월 전
Mr Bullet - 스파이 퍼즐 게임,https://www.youtube.com/watch?v=DLQeHGx8DsQ,1.1천회,2개월 전
Mr Bullet - 스파이 퍼즐 게임,https://www.youtube.com/watch?v=KiYi0oPAOzM,2.5천회,2개월 전
Mr Bullet - 스파이 퍼즐 게임,https://www.youtube.com/watch?v=PZAa0ZhNia8,74회,2개월 전
Mr Bullet - 스파이 퍼즐 게임,https://www.youtube.com/watch?v=7gwXX0-1SeU,33회,2개월 전
Mr Bullet - 스파이 퍼즐 게임,https://www.youtube.com/watch?v=ofO_Yc69U3o,981회,2개월 전
Mr Bullet - 스파이 퍼즐 게임,https://www.youtube.com/watch?v=PUHbakUoNQY,1천회,2개월 전
Mr Bullet - 스파이 퍼즐 게임,https://www.youtube.com/watch?v=xhyHdtJES88,43회,2개월 전
Mr Bullet - 스파이 퍼즐 게임,https://www.youtube.com/watch?v=hJ7NhfHQ9f4,807회,2개월 전
Mr Bullet - 스파이 퍼즐 게임,https://www.youtube.com/watch?v=3mCHputAPKA,17회,2개월 전
Mr Bullet - 스파이 퍼즐 게임,https://www.youtube.com/watch?v=n9qhYEi56sc,497회,2개월 전
Mr Bullet - 스파이 퍼즐 게임,https://www.youtube.com/watch?v=KJM09CNTrYU,1.7만회,2개월 전
Mr Bullet - 스파이 퍼즐 게임,https://www.youtube.com/watch?v=C8ykYNapWp8,13회,2개월 전
Mr Bullet - 스파이 퍼즐 게임,https://www.youtube.com/watch?v=jxePWkJQvkA,1회,2개월 전
Mr Bullet - 스파이 퍼즐 게임,https://www.youtube.com/watch?v=TGIl6rlGBik,684회,2개월 전
Mr Bullet - 스파이 퍼즐 게임,https://www.youtube.com/watch?v=gnZdsM48QF8,36회,2개월 전
Mr Bullet - 스파이 퍼즐 게임,https://www.youtube.com/watch?v=DRRWc-djTxE,19회,2개월 전
Mr Bullet - 스파이 퍼즐 게임,https://www.youtube.com/watch?v=kodYvGvEKKw,34회,2개월 전
Mr Bullet - 스파이 퍼즐 게임,https://www.youtube.com/watch?v=sSMoTFdfYhk,1회,2개월 전
Mr Bullet - 스파이 퍼즐 게임,https://www.youtube.com/watch?v=6vmsuMHmYJg,8회,2개월 전
Mr Bullet - 스파이 퍼즐 게임,https://www.youtube.com/watch?v=GqqGBo6nzKs,4회,2개월 전
Mr Bullet - 스파이 퍼즐 게임,https://www.youtube.com/watch?v=zx4myT_XjqE,21회,2개월 전
Mr Bullet - 스파이 퍼즐 게임,https://www.youtube.com/watch?v=qmbOEzoNz6o,23회,2개월 전
Mr Bullet - 스파이 퍼즐 게임,https://www.youtube.com/watch?v=i4llXv1wPbo,16회,2개월 전
Mr Bullet - 스파이 퍼즐 게임,https://www.youtube.com/watch?v=WBWURL2hx78,119회,2개월 전
Mr Bullet - 스파이 퍼즐 게임,https://www.youtube.com/watch?v=7vDbnqRC0Ic,43회,2개월 전
Mr Bullet - 스파이 퍼즐 게임,https://www.youtube.com/watch?v=t4rgxQJSKgg,545회,2개월 전
Mr Bullet - 스파이 퍼즐 게임,https://www.youtube.com/watch?v=XQu574UEve0,62회,2개월 전
Mr Bullet - 스파이 퍼즐 게임,https://www.youtube.com/watch?v=8U85KANP800,1회,2개월 전
Mr Bullet - 스파이 퍼즐 게임,https://www.youtube.com/watch?v=TwG4uja6TAg,13회,2개월 전
Mr Bullet - 스파이 퍼즐 게임,https://www.youtube.com/watch?v=RkAD8LilWWw,6회,2개월 전
Mr Bullet - 스파이 퍼즐 게임,https://www.youtube.com/watch?v=NBbR6yVUwIo,4회,2개월 전
Mr Bullet - 스파이 퍼즐 게임,https://www.youtube.com/watch?v=KDMZZb4dmug,1회,2개월 전
Mr Bullet - 스파이 퍼즐 게임,https://www.youtube.com/watch?v=CKNnky7HvpA,714만회,2개월 전
Mr Bullet - 스파이 퍼즐 게임,https://www.youtube.com/watch?v=tMTAajDpyDs,50회,2개월 전
Mr Bullet - 스파이 퍼즐 게임,https://www.youtube.com/watch?v=uHa3ehWg4eY,38회,2개월 전
Mr Bullet - 스파이 퍼즐 게임,https://www.youtube.com/watch?v=MEUihRH_NyE,3.2천회,2개월 전
Mr Bullet - 스파이 퍼즐 게임,https://www.youtube.com/watch?v=isdy5uWy9JA,26회,2개월 전
Mr Bullet - 스파이 퍼즐 게임,https://www.youtube.com/watch?v=TwZCj6cZZJI,717회,2개월 전
Mr Bullet - 스파이 퍼즐 게임,https://www.youtube.com/watch?v=aPzrHjbXrn0,2회,3개월 전
Mr Bullet - 스파이 퍼즐 게임,https://www.youtube.com/watch?v=5qAuzmFdCcs,35회,3개월 전
Mr Bullet - 스파이 퍼즐 게임,https://www.youtube.com/watch?v=RxJytGJbUEo,4.1만회,3개월 전
Mr Bullet - 스파이 퍼즐 게임,https://www.youtube.com/watch?v=oWAapoDwqac,8.3천회,3개월 전
Mr Bullet - 스파이 퍼즐 게임,https://www.youtube.com/watch?v=bjmnynYISn4,11만회,3개월 전
Mr Bullet - 스파이 퍼즐 게임,https://www.youtube.com/watch?v=IywuDaiG6rs,134만회,3개월 전
Mr Bullet - 스파이 퍼즐 게임,https://www.youtube.com/watch?v=8_B0_CyAoBw,110만회,3개월 전
Mr Bullet - 스파이 퍼즐 게임,https://www.youtube.com/watch?v=DtrGtVCpFm4,56회,3개월 전
Mr Bullet - 스파이 퍼즐 게임,https://www.youtube.com/watch?v=LKqtLrVLf30,273회,3개월 전
Mr Bullet - 스파이 퍼즐 게임,https://www.youtube.com/watch?v=ZDVmduR-MME,1.4천회,3개월 전
Mr Bullet - 스파이 퍼즐 게임,https://www.youtube.com/watch?v=FM-S5cdyouI,876회,3개월 전
Mr Bullet - 스파이 퍼즐 게임,https://www.youtube.com/watch?v=kbiv56gLpmI,207회,3개월 전
Mr Bullet - 스파이 퍼즐 게임,https://www.youtube.com/watch?v=qG-pP_8TU18,3.2천회,3개월 전
Mr Bullet - 스파이 퍼즐 게임,https://www.youtube.com/watch?v=kASuPgDgAxs,642회,3개월 전
Mr Bullet - 스파이 퍼즐 게임,https://www.youtube.com/watch?v=5A8ZyED1aZc,690회,3개월 전
Mr Bullet - 스파이 퍼즐 게임,https://www.youtube.com/watch?v=dYDbzixToDo,139회,3개월 전
Mr Bullet - 스파이 퍼즐 게임,https://www.youtube.com/watch?v=XjIiDMi0iuU,1천회,3개월 전
Mr Bullet - 스파이 퍼즐 게임,https://www.youtube.com/watch?v=_0aQaQsgTEk,514회,3개월 전
Mr Bullet - 스파이 퍼즐 게임,https://www.youtube.com/watch?v=HKEGK-7S8CY,2.9천회,3개월 전
Mr Bullet - 스파이 퍼즐 게임,https://www.youtube.com/watch?v=21zL-WuIizU,671회,3개월 전
Mr Bullet - 스파이 퍼즐 게임,https://www.youtube.com/watch?v=o-nV-BKY1Nk,1.6천회,3개월 전
Mr Bullet - 스파이 퍼즐 게임,https://www.youtube.com/watch?v=QjCIMvdqHGM,186회,3개월 전
Mr Bullet - 스파이 퍼즐 게임,https://www.youtube.com/watch?v=dbI8iPMSUnI,614회,3개월 전
Mr Bullet - 스파이 퍼즐 게임,https://www.youtube.com/watch?v=nv_MlLQCg9g,1천회,3개월 전
Mr Bullet - 스파이 퍼즐 게임,https://www.youtube.com/watch?v=aT2lfHBDs1k,38회,3개월 전
Mr Bullet - 스파이 퍼즐 게임,https://www.youtube.com/watch?v=4lW0V-Bwat8,125회,3개월 전
Mr Bullet - 스파이 퍼즐 게임,https://www.youtube.com/watch?v=3N72t82wJi0,233회,3개월 전
Mr Bullet - 스파이 퍼즐 게임,https://www.youtube.com/watch?v=XPz2J2_PVSc,645회,3개월 전
Mr Bullet - 스파이 퍼즐 게임,https://www.youtube.com/watch?v=gS64zQ0nw5Y,54회,3개월 전
Mr Bullet - 스파이 퍼즐 게임,https://www.youtube.com/watch?v=utuqo5n97Dc,90회,3개월 전
Mr Bullet - 스파이 퍼즐 게임,https://www.youtube.com/watch?v=Yxe7RE2R2vI,40회,3개월 전
Mr Bullet - 스파이 퍼즐 게임,https://www.youtube.com/watch?v=OtiispX5o3A,1.1천회,3개월 전
Mr Bullet - 스파이 퍼즐 게임,https://www.youtube.com/watch?v=F_VmMgAxeY0,27회,3개월 전
Mr Bullet - 스파이 퍼즐 게임,https://www.youtube.com/watch?v=LA90mBkde6Y,29회,3개월 전
Mr Bullet - 스파이 퍼즐 게임,https://www.youtube.com/watch?v=5Z5VNcZfTDg,23회,3개월 전
Mr Bullet - 스파이 퍼즐 게임,https://www.youtube.com/watch?v=e-hbG0Zd2hk,28회,3개월 전
Mr Bullet - 스파이 퍼즐 게임,https://www.youtube.com/watch?v=svPCXPYRMqU,6.6천회,3개월 전
Mr Bullet - 스파이 퍼즐 게임,https://www.youtube.com/watch?v=4xh16Pj5vAY,2만회,3개월 전
Mr Bullet - 스파이 퍼즐 게임,https://www.youtube.com/watch?v=0IT9fCifrzQ,62회,3개월 전
Mr Bullet - 스파이 퍼즐 게임,https://www.youtube.com/watch?v=4jygdzg1ppA,38회,3개월 전
Mr Bullet - 스파이 퍼즐 게임,https://www.youtube.com/watch?v=rss14diAddY,12만회,3개월 전
Mr Bullet - 스파이 퍼즐 게임,https://www.youtube.com/watch?v=4HvjyAtM9is,17회,3개월 전
Mr Bullet - 스파이 퍼즐 게임,https://www.youtube.com/watch?v=9maZmuUOzbw,89회,3개월 전
Mr Bullet - 스파이 퍼즐 게임,https://www.youtube.com/watch?v=U5Z5vElFewE,110회,3개월 전
Mr Bullet - 스파이 퍼즐 게임,https://www.youtube.com/watch?v=SG2A-JxHleA,435회,3개월 전
Mr Bullet - 스파이 퍼즐 게임,https://www.youtube.com/watch?v=BLbIMjw7nMI,2.6만회,3개월 전
Mr Bullet - 스파이 퍼즐 게임,https://www.youtube.com/watch?v=P36d-v_JcO4,2.6만회,3개월 전
Mr Bullet - 스파이 퍼즐 게임,https://www.youtube.com/watch?v=Tccly47LGmY,419회,3개월 전
Mr Bullet - 스파이 퍼즐 게임,https://www.youtube.com/watch?v=o8ghm4weh5E,6.4만회,3개월 전
Mr Bullet - 스파이 퍼즐 게임,https://www.youtube.com/watch?v=2ON7trrdiZg,3.9천회,3개월 전
Mr Bullet - 스파이 퍼즐 게임,https://www.youtube.com/watch?v=N5uQl_5O8-E,482회,3개월 전
Mr Bullet - 스파이 퍼즐 게임,https://www.youtube.com/watch?v=vpHalFMRp_g,641회,3개월 전
Mr Bullet - 스파이 퍼즐 게임,https://www.youtube.com/watch?v=hgIJaxh8f0c,515회,3개월 전
Mr Bullet - 스파이 퍼즐 게임,https://www.youtube.com/watch?v=u6VRztUU-y8,26회,3개월 전
Mr Bullet - 스파이 퍼즐 게임,https://www.youtube.com/watch?v=UNj3UjPPagc,1만회,3개월 전
Mr Bullet - 스파이 퍼즐 게임,https://www.youtube.com/watch?v=Z28T3TGWNJI,87회,3개월 전
Mr Bullet - 스파이 퍼즐 게임,https://www.youtube.com/watch?v=diGyIcK8Fk4,51회,3개월 전
Mr Bullet - 스파이 퍼즐 게임,https://www.youtube.com/watch?v=xyJOfV7a0Pc,44회,3개월 전
Mr Bullet - 스파이 퍼즐 게임,https://www.youtube.com/watch?v=hJlWP6vJ5ZE,33회,3개월 전
Mr Bullet - 스파이 퍼즐 게임,https://www.youtube.com/watch?v=Mrra-a70qKc,735회,3개월 전
Mr Bullet - 스파이 퍼즐 게임,https://www.youtube.com/watch?v=9d8HjJtEGw0,857회,4개월 전
Mr Bullet - 스파이 퍼즐 게임,https://www.youtube.com/watch?v=vNzYpFXgBEU,2.6천회,4개월 전
Mr Bullet - 스파이 퍼즐 게임,https://www.youtube.com/watch?v=FOejGufVaR4,3.3만회,4개월 전
Mr Bullet - 스파이 퍼즐 게임,https://www.youtube.com/watch?v=AK1Bm1BQHsw,85회,4개월 전
Mr Bullet - 스파이 퍼즐 게임,https://www.youtube.com/watch?v=qQT93y9ty8s,10회,4개월 전
Mr Bullet - 스파이 퍼즐 게임,https://www.youtube.com/watch?v=1_k7pToIH5I,4.5만회,4개월 전
Mr Bullet - 스파이 퍼즐 게임,https://www.youtube.com/watch?v=fo4OfaFCxc4,37회,4개월 전
Mr Bullet - 스파이 퍼즐 게임,https://www.youtube.com/watch?v=25UVKwdvvYM,85회,4개월 전
Mr Bullet - 스파이 퍼즐 게임,https://www.youtube.com/watch?v=HMMiEs2w_IM,2천회,4개월 전
Mr Bullet - 스파이 퍼즐 게임,https://www.youtube.com/watch?v=nNBe189Oa-c,1.4천회,4개월 전
Mr Bullet - 스파이 퍼즐 게임,https://www.youtube.com/watch?v=NmuYZFEQ-8w,3.7만회,4개월 전
Mr Bullet - 스파이 퍼즐 게임,https://www.youtube.com/watch?v=-a2jt12EGHQ,25회,4개월 전
Mr Bullet - 스파이 퍼즐 게임,https://www.youtube.com/watch?v=mboIY-yRIfw,4.4천회,4개월 전
Mr Bullet - 스파이 퍼즐 게임,https://www.youtube.com/watch?v=Zg3FAJ-OmZM,4.1만회,4개월 전
Mr Bullet - 스파이 퍼즐 게임,https://www.youtube.com/watch?v=gc4wbPdWGoU,2만회,4개월 전
Mr Bullet - 스파이 퍼즐 게임,https://www.youtube.com/watch?v=jlmeNFEFph4,103회,4개월 전
Mr Bullet - 스파이 퍼즐 게임,https://www.youtube.com/watch?v=AGu4iBkAN9A,379회,4개월 전
Mr Bullet - 스파이 퍼즐 게임,https://www.youtube.com/watch?v=p5c7uG2JqJo,96회,4개월 전
Mr Bullet - 스파이 퍼즐 게임,https://www.youtube.com/watch?v=XiioSTIM1dQ,4.5천회,4개월 전
Mr Bullet - 스파이 퍼즐 게임,https://www.youtube.com/watch?v=R1LMNgqter0,698회,4개월 전
Mr Bullet - 스파이 퍼즐 게임,https://www.youtube.com/watch?v=h4r8LQ2W104,46회,4개월 전
Mr Bullet - 스파이 퍼즐 게임,https://www.youtube.com/watch?v=W2yJdKz6vEs,5.3천회,4개월 전
Mr Bullet - 스파이 퍼즐 게임,https://www.youtube.com/watch?v=FDBlvHpcwkE,61만회,4개월 전
Mr Bullet - 스파이 퍼즐 게임,https://www.youtube.com/watch?v=p9sXt48lUIg,1.8천회,4개월 전
Mr Bullet - 스파이 퍼즐 게임,https://www.youtube.com/watch?v=fLiLuJ8ijMY,12회,4개월 전
Mr Bullet - 스파이 퍼즐 게임,https://www.youtube.com/watch?v=VOMxIW3Ystc,16만회,4개월 전
Mr Bullet - 스파이 퍼즐 게임,https://www.youtube.com/watch?v=O4PGfIuipmo,232회,4개월 전
Mr Bullet - 스파이 퍼즐 게임,https://www.youtube.com/watch?v=sQ5Kh4LRU6M,23만회,4개월 전
Mr Bullet - 스파이 퍼즐 게임,https://www.youtube.com/watch?v=Zuv4ZrtBKqk,28만회,4개월 전
Mr Bullet - 스파이 퍼즐 게임,https://www.youtube.com/watch?v=9FKiMDFx648,17만회,4개월 전
Mr Bullet - 스파이 퍼즐 게임,https://www.youtube.com/watch?v=0S3GxFrskoU,205회,4개월 전
Mr Bullet - 스파이 퍼즐 게임,https://www.youtube.com/watch?v=rFrbOqYlkJ0,1.3천회,4개월 전
Mr Bullet - 스파이 퍼즐 게임,https://www.youtube.com/watch?v=OfNM6KJj3i8,49만회,4개월 전
Mr Bullet - 스파이 퍼즐 게임,https://www.youtube.com/watch?v=TfHcOfuk7fc,140회,4개월 전
Mr Bullet - 스파이 퍼즐 게임,https://www.youtube.com/watch?v=XFV3vCi17M8,320회,4개월 전
Mr Bullet - 스파이 퍼즐 게임,https://www.youtube.com/watch?v=Amzc-8Qf5Ns,106회,4개월 전
Mr Bullet - 스파이 퍼즐 게임,https://www.youtube.com/watch?v=fqGni_2X_bE,82회,4개월 전
Mr Bullet - 스파이 퍼즐 게임,https://www.youtube.com/watch?v=pWAGxZRfwCE,323회,4개월 전
Mr Bullet - 스파이 퍼즐 게임,https://www.youtube.com/watch?v=wqL6iX6q0kI,254회,4개월 전
Mr Bullet - 스파이 퍼즐 게임,https://www.youtube.com/watch?v=sl5mFXjizTs,32회,4개월 전
Mr Bullet - 스파이 퍼즐 게임,https://www.youtube.com/watch?v=xE1aD9DpiNQ,15회,4개월 전
Mr Bullet - 스파이 퍼즐 게임,https://www.youtube.com/watch?v=G9ps3sAesto,542회,4개월 전
Mr Bullet - 스파이 퍼즐 게임,https://www.youtube.com/watch?v=Vj8zrds5Ehg,799회,5개월 전
Mr Bullet - 스파이 퍼즐 게임,https://www.youtube.com/watch?v=XYoz2Td6jLw,32회,5개월 전
Mr Bullet - 스파이 퍼즐 게임,https://www.youtube.com/watch?v=STSspCYajSk,15회,5개월 전
Mr Bullet - 스파이 퍼즐 게임,https://www.youtube.com/watch?v=_EWhtDnJcw8,92회,5개월 전
Mr Bullet - 스파이 퍼즐 게임,https://www.youtube.com/watch?v=VmgmO18jc74,57회,5개월 전
Mr Bullet - 스파이 퍼즐 게임,https://www.youtube.com/watch?v=Arucq9RfwDk,103회,5개월 전
Mr Bullet - 스파이 퍼즐 게임,https://www.youtube.com/watch?v=FxrdB_x1jXk,85회,5개월 전
Mr Bullet - 스파이 퍼즐 게임,https://www.youtube.com/watch?v=Q8pR_KML8W8,99회,5개월 전
Mr Bullet - 스파이 퍼즐 게임,https://www.youtube.com/watch?v=_zDGktrHqUI,37회,5개월 전
Mr Bullet - 스파이 퍼즐 게임,https://www.youtube.com/watch?v=jC3b71lnGLQ,7.4만회,5개월 전
Mr Bullet - 스파이 퍼즐 게임,https://www.youtube.com/watch?v=Jctzr9mA7CQ,24회,5개월 전
Mr Bullet - 스파이 퍼즐 게임,https://www.youtube.com/watch?v=oUaxm47xfGs,32만회,5개월 전
Mr Bullet - 스파이 퍼즐 게임,https://www.youtube.com/watch?v=95s5XTU83NA,194회,5개월 전
Mr Bullet - 스파이 퍼즐 게임,https://www.youtube.com/watch?v=boEMy_gyUJc,219회,5개월 전
Mr Bullet - 스파이 퍼즐 게임,https://www.youtube.com/watch?v=jko0glqEUa8,406회,5개월 전
Mr Bullet - 스파이 퍼즐 게임,https://www.youtube.com/watch?v=tXNCL7oK2W4,33회,5개월 전
Mr Bullet - 스파이 퍼즐 게임,https://www.youtube.com/watch?v=sZf58iC8zz8,1.5천회,5개월 전
Mr Bullet - 스파이 퍼즐 게임,https://www.youtube.com/watch?v=bh-W_WRjdFA,4.2천회,5개월 전
Mr Bullet - 스파이 퍼즐 게임,https://www.youtube.com/watch?v=RX2ISgKDiBo,3.6천회,5개월 전
Mr Bullet - 스파이 퍼즐 게임,https://www.youtube.com/watch?v=tR7kD-xQPJY,34회,5개월 전
Mr Bullet - 스파이 퍼즐 게임,https://www.youtube.com/watch?v=yc08cPW04bo,4.7천회,5개월 전
Mr Bullet - 스파이 퍼즐 게임,https://www.youtube.com/watch?v=vyY4oiEcHG4,3.8천회,5개월 전
Mr Bullet - 스파이 퍼즐 게임,https://www.youtube.com/watch?v=lFm5h2XgHrI,7.3천회,5개월 전
Mr Bullet - 스파이 퍼즐 게임,https://www.youtube.com/watch?v=4LWQTOD1HGk,41회,5개월 전
Mr Bullet - 스파이 퍼즐 게임,https://www.youtube.com/watch?v=hIkSkuLSc6w,15회,5개월 전
Mr Bullet - 스파이 퍼즐 게임,https://www.youtube.com/watch?v=WNJiVL55eDw,91회,5개월 전
Mr Bullet - 스파이 퍼즐 게임,https://www.youtube.com/watch?v=_LXE3z6SaQg,348회,5개월 전
Mr Bullet - 스파이 퍼즐 게임,https://www.youtube.com/watch?v=ZByiwli-R68,39회,5개월 전
Mr Bullet - 스파이 퍼즐 게임,https://www.youtube.com/watch?v=eeD2QJK0XGw,124회,5개월 전
Mr Bullet - 스파이 퍼즐 게임,https://www.youtube.com/watch?v=jtJxnzpzYEQ,341회,5개월 전
Mr Bullet - 스파이 퍼즐 게임,https://www.youtube.com/watch?v=-DyXUhBbWHU,388회,5개월 전
Mr Bullet - 스파이 퍼즐 게임,https://www.youtube.com/watch?v=ap7LsF4Vzhc,211회,6개월 전
Mr Bullet - 스파이 퍼즐 게임,https://www.youtube.com/watch?v=VmdWtvVsA7I,1천회,6개월 전
Mr Bullet - 스파이 퍼즐 게임,https://www.youtube.com/watch?v=z38BQ8KZQUw,360회,6개월 전
Mr Bullet - 스파이 퍼즐 게임,https://www.youtube.com/watch?v=gRd5pvXG59A,745회,6개월 전
Mr Bullet - 스파이 퍼즐 게임,https://www.youtube.com/watch?v=AepNkKpuMjg,365회,6개월 전
Mr Bullet - 스파이 퍼즐 게임,https://www.youtube.com/watch?v=RVSGUiBcw28,1.3만회,6개월 전
Mr Bullet - 스파이 퍼즐 게임,https://www.youtube.com/watch?v=4sYkZKiBTho,720회,6개월 전
Mr Bullet - 스파이 퍼즐 게임,https://www.youtube.com/watch?v=xlvBke78-es,403회,6개월 전
Mr Bullet - 스파이 퍼즐 게임,https://www.youtube.com/watch?v=N2LHLOsx6vM,254회,6개월 전
Mr Bullet - 스파이 퍼즐 게임,https://www.youtube.com/watch?v=FEjHkJmvMFM,666회,6개월 전
Mr Bullet - 스파이 퍼즐 게임,https://www.youtube.com/watch?v=ESyP6Vntg28,2.2만회,6개월 전
Mr Bullet - 스파이 퍼즐 게임,https://www.youtube.com/watch?v=OsvUR5oVJ0Y,414회,6개월 전
Mr Bullet - 스파이 퍼즐 게임,https://www.youtube.com/watch?v=lgGJYdCriUw,514회,7개월 전
Mr Bullet - 스파이 퍼즐 게임,https://www.youtube.com/watch?v=z1ayLp87Bss,629회,7개월 전
Mr Bullet - 스파이 퍼즐 게임,https://www.youtube.com/watch?v=ioxdHsXjBro,90회,7개월 전
Mr Bullet - 스파이 퍼즐 게임,https://www.youtube.com/watch?v=sWk9USxxb00,190회,7개월 전
Mr Bullet - 스파이 퍼즐 게임,https://www.youtube.com/watch?v=u5Ofkdolnz0,8.5천회,7개월 전
Mr Bullet - 스파이 퍼즐 게임,https://www.youtube.com/watch?v=t_NcafQx9H8,268회,7개월 전
Mr Bullet - 스파이 퍼즐 게임,https://www.youtube.com/watch?v=Dfcxyem7Gok,1.6천회,7개월 전
Mr Bullet - 스파이 퍼즐 게임,https://www.youtube.com/watch?v=47Xi4H8WghM,282회,7개월 전
Mr Bullet - 스파이 퍼즐 게임,https://www.youtube.com/watch?v=tfShqEn2qaE,92회,7개월 전
Mr Bullet - 스파이 퍼즐 게임,https://www.youtube.com/watch?v=4MD-b8f54mE,678회,7개월 전
Mr Bullet - 스파이 퍼즐 게임,https://www.youtube.com/watch?v=nl9NczOBYcU,7.8천회,7개월 전
Mr Bullet - 스파이 퍼즐 게임,https://www.youtube.com/watch?v=5WnJ4KHKo1c,1.7만회,7개월 전
Mr Bullet - 스파이 퍼즐 게임,https://www.youtube.com/watch?v=trduhWsZcRc,357회,7개월 전
Mr Bullet - 스파이 퍼즐 게임,https://www.youtube.com/watch?v=pbJLY0-vY_8,6.8천회,7개월 전
Mr Bullet - 스파이 퍼즐 게임,https://www.youtube.com/watch?v=Kx8nJrLMht0,6.4천회,7개월 전
Mr Bullet - 스파이 퍼즐 게임,https://www.youtube.com/watch?v=sBHOocnS860,1.6만회,7개월 전
Mr Bullet - 스파이 퍼즐 게임,https://www.youtube.com/watch?v=vyGS7mRmsE8,1.1만회,7개월 전
Mr Bullet - 스파이 퍼즐 게임,https://www.youtube.com/watch?v=zYPZa7AWRzk,4.6천회,7개월 전
Mr Bullet - 스파이 퍼즐 게임,https://www.youtube.com/watch?v=r6KQUsGC5BA,8.8천회,7개월 전
Mr Bullet - 스파이 퍼즐 게임,https://www.youtube.com/watch?v=fIUqxvpjWCo,1.8만회,7개월 전
Mr Bullet - 스파이 퍼즐 게임,https://www.youtube.com/watch?v=HPQ50w6CLhE,903회,7개월 전
Mr Bullet - 스파이 퍼즐 게임,https://www.youtube.com/watch?v=ipgD0EqTf2c,1.1천회,7개월 전
Mr Bullet - 스파이 퍼즐 게임,https://www.youtube.com/watch?v=S2bAIyerzl4,1.2만회,7개월 전
Mr Bullet - 스파이 퍼즐 게임,https://www.youtube.com/watch?v=UHVSdMZSi9E,2.5만회,7개월 전
Mr Bullet - 스파이 퍼즐 게임,https://www.youtube.com/watch?v=2rO4uBGLiZU,1.1만회,7개월 전
Mr Bullet - 스파이 퍼즐 게임,https://www.youtube.com/watch?v=yjcxSlKDMCE,3천회,7개월 전
Mr Bullet - 스파이 퍼즐 게임,https://www.youtube.com/watch?v=uvcOoYbeTbo,3.1천회,7개월 전
Mr Bullet - 스파이 퍼즐 게임,https://www.youtube.com/watch?v=MV69EBfVSQQ,3.1천회,7개월 전
Mr Bullet - 스파이 퍼즐 게임,https://www.youtube.com/watch?v=wS7Zfz7gIpo,3.6천회,7개월 전
Mr Bullet - 스파이 퍼즐 게임,https://www.youtube.com/watch?v=nWasEwZE_Yo,3.5천회,7개월 전
Mr Bullet - 스파이 퍼즐 게임,https://www.youtube.com/watch?v=7jBWDgJGbBQ,1.8만회,7개월 전
Mr Bullet - 스파이 퍼즐 게임,https://www.youtube.com/watch?v=hc6ju1vakRY,2.7천회,7개월 전
Mr Bullet - 스파이 퍼즐 게임,https://www.youtube.com/watch?v=gZWXMExKxQ0,5.8천회,7개월 전
Mr Bullet - 스파이 퍼즐 게임,https://www.youtube.com/watch?v=axxHLKqcDWk,2.5천회,7개월 전
Mr Bullet - 스파이 퍼즐 게임,https://www.youtube.com/watch?v=a4QDMaG5s_w,9.9천회,7개월 전
Mr Bullet - 스파이 퍼즐 게임,https://www.youtube.com/watch?v=Ca22bLDrBnc,4.1천회,7개월 전
Mr Bullet - 스파이 퍼즐 게임,https://www.youtube.com/watch?v=0f50ERaE070,3.5천회,7개월 전
Mr Bullet - 스파이 퍼즐 게임,https://www.youtube.com/watch?v=blLoVEe6jAQ,633회,7개월 전
Mr Bullet - 스파이 퍼즐 게임,https://www.youtube.com/watch?v=wySWeVz8EYo,837회,7개월 전
Mr Bullet - 스파이 퍼즐 게임,https://www.youtube.com/watch?v=2diBvZo-4Gk,300회,7개월 전
Mr Bullet - 스파이 퍼즐 게임,https://www.youtube.com/watch?v=9h1D3KGKRbA,133회,7개월 전
Mr Bullet - 스파이 퍼즐 게임,https://www.youtube.com/watch?v=vA8tNeSRN9o,34만회,7개월 전
Mr Bullet - 스파이 퍼즐 게임,https://www.youtube.com/watch?v=bEplwMf5KJ0,802회,7개월 전
Mr Bullet - 스파이 퍼즐 게임,https://www.youtube.com/watch?v=VlFBLwWsKC8,170회,7개월 전
Mr Bullet - 스파이 퍼즐 게임,https://www.youtube.com/watch?v=KiN2EKYp4v0,9.8천회,7개월 전
Mr Bullet - 스파이 퍼즐 게임,https://www.youtube.com/watch?v=RtlFSJWRQto,1.4천회,7개월 전
Mr Bullet - 스파이 퍼즐 게임,https://www.youtube.com/watch?v=-oa2qx-c_zg,993회,7개월 전
Mr Bullet - 스파이 퍼즐 게임,https://www.youtube.com/watch?v=98dq1JJV_e0,754회,7개월 전
Mr Bullet - 스파이 퍼즐 게임,https://www.youtube.com/watch?v=8L7y4i4ZNhM,1.6만회,7개월 전
Mr Bullet - 스파이 퍼즐 게임,https://www.youtube.com/watch?v=mmgVjti0Kzs,7.6천회,7개월 전
Mr Bullet - 스파이 퍼즐 게임,https://www.youtube.com/watch?v=UQLzxfdc0vA,136회,7개월 전
Mr Bullet - 스파이 퍼즐 게임,https://www.youtube.com/watch?v=xVAj3F9QeSc,1.4천회,7개월 전
Mr Bullet - 스파이 퍼즐 게임,https://www.youtube.com/watch?v=6SvlFJjoBYQ,1.2천회,7개월 전
Mr Bullet - 스파이 퍼즐 게임,https://www.youtube.com/watch?v=Zv87xv8LW1U,923회,7개월 전
Mr Bullet - 스파이 퍼즐 게임,https://www.youtube.com/watch?v=j2LrCcSmf2Y,816회,7개월 전
Mr Bullet - 스파이 퍼즐 게임,https://www.youtube.com/watch?v=ThjDtUiIjuM,5.7천회,7개월 전
Mr Bullet - 스파이 퍼즐 게임,https://www.youtube.com/watch?v=AObzKIeRPmg,3.2만회,7개월 전
Mr Bullet - 스파이 퍼즐 게임,https://www.youtube.com/watch?v=-u61z84f64w,2.3천회,7개월 전
Mr Bullet - 스파이 퍼즐 게임,https://www.youtube.com/watch?v=2ncS85cvmbg,376회,7개월 전
Mr Bullet - 스파이 퍼즐 게임,https://www.youtube.com/watch?v=WK89Gnoh_3Y,1.9만회,7개월 전
Mr Bullet - 스파이 퍼즐 게임,https://www.youtube.com/watch?v=FJMzRgGkj_o,1.2만회,7개월 전
Mr Bullet - 스파이 퍼즐 게임,https://www.youtube.com/watch?v=sAtXUS34Aac,67회,7개월 전
Mr Bullet - 스파이 퍼즐 게임,https://www.youtube.com/watch?v=liFQIU0Qwv8,4.1천회,8개월 전
Mr Bullet - 스파이 퍼즐 게임,https://www.youtube.com/watch?v=QJ6YwcK3-Cg,1.2만회,8개월 전
Mr Bullet - 스파이 퍼즐 게임,https://www.youtube.com/watch?v=GTm7gwPvssI,2.3만회,8개월 전
Mr Bullet - 스파이 퍼즐 게임,https://www.youtube.com/watch?v=4kykee553z8,14만회,8개월 전
Mr Bullet - 스파이 퍼즐 게임,https://www.youtube.com/watch?v=Bae0x9AetR0,1.8만회,8개월 전
Mr Bullet - 스파이 퍼즐 게임,https://www.youtube.com/watch?v=hwu7xqPUVtI,7.1천회,8개월 전
Mr Bullet - 스파이 퍼즐 게임,https://www.youtube.com/watch?v=RfeRoXGT7oE,1만회,8개월 전
Mr Bullet - 스파이 퍼즐 게임,https://www.youtube.com/watch?v=ul1PyKiTEkc,3.5천회,8개월 전
Mr Bullet - 스파이 퍼즐 게임,https://www.youtube.com/watch?v=48Bk40gRAyk,1.3천회,8개월 전
Mr Bullet - 스파이 퍼즐 게임,https://www.youtube.com/watch?v=HaUo_prUboE,621회,8개월 전
Mr Bullet - 스파이 퍼즐 게임,https://www.youtube.com/watch?v=Q54_FIE2h1s,932회,8개월 전
Mr Bullet - 스파이 퍼즐 게임,https://www.youtube.com/watch?v=N7V2MbqTvUk,293회,8개월 전
Mr Bullet - 스파이 퍼즐 게임,https://www.youtube.com/watch?v=xUWHa3ZPZsM,1만회,8개월 전
Mr Bullet - 스파이 퍼즐 게임,https://www.youtube.com/watch?v=1SRVT-jP6VI,5.7천회,8개월 전
Mr Bullet - 스파이 퍼즐 게임,https://www.youtube.com/watch?v=3oFidQvCjSg,901회,8개월 전
Mr Bullet - 스파이 퍼즐 게임,https://www.youtube.com/watch?v=Iu-mSC_JwL8,53회,8개월 전
Mr Bullet - 스파이 퍼즐 게임,https://www.youtube.com/watch?v=zkPaE-9kWe8,3.8천회,8개월 전
Mr Bullet - 스파이 퍼즐 게임,https://www.youtube.com/watch?v=iTScvx5dJhA,341회,8개월 전
Mr Bullet - 스파이 퍼즐 게임,https://www.youtube.com/watch?v=hnBh2aGT6TY,1.8만회,8개월 전
Mr Bullet - 스파이 퍼즐 게임,https://www.youtube.com/watch?v=Kjh053_nnFg,999회,8개월 전
Mr Bullet - 스파이 퍼즐 게임,https://www.youtube.com/watch?v=pMZaMHtbd9s,2만회,8개월 전
Mr Bullet - 스파이 퍼즐 게임,https://www.youtube.com/watch?v=Djnjy34YQdo,6.9천회,8개월 전
Mr Bullet - 스파이 퍼즐 게임,https://www.youtube.com/watch?v=QBEodi4ni18,8.6천회,8개월 전
Mr Bullet - 스파이 퍼즐 게임,https://www.youtube.com/watch?v=wsDS7NlO3a8,1.7만회,8개월 전
Mr Bullet - 스파이 퍼즐 게임,https://www.youtube.com/watch?v=yzSvaM6ZzOE,12만회,8개월 전
Mr Bullet - 스파이 퍼즐 게임,https://www.youtube.com/watch?v=ylbKEUY6auk,2.1천회,8개월 전
Mr Bullet - 스파이 퍼즐 게임,https://www.youtube.com/watch?v=6A3Dze9kmws,3.9만회,8개월 전
Mr Bullet - 스파이 퍼즐 게임,https://www.youtube.com/watch?v=pawTWNWi1qU,117만회,8개월 전
Mr Bullet - 스파이 퍼즐 게임,https://www.youtube.com/watch?v=TWD4pnxH-hc,4.6천회,8개월 전
Mr Bullet - 스파이 퍼즐 게임,https://www.youtube.com/watch?v=jmLEA4oOTug,2278만회,8개월 전
Mr Bullet - 스파이 퍼즐 게임,https://www.youtube.com/watch?v=mytIReye9ck,9천회,8개월 전
Mr Bullet - 스파이 퍼즐 게임,https://www.youtube.com/watch?v=RJOodXpTIL8,3.5만회,8개월 전
Mr Bullet - 스파이 퍼즐 게임,https://www.youtube.com/watch?v=LzfjHq_U54g,6.7만회,8개월 전
Mr Bullet - 스파이 퍼즐 게임,https://www.youtube.com/watch?v=dtcs7nnAU6w,27만회,8개월 전
Mr Bullet - 스파이 퍼즐 게임,https://www.youtube.com/watch?v=x9nk7TZA9rM,1.3만회,8개월 전
Mr Bullet - 스파이 퍼즐 게임,https://www.youtube.com/watch?v=QRoyKwK3CyE,2.8만회,8개월 전
Mr Bullet - 스파이 퍼즐 게임,https://www.youtube.com/watch?v=B1p1HBaMQGc,9.6만회,8개월 전
Mr Bullet - 스파이 퍼즐 게임,https://www.youtube.com/watch?v=k6vu39QaQEw,13만회,8개월 전
Mr Bullet - 스파이 퍼즐 게임,https://www.youtube.com/watch?v=ZY4wtOM7k2g,1만회,8개월 전
Mr Bullet - 스파이 퍼즐 게임,https://www.youtube.com/watch?v=whhPnd1eckw,3.2만회,8개월 전
Mr Bullet - 스파이 퍼즐 게임,https://www.youtube.com/watch?v=Sigl-544tzc,113회,8개월 전
Mr Bullet - 스파이 퍼즐 게임,https://www.youtube.com/watch?v=jZUlMpZnObQ,17만회,8개월 전
Mr Bullet - 스파이 퍼즐 게임,https://www.youtube.com/watch?v=-X9nmLh02e0,1.2만회,8개월 전
Mr Bullet - 스파이 퍼즐 게임,https://www.youtube.com/watch?v=gvVK8MNHvVg,2만회,8개월 전
Mr Bullet - 스파이 퍼즐 게임,https://www.youtube.com/watch?v=MqIJAYa1vw4,1.3만회,8개월 전
Mr Bullet - 스파이 퍼즐 게임,https://www.youtube.com/watch?v=H3LOHGHrj4o,3.5천회,8개월 전
Mr Bullet - 스파이 퍼즐 게임,https://www.youtube.com/watch?v=UsvST2xsL-8,644회,8개월 전
Mr Bullet - 스파이 퍼즐 게임,https://www.youtube.com/watch?v=2Ejm9ty6rRc,2.3만회,8개월 전
Mr Bullet - 스파이 퍼즐 게임,https://www.youtube.com/watch?v=peZ4U9pgvn8,9.5천회,8개월 전
Mr Bullet - 스파이 퍼즐 게임,https://www.youtube.com/watch?v=Fek9hoRoEHE,2.3천회,8개월 전
Mr Bullet - 스파이 퍼즐 게임,https://www.youtube.com/watch?v=Go9NMLBcFeo,4.7천회,8개월 전
Mr Bullet - 스파이 퍼즐 게임,https://www.youtube.com/watch?v=Dm-zvWgZO3o,2.5천회,8개월 전
Mr Bullet - 스파이 퍼즐 게임,https://www.youtube.com/watch?v=jsNXcE2crLo,500회,8개월 전
Mr Bullet - 스파이 퍼즐 게임,https://www.youtube.com/watch?v=9CwH3cMLNNE,1.6만회,8개월 전
Mr Bullet - 스파이 퍼즐 게임,https://www.youtube.com/watch?v=EmLTQaSN0oc,1.3만회,8개월 전
Mr Bullet - 스파이 퍼즐 게임,https://www.youtube.com/watch?v=xEmmWI7Jvio,9.7천회,8개월 전
Mr Bullet - 스파이 퍼즐 게임,https://www.youtube.com/watch?v=VqfQuOF1TIk,1.3천회,8개월 전
Mr Bullet - 스파이 퍼즐 게임,https://www.youtube.com/watch?v=XHJQEY4kQQ4,2.9천회,8개월 전
Mr Bullet - 스파이 퍼즐 게임,https://www.youtube.com/watch?v=EMLpdRWXj0I,1만회,8개월 전
Mr Bullet - 스파이 퍼즐 게임,https://www.youtube.com/watch?v=nm0QtnWnYR4,4.2천회,8개월 전
Mr Bullet - 스파이 퍼즐 게임,https://www.youtube.com/watch?v=z6bM0l8Dn3c,3.6천회,8개월 전
Mr Bullet - 스파이 퍼즐 게임,https://www.youtube.com/watch?v=Xlfg1FzuQDo,1.7만회,8개월 전
Mr Bullet - 스파이 퍼즐 게임,https://www.youtube.com/watch?v=r-RBxnmhT1s,1.4만회,8개월 전
Mr Bullet - 스파이 퍼즐 게임,https://www.youtube.com/watch?v=JYCHXHCQ9WE,1천회,8개월 전
Mr Bullet - 스파이 퍼즐 게임,https://www.youtube.com/watch?v=Ol47u52_h6E,968회,8개월 전
Mr Bullet - 스파이 퍼즐 게임,https://www.youtube.com/watch?v=26uJ-bQO2CY,855회,8개월 전
Mr Bullet - 스파이 퍼즐 게임,https://www.youtube.com/watch?v=IPh4-iJldAI,1.4만회,8개월 전
Mr Bullet - 스파이 퍼즐 게임,https://www.youtube.com/watch?v=HpnTpYcTE0A,8.7천회,8개월 전
Mr Bullet - 스파이 퍼즐 게임,https://www.youtube.com/watch?v=Q6dPD6JJC1I,682회,8개월 전
Mr Bullet - 스파이 퍼즐 게임,https://www.youtube.com/watch?v=O2u9kZZLRtU,1만회,8개월 전
Mr Bullet - 스파이 퍼즐 게임,https://www.youtube.com/watch?v=BX3dK-lcfvs,1.9만회,8개월 전
Mr Bullet - 스파이 퍼즐 게임,https://www.youtube.com/watch?v=vX1DBsO_GDU,1.5천회,8개월 전
Mr Bullet - 스파이 퍼즐 게임,https://www.youtube.com/watch?v=R0l8DEFIbUo,6.8만회,8개월 전
