﻿search,youtube_url,viewer,upload
라이즈 오브 킹덤즈 게임,https://www.youtube.com/watch?v=NG90_Nmlz7o,132회,1시간 전
라이즈 오브 킹덤즈 게임,https://www.youtube.com/watch?v=vFDcQJ2dNA4,735회,2시간 전
라이즈 오브 킹덤즈 게임,https://www.youtube.com/watch?v=nQ5dluqmZWM,4.5천회,12시간 전
라이즈 오브 킹덤즈 게임,https://www.youtube.com/watch?v=2aZoJRwiAmE,1회,스트리밍 시간: 15시간 전
라이즈 오브 킹덤즈 게임,https://www.youtube.com/watch?v=CzLsHzmy6gQ,86회,17시간 전
라이즈 오브 킹덤즈 게임,https://www.youtube.com/watch?v=-nDQAPJ1Mus,9회,17시간 전
라이즈 오브 킹덤즈 게임,https://www.youtube.com/watch?v=YwGIH954a7g,8회,17시간 전
라이즈 오브 킹덤즈 게임,https://www.youtube.com/watch?v=rdJjKc16aYQ,3회,17시간 전
라이즈 오브 킹덤즈 게임,https://www.youtube.com/watch?v=Ue7tNuUv2a4,7회,17시간 전
라이즈 오브 킹덤즈 게임,https://www.youtube.com/watch?v=sZF0zxbr1hc,16회,17시간 전
라이즈 오브 킹덤즈 게임,https://www.youtube.com/watch?v=Eohg5PhXxjs,46회,17시간 전
라이즈 오브 킹덤즈 게임,https://www.youtube.com/watch?v=LZztx6w05Ho,29회,17시간 전
라이즈 오브 킹덤즈 게임,https://www.youtube.com/watch?v=rkMr9aeGYeg,147회,19시간 전
라이즈 오브 킹덤즈 게임,https://www.youtube.com/watch?v=yxOBmLC3_P0,2.3천회,21시간 전
라이즈 오브 킹덤즈 게임,https://www.youtube.com/watch?v=APxtTpRe8W8,157회,22시간 전
라이즈 오브 킹덤즈 게임,https://www.youtube.com/watch?v=V6IpGTtYOSo,7.4천회,1일 전
라이즈 오브 킹덤즈 게임,https://www.youtube.com/watch?v=qgXZcdrHMwU,1.2천회,스트리밍 시간: 1일 전
라이즈 오브 킹덤즈 게임,https://www.youtube.com/watch?v=mJ9bRpAxJxI,1.7천회,1일 전
라이즈 오브 킹덤즈 게임,https://www.youtube.com/watch?v=CSsWCHAQgLk,20회,1일 전
라이즈 오브 킹덤즈 게임,https://www.youtube.com/watch?v=Wdi-ktKFq84,없음,1일 전
라이즈 오브 킹덤즈 게임,https://www.youtube.com/watch?v=X8bnw7tarWY,1회,1일 전
라이즈 오브 킹덤즈 게임,https://www.youtube.com/watch?v=p0oWLe3Q8N8,5.8천회,1일 전
라이즈 오브 킹덤즈 게임,https://www.youtube.com/watch?v=D76KMUiBPCg,455회,2일 전
라이즈 오브 킹덤즈 게임,https://www.youtube.com/watch?v=EIew0XL3KOY,836회,2일 전
라이즈 오브 킹덤즈 게임,https://www.youtube.com/watch?v=fkeuhq_2QbY,없음,2일 전
라이즈 오브 킹덤즈 게임,https://www.youtube.com/watch?v=GTUpUEMxJi0,3회,2일 전
라이즈 오브 킹덤즈 게임,https://www.youtube.com/watch?v=COkhoFojOO0,5회,2일 전
라이즈 오브 킹덤즈 게임,https://www.youtube.com/watch?v=OVwa5wd7aKk,39회,2일 전
라이즈 오브 킹덤즈 게임,https://www.youtube.com/watch?v=6taudkh9JXc,49회,2일 전
라이즈 오브 킹덤즈 게임,https://www.youtube.com/watch?v=8A6z6jO8-OI,2회,2일 전
라이즈 오브 킹덤즈 게임,https://www.youtube.com/watch?v=PYcWpBWW75Q,44회,스트리밍 시간: 2일 전
라이즈 오브 킹덤즈 게임,https://www.youtube.com/watch?v=SBRyHW-TUkw,122회,2일 전
라이즈 오브 킹덤즈 게임,https://www.youtube.com/watch?v=xkytGjnEzZ8,7.3천회,2일 전
라이즈 오브 킹덤즈 게임,https://www.youtube.com/watch?v=xsJ03nxvr3w,1만회,3일 전
라이즈 오브 킹덤즈 게임,https://www.youtube.com/watch?v=a799bEYUUi8,7회,3일 전
라이즈 오브 킹덤즈 게임,https://www.youtube.com/watch?v=OnXVPhZFeBI,18회,3일 전
라이즈 오브 킹덤즈 게임,https://www.youtube.com/watch?v=3w7SzpmwyMI,없음,3일 전
라이즈 오브 킹덤즈 게임,https://www.youtube.com/watch?v=jhmmbzLV67E,19회,스트리밍 시간: 4일 전
라이즈 오브 킹덤즈 게임,https://www.youtube.com/watch?v=MZ7SAwLkdZw,4.5천회,4일 전
라이즈 오브 킹덤즈 게임,https://www.youtube.com/watch?v=HBocPnlyk_k,4.6천회,4일 전
라이즈 오브 킹덤즈 게임,https://www.youtube.com/watch?v=Tr9rb5DFXvE,339회,4일 전
라이즈 오브 킹덤즈 게임,https://www.youtube.com/watch?v=SSuxxxQnD2Q,9천회,4일 전
라이즈 오브 킹덤즈 게임,https://www.youtube.com/watch?v=IzsFhRycys0,4.3천회,4일 전
라이즈 오브 킹덤즈 게임,https://www.youtube.com/watch?v=ETToAKNgLpw,39회,스트리밍 시간: 4일 전
라이즈 오브 킹덤즈 게임,https://www.youtube.com/watch?v=49mftegQWMU,40회,4일 전
라이즈 오브 킹덤즈 게임,https://www.youtube.com/watch?v=lE451amZ5Q8,38회,스트리밍 시간: 4일 전
라이즈 오브 킹덤즈 게임,https://www.youtube.com/watch?v=Y4UXfUEeOpA,7회,스트리밍 시간: 3일 전
라이즈 오브 킹덤즈 게임,https://www.youtube.com/watch?v=EdSqXjs2XIU,16회,5일 전
라이즈 오브 킹덤즈 게임,https://www.youtube.com/watch?v=GewT9l8XvpI,3회,5일 전
라이즈 오브 킹덤즈 게임,https://www.youtube.com/watch?v=z1EQCTlK4sA,69회,스트리밍 시간: 5일 전
라이즈 오브 킹덤즈 게임,https://www.youtube.com/watch?v=8MIWwbbsXfU,115회,스트리밍 시간: 5일 전
라이즈 오브 킹덤즈 게임,https://www.youtube.com/watch?v=7VWIbIeywrA,5.8천회,6일 전
라이즈 오브 킹덤즈 게임,https://www.youtube.com/watch?v=Os5GD47eOa0,7.2천회,1주 전
라이즈 오브 킹덤즈 게임,https://www.youtube.com/watch?v=TpciM6neJiE,2.2천회,1주 전
라이즈 오브 킹덤즈 게임,https://www.youtube.com/watch?v=RK1YQwoj4xA,5.4천회,1주 전
라이즈 오브 킹덤즈 게임,https://www.youtube.com/watch?v=vMiH5v7ibL0,2.2만회,1주 전
라이즈 오브 킹덤즈 게임,https://www.youtube.com/watch?v=MIR68ui-oSI,1.6천회,1주 전
라이즈 오브 킹덤즈 게임,https://www.youtube.com/watch?v=ji6a0NUv6wA,3.7만회,1주 전
라이즈 오브 킹덤즈 게임,https://www.youtube.com/watch?v=bNINNSYZx3g,8.4천회,1주 전
라이즈 오브 킹덤즈 게임,https://www.youtube.com/watch?v=Jb7krmYCTIc,4.1천회,스트리밍 시간: 1주 전
라이즈 오브 킹덤즈 게임,https://www.youtube.com/watch?v=Qqyamxb1qZM,34회,1주 전
라이즈 오브 킹덤즈 게임,https://www.youtube.com/watch?v=SX628hUdz9I,72회,1주 전
라이즈 오브 킹덤즈 게임,https://www.youtube.com/watch?v=i-OZkzLikVU,6.1천회,1주 전
라이즈 오브 킹덤즈 게임,https://www.youtube.com/watch?v=T9BDVZu1W_0,6.4천회,1주 전
라이즈 오브 킹덤즈 게임,https://www.youtube.com/watch?v=leuTC2_y6-I,215회,1주 전
라이즈 오브 킹덤즈 게임,https://www.youtube.com/watch?v=GDg-j7X0MaE,6.3천회,1주 전
라이즈 오브 킹덤즈 게임,https://www.youtube.com/watch?v=PEEEIgH5qHo,1.2만회,스트리밍 시간: 1주 전
라이즈 오브 킹덤즈 게임,https://www.youtube.com/watch?v=5cAIVfgv9Fg,715회,1주 전
라이즈 오브 킹덤즈 게임,https://www.youtube.com/watch?v=Nu_Q6Srb2hY,255회,1주 전
라이즈 오브 킹덤즈 게임,https://www.youtube.com/watch?v=Mx4Yovtp6m4,5회,1주 전
라이즈 오브 킹덤즈 게임,https://www.youtube.com/watch?v=xabg1eEkTVk,54회,스트리밍 시간: 1주 전
라이즈 오브 킹덤즈 게임,https://www.youtube.com/watch?v=fW6uxY5rl_E,11회,1주 전
라이즈 오브 킹덤즈 게임,https://www.youtube.com/watch?v=yBcQLuT_lI8,2.8만회,1주 전
라이즈 오브 킹덤즈 게임,https://www.youtube.com/watch?v=HyOo644PJkY,27회,1주 전
라이즈 오브 킹덤즈 게임,https://www.youtube.com/watch?v=jwJfhuh99-Y,3회,1주 전
라이즈 오브 킹덤즈 게임,https://www.youtube.com/watch?v=62WOVbxgyUY,34만회,1주 전
라이즈 오브 킹덤즈 게임,https://www.youtube.com/watch?v=b3-axbbYfhU,26회,스트리밍 시간: 1주 전
라이즈 오브 킹덤즈 게임,https://www.youtube.com/watch?v=nvMjZT6L8WA,2만회,2주 전
라이즈 오브 킹덤즈 게임,https://www.youtube.com/watch?v=BmEKotXfT_Y,21회,스트리밍 시간: 2주 전
라이즈 오브 킹덤즈 게임,https://www.youtube.com/watch?v=hNOzGFU4zB8,2.4천회,스트리밍 시간: 2주 전
라이즈 오브 킹덤즈 게임,https://www.youtube.com/watch?v=4af16hrgnqA,5.2천회,2주 전
라이즈 오브 킹덤즈 게임,https://www.youtube.com/watch?v=5F5kUEmKBb8,6.7천회,2주 전
라이즈 오브 킹덤즈 게임,https://www.youtube.com/watch?v=IfQuFAZLD8M,51회,2주 전
라이즈 오브 킹덤즈 게임,https://www.youtube.com/watch?v=xYBRcfHHILg,6.3천회,스트리밍 시간: 2주 전
라이즈 오브 킹덤즈 게임,https://www.youtube.com/watch?v=kXmcBeBM40w,7.2천회,2주 전
라이즈 오브 킹덤즈 게임,https://www.youtube.com/watch?v=hgYu2KmVCcs,277회,2주 전
라이즈 오브 킹덤즈 게임,https://www.youtube.com/watch?v=rt0cD_3PPSg,29회,스트리밍 시간: 2주 전
라이즈 오브 킹덤즈 게임,https://www.youtube.com/watch?v=E-qkmYaid78,5.7천회,2주 전
라이즈 오브 킹덤즈 게임,https://www.youtube.com/watch?v=Bpa3cfqWEHA,25회,스트리밍 시간: 2주 전
라이즈 오브 킹덤즈 게임,https://www.youtube.com/watch?v=IFm2Eh7gbe0,16회,2주 전
라이즈 오브 킹덤즈 게임,https://www.youtube.com/watch?v=08XXCW2KVgk,1.2만회,2주 전
라이즈 오브 킹덤즈 게임,https://www.youtube.com/watch?v=cSNvKXwH6Tc,8.2천회,2주 전
라이즈 오브 킹덤즈 게임,https://www.youtube.com/watch?v=GBnB4H-hxyM,411회,2주 전
라이즈 오브 킹덤즈 게임,https://www.youtube.com/watch?v=uhR7kPzgxok,36회,스트리밍 시간: 2주 전
라이즈 오브 킹덤즈 게임,https://www.youtube.com/watch?v=0z6ARG_4PWw,34회,스트리밍 시간: 2주 전
라이즈 오브 킹덤즈 게임,https://www.youtube.com/watch?v=0P2Kr4_Wr8w,25회,2주 전
라이즈 오브 킹덤즈 게임,https://www.youtube.com/watch?v=P95QKA5yG24,3.3만회,3주 전
라이즈 오브 킹덤즈 게임,https://www.youtube.com/watch?v=akWYrGlhkVs,1.8만회,3주 전
라이즈 오브 킹덤즈 게임,https://www.youtube.com/watch?v=HtqkrTBsGJQ,7회,3주 전
라이즈 오브 킹덤즈 게임,https://www.youtube.com/watch?v=2NN3FhGCkZc,9.8천회,3주 전
라이즈 오브 킹덤즈 게임,https://www.youtube.com/watch?v=Sqh8m0qSaxs,214회,3주 전
라이즈 오브 킹덤즈 게임,https://www.youtube.com/watch?v=qJtjkAPUFtU,11회,3주 전
라이즈 오브 킹덤즈 게임,https://www.youtube.com/watch?v=nafErHbpxkw,3.5만회,3주 전
라이즈 오브 킹덤즈 게임,https://www.youtube.com/watch?v=Ij6WYcmnGwY,1.7만회,3주 전
라이즈 오브 킹덤즈 게임,https://www.youtube.com/watch?v=icQLVXhd218,5만회,3주 전
라이즈 오브 킹덤즈 게임,https://www.youtube.com/watch?v=82EvRjLWJF4,48회,3주 전
라이즈 오브 킹덤즈 게임,https://www.youtube.com/watch?v=VhNhEViqRN4,없음,3주 전
라이즈 오브 킹덤즈 게임,https://www.youtube.com/watch?v=nsL_oq2Oorc,6.3천회,스트리밍 시간: 3주 전
라이즈 오브 킹덤즈 게임,https://www.youtube.com/watch?v=lCUa8QyC4pQ,47회,스트리밍 시간: 3주 전
라이즈 오브 킹덤즈 게임,https://www.youtube.com/watch?v=7bXiU1sTnWs,81회,3주 전
라이즈 오브 킹덤즈 게임,https://www.youtube.com/watch?v=cNEEC9t1MHE,8.7천회,3주 전
라이즈 오브 킹덤즈 게임,https://www.youtube.com/watch?v=RhdvqxodhlM,1.1만회,3주 전
라이즈 오브 킹덤즈 게임,https://www.youtube.com/watch?v=B-hwfyg-FgM,2.7천회,스트리밍 시간: 3주 전
라이즈 오브 킹덤즈 게임,https://www.youtube.com/watch?v=lg3PDq4kmgU,1.1천회,스트리밍 시간: 3주 전
라이즈 오브 킹덤즈 게임,https://www.youtube.com/watch?v=LZZtI26iNNY,138회,3주 전
라이즈 오브 킹덤즈 게임,https://www.youtube.com/watch?v=dH5KrjnvH8g,1.9천회,스트리밍 시간: 3주 전
라이즈 오브 킹덤즈 게임,https://www.youtube.com/watch?v=hSwNvFDge7k,1만회,스트리밍 시간: 3주 전
라이즈 오브 킹덤즈 게임,https://www.youtube.com/watch?v=Ley87dgXiHk,1.6천회,스트리밍 시간: 3주 전
라이즈 오브 킹덤즈 게임,https://www.youtube.com/watch?v=vHuKb7EWSpk,1.8만회,3주 전
라이즈 오브 킹덤즈 게임,https://www.youtube.com/watch?v=XjycLzXX0lA,1.6만회,3주 전
라이즈 오브 킹덤즈 게임,https://www.youtube.com/watch?v=P2Cx7F6xSnU,3.9천회,3주 전
라이즈 오브 킹덤즈 게임,https://www.youtube.com/watch?v=PeiGNLlkqY4,6.4천회,3주 전
라이즈 오브 킹덤즈 게임,https://www.youtube.com/watch?v=l_ZnYO-WH78,1천회,3주 전
라이즈 오브 킹덤즈 게임,https://www.youtube.com/watch?v=erR49sLk8cU,43회,스트리밍 시간: 3주 전
라이즈 오브 킹덤즈 게임,https://www.youtube.com/watch?v=S2mWh1CWS8Y,1.8천회,스트리밍 시간: 3주 전
라이즈 오브 킹덤즈 게임,https://www.youtube.com/watch?v=TeIb_n0p6Ec,6천회,3주 전
라이즈 오브 킹덤즈 게임,https://www.youtube.com/watch?v=Y42Nq6JQVGs,41회,스트리밍 시간: 3주 전
라이즈 오브 킹덤즈 게임,https://www.youtube.com/watch?v=MW04_F6a0Mk,3.1천회,스트리밍 시간: 3주 전
라이즈 오브 킹덤즈 게임,https://www.youtube.com/watch?v=kAP51_sm4Pk,2.7만회,3주 전
라이즈 오브 킹덤즈 게임,https://www.youtube.com/watch?v=KrX2Pz6Kquc,3.4천회,3주 전
라이즈 오브 킹덤즈 게임,https://www.youtube.com/watch?v=lEglyIEnnXo,1.1만회,3주 전
라이즈 오브 킹덤즈 게임,https://www.youtube.com/watch?v=_uJ-3ZZDmmQ,174회,4주 전
라이즈 오브 킹덤즈 게임,https://www.youtube.com/watch?v=A6iWJDy7h8U,1.7만회,4주 전
라이즈 오브 킹덤즈 게임,https://www.youtube.com/watch?v=8_VNgoPo2uw,21회,스트리밍 시간: 4주 전
라이즈 오브 킹덤즈 게임,https://www.youtube.com/watch?v=VKBXV6jWRas,2.4천회,스트리밍 시간: 4주 전
라이즈 오브 킹덤즈 게임,https://www.youtube.com/watch?v=GE0jFX4ufC4,3.9천회,4주 전
라이즈 오브 킹덤즈 게임,https://www.youtube.com/watch?v=9LfBBC_3ZlU,21회,스트리밍 시간: 1개월 전
라이즈 오브 킹덤즈 게임,https://www.youtube.com/watch?v=N_D7kr0dl5I,6.1천회,스트리밍 시간: 1개월 전
라이즈 오브 킹덤즈 게임,https://www.youtube.com/watch?v=RMpHqTXChkM,3회,스트리밍 시간: 1개월 전
라이즈 오브 킹덤즈 게임,https://www.youtube.com/watch?v=zUAAbp6Sw54,8회,1개월 전
라이즈 오브 킹덤즈 게임,https://www.youtube.com/watch?v=w4PF-A_JJ4Q,4.1천회,1개월 전
라이즈 오브 킹덤즈 게임,https://www.youtube.com/watch?v=7mCWhuBq5Zg,2.5만회,1개월 전
라이즈 오브 킹덤즈 게임,https://www.youtube.com/watch?v=Wo_qTEJOvTU,6.9천회,1개월 전
라이즈 오브 킹덤즈 게임,https://www.youtube.com/watch?v=MiHmTu-FfrI,3천회,1개월 전
라이즈 오브 킹덤즈 게임,https://www.youtube.com/watch?v=UqYmuNaYBhk,4.1천회,스트리밍 시간: 1개월 전
라이즈 오브 킹덤즈 게임,https://www.youtube.com/watch?v=ffSAdpOL6ro,5회,1개월 전
라이즈 오브 킹덤즈 게임,https://www.youtube.com/watch?v=rX4YlkECkYc,1.2만회,1개월 전
라이즈 오브 킹덤즈 게임,https://www.youtube.com/watch?v=Pbo_uS-SbVU,141회,1개월 전
라이즈 오브 킹덤즈 게임,https://www.youtube.com/watch?v=bLhgOSfpL_M,9.1천회,1개월 전
라이즈 오브 킹덤즈 게임,https://www.youtube.com/watch?v=w0Os5RU0Z4Q,247회,스트리밍 시간: 1개월 전
라이즈 오브 킹덤즈 게임,https://www.youtube.com/watch?v=Nk3noMyADjU,없음,1개월 전
라이즈 오브 킹덤즈 게임,https://www.youtube.com/watch?v=pl8Do0CQ_yE,2회,1개월 전
라이즈 오브 킹덤즈 게임,https://www.youtube.com/watch?v=sxmtzPCx14g,5.7천회,1개월 전
라이즈 오브 킹덤즈 게임,https://www.youtube.com/watch?v=-fKje4bftw8,51회,1개월 전
라이즈 오브 킹덤즈 게임,https://www.youtube.com/watch?v=vBlI_sNctuM,1.4만회,1개월 전
라이즈 오브 킹덤즈 게임,https://www.youtube.com/watch?v=3P5LipWNgSI,1회,1개월 전
라이즈 오브 킹덤즈 게임,https://www.youtube.com/watch?v=UceAnH4Ldi4,없음,1개월 전
라이즈 오브 킹덤즈 게임,https://www.youtube.com/watch?v=VBNcqPY0Zus,1.6만회,1개월 전
라이즈 오브 킹덤즈 게임,https://www.youtube.com/watch?v=sx6BDMLITVc,1.1만회,1개월 전
라이즈 오브 킹덤즈 게임,https://www.youtube.com/watch?v=OKYGY2R2j1M,10회,1개월 전
라이즈 오브 킹덤즈 게임,https://www.youtube.com/watch?v=bswIAOrcWf8,157회,1개월 전
라이즈 오브 킹덤즈 게임,https://www.youtube.com/watch?v=Ka8OdElAPQw,3.1만회,1개월 전
라이즈 오브 킹덤즈 게임,https://www.youtube.com/watch?v=XHANKTslLcE,1.6만회,1개월 전
라이즈 오브 킹덤즈 게임,https://www.youtube.com/watch?v=NFYKZePpb0Q,136회,1개월 전
라이즈 오브 킹덤즈 게임,https://www.youtube.com/watch?v=lZXtU4ew41g,610회,1개월 전
라이즈 오브 킹덤즈 게임,https://www.youtube.com/watch?v=nAt1ngT1Skk,3.5천회,1개월 전
라이즈 오브 킹덤즈 게임,https://www.youtube.com/watch?v=9f_J5kN6-L4,86회,1개월 전
라이즈 오브 킹덤즈 게임,https://www.youtube.com/watch?v=FzKoKvY-BaQ,179회,1개월 전
라이즈 오브 킹덤즈 게임,https://www.youtube.com/watch?v=ahI1YTrI8iY,6.6천회,1개월 전
라이즈 오브 킹덤즈 게임,https://www.youtube.com/watch?v=HYaHehBwcNo,10회,스트리밍 시간: 1개월 전
라이즈 오브 킹덤즈 게임,https://www.youtube.com/watch?v=x-j2Ud5HDfE,없음,1개월 전
라이즈 오브 킹덤즈 게임,https://www.youtube.com/watch?v=XVHQOr9ioho,21회,1개월 전
라이즈 오브 킹덤즈 게임,https://www.youtube.com/watch?v=iJFV_PLxRLc,3.6만회,1개월 전
라이즈 오브 킹덤즈 게임,https://www.youtube.com/watch?v=wi0SvPfdaB8,434회,1개월 전
라이즈 오브 킹덤즈 게임,https://www.youtube.com/watch?v=-PJwP9ODkV0,1회,1개월 전
라이즈 오브 킹덤즈 게임,https://www.youtube.com/watch?v=NfUymi5ZR0A,2.3만회,1개월 전
라이즈 오브 킹덤즈 게임,https://www.youtube.com/watch?v=LCN4gu0r4Q8,1.6만회,1개월 전
라이즈 오브 킹덤즈 게임,https://www.youtube.com/watch?v=pjA_RpPZQ5E,1.8만회,1개월 전
라이즈 오브 킹덤즈 게임,https://www.youtube.com/watch?v=b_qi8NkPKtg,1.1천회,1개월 전
라이즈 오브 킹덤즈 게임,https://www.youtube.com/watch?v=UbUSx6i6w_s,978회,1개월 전
라이즈 오브 킹덤즈 게임,https://www.youtube.com/watch?v=26euBlofimA,3.4만회,1개월 전
라이즈 오브 킹덤즈 게임,https://www.youtube.com/watch?v=ZnxV8N36B-g,1.1만회,1개월 전
라이즈 오브 킹덤즈 게임,https://www.youtube.com/watch?v=v5O4B9M345g,6회,1개월 전
라이즈 오브 킹덤즈 게임,https://www.youtube.com/watch?v=3Jo90ywVYhA,6회,스트리밍 시간: 1개월 전
라이즈 오브 킹덤즈 게임,https://www.youtube.com/watch?v=P7bAh5MQY6U,1.7만회,1개월 전
라이즈 오브 킹덤즈 게임,https://www.youtube.com/watch?v=DUOOmIRk-8Q,4회,스트리밍 시간: 1개월 전
라이즈 오브 킹덤즈 게임,https://www.youtube.com/watch?v=KMzTTt2bLhw,2.5천회,1개월 전
라이즈 오브 킹덤즈 게임,https://www.youtube.com/watch?v=dSjeqMcH5AU,6회,스트리밍 시간: 1개월 전
라이즈 오브 킹덤즈 게임,https://www.youtube.com/watch?v=ofn-k9Iu7KM,1.5만회,1개월 전
라이즈 오브 킹덤즈 게임,https://www.youtube.com/watch?v=SSvp25G83Os,7회,스트리밍 시간: 1개월 전
라이즈 오브 킹덤즈 게임,https://www.youtube.com/watch?v=kUr5SL7xCAs,140회,1개월 전
라이즈 오브 킹덤즈 게임,https://www.youtube.com/watch?v=6dR_QonrJ0M,6.2천회,1개월 전
라이즈 오브 킹덤즈 게임,https://www.youtube.com/watch?v=d4uFM2dR-vk,377회,1개월 전
라이즈 오브 킹덤즈 게임,https://www.youtube.com/watch?v=NSdtPWrlpO4,1.9만회,1개월 전
라이즈 오브 킹덤즈 게임,https://www.youtube.com/watch?v=V4TrxMk3pRg,2회,1개월 전
라이즈 오브 킹덤즈 게임,https://www.youtube.com/watch?v=bg96UCMcqp0,32회,스트리밍 시간: 1개월 전
라이즈 오브 킹덤즈 게임,https://www.youtube.com/watch?v=9oEPsYhBH54,20회,1개월 전
라이즈 오브 킹덤즈 게임,https://www.youtube.com/watch?v=pUnXLKqLu5c,11회,스트리밍 시간: 1개월 전
라이즈 오브 킹덤즈 게임,https://www.youtube.com/watch?v=PE9DW_VdYkw,8.1천회,1개월 전
라이즈 오브 킹덤즈 게임,https://www.youtube.com/watch?v=BE4w54_WiY8,22회,스트리밍 시간: 1개월 전
라이즈 오브 킹덤즈 게임,https://www.youtube.com/watch?v=xsE3oy-v54M,32회,1개월 전
라이즈 오브 킹덤즈 게임,https://www.youtube.com/watch?v=bjg1qvDYrrs,2.9만회,1개월 전
라이즈 오브 킹덤즈 게임,https://www.youtube.com/watch?v=YOCRc6jnN4c,1.1천회,1개월 전
라이즈 오브 킹덤즈 게임,https://www.youtube.com/watch?v=FcsvnrwtUag,2.3만회,1개월 전
라이즈 오브 킹덤즈 게임,https://www.youtube.com/watch?v=pxEQWbTZRcg,46회,1개월 전
라이즈 오브 킹덤즈 게임,https://www.youtube.com/watch?v=Z9nAqykHpPs,1.9만회,1개월 전
라이즈 오브 킹덤즈 게임,https://www.youtube.com/watch?v=iNN1wAq46qU,10회,스트리밍 시간: 1개월 전
라이즈 오브 킹덤즈 게임,https://www.youtube.com/watch?v=54CBTsBcsE0,6천회,1개월 전
라이즈 오브 킹덤즈 게임,https://www.youtube.com/watch?v=kD1IcP7aSb4,5.3만회,1개월 전
라이즈 오브 킹덤즈 게임,https://www.youtube.com/watch?v=CntHMoA6gSc,56회,1개월 전
라이즈 오브 킹덤즈 게임,https://www.youtube.com/watch?v=HAGU0nbRRaY,50회,1개월 전
라이즈 오브 킹덤즈 게임,https://www.youtube.com/watch?v=Ix8sqe69rLk,16회,스트리밍 시간: 1개월 전
라이즈 오브 킹덤즈 게임,https://www.youtube.com/watch?v=MJUOCsbfNxs,2.7만회,1개월 전
라이즈 오브 킹덤즈 게임,https://www.youtube.com/watch?v=VT87dfdpdQk,6회,1개월 전
라이즈 오브 킹덤즈 게임,https://www.youtube.com/watch?v=n2HIAPIJfuA,6.9천회,1개월 전
라이즈 오브 킹덤즈 게임,https://www.youtube.com/watch?v=dylZsgjODl8,14회,1개월 전
라이즈 오브 킹덤즈 게임,https://www.youtube.com/watch?v=aa4LBy_HXmk,64회,스트리밍 시간: 1개월 전
라이즈 오브 킹덤즈 게임,https://www.youtube.com/watch?v=_zikPai2Zlg,2만회,1개월 전
라이즈 오브 킹덤즈 게임,https://www.youtube.com/watch?v=lCAehiKcZWA,744회,1개월 전
라이즈 오브 킹덤즈 게임,https://www.youtube.com/watch?v=zqSs6clusGA,1.7만회,1개월 전
라이즈 오브 킹덤즈 게임,https://www.youtube.com/watch?v=btpjRvEAoUM,5.1천회,1개월 전
라이즈 오브 킹덤즈 게임,https://www.youtube.com/watch?v=Er8jTutHoew,537회,1개월 전
라이즈 오브 킹덤즈 게임,https://www.youtube.com/watch?v=6CBh4gImfwQ,1.4만회,1개월 전
라이즈 오브 킹덤즈 게임,https://www.youtube.com/watch?v=_7ZLR8fJ0Ns,1만회,1개월 전
라이즈 오브 킹덤즈 게임,https://www.youtube.com/watch?v=HCrCq38BzZE,375회,스트리밍 시간: 1개월 전
라이즈 오브 킹덤즈 게임,https://www.youtube.com/watch?v=BAqG62fFpXY,1.6만회,1개월 전
라이즈 오브 킹덤즈 게임,https://www.youtube.com/watch?v=s6dny-tWN60,15회,1개월 전
라이즈 오브 킹덤즈 게임,https://www.youtube.com/watch?v=Z3ClfEvYEcU,7회,1개월 전
라이즈 오브 킹덤즈 게임,https://www.youtube.com/watch?v=gWu-pQ4BB10,2.2만회,1개월 전
라이즈 오브 킹덤즈 게임,https://www.youtube.com/watch?v=gxd4ZhpPzdQ,5.4만회,1개월 전
라이즈 오브 킹덤즈 게임,https://www.youtube.com/watch?v=ERfV0FWMjTM,4회,1개월 전
라이즈 오브 킹덤즈 게임,https://www.youtube.com/watch?v=-cCq-m2X7LE,1천회,1개월 전
라이즈 오브 킹덤즈 게임,https://www.youtube.com/watch?v=_XayodXDdSo,1.1만회,1개월 전
라이즈 오브 킹덤즈 게임,https://www.youtube.com/watch?v=xotNxvSdDRA,7회,스트리밍 시간: 1개월 전
라이즈 오브 킹덤즈 게임,https://www.youtube.com/watch?v=6AuwWHymr6k,28회,1개월 전
라이즈 오브 킹덤즈 게임,https://www.youtube.com/watch?v=9JjQA4Al_aU,181회,1개월 전
라이즈 오브 킹덤즈 게임,https://www.youtube.com/watch?v=sttzZZjC6xY,34회,1개월 전
라이즈 오브 킹덤즈 게임,https://www.youtube.com/watch?v=dR2RUu2_KuY,154회,1개월 전
라이즈 오브 킹덤즈 게임,https://www.youtube.com/watch?v=886EVyXcTQQ,4.9천회,1개월 전
라이즈 오브 킹덤즈 게임,https://www.youtube.com/watch?v=J_b-Pg-_uJ4,8천회,1개월 전
라이즈 오브 킹덤즈 게임,https://www.youtube.com/watch?v=ghsu151tT_s,370회,1개월 전
라이즈 오브 킹덤즈 게임,https://www.youtube.com/watch?v=RHfCtfK0i0E,9회,1개월 전
라이즈 오브 킹덤즈 게임,https://www.youtube.com/watch?v=yc9ZHPPKxgo,119회,1개월 전
라이즈 오브 킹덤즈 게임,https://www.youtube.com/watch?v=A9SOgJk5_Tg,1.6만회,1개월 전
라이즈 오브 킹덤즈 게임,https://www.youtube.com/watch?v=zwudtgmJtDQ,4.2천회,1개월 전
라이즈 오브 킹덤즈 게임,https://www.youtube.com/watch?v=RY0FbsAV37c,1.9만회,1개월 전
라이즈 오브 킹덤즈 게임,https://www.youtube.com/watch?v=WHvCyEq4uPE,4.7천회,1개월 전
라이즈 오브 킹덤즈 게임,https://www.youtube.com/watch?v=pkQhaSRh_TY,5.9천회,1개월 전
라이즈 오브 킹덤즈 게임,https://www.youtube.com/watch?v=YUmi8z9rud4,1.1만회,1개월 전
라이즈 오브 킹덤즈 게임,https://www.youtube.com/watch?v=RGgwl8waOVA,1.1만회,1개월 전
라이즈 오브 킹덤즈 게임,https://www.youtube.com/watch?v=nT8CppAbuB4,1.9천회,1개월 전
라이즈 오브 킹덤즈 게임,https://www.youtube.com/watch?v=M0r2ilKft8Q,228회,1개월 전
라이즈 오브 킹덤즈 게임,https://www.youtube.com/watch?v=_lP-4qAar5E,811회,1개월 전
라이즈 오브 킹덤즈 게임,https://www.youtube.com/watch?v=Zv9QqE9PZ7o,7회,1개월 전
라이즈 오브 킹덤즈 게임,https://www.youtube.com/watch?v=jzros7tFQrY,26회,1개월 전
라이즈 오브 킹덤즈 게임,https://www.youtube.com/watch?v=TW40lFZpZhw,8.7천회,1개월 전
라이즈 오브 킹덤즈 게임,https://www.youtube.com/watch?v=dQu5fR3i2No,215회,1개월 전
라이즈 오브 킹덤즈 게임,https://www.youtube.com/watch?v=haQOTIk-ekw,2.3만회,1개월 전
라이즈 오브 킹덤즈 게임,https://www.youtube.com/watch?v=TvP1D1qyg54,14회,스트리밍 시간: 1개월 전
라이즈 오브 킹덤즈 게임,https://www.youtube.com/watch?v=D2lafpb_ueE,3.9천회,1개월 전
라이즈 오브 킹덤즈 게임,https://www.youtube.com/watch?v=FgMHegi2viM,1.9만회,1개월 전
라이즈 오브 킹덤즈 게임,https://www.youtube.com/watch?v=kgFnvnTC3i8,150회,1개월 전
라이즈 오브 킹덤즈 게임,https://www.youtube.com/watch?v=4xAOkSZfyYs,6.2천회,1개월 전
라이즈 오브 킹덤즈 게임,https://www.youtube.com/watch?v=-BkYUh4-W-k,288회,1개월 전
라이즈 오브 킹덤즈 게임,https://www.youtube.com/watch?v=pSLlpfNIbys,197회,1개월 전
라이즈 오브 킹덤즈 게임,https://www.youtube.com/watch?v=cENhNrbz4dk,1만회,1개월 전
라이즈 오브 킹덤즈 게임,https://www.youtube.com/watch?v=QsmkY2Ao5GY,50회,1개월 전
라이즈 오브 킹덤즈 게임,https://www.youtube.com/watch?v=J8O1xkMN1QQ,9.5천회,1개월 전
라이즈 오브 킹덤즈 게임,https://www.youtube.com/watch?v=FuiKT_YKHmY,2.3만회,1개월 전
라이즈 오브 킹덤즈 게임,https://www.youtube.com/watch?v=tiK58uMB_os,2.9만회,1개월 전
라이즈 오브 킹덤즈 게임,https://www.youtube.com/watch?v=fGGor8DIPyY,2.5천회,스트리밍 시간: 1개월 전
라이즈 오브 킹덤즈 게임,https://www.youtube.com/watch?v=G5uFVfwXeXw,1.7천회,1개월 전
라이즈 오브 킹덤즈 게임,https://www.youtube.com/watch?v=nrbFHFOyaBg,10회,1개월 전
라이즈 오브 킹덤즈 게임,https://www.youtube.com/watch?v=j8ThmQE_4f4,1.1만회,1개월 전
라이즈 오브 킹덤즈 게임,https://www.youtube.com/watch?v=xm9VgRA7B-k,3.2천회,1개월 전
라이즈 오브 킹덤즈 게임,https://www.youtube.com/watch?v=AY8eWaXtynI,14만회,1개월 전
라이즈 오브 킹덤즈 게임,https://www.youtube.com/watch?v=UT_bGOarPf8,1.5천회,1개월 전
라이즈 오브 킹덤즈 게임,https://www.youtube.com/watch?v=x10IjKBS1vI,540회,1개월 전
라이즈 오브 킹덤즈 게임,https://www.youtube.com/watch?v=8tahXi2jgoM,205회,1개월 전
라이즈 오브 킹덤즈 게임,https://www.youtube.com/watch?v=CvUaqoOYDkA,2만회,1개월 전
라이즈 오브 킹덤즈 게임,https://www.youtube.com/watch?v=qWM6v2bGZkk,4.6만회,1개월 전
라이즈 오브 킹덤즈 게임,https://www.youtube.com/watch?v=MYSViA90PZU,416회,1개월 전
라이즈 오브 킹덤즈 게임,https://www.youtube.com/watch?v=a1rcQ-yfZiE,1.7만회,1개월 전
라이즈 오브 킹덤즈 게임,https://www.youtube.com/watch?v=ViKDwxkmjB0,1.3만회,1개월 전
라이즈 오브 킹덤즈 게임,https://www.youtube.com/watch?v=U1pZvUZMc8M,1.1만회,1개월 전
라이즈 오브 킹덤즈 게임,https://www.youtube.com/watch?v=Pck9J3Ji8m0,2.5천회,1개월 전
라이즈 오브 킹덤즈 게임,https://www.youtube.com/watch?v=SA8yxdRelxE,4회,1개월 전
라이즈 오브 킹덤즈 게임,https://www.youtube.com/watch?v=wsZz26ptA7E,2.5만회,1개월 전
라이즈 오브 킹덤즈 게임,https://www.youtube.com/watch?v=KkMMsX1oxGY,1.1만회,1개월 전
라이즈 오브 킹덤즈 게임,https://www.youtube.com/watch?v=bEXcguhGCQE,350회,1개월 전
라이즈 오브 킹덤즈 게임,https://www.youtube.com/watch?v=zLlfXjAfz2o,1.8만회,1개월 전
라이즈 오브 킹덤즈 게임,https://www.youtube.com/watch?v=Bus2oLnFZkA,248회,1개월 전
라이즈 오브 킹덤즈 게임,https://www.youtube.com/watch?v=njKCLbRZIcc,455회,1개월 전
라이즈 오브 킹덤즈 게임,https://www.youtube.com/watch?v=AnLOLT-lLF8,181회,1개월 전
라이즈 오브 킹덤즈 게임,https://www.youtube.com/watch?v=hkFb_pkftX0,2만회,1개월 전
라이즈 오브 킹덤즈 게임,https://www.youtube.com/watch?v=yxg6na9UxLk,1만회,1개월 전
라이즈 오브 킹덤즈 게임,https://www.youtube.com/watch?v=nJm_FOoZDtE,3.7만회,1개월 전
라이즈 오브 킹덤즈 게임,https://www.youtube.com/watch?v=ztZlpYAoTFY,1.1만회,1개월 전
라이즈 오브 킹덤즈 게임,https://www.youtube.com/watch?v=WhLY_YVXxn8,3.8만회,1개월 전
라이즈 오브 킹덤즈 게임,https://www.youtube.com/watch?v=KGFloGbRWkg,4.2천회,1개월 전
라이즈 오브 킹덤즈 게임,https://www.youtube.com/watch?v=1OguVyYQgmU,1.1천회,1개월 전
라이즈 오브 킹덤즈 게임,https://www.youtube.com/watch?v=LbewfbtwDF4,2.2만회,1개월 전
라이즈 오브 킹덤즈 게임,https://www.youtube.com/watch?v=u6qscEhyLkM,2.3만회,1개월 전
라이즈 오브 킹덤즈 게임,https://www.youtube.com/watch?v=gloi8nfjf_M,8.5만회,1개월 전
라이즈 오브 킹덤즈 게임,https://www.youtube.com/watch?v=RvEZkQHGIhQ,3.2천회,1개월 전
라이즈 오브 킹덤즈 게임,https://www.youtube.com/watch?v=zWTvqyVyyAM,491회,1개월 전
라이즈 오브 킹덤즈 게임,https://www.youtube.com/watch?v=w9x6f9if0j4,40회,1개월 전
라이즈 오브 킹덤즈 게임,https://www.youtube.com/watch?v=0QfzDOL6kLs,653회,1개월 전
라이즈 오브 킹덤즈 게임,https://www.youtube.com/watch?v=oV9pgeHqvb0,4.3만회,1개월 전
라이즈 오브 킹덤즈 게임,https://www.youtube.com/watch?v=8mGiI8zU8Xk,733회,1개월 전
라이즈 오브 킹덤즈 게임,https://www.youtube.com/watch?v=D_FwuDeb95Y,4.3만회,1개월 전
라이즈 오브 킹덤즈 게임,https://www.youtube.com/watch?v=zOjEtKNK8SA,1.8천회,스트리밍 시간: 1개월 전
라이즈 오브 킹덤즈 게임,https://www.youtube.com/watch?v=SWKSyqTwl9E,2.1만회,1개월 전
라이즈 오브 킹덤즈 게임,https://www.youtube.com/watch?v=ZqkJ0BTin4c,8.6천회,1개월 전
라이즈 오브 킹덤즈 게임,https://www.youtube.com/watch?v=gaxOFR-sZws,2.4천회,스트리밍 시간: 1개월 전
라이즈 오브 킹덤즈 게임,https://www.youtube.com/watch?v=bbh9TNmzz6w,2.1만회,2개월 전
라이즈 오브 킹덤즈 게임,https://www.youtube.com/watch?v=MIBCJysHHJM,2.3만회,2개월 전
라이즈 오브 킹덤즈 게임,https://www.youtube.com/watch?v=NgEYkgUKe_0,6만회,2개월 전
라이즈 오브 킹덤즈 게임,https://www.youtube.com/watch?v=gqTZSLhS86k,106회,2개월 전
라이즈 오브 킹덤즈 게임,https://www.youtube.com/watch?v=FN_nHKcjQFw,806회,스트리밍 시간: 2개월 전
라이즈 오브 킹덤즈 게임,https://www.youtube.com/watch?v=Byl31daVSqw,1.7천회,2개월 전
라이즈 오브 킹덤즈 게임,https://www.youtube.com/watch?v=RsSnHw3e4mk,1천회,스트리밍 시간: 2개월 전
라이즈 오브 킹덤즈 게임,https://www.youtube.com/watch?v=X-Yig0WrA9k,4.5만회,2개월 전
라이즈 오브 킹덤즈 게임,https://www.youtube.com/watch?v=9FN6izrphew,3.1만회,2개월 전
라이즈 오브 킹덤즈 게임,https://www.youtube.com/watch?v=-Zc7CV87xTo,411회,스트리밍 시간: 2개월 전
라이즈 오브 킹덤즈 게임,https://www.youtube.com/watch?v=5604rvHfl-U,3.6천회,2개월 전
라이즈 오브 킹덤즈 게임,https://www.youtube.com/watch?v=5oNTrt9DrQ4,1만회,2개월 전
라이즈 오브 킹덤즈 게임,https://www.youtube.com/watch?v=ThPrBTyEp-E,6.2만회,2개월 전
라이즈 오브 킹덤즈 게임,https://www.youtube.com/watch?v=6VucmSNnthA,7.7천회,2개월 전
라이즈 오브 킹덤즈 게임,https://www.youtube.com/watch?v=G7Dyk_xcSQI,2.6천회,2개월 전
라이즈 오브 킹덤즈 게임,https://www.youtube.com/watch?v=ukmoy2AmnTw,2.8천회,2개월 전
라이즈 오브 킹덤즈 게임,https://www.youtube.com/watch?v=DkxpMZw3fgk,9.4천회,2개월 전
라이즈 오브 킹덤즈 게임,https://www.youtube.com/watch?v=Sr8lPOXvsEo,1천회,2개월 전
라이즈 오브 킹덤즈 게임,https://www.youtube.com/watch?v=zN_61Zhqwqo,14만회,2개월 전
라이즈 오브 킹덤즈 게임,https://www.youtube.com/watch?v=wEQQ3zseby8,2.7천회,2개월 전
라이즈 오브 킹덤즈 게임,https://www.youtube.com/watch?v=BFYAA59NJD0,58회,2개월 전
라이즈 오브 킹덤즈 게임,https://www.youtube.com/watch?v=L-fgWg4v54k,4.7만회,2개월 전
라이즈 오브 킹덤즈 게임,https://www.youtube.com/watch?v=Zn6mJTvvoRI,1.6만회,2개월 전
라이즈 오브 킹덤즈 게임,https://www.youtube.com/watch?v=MdWQlgVOzsA,1.6천회,2개월 전
라이즈 오브 킹덤즈 게임,https://www.youtube.com/watch?v=b8JbqChji_c,11만회,2개월 전
라이즈 오브 킹덤즈 게임,https://www.youtube.com/watch?v=fRWlhg4014A,3만회,2개월 전
라이즈 오브 킹덤즈 게임,https://www.youtube.com/watch?v=bpEywHOW5y4,8.6천회,2개월 전
라이즈 오브 킹덤즈 게임,https://www.youtube.com/watch?v=u_jCBdYGoKg,58회,2개월 전
라이즈 오브 킹덤즈 게임,https://www.youtube.com/watch?v=uGbL0anxzak,4.8천회,2개월 전
라이즈 오브 킹덤즈 게임,https://www.youtube.com/watch?v=E6SJNJG-PU0,2만회,2개월 전
라이즈 오브 킹덤즈 게임,https://www.youtube.com/watch?v=6s958ud5kxI,4.9만회,2개월 전
라이즈 오브 킹덤즈 게임,https://www.youtube.com/watch?v=UCfYktYoBPM,3.7천회,2개월 전
라이즈 오브 킹덤즈 게임,https://www.youtube.com/watch?v=8n3FMQZPGVg,630회,2개월 전
라이즈 오브 킹덤즈 게임,https://www.youtube.com/watch?v=8Q1B2O-ZcwI,2.5천회,2개월 전
라이즈 오브 킹덤즈 게임,https://www.youtube.com/watch?v=my6lM0BFmZc,3.2만회,2개월 전
라이즈 오브 킹덤즈 게임,https://www.youtube.com/watch?v=KpyZmq3ORL8,3.3만회,2개월 전
라이즈 오브 킹덤즈 게임,https://www.youtube.com/watch?v=fpUJZmDwov0,545회,2개월 전
라이즈 오브 킹덤즈 게임,https://www.youtube.com/watch?v=IZgFyDl_FRU,570회,2개월 전
라이즈 오브 킹덤즈 게임,https://www.youtube.com/watch?v=pMK_MQtEnCA,2.3만회,2개월 전
라이즈 오브 킹덤즈 게임,https://www.youtube.com/watch?v=IphWnRvsCPM,1.4만회,2개월 전
라이즈 오브 킹덤즈 게임,https://www.youtube.com/watch?v=UoA444SvWUE,4.7천회,2개월 전
라이즈 오브 킹덤즈 게임,https://www.youtube.com/watch?v=ZnV7lUmedPA,585회,2개월 전
라이즈 오브 킹덤즈 게임,https://www.youtube.com/watch?v=MMiW23PFS0E,2.5만회,2개월 전
라이즈 오브 킹덤즈 게임,https://www.youtube.com/watch?v=XLKMdZjkbx0,54회,2개월 전
라이즈 오브 킹덤즈 게임,https://www.youtube.com/watch?v=B_ZSbXaZYoA,8천회,2개월 전
라이즈 오브 킹덤즈 게임,https://www.youtube.com/watch?v=eQGBgI07EeQ,1.9만회,2개월 전
라이즈 오브 킹덤즈 게임,https://www.youtube.com/watch?v=JifLzbLbnw4,5.7만회,2개월 전
라이즈 오브 킹덤즈 게임,https://www.youtube.com/watch?v=LFmBKacuVGY,65회,스트리밍 시간: 2개월 전
라이즈 오브 킹덤즈 게임,https://www.youtube.com/watch?v=SRhScAY4bUQ,1.2만회,2개월 전
라이즈 오브 킹덤즈 게임,https://www.youtube.com/watch?v=AsGWAa0pSDE,841회,2개월 전
라이즈 오브 킹덤즈 게임,https://www.youtube.com/watch?v=_hEwOAtcnxw,49회,2개월 전
라이즈 오브 킹덤즈 게임,https://www.youtube.com/watch?v=ijZeewS459Q,1.8만회,2개월 전
라이즈 오브 킹덤즈 게임,https://www.youtube.com/watch?v=k1JFxFmdu8k,394회,2개월 전
라이즈 오브 킹덤즈 게임,https://www.youtube.com/watch?v=CDkQQYj183w,7.9만회,2개월 전
라이즈 오브 킹덤즈 게임,https://www.youtube.com/watch?v=0gRgzYgqYhM,2.6만회,2개월 전
라이즈 오브 킹덤즈 게임,https://www.youtube.com/watch?v=dpbigw_csfc,4.5만회,2개월 전
라이즈 오브 킹덤즈 게임,https://www.youtube.com/watch?v=gMvogElujyU,28회,스트리밍 시간: 2개월 전
라이즈 오브 킹덤즈 게임,https://www.youtube.com/watch?v=KAWuBnW1P3I,213회,2개월 전
라이즈 오브 킹덤즈 게임,https://www.youtube.com/watch?v=tewB8KawkVE,7.3천회,2개월 전
라이즈 오브 킹덤즈 게임,https://www.youtube.com/watch?v=e1l7rVHzxc0,2.7만회,2개월 전
라이즈 오브 킹덤즈 게임,https://www.youtube.com/watch?v=uwlORC3obi4,5.6만회,2개월 전
라이즈 오브 킹덤즈 게임,https://www.youtube.com/watch?v=JhExTN-H7JU,8천회,2개월 전
라이즈 오브 킹덤즈 게임,https://www.youtube.com/watch?v=5ui7ZIjzFwE,2.9만회,2개월 전
라이즈 오브 킹덤즈 게임,https://www.youtube.com/watch?v=btM1kWGylIs,2.7만회,2개월 전
라이즈 오브 킹덤즈 게임,https://www.youtube.com/watch?v=przWJl72Ak0,4.2천회,2개월 전
라이즈 오브 킹덤즈 게임,https://www.youtube.com/watch?v=6yH72-B0BAU,3.6만회,2개월 전
라이즈 오브 킹덤즈 게임,https://www.youtube.com/watch?v=U8Bf8GTeK6I,497회,2개월 전
라이즈 오브 킹덤즈 게임,https://www.youtube.com/watch?v=IhWZPxSjWKM,2.7천회,스트리밍 시간: 2개월 전
라이즈 오브 킹덤즈 게임,https://www.youtube.com/watch?v=PlFgACi_JAU,1.3만회,2개월 전
라이즈 오브 킹덤즈 게임,https://www.youtube.com/watch?v=B7j9F5_n88M,1.9천회,2개월 전
라이즈 오브 킹덤즈 게임,https://www.youtube.com/watch?v=gOOAFeT750w,2.6만회,2개월 전
라이즈 오브 킹덤즈 게임,https://www.youtube.com/watch?v=OO4uQ8I_GNg,781회,2개월 전
라이즈 오브 킹덤즈 게임,https://www.youtube.com/watch?v=heHbhNhp_C0,1.8천회,스트리밍 시간: 2개월 전
라이즈 오브 킹덤즈 게임,https://www.youtube.com/watch?v=dPLLIYRaoWs,4.6천회,2개월 전
라이즈 오브 킹덤즈 게임,https://www.youtube.com/watch?v=Uxd2UyP1eRI,47회,스트리밍 시간: 2개월 전
라이즈 오브 킹덤즈 게임,https://www.youtube.com/watch?v=L1kW24_QogM,20회,스트리밍 시간: 2개월 전
라이즈 오브 킹덤즈 게임,https://www.youtube.com/watch?v=nlJ_q_iyqVk,없음,2개월 전
라이즈 오브 킹덤즈 게임,https://www.youtube.com/watch?v=Gn7DLGAb9h4,6.1천회,2개월 전
라이즈 오브 킹덤즈 게임,https://www.youtube.com/watch?v=wpocSL4JL-U,116회,2개월 전
라이즈 오브 킹덤즈 게임,https://www.youtube.com/watch?v=HRdIlVIcOXI,6.8천회,2개월 전
라이즈 오브 킹덤즈 게임,https://www.youtube.com/watch?v=-7lUt6Ezhmk,7.2천회,2개월 전
라이즈 오브 킹덤즈 게임,https://www.youtube.com/watch?v=15dNm-J52ig,8.5천회,2개월 전
라이즈 오브 킹덤즈 게임,https://www.youtube.com/watch?v=sEfBi8uK7j0,2.4만회,2개월 전
라이즈 오브 킹덤즈 게임,https://www.youtube.com/watch?v=A4vDbOy8sv4,1.8천회,스트리밍 시간: 2개월 전
라이즈 오브 킹덤즈 게임,https://www.youtube.com/watch?v=g6X3UiBBrV0,190회,2개월 전
라이즈 오브 킹덤즈 게임,https://www.youtube.com/watch?v=3U1klCMTwUo,51회,2개월 전
라이즈 오브 킹덤즈 게임,https://www.youtube.com/watch?v=0GqkBhfG9P0,1.1만회,2개월 전
라이즈 오브 킹덤즈 게임,https://www.youtube.com/watch?v=m2PIrKsg5Ak,2.5만회,2개월 전
라이즈 오브 킹덤즈 게임,https://www.youtube.com/watch?v=D80vPoE5M64,72회,스트리밍 시간: 2개월 전
라이즈 오브 킹덤즈 게임,https://www.youtube.com/watch?v=qvuzFySS89Q,2.4만회,2개월 전
라이즈 오브 킹덤즈 게임,https://www.youtube.com/watch?v=ZWmdk2Jn_64,6.7천회,2개월 전
라이즈 오브 킹덤즈 게임,https://www.youtube.com/watch?v=V84VlYzR3M0,722회,2개월 전
라이즈 오브 킹덤즈 게임,https://www.youtube.com/watch?v=egblOsipM2Y,1.5만회,2개월 전
라이즈 오브 킹덤즈 게임,https://www.youtube.com/watch?v=7UwTyZHW_fk,4.3만회,2개월 전
라이즈 오브 킹덤즈 게임,https://www.youtube.com/watch?v=Rjqsp060bok,473회,2개월 전
라이즈 오브 킹덤즈 게임,https://www.youtube.com/watch?v=xzezEU60jBU,1.3만회,2개월 전
라이즈 오브 킹덤즈 게임,https://www.youtube.com/watch?v=rh_QR9wVWdM,109회,2개월 전
라이즈 오브 킹덤즈 게임,https://www.youtube.com/watch?v=aw7rmfOz79k,2천회,스트리밍 시간: 2개월 전
라이즈 오브 킹덤즈 게임,https://www.youtube.com/watch?v=hanP-xwM518,2.8만회,2개월 전
라이즈 오브 킹덤즈 게임,https://www.youtube.com/watch?v=gVTsfl8id9s,2.7만회,2개월 전
라이즈 오브 킹덤즈 게임,https://www.youtube.com/watch?v=QMz4mOmavjo,7.1만회,2개월 전
라이즈 오브 킹덤즈 게임,https://www.youtube.com/watch?v=fakA4Obr88g,9.7천회,2개월 전
라이즈 오브 킹덤즈 게임,https://www.youtube.com/watch?v=OzBW7PG6fDM,801회,2개월 전
라이즈 오브 킹덤즈 게임,https://www.youtube.com/watch?v=nrITBlQZavQ,173회,2개월 전
라이즈 오브 킹덤즈 게임,https://www.youtube.com/watch?v=PaNWdZIXiaU,1.8천회,스트리밍 시간: 2개월 전
라이즈 오브 킹덤즈 게임,https://www.youtube.com/watch?v=bHz5s1oUQlE,38회,스트리밍 시간: 2개월 전
라이즈 오브 킹덤즈 게임,https://www.youtube.com/watch?v=UwtgNoB71N4,234회,2개월 전
라이즈 오브 킹덤즈 게임,https://www.youtube.com/watch?v=ERBarZ7k5JA,2만회,2개월 전
라이즈 오브 킹덤즈 게임,https://www.youtube.com/watch?v=K74bAW2DgZ0,1.3만회,2개월 전
라이즈 오브 킹덤즈 게임,https://www.youtube.com/watch?v=sCQpKc9OF_E,642회,2개월 전
라이즈 오브 킹덤즈 게임,https://www.youtube.com/watch?v=ht6sQVuZx94,1.6만회,2개월 전
라이즈 오브 킹덤즈 게임,https://www.youtube.com/watch?v=Xr3dTaQ7vdg,1만회,2개월 전
라이즈 오브 킹덤즈 게임,https://www.youtube.com/watch?v=RHHlLPH71ZU,1.2만회,2개월 전
라이즈 오브 킹덤즈 게임,https://www.youtube.com/watch?v=CS6Oqp14ldg,410회,2개월 전
라이즈 오브 킹덤즈 게임,https://www.youtube.com/watch?v=ZMgVRHMoZFo,1.1천회,스트리밍 시간: 2개월 전
라이즈 오브 킹덤즈 게임,https://www.youtube.com/watch?v=GTtY_bReIBk,86회,스트리밍 시간: 2개월 전
라이즈 오브 킹덤즈 게임,https://www.youtube.com/watch?v=q_sXZDqs_vE,1만회,2개월 전
라이즈 오브 킹덤즈 게임,https://www.youtube.com/watch?v=pc0_KIt61H4,148회,스트리밍 시간: 2개월 전
라이즈 오브 킹덤즈 게임,https://www.youtube.com/watch?v=aSBRSWG0JBI,3.3천회,2개월 전
라이즈 오브 킹덤즈 게임,https://www.youtube.com/watch?v=OUeC1odpdE0,5.4천회,2개월 전
라이즈 오브 킹덤즈 게임,https://www.youtube.com/watch?v=48fA8ktW9Sc,6.1천회,2개월 전
라이즈 오브 킹덤즈 게임,https://www.youtube.com/watch?v=1F1DUAFqkoA,1.9천회,2개월 전
라이즈 오브 킹덤즈 게임,https://www.youtube.com/watch?v=HXN5PIVMF8Q,3.1만회,2개월 전
라이즈 오브 킹덤즈 게임,https://www.youtube.com/watch?v=Y7FonUuMmO8,4.4천회,2개월 전
라이즈 오브 킹덤즈 게임,https://www.youtube.com/watch?v=1aA_oljMANg,155회,스트리밍 시간: 2개월 전
라이즈 오브 킹덤즈 게임,https://www.youtube.com/watch?v=qYjowDRfVN4,12만회,2개월 전
라이즈 오브 킹덤즈 게임,https://www.youtube.com/watch?v=AA-RYj8S2vs,733회,2개월 전
라이즈 오브 킹덤즈 게임,https://www.youtube.com/watch?v=sxLnhXbhFp0,2.8만회,2개월 전
라이즈 오브 킹덤즈 게임,https://www.youtube.com/watch?v=FW2pmw_AtIE,726회,2개월 전
라이즈 오브 킹덤즈 게임,https://www.youtube.com/watch?v=ipOYTZyXMjI,1.4천회,스트리밍 시간: 2개월 전
라이즈 오브 킹덤즈 게임,https://www.youtube.com/watch?v=aUxIyJIKXO4,418회,2개월 전
라이즈 오브 킹덤즈 게임,https://www.youtube.com/watch?v=BrEhXpk86ks,1.2만회,2개월 전
라이즈 오브 킹덤즈 게임,https://www.youtube.com/watch?v=E5BfuGpigf4,62회,2개월 전
라이즈 오브 킹덤즈 게임,https://www.youtube.com/watch?v=wcPqD9FPweg,1천회,2개월 전
라이즈 오브 킹덤즈 게임,https://www.youtube.com/watch?v=wMC1LRFI17Y,7.3천회,2개월 전
라이즈 오브 킹덤즈 게임,https://www.youtube.com/watch?v=xLnTbezJEbU,2.1만회,2개월 전
라이즈 오브 킹덤즈 게임,https://www.youtube.com/watch?v=VYz99rKjVfQ,3.6천회,2개월 전
라이즈 오브 킹덤즈 게임,https://www.youtube.com/watch?v=xJPjLaXYvJg,513회,2개월 전
라이즈 오브 킹덤즈 게임,https://www.youtube.com/watch?v=GDTT49ShJhw,930회,2개월 전
라이즈 오브 킹덤즈 게임,https://www.youtube.com/watch?v=kYGTeRa98qo,57회,스트리밍 시간: 2개월 전
라이즈 오브 킹덤즈 게임,https://www.youtube.com/watch?v=QLf-uWk2S5g,919회,2개월 전
라이즈 오브 킹덤즈 게임,https://www.youtube.com/watch?v=f8zMQlp9krg,8천회,스트리밍 시간: 2개월 전
라이즈 오브 킹덤즈 게임,https://www.youtube.com/watch?v=B0ZiZtsMCrM,1.5천회,2개월 전
라이즈 오브 킹덤즈 게임,https://www.youtube.com/watch?v=ZwvrDmEPmF4,1.2만회,2개월 전
라이즈 오브 킹덤즈 게임,https://www.youtube.com/watch?v=n01oaa1ja3c,63회,스트리밍 시간: 2개월 전
라이즈 오브 킹덤즈 게임,https://www.youtube.com/watch?v=m12gljsgEA0,503회,2개월 전
라이즈 오브 킹덤즈 게임,https://www.youtube.com/watch?v=dkr6hC3sLvE,1.3만회,2개월 전
라이즈 오브 킹덤즈 게임,https://www.youtube.com/watch?v=kWtZ3zaLFp4,92회,스트리밍 시간: 2개월 전
라이즈 오브 킹덤즈 게임,https://www.youtube.com/watch?v=4LT-chrlASs,196회,2개월 전
라이즈 오브 킹덤즈 게임,https://www.youtube.com/watch?v=K-ESuBftOfQ,501회,2개월 전
라이즈 오브 킹덤즈 게임,https://www.youtube.com/watch?v=Xi11xEvVm78,126회,스트리밍 시간: 2개월 전
라이즈 오브 킹덤즈 게임,https://www.youtube.com/watch?v=_YzFDc9tJ6s,10만회,2개월 전
라이즈 오브 킹덤즈 게임,https://www.youtube.com/watch?v=6dR7z45pfzU,3.6천회,스트리밍 시간: 2개월 전
라이즈 오브 킹덤즈 게임,https://www.youtube.com/watch?v=qsasRoUvbLs,3.6만회,2개월 전
라이즈 오브 킹덤즈 게임,https://www.youtube.com/watch?v=g1dsM-UvFjk,970회,2개월 전
라이즈 오브 킹덤즈 게임,https://www.youtube.com/watch?v=w2YgO36aHMs,2.6만회,2개월 전
라이즈 오브 킹덤즈 게임,https://www.youtube.com/watch?v=93wIMNcMwug,613회,2개월 전
라이즈 오브 킹덤즈 게임,https://www.youtube.com/watch?v=HFgaXv-LkRE,7.2천회,2개월 전
라이즈 오브 킹덤즈 게임,https://www.youtube.com/watch?v=P2UE2vxANKA,72회,스트리밍 시간: 2개월 전
라이즈 오브 킹덤즈 게임,https://www.youtube.com/watch?v=qUQv5UqYh_w,1.9천회,스트리밍 시간: 2개월 전
라이즈 오브 킹덤즈 게임,https://www.youtube.com/watch?v=NmBj13z-v-0,8.1천회,2개월 전
라이즈 오브 킹덤즈 게임,https://www.youtube.com/watch?v=eHD0F2E4Dmo,5.3만회,2개월 전
라이즈 오브 킹덤즈 게임,https://www.youtube.com/watch?v=sVHmwm8OTME,6.7천회,2개월 전
라이즈 오브 킹덤즈 게임,https://www.youtube.com/watch?v=fQtJr2eTWnI,8.7천회,2개월 전
라이즈 오브 킹덤즈 게임,https://www.youtube.com/watch?v=lWICWB7-2h0,8.1만회,2개월 전
라이즈 오브 킹덤즈 게임,https://www.youtube.com/watch?v=CSeGcxu-Jpw,3만회,2개월 전
라이즈 오브 킹덤즈 게임,https://www.youtube.com/watch?v=VG55xESYhQY,8.8천회,2개월 전
라이즈 오브 킹덤즈 게임,https://www.youtube.com/watch?v=BgjSPbZXJJI,2.4만회,2개월 전
라이즈 오브 킹덤즈 게임,https://www.youtube.com/watch?v=anizAANKh64,2.2만회,2개월 전
라이즈 오브 킹덤즈 게임,https://www.youtube.com/watch?v=EaQlGZvF_X0,3.3만회,2개월 전
라이즈 오브 킹덤즈 게임,https://www.youtube.com/watch?v=JTCmrgfURtw,2.6천회,스트리밍 시간: 2개월 전
라이즈 오브 킹덤즈 게임,https://www.youtube.com/watch?v=C-vpuJ7AbNw,2.6만회,2개월 전
라이즈 오브 킹덤즈 게임,https://www.youtube.com/watch?v=7l8H-TyfacI,711회,2개월 전
라이즈 오브 킹덤즈 게임,https://www.youtube.com/watch?v=AT9hR3ROdDs,272회,2개월 전
라이즈 오브 킹덤즈 게임,https://www.youtube.com/watch?v=TzPyuRf1VEQ,72회,2개월 전
라이즈 오브 킹덤즈 게임,https://www.youtube.com/watch?v=cg3sJx8POSI,173회,2개월 전
라이즈 오브 킹덤즈 게임,https://www.youtube.com/watch?v=VKlGFLVpSDQ,1.5천회,2개월 전
라이즈 오브 킹덤즈 게임,https://www.youtube.com/watch?v=28xiXUA3apw,4.2만회,2개월 전
라이즈 오브 킹덤즈 게임,https://www.youtube.com/watch?v=kvtD1o_ZGHg,1.1만회,2개월 전
라이즈 오브 킹덤즈 게임,https://www.youtube.com/watch?v=6_pV4xcluCk,2.3만회,2개월 전
라이즈 오브 킹덤즈 게임,https://www.youtube.com/watch?v=Wq_cd_gCe0w,8.6천회,2개월 전
라이즈 오브 킹덤즈 게임,https://www.youtube.com/watch?v=TfrndUyjbbw,4.1만회,2개월 전
라이즈 오브 킹덤즈 게임,https://www.youtube.com/watch?v=5VDg9GtNPNU,41회,스트리밍 시간: 2개월 전
라이즈 오브 킹덤즈 게임,https://www.youtube.com/watch?v=0VokAt2iOhs,1.6만회,2개월 전
라이즈 오브 킹덤즈 게임,https://www.youtube.com/watch?v=WopOwVPeXaM,186회,스트리밍 시간: 2개월 전
라이즈 오브 킹덤즈 게임,https://www.youtube.com/watch?v=AXk5C8nDvos,3만회,2개월 전
라이즈 오브 킹덤즈 게임,https://www.youtube.com/watch?v=CTFBqpb7oWo,5.1천회,스트리밍 시간: 3개월 전
라이즈 오브 킹덤즈 게임,https://www.youtube.com/watch?v=_Uj3tiSZTaY,4.9만회,3개월 전
라이즈 오브 킹덤즈 게임,https://www.youtube.com/watch?v=OChoTQE989U,8.5천회,3개월 전
라이즈 오브 킹덤즈 게임,https://www.youtube.com/watch?v=mCyizMqDs-Y,1.2천회,3개월 전
라이즈 오브 킹덤즈 게임,https://www.youtube.com/watch?v=OG0I2zULKwY,2.2천회,3개월 전
라이즈 오브 킹덤즈 게임,https://www.youtube.com/watch?v=TPkWYjWQPpo,2.9천회,3개월 전
라이즈 오브 킹덤즈 게임,https://www.youtube.com/watch?v=gGNROgKRQrQ,5.5천회,3개월 전
라이즈 오브 킹덤즈 게임,https://www.youtube.com/watch?v=l_YHJtlDHbQ,134회,3개월 전
라이즈 오브 킹덤즈 게임,https://www.youtube.com/watch?v=laRg2_Nq48Y,2.8천회,3개월 전
라이즈 오브 킹덤즈 게임,https://www.youtube.com/watch?v=_k4e5ATJtKY,1.3만회,3개월 전
라이즈 오브 킹덤즈 게임,https://www.youtube.com/watch?v=eJw55ib7bMY,3.2만회,3개월 전
라이즈 오브 킹덤즈 게임,https://www.youtube.com/watch?v=-WYI2n9s00w,2.6만회,3개월 전
라이즈 오브 킹덤즈 게임,https://www.youtube.com/watch?v=JStILF29j6E,1.1만회,3개월 전
라이즈 오브 킹덤즈 게임,https://www.youtube.com/watch?v=_9K_uRcHH-Q,2.8천회,3개월 전
라이즈 오브 킹덤즈 게임,https://www.youtube.com/watch?v=RGZUWNMo8DA,6.7천회,3개월 전
라이즈 오브 킹덤즈 게임,https://www.youtube.com/watch?v=W23mDDNpHK0,9.3만회,3개월 전
라이즈 오브 킹덤즈 게임,https://www.youtube.com/watch?v=BIH2xKIf7rk,1천회,3개월 전
라이즈 오브 킹덤즈 게임,https://www.youtube.com/watch?v=dL2EjA_nJXA,10만회,3개월 전
라이즈 오브 킹덤즈 게임,https://www.youtube.com/watch?v=NlqGF7JQg8c,4.6천회,3개월 전
라이즈 오브 킹덤즈 게임,https://www.youtube.com/watch?v=nrOW-kqqCzw,1.4만회,3개월 전
라이즈 오브 킹덤즈 게임,https://www.youtube.com/watch?v=alOSFgj6JhY,1.4만회,3개월 전
라이즈 오브 킹덤즈 게임,https://www.youtube.com/watch?v=b05ma1ajLY0,1.7만회,3개월 전
라이즈 오브 킹덤즈 게임,https://www.youtube.com/watch?v=_kMskHREThM,2.8만회,3개월 전
라이즈 오브 킹덤즈 게임,https://www.youtube.com/watch?v=KfqyWTTrW00,2.2만회,3개월 전
라이즈 오브 킹덤즈 게임,https://www.youtube.com/watch?v=l1qjhZWs7GU,715회,3개월 전
라이즈 오브 킹덤즈 게임,https://www.youtube.com/watch?v=sbiPp-D2SRk,4.4천회,3개월 전
라이즈 오브 킹덤즈 게임,https://www.youtube.com/watch?v=tHrNJYQu850,1.5만회,3개월 전
라이즈 오브 킹덤즈 게임,https://www.youtube.com/watch?v=KdeXEnRMsPE,16만회,3개월 전
라이즈 오브 킹덤즈 게임,https://www.youtube.com/watch?v=bkSqZeVeobs,226회,3개월 전
라이즈 오브 킹덤즈 게임,https://www.youtube.com/watch?v=oR1MLEoYqYQ,1.5천회,3개월 전
라이즈 오브 킹덤즈 게임,https://www.youtube.com/watch?v=4-4tSzQCS70,1.1천회,3개월 전
라이즈 오브 킹덤즈 게임,https://www.youtube.com/watch?v=v2QdoIj5_RY,3.7천회,3개월 전
라이즈 오브 킹덤즈 게임,https://www.youtube.com/watch?v=seNOntmGEQA,5만회,3개월 전
라이즈 오브 킹덤즈 게임,https://www.youtube.com/watch?v=65VUWS0DfxE,6천회,3개월 전
라이즈 오브 킹덤즈 게임,https://www.youtube.com/watch?v=CqFMaOAS7po,6.5천회,3개월 전
라이즈 오브 킹덤즈 게임,https://www.youtube.com/watch?v=eUiN3jJywYU,1.5만회,3개월 전
라이즈 오브 킹덤즈 게임,https://www.youtube.com/watch?v=k3HRbKdc5eo,3.7천회,3개월 전
라이즈 오브 킹덤즈 게임,https://www.youtube.com/watch?v=fFBwYNEQuO8,3.6천회,스트리밍 시간: 3개월 전
라이즈 오브 킹덤즈 게임,https://www.youtube.com/watch?v=Jl3zOZC4GzI,1.4천회,3개월 전
라이즈 오브 킹덤즈 게임,https://www.youtube.com/watch?v=PVBfrG2ppuA,763회,3개월 전
라이즈 오브 킹덤즈 게임,https://www.youtube.com/watch?v=eu1xE6H78-c,3.1만회,3개월 전
라이즈 오브 킹덤즈 게임,https://www.youtube.com/watch?v=eulKnSn0iXk,894회,3개월 전
라이즈 오브 킹덤즈 게임,https://www.youtube.com/watch?v=ZOIF2pNu7uM,806회,3개월 전
라이즈 오브 킹덤즈 게임,https://www.youtube.com/watch?v=HfbQ_Llkjjk,2.7천회,3개월 전
라이즈 오브 킹덤즈 게임,https://www.youtube.com/watch?v=4qhn6ZaWYXU,913회,3개월 전
라이즈 오브 킹덤즈 게임,https://www.youtube.com/watch?v=mtYz3Z9XF6A,7.4만회,3개월 전
라이즈 오브 킹덤즈 게임,https://www.youtube.com/watch?v=dX1rh-6dDxk,1.4만회,3개월 전
라이즈 오브 킹덤즈 게임,https://www.youtube.com/watch?v=MolSKhuQR9w,3.8만회,3개월 전
라이즈 오브 킹덤즈 게임,https://www.youtube.com/watch?v=8pBpxjbHlVI,6.5천회,3개월 전
라이즈 오브 킹덤즈 게임,https://www.youtube.com/watch?v=jL0md73rvnQ,2.9만회,3개월 전
라이즈 오브 킹덤즈 게임,https://www.youtube.com/watch?v=Zq27h54rt6k,149회,스트리밍 시간: 3개월 전
라이즈 오브 킹덤즈 게임,https://www.youtube.com/watch?v=YZqgxxRhBrM,6.1천회,3개월 전
라이즈 오브 킹덤즈 게임,https://www.youtube.com/watch?v=1vo1kmPEWzA,9.2천회,3개월 전
라이즈 오브 킹덤즈 게임,https://www.youtube.com/watch?v=IEAqpP3qfBY,977회,스트리밍 시간: 3개월 전
라이즈 오브 킹덤즈 게임,https://www.youtube.com/watch?v=zE3iUc6kb34,1.1만회,3개월 전
라이즈 오브 킹덤즈 게임,https://www.youtube.com/watch?v=bV2s7O36-x0,4.5만회,3개월 전
라이즈 오브 킹덤즈 게임,https://www.youtube.com/watch?v=eNSCH5K3rLE,6.1천회,3개월 전
라이즈 오브 킹덤즈 게임,https://www.youtube.com/watch?v=94Rf3JqvoYM,4.3만회,3개월 전
라이즈 오브 킹덤즈 게임,https://www.youtube.com/watch?v=u9IEOJr2dZQ,2.5만회,3개월 전
라이즈 오브 킹덤즈 게임,https://www.youtube.com/watch?v=vyAO5m2i0RM,4.1천회,3개월 전
라이즈 오브 킹덤즈 게임,https://www.youtube.com/watch?v=QwvwMHrIA-s,40회,3개월 전
라이즈 오브 킹덤즈 게임,https://www.youtube.com/watch?v=PUZQqj4ksDQ,1만회,3개월 전
라이즈 오브 킹덤즈 게임,https://www.youtube.com/watch?v=jF6RFvA3L2M,2.8천회,3개월 전
라이즈 오브 킹덤즈 게임,https://www.youtube.com/watch?v=C3s7-5Mif9M,836회,스트리밍 시간: 3개월 전
라이즈 오브 킹덤즈 게임,https://www.youtube.com/watch?v=X8nueAt30dI,2.1만회,3개월 전
라이즈 오브 킹덤즈 게임,https://www.youtube.com/watch?v=-tukW3UXilk,7.1천회,3개월 전
라이즈 오브 킹덤즈 게임,https://www.youtube.com/watch?v=n8L2WLW6q5M,2.9천회,3개월 전
라이즈 오브 킹덤즈 게임,https://www.youtube.com/watch?v=ZMgdi5p9D-A,129회,3개월 전
라이즈 오브 킹덤즈 게임,https://www.youtube.com/watch?v=E6aexGEnpW0,126회,3개월 전
라이즈 오브 킹덤즈 게임,https://www.youtube.com/watch?v=_HfVZ1Bc-MQ,3.7만회,3개월 전
라이즈 오브 킹덤즈 게임,https://www.youtube.com/watch?v=vCNvTQAxOww,343회,3개월 전
라이즈 오브 킹덤즈 게임,https://www.youtube.com/watch?v=-xyfnprMAek,9.5천회,3개월 전
라이즈 오브 킹덤즈 게임,https://www.youtube.com/watch?v=-_jc4YzM6lU,2.9천회,3개월 전
라이즈 오브 킹덤즈 게임,https://www.youtube.com/watch?v=C0m2HjF6PPI,2.9천회,스트리밍 시간: 3개월 전
라이즈 오브 킹덤즈 게임,https://www.youtube.com/watch?v=LwGSLJ2R9eY,6.4천회,3개월 전
라이즈 오브 킹덤즈 게임,https://www.youtube.com/watch?v=KEQTAj2jvNg,1.1천회,3개월 전
라이즈 오브 킹덤즈 게임,https://www.youtube.com/watch?v=Db6rRgQFM8g,3.8천회,3개월 전
라이즈 오브 킹덤즈 게임,https://www.youtube.com/watch?v=f5wwM2X2KKc,1.1만회,3개월 전
라이즈 오브 킹덤즈 게임,https://www.youtube.com/watch?v=H3yZka_t2w4,749회,3개월 전
라이즈 오브 킹덤즈 게임,https://www.youtube.com/watch?v=aqgjXjWhx54,825회,3개월 전
라이즈 오브 킹덤즈 게임,https://www.youtube.com/watch?v=eZYioU-G4gA,3.9천회,스트리밍 시간: 3개월 전
라이즈 오브 킹덤즈 게임,https://www.youtube.com/watch?v=5qGW59-d0U4,526회,3개월 전
라이즈 오브 킹덤즈 게임,https://www.youtube.com/watch?v=D8-_SSWjGMM,1.3만회,3개월 전
라이즈 오브 킹덤즈 게임,https://www.youtube.com/watch?v=qGLdAwamAoM,2.4만회,3개월 전
라이즈 오브 킹덤즈 게임,https://www.youtube.com/watch?v=Q4EEu953ETo,80회,3개월 전
라이즈 오브 킹덤즈 게임,https://www.youtube.com/watch?v=eCIyFnwM2Ig,1.9천회,3개월 전
