﻿search,youtube_url,viewer,upload
진화소녀 게임,https://www.youtube.com/watch?v=rCglMj-zAUE,없음,5시간 전
진화소녀 게임,https://www.youtube.com/watch?v=3EbuBZh6YKc,3회,5시간 전
진화소녀 게임,https://www.youtube.com/watch?v=I6ZLUka9ntA,33회,1일 전
진화소녀 게임,https://www.youtube.com/watch?v=1OSGOWt90Bw,8.7천회,1일 전
진화소녀 게임,https://www.youtube.com/watch?v=5J0zrFjVB1s,14회,1일 전
진화소녀 게임,https://www.youtube.com/watch?v=inBgbBh7w8g,6.3천회,1일 전
진화소녀 게임,https://www.youtube.com/watch?v=-eAZo1tNy_U,3회,1일 전
진화소녀 게임,https://www.youtube.com/watch?v=FouwaSXElEI,2회,1일 전
진화소녀 게임,https://www.youtube.com/watch?v=dhC3ReeH9pM,5.5천회,1일 전
진화소녀 게임,https://www.youtube.com/watch?v=ozD5LdQb8KQ,2회,1일 전
진화소녀 게임,https://www.youtube.com/watch?v=LTiuzntN--A,6.6천회,1일 전
진화소녀 게임,https://www.youtube.com/watch?v=7bi7BXUMZn8,5.7천회,1일 전
진화소녀 게임,https://www.youtube.com/watch?v=JH7649hOg0o,3.9만회,1일 전
진화소녀 게임,https://www.youtube.com/watch?v=JqSTwPNDVFs,4.3천회,1일 전
진화소녀 게임,https://www.youtube.com/watch?v=SRZsB52tAjs,2회,1일 전
진화소녀 게임,https://www.youtube.com/watch?v=ZMHKUnyubog,2회,1일 전
진화소녀 게임,https://www.youtube.com/watch?v=ECeKeTJ3G7U,8.1천회,1일 전
진화소녀 게임,https://www.youtube.com/watch?v=8dRaVc0eZfY,45회,1일 전
진화소녀 게임,https://www.youtube.com/watch?v=D_m-Ld0Who4,21회,1일 전
진화소녀 게임,https://www.youtube.com/watch?v=vjWJFQAqTXs,2회,1일 전
진화소녀 게임,https://www.youtube.com/watch?v=L1izttkz2wo,14회,1일 전
진화소녀 게임,https://www.youtube.com/watch?v=pJldidihSM4,22회,2일 전
진화소녀 게임,https://www.youtube.com/watch?v=WLaPbL6fY1Y,2회,2일 전
진화소녀 게임,https://www.youtube.com/watch?v=p0x1LBagrXs,73회,3일 전
진화소녀 게임,https://www.youtube.com/watch?v=9dPQlHy8F0c,없음,3일 전
진화소녀 게임,https://www.youtube.com/watch?v=WTDOjIRNY-M,4회,4일 전
진화소녀 게임,https://www.youtube.com/watch?v=F4ldfyppALQ,21회,4일 전
진화소녀 게임,https://www.youtube.com/watch?v=pFz9ENPHb1M,3회,5일 전
진화소녀 게임,https://www.youtube.com/watch?v=YgxZtVGAnFc,2회,5일 전
진화소녀 게임,https://www.youtube.com/watch?v=YZNKvLakBj0,8회,5일 전
진화소녀 게임,https://www.youtube.com/watch?v=3vED7UjW8ug,32회,5일 전
진화소녀 게임,https://www.youtube.com/watch?v=vLoftLbHH20,없음,5일 전
진화소녀 게임,https://www.youtube.com/watch?v=BO1zoVrDMOU,7.9천회,5일 전
진화소녀 게임,https://www.youtube.com/watch?v=wtDMGUXHLvw,없음,6일 전
진화소녀 게임,https://www.youtube.com/watch?v=IUooOrRK9zk,1회,6일 전
진화소녀 게임,https://www.youtube.com/watch?v=E9R_bFbvl4I,6회,6일 전
진화소녀 게임,https://www.youtube.com/watch?v=N_9f4JUCCXA,444회,6일 전
진화소녀 게임,https://www.youtube.com/watch?v=T-a7pZSiaY4,1회,1주 전
진화소녀 게임,https://www.youtube.com/watch?v=nh6wtO6eYlU,49회,1주 전
진화소녀 게임,https://www.youtube.com/watch?v=w9P6FBiUkU0,6회,1주 전
진화소녀 게임,https://www.youtube.com/watch?v=lcgHAVDoans,1회,1주 전
진화소녀 게임,https://www.youtube.com/watch?v=nh-Ai-bg5fc,49회,스트리밍 시간: 1주 전
진화소녀 게임,https://www.youtube.com/watch?v=A47XHVOH1Bw,62회,1주 전
진화소녀 게임,https://www.youtube.com/watch?v=paoTQvfNtG4,2회,1주 전
진화소녀 게임,https://www.youtube.com/watch?v=6FMGXq8rC8w,143회,1주 전
진화소녀 게임,https://www.youtube.com/watch?v=eFADAv0rfsU,77회,1주 전
진화소녀 게임,https://www.youtube.com/watch?v=I5lQ3QPKwvo,905회,1주 전
진화소녀 게임,https://www.youtube.com/watch?v=9vJ0lWwImQc,42회,1주 전
진화소녀 게임,https://www.youtube.com/watch?v=UeIe_xdvz5M,2회,1주 전
진화소녀 게임,https://www.youtube.com/watch?v=O64Lsb779nU,9회,1주 전
진화소녀 게임,https://www.youtube.com/watch?v=MF7zCpFZU-o,21회,스트리밍 시간: 1주 전
진화소녀 게임,https://www.youtube.com/watch?v=-6NtiPo_Aqc,17회,1주 전
진화소녀 게임,https://www.youtube.com/watch?v=NU39JD9jnDI,3회,1주 전
진화소녀 게임,https://www.youtube.com/watch?v=iID0408kOcA,1.2천회,1주 전
진화소녀 게임,https://www.youtube.com/watch?v=0waPiVERpeE,58회,1주 전
진화소녀 게임,https://www.youtube.com/watch?v=1dvB0JV-9Ls,14회,1주 전
진화소녀 게임,https://www.youtube.com/watch?v=4CUEqqrjQwQ,684회,1주 전
진화소녀 게임,https://www.youtube.com/watch?v=g94DAMynqFw,4회,1주 전
진화소녀 게임,https://www.youtube.com/watch?v=vrKQ_acWxjY,49회,스트리밍 시간: 1주 전
진화소녀 게임,https://www.youtube.com/watch?v=1VubDZgCh-Q,24회,스트리밍 시간: 1주 전
진화소녀 게임,https://www.youtube.com/watch?v=uaMFPMWA_vY,635회,1주 전
진화소녀 게임,https://www.youtube.com/watch?v=g9K20OYCFJ0,195회,1주 전
진화소녀 게임,https://www.youtube.com/watch?v=B7r0RSdGEV0,11회,스트리밍 시간: 1주 전
진화소녀 게임,https://www.youtube.com/watch?v=S0Er0VmdKmE,17회,스트리밍 시간: 1주 전
진화소녀 게임,https://www.youtube.com/watch?v=fyDi6ysbiYU,1.9천회,스트리밍 시간: 2주 전
진화소녀 게임,https://www.youtube.com/watch?v=-dfl_SNPHxM,7회,1주 전
진화소녀 게임,https://www.youtube.com/watch?v=tU3uQytIROI,514회,1주 전
진화소녀 게임,https://www.youtube.com/watch?v=nMN-1kKCo74,872회,1주 전
진화소녀 게임,https://www.youtube.com/watch?v=YaqcDjwf1F4,9회,스트리밍 시간: 1주 전
진화소녀 게임,https://www.youtube.com/watch?v=iiVk4qTUoA0,18회,스트리밍 시간: 1주 전
진화소녀 게임,https://www.youtube.com/watch?v=K-GnE3O59PI,9회,1주 전
진화소녀 게임,https://www.youtube.com/watch?v=pc8JPwaiK_I,1만회,1주 전
진화소녀 게임,https://www.youtube.com/watch?v=s41Sbvy5HxY,650회,1주 전
진화소녀 게임,https://www.youtube.com/watch?v=ZdkHyYFvkgg,1회,2주 전
진화소녀 게임,https://www.youtube.com/watch?v=vMO4qN9No_A,197회,2주 전
진화소녀 게임,https://www.youtube.com/watch?v=hUxQ9JKSILk,17회,2주 전
진화소녀 게임,https://www.youtube.com/watch?v=Rs4pXQKHiEA,137회,2주 전
진화소녀 게임,https://www.youtube.com/watch?v=Rn99wdQiuX8,2회,2주 전
진화소녀 게임,https://www.youtube.com/watch?v=vPO0QEGWq5M,318회,2주 전
진화소녀 게임,https://www.youtube.com/watch?v=UEcHTLQ_Muo,7회,2주 전
진화소녀 게임,https://www.youtube.com/watch?v=NvLAgd_ASTY,35회,스트리밍 시간: 2주 전
진화소녀 게임,https://www.youtube.com/watch?v=RltF-JkEUso,1.2천회,2주 전
진화소녀 게임,https://www.youtube.com/watch?v=CzfOrh0GcOg,46회,2주 전
진화소녀 게임,https://www.youtube.com/watch?v=yxiziHqtEBw,413회,스트리밍 시간: 2주 전
진화소녀 게임,https://www.youtube.com/watch?v=YsCm_0bsppk,2회,2주 전
진화소녀 게임,https://www.youtube.com/watch?v=wT15aWgHZ98,38회,2주 전
진화소녀 게임,https://www.youtube.com/watch?v=RqyrCM8NfwU,1.6천회,2주 전
진화소녀 게임,https://www.youtube.com/watch?v=555FmrRDm4Q,2.6천회,2주 전
진화소녀 게임,https://www.youtube.com/watch?v=0vTh3ZrVNIs,324회,2주 전
진화소녀 게임,https://www.youtube.com/watch?v=8lox3wBB-Zo,251회,2주 전
진화소녀 게임,https://www.youtube.com/watch?v=cuNCZp8y7fs,12회,2주 전
진화소녀 게임,https://www.youtube.com/watch?v=1VHIv_xE9oQ,779회,2주 전
진화소녀 게임,https://www.youtube.com/watch?v=RZyBHxlupqI,147회,스트리밍 시간: 2주 전
진화소녀 게임,https://www.youtube.com/watch?v=UyM-gxGSJB8,4.8천회,2주 전
진화소녀 게임,https://www.youtube.com/watch?v=QzwvGSoVxbI,1천회,2주 전
진화소녀 게임,https://www.youtube.com/watch?v=A7t_7i7eH4s,186회,2주 전
진화소녀 게임,https://www.youtube.com/watch?v=WNkCUddD8lA,2천회,스트리밍 시간: 2주 전
진화소녀 게임,https://www.youtube.com/watch?v=4nYM-piRl6c,1.8천회,2주 전
진화소녀 게임,https://www.youtube.com/watch?v=2-CVXlwajHc,749회,스트리밍 시간: 2주 전
진화소녀 게임,https://www.youtube.com/watch?v=aoE_PqWMnkk,832회,2주 전
진화소녀 게임,https://www.youtube.com/watch?v=S5TFJKO1v4g,2회,2주 전
진화소녀 게임,https://www.youtube.com/watch?v=jlbmaZhdKyQ,3회,2주 전
진화소녀 게임,https://www.youtube.com/watch?v=Kv-CGWgdJOM,3.4천회,4주 전
진화소녀 게임,https://www.youtube.com/watch?v=xWrgfmiBSfQ,4.2만회,4주 전
진화소녀 게임,https://www.youtube.com/watch?v=LFsX66LD8pU,1.1만회,4주 전
진화소녀 게임,https://www.youtube.com/watch?v=n-UH4z3ZgZo,891회,1개월 전
진화소녀 게임,https://www.youtube.com/watch?v=uzVtAkqdX2E,2.9천회,1개월 전
진화소녀 게임,https://www.youtube.com/watch?v=-xbocq-O5ZE,27만회,1개월 전
진화소녀 게임,https://www.youtube.com/watch?v=58GkHlCYNyQ,1.4천회,1개월 전
진화소녀 게임,https://www.youtube.com/watch?v=yor0lOkSzZs,372회,1개월 전
진화소녀 게임,https://www.youtube.com/watch?v=iO-VZDopJAs,2.5천회,1개월 전
진화소녀 게임,https://www.youtube.com/watch?v=L51t5XKzA_Q,2.6천회,1개월 전
진화소녀 게임,https://www.youtube.com/watch?v=xKCvjBEYCZ0,37회,1개월 전
진화소녀 게임,https://www.youtube.com/watch?v=tzYPAMeLazQ,59회,1개월 전
진화소녀 게임,https://www.youtube.com/watch?v=JHSyWX4KleA,99회,1개월 전
진화소녀 게임,https://www.youtube.com/watch?v=IjGgfrF_Idw,8.6만회,1개월 전
진화소녀 게임,https://www.youtube.com/watch?v=5J8JJimAQPg,20만회,1개월 전
진화소녀 게임,https://www.youtube.com/watch?v=t9FbC24pPrU,155회,1개월 전
진화소녀 게임,https://www.youtube.com/watch?v=0hpuEW7LVW4,36회,1개월 전
진화소녀 게임,https://www.youtube.com/watch?v=c4ZpMddP6UQ,536회,스트리밍 시간: 1개월 전
진화소녀 게임,https://www.youtube.com/watch?v=BFpRrjJ7iac,753회,스트리밍 시간: 1개월 전
진화소녀 게임,https://www.youtube.com/watch?v=JikpHWaKSTQ,1.1천회,1개월 전
진화소녀 게임,https://www.youtube.com/watch?v=eaTXBg_mwtI,2천회,1개월 전
진화소녀 게임,https://www.youtube.com/watch?v=LcY3EYmNxMY,2.5천회,1개월 전
진화소녀 게임,https://www.youtube.com/watch?v=XvW7l8-kjXA,331회,1개월 전
진화소녀 게임,https://www.youtube.com/watch?v=FudtsIfBAWU,61회,1개월 전
진화소녀 게임,https://www.youtube.com/watch?v=h-gS9D_BF_o,61회,1개월 전
진화소녀 게임,https://www.youtube.com/watch?v=YaWWBNIHXSM,650회,1개월 전
진화소녀 게임,https://www.youtube.com/watch?v=0u9ZmbW35Dg,2.7만회,1개월 전
진화소녀 게임,https://www.youtube.com/watch?v=ak9nlDNKyXs,5.4천회,1개월 전
진화소녀 게임,https://www.youtube.com/watch?v=CQL2HPS4RvM,1.9천회,1개월 전
진화소녀 게임,https://www.youtube.com/watch?v=ru2RYxPWVMw,70회,4개월 전
진화소녀 게임,https://www.youtube.com/watch?v=AKusaNsEV8Q,10만회,7개월 전
진화소녀 게임,https://www.youtube.com/watch?v=3jJIWaalbPc,1회,8개월 전
