﻿search,youtube_url,viewer,upload
배틀그라운드 게임,https://www.youtube.com/watch?v=iJDa0fozarg,3회,스트리밍 시간: 36분 전
배틀그라운드 게임,https://www.youtube.com/watch?v=xfSQLlQ29eI,42회,스트리밍 시간: 47분 전
배틀그라운드 게임,https://www.youtube.com/watch?v=lN0YkfIl3Vg,25회,스트리밍 시간: 1시간 전
배틀그라운드 게임,https://www.youtube.com/watch?v=aPOIrkVgUws,2회,스트리밍 시간: 2시간 전
배틀그라운드 게임,https://www.youtube.com/watch?v=lF5iv4qfQII,21회,2시간 전
배틀그라운드 게임,https://www.youtube.com/watch?v=Qd1FG_Ok4tE,476회,2시간 전
배틀그라운드 게임,https://www.youtube.com/watch?v=x7xvcMWckOA,4회,스트리밍 시간: 3시간 전
배틀그라운드 게임,https://www.youtube.com/watch?v=EUCX3ZDCd_M,1.2만회,3시간 전
배틀그라운드 게임,https://www.youtube.com/watch?v=ScgflbT9xrc,5회,4시간 전
배틀그라운드 게임,https://www.youtube.com/watch?v=4c5WqyKPSTo,2.6천회,4시간 전
배틀그라운드 게임,https://www.youtube.com/watch?v=mM4ZadiBdys,8회,5시간 전
배틀그라운드 게임,https://www.youtube.com/watch?v=99XEFs25Wbg,18회,6시간 전
배틀그라운드 게임,https://www.youtube.com/watch?v=OfUTBxkUn4o,3회,6시간 전
배틀그라운드 게임,https://www.youtube.com/watch?v=_UYz-txEkdk,15회,7시간 전
배틀그라운드 게임,https://www.youtube.com/watch?v=27bfj27CUqU,5회,7시간 전
배틀그라운드 게임,https://www.youtube.com/watch?v=YbpB1aWvstM,2회,8시간 전
배틀그라운드 게임,https://www.youtube.com/watch?v=YP1xfk4yHes,없음,8시간 전
배틀그라운드 게임,https://www.youtube.com/watch?v=tcjm4yBuZyo,6회,스트리밍 시간: 12시간 전
배틀그라운드 게임,https://www.youtube.com/watch?v=Ub4c2R2v7yE,179회,스트리밍 시간: 13시간 전
배틀그라운드 게임,https://www.youtube.com/watch?v=2clw2kPe3TY,6회,스트리밍 시간: 14시간 전
배틀그라운드 게임,https://www.youtube.com/watch?v=-GOep2TLLwQ,320회,스트리밍 시간: 15시간 전
배틀그라운드 게임,https://www.youtube.com/watch?v=N9GekaHT8dU,2회,13시간 전
배틀그라운드 게임,https://www.youtube.com/watch?v=IB6bmPFfXQw,643회,스트리밍 시간: 17시간 전
배틀그라운드 게임,https://www.youtube.com/watch?v=_GUL63vgkDE,13회,16시간 전
배틀그라운드 게임,https://www.youtube.com/watch?v=QnRAK-5TCUg,5회,17시간 전
배틀그라운드 게임,https://www.youtube.com/watch?v=snORWJM0h3A,4회,18시간 전
배틀그라운드 게임,https://www.youtube.com/watch?v=XWw2jk7tzKc,3회,18시간 전
배틀그라운드 게임,https://www.youtube.com/watch?v=mztJvhGeJLg,27회,18시간 전
배틀그라운드 게임,https://www.youtube.com/watch?v=15EeqXebzZI,16회,19시간 전
배틀그라운드 게임,https://www.youtube.com/watch?v=LGznb7RVGjc,15만회,21시간 전
배틀그라운드 게임,https://www.youtube.com/watch?v=Fjl8W3amlGU,13만회,21시간 전
배틀그라운드 게임,https://www.youtube.com/watch?v=yxCHrDjGWt4,8회,22시간 전
배틀그라운드 게임,https://www.youtube.com/watch?v=BCnjoM9N2T8,78회,22시간 전
배틀그라운드 게임,https://www.youtube.com/watch?v=YUpYLCEUzSU,88회,스트리밍 시간: 23시간 전
배틀그라운드 게임,https://www.youtube.com/watch?v=hBYMBJ7b61o,1회,22시간 전
배틀그라운드 게임,https://www.youtube.com/watch?v=6YGCAW7zgck,없음,23시간 전
배틀그라운드 게임,https://www.youtube.com/watch?v=_RrWzFPxGyU,4회,23시간 전
배틀그라운드 게임,https://www.youtube.com/watch?v=Kw5yG-GX8TM,1.7천회,1일 전
배틀그라운드 게임,https://www.youtube.com/watch?v=raZNtJE_yz4,1.1만회,1일 전
배틀그라운드 게임,https://www.youtube.com/watch?v=RI8TEFzcDZ4,없음,1일 전
배틀그라운드 게임,https://www.youtube.com/watch?v=cd-cQ0x6Q80,29회,1일 전
배틀그라운드 게임,https://www.youtube.com/watch?v=CXuIcSH84w0,88회,1일 전
배틀그라운드 게임,https://www.youtube.com/watch?v=jfJLc_3xFs4,180회,1일 전
배틀그라운드 게임,https://www.youtube.com/watch?v=WNrJ1cGZO-M,94회,1일 전
배틀그라운드 게임,https://www.youtube.com/watch?v=GRYDrm8MiSE,17회,스트리밍 시간: 1일 전
배틀그라운드 게임,https://www.youtube.com/watch?v=nn_CpKsWHZw,7회,1일 전
배틀그라운드 게임,https://www.youtube.com/watch?v=xRjYNX2cwrM,176회,스트리밍 시간: 1일 전
배틀그라운드 게임,https://www.youtube.com/watch?v=36nhVBqbZcg,7.9만회,1일 전
배틀그라운드 게임,https://www.youtube.com/watch?v=H_k5FJ26TC0,8만회,1일 전
배틀그라운드 게임,https://www.youtube.com/watch?v=i6Yt6lLs6Nw,1회,1일 전
배틀그라운드 게임,https://www.youtube.com/watch?v=GRNW7f9sFUs,4.9만회,1일 전
배틀그라운드 게임,https://www.youtube.com/watch?v=N_EMFt1RnBw,없음,1일 전
배틀그라운드 게임,https://www.youtube.com/watch?v=SGdRABSfGwo,2회,1일 전
배틀그라운드 게임,https://www.youtube.com/watch?v=LC4Uo14BQ2E,169회,스트리밍 시간: 1일 전
배틀그라운드 게임,https://www.youtube.com/watch?v=A58Br8MkjuI,13회,스트리밍 시간: 1일 전
배틀그라운드 게임,https://www.youtube.com/watch?v=N7s6erUweCI,247회,1일 전
배틀그라운드 게임,https://www.youtube.com/watch?v=QFqxi-8Aky4,1회,스트리밍 시간: 1일 전
배틀그라운드 게임,https://www.youtube.com/watch?v=9Dfi4iaOvX4,1.5만회,1일 전
배틀그라운드 게임,https://www.youtube.com/watch?v=H0Pp0NBYEL0,101회,스트리밍 시간: 1일 전
배틀그라운드 게임,https://www.youtube.com/watch?v=wEGkXWLPhp0,1.3만회,1일 전
배틀그라운드 게임,https://www.youtube.com/watch?v=LByWC1ZSvUU,2회,1일 전
배틀그라운드 게임,https://www.youtube.com/watch?v=2LQHFN7AIDY,1회,1일 전
배틀그라운드 게임,https://www.youtube.com/watch?v=DjkPe1slprE,4회,1일 전
배틀그라운드 게임,https://www.youtube.com/watch?v=1MR_ElLR1KI,37만회,1일 전
배틀그라운드 게임,https://www.youtube.com/watch?v=93xK2b43y0c,7천회,1일 전
배틀그라운드 게임,https://www.youtube.com/watch?v=q9mFUKzvT_I,16회,1일 전
배틀그라운드 게임,https://www.youtube.com/watch?v=gL9DWzlGEDA,1회,1일 전
배틀그라운드 게임,https://www.youtube.com/watch?v=wif-C-XDsdU,6.6천회,1일 전
배틀그라운드 게임,https://www.youtube.com/watch?v=_o5CtcSWTvk,420회,1일 전
배틀그라운드 게임,https://www.youtube.com/watch?v=7_GouCWDvoc,69회,2일 전
배틀그라운드 게임,https://www.youtube.com/watch?v=Bbo9QjJbsnI,10만회,2일 전
배틀그라운드 게임,https://www.youtube.com/watch?v=1gk4Ahr8cZI,17만회,2일 전
배틀그라운드 게임,https://www.youtube.com/watch?v=h55jFNyQ3vM,1.5만회,2일 전
배틀그라운드 게임,https://www.youtube.com/watch?v=JmU3Sp4im0g,132회,스트리밍 시간: 2일 전
배틀그라운드 게임,https://www.youtube.com/watch?v=1feg9OWlDnM,320회,스트리밍 시간: 2일 전
배틀그라운드 게임,https://www.youtube.com/watch?v=gvz3sxKeeFg,2회,스트리밍 시간: 2일 전
배틀그라운드 게임,https://www.youtube.com/watch?v=ggSVfYbIAR8,없음,2일 전
배틀그라운드 게임,https://www.youtube.com/watch?v=J3_ULhQmY10,3회,3일 전
배틀그라운드 게임,https://www.youtube.com/watch?v=8Cx_C6gD9JI,128회,3일 전
배틀그라운드 게임,https://www.youtube.com/watch?v=X1qRmRl_mrg,13만회,3일 전
배틀그라운드 게임,https://www.youtube.com/watch?v=GoB6kImdenc,8만회,3일 전
배틀그라운드 게임,https://www.youtube.com/watch?v=Qa28Np5N458,1회,스트리밍 시간: 3일 전
배틀그라운드 게임,https://www.youtube.com/watch?v=wiS8p3K0sUA,14회,3일 전
배틀그라운드 게임,https://www.youtube.com/watch?v=xM5bJpLYw74,11회,3일 전
배틀그라운드 게임,https://www.youtube.com/watch?v=6P21FQGDmAQ,28만회,3일 전
배틀그라운드 게임,https://www.youtube.com/watch?v=_lGIVGBolec,38만회,3일 전
배틀그라운드 게임,https://www.youtube.com/watch?v=Lzxwl_fTBMo,16만회,4일 전
배틀그라운드 게임,https://www.youtube.com/watch?v=Vsdm2MTdpms,2.6천회,스트리밍 시간: 4일 전
배틀그라운드 게임,https://www.youtube.com/watch?v=Fv0NP07Y_mA,21만회,4일 전
배틀그라운드 게임,https://www.youtube.com/watch?v=pSlnXY5Erwo,2회,5일 전
배틀그라운드 게임,https://www.youtube.com/watch?v=6fiDx0b6MVs,2회,5일 전
배틀그라운드 게임,https://www.youtube.com/watch?v=9Py-rgme2AI,933회,5일 전
배틀그라운드 게임,https://www.youtube.com/watch?v=Y00RN4f4mn4,76회,5일 전
배틀그라운드 게임,https://www.youtube.com/watch?v=0XLqcTKI4ms,없음,5일 전
배틀그라운드 게임,https://www.youtube.com/watch?v=BQ09vGOC9LY,1만회,6일 전
배틀그라운드 게임,https://www.youtube.com/watch?v=6WGXhHQBBuU,9회,6일 전
배틀그라운드 게임,https://www.youtube.com/watch?v=frLhgahupWI,15회,스트리밍 시간: 1주 전
배틀그라운드 게임,https://www.youtube.com/watch?v=AJQfvnyelSQ,26회,1주 전
배틀그라운드 게임,https://www.youtube.com/watch?v=5m9LGuY4lq8,7회,스트리밍 시간: 1주 전
배틀그라운드 게임,https://www.youtube.com/watch?v=_oBFx_yEn74,26회,1주 전
배틀그라운드 게임,https://www.youtube.com/watch?v=KC3FTtc5RN4,1만회,1주 전
배틀그라운드 게임,https://www.youtube.com/watch?v=zrTid63Dj9o,32회,1주 전
배틀그라운드 게임,https://www.youtube.com/watch?v=QkMMHg5Zdws,3천회,1주 전
배틀그라운드 게임,https://www.youtube.com/watch?v=VPsv4k4UHh0,14회,1주 전
배틀그라운드 게임,https://www.youtube.com/watch?v=VNwWKKlcE90,1회,1주 전
배틀그라운드 게임,https://www.youtube.com/watch?v=MRDiqr6nYjE,11회,스트리밍 시간: 1주 전
배틀그라운드 게임,https://www.youtube.com/watch?v=mJ_f98ldafA,없음,2주 전
배틀그라운드 게임,https://www.youtube.com/watch?v=Kt5qdLQj1xE,541회,2주 전
배틀그라운드 게임,https://www.youtube.com/watch?v=MbaEJFB2UYA,83회,2주 전
배틀그라운드 게임,https://www.youtube.com/watch?v=umARzPdtL3U,2.5만회,2주 전
배틀그라운드 게임,https://www.youtube.com/watch?v=kJtdBoniXj8,2.4천회,2주 전
배틀그라운드 게임,https://www.youtube.com/watch?v=59v1I6OSVpE,4회,스트리밍 시간: 2주 전
배틀그라운드 게임,https://www.youtube.com/watch?v=iFiEwdXL-dg,49회,2주 전
배틀그라운드 게임,https://www.youtube.com/watch?v=WzZb3wUewCo,8.2천회,2주 전
배틀그라운드 게임,https://www.youtube.com/watch?v=LQvYeavoL_Y,8회,2주 전
배틀그라운드 게임,https://www.youtube.com/watch?v=X2va_z3BXUg,1회,스트리밍 시간: 2주 전
배틀그라운드 게임,https://www.youtube.com/watch?v=KsyYiENOM0w,166회,스트리밍 시간: 2주 전
배틀그라운드 게임,https://www.youtube.com/watch?v=lLOmY-hWr6g,1회,스트리밍 시간: 2주 전
배틀그라운드 게임,https://www.youtube.com/watch?v=yKoP9Lp2bZ4,136회,스트리밍 시간: 2주 전
배틀그라운드 게임,https://www.youtube.com/watch?v=BBVZu4Mnqcc,12회,스트리밍 시간: 2주 전
배틀그라운드 게임,https://www.youtube.com/watch?v=WUzRGfLKv0Y,2.4천회,2주 전
배틀그라운드 게임,https://www.youtube.com/watch?v=hZptiFzSE7s,203회,2주 전
배틀그라운드 게임,https://www.youtube.com/watch?v=K012Zj_NJFQ,47회,2주 전
배틀그라운드 게임,https://www.youtube.com/watch?v=hGFlg3VstG4,6회,스트리밍 시간: 2주 전
배틀그라운드 게임,https://www.youtube.com/watch?v=OQyzCyh-mwU,31회,2주 전
배틀그라운드 게임,https://www.youtube.com/watch?v=b59F6Pr5or4,6.5천회,2주 전
배틀그라운드 게임,https://www.youtube.com/watch?v=JhdqKxzY7Mg,25회,2주 전
배틀그라운드 게임,https://www.youtube.com/watch?v=b-tLaO1V9dw,3회,스트리밍 시간: 2주 전
배틀그라운드 게임,https://www.youtube.com/watch?v=FGqZgXIpT-E,240회,스트리밍 시간: 2주 전
배틀그라운드 게임,https://www.youtube.com/watch?v=tmlw8lz9ITA,5회,2주 전
배틀그라운드 게임,https://www.youtube.com/watch?v=qajWfIkOeIY,279회,스트리밍 시간: 2주 전
배틀그라운드 게임,https://www.youtube.com/watch?v=ApnlvWarkQM,3회,3주 전
배틀그라운드 게임,https://www.youtube.com/watch?v=27kklSBsiqA,11만회,3주 전
배틀그라운드 게임,https://www.youtube.com/watch?v=S8ILTQpuKvs,5회,스트리밍 시간: 3주 전
배틀그라운드 게임,https://www.youtube.com/watch?v=BH7qRhzsMhE,132회,3주 전
배틀그라운드 게임,https://www.youtube.com/watch?v=xQHRZ2j3HD0,15회,3주 전
배틀그라운드 게임,https://www.youtube.com/watch?v=mdD0TB5Sgvg,13회,3주 전
배틀그라운드 게임,https://www.youtube.com/watch?v=oTMwbAMbrDo,없음,스트리밍 시간: 3주 전
배틀그라운드 게임,https://www.youtube.com/watch?v=Mnuxu82wzUY,없음,3주 전
배틀그라운드 게임,https://www.youtube.com/watch?v=1dCSZgevEG0,5.9만회,4주 전
배틀그라운드 게임,https://www.youtube.com/watch?v=qRyTy-ndGeQ,9회,4주 전
배틀그라운드 게임,https://www.youtube.com/watch?v=RifDBZ5FGe8,189회,4주 전
배틀그라운드 게임,https://www.youtube.com/watch?v=-RZQ1mz1tFA,112만회,4주 전
배틀그라운드 게임,https://www.youtube.com/watch?v=gG_M2NQP-Pc,30회,4주 전
배틀그라운드 게임,https://www.youtube.com/watch?v=U49fBL733RE,143회,스트리밍 시간: 4주 전
배틀그라운드 게임,https://www.youtube.com/watch?v=xOvUmwj6CQ0,22회,4주 전
배틀그라운드 게임,https://www.youtube.com/watch?v=SSJchETZWa8,19만회,1개월 전
배틀그라운드 게임,https://www.youtube.com/watch?v=kxXBlETD5KM,258회,1개월 전
배틀그라운드 게임,https://www.youtube.com/watch?v=PJaXlVclq_s,182회,스트리밍 시간: 1개월 전
배틀그라운드 게임,https://www.youtube.com/watch?v=WFXfoKArjfQ,50회,스트리밍 시간: 1개월 전
배틀그라운드 게임,https://www.youtube.com/watch?v=6UBbdbAgVFk,36회,1개월 전
배틀그라운드 게임,https://www.youtube.com/watch?v=cksuT4Op4r0,8회,1개월 전
배틀그라운드 게임,https://www.youtube.com/watch?v=goucddh23QA,31회,스트리밍 시간: 1개월 전
배틀그라운드 게임,https://www.youtube.com/watch?v=8HWFnC5-sfk,67회,스트리밍 시간: 1개월 전
배틀그라운드 게임,https://www.youtube.com/watch?v=NmrZV8sovzc,10회,1개월 전
배틀그라운드 게임,https://www.youtube.com/watch?v=Svub-OLuobI,26회,스트리밍 시간: 1개월 전
배틀그라운드 게임,https://www.youtube.com/watch?v=tjfN49kxuxk,8.7만회,1개월 전
배틀그라운드 게임,https://www.youtube.com/watch?v=aPQC-Zrkg6w,144회,스트리밍 시간: 1개월 전
배틀그라운드 게임,https://www.youtube.com/watch?v=emWZAhbOhvM,16회,1개월 전
배틀그라운드 게임,https://www.youtube.com/watch?v=PM3xGdF3TZ4,4.6천회,1개월 전
배틀그라운드 게임,https://www.youtube.com/watch?v=Ek46ZswDJh0,176회,1개월 전
배틀그라운드 게임,https://www.youtube.com/watch?v=dD4MNIGkc38,150회,스트리밍 시간: 1개월 전
배틀그라운드 게임,https://www.youtube.com/watch?v=CwmExRmwJjs,14회,스트리밍 시간: 1개월 전
배틀그라운드 게임,https://www.youtube.com/watch?v=mR0qRQuTDhA,22회,1개월 전
배틀그라운드 게임,https://www.youtube.com/watch?v=apx-PUIAalA,28회,스트리밍 시간: 1개월 전
배틀그라운드 게임,https://www.youtube.com/watch?v=ztIWe5nFXzg,78회,스트리밍 시간: 1개월 전
배틀그라운드 게임,https://www.youtube.com/watch?v=rRrnKbeOPrE,139회,스트리밍 시간: 1개월 전
배틀그라운드 게임,https://www.youtube.com/watch?v=AHBpoB4HPug,31만회,1개월 전
배틀그라운드 게임,https://www.youtube.com/watch?v=vZCSBH7xXcA,35회,1개월 전
배틀그라운드 게임,https://www.youtube.com/watch?v=H0RwFXZyBXo,21만회,1개월 전
배틀그라운드 게임,https://www.youtube.com/watch?v=X5U2TFyxrCM,324회,1개월 전
배틀그라운드 게임,https://www.youtube.com/watch?v=IEM_ssMa5eQ,228회,스트리밍 시간: 1개월 전
배틀그라운드 게임,https://www.youtube.com/watch?v=M40t5pSEPDM,44회,1개월 전
배틀그라운드 게임,https://www.youtube.com/watch?v=rdtaX5AMhh8,2.1만회,1개월 전
배틀그라운드 게임,https://www.youtube.com/watch?v=hZQ-6McN6PY,36회,스트리밍 시간: 1개월 전
배틀그라운드 게임,https://www.youtube.com/watch?v=zYkr2kbTwls,6.1천회,1개월 전
배틀그라운드 게임,https://www.youtube.com/watch?v=-wPf70dMRRo,146회,1개월 전
배틀그라운드 게임,https://www.youtube.com/watch?v=_ElcVgslj-U,92회,1개월 전
배틀그라운드 게임,https://www.youtube.com/watch?v=QyopJEDQFxs,139회,1개월 전
배틀그라운드 게임,https://www.youtube.com/watch?v=rSX3yWaI464,349회,스트리밍 시간: 1개월 전
배틀그라운드 게임,https://www.youtube.com/watch?v=Z0dcnBVUYIE,45만회,1개월 전
배틀그라운드 게임,https://www.youtube.com/watch?v=SQs4w0nujks,238회,1개월 전
배틀그라운드 게임,https://www.youtube.com/watch?v=1LTwp53ZTkI,102회,스트리밍 시간: 1개월 전
배틀그라운드 게임,https://www.youtube.com/watch?v=S-eTdEeNVIg,103회,1개월 전
배틀그라운드 게임,https://www.youtube.com/watch?v=EkjUw7YFEgQ,6만회,1개월 전
배틀그라운드 게임,https://www.youtube.com/watch?v=Cw-ehBDAzgA,369회,1개월 전
배틀그라운드 게임,https://www.youtube.com/watch?v=yCBYkhaTMf0,113회,1개월 전
배틀그라운드 게임,https://www.youtube.com/watch?v=1CYWvb8ujZQ,127만회,1개월 전
배틀그라운드 게임,https://www.youtube.com/watch?v=0R3Tgk2M_fQ,82만회,2개월 전
배틀그라운드 게임,https://www.youtube.com/watch?v=6wuvHi5arsg,607회,2개월 전
배틀그라운드 게임,https://www.youtube.com/watch?v=PwQQD-UlXS4,1.3천회,2개월 전
배틀그라운드 게임,https://www.youtube.com/watch?v=NwI2fr27Cww,1.9만회,2개월 전
배틀그라운드 게임,https://www.youtube.com/watch?v=vxuuY3TYQmk,69만회,2개월 전
배틀그라운드 게임,https://www.youtube.com/watch?v=SzMcT1k5eA8,74회,2개월 전
배틀그라운드 게임,https://www.youtube.com/watch?v=QKucAytN7xg,22만회,2개월 전
배틀그라운드 게임,https://www.youtube.com/watch?v=geUoe1l9pac,130회,2개월 전
배틀그라운드 게임,https://www.youtube.com/watch?v=W7d8OQW-W7M,573회,2개월 전
배틀그라운드 게임,https://www.youtube.com/watch?v=jkD5AfTLHEI,2.1천회,2개월 전
배틀그라운드 게임,https://www.youtube.com/watch?v=s9pZhOtiylc,7.1천회,2개월 전
배틀그라운드 게임,https://www.youtube.com/watch?v=xAaTPz_AJ70,242회,2개월 전
배틀그라운드 게임,https://www.youtube.com/watch?v=i4POEG3bPZk,155회,2개월 전
배틀그라운드 게임,https://www.youtube.com/watch?v=7qVw9wOx-NA,4.1만회,2개월 전
배틀그라운드 게임,https://www.youtube.com/watch?v=k6mtkd-yM6o,5.1천회,2개월 전
배틀그라운드 게임,https://www.youtube.com/watch?v=z8WsvJdvIyw,18회,스트리밍 시간: 2개월 전
배틀그라운드 게임,https://www.youtube.com/watch?v=zD3cHLt9wQs,49회,2개월 전
배틀그라운드 게임,https://www.youtube.com/watch?v=J1XzEyvA-Xk,579회,2개월 전
배틀그라운드 게임,https://www.youtube.com/watch?v=iYaGzs2CyWk,822회,2개월 전
배틀그라운드 게임,https://www.youtube.com/watch?v=5Cw6cbkkfQ8,147회,2개월 전
배틀그라운드 게임,https://www.youtube.com/watch?v=WycRfi-NGBs,4.2천회,2개월 전
배틀그라운드 게임,https://www.youtube.com/watch?v=Nj8qKOUpIJ4,4.2천회,2개월 전
배틀그라운드 게임,https://www.youtube.com/watch?v=Epl8IFMiMKQ,2.7천회,스트리밍 시간: 2개월 전
배틀그라운드 게임,https://www.youtube.com/watch?v=dZRcfnv8cD4,3.7천회,2개월 전
배틀그라운드 게임,https://www.youtube.com/watch?v=zZqeRBIUxIQ,59회,2개월 전
배틀그라운드 게임,https://www.youtube.com/watch?v=zYh0bSuCk-4,221회,2개월 전
배틀그라운드 게임,https://www.youtube.com/watch?v=luDF3V5cils,43회,2개월 전
배틀그라운드 게임,https://www.youtube.com/watch?v=jy2UfAn0wUY,533회,2개월 전
배틀그라운드 게임,https://www.youtube.com/watch?v=xThPVH3gpq4,67회,2개월 전
배틀그라운드 게임,https://www.youtube.com/watch?v=1U9r-Q_Y5fQ,15만회,2개월 전
배틀그라운드 게임,https://www.youtube.com/watch?v=qaO1Hy5rGzg,2.8천회,2개월 전
배틀그라운드 게임,https://www.youtube.com/watch?v=T5a1orwN0t0,153회,스트리밍 시간: 2개월 전
배틀그라운드 게임,https://www.youtube.com/watch?v=8VJSZOzWNc8,29만회,2개월 전
배틀그라운드 게임,https://www.youtube.com/watch?v=C9P5-csg8f8,489회,2개월 전
배틀그라운드 게임,https://www.youtube.com/watch?v=9YYVzLSzdWk,91회,2개월 전
배틀그라운드 게임,https://www.youtube.com/watch?v=DbCdJx_28aM,27만회,2개월 전
배틀그라운드 게임,https://www.youtube.com/watch?v=S6KSnqwgCws,3.5천회,2개월 전
배틀그라운드 게임,https://www.youtube.com/watch?v=hRUx4jT8TR4,164회,2개월 전
배틀그라운드 게임,https://www.youtube.com/watch?v=HG3owgO2WxM,1.2천회,3개월 전
배틀그라운드 게임,https://www.youtube.com/watch?v=qIfPbpefOZs,47회,3개월 전
배틀그라운드 게임,https://www.youtube.com/watch?v=4bDI1-1oSaY,1.2천회,3개월 전
배틀그라운드 게임,https://www.youtube.com/watch?v=lzVIDXTfxcw,190회,스트리밍 시간: 3개월 전
배틀그라운드 게임,https://www.youtube.com/watch?v=ePjHS4SFvfw,45회,스트리밍 시간: 3개월 전
배틀그라운드 게임,https://www.youtube.com/watch?v=GGWv8ZRt3k4,58회,3개월 전
배틀그라운드 게임,https://www.youtube.com/watch?v=ofZK9H_tADY,44회,3개월 전
배틀그라운드 게임,https://www.youtube.com/watch?v=YfzWCkan2H4,67회,3개월 전
배틀그라운드 게임,https://www.youtube.com/watch?v=o3gde-DhTyQ,418회,3개월 전
배틀그라운드 게임,https://www.youtube.com/watch?v=x9wAp_gBD24,1.3만회,3개월 전
배틀그라운드 게임,https://www.youtube.com/watch?v=mzcwQHIqwp8,257회,3개월 전
배틀그라운드 게임,https://www.youtube.com/watch?v=3SVxQBhAZUU,237회,3개월 전
배틀그라운드 게임,https://www.youtube.com/watch?v=HLmH0-2n4es,7만회,3개월 전
배틀그라운드 게임,https://www.youtube.com/watch?v=zZtXuNhKTp8,2.3천회,3개월 전
배틀그라운드 게임,https://www.youtube.com/watch?v=QxaXBcexSnM,6.7천회,3개월 전
배틀그라운드 게임,https://www.youtube.com/watch?v=Nz-1m3NsiLE,33회,스트리밍 시간: 3개월 전
배틀그라운드 게임,https://www.youtube.com/watch?v=tz754SkE53E,616회,3개월 전
배틀그라운드 게임,https://www.youtube.com/watch?v=Jf50RwgWA0o,1.7만회,3개월 전
배틀그라운드 게임,https://www.youtube.com/watch?v=3dSVLR_Nu8k,318회,스트리밍 시간: 4개월 전
배틀그라운드 게임,https://www.youtube.com/watch?v=izNYuHRvZoA,331회,스트리밍 시간: 4개월 전
배틀그라운드 게임,https://www.youtube.com/watch?v=BDIYiAFXCbg,184회,3개월 전
배틀그라운드 게임,https://www.youtube.com/watch?v=73fIjLyyktA,1.9천회,스트리밍 시간: 3개월 전
배틀그라운드 게임,https://www.youtube.com/watch?v=3GcMQNqqoPI,1.9만회,3개월 전
배틀그라운드 게임,https://www.youtube.com/watch?v=h8vMZz9DheE,804회,3개월 전
배틀그라운드 게임,https://www.youtube.com/watch?v=wsoMiXgpV-c,8.4천회,3개월 전
배틀그라운드 게임,https://www.youtube.com/watch?v=SQlp4hB9ZMs,12만회,3개월 전
배틀그라운드 게임,https://www.youtube.com/watch?v=n1MBD3EyL_Q,152회,3개월 전
배틀그라운드 게임,https://www.youtube.com/watch?v=bnNWAVX5z7Y,2.8천회,3개월 전
배틀그라운드 게임,https://www.youtube.com/watch?v=CbpJ0By_BMA,114회,3개월 전
배틀그라운드 게임,https://www.youtube.com/watch?v=fCay10ExWWk,154회,3개월 전
배틀그라운드 게임,https://www.youtube.com/watch?v=dUbhJZVDoY0,316만회,3개월 전
배틀그라운드 게임,https://www.youtube.com/watch?v=ziMdAGVVONM,110회,3개월 전
배틀그라운드 게임,https://www.youtube.com/watch?v=adG_Vdra2KE,3천회,3개월 전
배틀그라운드 게임,https://www.youtube.com/watch?v=RyibZSDDNUY,202회,3개월 전
배틀그라운드 게임,https://www.youtube.com/watch?v=C9gYMD9cEWU,259회,3개월 전
배틀그라운드 게임,https://www.youtube.com/watch?v=CvCGjE3Y-48,6회,3개월 전
배틀그라운드 게임,https://www.youtube.com/watch?v=TVGJT9f3Tuo,708회,3개월 전
배틀그라운드 게임,https://www.youtube.com/watch?v=mv4_Wpj_RiA,13만회,3개월 전
배틀그라운드 게임,https://www.youtube.com/watch?v=jlXGYihyKdg,3.9만회,3개월 전
배틀그라운드 게임,https://www.youtube.com/watch?v=eSWLH_B0-yI,5.7천회,3개월 전
배틀그라운드 게임,https://www.youtube.com/watch?v=Y_HOXAtWds4,4만회,3개월 전
배틀그라운드 게임,https://www.youtube.com/watch?v=K5vPEACh0sI,56만회,3개월 전
배틀그라운드 게임,https://www.youtube.com/watch?v=SIVJuekPO8k,1.9천회,3개월 전
배틀그라운드 게임,https://www.youtube.com/watch?v=XzkQfptqqnI,55회,3개월 전
배틀그라운드 게임,https://www.youtube.com/watch?v=hKu3D7VfrrM,101만회,3개월 전
배틀그라운드 게임,https://www.youtube.com/watch?v=kip_uP3-BKk,82회,3개월 전
배틀그라운드 게임,https://www.youtube.com/watch?v=IGu770iJnuU,131회,3개월 전
배틀그라운드 게임,https://www.youtube.com/watch?v=UsqzDua5tP8,504회,3개월 전
배틀그라운드 게임,https://www.youtube.com/watch?v=jS0XZ__JbJM,204회,3개월 전
배틀그라운드 게임,https://www.youtube.com/watch?v=S_FelJVL-to,151회,3개월 전
배틀그라운드 게임,https://www.youtube.com/watch?v=1TEo6MBNRlc,3.5만회,3개월 전
배틀그라운드 게임,https://www.youtube.com/watch?v=6B6s63wdTUY,3.1천회,3개월 전
배틀그라운드 게임,https://www.youtube.com/watch?v=F1f9WWjXxhY,2.4만회,3개월 전
배틀그라운드 게임,https://www.youtube.com/watch?v=MKUcjtjP_Dw,12만회,3개월 전
배틀그라운드 게임,https://www.youtube.com/watch?v=5mB2BW1xTzU,20회,스트리밍 시간: 3개월 전
배틀그라운드 게임,https://www.youtube.com/watch?v=-_qy7QYP-D8,37회,스트리밍 시간: 4개월 전
배틀그라운드 게임,https://www.youtube.com/watch?v=mfeWzZ2ad1Q,4.7천회,4개월 전
배틀그라운드 게임,https://www.youtube.com/watch?v=DTctO5mnLxM,27만회,4개월 전
배틀그라운드 게임,https://www.youtube.com/watch?v=lvqEpKY0fFQ,40회,4개월 전
배틀그라운드 게임,https://www.youtube.com/watch?v=wSvtyF98h3M,488회,4개월 전
배틀그라운드 게임,https://www.youtube.com/watch?v=EoddyBfxqmk,167회,4개월 전
배틀그라운드 게임,https://www.youtube.com/watch?v=YcE-PPYivNc,112회,스트리밍 시간: 4개월 전
배틀그라운드 게임,https://www.youtube.com/watch?v=MfH4JIaPgjs,165회,4개월 전
배틀그라운드 게임,https://www.youtube.com/watch?v=zIJL-8OgKdM,6.4만회,4개월 전
배틀그라운드 게임,https://www.youtube.com/watch?v=hmyui6MVH6s,6.8천회,4개월 전
배틀그라운드 게임,https://www.youtube.com/watch?v=V8oRBwZelaA,30만회,4개월 전
배틀그라운드 게임,https://www.youtube.com/watch?v=ERh60Ize2RA,7.8천회,4개월 전
배틀그라운드 게임,https://www.youtube.com/watch?v=ftpL5rlhyAo,126회,4개월 전
배틀그라운드 게임,https://www.youtube.com/watch?v=2rYwdR15q1M,4.7천회,4개월 전
배틀그라운드 게임,https://www.youtube.com/watch?v=lUpRXQKsyzw,67만회,4개월 전
배틀그라운드 게임,https://www.youtube.com/watch?v=AjM1rhl8h_c,128회,4개월 전
배틀그라운드 게임,https://www.youtube.com/watch?v=lR6uqGih4Fw,53회,4개월 전
배틀그라운드 게임,https://www.youtube.com/watch?v=3hIH-l6UtB4,123회,4개월 전
배틀그라운드 게임,https://www.youtube.com/watch?v=yutaS_jbdyQ,25회,스트리밍 시간: 4개월 전
배틀그라운드 게임,https://www.youtube.com/watch?v=UI3oTGrB3yw,5.1천회,4개월 전
배틀그라운드 게임,https://www.youtube.com/watch?v=64fLCmgmKkA,79회,4개월 전
배틀그라운드 게임,https://www.youtube.com/watch?v=c5RFyWkibT8,1만회,스트리밍 시간: 4개월 전
배틀그라운드 게임,https://www.youtube.com/watch?v=linC0yIrDX0,33회,4개월 전
배틀그라운드 게임,https://www.youtube.com/watch?v=MlgOFHD2KG0,294회,4개월 전
배틀그라운드 게임,https://www.youtube.com/watch?v=10QkOikYI68,162만회,4개월 전
배틀그라운드 게임,https://www.youtube.com/watch?v=rIQRFvsEApQ,254회,스트리밍 시간: 4개월 전
배틀그라운드 게임,https://www.youtube.com/watch?v=OiC1vWxeQHY,16만회,4개월 전
배틀그라운드 게임,https://www.youtube.com/watch?v=AnYFDAy_ThE,481회,4개월 전
배틀그라운드 게임,https://www.youtube.com/watch?v=aHwtIiH3RX8,213회,스트리밍 시간: 4개월 전
배틀그라운드 게임,https://www.youtube.com/watch?v=32clI3sfXEY,1천회,4개월 전
배틀그라운드 게임,https://www.youtube.com/watch?v=teW0WUccYmo,7.9만회,4개월 전
배틀그라운드 게임,https://www.youtube.com/watch?v=uxLAJhGUtTE,457회,스트리밍 시간: 4개월 전
배틀그라운드 게임,https://www.youtube.com/watch?v=2wfpc3Ux-ys,165회,4개월 전
배틀그라운드 게임,https://www.youtube.com/watch?v=mIDczCnEDFE,1.1만회,4개월 전
배틀그라운드 게임,https://www.youtube.com/watch?v=l4k3qy9ah48,1.9천회,4개월 전
배틀그라운드 게임,https://www.youtube.com/watch?v=58WhalugaWU,7.1천회,4개월 전
배틀그라운드 게임,https://www.youtube.com/watch?v=oPy-d8no3gw,2.7만회,4개월 전
배틀그라운드 게임,https://www.youtube.com/watch?v=wnjZdMUjIJ0,196회,스트리밍 시간: 4개월 전
배틀그라운드 게임,https://www.youtube.com/watch?v=5mm73aw5uss,54회,4개월 전
배틀그라운드 게임,https://www.youtube.com/watch?v=0SCgdIBqq7Q,16회,4개월 전
배틀그라운드 게임,https://www.youtube.com/watch?v=MrInAJ_5eBk,16회,스트리밍 시간: 4개월 전
배틀그라운드 게임,https://www.youtube.com/watch?v=aL7Ke4SbA6o,4.8만회,4개월 전
배틀그라운드 게임,https://www.youtube.com/watch?v=0F8KhmdqY0Q,16회,스트리밍 시간: 4개월 전
배틀그라운드 게임,https://www.youtube.com/watch?v=kp3YL3QoPEE,4.5만회,4개월 전
배틀그라운드 게임,https://www.youtube.com/watch?v=9eKnAEUG9Z8,1.6천회,4개월 전
배틀그라운드 게임,https://www.youtube.com/watch?v=03tpAssweAo,246회,4개월 전
배틀그라운드 게임,https://www.youtube.com/watch?v=VSwf7tdMIOQ,170회,4개월 전
배틀그라운드 게임,https://www.youtube.com/watch?v=mMjRUmnUEFo,398회,4개월 전
배틀그라운드 게임,https://www.youtube.com/watch?v=RuAZ6hYcUhg,631회,4개월 전
배틀그라운드 게임,https://www.youtube.com/watch?v=_1dU7HIjHOo,55회,4개월 전
배틀그라운드 게임,https://www.youtube.com/watch?v=OiqBNEczt2E,36만회,4개월 전
배틀그라운드 게임,https://www.youtube.com/watch?v=5qFUrZDl2TU,1.2만회,4개월 전
배틀그라운드 게임,https://www.youtube.com/watch?v=z3jSJsX49vk,100회,4개월 전
배틀그라운드 게임,https://www.youtube.com/watch?v=Ow7sQJqxnzA,231회,스트리밍 시간: 4개월 전
배틀그라운드 게임,https://www.youtube.com/watch?v=BI3xGFxgA7U,3.4만회,4개월 전
배틀그라운드 게임,https://www.youtube.com/watch?v=fbTiFYxlWLA,11회,스트리밍 시간: 4개월 전
배틀그라운드 게임,https://www.youtube.com/watch?v=8CbF0RDi4TQ,151회,4개월 전
배틀그라운드 게임,https://www.youtube.com/watch?v=3vtKhowiurg,4.1만회,4개월 전
배틀그라운드 게임,https://www.youtube.com/watch?v=oYoyK0Jk_bo,3.7천회,4개월 전
배틀그라운드 게임,https://www.youtube.com/watch?v=LXiGPzQ0pTA,2.3만회,4개월 전
배틀그라운드 게임,https://www.youtube.com/watch?v=5dlD9ISe4bw,12만회,4개월 전
배틀그라운드 게임,https://www.youtube.com/watch?v=UbQ_LScr-GE,26회,5개월 전
배틀그라운드 게임,https://www.youtube.com/watch?v=XqzaiqTj2YA,5.8천회,5개월 전
배틀그라운드 게임,https://www.youtube.com/watch?v=lHhcGiQk4W0,1.8천회,5개월 전
배틀그라운드 게임,https://www.youtube.com/watch?v=og4v_1jRDD4,323회,스트리밍 시간: 5개월 전
배틀그라운드 게임,https://www.youtube.com/watch?v=yx6rlKhHvGA,13회,스트리밍 시간: 5개월 전
배틀그라운드 게임,https://www.youtube.com/watch?v=vAVScYVEYUA,5.3천회,5개월 전
배틀그라운드 게임,https://www.youtube.com/watch?v=PTsYZSj7O3k,252회,5개월 전
배틀그라운드 게임,https://www.youtube.com/watch?v=-TeEmBhk5go,2.8만회,5개월 전
배틀그라운드 게임,https://www.youtube.com/watch?v=hvNegMOa8UU,283회,5개월 전
배틀그라운드 게임,https://www.youtube.com/watch?v=V7ehVF_qi7Y,5.9만회,5개월 전
배틀그라운드 게임,https://www.youtube.com/watch?v=k0YKBw2gsJU,1.1만회,5개월 전
배틀그라운드 게임,https://www.youtube.com/watch?v=t-ifq0qGLGY,15회,스트리밍 시간: 5개월 전
배틀그라운드 게임,https://www.youtube.com/watch?v=cXStpvtdS3c,126만회,5개월 전
배틀그라운드 게임,https://www.youtube.com/watch?v=o5v59kDsyTg,6.5만회,5개월 전
배틀그라운드 게임,https://www.youtube.com/watch?v=ekEV3cGfBX0,816회,5개월 전
배틀그라운드 게임,https://www.youtube.com/watch?v=SjpZ88wxz_s,254회,5개월 전
배틀그라운드 게임,https://www.youtube.com/watch?v=amqfyE5LcnQ,5.8천회,5개월 전
배틀그라운드 게임,https://www.youtube.com/watch?v=Hj5DTs8TqX8,3.1만회,5개월 전
배틀그라운드 게임,https://www.youtube.com/watch?v=Mot4f16GdXg,80회,5개월 전
배틀그라운드 게임,https://www.youtube.com/watch?v=TZ7uxjhg0TI,5.2만회,5개월 전
배틀그라운드 게임,https://www.youtube.com/watch?v=sZH9mbuMtAM,4천회,5개월 전
배틀그라운드 게임,https://www.youtube.com/watch?v=ejbfKZGWEj4,19회,5개월 전
배틀그라운드 게임,https://www.youtube.com/watch?v=2rrwCl3MGog,15회,5개월 전
배틀그라운드 게임,https://www.youtube.com/watch?v=LiZcrI4DTLY,7.3만회,5개월 전
배틀그라운드 게임,https://www.youtube.com/watch?v=fJNgkzO4Nlg,465회,5개월 전
배틀그라운드 게임,https://www.youtube.com/watch?v=wId2K-gJ8og,7.9천회,5개월 전
배틀그라운드 게임,https://www.youtube.com/watch?v=5EjBfOzWuFk,9천회,5개월 전
배틀그라운드 게임,https://www.youtube.com/watch?v=kDEkUyrxbfg,7.3천회,5개월 전
배틀그라운드 게임,https://www.youtube.com/watch?v=O5Ey1AqdKR4,33만회,5개월 전
배틀그라운드 게임,https://www.youtube.com/watch?v=bhqNE_yy66w,981회,5개월 전
배틀그라운드 게임,https://www.youtube.com/watch?v=4uVlnbZnp4w,26회,5개월 전
배틀그라운드 게임,https://www.youtube.com/watch?v=Bv81OxkIzZg,13회,5개월 전
배틀그라운드 게임,https://www.youtube.com/watch?v=sDlVtl4Imck,103회,5개월 전
배틀그라운드 게임,https://www.youtube.com/watch?v=_lhdO_niUTE,7.1천회,5개월 전
배틀그라운드 게임,https://www.youtube.com/watch?v=64o2BhiXqEM,286회,5개월 전
배틀그라운드 게임,https://www.youtube.com/watch?v=dqm0vNQnKU4,1.9천회,5개월 전
배틀그라운드 게임,https://www.youtube.com/watch?v=hVdKSCkoe6I,12만회,5개월 전
배틀그라운드 게임,https://www.youtube.com/watch?v=rVBzHveGB5c,43만회,5개월 전
배틀그라운드 게임,https://www.youtube.com/watch?v=mB-ZT4XlnSI,202회,5개월 전
배틀그라운드 게임,https://www.youtube.com/watch?v=xN1mJO9GtfM,207회,6개월 전
배틀그라운드 게임,https://www.youtube.com/watch?v=0NmD2HUlJag,1.5만회,6개월 전
배틀그라운드 게임,https://www.youtube.com/watch?v=25mS1r40Hr0,10만회,6개월 전
배틀그라운드 게임,https://www.youtube.com/watch?v=ette-1FDbS4,32만회,6개월 전
배틀그라운드 게임,https://www.youtube.com/watch?v=qSi2ZS5-I2w,1.5천회,6개월 전
배틀그라운드 게임,https://www.youtube.com/watch?v=XhgiYgXnpD8,353회,6개월 전
배틀그라운드 게임,https://www.youtube.com/watch?v=SX2VvDl8BWA,2.1만회,6개월 전
배틀그라운드 게임,https://www.youtube.com/watch?v=aSoi4gK8Lx4,578회,6개월 전
배틀그라운드 게임,https://www.youtube.com/watch?v=D106wai_x44,4.1만회,6개월 전
배틀그라운드 게임,https://www.youtube.com/watch?v=IeKfglQq97M,46회,6개월 전
배틀그라운드 게임,https://www.youtube.com/watch?v=iRbLOaniZCk,490회,6개월 전
배틀그라운드 게임,https://www.youtube.com/watch?v=3FrkzEk1uWY,1.1천회,6개월 전
배틀그라운드 게임,https://www.youtube.com/watch?v=rjYsZ5SRtgs,624회,6개월 전
배틀그라운드 게임,https://www.youtube.com/watch?v=_ty2sgtjUss,8.4만회,6개월 전
배틀그라운드 게임,https://www.youtube.com/watch?v=VeTZXY8wTP0,84회,6개월 전
배틀그라운드 게임,https://www.youtube.com/watch?v=RybuOrJOLSs,14만회,6개월 전
배틀그라운드 게임,https://www.youtube.com/watch?v=UIk2pGjYj_8,3.8천회,6개월 전
배틀그라운드 게임,https://www.youtube.com/watch?v=m0de6BE-mFY,1.7천회,6개월 전
배틀그라운드 게임,https://www.youtube.com/watch?v=rxpgVR8rFsA,2.1만회,6개월 전
배틀그라운드 게임,https://www.youtube.com/watch?v=87dX_c6srd4,4.7천회,6개월 전
배틀그라운드 게임,https://www.youtube.com/watch?v=rO8s2pkr1xs,39만회,6개월 전
배틀그라운드 게임,https://www.youtube.com/watch?v=EWe3aNFabLQ,2.1천회,6개월 전
배틀그라운드 게임,https://www.youtube.com/watch?v=Dpvybu_84A8,194회,6개월 전
배틀그라운드 게임,https://www.youtube.com/watch?v=1bkzRSpsCJg,28회,6개월 전
배틀그라운드 게임,https://www.youtube.com/watch?v=1vqGeTNRAZI,24회,6개월 전
배틀그라운드 게임,https://www.youtube.com/watch?v=dJmEG2wqmYs,17회,6개월 전
배틀그라운드 게임,https://www.youtube.com/watch?v=YlO0F4mbO3k,23회,6개월 전
배틀그라운드 게임,https://www.youtube.com/watch?v=FqlR8DhGqrQ,3회,6개월 전
배틀그라운드 게임,https://www.youtube.com/watch?v=Nig1kDjeNy0,8회,6개월 전
배틀그라운드 게임,https://www.youtube.com/watch?v=VwOa2daNjQ8,2회,6개월 전
배틀그라운드 게임,https://www.youtube.com/watch?v=sIa6uEoB5wc,3회,6개월 전
배틀그라운드 게임,https://www.youtube.com/watch?v=u89mpqWSKL0,1회,6개월 전
배틀그라운드 게임,https://www.youtube.com/watch?v=moQqqCTRlfo,없음,6개월 전
배틀그라운드 게임,https://www.youtube.com/watch?v=Fe05ogOTRLM,10회,6개월 전
배틀그라운드 게임,https://www.youtube.com/watch?v=pE_HoBI7Elc,6.4만회,6개월 전
배틀그라운드 게임,https://www.youtube.com/watch?v=T6LZIgEeo7E,92회,6개월 전
배틀그라운드 게임,https://www.youtube.com/watch?v=1m-MNvgOlig,123만회,6개월 전
배틀그라운드 게임,https://www.youtube.com/watch?v=O25Hzknj3IM,3.3만회,6개월 전
배틀그라운드 게임,https://www.youtube.com/watch?v=R4cBE7D0VT8,97회,6개월 전
배틀그라운드 게임,https://www.youtube.com/watch?v=EpZ0zGoIN5s,104회,6개월 전
배틀그라운드 게임,https://www.youtube.com/watch?v=fVuGQgoCxj0,343회,6개월 전
배틀그라운드 게임,https://www.youtube.com/watch?v=6kkbGqw52Fc,1.2천회,6개월 전
배틀그라운드 게임,https://www.youtube.com/watch?v=Z_n4qx890MQ,425회,6개월 전
배틀그라운드 게임,https://www.youtube.com/watch?v=wKZ1x04Znfw,4.5천회,7개월 전
배틀그라운드 게임,https://www.youtube.com/watch?v=zs1pjkdinTw,4.2만회,7개월 전
배틀그라운드 게임,https://www.youtube.com/watch?v=zVeLM_vA7NI,9천회,7개월 전
배틀그라운드 게임,https://www.youtube.com/watch?v=EClYR7CBqaI,17만회,7개월 전
배틀그라운드 게임,https://www.youtube.com/watch?v=v3Cn8pwtxuk,3.9천회,7개월 전
배틀그라운드 게임,https://www.youtube.com/watch?v=0jJz843Eyq4,59회,7개월 전
배틀그라운드 게임,https://www.youtube.com/watch?v=IsU5tH6iwHk,63회,7개월 전
배틀그라운드 게임,https://www.youtube.com/watch?v=OP_5yjyD5h4,8.6천회,7개월 전
배틀그라운드 게임,https://www.youtube.com/watch?v=7ueaIv-txJw,262회,스트리밍 시간: 7개월 전
배틀그라운드 게임,https://www.youtube.com/watch?v=WgwGRneJxgM,12회,스트리밍 시간: 7개월 전
배틀그라운드 게임,https://www.youtube.com/watch?v=PIboWp2G5SM,285회,스트리밍 시간: 7개월 전
배틀그라운드 게임,https://www.youtube.com/watch?v=F7qXMfz3Sls,9.2천회,7개월 전
배틀그라운드 게임,https://www.youtube.com/watch?v=JKm-nooDlaM,4.7천회,7개월 전
배틀그라운드 게임,https://www.youtube.com/watch?v=SWDQRIrtW6g,1천회,7개월 전
배틀그라운드 게임,https://www.youtube.com/watch?v=HDYZcGqwbNg,184만회,7개월 전
배틀그라운드 게임,https://www.youtube.com/watch?v=EO7EH3hEmXA,3.3만회,7개월 전
배틀그라운드 게임,https://www.youtube.com/watch?v=ft4P5NT5rxU,2만회,7개월 전
배틀그라운드 게임,https://www.youtube.com/watch?v=qTnZf1tG3wQ,2.9만회,7개월 전
배틀그라운드 게임,https://www.youtube.com/watch?v=efg5VCkkdec,527회,스트리밍 시간: 7개월 전
배틀그라운드 게임,https://www.youtube.com/watch?v=ZTKyATlpuU8,2천회,7개월 전
배틀그라운드 게임,https://www.youtube.com/watch?v=76_CLxwXfjA,6.9천회,7개월 전
배틀그라운드 게임,https://www.youtube.com/watch?v=SldDXuOZQ1k,1.3만회,7개월 전
배틀그라운드 게임,https://www.youtube.com/watch?v=FkB2NGVjj8o,128만회,7개월 전
배틀그라운드 게임,https://www.youtube.com/watch?v=nxMKuUsw4gw,6.3천회,7개월 전
배틀그라운드 게임,https://www.youtube.com/watch?v=zPoRq1WA83A,215만회,7개월 전
배틀그라운드 게임,https://www.youtube.com/watch?v=iTv0wP4KH7M,2.2만회,7개월 전
배틀그라운드 게임,https://www.youtube.com/watch?v=NqXd5hiR8T8,224회,7개월 전
배틀그라운드 게임,https://www.youtube.com/watch?v=HG__-Oppdk8,5.3만회,7개월 전
배틀그라운드 게임,https://www.youtube.com/watch?v=qOnFmLdsL6M,654회,7개월 전
배틀그라운드 게임,https://www.youtube.com/watch?v=WZEgM-mcjQY,216회,7개월 전
배틀그라운드 게임,https://www.youtube.com/watch?v=u2kcNpZ0MCs,2.8천회,7개월 전
배틀그라운드 게임,https://www.youtube.com/watch?v=GxCwbp7sWi8,8.4만회,7개월 전
배틀그라운드 게임,https://www.youtube.com/watch?v=GOQHDuVxlR0,3.6만회,7개월 전
배틀그라운드 게임,https://www.youtube.com/watch?v=6XEaabxg-Nw,27만회,7개월 전
배틀그라운드 게임,https://www.youtube.com/watch?v=KZBe70T-7JI,4.2천회,7개월 전
배틀그라운드 게임,https://www.youtube.com/watch?v=9AGFmFOpjMM,117회,7개월 전
배틀그라운드 게임,https://www.youtube.com/watch?v=iFncD83GQVY,3.3만회,7개월 전
배틀그라운드 게임,https://www.youtube.com/watch?v=nETWO3ArwpY,127만회,7개월 전
배틀그라운드 게임,https://www.youtube.com/watch?v=BWtGWEeVE1I,367회,7개월 전
배틀그라운드 게임,https://www.youtube.com/watch?v=ZlgagL_Iux4,61회,7개월 전
배틀그라운드 게임,https://www.youtube.com/watch?v=LGBjAER7o_E,4.7만회,7개월 전
배틀그라운드 게임,https://www.youtube.com/watch?v=ln5UxXR8kr8,121만회,7개월 전
배틀그라운드 게임,https://www.youtube.com/watch?v=AJCfM5UuMIk,184만회,7개월 전
배틀그라운드 게임,https://www.youtube.com/watch?v=gHZgBUtZScc,4.8만회,7개월 전
배틀그라운드 게임,https://www.youtube.com/watch?v=9W7TeOp46bw,349회,스트리밍 시간: 7개월 전
배틀그라운드 게임,https://www.youtube.com/watch?v=IXjOpZaqBwA,313회,7개월 전
배틀그라운드 게임,https://www.youtube.com/watch?v=dCHP3i_l4Fo,5.1천회,7개월 전
배틀그라운드 게임,https://www.youtube.com/watch?v=0bF-K4dg8FI,3.9만회,7개월 전
배틀그라운드 게임,https://www.youtube.com/watch?v=ai9vHkE55Vk,5.1만회,8개월 전
배틀그라운드 게임,https://www.youtube.com/watch?v=uLnXhf99qN8,1.4만회,8개월 전
배틀그라운드 게임,https://www.youtube.com/watch?v=4ouj3d2OilM,3.1천회,8개월 전
배틀그라운드 게임,https://www.youtube.com/watch?v=NkQEBDQSSsA,13만회,8개월 전
배틀그라운드 게임,https://www.youtube.com/watch?v=CB5D7knycGU,31만회,8개월 전
배틀그라운드 게임,https://www.youtube.com/watch?v=ZsrLfbyHYz4,5.7천회,8개월 전
배틀그라운드 게임,https://www.youtube.com/watch?v=yMfs0Ts92PI,477회,8개월 전
배틀그라운드 게임,https://www.youtube.com/watch?v=wwaeUdJ0bDQ,5천회,8개월 전
배틀그라운드 게임,https://www.youtube.com/watch?v=udURfMBq48U,3.4천회,8개월 전
배틀그라운드 게임,https://www.youtube.com/watch?v=neG8am4HchI,58만회,8개월 전
배틀그라운드 게임,https://www.youtube.com/watch?v=Pe2CsEvSxUU,8.6만회,8개월 전
배틀그라운드 게임,https://www.youtube.com/watch?v=8tN8GbOj-V0,555회,8개월 전
배틀그라운드 게임,https://www.youtube.com/watch?v=5zCmqOZGnMg,2.4천회,8개월 전
배틀그라운드 게임,https://www.youtube.com/watch?v=_Bxftq27pYw,8천회,8개월 전
배틀그라운드 게임,https://www.youtube.com/watch?v=Y7qYshjZ5hU,4.9만회,8개월 전
배틀그라운드 게임,https://www.youtube.com/watch?v=Z9QfgfG0CHI,5.2만회,8개월 전
배틀그라운드 게임,https://www.youtube.com/watch?v=2yFEM4uXJ_U,640회,8개월 전
배틀그라운드 게임,https://www.youtube.com/watch?v=xpZWV-X8thw,864회,8개월 전
배틀그라운드 게임,https://www.youtube.com/watch?v=kw5yoTw_82g,243회,8개월 전
배틀그라운드 게임,https://www.youtube.com/watch?v=YGpltT6ffbw,605회,스트리밍 시간: 8개월 전
배틀그라운드 게임,https://www.youtube.com/watch?v=H2CJsVMIwGU,6.2만회,8개월 전
배틀그라운드 게임,https://www.youtube.com/watch?v=2M-Zlyz9PSY,2.9천회,8개월 전
배틀그라운드 게임,https://www.youtube.com/watch?v=a1-RJRQzXH4,275회,8개월 전
배틀그라운드 게임,https://www.youtube.com/watch?v=wAYKXLhx_qQ,678회,8개월 전
배틀그라운드 게임,https://www.youtube.com/watch?v=iAb-q0cMtuE,103회,8개월 전
배틀그라운드 게임,https://www.youtube.com/watch?v=72EY-f8VgaQ,65회,8개월 전
배틀그라운드 게임,https://www.youtube.com/watch?v=22YSeEuWezk,1.5만회,8개월 전
배틀그라운드 게임,https://www.youtube.com/watch?v=oLxKeqhm5gg,574회,8개월 전
배틀그라운드 게임,https://www.youtube.com/watch?v=dcYwA5c3uEo,3.6만회,8개월 전
배틀그라운드 게임,https://www.youtube.com/watch?v=Ej6g9KOhNwc,60회,8개월 전
배틀그라운드 게임,https://www.youtube.com/watch?v=KhAYs6uF_mc,4.5만회,9개월 전
배틀그라운드 게임,https://www.youtube.com/watch?v=_7OhjcJLtW8,2.8천회,9개월 전
배틀그라운드 게임,https://www.youtube.com/watch?v=xh8rXPYZnxk,460회,9개월 전
배틀그라운드 게임,https://www.youtube.com/watch?v=7MH-48Qk4Lw,5.1천회,9개월 전
배틀그라운드 게임,https://www.youtube.com/watch?v=-Ielle6H9k8,17만회,9개월 전
배틀그라운드 게임,https://www.youtube.com/watch?v=kz6WhoMqjHE,19만회,9개월 전
배틀그라운드 게임,https://www.youtube.com/watch?v=GxmBkDRsD60,6.7천회,9개월 전
배틀그라운드 게임,https://www.youtube.com/watch?v=3FJ0dJ2koNE,459회,9개월 전
배틀그라운드 게임,https://www.youtube.com/watch?v=OOxbhTNH78M,1.3천회,9개월 전
배틀그라운드 게임,https://www.youtube.com/watch?v=Yu93dnpaneU,2.7만회,9개월 전
배틀그라운드 게임,https://www.youtube.com/watch?v=U7Yy_919kBs,9.7천회,9개월 전
배틀그라운드 게임,https://www.youtube.com/watch?v=j5WwmEWGcdU,4.8만회,9개월 전
배틀그라운드 게임,https://www.youtube.com/watch?v=20uUznJ-oR8,50회,9개월 전
배틀그라운드 게임,https://www.youtube.com/watch?v=yUbZJ7T427g,465회,스트리밍 시간: 9개월 전
배틀그라운드 게임,https://www.youtube.com/watch?v=d2oL3YVYCA4,22만회,9개월 전
배틀그라운드 게임,https://www.youtube.com/watch?v=Zv3wVhJ7vHM,891회,스트리밍 시간: 9개월 전
배틀그라운드 게임,https://www.youtube.com/watch?v=m3h-yG8khkk,331회,스트리밍 시간: 9개월 전
배틀그라운드 게임,https://www.youtube.com/watch?v=BMyFkoYHyTo,7.8천회,9개월 전
배틀그라운드 게임,https://www.youtube.com/watch?v=0ui4apjoQjY,16만회,9개월 전
배틀그라운드 게임,https://www.youtube.com/watch?v=qNV4hK5mx0c,4.3천회,9개월 전
배틀그라운드 게임,https://www.youtube.com/watch?v=vm9mVfGofFY,394회,9개월 전
배틀그라운드 게임,https://www.youtube.com/watch?v=HXnBVP-v08g,2.5천회,9개월 전
배틀그라운드 게임,https://www.youtube.com/watch?v=05gK57TQGLk,47만회,9개월 전
배틀그라운드 게임,https://www.youtube.com/watch?v=JmvmlBPfKno,435회,9개월 전
배틀그라운드 게임,https://www.youtube.com/watch?v=dfpMeQh5LE4,1.3천회,9개월 전
배틀그라운드 게임,https://www.youtube.com/watch?v=xbAMmqo-Xpc,9회,9개월 전
배틀그라운드 게임,https://www.youtube.com/watch?v=CopfcdVClFg,2.4만회,9개월 전
배틀그라운드 게임,https://www.youtube.com/watch?v=FVeFAhZtHwo,1.3천회,9개월 전
배틀그라운드 게임,https://www.youtube.com/watch?v=hVPdujGyzog,5천회,9개월 전
배틀그라운드 게임,https://www.youtube.com/watch?v=dKm61k0pncQ,505회,9개월 전
배틀그라운드 게임,https://www.youtube.com/watch?v=QnEKlwVAA-c,133회,9개월 전
배틀그라운드 게임,https://www.youtube.com/watch?v=mZ6dmDfx3CA,15만회,9개월 전
배틀그라운드 게임,https://www.youtube.com/watch?v=ZlYKtzF4YOM,966회,9개월 전
배틀그라운드 게임,https://www.youtube.com/watch?v=EEIbI7Hfy-M,9.5만회,10개월 전
배틀그라운드 게임,https://www.youtube.com/watch?v=bmxYcAdrWwE,45만회,10개월 전
배틀그라운드 게임,https://www.youtube.com/watch?v=p3n3DjAAFRs,5회,10개월 전
배틀그라운드 게임,https://www.youtube.com/watch?v=WLEvvz4nAF8,4.8천회,10개월 전
배틀그라운드 게임,https://www.youtube.com/watch?v=dWNSlHcoekU,160회,10개월 전
배틀그라운드 게임,https://www.youtube.com/watch?v=to0NmLTkgkc,30만회,10개월 전
배틀그라운드 게임,https://www.youtube.com/watch?v=jjPSd8sL_So,19만회,10개월 전
배틀그라운드 게임,https://www.youtube.com/watch?v=z8I4ujQCDPA,224회,스트리밍 시간: 10개월 전
배틀그라운드 게임,https://www.youtube.com/watch?v=Ui_vABenBao,289회,10개월 전
배틀그라운드 게임,https://www.youtube.com/watch?v=55UexWfr2M8,29회,10개월 전
배틀그라운드 게임,https://www.youtube.com/watch?v=h-IBIEFkYr8,88회,10개월 전
배틀그라운드 게임,https://www.youtube.com/watch?v=Jf4RyE75XoY,20만회,10개월 전
배틀그라운드 게임,https://www.youtube.com/watch?v=4n9yO81gsVM,2.4만회,10개월 전
배틀그라운드 게임,https://www.youtube.com/watch?v=sxNh8xyQ8fw,40만회,10개월 전
배틀그라운드 게임,https://www.youtube.com/watch?v=8iV1fYgRffU,16회,10개월 전
배틀그라운드 게임,https://www.youtube.com/watch?v=uNZr-aZXJ5U,114회,10개월 전
배틀그라운드 게임,https://www.youtube.com/watch?v=WsWafQsovho,22만회,10개월 전
배틀그라운드 게임,https://www.youtube.com/watch?v=iNm3DuPFqu4,71회,스트리밍 시간: 10개월 전
배틀그라운드 게임,https://www.youtube.com/watch?v=Ql3k-DYPgP4,5회,10개월 전
배틀그라운드 게임,https://www.youtube.com/watch?v=Bu5YxWbmW4I,21만회,10개월 전
배틀그라운드 게임,https://www.youtube.com/watch?v=OMuPo8MZe_I,1.1만회,10개월 전
배틀그라운드 게임,https://www.youtube.com/watch?v=wUIMUy0PJEU,1.4만회,10개월 전
배틀그라운드 게임,https://www.youtube.com/watch?v=UucA9WFHdXc,372회,스트리밍 시간: 10개월 전
배틀그라운드 게임,https://www.youtube.com/watch?v=I0iPI-mnmrQ,2.3만회,10개월 전
배틀그라운드 게임,https://www.youtube.com/watch?v=cKRZCTAhxJc,52회,스트리밍 시간: 10개월 전
배틀그라운드 게임,https://www.youtube.com/watch?v=gJKXjQCMzVI,758회,10개월 전
배틀그라운드 게임,https://www.youtube.com/watch?v=wejTVKEuyQk,274회,스트리밍 시간: 10개월 전
배틀그라운드 게임,https://www.youtube.com/watch?v=-o7um9FrYmk,8.5만회,10개월 전
배틀그라운드 게임,https://www.youtube.com/watch?v=tShiNrWUutI,453회,10개월 전
배틀그라운드 게임,https://www.youtube.com/watch?v=h1IXaz8QpKU,86만회,10개월 전
배틀그라운드 게임,https://www.youtube.com/watch?v=sCTSEKrz8Wk,2.6만회,10개월 전
배틀그라운드 게임,https://www.youtube.com/watch?v=6FIXTA8ZNgs,207회,10개월 전
배틀그라운드 게임,https://www.youtube.com/watch?v=eMgZ8EI961s,1.6천회,10개월 전
배틀그라운드 게임,https://www.youtube.com/watch?v=EiIL4l7RMwQ,187회,스트리밍 시간: 10개월 전
배틀그라운드 게임,https://www.youtube.com/watch?v=gDIdF740Uq0,325회,스트리밍 시간: 10개월 전
배틀그라운드 게임,https://www.youtube.com/watch?v=J_EOPYZFEm4,1.9만회,10개월 전
배틀그라운드 게임,https://www.youtube.com/watch?v=DM1mfmYAtgE,131회,10개월 전
배틀그라운드 게임,https://www.youtube.com/watch?v=KJDG161zE1E,2.6천회,10개월 전
배틀그라운드 게임,https://www.youtube.com/watch?v=UYzZwanErYc,2.6천회,10개월 전
배틀그라운드 게임,https://www.youtube.com/watch?v=CfCTl9EvDaE,4.4천회,10개월 전
배틀그라운드 게임,https://www.youtube.com/watch?v=oHqWDfwAJhA,11만회,10개월 전
배틀그라운드 게임,https://www.youtube.com/watch?v=BiUBDyV1Y_Q,210회,10개월 전
배틀그라운드 게임,https://www.youtube.com/watch?v=4xLtrijxSIc,128회,10개월 전
배틀그라운드 게임,https://www.youtube.com/watch?v=DblCOO9l084,2.7만회,10개월 전
배틀그라운드 게임,https://www.youtube.com/watch?v=Rd_UslG1_34,3.6만회,10개월 전
배틀그라운드 게임,https://www.youtube.com/watch?v=JwGK1UYsC6M,8.2천회,10개월 전
배틀그라운드 게임,https://www.youtube.com/watch?v=0rxs1rGjcJQ,8회,10개월 전
배틀그라운드 게임,https://www.youtube.com/watch?v=q7Do31574zA,27만회,10개월 전
배틀그라운드 게임,https://www.youtube.com/watch?v=ZIS2m9PWBO8,26만회,10개월 전
배틀그라운드 게임,https://www.youtube.com/watch?v=d8U5IDoU2GA,241회,10개월 전
배틀그라운드 게임,https://www.youtube.com/watch?v=rEWVA_m-mxg,880회,10개월 전
배틀그라운드 게임,https://www.youtube.com/watch?v=zh4axSC_ruk,947회,10개월 전
배틀그라운드 게임,https://www.youtube.com/watch?v=FKsCAMkl_S0,4회,스트리밍 시간: 10개월 전
배틀그라운드 게임,https://www.youtube.com/watch?v=Grp4EgR3O8g,433회,10개월 전
배틀그라운드 게임,https://www.youtube.com/watch?v=3byrNM3zmYQ,1만회,10개월 전
배틀그라운드 게임,https://www.youtube.com/watch?v=mvKkbaXuN-o,2.6만회,10개월 전
배틀그라운드 게임,https://www.youtube.com/watch?v=r4uimQSl9fc,5.5만회,10개월 전
배틀그라운드 게임,https://www.youtube.com/watch?v=hqy9pIxQjcU,139회,10개월 전
배틀그라운드 게임,https://www.youtube.com/watch?v=7RKhRHl9mk0,4.4만회,10개월 전
배틀그라운드 게임,https://www.youtube.com/watch?v=nXTM7Gk1DiQ,2.4만회,10개월 전
배틀그라운드 게임,https://www.youtube.com/watch?v=tnTUmFtbc2c,2.4천회,10개월 전
배틀그라운드 게임,https://www.youtube.com/watch?v=6EAjFggme_M,92회,10개월 전
배틀그라운드 게임,https://www.youtube.com/watch?v=op1DuItyGSo,4.3만회,10개월 전
배틀그라운드 게임,https://www.youtube.com/watch?v=7VVvKFfplfM,114만회,11개월 전
배틀그라운드 게임,https://www.youtube.com/watch?v=DlfSLxB1nsc,97회,11개월 전
배틀그라운드 게임,https://www.youtube.com/watch?v=Nqy0XR_Btr4,305회,11개월 전
배틀그라운드 게임,https://www.youtube.com/watch?v=p9OLNXASH2g,614회,11개월 전
배틀그라운드 게임,https://www.youtube.com/watch?v=REBbVip2FpM,1.3천회,11개월 전
배틀그라운드 게임,https://www.youtube.com/watch?v=Z0y-Bx1QwI0,351회,11개월 전
배틀그라운드 게임,https://www.youtube.com/watch?v=jIS-FKB2Ego,12회,스트리밍 시간: 11개월 전
배틀그라운드 게임,https://www.youtube.com/watch?v=W_J0aIDSydA,1.2천회,11개월 전
배틀그라운드 게임,https://www.youtube.com/watch?v=KX-8082KBro,8.4천회,11개월 전
배틀그라운드 게임,https://www.youtube.com/watch?v=kknBhyNmDac,7.2천회,11개월 전
배틀그라운드 게임,https://www.youtube.com/watch?v=Qp1AtwKdn_8,3.5천회,11개월 전
배틀그라운드 게임,https://www.youtube.com/watch?v=FKKf4pbmER4,12회,11개월 전
배틀그라운드 게임,https://www.youtube.com/watch?v=rLQWcgKWxN8,55만회,11개월 전
배틀그라운드 게임,https://www.youtube.com/watch?v=cFgD8oA6WMY,1.8만회,11개월 전
배틀그라운드 게임,https://www.youtube.com/watch?v=JKVtJGiwC8Y,34만회,11개월 전
배틀그라운드 게임,https://www.youtube.com/watch?v=kgY49m_CDbQ,19만회,11개월 전
배틀그라운드 게임,https://www.youtube.com/watch?v=Q7J__U4hKYw,69회,스트리밍 시간: 11개월 전
배틀그라운드 게임,https://www.youtube.com/watch?v=lrg20_VRT_k,34회,스트리밍 시간: 11개월 전
배틀그라운드 게임,https://www.youtube.com/watch?v=e45Jc5WQszY,25회,스트리밍 시간: 11개월 전
배틀그라운드 게임,https://www.youtube.com/watch?v=2_lDPYy2WiU,13만회,11개월 전
배틀그라운드 게임,https://www.youtube.com/watch?v=h5vvfz0qeY4,119만회,11개월 전
배틀그라운드 게임,https://www.youtube.com/watch?v=bzFIYXRQJfU,65만회,11개월 전
배틀그라운드 게임,https://www.youtube.com/watch?v=eHeUVC4XeEk,19만회,11개월 전
배틀그라운드 게임,https://www.youtube.com/watch?v=iVahO94gk54,155회,스트리밍 시간: 11개월 전
배틀그라운드 게임,https://www.youtube.com/watch?v=YqwEoTH1_94,89만회,11개월 전
