﻿search,youtube_url,viewer,upload
Sky Roller 게임,https://www.youtube.com/watch?v=pm32kxB0PtE,2회,3시간 전
Sky Roller 게임,https://www.youtube.com/watch?v=IBEIxAhMTeE,2회,4시간 전
Sky Roller 게임,https://www.youtube.com/watch?v=IJ9-EyTwcZs,1회,8시간 전
Sky Roller 게임,https://www.youtube.com/watch?v=0KQLmUAKlTo,없음,17시간 전
Sky Roller 게임,https://www.youtube.com/watch?v=NxOhL3PC9yI,3회,18시간 전
Sky Roller 게임,https://www.youtube.com/watch?v=ykNrPdHQaHo,없음,1일 전
Sky Roller 게임,https://www.youtube.com/watch?v=alnw_e5bsys,1회,1일 전
Sky Roller 게임,https://www.youtube.com/watch?v=e_AAmPaTEo4,없음,1일 전
Sky Roller 게임,https://www.youtube.com/watch?v=lt6FcP814ko,없음,1일 전
Sky Roller 게임,https://www.youtube.com/watch?v=4jMOznRvzB0,없음,1일 전
Sky Roller 게임,https://www.youtube.com/watch?v=iYYKG1NAEwc,없음,1일 전
Sky Roller 게임,https://www.youtube.com/watch?v=jPASlDcFI0Q,12회,1일 전
Sky Roller 게임,https://www.youtube.com/watch?v=iM9l7K0e0Ek,없음,1일 전
Sky Roller 게임,https://www.youtube.com/watch?v=VWcybGz12hQ,없음,1일 전
Sky Roller 게임,https://www.youtube.com/watch?v=lZ-LE8hkUho,920회,1일 전
Sky Roller 게임,https://www.youtube.com/watch?v=-dBJiQou7oI,1회,2일 전
Sky Roller 게임,https://www.youtube.com/watch?v=ZpaLrUKOh30,3회,2일 전
Sky Roller 게임,https://www.youtube.com/watch?v=PKqnDOHdbng,192회,2일 전
Sky Roller 게임,https://www.youtube.com/watch?v=oFojvtKro-k,1.2천회,2일 전
Sky Roller 게임,https://www.youtube.com/watch?v=picpDbLnSBY,2회,2일 전
Sky Roller 게임,https://www.youtube.com/watch?v=stW4KDkWR2g,33회,2일 전
Sky Roller 게임,https://www.youtube.com/watch?v=T24xtlMmi2w,2회,3일 전
Sky Roller 게임,https://www.youtube.com/watch?v=NZczAqIek4U,1회,3일 전
Sky Roller 게임,https://www.youtube.com/watch?v=DBHpJU4uvAk,없음,3일 전
Sky Roller 게임,https://www.youtube.com/watch?v=7jZeuPjkGrs,없음,3일 전
Sky Roller 게임,https://www.youtube.com/watch?v=LfmNMFDJXlE,1회,3일 전
Sky Roller 게임,https://www.youtube.com/watch?v=4kw-1fUh1ac,없음,3일 전
Sky Roller 게임,https://www.youtube.com/watch?v=szn54ZBLlKk,없음,3일 전
Sky Roller 게임,https://www.youtube.com/watch?v=DEbuX7ih2pg,없음,3일 전
Sky Roller 게임,https://www.youtube.com/watch?v=OodPipxaX64,2회,3일 전
Sky Roller 게임,https://www.youtube.com/watch?v=a5nmoKEx_-s,1회,3일 전
Sky Roller 게임,https://www.youtube.com/watch?v=4hsa5xHd8os,3천회,3일 전
Sky Roller 게임,https://www.youtube.com/watch?v=vhfFNKoE0_8,13회,4일 전
Sky Roller 게임,https://www.youtube.com/watch?v=Xf6YugLC5V0,1회,4일 전
Sky Roller 게임,https://www.youtube.com/watch?v=5ufrZ6tegJM,10회,4일 전
Sky Roller 게임,https://www.youtube.com/watch?v=5aWl1RjJhMo,3회,4일 전
Sky Roller 게임,https://www.youtube.com/watch?v=QYCiIN7pQc0,41회,4일 전
Sky Roller 게임,https://www.youtube.com/watch?v=u-tseTacJs8,없음,4일 전
Sky Roller 게임,https://www.youtube.com/watch?v=Yq1DoDF0UC0,없음,4일 전
Sky Roller 게임,https://www.youtube.com/watch?v=5jNt4OE71IY,17회,4일 전
Sky Roller 게임,https://www.youtube.com/watch?v=dKDJZDGcnAM,1회,4일 전
Sky Roller 게임,https://www.youtube.com/watch?v=LOhXZUUl1UE,없음,5일 전
Sky Roller 게임,https://www.youtube.com/watch?v=dyTnhDhpXGU,없음,스트리밍 시간: 5일 전
Sky Roller 게임,https://www.youtube.com/watch?v=PpkLc-88x0A,없음,5일 전
Sky Roller 게임,https://www.youtube.com/watch?v=yo3SfOh6UV0,1회,5일 전
Sky Roller 게임,https://www.youtube.com/watch?v=cI5vzODAIWk,3회,5일 전
Sky Roller 게임,https://www.youtube.com/watch?v=rt1H_S28t6Q,206회,5일 전
Sky Roller 게임,https://www.youtube.com/watch?v=CSt_SFib0BM,없음,5일 전
Sky Roller 게임,https://www.youtube.com/watch?v=gRgSbiGP-8Y,8회,5일 전
Sky Roller 게임,https://www.youtube.com/watch?v=53Ibw1XIWq4,1회,5일 전
Sky Roller 게임,https://www.youtube.com/watch?v=zgQucXxLkFo,5회,5일 전
Sky Roller 게임,https://www.youtube.com/watch?v=_xdu-qqopGE,16회,5일 전
Sky Roller 게임,https://www.youtube.com/watch?v=TKT2v2GxTW8,2회,5일 전
Sky Roller 게임,https://www.youtube.com/watch?v=7xaB4VbvbSw,4회,6일 전
Sky Roller 게임,https://www.youtube.com/watch?v=VUEKy5BZe50,없음,6일 전
Sky Roller 게임,https://www.youtube.com/watch?v=njCsmZ_M044,4회,6일 전
Sky Roller 게임,https://www.youtube.com/watch?v=VEowSi8sL6s,22회,6일 전
Sky Roller 게임,https://www.youtube.com/watch?v=mHl1IkWPZvk,2회,1주 전
Sky Roller 게임,https://www.youtube.com/watch?v=vj8ADH1idcY,없음,1주 전
Sky Roller 게임,https://www.youtube.com/watch?v=AOkqFMNhZdY,20회,1주 전
Sky Roller 게임,https://www.youtube.com/watch?v=1tkSE2_tg1k,없음,1주 전
Sky Roller 게임,https://www.youtube.com/watch?v=aXTieHWpt-w,26회,1주 전
Sky Roller 게임,https://www.youtube.com/watch?v=vylBuZwL8LA,47회,1주 전
Sky Roller 게임,https://www.youtube.com/watch?v=PONUjvqMdU4,3회,1주 전
Sky Roller 게임,https://www.youtube.com/watch?v=cxVFQnekh34,6회,1주 전
Sky Roller 게임,https://www.youtube.com/watch?v=hl7Nqow6arw,33회,1주 전
Sky Roller 게임,https://www.youtube.com/watch?v=KI3qcINcsEE,1회,1주 전
Sky Roller 게임,https://www.youtube.com/watch?v=8au4Y2_mKwA,4회,1주 전
Sky Roller 게임,https://www.youtube.com/watch?v=-Z82m2XJyUc,없음,1주 전
Sky Roller 게임,https://www.youtube.com/watch?v=whM4YQ-SWwQ,9회,1주 전
Sky Roller 게임,https://www.youtube.com/watch?v=sApOqd_ij84,1회,1주 전
Sky Roller 게임,https://www.youtube.com/watch?v=KKAboqleoHg,1회,1주 전
Sky Roller 게임,https://www.youtube.com/watch?v=B6NfCG4Mg0c,7회,1주 전
Sky Roller 게임,https://www.youtube.com/watch?v=u6Sx_AdxaHQ,1회,1주 전
Sky Roller 게임,https://www.youtube.com/watch?v=kHLECvspRr4,없음,1주 전
Sky Roller 게임,https://www.youtube.com/watch?v=7CLpPI8BuO4,50회,1주 전
Sky Roller 게임,https://www.youtube.com/watch?v=gVbJoOs5IrM,1회,1주 전
Sky Roller 게임,https://www.youtube.com/watch?v=UdC6urHa2R8,41회,1주 전
Sky Roller 게임,https://www.youtube.com/watch?v=DndJAxJN6ec,17회,1주 전
Sky Roller 게임,https://www.youtube.com/watch?v=QWgbNtQi10s,없음,1주 전
Sky Roller 게임,https://www.youtube.com/watch?v=LwrOqF7F-n0,1회,1주 전
Sky Roller 게임,https://www.youtube.com/watch?v=ueOFsdk5QHM,1.1천회,1주 전
Sky Roller 게임,https://www.youtube.com/watch?v=cY-C1ydNWx0,2회,1주 전
Sky Roller 게임,https://www.youtube.com/watch?v=s_IQB_-QDLs,없음,1주 전
Sky Roller 게임,https://www.youtube.com/watch?v=GjyCtsc9_gU,없음,1주 전
Sky Roller 게임,https://www.youtube.com/watch?v=l76mUZlKRgU,없음,1주 전
Sky Roller 게임,https://www.youtube.com/watch?v=4FHowTv7o08,7회,1주 전
Sky Roller 게임,https://www.youtube.com/watch?v=L_DvZTveSC0,42회,1주 전
Sky Roller 게임,https://www.youtube.com/watch?v=dpgruS0ob64,9회,1주 전
Sky Roller 게임,https://www.youtube.com/watch?v=l69wTAWSis8,188회,1주 전
Sky Roller 게임,https://www.youtube.com/watch?v=3M2DCtBb4FM,16회,1주 전
Sky Roller 게임,https://www.youtube.com/watch?v=kg1-r2gkbc8,없음,1주 전
Sky Roller 게임,https://www.youtube.com/watch?v=wbwFj_Xu3oE,없음,1주 전
Sky Roller 게임,https://www.youtube.com/watch?v=nNWdWncK0NU,없음,1주 전
Sky Roller 게임,https://www.youtube.com/watch?v=86S6ZLFzURo,1천회,1주 전
Sky Roller 게임,https://www.youtube.com/watch?v=ek6x4HszS2s,3회,1주 전
Sky Roller 게임,https://www.youtube.com/watch?v=KxB3D981ODk,없음,1주 전
Sky Roller 게임,https://www.youtube.com/watch?v=N-4hYNPyhFo,1회,1주 전
Sky Roller 게임,https://www.youtube.com/watch?v=2khvkNq04MI,21회,1주 전
Sky Roller 게임,https://www.youtube.com/watch?v=x5A96qVRJRI,6회,1주 전
Sky Roller 게임,https://www.youtube.com/watch?v=nhc12-Y_i6g,32회,1주 전
Sky Roller 게임,https://www.youtube.com/watch?v=BDiTa_JobLk,7회,1주 전
Sky Roller 게임,https://www.youtube.com/watch?v=N_xE_jzoABA,7회,1주 전
Sky Roller 게임,https://www.youtube.com/watch?v=Bn1QvMabp4E,2회,1주 전
Sky Roller 게임,https://www.youtube.com/watch?v=TcJKdJgvTT8,2회,1주 전
Sky Roller 게임,https://www.youtube.com/watch?v=J-xvSd8fD9g,3회,1주 전
Sky Roller 게임,https://www.youtube.com/watch?v=5mzHIl8b7WQ,9회,1주 전
Sky Roller 게임,https://www.youtube.com/watch?v=MNJxvasY7zQ,21회,1주 전
Sky Roller 게임,https://www.youtube.com/watch?v=qgd6xteFAqw,198회,1주 전
Sky Roller 게임,https://www.youtube.com/watch?v=NBCe4pV_u3M,19회,1주 전
Sky Roller 게임,https://www.youtube.com/watch?v=GbKcOPYbzQQ,4회,1주 전
Sky Roller 게임,https://www.youtube.com/watch?v=ZNv5OpTXO4s,94회,1주 전
Sky Roller 게임,https://www.youtube.com/watch?v=XdX9MrGv-6U,16회,1주 전
Sky Roller 게임,https://www.youtube.com/watch?v=W8uv0yB_pJk,1.1천회,1주 전
Sky Roller 게임,https://www.youtube.com/watch?v=21J07X1r6V8,7회,1주 전
Sky Roller 게임,https://www.youtube.com/watch?v=DS8RX_hSR34,8회,1주 전
Sky Roller 게임,https://www.youtube.com/watch?v=gFqNfz5y5ak,749회,1주 전
Sky Roller 게임,https://www.youtube.com/watch?v=VTMsMCrkbAA,5회,1주 전
Sky Roller 게임,https://www.youtube.com/watch?v=fiJ8pP2LG4o,없음,1주 전
Sky Roller 게임,https://www.youtube.com/watch?v=wh6ZXbWw9TU,없음,1주 전
Sky Roller 게임,https://www.youtube.com/watch?v=czHRr_CRwfk,8회,2주 전
Sky Roller 게임,https://www.youtube.com/watch?v=-n38igLkmeM,294회,2주 전
Sky Roller 게임,https://www.youtube.com/watch?v=3G81hfwh7LA,없음,2주 전
Sky Roller 게임,https://www.youtube.com/watch?v=oDMGkXMV4SA,없음,2주 전
Sky Roller 게임,https://www.youtube.com/watch?v=NT0YUM-7NjY,12회,2주 전
Sky Roller 게임,https://www.youtube.com/watch?v=a0oqh0kb9gE,10회,2주 전
Sky Roller 게임,https://www.youtube.com/watch?v=_H8NKDIgKFc,없음,2주 전
Sky Roller 게임,https://www.youtube.com/watch?v=i5vr5hVeDH8,12회,2주 전
Sky Roller 게임,https://www.youtube.com/watch?v=xh7gd6JXUNA,없음,2주 전
Sky Roller 게임,https://www.youtube.com/watch?v=TN4K52XDMLk,2회,2주 전
Sky Roller 게임,https://www.youtube.com/watch?v=ugMmoUXeU_I,1회,2주 전
Sky Roller 게임,https://www.youtube.com/watch?v=-Ncx4IXp0M4,없음,2주 전
Sky Roller 게임,https://www.youtube.com/watch?v=ORzHRGMr0Ck,402회,2주 전
Sky Roller 게임,https://www.youtube.com/watch?v=PMIXe_-QzaQ,25회,2주 전
Sky Roller 게임,https://www.youtube.com/watch?v=e5FNK0Rl144,없음,2주 전
Sky Roller 게임,https://www.youtube.com/watch?v=SPQkJjiMUHk,2회,2주 전
Sky Roller 게임,https://www.youtube.com/watch?v=86ST6jkkF7E,1회,2주 전
Sky Roller 게임,https://www.youtube.com/watch?v=jOj_9KNmqJM,21회,2주 전
Sky Roller 게임,https://www.youtube.com/watch?v=km-DmvmZkB0,34회,2주 전
Sky Roller 게임,https://www.youtube.com/watch?v=lTxlFu0Ja7o,65회,2주 전
Sky Roller 게임,https://www.youtube.com/watch?v=qgH0QJ2qocg,7회,2주 전
Sky Roller 게임,https://www.youtube.com/watch?v=mMQGVDtjHx8,2회,2주 전
Sky Roller 게임,https://www.youtube.com/watch?v=5rO9uVBJhAY,4회,2주 전
Sky Roller 게임,https://www.youtube.com/watch?v=Ae16HMQ_xUw,27회,2주 전
Sky Roller 게임,https://www.youtube.com/watch?v=BT_6ucMq3-g,1회,2주 전
Sky Roller 게임,https://www.youtube.com/watch?v=DFTGLhHkSTw,6회,2주 전
Sky Roller 게임,https://www.youtube.com/watch?v=sr6-3Q9Tngg,없음,2주 전
Sky Roller 게임,https://www.youtube.com/watch?v=btCNQyVrgrs,5.3천회,2주 전
Sky Roller 게임,https://www.youtube.com/watch?v=KrWdt37VZm4,7회,2주 전
Sky Roller 게임,https://www.youtube.com/watch?v=JnRrZAAxZ1c,2회,2주 전
Sky Roller 게임,https://www.youtube.com/watch?v=gGlhKwG1AIs,3회,2주 전
Sky Roller 게임,https://www.youtube.com/watch?v=SGfStKmN_BQ,2회,2주 전
Sky Roller 게임,https://www.youtube.com/watch?v=oVXtxx4VYBc,없음,2주 전
Sky Roller 게임,https://www.youtube.com/watch?v=-HQHtlsGY-g,33회,2주 전
Sky Roller 게임,https://www.youtube.com/watch?v=mMZ4JSiFDkY,5회,2주 전
Sky Roller 게임,https://www.youtube.com/watch?v=z596WNB69CM,148회,3주 전
Sky Roller 게임,https://www.youtube.com/watch?v=6Z3sCCzoRq8,17회,3주 전
Sky Roller 게임,https://www.youtube.com/watch?v=qboKMmSmpIA,3회,3주 전
Sky Roller 게임,https://www.youtube.com/watch?v=RL3zG4i4Rag,12회,3주 전
Sky Roller 게임,https://www.youtube.com/watch?v=06wSWTd7Mmk,3만회,3주 전
Sky Roller 게임,https://www.youtube.com/watch?v=xnr7bi3HGxA,26회,3주 전
Sky Roller 게임,https://www.youtube.com/watch?v=XkDC5LdajKI,4회,3주 전
Sky Roller 게임,https://www.youtube.com/watch?v=QC0XF9tI_e0,4회,3주 전
Sky Roller 게임,https://www.youtube.com/watch?v=6NBU5WBfmfw,4.1천회,3주 전
Sky Roller 게임,https://www.youtube.com/watch?v=Ux-HfsnHI3U,1.7천회,3주 전
Sky Roller 게임,https://www.youtube.com/watch?v=lyG6wZ_WOcI,1회,3주 전
Sky Roller 게임,https://www.youtube.com/watch?v=bcrB5HgwGos,없음,3주 전
Sky Roller 게임,https://www.youtube.com/watch?v=GN3yZ9MEF7k,1회,3주 전
Sky Roller 게임,https://www.youtube.com/watch?v=5sHtPfLPJCE,28회,3주 전
Sky Roller 게임,https://www.youtube.com/watch?v=4gXBdLb5nWk,3회,3주 전
Sky Roller 게임,https://www.youtube.com/watch?v=MPAWu4w_a-k,6.4천회,3주 전
Sky Roller 게임,https://www.youtube.com/watch?v=zWxxel3sF_0,55회,3주 전
Sky Roller 게임,https://www.youtube.com/watch?v=j8AdGSxhZ-4,9회,3주 전
Sky Roller 게임,https://www.youtube.com/watch?v=wdrWprVvNgM,105회,3주 전
Sky Roller 게임,https://www.youtube.com/watch?v=HW7CPuvCoEg,4회,3주 전
Sky Roller 게임,https://www.youtube.com/watch?v=BkXX2knRzho,6회,3주 전
Sky Roller 게임,https://www.youtube.com/watch?v=OLrDas11WEw,14회,3주 전
Sky Roller 게임,https://www.youtube.com/watch?v=panF_1ChTbU,173회,3주 전
Sky Roller 게임,https://www.youtube.com/watch?v=AcxQqRtPols,264회,4주 전
Sky Roller 게임,https://www.youtube.com/watch?v=3s3gXl2iRUo,5회,4주 전
Sky Roller 게임,https://www.youtube.com/watch?v=K2pFLA3ujgM,6회,1개월 전
Sky Roller 게임,https://www.youtube.com/watch?v=0RN3n4LnoIM,22회,1개월 전
Sky Roller 게임,https://www.youtube.com/watch?v=Q3TJ7GuSd7U,7회,1개월 전
Sky Roller 게임,https://www.youtube.com/watch?v=hKM1y55rYc0,4회,1개월 전
Sky Roller 게임,https://www.youtube.com/watch?v=T2Rb3t38N9o,7회,1개월 전
Sky Roller 게임,https://www.youtube.com/watch?v=7ocq_p8UL7o,9회,1개월 전
Sky Roller 게임,https://www.youtube.com/watch?v=254zALjkftM,55회,1개월 전
Sky Roller 게임,https://www.youtube.com/watch?v=UNMqsXISLgU,6회,1개월 전
Sky Roller 게임,https://www.youtube.com/watch?v=7xrrwrTNrLo,3회,1개월 전
Sky Roller 게임,https://www.youtube.com/watch?v=GnkENLdOjZU,82회,1개월 전
Sky Roller 게임,https://www.youtube.com/watch?v=jVCyo5tQ5rE,196회,1개월 전
Sky Roller 게임,https://www.youtube.com/watch?v=w_oR_RT09vY,41회,1개월 전
Sky Roller 게임,https://www.youtube.com/watch?v=30TNNKgPUY8,9.9천회,1개월 전
Sky Roller 게임,https://www.youtube.com/watch?v=9fRy2nzd6ZY,없음,1개월 전
Sky Roller 게임,https://www.youtube.com/watch?v=NBlxj81XxYI,없음,1개월 전
Sky Roller 게임,https://www.youtube.com/watch?v=OufkvapLNz0,130회,1개월 전
Sky Roller 게임,https://www.youtube.com/watch?v=-IbSQV2ZTGQ,16회,1개월 전
Sky Roller 게임,https://www.youtube.com/watch?v=_HfDyn3KqUc,22회,1개월 전
Sky Roller 게임,https://www.youtube.com/watch?v=k1WW7ietcv8,9회,1개월 전
Sky Roller 게임,https://www.youtube.com/watch?v=JpiC0trCqYs,13회,1개월 전
Sky Roller 게임,https://www.youtube.com/watch?v=_85UHyavs0I,91회,1개월 전
Sky Roller 게임,https://www.youtube.com/watch?v=LGwV0rCytCk,없음,1개월 전
Sky Roller 게임,https://www.youtube.com/watch?v=ljF3EEnkB_I,186회,1개월 전
Sky Roller 게임,https://www.youtube.com/watch?v=iGa9fWUZHjs,3회,1개월 전
Sky Roller 게임,https://www.youtube.com/watch?v=wd-LTLyjAEI,11회,1개월 전
Sky Roller 게임,https://www.youtube.com/watch?v=sOKNLBJC03E,18회,1개월 전
Sky Roller 게임,https://www.youtube.com/watch?v=rcPV6XEkiMQ,23회,1개월 전
Sky Roller 게임,https://www.youtube.com/watch?v=nQId6c6Tats,41회,1개월 전
Sky Roller 게임,https://www.youtube.com/watch?v=5gPcLzRo7Kg,56회,1개월 전
Sky Roller 게임,https://www.youtube.com/watch?v=8SlKAUX10ME,7회,1개월 전
Sky Roller 게임,https://www.youtube.com/watch?v=gG2lBtFSgFE,19회,1개월 전
Sky Roller 게임,https://www.youtube.com/watch?v=Hd-BQHSDFAU,9회,1개월 전
Sky Roller 게임,https://www.youtube.com/watch?v=s0F7gIO1bPQ,6회,1개월 전
Sky Roller 게임,https://www.youtube.com/watch?v=2-81LJHHoqw,13회,1개월 전
Sky Roller 게임,https://www.youtube.com/watch?v=g39maN1gZM4,6회,1개월 전
Sky Roller 게임,https://www.youtube.com/watch?v=dJaO-nXAyN8,60회,1개월 전
Sky Roller 게임,https://www.youtube.com/watch?v=cmdKfs7nL_k,55회,1개월 전
Sky Roller 게임,https://www.youtube.com/watch?v=vdc3G6seGpU,8회,1개월 전
Sky Roller 게임,https://www.youtube.com/watch?v=QTEu_EZJN9E,8회,1개월 전
Sky Roller 게임,https://www.youtube.com/watch?v=0NOVbxWotoA,14회,1개월 전
Sky Roller 게임,https://www.youtube.com/watch?v=-_OtVaQV8to,16회,스트리밍 시간: 1개월 전
Sky Roller 게임,https://www.youtube.com/watch?v=07Ti2fnrQpo,1.6천회,1개월 전
Sky Roller 게임,https://www.youtube.com/watch?v=7fyG1YA147M,11회,1개월 전
Sky Roller 게임,https://www.youtube.com/watch?v=psUXRUPMOq0,57회,1개월 전
Sky Roller 게임,https://www.youtube.com/watch?v=MUVdAuwEQVs,119회,1개월 전
Sky Roller 게임,https://www.youtube.com/watch?v=xHUJF3OF8Mo,4회,1개월 전
Sky Roller 게임,https://www.youtube.com/watch?v=J3YCRZjvkLM,477회,1개월 전
Sky Roller 게임,https://www.youtube.com/watch?v=5KnZbhZ4iEs,128회,1개월 전
Sky Roller 게임,https://www.youtube.com/watch?v=friAH8WQSh4,16회,1개월 전
Sky Roller 게임,https://www.youtube.com/watch?v=uj9FwTGc-t0,84회,1개월 전
Sky Roller 게임,https://www.youtube.com/watch?v=lAlOW8lwU1Y,1.4천회,1개월 전
Sky Roller 게임,https://www.youtube.com/watch?v=V_PvU1y3NMc,33회,1개월 전
Sky Roller 게임,https://www.youtube.com/watch?v=Mlr5SbddSXw,101회,1개월 전
Sky Roller 게임,https://www.youtube.com/watch?v=j0M2jzjjZtg,6회,1개월 전
Sky Roller 게임,https://www.youtube.com/watch?v=vH0L9X-Xk1A,4.9천회,1개월 전
Sky Roller 게임,https://www.youtube.com/watch?v=VZBydE7jHJw,1.6천회,1개월 전
Sky Roller 게임,https://www.youtube.com/watch?v=bKUMw6t6pf0,8.4만회,1개월 전
Sky Roller 게임,https://www.youtube.com/watch?v=K79bfPQUt7I,44회,1개월 전
Sky Roller 게임,https://www.youtube.com/watch?v=_x1sZlKNo_k,4.4천회,1개월 전
Sky Roller 게임,https://www.youtube.com/watch?v=ijcGp81CG44,239회,1개월 전
Sky Roller 게임,https://www.youtube.com/watch?v=X1v0Tj0UE2I,7.8천회,1개월 전
Sky Roller 게임,https://www.youtube.com/watch?v=Mzei9p3e5eg,11만회,2개월 전
Sky Roller 게임,https://www.youtube.com/watch?v=17POy9IKX2g,2.1만회,3개월 전
Sky Roller 게임,https://www.youtube.com/watch?v=fgy9cw7y9i0,8회,5개월 전
Sky Roller 게임,https://www.youtube.com/watch?v=6jL2_eYIV6Y,488회,6개월 전
Sky Roller 게임,https://www.youtube.com/watch?v=0V9KMeKF8V4,5.7만회,6개월 전
Sky Roller 게임,https://www.youtube.com/watch?v=WCbhFWcXrj0,5.4만회,7개월 전
Sky Roller 게임,https://www.youtube.com/watch?v=zhdBSdh1c3E,279회,8개월 전
Sky Roller 게임,https://www.youtube.com/watch?v=QZaTceYdKUA,7회,8개월 전
Sky Roller 게임,https://www.youtube.com/watch?v=DvNqjHBCTM0,11만회,10개월 전
Sky Roller 게임,https://www.youtube.com/watch?v=7DhNgLsEVRk,31만회,11개월 전
