﻿search,youtube_url,viewer,upload
기적의 검 게임,https://www.youtube.com/watch?v=7KXPiKlVKGI,255회,19시간 전
기적의 검 게임,https://www.youtube.com/watch?v=29bImNMqwow,1회,1일 전
기적의 검 게임,https://www.youtube.com/watch?v=VyQ3bKpg5VQ,14회,1일 전
기적의 검 게임,https://www.youtube.com/watch?v=Jp2u3QZ8RnU,없음,2일 전
기적의 검 게임,https://www.youtube.com/watch?v=MbMGQFbp6Kw,234회,2일 전
기적의 검 게임,https://www.youtube.com/watch?v=l-tMDMVYhAM,478회,3일 전
기적의 검 게임,https://www.youtube.com/watch?v=DQ9j150Ofmg,1회,3일 전
기적의 검 게임,https://www.youtube.com/watch?v=PEphWS1L46g,1회,3일 전
기적의 검 게임,https://www.youtube.com/watch?v=ic4RMXBNrX8,261회,3일 전
기적의 검 게임,https://www.youtube.com/watch?v=RkERMda8KKM,2회,4일 전
기적의 검 게임,https://www.youtube.com/watch?v=46ALHcfYrGI,8회,4일 전
기적의 검 게임,https://www.youtube.com/watch?v=WzGutWNuFJw,256회,4일 전
기적의 검 게임,https://www.youtube.com/watch?v=LgYfua1YK4s,6회,5일 전
기적의 검 게임,https://www.youtube.com/watch?v=0bYxZgEZol4,4회,5일 전
기적의 검 게임,https://www.youtube.com/watch?v=5TayLB05_ho,302회,5일 전
기적의 검 게임,https://www.youtube.com/watch?v=gxvZB2h4elo,10회,5일 전
기적의 검 게임,https://www.youtube.com/watch?v=ctCdnFgHjkc,914회,5일 전
기적의 검 게임,https://www.youtube.com/watch?v=8vokBU-ejy8,76회,5일 전
기적의 검 게임,https://www.youtube.com/watch?v=YYRHIqk9j0w,29회,5일 전
기적의 검 게임,https://www.youtube.com/watch?v=oZgUZpqqzCc,2회,5일 전
기적의 검 게임,https://www.youtube.com/watch?v=29gkn6h39v8,2회,6일 전
기적의 검 게임,https://www.youtube.com/watch?v=cltNNE1lmZQ,45회,6일 전
기적의 검 게임,https://www.youtube.com/watch?v=0iVzDon9Sog,26회,6일 전
기적의 검 게임,https://www.youtube.com/watch?v=7MG4oEloOKg,2.2천회,6일 전
기적의 검 게임,https://www.youtube.com/watch?v=eEC9fPKcoHM,6회,6일 전
기적의 검 게임,https://www.youtube.com/watch?v=Y0qc0odLoIA,없음,1주 전
기적의 검 게임,https://www.youtube.com/watch?v=FvAKe_N6LAQ,1천회,1주 전
기적의 검 게임,https://www.youtube.com/watch?v=eyRd3dULY-U,20회,1주 전
기적의 검 게임,https://www.youtube.com/watch?v=qav31A9-jQ8,3.2천회,1주 전
기적의 검 게임,https://www.youtube.com/watch?v=xa5OxzrzO70,4.1천회,1주 전
기적의 검 게임,https://www.youtube.com/watch?v=v6kT41MhjZs,2회,1주 전
기적의 검 게임,https://www.youtube.com/watch?v=1lLwvwahaTg,1.2천회,스트리밍 시간: 1주 전
기적의 검 게임,https://www.youtube.com/watch?v=eZWA7c2xS48,566회,1주 전
기적의 검 게임,https://www.youtube.com/watch?v=YYYfaPSwNvc,12회,1주 전
기적의 검 게임,https://www.youtube.com/watch?v=-mPFEIN-wIo,1회,1주 전
기적의 검 게임,https://www.youtube.com/watch?v=eX0tD-cL4tI,430회,1주 전
기적의 검 게임,https://www.youtube.com/watch?v=Zw9c4VMpnNw,444회,1주 전
기적의 검 게임,https://www.youtube.com/watch?v=m8Emi3fyAaU,301회,1주 전
기적의 검 게임,https://www.youtube.com/watch?v=86wqnP3M8iQ,39회,1주 전
기적의 검 게임,https://www.youtube.com/watch?v=oO52V3sVbTE,402회,1주 전
기적의 검 게임,https://www.youtube.com/watch?v=CTr_WZzmWls,1.6만회,1주 전
기적의 검 게임,https://www.youtube.com/watch?v=Jv796brie6Y,2회,1주 전
기적의 검 게임,https://www.youtube.com/watch?v=aOUJ5bQ-1Q0,37회,1주 전
기적의 검 게임,https://www.youtube.com/watch?v=PnacHEHLBFI,1.1천회,1주 전
기적의 검 게임,https://www.youtube.com/watch?v=EQYkSHXV0jY,228회,1주 전
기적의 검 게임,https://www.youtube.com/watch?v=4MaMUd6VyoY,251회,1주 전
기적의 검 게임,https://www.youtube.com/watch?v=Ve-QMVgTZC0,8.5천회,2주 전
기적의 검 게임,https://www.youtube.com/watch?v=CxYm_Zeouwg,42회,2주 전
기적의 검 게임,https://www.youtube.com/watch?v=0M9aJZLLlCI,161회,2주 전
기적의 검 게임,https://www.youtube.com/watch?v=zugR5TUzyOQ,78회,2주 전
기적의 검 게임,https://www.youtube.com/watch?v=tmpxSXeJp9c,없음,2주 전
기적의 검 게임,https://www.youtube.com/watch?v=ToZUl--ksAI,44회,2주 전
기적의 검 게임,https://www.youtube.com/watch?v=roSH1rCOCHo,9.1천회,2주 전
기적의 검 게임,https://www.youtube.com/watch?v=AQSBY0JOI_I,6회,2주 전
기적의 검 게임,https://www.youtube.com/watch?v=Cqil1J1rnpE,8회,2주 전
기적의 검 게임,https://www.youtube.com/watch?v=iesszCz4D0c,243회,2주 전
기적의 검 게임,https://www.youtube.com/watch?v=BDqR0aOAmls,7.3천회,2주 전
기적의 검 게임,https://www.youtube.com/watch?v=a1XV_ewjh-g,1회,2주 전
기적의 검 게임,https://www.youtube.com/watch?v=MXBKSKySEb0,없음,3주 전
기적의 검 게임,https://www.youtube.com/watch?v=HSaWoHBUUC4,10회,3주 전
기적의 검 게임,https://www.youtube.com/watch?v=HSOWDZdKd6o,54회,3주 전
기적의 검 게임,https://www.youtube.com/watch?v=1UovYFW8n70,40회,3주 전
기적의 검 게임,https://www.youtube.com/watch?v=6m_U6NKkX5E,260회,3주 전
기적의 검 게임,https://www.youtube.com/watch?v=wdgCGLcGJY8,53회,3주 전
기적의 검 게임,https://www.youtube.com/watch?v=4ZNpn1xkusY,100회,3주 전
기적의 검 게임,https://www.youtube.com/watch?v=XSxxw7b5Dj4,24회,3주 전
기적의 검 게임,https://www.youtube.com/watch?v=6KaHhP-tBsA,320회,3주 전
기적의 검 게임,https://www.youtube.com/watch?v=q16H1HCMO-M,66회,3주 전
기적의 검 게임,https://www.youtube.com/watch?v=Sb3b8vGsJs4,173회,3주 전
기적의 검 게임,https://www.youtube.com/watch?v=9N-s7kEq8_c,1천회,3주 전
기적의 검 게임,https://www.youtube.com/watch?v=zSzDVGZgMn8,7회,3주 전
기적의 검 게임,https://www.youtube.com/watch?v=UGcliC0R2wc,62회,3주 전
기적의 검 게임,https://www.youtube.com/watch?v=dbMpilgaJZs,42회,3주 전
기적의 검 게임,https://www.youtube.com/watch?v=hDJuzkGepMw,257회,3주 전
기적의 검 게임,https://www.youtube.com/watch?v=AxICSUdBVbQ,594회,4주 전
기적의 검 게임,https://www.youtube.com/watch?v=Ow6pA4P51RU,2.5천회,1개월 전
기적의 검 게임,https://www.youtube.com/watch?v=hydEvssiqcQ,3.5만회,1개월 전
기적의 검 게임,https://www.youtube.com/watch?v=6Zpl7GPc3lk,165회,1개월 전
기적의 검 게임,https://www.youtube.com/watch?v=dX786Nee62g,508회,1개월 전
기적의 검 게임,https://www.youtube.com/watch?v=p6zrCKMWmMQ,641회,1개월 전
기적의 검 게임,https://www.youtube.com/watch?v=B-BcJGYx6qk,82회,1개월 전
기적의 검 게임,https://www.youtube.com/watch?v=DHZw8jjq19Q,96만회,1개월 전
기적의 검 게임,https://www.youtube.com/watch?v=xpQRHEyBxn0,2.2천회,1개월 전
기적의 검 게임,https://www.youtube.com/watch?v=3B8y2JfkRnw,1.5천회,1개월 전
기적의 검 게임,https://www.youtube.com/watch?v=p_gnvVEzzls,3.2천회,1개월 전
기적의 검 게임,https://www.youtube.com/watch?v=-z_Rx2BqGcg,45회,1개월 전
기적의 검 게임,https://www.youtube.com/watch?v=ENkygoPYqxU,2천회,1개월 전
기적의 검 게임,https://www.youtube.com/watch?v=Z50TlSbz7Q0,76회,1개월 전
기적의 검 게임,https://www.youtube.com/watch?v=yim6s8zo0AU,1.2천회,1개월 전
기적의 검 게임,https://www.youtube.com/watch?v=6pI-GYu6nxQ,181회,1개월 전
기적의 검 게임,https://www.youtube.com/watch?v=rNq_DPs-oHs,537회,1개월 전
기적의 검 게임,https://www.youtube.com/watch?v=-x7f-KBdYTk,27회,1개월 전
기적의 검 게임,https://www.youtube.com/watch?v=F-6F52lkRtI,14회,1개월 전
기적의 검 게임,https://www.youtube.com/watch?v=2AE9cBf1UXg,364회,1개월 전
기적의 검 게임,https://www.youtube.com/watch?v=cHlRvzpd6Po,129회,1개월 전
기적의 검 게임,https://www.youtube.com/watch?v=fi2JfG8obpc,51회,1개월 전
기적의 검 게임,https://www.youtube.com/watch?v=ijUx4WoJmMs,828회,1개월 전
기적의 검 게임,https://www.youtube.com/watch?v=goZY2mXnjm8,77회,1개월 전
기적의 검 게임,https://www.youtube.com/watch?v=Wbk7K_qMZYE,3.1만회,1개월 전
기적의 검 게임,https://www.youtube.com/watch?v=eBPzXhPwL0g,2.2만회,1개월 전
기적의 검 게임,https://www.youtube.com/watch?v=WW-YP6dR4fA,2.9천회,1개월 전
기적의 검 게임,https://www.youtube.com/watch?v=nOG2HOYB9nc,319회,1개월 전
기적의 검 게임,https://www.youtube.com/watch?v=bPbv6w9Ee0g,205회,1개월 전
기적의 검 게임,https://www.youtube.com/watch?v=F05tg2vbFRo,8.2만회,2개월 전
기적의 검 게임,https://www.youtube.com/watch?v=dZ6BuD9jpGc,249회,2개월 전
기적의 검 게임,https://www.youtube.com/watch?v=F1aURU84u9E,1.5천회,2개월 전
기적의 검 게임,https://www.youtube.com/watch?v=mKK3y6P9Qzg,299회,2개월 전
기적의 검 게임,https://www.youtube.com/watch?v=1ww-praZbNk,288회,2개월 전
기적의 검 게임,https://www.youtube.com/watch?v=bqEvT5xBPZM,197회,2개월 전
기적의 검 게임,https://www.youtube.com/watch?v=2wAGEDOIbyc,8.5천회,2개월 전
기적의 검 게임,https://www.youtube.com/watch?v=2iIIlVFpQ78,7.1천회,2개월 전
기적의 검 게임,https://www.youtube.com/watch?v=VrMLzR8VcOk,1만회,2개월 전
기적의 검 게임,https://www.youtube.com/watch?v=nMxyaYgll3g,2천회,2개월 전
기적의 검 게임,https://www.youtube.com/watch?v=VUpAVl52WAQ,55회,2개월 전
기적의 검 게임,https://www.youtube.com/watch?v=yify1WLoCYU,117회,2개월 전
기적의 검 게임,https://www.youtube.com/watch?v=iOAnE_4HgP4,5.9만회,2개월 전
기적의 검 게임,https://www.youtube.com/watch?v=y-yt2OK7WXY,221회,2개월 전
기적의 검 게임,https://www.youtube.com/watch?v=HUyNyfqNDMk,207회,2개월 전
기적의 검 게임,https://www.youtube.com/watch?v=PJCFFWnzA1g,154회,2개월 전
기적의 검 게임,https://www.youtube.com/watch?v=GsOFgE2nTqU,462회,2개월 전
기적의 검 게임,https://www.youtube.com/watch?v=zs4A1nmqjYg,2.2천회,2개월 전
기적의 검 게임,https://www.youtube.com/watch?v=XDnQiYRsym8,128회,2개월 전
기적의 검 게임,https://www.youtube.com/watch?v=QAM43M9RULU,1.9만회,2개월 전
기적의 검 게임,https://www.youtube.com/watch?v=hVUT_Q6lHao,173회,2개월 전
기적의 검 게임,https://www.youtube.com/watch?v=QC0dBPp34MU,242회,2개월 전
기적의 검 게임,https://www.youtube.com/watch?v=y4EQfm73Iq0,9.6천회,2개월 전
기적의 검 게임,https://www.youtube.com/watch?v=Io31MoGQV8s,271회,3개월 전
기적의 검 게임,https://www.youtube.com/watch?v=2PHbuwHMmLg,4.8천회,스트리밍 시간: 3개월 전
기적의 검 게임,https://www.youtube.com/watch?v=B-wOxL_VNxk,6.6천회,3개월 전
기적의 검 게임,https://www.youtube.com/watch?v=hMoOXbuwk08,69회,3개월 전
기적의 검 게임,https://www.youtube.com/watch?v=0cyzULXNj1M,4만회,3개월 전
기적의 검 게임,https://www.youtube.com/watch?v=FTuTKy4VSUs,1.8만회,3개월 전
기적의 검 게임,https://www.youtube.com/watch?v=wYzFj1iu_EM,2.8천회,3개월 전
기적의 검 게임,https://www.youtube.com/watch?v=trc0yWKAOBY,3.9만회,3개월 전
기적의 검 게임,https://www.youtube.com/watch?v=bkBm3T6P1qI,391회,3개월 전
기적의 검 게임,https://www.youtube.com/watch?v=4ZtGcILx1Ig,1.5천회,스트리밍 시간: 3개월 전
기적의 검 게임,https://www.youtube.com/watch?v=UOyCq45Z-Uw,725회,스트리밍 시간: 3개월 전
기적의 검 게임,https://www.youtube.com/watch?v=mY9VfnaWjHM,7.3천회,3개월 전
기적의 검 게임,https://www.youtube.com/watch?v=uNQsfK-J7xY,1.2만회,3개월 전
기적의 검 게임,https://www.youtube.com/watch?v=ybwI8OWZKVA,7.5천회,3개월 전
기적의 검 게임,https://www.youtube.com/watch?v=g4vjyfjd-bo,2.1만회,3개월 전
기적의 검 게임,https://www.youtube.com/watch?v=dbu1rEjpj4w,2.2천회,3개월 전
기적의 검 게임,https://www.youtube.com/watch?v=obHR4YQWjwI,3.9만회,3개월 전
기적의 검 게임,https://www.youtube.com/watch?v=CT1xPkfJMDE,313회,3개월 전
기적의 검 게임,https://www.youtube.com/watch?v=h_zYkrwfXNE,10회,4개월 전
기적의 검 게임,https://www.youtube.com/watch?v=510PYKqrzN4,25회,5개월 전
기적의 검 게임,https://www.youtube.com/watch?v=FZGIenW8U1c,25회,6개월 전
기적의 검 게임,https://www.youtube.com/watch?v=8hrb0qjp7pc,6.6천회,6개월 전
기적의 검 게임,https://www.youtube.com/watch?v=QhpIQ9QkeD0,1.8천회,6개월 전
기적의 검 게임,https://www.youtube.com/watch?v=zMLcWO8-LT4,22만회,10개월 전
기적의 검 게임,https://www.youtube.com/watch?v=CEI2wW3pX-Q,6.3만회,10개월 전
