﻿search,youtube_url,viewer,upload
바이러스 워 - 우주 슈팅 게임 게임,https://www.youtube.com/watch?v=dvQYXCCHHFQ,20회,1주 전
바이러스 워 - 우주 슈팅 게임 게임,https://www.youtube.com/watch?v=Q9eWpCcdXmA,44회,1개월 전
바이러스 워 - 우주 슈팅 게임 게임,https://www.youtube.com/watch?v=MP2YHlGEs30,106회,1개월 전
바이러스 워 - 우주 슈팅 게임 게임,https://www.youtube.com/watch?v=3lGMZMETe-A,3회,1개월 전
바이러스 워 - 우주 슈팅 게임 게임,https://www.youtube.com/watch?v=3EmYF0kKP2s,40회,1개월 전
바이러스 워 - 우주 슈팅 게임 게임,https://www.youtube.com/watch?v=KlLp2LEayIc,32회,1개월 전
바이러스 워 - 우주 슈팅 게임 게임,https://www.youtube.com/watch?v=M0gYFctwqPE,없음,1개월 전
바이러스 워 - 우주 슈팅 게임 게임,https://www.youtube.com/watch?v=rI52b4BJZl8,572회,1개월 전
바이러스 워 - 우주 슈팅 게임 게임,https://www.youtube.com/watch?v=nMWQIlE0HHM,53회,1개월 전
바이러스 워 - 우주 슈팅 게임 게임,https://www.youtube.com/watch?v=sHeQDQ2D-Ko,105회,2개월 전
바이러스 워 - 우주 슈팅 게임 게임,https://www.youtube.com/watch?v=u5Jbrpc37WA,11회,2개월 전
바이러스 워 - 우주 슈팅 게임 게임,https://www.youtube.com/watch?v=_FqFarSNYJs,49회,2개월 전
바이러스 워 - 우주 슈팅 게임 게임,https://www.youtube.com/watch?v=c-nRkTwlpuM,50회,2개월 전
바이러스 워 - 우주 슈팅 게임 게임,https://www.youtube.com/watch?v=cf7ekh_rFkA,1.1천회,2개월 전
바이러스 워 - 우주 슈팅 게임 게임,https://www.youtube.com/watch?v=jiFm1T1Agc8,91회,2개월 전
바이러스 워 - 우주 슈팅 게임 게임,https://www.youtube.com/watch?v=OzHPOwhc2XA,325회,2개월 전
바이러스 워 - 우주 슈팅 게임 게임,https://www.youtube.com/watch?v=GXQoEr8BFJ8,41회,2개월 전
바이러스 워 - 우주 슈팅 게임 게임,https://www.youtube.com/watch?v=P8uOI0qRRXU,1.5천회,2개월 전
바이러스 워 - 우주 슈팅 게임 게임,https://www.youtube.com/watch?v=S1e-URlT83s,180회,2개월 전
바이러스 워 - 우주 슈팅 게임 게임,https://www.youtube.com/watch?v=5sHsdlQqaYA,86회,2개월 전
바이러스 워 - 우주 슈팅 게임 게임,https://www.youtube.com/watch?v=hGvAfcT-EFE,130회,2개월 전
바이러스 워 - 우주 슈팅 게임 게임,https://www.youtube.com/watch?v=5XkCR-OmJ3c,6.1천회,3개월 전
바이러스 워 - 우주 슈팅 게임 게임,https://www.youtube.com/watch?v=l3JT8QVFmaY,280회,3개월 전
바이러스 워 - 우주 슈팅 게임 게임,https://www.youtube.com/watch?v=IaLPJZUZ-cg,102회,3개월 전
바이러스 워 - 우주 슈팅 게임 게임,https://www.youtube.com/watch?v=SQ05-7EWmWE,35회,3개월 전
바이러스 워 - 우주 슈팅 게임 게임,https://www.youtube.com/watch?v=Ty6ffeUHgv0,476회,3개월 전
바이러스 워 - 우주 슈팅 게임 게임,https://www.youtube.com/watch?v=P9Nm0ZQHh4E,1.7천회,3개월 전
바이러스 워 - 우주 슈팅 게임 게임,https://www.youtube.com/watch?v=ZKi6ZhGqsM8,301회,3개월 전
바이러스 워 - 우주 슈팅 게임 게임,https://www.youtube.com/watch?v=A8OY68T7eKs,54회,3개월 전
바이러스 워 - 우주 슈팅 게임 게임,https://www.youtube.com/watch?v=4pztClusKPQ,446회,3개월 전
바이러스 워 - 우주 슈팅 게임 게임,https://www.youtube.com/watch?v=z8dIa2Ek-pE,505회,3개월 전
바이러스 워 - 우주 슈팅 게임 게임,https://www.youtube.com/watch?v=n2zXJUEMfPE,535회,3개월 전
바이러스 워 - 우주 슈팅 게임 게임,https://www.youtube.com/watch?v=er0qGNV6I_8,45회,3개월 전
바이러스 워 - 우주 슈팅 게임 게임,https://www.youtube.com/watch?v=MaaaFHGWkGQ,301회,3개월 전
바이러스 워 - 우주 슈팅 게임 게임,https://www.youtube.com/watch?v=g_G-7txVND8,458회,3개월 전
바이러스 워 - 우주 슈팅 게임 게임,https://www.youtube.com/watch?v=nOT1sXTAfpo,44회,3개월 전
바이러스 워 - 우주 슈팅 게임 게임,https://www.youtube.com/watch?v=FznU7nC2XUE,195회,3개월 전
바이러스 워 - 우주 슈팅 게임 게임,https://www.youtube.com/watch?v=6Lhl-k-sbp0,249회,3개월 전
바이러스 워 - 우주 슈팅 게임 게임,https://www.youtube.com/watch?v=JxF_-Jpeaxs,1천회,3개월 전
바이러스 워 - 우주 슈팅 게임 게임,https://www.youtube.com/watch?v=nP3jD7oWc04,96회,3개월 전
바이러스 워 - 우주 슈팅 게임 게임,https://www.youtube.com/watch?v=KS-BkDuChfU,304회,3개월 전
바이러스 워 - 우주 슈팅 게임 게임,https://www.youtube.com/watch?v=CqYGfl62HQc,1.8천회,3개월 전
바이러스 워 - 우주 슈팅 게임 게임,https://www.youtube.com/watch?v=ol8hNW47UVA,76회,3개월 전
바이러스 워 - 우주 슈팅 게임 게임,https://www.youtube.com/watch?v=xtTi3yVliMk,48회,3개월 전
바이러스 워 - 우주 슈팅 게임 게임,https://www.youtube.com/watch?v=h2OhZzNZk_A,1천회,3개월 전
바이러스 워 - 우주 슈팅 게임 게임,https://www.youtube.com/watch?v=qnnFgoBJ6Fo,146회,3개월 전
바이러스 워 - 우주 슈팅 게임 게임,https://www.youtube.com/watch?v=4mQP_aAYYvg,149회,3개월 전
바이러스 워 - 우주 슈팅 게임 게임,https://www.youtube.com/watch?v=Gp51fzoAwk8,64회,3개월 전
바이러스 워 - 우주 슈팅 게임 게임,https://www.youtube.com/watch?v=ksBqCD_7lvU,75회,3개월 전
바이러스 워 - 우주 슈팅 게임 게임,https://www.youtube.com/watch?v=VOFv16weVRQ,35회,3개월 전
바이러스 워 - 우주 슈팅 게임 게임,https://www.youtube.com/watch?v=WGrXh3efI-o,157회,4개월 전
바이러스 워 - 우주 슈팅 게임 게임,https://www.youtube.com/watch?v=hd8ZgzZ3Y3E,991회,4개월 전
바이러스 워 - 우주 슈팅 게임 게임,https://www.youtube.com/watch?v=kiRPsgIMeds,61회,4개월 전
바이러스 워 - 우주 슈팅 게임 게임,https://www.youtube.com/watch?v=d9esUXVCkdg,223회,4개월 전
바이러스 워 - 우주 슈팅 게임 게임,https://www.youtube.com/watch?v=MsTNglzaUqw,209회,4개월 전
바이러스 워 - 우주 슈팅 게임 게임,https://www.youtube.com/watch?v=Wi9ziWPdxaI,47회,4개월 전
바이러스 워 - 우주 슈팅 게임 게임,https://www.youtube.com/watch?v=nqWGa_GMVGU,73회,4개월 전
바이러스 워 - 우주 슈팅 게임 게임,https://www.youtube.com/watch?v=Xq7n3QXGk_4,183회,4개월 전
바이러스 워 - 우주 슈팅 게임 게임,https://www.youtube.com/watch?v=TFOODVF4XVE,55회,4개월 전
바이러스 워 - 우주 슈팅 게임 게임,https://www.youtube.com/watch?v=ImNAiemCwU8,80회,4개월 전
바이러스 워 - 우주 슈팅 게임 게임,https://www.youtube.com/watch?v=TRikSWv5OGI,63회,4개월 전
바이러스 워 - 우주 슈팅 게임 게임,https://www.youtube.com/watch?v=wdaiSiuU3a4,353회,4개월 전
바이러스 워 - 우주 슈팅 게임 게임,https://www.youtube.com/watch?v=cosx2wuLHbs,89회,4개월 전
바이러스 워 - 우주 슈팅 게임 게임,https://www.youtube.com/watch?v=C58o621Bhb8,95회,4개월 전
바이러스 워 - 우주 슈팅 게임 게임,https://www.youtube.com/watch?v=Vgk4qp3oLpk,60회,4개월 전
바이러스 워 - 우주 슈팅 게임 게임,https://www.youtube.com/watch?v=9zzsqK1aCZM,102회,4개월 전
바이러스 워 - 우주 슈팅 게임 게임,https://www.youtube.com/watch?v=c_ldn4l5Me8,77회,4개월 전
바이러스 워 - 우주 슈팅 게임 게임,https://www.youtube.com/watch?v=n7zQBvEk6Rk,79회,4개월 전
바이러스 워 - 우주 슈팅 게임 게임,https://www.youtube.com/watch?v=KEJoLsaE52g,98회,4개월 전
바이러스 워 - 우주 슈팅 게임 게임,https://www.youtube.com/watch?v=ljdCRPP3LcU,49회,4개월 전
바이러스 워 - 우주 슈팅 게임 게임,https://www.youtube.com/watch?v=1iyyy4H4mXI,60회,4개월 전
바이러스 워 - 우주 슈팅 게임 게임,https://www.youtube.com/watch?v=5UfunwLO_8I,138회,4개월 전
바이러스 워 - 우주 슈팅 게임 게임,https://www.youtube.com/watch?v=tyvVC-DvTrk,56회,4개월 전
바이러스 워 - 우주 슈팅 게임 게임,https://www.youtube.com/watch?v=tMe_R72_9jA,65회,4개월 전
바이러스 워 - 우주 슈팅 게임 게임,https://www.youtube.com/watch?v=juGtjhk5uTQ,109회,4개월 전
바이러스 워 - 우주 슈팅 게임 게임,https://www.youtube.com/watch?v=BCC7j19xTvk,73회,4개월 전
바이러스 워 - 우주 슈팅 게임 게임,https://www.youtube.com/watch?v=sVz4FMnvWss,104회,4개월 전
바이러스 워 - 우주 슈팅 게임 게임,https://www.youtube.com/watch?v=oIjWfiJg3Z4,100회,4개월 전
바이러스 워 - 우주 슈팅 게임 게임,https://www.youtube.com/watch?v=UUWC0yhC7CE,203회,4개월 전
바이러스 워 - 우주 슈팅 게임 게임,https://www.youtube.com/watch?v=xr4bH_29wu8,93회,4개월 전
바이러스 워 - 우주 슈팅 게임 게임,https://www.youtube.com/watch?v=Iuh3lSdXvrU,136회,4개월 전
바이러스 워 - 우주 슈팅 게임 게임,https://www.youtube.com/watch?v=LnkF1jgFfMM,54회,4개월 전
바이러스 워 - 우주 슈팅 게임 게임,https://www.youtube.com/watch?v=-hPQ6NNrtvc,35회,4개월 전
바이러스 워 - 우주 슈팅 게임 게임,https://www.youtube.com/watch?v=Tv2WDqIcniQ,17회,4개월 전
바이러스 워 - 우주 슈팅 게임 게임,https://www.youtube.com/watch?v=nLGLLDzbGJI,189회,4개월 전
바이러스 워 - 우주 슈팅 게임 게임,https://www.youtube.com/watch?v=sK3m6hxRlxM,8회,4개월 전
바이러스 워 - 우주 슈팅 게임 게임,https://www.youtube.com/watch?v=Uu7RG_YuGzI,11회,4개월 전
바이러스 워 - 우주 슈팅 게임 게임,https://www.youtube.com/watch?v=6hf6ctRYWB4,11회,4개월 전
바이러스 워 - 우주 슈팅 게임 게임,https://www.youtube.com/watch?v=mtQ_eCtsSho,2회,4개월 전
바이러스 워 - 우주 슈팅 게임 게임,https://www.youtube.com/watch?v=reXrDu6CEcU,16회,4개월 전
바이러스 워 - 우주 슈팅 게임 게임,https://www.youtube.com/watch?v=IkR1V19fx3k,10회,4개월 전
바이러스 워 - 우주 슈팅 게임 게임,https://www.youtube.com/watch?v=ivlKJ-qikgw,11회,4개월 전
바이러스 워 - 우주 슈팅 게임 게임,https://www.youtube.com/watch?v=C5yVlnYbGPQ,5회,4개월 전
바이러스 워 - 우주 슈팅 게임 게임,https://www.youtube.com/watch?v=HVSamA-uy10,8회,4개월 전
바이러스 워 - 우주 슈팅 게임 게임,https://www.youtube.com/watch?v=sxxOdzVQE3Q,630회,4개월 전
바이러스 워 - 우주 슈팅 게임 게임,https://www.youtube.com/watch?v=hPMtfD35t3k,207회,4개월 전
바이러스 워 - 우주 슈팅 게임 게임,https://www.youtube.com/watch?v=xWVIumB3kTo,8회,4개월 전
바이러스 워 - 우주 슈팅 게임 게임,https://www.youtube.com/watch?v=bV4Jn1kdqrc,10회,4개월 전
바이러스 워 - 우주 슈팅 게임 게임,https://www.youtube.com/watch?v=iVXZqiFhzj4,14회,4개월 전
바이러스 워 - 우주 슈팅 게임 게임,https://www.youtube.com/watch?v=7uTUiXNQT2k,20회,4개월 전
바이러스 워 - 우주 슈팅 게임 게임,https://www.youtube.com/watch?v=pl3bu5OFGOU,10회,4개월 전
바이러스 워 - 우주 슈팅 게임 게임,https://www.youtube.com/watch?v=LVjCmsto2l4,3회,4개월 전
바이러스 워 - 우주 슈팅 게임 게임,https://www.youtube.com/watch?v=Mim7hFj8JLs,35회,5개월 전
바이러스 워 - 우주 슈팅 게임 게임,https://www.youtube.com/watch?v=SUGeCLaj1nQ,3회,5개월 전
바이러스 워 - 우주 슈팅 게임 게임,https://www.youtube.com/watch?v=2kBwbJUravg,2회,5개월 전
바이러스 워 - 우주 슈팅 게임 게임,https://www.youtube.com/watch?v=thuE1WySOQo,16회,5개월 전
바이러스 워 - 우주 슈팅 게임 게임,https://www.youtube.com/watch?v=-rzri9CGpJA,385회,5개월 전
바이러스 워 - 우주 슈팅 게임 게임,https://www.youtube.com/watch?v=yaaTB5eVnYU,204회,5개월 전
바이러스 워 - 우주 슈팅 게임 게임,https://www.youtube.com/watch?v=K1y9mUqYR4A,121회,5개월 전
바이러스 워 - 우주 슈팅 게임 게임,https://www.youtube.com/watch?v=p64m716rBGo,368회,5개월 전
바이러스 워 - 우주 슈팅 게임 게임,https://www.youtube.com/watch?v=GRA0u5kAnHw,26회,5개월 전
바이러스 워 - 우주 슈팅 게임 게임,https://www.youtube.com/watch?v=Z9iGAv1v7Lw,54회,6개월 전
바이러스 워 - 우주 슈팅 게임 게임,https://www.youtube.com/watch?v=ogn5Vm6r3Dc,399회,6개월 전
