﻿search,youtube_url,viewer,upload
1945 게임,https://www.youtube.com/watch?v=pkhRVrDyARY,13회,3일 전
1945 게임,https://www.youtube.com/watch?v=ipEfUVorHd0,없음,1주 전
1945 게임,https://www.youtube.com/watch?v=N1fK5-dVe7k,110회,1주 전
1945 게임,https://www.youtube.com/watch?v=l69wTAWSis8,188회,1주 전
1945 게임,https://www.youtube.com/watch?v=AhmajgzPT7I,5회,2주 전
1945 게임,https://www.youtube.com/watch?v=kvH1hx4cI4Y,47회,2주 전
1945 게임,https://www.youtube.com/watch?v=PfXyUVgutrs,없음,2주 전
1945 게임,https://www.youtube.com/watch?v=osIyuEzXJZU,10회,3주 전
1945 게임,https://www.youtube.com/watch?v=gwEfgfcv7_U,17회,3주 전
1945 게임,https://www.youtube.com/watch?v=dupuqvyfANU,9회,3주 전
1945 게임,https://www.youtube.com/watch?v=He4jndSBxyc,18회,3주 전
1945 게임,https://www.youtube.com/watch?v=xZpRY1mQNMU,없음,3주 전
1945 게임,https://www.youtube.com/watch?v=sKpnGW4IMoM,15회,4주 전
1945 게임,https://www.youtube.com/watch?v=QdccbcKjETQ,31회,1개월 전
1945 게임,https://www.youtube.com/watch?v=w_MsaUSPZQ4,125회,1개월 전
1945 게임,https://www.youtube.com/watch?v=U6gdEwwhblw,5천회,1개월 전
1945 게임,https://www.youtube.com/watch?v=CwL1Lftfusk,30회,1개월 전
1945 게임,https://www.youtube.com/watch?v=cVO9uZnZRmA,21회,1개월 전
1945 게임,https://www.youtube.com/watch?v=qJO03Hn67JY,15회,1개월 전
1945 게임,https://www.youtube.com/watch?v=-eQz1JH7v0s,9회,1개월 전
1945 게임,https://www.youtube.com/watch?v=zDqr7gMW6Ug,1회,1개월 전
1945 게임,https://www.youtube.com/watch?v=GsY27CX0t4c,7회,1개월 전
1945 게임,https://www.youtube.com/watch?v=vb2osGM32zw,18회,1개월 전
1945 게임,https://www.youtube.com/watch?v=Q9Dw2Br9zdE,21회,1개월 전
1945 게임,https://www.youtube.com/watch?v=BdG06JAIu5g,6.9천회,1개월 전
1945 게임,https://www.youtube.com/watch?v=ubkoTznFLkQ,11회,1개월 전
1945 게임,https://www.youtube.com/watch?v=W13klxUk6D4,14회,2개월 전
1945 게임,https://www.youtube.com/watch?v=6uUM86kzY9c,9회,2개월 전
1945 게임,https://www.youtube.com/watch?v=vf0URCZV-10,56회,2개월 전
1945 게임,https://www.youtube.com/watch?v=iDLG5v7rdMU,51회,2개월 전
1945 게임,https://www.youtube.com/watch?v=C4byV0eY9yc,11회,스트리밍 시간: 2개월 전
1945 게임,https://www.youtube.com/watch?v=XUc1wjER5eQ,56회,2개월 전
1945 게임,https://www.youtube.com/watch?v=GXkSOhvVIdU,177회,2개월 전
1945 게임,https://www.youtube.com/watch?v=g4NU1o1IvDA,114회,3개월 전
1945 게임,https://www.youtube.com/watch?v=0pVaru1Ldlc,102회,3개월 전
1945 게임,https://www.youtube.com/watch?v=BYO1kbS6iAE,없음,3개월 전
1945 게임,https://www.youtube.com/watch?v=eR02ixPurfQ,9회,3개월 전
1945 게임,https://www.youtube.com/watch?v=fFkQ-P65Tgw,3회,3개월 전
1945 게임,https://www.youtube.com/watch?v=NspgdZrnGZM,53회,3개월 전
1945 게임,https://www.youtube.com/watch?v=7o3A74q5M6M,21회,3개월 전
1945 게임,https://www.youtube.com/watch?v=cEC2j77PKZY,27회,3개월 전
1945 게임,https://www.youtube.com/watch?v=LmVLoU7FFWA,26회,3개월 전
1945 게임,https://www.youtube.com/watch?v=CD5vJoBk0SE,78회,4개월 전
1945 게임,https://www.youtube.com/watch?v=5urGLtSp6SM,22회,4개월 전
1945 게임,https://www.youtube.com/watch?v=YggG6M5sySo,10회,4개월 전
1945 게임,https://www.youtube.com/watch?v=JUj4eMVHpwc,43회,4개월 전
1945 게임,https://www.youtube.com/watch?v=c4dAho2TgSk,86회,4개월 전
1945 게임,https://www.youtube.com/watch?v=LTYROmtExpc,11회,4개월 전
1945 게임,https://www.youtube.com/watch?v=u5dWVzMOWQk,1.2만회,4개월 전
1945 게임,https://www.youtube.com/watch?v=pQWNV6Prszk,1회,4개월 전
1945 게임,https://www.youtube.com/watch?v=toSSqIpxtCg,25회,4개월 전
1945 게임,https://www.youtube.com/watch?v=J73m88sJx4o,19회,4개월 전
1945 게임,https://www.youtube.com/watch?v=XdhClYMqEXY,11회,4개월 전
1945 게임,https://www.youtube.com/watch?v=TASLFyPFKcE,없음,4개월 전
1945 게임,https://www.youtube.com/watch?v=n4L6gqCevoo,60회,5개월 전
1945 게임,https://www.youtube.com/watch?v=fCzAGu4iw9E,189회,5개월 전
1945 게임,https://www.youtube.com/watch?v=X5DnbzMOzjI,120회,5개월 전
1945 게임,https://www.youtube.com/watch?v=-TD97uKCoP4,35회,5개월 전
1945 게임,https://www.youtube.com/watch?v=dLsy1etav_A,339회,5개월 전
1945 게임,https://www.youtube.com/watch?v=oxBHAfbC3t8,73회,5개월 전
1945 게임,https://www.youtube.com/watch?v=mUlOUpIkCZQ,957회,5개월 전
1945 게임,https://www.youtube.com/watch?v=uS4z6PQOQAA,1.1천회,5개월 전
1945 게임,https://www.youtube.com/watch?v=6ry6J-8KrSg,2.6천회,5개월 전
1945 게임,https://www.youtube.com/watch?v=Dnr4xed0KuE,2.3만회,5개월 전
1945 게임,https://www.youtube.com/watch?v=hsjQaex3Grs,5.2천회,5개월 전
1945 게임,https://www.youtube.com/watch?v=8lZ69C4KIys,1천회,5개월 전
1945 게임,https://www.youtube.com/watch?v=vn9LC2Br-Hw,5.4천회,5개월 전
1945 게임,https://www.youtube.com/watch?v=GJXonjAgRAI,4.9만회,5개월 전
1945 게임,https://www.youtube.com/watch?v=w9jnvY5LYAk,2.2천회,5개월 전
1945 게임,https://www.youtube.com/watch?v=VKi2otjRhqc,4.1천회,5개월 전
1945 게임,https://www.youtube.com/watch?v=b4kExhGL2nY,3.6천회,5개월 전
1945 게임,https://www.youtube.com/watch?v=K3NCU0qfc0A,2.6천회,5개월 전
1945 게임,https://www.youtube.com/watch?v=thJHcW6_n00,1.1천회,5개월 전
1945 게임,https://www.youtube.com/watch?v=HJc_aaNiav0,1.3만회,5개월 전
1945 게임,https://www.youtube.com/watch?v=s3BGe-gVb5Q,2.1만회,5개월 전
1945 게임,https://www.youtube.com/watch?v=wdiXwqBATN8,1.2천회,5개월 전
1945 게임,https://www.youtube.com/watch?v=0jOh4j6JtoQ,745회,5개월 전
1945 게임,https://www.youtube.com/watch?v=Fu5Zd0bJffg,4.9천회,5개월 전
1945 게임,https://www.youtube.com/watch?v=JahzcqTHx3c,1.1천회,5개월 전
1945 게임,https://www.youtube.com/watch?v=BBvo787_uRQ,4회,5개월 전
1945 게임,https://www.youtube.com/watch?v=_3qAgFPvT2Y,9.1천회,5개월 전
1945 게임,https://www.youtube.com/watch?v=3Sbo9Eu3TQ8,3회,5개월 전
1945 게임,https://www.youtube.com/watch?v=qoMTR9oqaCo,23회,5개월 전
1945 게임,https://www.youtube.com/watch?v=r8cZyD5uBb8,551회,5개월 전
1945 게임,https://www.youtube.com/watch?v=ZngXe9uBp94,41회,5개월 전
1945 게임,https://www.youtube.com/watch?v=cIadSi8pU54,5회,5개월 전
1945 게임,https://www.youtube.com/watch?v=rG_8YqgrcUY,123회,6개월 전
1945 게임,https://www.youtube.com/watch?v=cs6-92mATsQ,8.4천회,6개월 전
1945 게임,https://www.youtube.com/watch?v=5lkejG3qGLc,2.2만회,6개월 전
1945 게임,https://www.youtube.com/watch?v=JiBPTsbHSSk,3.4천회,6개월 전
1945 게임,https://www.youtube.com/watch?v=cVg7NDaPdR0,5.1천회,6개월 전
1945 게임,https://www.youtube.com/watch?v=D_E7ijFCOSg,86회,6개월 전
1945 게임,https://www.youtube.com/watch?v=UTHSA4F7lMA,22회,6개월 전
1945 게임,https://www.youtube.com/watch?v=ZkDOyYb7yGk,907회,7개월 전
1945 게임,https://www.youtube.com/watch?v=fDNeSapCnhQ,454회,7개월 전
1945 게임,https://www.youtube.com/watch?v=jDGTK0JiwGQ,53회,8개월 전
1945 게임,https://www.youtube.com/watch?v=idfECBmC4K4,41회,8개월 전
1945 게임,https://www.youtube.com/watch?v=sW8AfgYPC3g,61회,8개월 전
1945 게임,https://www.youtube.com/watch?v=r6FEEOzCl98,279회,9개월 전
1945 게임,https://www.youtube.com/watch?v=RhewcQ5AIXc,48회,9개월 전
1945 게임,https://www.youtube.com/watch?v=o6o_46F2hYI,91회,10개월 전
1945 게임,https://www.youtube.com/watch?v=bYkDC3zX_04,33회,스트리밍 시간: 10개월 전
1945 게임,https://www.youtube.com/watch?v=YuL_WA46rsw,188회,10개월 전
1945 게임,https://www.youtube.com/watch?v=e5Os8WSt63A,472회,스트리밍 시간: 10개월 전
1945 게임,https://www.youtube.com/watch?v=pQpgXRNnb9g,166회,10개월 전
1945 게임,https://www.youtube.com/watch?v=BhoBE85mhjo,133회,10개월 전
1945 게임,https://www.youtube.com/watch?v=l1hdlBM-OfA,101회,스트리밍 시간: 10개월 전
1945 게임,https://www.youtube.com/watch?v=YNIhoc06HNw,1.1천회,11개월 전
1945 게임,https://www.youtube.com/watch?v=V7qz6T_pzOY,1.2천회,11개월 전
1945 게임,https://www.youtube.com/watch?v=v8Lt37iBd2Y,207회,11개월 전
1945 게임,https://www.youtube.com/watch?v=EDi4aCmG9cM,58회,11개월 전
1945 게임,https://www.youtube.com/watch?v=9xUqfKfpN9g,4.9천회,11개월 전
