﻿search,youtube_url,viewer,upload
워너비챌린지 게임,https://www.youtube.com/watch?v=o2jZeM7KiUk,3회,17시간 전
워너비챌린지 게임,https://www.youtube.com/watch?v=5SF8qwoDp5c,34회,1일 전
워너비챌린지 게임,https://www.youtube.com/watch?v=GTCm-dD1G9A,50회,4일 전
워너비챌린지 게임,https://www.youtube.com/watch?v=4jJX9B4NbJc,47회,6일 전
워너비챌린지 게임,https://www.youtube.com/watch?v=2LQjRWqTHiI,87회,6일 전
워너비챌린지 게임,https://www.youtube.com/watch?v=Urwx416RUCg,137회,1주 전
워너비챌린지 게임,https://www.youtube.com/watch?v=e7qAq2j02jA,22회,1주 전
워너비챌린지 게임,https://www.youtube.com/watch?v=08hiqnGlWyY,187회,1주 전
워너비챌린지 게임,https://www.youtube.com/watch?v=4TKlwWyp9Nc,17회,1주 전
워너비챌린지 게임,https://www.youtube.com/watch?v=CBraRm6O1iQ,272회,1주 전
워너비챌린지 게임,https://www.youtube.com/watch?v=hjfUbY4wyfU,21회,1주 전
워너비챌린지 게임,https://www.youtube.com/watch?v=6dURyb-O6zw,9회,1주 전
워너비챌린지 게임,https://www.youtube.com/watch?v=F6xmRdi58iA,346회,1주 전
워너비챌린지 게임,https://www.youtube.com/watch?v=bU6VpHszmqk,76회,1주 전
워너비챌린지 게임,https://www.youtube.com/watch?v=h0ar1m80W10,1천회,2주 전
워너비챌린지 게임,https://www.youtube.com/watch?v=OF3FhjSQYss,289회,2주 전
워너비챌린지 게임,https://www.youtube.com/watch?v=jZyW8nA6FFU,268회,2주 전
워너비챌린지 게임,https://www.youtube.com/watch?v=BgL41v_b1jE,1.4만회,2주 전
워너비챌린지 게임,https://www.youtube.com/watch?v=TcLDF2VbUV4,2.8만회,2주 전
워너비챌린지 게임,https://www.youtube.com/watch?v=-joCEeohVOc,11만회,2주 전
워너비챌린지 게임,https://www.youtube.com/watch?v=KahYNw8I9Wo,2.9천회,2주 전
워너비챌린지 게임,https://www.youtube.com/watch?v=WWN8j12o2v0,4.4천회,2주 전
워너비챌린지 게임,https://www.youtube.com/watch?v=BP5UhdevYtQ,65회,2주 전
워너비챌린지 게임,https://www.youtube.com/watch?v=8N1Vtbmas8U,571회,2주 전
워너비챌린지 게임,https://www.youtube.com/watch?v=BiO7yGQNfT8,397회,2주 전
워너비챌린지 게임,https://www.youtube.com/watch?v=oW5VfPZDtxY,978회,스트리밍 시간: 1개월 전
워너비챌린지 게임,https://www.youtube.com/watch?v=aoQ7dN_2uhU,154회,스트리밍 시간: 1개월 전
워너비챌린지 게임,https://www.youtube.com/watch?v=dFlS1fmsovQ,769회,1개월 전
