﻿search,youtube_url,viewer,upload
Tales Rush! 게임,https://www.youtube.com/watch?v=JZULasTaFj0,1회,4일 전
Tales Rush! 게임,https://www.youtube.com/watch?v=_aedeSby0Xg,15회,4일 전
Tales Rush! 게임,https://www.youtube.com/watch?v=PbshhGUtCnI,455회,6일 전
Tales Rush! 게임,https://www.youtube.com/watch?v=t4vcQCmZjbE,없음,1주 전
Tales Rush! 게임,https://www.youtube.com/watch?v=xIVExuux9eE,5회,1주 전
Tales Rush! 게임,https://www.youtube.com/watch?v=uP_BROnYt9Y,29회,1주 전
Tales Rush! 게임,https://www.youtube.com/watch?v=njsYiuKcRK0,9회,1주 전
Tales Rush! 게임,https://www.youtube.com/watch?v=ivVkOZC5b5w,17회,1주 전
Tales Rush! 게임,https://www.youtube.com/watch?v=Wcsc4xENzcs,19회,1주 전
Tales Rush! 게임,https://www.youtube.com/watch?v=yvqqVfyMqc8,9회,1주 전
Tales Rush! 게임,https://www.youtube.com/watch?v=oOaiIZjw7IE,18회,1주 전
Tales Rush! 게임,https://www.youtube.com/watch?v=YUDWoIvHLLg,4회,1주 전
Tales Rush! 게임,https://www.youtube.com/watch?v=j7o_t6xVCBc,14회,1주 전
Tales Rush! 게임,https://www.youtube.com/watch?v=TOremTVOb_A,440회,1주 전
Tales Rush! 게임,https://www.youtube.com/watch?v=FlOzfD01z-8,3회,1주 전
Tales Rush! 게임,https://www.youtube.com/watch?v=btZIbFS2tQE,111회,1주 전
Tales Rush! 게임,https://www.youtube.com/watch?v=fFklkL21V-Y,9회,1주 전
Tales Rush! 게임,https://www.youtube.com/watch?v=R5kL0bGzeJk,90회,2주 전
Tales Rush! 게임,https://www.youtube.com/watch?v=whouBYn4ws4,336회,2주 전
Tales Rush! 게임,https://www.youtube.com/watch?v=0QlnBjMXM9g,136회,2주 전
Tales Rush! 게임,https://www.youtube.com/watch?v=2DeercMg6SE,없음,2주 전
Tales Rush! 게임,https://www.youtube.com/watch?v=Qv3wvI3Z_4U,2회,2주 전
Tales Rush! 게임,https://www.youtube.com/watch?v=LkH1ZHEfADs,12만회,2주 전
Tales Rush! 게임,https://www.youtube.com/watch?v=Q2rXnlsXEX4,876회,2주 전
Tales Rush! 게임,https://www.youtube.com/watch?v=J9-vFm8NoXg,20회,2주 전
Tales Rush! 게임,https://www.youtube.com/watch?v=OEHTifZ2Nvw,14회,2주 전
Tales Rush! 게임,https://www.youtube.com/watch?v=zfKC2PmeAQA,351회,2주 전
Tales Rush! 게임,https://www.youtube.com/watch?v=0s_3LQj0llM,161회,2주 전
Tales Rush! 게임,https://www.youtube.com/watch?v=Di7-Dkn5Ewg,356회,2주 전
Tales Rush! 게임,https://www.youtube.com/watch?v=8FmLwHRR1CE,24회,2주 전
Tales Rush! 게임,https://www.youtube.com/watch?v=AvqikyQNT74,42회,2주 전
Tales Rush! 게임,https://www.youtube.com/watch?v=5aAUD0v8CXU,102회,2주 전
Tales Rush! 게임,https://www.youtube.com/watch?v=Cyfy74jeLmI,33회,3주 전
Tales Rush! 게임,https://www.youtube.com/watch?v=wnizMB_pXxc,3.6만회,3주 전
Tales Rush! 게임,https://www.youtube.com/watch?v=LYCTCvHGfVE,54회,3주 전
Tales Rush! 게임,https://www.youtube.com/watch?v=acojSoy9NmQ,710회,3주 전
Tales Rush! 게임,https://www.youtube.com/watch?v=oJtvUehesV4,2천회,3주 전
Tales Rush! 게임,https://www.youtube.com/watch?v=RT4H4vmkgtk,176회,3주 전
Tales Rush! 게임,https://www.youtube.com/watch?v=iJ4SrGswXvM,47회,4주 전
Tales Rush! 게임,https://www.youtube.com/watch?v=Efne94kKI6o,366회,4주 전
Tales Rush! 게임,https://www.youtube.com/watch?v=PexTmjqsqqU,559회,4주 전
Tales Rush! 게임,https://www.youtube.com/watch?v=hkUJzIGvMZY,없음,4주 전
Tales Rush! 게임,https://www.youtube.com/watch?v=JRp_wWBawuk,1.5천회,1개월 전
Tales Rush! 게임,https://www.youtube.com/watch?v=stT_EsJNOBs,2.3천회,1개월 전
Tales Rush! 게임,https://www.youtube.com/watch?v=qY6gzogkVfs,1.6천회,1개월 전
Tales Rush! 게임,https://www.youtube.com/watch?v=bSJDR8saUBo,65회,1개월 전
Tales Rush! 게임,https://www.youtube.com/watch?v=OKtMqaLpF_w,6회,1개월 전
Tales Rush! 게임,https://www.youtube.com/watch?v=5A8A5d0Z5VE,165회,1개월 전
Tales Rush! 게임,https://www.youtube.com/watch?v=v9nGd0DZ3FU,83회,1개월 전
Tales Rush! 게임,https://www.youtube.com/watch?v=JyNxMGC_aqk,208회,1개월 전
Tales Rush! 게임,https://www.youtube.com/watch?v=zQN8lC6l440,81회,1개월 전
Tales Rush! 게임,https://www.youtube.com/watch?v=idDSNUI3V5I,630회,1개월 전
Tales Rush! 게임,https://www.youtube.com/watch?v=EQXfFo6VopQ,840회,1개월 전
Tales Rush! 게임,https://www.youtube.com/watch?v=u9Qtn6emxzI,36회,1개월 전
Tales Rush! 게임,https://www.youtube.com/watch?v=vUAhufLlDeE,1.4천회,1개월 전
Tales Rush! 게임,https://www.youtube.com/watch?v=L69kjzWTQy4,46회,1개월 전
Tales Rush! 게임,https://www.youtube.com/watch?v=rCzvhRhZCcY,31회,1개월 전
Tales Rush! 게임,https://www.youtube.com/watch?v=tXXYRO3AKDM,50회,1개월 전
Tales Rush! 게임,https://www.youtube.com/watch?v=c_QhGyRPzsk,29회,1개월 전
Tales Rush! 게임,https://www.youtube.com/watch?v=hwKMGY5CE4U,17회,1개월 전
Tales Rush! 게임,https://www.youtube.com/watch?v=N6XZhHDB1pw,1.5천회,1개월 전
Tales Rush! 게임,https://www.youtube.com/watch?v=SaPkF23cP-c,415회,1개월 전
Tales Rush! 게임,https://www.youtube.com/watch?v=ofb7Sbwx8Ak,276회,1개월 전
Tales Rush! 게임,https://www.youtube.com/watch?v=YKEAae4NFOM,881회,1개월 전
Tales Rush! 게임,https://www.youtube.com/watch?v=JhbCLpms2Cg,619회,2개월 전
Tales Rush! 게임,https://www.youtube.com/watch?v=ThUGawTsaLc,233회,2개월 전
Tales Rush! 게임,https://www.youtube.com/watch?v=ba-HR33LY5A,5회,2개월 전
Tales Rush! 게임,https://www.youtube.com/watch?v=4ZTMlgiQHeI,109회,2개월 전
Tales Rush! 게임,https://www.youtube.com/watch?v=uhBuoeZ9XKw,98회,2개월 전
Tales Rush! 게임,https://www.youtube.com/watch?v=G_St44wBSxc,38회,2개월 전
Tales Rush! 게임,https://www.youtube.com/watch?v=qnLJimIkMiQ,174회,2개월 전
Tales Rush! 게임,https://www.youtube.com/watch?v=nUuEGobcXHc,84회,2개월 전
Tales Rush! 게임,https://www.youtube.com/watch?v=iBI1vUheDss,1.1만회,2개월 전
Tales Rush! 게임,https://www.youtube.com/watch?v=qYTpvvk4VJs,3.7천회,2개월 전
Tales Rush! 게임,https://www.youtube.com/watch?v=o3iwCsaPLa8,528회,3개월 전
Tales Rush! 게임,https://www.youtube.com/watch?v=md9I2rCWccY,831회,3개월 전
Tales Rush! 게임,https://www.youtube.com/watch?v=DQRV0ZbgYXI,1.1천회,3개월 전
Tales Rush! 게임,https://www.youtube.com/watch?v=ld696aDQviY,5.4천회,3개월 전
Tales Rush! 게임,https://www.youtube.com/watch?v=RuLGqH9szrA,1회,3개월 전
Tales Rush! 게임,https://www.youtube.com/watch?v=osSDKBuCXko,7.6천회,3개월 전
Tales Rush! 게임,https://www.youtube.com/watch?v=VYEE_qZ-8QY,26회,스트리밍 시간: 7개월 전
Tales Rush! 게임,https://www.youtube.com/watch?v=t6_f0RgdBTk,64회,스트리밍 시간: 7개월 전
Tales Rush! 게임,https://www.youtube.com/watch?v=EhuWkp5XM_k,8.2천회,9개월 전
Tales Rush! 게임,https://www.youtube.com/watch?v=8FqRhlhVeaI,17회,9개월 전
