﻿search,youtube_url,viewer,upload
게임빌프로야구 슈퍼스타즈 게임,https://www.youtube.com/watch?v=fh4QjBG57bQ,68회,3시간 전
게임빌프로야구 슈퍼스타즈 게임,https://www.youtube.com/watch?v=JMrvQAUcWho,13회,2일 전
게임빌프로야구 슈퍼스타즈 게임,https://www.youtube.com/watch?v=4fzD5qjJ4sE,83회,3일 전
게임빌프로야구 슈퍼스타즈 게임,https://www.youtube.com/watch?v=ugwHHrcm-60,24회,4일 전
게임빌프로야구 슈퍼스타즈 게임,https://www.youtube.com/watch?v=xtqSl4sx9ds,1회,4일 전
게임빌프로야구 슈퍼스타즈 게임,https://www.youtube.com/watch?v=isZH_XXyhKs,9회,4일 전
게임빌프로야구 슈퍼스타즈 게임,https://www.youtube.com/watch?v=5OBHHpTG1Bk,6.7천회,4일 전
게임빌프로야구 슈퍼스타즈 게임,https://www.youtube.com/watch?v=oIcI3hb061o,117회,스트리밍 시간: 5일 전
게임빌프로야구 슈퍼스타즈 게임,https://www.youtube.com/watch?v=TWNIx6VQvDY,605회,5일 전
게임빌프로야구 슈퍼스타즈 게임,https://www.youtube.com/watch?v=xzRJeAQ_iTQ,29회,5일 전
게임빌프로야구 슈퍼스타즈 게임,https://www.youtube.com/watch?v=osi6UW5HxCs,44회,5일 전
게임빌프로야구 슈퍼스타즈 게임,https://www.youtube.com/watch?v=dlPZJwswTSc,5회,5일 전
게임빌프로야구 슈퍼스타즈 게임,https://www.youtube.com/watch?v=aJrLY_uBLU8,92회,스트리밍 시간: 6일 전
게임빌프로야구 슈퍼스타즈 게임,https://www.youtube.com/watch?v=u5CjdUs7pes,68회,스트리밍 시간: 6일 전
게임빌프로야구 슈퍼스타즈 게임,https://www.youtube.com/watch?v=ZAzzrPJuU6Q,6.7천회,6일 전
게임빌프로야구 슈퍼스타즈 게임,https://www.youtube.com/watch?v=82laq9nMOnA,5회,1주 전
게임빌프로야구 슈퍼스타즈 게임,https://www.youtube.com/watch?v=rIxr2VNiQFo,16회,1주 전
게임빌프로야구 슈퍼스타즈 게임,https://www.youtube.com/watch?v=3nMg8T5Ri58,38회,1주 전
게임빌프로야구 슈퍼스타즈 게임,https://www.youtube.com/watch?v=qmZYrtLCG7M,96회,1주 전
게임빌프로야구 슈퍼스타즈 게임,https://www.youtube.com/watch?v=QhXFVhPWQZ8,762회,1주 전
게임빌프로야구 슈퍼스타즈 게임,https://www.youtube.com/watch?v=0SiGix83cT0,91회,1주 전
게임빌프로야구 슈퍼스타즈 게임,https://www.youtube.com/watch?v=XH0RT-2GDt8,355회,1주 전
게임빌프로야구 슈퍼스타즈 게임,https://www.youtube.com/watch?v=JsPa_oRhlmg,509회,1주 전
게임빌프로야구 슈퍼스타즈 게임,https://www.youtube.com/watch?v=3qLpKVEtGZM,6.3만회,1주 전
게임빌프로야구 슈퍼스타즈 게임,https://www.youtube.com/watch?v=0QzBIbIvkyc,8회,1주 전
게임빌프로야구 슈퍼스타즈 게임,https://www.youtube.com/watch?v=jU7EKX8P5mg,3회,1주 전
게임빌프로야구 슈퍼스타즈 게임,https://www.youtube.com/watch?v=UMkLz3H0P4I,25회,1주 전
게임빌프로야구 슈퍼스타즈 게임,https://www.youtube.com/watch?v=8toqVPGZgSA,136회,스트리밍 시간: 1주 전
게임빌프로야구 슈퍼스타즈 게임,https://www.youtube.com/watch?v=ajtKGvv_4TY,38회,스트리밍 시간: 1주 전
게임빌프로야구 슈퍼스타즈 게임,https://www.youtube.com/watch?v=H-HEbLiSKtw,47회,1주 전
게임빌프로야구 슈퍼스타즈 게임,https://www.youtube.com/watch?v=lB9g5MyHsP8,8회,1주 전
게임빌프로야구 슈퍼스타즈 게임,https://www.youtube.com/watch?v=AaBydDkCFUQ,497회,1주 전
게임빌프로야구 슈퍼스타즈 게임,https://www.youtube.com/watch?v=FBSuJwaCpyQ,4.3천회,1주 전
게임빌프로야구 슈퍼스타즈 게임,https://www.youtube.com/watch?v=FBWvVa3_fvs,408회,1주 전
게임빌프로야구 슈퍼스타즈 게임,https://www.youtube.com/watch?v=h9FEcf37G5s,32회,1주 전
게임빌프로야구 슈퍼스타즈 게임,https://www.youtube.com/watch?v=LlRGluMVGf8,2.1천회,2주 전
게임빌프로야구 슈퍼스타즈 게임,https://www.youtube.com/watch?v=JcZVIUse2IM,128회,2주 전
게임빌프로야구 슈퍼스타즈 게임,https://www.youtube.com/watch?v=PweEMuhci5c,318회,2주 전
게임빌프로야구 슈퍼스타즈 게임,https://www.youtube.com/watch?v=k3aCo9FDiHI,456회,2주 전
게임빌프로야구 슈퍼스타즈 게임,https://www.youtube.com/watch?v=tlRLxTyQhzw,1.8천회,2주 전
게임빌프로야구 슈퍼스타즈 게임,https://www.youtube.com/watch?v=G8og3iWSSAk,92회,2주 전
게임빌프로야구 슈퍼스타즈 게임,https://www.youtube.com/watch?v=w8vBlbTlKZY,58회,2주 전
게임빌프로야구 슈퍼스타즈 게임,https://www.youtube.com/watch?v=s7uNQE4NIz8,1.6천회,2주 전
게임빌프로야구 슈퍼스타즈 게임,https://www.youtube.com/watch?v=-Z1z9r39it0,343회,2주 전
게임빌프로야구 슈퍼스타즈 게임,https://www.youtube.com/watch?v=y6NWZISFUeI,824회,2주 전
게임빌프로야구 슈퍼스타즈 게임,https://www.youtube.com/watch?v=PufuycLSwL0,332회,2주 전
게임빌프로야구 슈퍼스타즈 게임,https://www.youtube.com/watch?v=pqH1Zg3luRs,5.1천회,2주 전
게임빌프로야구 슈퍼스타즈 게임,https://www.youtube.com/watch?v=Bjnfjhw0RyM,311회,2주 전
게임빌프로야구 슈퍼스타즈 게임,https://www.youtube.com/watch?v=oTpCJoPtFGs,33만회,2주 전
게임빌프로야구 슈퍼스타즈 게임,https://www.youtube.com/watch?v=_WTlR8zVGBY,69회,2주 전
게임빌프로야구 슈퍼스타즈 게임,https://www.youtube.com/watch?v=QC7yOQudfCQ,12회,2주 전
게임빌프로야구 슈퍼스타즈 게임,https://www.youtube.com/watch?v=0rD6bqjb3a4,6.6천회,스트리밍 시간: 2주 전
게임빌프로야구 슈퍼스타즈 게임,https://www.youtube.com/watch?v=Cez52CGkpak,62회,2주 전
게임빌프로야구 슈퍼스타즈 게임,https://www.youtube.com/watch?v=ECzEL0W6ZaQ,71회,2주 전
게임빌프로야구 슈퍼스타즈 게임,https://www.youtube.com/watch?v=ekpnKXvif7w,189회,스트리밍 시간: 2주 전
게임빌프로야구 슈퍼스타즈 게임,https://www.youtube.com/watch?v=otz5BTyh8w0,632회,2주 전
게임빌프로야구 슈퍼스타즈 게임,https://www.youtube.com/watch?v=E7oDNa7QMqc,297회,2주 전
게임빌프로야구 슈퍼스타즈 게임,https://www.youtube.com/watch?v=NlrkpYxbPpQ,5.5천회,2주 전
게임빌프로야구 슈퍼스타즈 게임,https://www.youtube.com/watch?v=NzCXRRBcs_8,336회,2주 전
게임빌프로야구 슈퍼스타즈 게임,https://www.youtube.com/watch?v=SUzWWMOsujM,145회,2주 전
게임빌프로야구 슈퍼스타즈 게임,https://www.youtube.com/watch?v=FJFPkdSe-4k,10회,2주 전
게임빌프로야구 슈퍼스타즈 게임,https://www.youtube.com/watch?v=1q3PD3MLDsA,154회,2주 전
게임빌프로야구 슈퍼스타즈 게임,https://www.youtube.com/watch?v=LcxUxFxHqIY,1천회,2주 전
게임빌프로야구 슈퍼스타즈 게임,https://www.youtube.com/watch?v=9oVyy76lAI0,3.1만회,2주 전
게임빌프로야구 슈퍼스타즈 게임,https://www.youtube.com/watch?v=5vernRUCdlo,2.6천회,2주 전
게임빌프로야구 슈퍼스타즈 게임,https://www.youtube.com/watch?v=RXdneOcDjVE,2.2천회,2주 전
게임빌프로야구 슈퍼스타즈 게임,https://www.youtube.com/watch?v=zrvuI7lGCqI,138회,2주 전
게임빌프로야구 슈퍼스타즈 게임,https://www.youtube.com/watch?v=PZe3mZ3KYOQ,79회,스트리밍 시간: 2주 전
게임빌프로야구 슈퍼스타즈 게임,https://www.youtube.com/watch?v=bEWmtardD28,1.3천회,스트리밍 시간: 2주 전
게임빌프로야구 슈퍼스타즈 게임,https://www.youtube.com/watch?v=hIpt4-GGX4Y,53회,2주 전
게임빌프로야구 슈퍼스타즈 게임,https://www.youtube.com/watch?v=RzaidN4GI40,845회,스트리밍 시간: 2주 전
게임빌프로야구 슈퍼스타즈 게임,https://www.youtube.com/watch?v=wFcjQgtppOA,253회,2주 전
게임빌프로야구 슈퍼스타즈 게임,https://www.youtube.com/watch?v=5Qes31TNvJU,228회,2주 전
게임빌프로야구 슈퍼스타즈 게임,https://www.youtube.com/watch?v=ko3T9a-8r24,3.4천회,2주 전
게임빌프로야구 슈퍼스타즈 게임,https://www.youtube.com/watch?v=xYQ5U2kVOsw,515회,3주 전
게임빌프로야구 슈퍼스타즈 게임,https://www.youtube.com/watch?v=Ai_wTbCWjj8,653회,3주 전
게임빌프로야구 슈퍼스타즈 게임,https://www.youtube.com/watch?v=PsKiUGfMPHQ,283회,3주 전
게임빌프로야구 슈퍼스타즈 게임,https://www.youtube.com/watch?v=FDLa6htkD-U,1.2천회,3주 전
게임빌프로야구 슈퍼스타즈 게임,https://www.youtube.com/watch?v=3846C7uLY-Q,27회,4주 전
게임빌프로야구 슈퍼스타즈 게임,https://www.youtube.com/watch?v=lFg2kcN0TwQ,134만회,1개월 전
게임빌프로야구 슈퍼스타즈 게임,https://www.youtube.com/watch?v=oIcHPkIH_Qo,5.6천회,1개월 전
게임빌프로야구 슈퍼스타즈 게임,https://www.youtube.com/watch?v=yBVPq6YcnGI,1.8천회,1개월 전
게임빌프로야구 슈퍼스타즈 게임,https://www.youtube.com/watch?v=ewbMcOHoUI0,2.5천회,2개월 전
게임빌프로야구 슈퍼스타즈 게임,https://www.youtube.com/watch?v=PJuDc5OiXo4,451회,3개월 전
게임빌프로야구 슈퍼스타즈 게임,https://www.youtube.com/watch?v=mxZ3ehrD-64,1.1천회,3개월 전
게임빌프로야구 슈퍼스타즈 게임,https://www.youtube.com/watch?v=gcuBGujrIqI,853회,3개월 전
게임빌프로야구 슈퍼스타즈 게임,https://www.youtube.com/watch?v=Bw3O-DQDTWU,360회,3개월 전
게임빌프로야구 슈퍼스타즈 게임,https://www.youtube.com/watch?v=Ed6U_ggE8Wg,1.4만회,3개월 전
게임빌프로야구 슈퍼스타즈 게임,https://www.youtube.com/watch?v=hkjB4qYkyXE,287회,3개월 전
게임빌프로야구 슈퍼스타즈 게임,https://www.youtube.com/watch?v=MAUy1ipQE1c,222회,3개월 전
게임빌프로야구 슈퍼스타즈 게임,https://www.youtube.com/watch?v=yA3gWxM3q3c,1.6천회,3개월 전
게임빌프로야구 슈퍼스타즈 게임,https://www.youtube.com/watch?v=Yheu1MDrajo,19회,4개월 전
게임빌프로야구 슈퍼스타즈 게임,https://www.youtube.com/watch?v=fi0Rv-Sj5ck,387회,4개월 전
게임빌프로야구 슈퍼스타즈 게임,https://www.youtube.com/watch?v=VXTheZfGBxM,77만회,4개월 전
게임빌프로야구 슈퍼스타즈 게임,https://www.youtube.com/watch?v=PfDeKkEdkNM,1.4만회,4개월 전
게임빌프로야구 슈퍼스타즈 게임,https://www.youtube.com/watch?v=WUNb9CfQHjo,1.3만회,10개월 전
