﻿search,youtube_url,viewer,upload
리니지2M(12) 게임,https://www.youtube.com/watch?v=AVxwSOzaiQ8,없음,2시간 전
리니지2M(12) 게임,https://www.youtube.com/watch?v=MJnG1IDAoZY,2회,4시간 전
리니지2M(12) 게임,https://www.youtube.com/watch?v=e2qF0FnOkOc,104회,4시간 전
리니지2M(12) 게임,https://www.youtube.com/watch?v=fJSQWvRDixI,10회,5시간 전
리니지2M(12) 게임,https://www.youtube.com/watch?v=8zdr0XSfJqs,3회,6시간 전
리니지2M(12) 게임,https://www.youtube.com/watch?v=6ednQ2cs90M,4.1만회,10시간 전
리니지2M(12) 게임,https://www.youtube.com/watch?v=Vr5G7blAup8,1.3천회,스트리밍 시간: 14시간 전
리니지2M(12) 게임,https://www.youtube.com/watch?v=vfheJrYf0aU,12만회,스트리밍 시간: 14시간 전
리니지2M(12) 게임,https://www.youtube.com/watch?v=DJ19n6RyACE,545회,스트리밍 시간: 16시간 전
리니지2M(12) 게임,https://www.youtube.com/watch?v=9MX7VbDqI6k,3.2만회,15시간 전
리니지2M(12) 게임,https://www.youtube.com/watch?v=4an6du6jcUE,302회,스트리밍 시간: 18시간 전
리니지2M(12) 게임,https://www.youtube.com/watch?v=rhdBKNeRjR8,2.5천회,스트리밍 시간: 18시간 전
리니지2M(12) 게임,https://www.youtube.com/watch?v=l6Ss0CvB9JQ,6.1만회,스트리밍 시간: 19시간 전
리니지2M(12) 게임,https://www.youtube.com/watch?v=0RofRlWoaQQ,1.2만회,스트리밍 시간: 19시간 전
리니지2M(12) 게임,https://www.youtube.com/watch?v=6y9m5W-EP7w,18회,스트리밍 시간: 20시간 전
리니지2M(12) 게임,https://www.youtube.com/watch?v=dLW7YyGHb7o,33회,스트리밍 시간: 19시간 전
리니지2M(12) 게임,https://www.youtube.com/watch?v=utsdYf1tPG4,2회,18시간 전
리니지2M(12) 게임,https://www.youtube.com/watch?v=uJAsHYAi3Pg,5.4천회,스트리밍 시간: 20시간 전
리니지2M(12) 게임,https://www.youtube.com/watch?v=q5I0dahe1HI,7.8천회,스트리밍 시간: 21시간 전
리니지2M(12) 게임,https://www.youtube.com/watch?v=J11NTQLXKb0,3.9만회,20시간 전
리니지2M(12) 게임,https://www.youtube.com/watch?v=HAvCQkSZsiU,2회,21시간 전
리니지2M(12) 게임,https://www.youtube.com/watch?v=EgbOCmR8iGY,1회,스트리밍 시간: 21시간 전
리니지2M(12) 게임,https://www.youtube.com/watch?v=CzVKchPMSRw,없음,스트리밍 시간: 22시간 전
리니지2M(12) 게임,https://www.youtube.com/watch?v=wbbu7rVHXhE,4.3천회,스트리밍 시간: 23시간 전
리니지2M(12) 게임,https://www.youtube.com/watch?v=19RKOH6eJ68,없음,스트리밍 시간: 20시간 전
리니지2M(12) 게임,https://www.youtube.com/watch?v=dOuhpggvrmo,526회,23시간 전
리니지2M(12) 게임,https://www.youtube.com/watch?v=rickWImubw4,3.4만회,23시간 전
리니지2M(12) 게임,https://www.youtube.com/watch?v=weqEWLGGu74,25회,스트리밍 시간: 1일 전
리니지2M(12) 게임,https://www.youtube.com/watch?v=uV9vfUQPPuw,17회,1일 전
리니지2M(12) 게임,https://www.youtube.com/watch?v=8lhGUjtKrTk,1.9만회,1일 전
리니지2M(12) 게임,https://www.youtube.com/watch?v=BlQvB96HTBQ,1.8만회,1일 전
리니지2M(12) 게임,https://www.youtube.com/watch?v=ApF3NKNkt_k,18회,스트리밍 시간: 1일 전
리니지2M(12) 게임,https://www.youtube.com/watch?v=lWyl2bBkdf0,2.2만회,스트리밍 시간: 1일 전
리니지2M(12) 게임,https://www.youtube.com/watch?v=cPGsh6E9BW8,813회,스트리밍 시간: 1일 전
리니지2M(12) 게임,https://www.youtube.com/watch?v=v18DUMniHms,4.4만회,스트리밍 시간: 1일 전
리니지2M(12) 게임,https://www.youtube.com/watch?v=mDy7Q5AKW54,1만회,스트리밍 시간: 1일 전
리니지2M(12) 게임,https://www.youtube.com/watch?v=DC2tWTiI0H0,1.3만회,1일 전
리니지2M(12) 게임,https://www.youtube.com/watch?v=3TeASAwxBhU,2천회,1일 전
리니지2M(12) 게임,https://www.youtube.com/watch?v=tDiQq1LzRsY,1만회,스트리밍 시간: 1일 전
리니지2M(12) 게임,https://www.youtube.com/watch?v=306ZBEGQqRE,없음,1일 전
리니지2M(12) 게임,https://www.youtube.com/watch?v=rXXtPxa_YP8,35회,스트리밍 시간: 1일 전
리니지2M(12) 게임,https://www.youtube.com/watch?v=RA1TuO4ai7g,344회,스트리밍 시간: 1일 전
리니지2M(12) 게임,https://www.youtube.com/watch?v=GAqnqb3ugrI,3회,1일 전
리니지2M(12) 게임,https://www.youtube.com/watch?v=p74U7pCsC2k,164회,1일 전
리니지2M(12) 게임,https://www.youtube.com/watch?v=R-C6exeJpPs,9.5천회,스트리밍 시간: 1일 전
리니지2M(12) 게임,https://www.youtube.com/watch?v=v4RuNN2pyo8,7회,2일 전
리니지2M(12) 게임,https://www.youtube.com/watch?v=Hl888xKYZtE,40회,스트리밍 시간: 2일 전
리니지2M(12) 게임,https://www.youtube.com/watch?v=SmX1ht8zNkQ,5천회,2일 전
리니지2M(12) 게임,https://www.youtube.com/watch?v=tT9kR1y61kQ,141회,2일 전
리니지2M(12) 게임,https://www.youtube.com/watch?v=5U8kkwQAG_E,4회,스트리밍 시간: 2일 전
리니지2M(12) 게임,https://www.youtube.com/watch?v=Dn834u_5XpU,5만회,스트리밍 시간: 2일 전
리니지2M(12) 게임,https://www.youtube.com/watch?v=u0V_TRQl3q4,없음,2일 전
리니지2M(12) 게임,https://www.youtube.com/watch?v=TXK2op4hQXA,1천회,스트리밍 시간: 2일 전
리니지2M(12) 게임,https://www.youtube.com/watch?v=oT975qqu_DM,841회,2일 전
리니지2M(12) 게임,https://www.youtube.com/watch?v=rHEOufZ7UIQ,25회,스트리밍 시간: 2일 전
리니지2M(12) 게임,https://www.youtube.com/watch?v=q3uNGi4Y45I,44회,스트리밍 시간: 2일 전
리니지2M(12) 게임,https://www.youtube.com/watch?v=Z1CiRf_EF_Y,54회,스트리밍 시간: 2일 전
리니지2M(12) 게임,https://www.youtube.com/watch?v=IgVAWPinmiU,2.2천회,2일 전
리니지2M(12) 게임,https://www.youtube.com/watch?v=a7Lh__Y_iFc,8.3천회,2일 전
리니지2M(12) 게임,https://www.youtube.com/watch?v=SrJdgg-6OTI,3만회,스트리밍 시간: 2일 전
리니지2M(12) 게임,https://www.youtube.com/watch?v=_d5EywFiOc8,59회,스트리밍 시간: 2일 전
리니지2M(12) 게임,https://www.youtube.com/watch?v=Oj1RKkmPNxM,937회,스트리밍 시간: 2일 전
리니지2M(12) 게임,https://www.youtube.com/watch?v=6BHpOYn3SLk,2.1만회,스트리밍 시간: 2일 전
리니지2M(12) 게임,https://www.youtube.com/watch?v=L7qIB-Y-utI,9.1천회,스트리밍 시간: 2일 전
리니지2M(12) 게임,https://www.youtube.com/watch?v=6Fuc_RWQepM,299회,2일 전
리니지2M(12) 게임,https://www.youtube.com/watch?v=Nz2611bKdD8,없음,2일 전
리니지2M(12) 게임,https://www.youtube.com/watch?v=_XGivPpezOs,264회,3일 전
리니지2M(12) 게임,https://www.youtube.com/watch?v=iIKRU9BozKE,22회,스트리밍 시간: 3일 전
리니지2M(12) 게임,https://www.youtube.com/watch?v=5Vq35LifyNg,598회,스트리밍 시간: 3일 전
리니지2M(12) 게임,https://www.youtube.com/watch?v=ksULFQbBG1I,1.1만회,스트리밍 시간: 3일 전
리니지2M(12) 게임,https://www.youtube.com/watch?v=igao9kQlbvM,1.4만회,스트리밍 시간: 3일 전
리니지2M(12) 게임,https://www.youtube.com/watch?v=7UNRw6hQck4,4.1천회,스트리밍 시간: 4일 전
리니지2M(12) 게임,https://www.youtube.com/watch?v=cXv9DShJ2K4,9회,스트리밍 시간: 3일 전
리니지2M(12) 게임,https://www.youtube.com/watch?v=Aj6yREOQbnQ,9.3천회,스트리밍 시간: 3일 전
리니지2M(12) 게임,https://www.youtube.com/watch?v=CuLuUOYjVIE,4회,스트리밍 시간: 3일 전
리니지2M(12) 게임,https://www.youtube.com/watch?v=eZxvzo_yRBY,2.9만회,3일 전
리니지2M(12) 게임,https://www.youtube.com/watch?v=vg9XVECtZvc,7회,스트리밍 시간: 4일 전
리니지2M(12) 게임,https://www.youtube.com/watch?v=mVk3MAHqwAM,3.7만회,스트리밍 시간: 4일 전
리니지2M(12) 게임,https://www.youtube.com/watch?v=tgsAO1cwni0,없음,4일 전
리니지2M(12) 게임,https://www.youtube.com/watch?v=N7LrGnJn6NM,4.7천회,스트리밍 시간: 4일 전
리니지2M(12) 게임,https://www.youtube.com/watch?v=ypbmYVePLf8,없음,4일 전
리니지2M(12) 게임,https://www.youtube.com/watch?v=-SjvmfWu9xw,33회,스트리밍 시간: 4일 전
리니지2M(12) 게임,https://www.youtube.com/watch?v=A7hSfrx4UEA,5만회,스트리밍 시간: 4일 전
리니지2M(12) 게임,https://www.youtube.com/watch?v=N_JFrDry76Y,1.2만회,스트리밍 시간: 4일 전
리니지2M(12) 게임,https://www.youtube.com/watch?v=nCbXSYUEHDs,8.3천회,스트리밍 시간: 4일 전
리니지2M(12) 게임,https://www.youtube.com/watch?v=eipX32U2uIk,없음,4일 전
리니지2M(12) 게임,https://www.youtube.com/watch?v=d8BPvd31Dt8,1천회,스트리밍 시간: 5일 전
리니지2M(12) 게임,https://www.youtube.com/watch?v=V7-V0rQEim4,4회,스트리밍 시간: 5일 전
리니지2M(12) 게임,https://www.youtube.com/watch?v=sbsbMUvNFl8,2천회,스트리밍 시간: 5일 전
리니지2M(12) 게임,https://www.youtube.com/watch?v=9pRC-KvgRFo,7.6천회,스트리밍 시간: 5일 전
리니지2M(12) 게임,https://www.youtube.com/watch?v=EHXQp-hvxks,7.1만회,스트리밍 시간: 5일 전
리니지2M(12) 게임,https://www.youtube.com/watch?v=zTFO39_-DvE,없음,5일 전
리니지2M(12) 게임,https://www.youtube.com/watch?v=SjS5wlaL-5E,796회,스트리밍 시간: 5일 전
리니지2M(12) 게임,https://www.youtube.com/watch?v=-cn2cUbr7jc,460회,스트리밍 시간: 5일 전
리니지2M(12) 게임,https://www.youtube.com/watch?v=8NRPSyRmrUY,2.5만회,스트리밍 시간: 5일 전
리니지2M(12) 게임,https://www.youtube.com/watch?v=HlLE3h3vJrk,20회,스트리밍 시간: 5일 전
리니지2M(12) 게임,https://www.youtube.com/watch?v=ShbL-KLNyuA,221회,스트리밍 시간: 5일 전
리니지2M(12) 게임,https://www.youtube.com/watch?v=MDn_I3cVWlA,58회,스트리밍 시간: 5일 전
리니지2M(12) 게임,https://www.youtube.com/watch?v=yL_jmUlTxAs,7.9천회,스트리밍 시간: 5일 전
리니지2M(12) 게임,https://www.youtube.com/watch?v=Yo9XvGK87w0,6.8천회,스트리밍 시간: 5일 전
리니지2M(12) 게임,https://www.youtube.com/watch?v=E0Gp6Ks5qbw,1.2만회,6일 전
리니지2M(12) 게임,https://www.youtube.com/watch?v=EpuFtk_0iqI,2회,6일 전
리니지2M(12) 게임,https://www.youtube.com/watch?v=hlwAuShGGew,18회,스트리밍 시간: 6일 전
리니지2M(12) 게임,https://www.youtube.com/watch?v=W4KjCuS_R7k,4.9만회,스트리밍 시간: 6일 전
리니지2M(12) 게임,https://www.youtube.com/watch?v=F-PgqstBtk8,5회,스트리밍 시간: 6일 전
리니지2M(12) 게임,https://www.youtube.com/watch?v=IcyTVKkznJ8,1천회,스트리밍 시간: 6일 전
리니지2M(12) 게임,https://www.youtube.com/watch?v=Z1oIWuabBW0,1회,6일 전
리니지2M(12) 게임,https://www.youtube.com/watch?v=zp2ZnO_M_PA,32회,스트리밍 시간: 6일 전
리니지2M(12) 게임,https://www.youtube.com/watch?v=N8o0ghhYlGA,1만회,스트리밍 시간: 6일 전
리니지2M(12) 게임,https://www.youtube.com/watch?v=1tTetd0W6Jc,3.7만회,스트리밍 시간: 6일 전
리니지2M(12) 게임,https://www.youtube.com/watch?v=24bhN3jK7wg,9.2천회,스트리밍 시간: 6일 전
리니지2M(12) 게임,https://www.youtube.com/watch?v=1xoox9bj6iQ,38만회,6일 전
리니지2M(12) 게임,https://www.youtube.com/watch?v=rxLLzflSFKo,1천회,1주 전
리니지2M(12) 게임,https://www.youtube.com/watch?v=i_a9JkoSKUs,15회,1주 전
리니지2M(12) 게임,https://www.youtube.com/watch?v=uRG4rTp0nNU,3.7천회,스트리밍 시간: 1주 전
리니지2M(12) 게임,https://www.youtube.com/watch?v=0N1yQ3CKf70,2.4천회,스트리밍 시간: 1주 전
리니지2M(12) 게임,https://www.youtube.com/watch?v=3FEIBPj0-Ig,1천회,스트리밍 시간: 1주 전
리니지2M(12) 게임,https://www.youtube.com/watch?v=SQNHyz2quZk,8.1만회,스트리밍 시간: 1주 전
리니지2M(12) 게임,https://www.youtube.com/watch?v=tdJUo_E6VBc,1.2만회,스트리밍 시간: 1주 전
리니지2M(12) 게임,https://www.youtube.com/watch?v=9oPoYhbDnqQ,없음,1주 전
리니지2M(12) 게임,https://www.youtube.com/watch?v=R0iByN2tw-w,7.3천회,스트리밍 시간: 1주 전
리니지2M(12) 게임,https://www.youtube.com/watch?v=n399PMhGGMs,3.4천회,1주 전
리니지2M(12) 게임,https://www.youtube.com/watch?v=K6w6V8jXpVc,4.6천회,스트리밍 시간: 1주 전
리니지2M(12) 게임,https://www.youtube.com/watch?v=Ak_Hb0tzNTQ,117회,스트리밍 시간: 1주 전
리니지2M(12) 게임,https://www.youtube.com/watch?v=GQjTI6AhW4Q,4.6천회,스트리밍 시간: 1주 전
리니지2M(12) 게임,https://www.youtube.com/watch?v=YiC3SJnlydk,7.6천회,1주 전
리니지2M(12) 게임,https://www.youtube.com/watch?v=e6mcYYI0an0,945회,스트리밍 시간: 1주 전
리니지2M(12) 게임,https://www.youtube.com/watch?v=Y6SZzlgilQI,9.7만회,스트리밍 시간: 1주 전
리니지2M(12) 게임,https://www.youtube.com/watch?v=WSlMhUC-qf4,744회,스트리밍 시간: 1주 전
리니지2M(12) 게임,https://www.youtube.com/watch?v=Z8PQXq6mJEs,197회,1주 전
리니지2M(12) 게임,https://www.youtube.com/watch?v=z0x9vR0YLjU,1.1만회,스트리밍 시간: 1주 전
리니지2M(12) 게임,https://www.youtube.com/watch?v=P-Pk0He2sYk,1.6만회,스트리밍 시간: 1주 전
리니지2M(12) 게임,https://www.youtube.com/watch?v=DGqXX3tJ1H8,2.9천회,스트리밍 시간: 1주 전
리니지2M(12) 게임,https://www.youtube.com/watch?v=4SnufTV6OkM,4.6천회,스트리밍 시간: 1주 전
리니지2M(12) 게임,https://www.youtube.com/watch?v=9sdnhY1TIyU,2.3천회,스트리밍 시간: 1주 전
리니지2M(12) 게임,https://www.youtube.com/watch?v=lGiA7gFeRdQ,179회,스트리밍 시간: 1주 전
리니지2M(12) 게임,https://www.youtube.com/watch?v=ut9655djMVY,1.6만회,1주 전
리니지2M(12) 게임,https://www.youtube.com/watch?v=9W64dSq6M-c,1.4만회,스트리밍 시간: 1주 전
리니지2M(12) 게임,https://www.youtube.com/watch?v=dOr2iTfHafA,5회,1주 전
리니지2M(12) 게임,https://www.youtube.com/watch?v=TRFQRzWryUk,4.7천회,1주 전
리니지2M(12) 게임,https://www.youtube.com/watch?v=5TaUPQBBF8o,1회,1주 전
리니지2M(12) 게임,https://www.youtube.com/watch?v=VSW4i9QcXFs,261회,1주 전
리니지2M(12) 게임,https://www.youtube.com/watch?v=S2_dnxqh8BQ,3회,1주 전
리니지2M(12) 게임,https://www.youtube.com/watch?v=VqCkiJn_Qy8,30회,1주 전
리니지2M(12) 게임,https://www.youtube.com/watch?v=yXAB1MzJZM4,97회,1주 전
리니지2M(12) 게임,https://www.youtube.com/watch?v=aXdCGIQJi0c,1.3천회,스트리밍 시간: 1주 전
리니지2M(12) 게임,https://www.youtube.com/watch?v=DA1ji3TwGjA,987회,스트리밍 시간: 1주 전
리니지2M(12) 게임,https://www.youtube.com/watch?v=ofzKnfSIVxk,1.4천회,스트리밍 시간: 1주 전
리니지2M(12) 게임,https://www.youtube.com/watch?v=4yP4tZ8Res0,4.7만회,스트리밍 시간: 1주 전
리니지2M(12) 게임,https://www.youtube.com/watch?v=aauhFMn1I8Y,725회,1주 전
리니지2M(12) 게임,https://www.youtube.com/watch?v=6TTRvXxH8Dk,6.6천회,스트리밍 시간: 1주 전
리니지2M(12) 게임,https://www.youtube.com/watch?v=kLd9DtCqRHw,1.8만회,스트리밍 시간: 1주 전
리니지2M(12) 게임,https://www.youtube.com/watch?v=A77GGIuxvx4,308회,스트리밍 시간: 1주 전
리니지2M(12) 게임,https://www.youtube.com/watch?v=TlE2QRoxXmw,5.4천회,스트리밍 시간: 1주 전
리니지2M(12) 게임,https://www.youtube.com/watch?v=h2T_ckhZRmM,2천회,스트리밍 시간: 1주 전
리니지2M(12) 게임,https://www.youtube.com/watch?v=uvlwWDrKksY,654회,스트리밍 시간: 1주 전
리니지2M(12) 게임,https://www.youtube.com/watch?v=G9qPVpjmGks,10회,스트리밍 시간: 1주 전
리니지2M(12) 게임,https://www.youtube.com/watch?v=5wfrR7KgDsI,13회,스트리밍 시간: 1주 전
리니지2M(12) 게임,https://www.youtube.com/watch?v=0bBu8pIGQ8c,1.2천회,스트리밍 시간: 1주 전
리니지2M(12) 게임,https://www.youtube.com/watch?v=YwBIDBLIa3w,3.4만회,스트리밍 시간: 1주 전
리니지2M(12) 게임,https://www.youtube.com/watch?v=HLDrIttaY7s,4천회,스트리밍 시간: 1주 전
리니지2M(12) 게임,https://www.youtube.com/watch?v=VUtFZ-mZdkE,14회,1주 전
리니지2M(12) 게임,https://www.youtube.com/watch?v=XuvH7n1UUgw,596회,1주 전
리니지2M(12) 게임,https://www.youtube.com/watch?v=bkKtKOUOemY,6.9천회,스트리밍 시간: 1주 전
리니지2M(12) 게임,https://www.youtube.com/watch?v=RGksbOGyFd0,29회,스트리밍 시간: 1주 전
리니지2M(12) 게임,https://www.youtube.com/watch?v=_3kNKZhSkxo,1.4천회,스트리밍 시간: 1주 전
리니지2M(12) 게임,https://www.youtube.com/watch?v=zvukH3tkU4s,2.9만회,스트리밍 시간: 1주 전
리니지2M(12) 게임,https://www.youtube.com/watch?v=24ZudZYrpeE,2천회,스트리밍 시간: 1주 전
리니지2M(12) 게임,https://www.youtube.com/watch?v=Oj9voo7plHw,4.2만회,스트리밍 시간: 1주 전
리니지2M(12) 게임,https://www.youtube.com/watch?v=xiICmCxrE_Q,4.1천회,스트리밍 시간: 1주 전
리니지2M(12) 게임,https://www.youtube.com/watch?v=J6CCpzYb2DU,없음,1주 전
리니지2M(12) 게임,https://www.youtube.com/watch?v=-07Q9KAnqJA,없음,1주 전
리니지2M(12) 게임,https://www.youtube.com/watch?v=ma0EzHHKglc,없음,1주 전
리니지2M(12) 게임,https://www.youtube.com/watch?v=TynIHXD3xgE,5회,1주 전
리니지2M(12) 게임,https://www.youtube.com/watch?v=eL0H6uHkD_Y,7.5천회,1주 전
리니지2M(12) 게임,https://www.youtube.com/watch?v=EqhVfaK1R50,103회,1주 전
리니지2M(12) 게임,https://www.youtube.com/watch?v=lR2ZgGSqnkM,4.4천회,2주 전
리니지2M(12) 게임,https://www.youtube.com/watch?v=j3MtRTuAi3g,2.3천회,2주 전
리니지2M(12) 게임,https://www.youtube.com/watch?v=bBzbv-AOT5o,32회,스트리밍 시간: 2주 전
리니지2M(12) 게임,https://www.youtube.com/watch?v=psdqRrpDIhQ,6회,2주 전
리니지2M(12) 게임,https://www.youtube.com/watch?v=jkFxKgjtcvo,285회,2주 전
리니지2M(12) 게임,https://www.youtube.com/watch?v=mD2SLNxGt6A,2회,2주 전
리니지2M(12) 게임,https://www.youtube.com/watch?v=EyswZ7ZVww8,1회,2주 전
리니지2M(12) 게임,https://www.youtube.com/watch?v=XN1CYjJLhIA,1회,2주 전
리니지2M(12) 게임,https://www.youtube.com/watch?v=h2zi-BlsVvE,4회,2주 전
리니지2M(12) 게임,https://www.youtube.com/watch?v=b3Le43NnzUs,없음,2주 전
리니지2M(12) 게임,https://www.youtube.com/watch?v=EbNURFTwMaI,1.2만회,2주 전
리니지2M(12) 게임,https://www.youtube.com/watch?v=OUaw_sfcO40,17만회,2주 전
리니지2M(12) 게임,https://www.youtube.com/watch?v=d0XTmDEExYQ,151회,2주 전
리니지2M(12) 게임,https://www.youtube.com/watch?v=P1EQ4F_SkhU,22만회,2주 전
리니지2M(12) 게임,https://www.youtube.com/watch?v=dY1f8OIByBA,6회,2주 전
리니지2M(12) 게임,https://www.youtube.com/watch?v=flDCKfFYwzw,50만회,2주 전
리니지2M(12) 게임,https://www.youtube.com/watch?v=EufYX1ulYow,16회,2주 전
리니지2M(12) 게임,https://www.youtube.com/watch?v=T7NEoWFO5K8,2.5만회,2주 전
리니지2M(12) 게임,https://www.youtube.com/watch?v=Bs4YCskD5LI,2만회,2주 전
리니지2M(12) 게임,https://www.youtube.com/watch?v=NmVDVYX5BOw,없음,2주 전
리니지2M(12) 게임,https://www.youtube.com/watch?v=vjymB0kE6vk,5.3천회,2주 전
리니지2M(12) 게임,https://www.youtube.com/watch?v=MZXCUZcimY8,17만회,스트리밍 시간: 2주 전
리니지2M(12) 게임,https://www.youtube.com/watch?v=on0-_X1nC3I,1회,스트리밍 시간: 2주 전
리니지2M(12) 게임,https://www.youtube.com/watch?v=iBUbMO4uPMk,36회,2주 전
리니지2M(12) 게임,https://www.youtube.com/watch?v=8QHrpxErmfc,4만회,2주 전
리니지2M(12) 게임,https://www.youtube.com/watch?v=v-P1OI5TpI8,11회,스트리밍 시간: 2주 전
리니지2M(12) 게임,https://www.youtube.com/watch?v=228SAYaKYik,185회,스트리밍 시간: 2주 전
리니지2M(12) 게임,https://www.youtube.com/watch?v=udI86xeGGdU,240회,스트리밍 시간: 2주 전
리니지2M(12) 게임,https://www.youtube.com/watch?v=nscS1VyJ_3s,3만회,2주 전
리니지2M(12) 게임,https://www.youtube.com/watch?v=AkePgZDpQPI,23회,스트리밍 시간: 2주 전
리니지2M(12) 게임,https://www.youtube.com/watch?v=J3x7mL_YDuE,11회,스트리밍 시간: 2주 전
리니지2M(12) 게임,https://www.youtube.com/watch?v=ftDGb-IfBq0,4회,2주 전
리니지2M(12) 게임,https://www.youtube.com/watch?v=fcsiXo89H1M,1.4만회,2주 전
리니지2M(12) 게임,https://www.youtube.com/watch?v=HH9IZIF8rPY,1.7만회,2주 전
리니지2M(12) 게임,https://www.youtube.com/watch?v=WWMYnzoXvg4,9만회,2주 전
리니지2M(12) 게임,https://www.youtube.com/watch?v=FHuJU9vPiJQ,1.1만회,2주 전
리니지2M(12) 게임,https://www.youtube.com/watch?v=RpNBcdJGpRc,5천회,2주 전
리니지2M(12) 게임,https://www.youtube.com/watch?v=aICbicdeyJQ,33회,2주 전
리니지2M(12) 게임,https://www.youtube.com/watch?v=wIN7qGTTorE,35회,스트리밍 시간: 2주 전
리니지2M(12) 게임,https://www.youtube.com/watch?v=pNM3_lko810,176회,2주 전
리니지2M(12) 게임,https://www.youtube.com/watch?v=zGJB9voDqZ0,2.2만회,2주 전
리니지2M(12) 게임,https://www.youtube.com/watch?v=CO2wycvH6Bs,6.6만회,2주 전
리니지2M(12) 게임,https://www.youtube.com/watch?v=iJu_ut5kd88,12만회,2주 전
리니지2M(12) 게임,https://www.youtube.com/watch?v=3VqRD10yPSA,20회,2주 전
리니지2M(12) 게임,https://www.youtube.com/watch?v=w05oiEzOtgU,2.8만회,3주 전
리니지2M(12) 게임,https://www.youtube.com/watch?v=8C7u45r5RvY,9.5천회,3주 전
리니지2M(12) 게임,https://www.youtube.com/watch?v=ga31sozIQVU,646회,1개월 전
리니지2M(12) 게임,https://www.youtube.com/watch?v=qxFVOHvpeRI,37회,스트리밍 시간: 1개월 전
리니지2M(12) 게임,https://www.youtube.com/watch?v=O1FqDMPOZ2w,17회,1개월 전
리니지2M(12) 게임,https://www.youtube.com/watch?v=Y5afME10dQU,1.2천회,1개월 전
리니지2M(12) 게임,https://www.youtube.com/watch?v=eJRXAmL8IbY,5.3천회,1개월 전
리니지2M(12) 게임,https://www.youtube.com/watch?v=-w-BzlWTyWA,515회,스트리밍 시간: 1개월 전
리니지2M(12) 게임,https://www.youtube.com/watch?v=FTPWEdR-zZw,100회,1개월 전
리니지2M(12) 게임,https://www.youtube.com/watch?v=wlyWgXen0_A,1.1천회,스트리밍 시간: 1개월 전
리니지2M(12) 게임,https://www.youtube.com/watch?v=fhqFZUlCVeg,1.1만회,2개월 전
리니지2M(12) 게임,https://www.youtube.com/watch?v=shsb9QbY1TA,1.9만회,2개월 전
리니지2M(12) 게임,https://www.youtube.com/watch?v=usq4-vgeZos,742회,2개월 전
리니지2M(12) 게임,https://www.youtube.com/watch?v=lnh0vHGioEY,3.1천회,3개월 전
리니지2M(12) 게임,https://www.youtube.com/watch?v=H1gaiWcMzi0,395회,3개월 전
리니지2M(12) 게임,https://www.youtube.com/watch?v=-lVsFkIKEas,6천회,5개월 전
리니지2M(12) 게임,https://www.youtube.com/watch?v=g0PKrI08c7U,79회,8개월 전
리니지2M(12) 게임,https://www.youtube.com/watch?v=yvnac_xlNVs,172회,8개월 전
리니지2M(12) 게임,https://www.youtube.com/watch?v=l5Nw6ZOoMVs,186회,스트리밍 시간: 8개월 전
리니지2M(12) 게임,https://www.youtube.com/watch?v=5entJdPF9gE,159회,스트리밍 시간: 8개월 전
리니지2M(12) 게임,https://www.youtube.com/watch?v=pIQXp1dRw-s,2회,스트리밍 시간: 9개월 전
리니지2M(12) 게임,https://www.youtube.com/watch?v=yJ8vln9m4HU,10회,스트리밍 시간: 9개월 전
