﻿search,youtube_url,viewer,upload
마기아 : 카르마 사가 게임,https://www.youtube.com/watch?v=hvtWRvnPR_U,1회,1일 전
마기아 : 카르마 사가 게임,https://www.youtube.com/watch?v=xAot-ZqxE7E,33회,5일 전
마기아 : 카르마 사가 게임,https://www.youtube.com/watch?v=PWcahpxNZDA,65회,5일 전
마기아 : 카르마 사가 게임,https://www.youtube.com/watch?v=4aE9qJBiGe8,41회,6일 전
마기아 : 카르마 사가 게임,https://www.youtube.com/watch?v=AvC43OwZ_BE,1회,1주 전
마기아 : 카르마 사가 게임,https://www.youtube.com/watch?v=dbXh_73w8PE,37회,1주 전
마기아 : 카르마 사가 게임,https://www.youtube.com/watch?v=NmLTXpuF_3Y,5회,1주 전
마기아 : 카르마 사가 게임,https://www.youtube.com/watch?v=0_9K7zqCmB4,38회,1주 전
마기아 : 카르마 사가 게임,https://www.youtube.com/watch?v=MNwQC0SeS3Y,13회,1주 전
마기아 : 카르마 사가 게임,https://www.youtube.com/watch?v=7gt5Ufked-o,48회,1주 전
마기아 : 카르마 사가 게임,https://www.youtube.com/watch?v=VNTgDEGI6BA,10회,2주 전
마기아 : 카르마 사가 게임,https://www.youtube.com/watch?v=hAwVz3j8aVs,4.9천회,2주 전
마기아 : 카르마 사가 게임,https://www.youtube.com/watch?v=P953n5G27Zc,16만회,3주 전
마기아 : 카르마 사가 게임,https://www.youtube.com/watch?v=IKs8o5Rg2Ss,5.6천회,스트리밍 시간: 3주 전
마기아 : 카르마 사가 게임,https://www.youtube.com/watch?v=Hw2MDTzdCWM,198회,3주 전
마기아 : 카르마 사가 게임,https://www.youtube.com/watch?v=yha1ZolbNHU,152회,3주 전
마기아 : 카르마 사가 게임,https://www.youtube.com/watch?v=zQJP5WKmRqw,1.4만회,4주 전
마기아 : 카르마 사가 게임,https://www.youtube.com/watch?v=SSNgJfw6n6s,87회,1개월 전
마기아 : 카르마 사가 게임,https://www.youtube.com/watch?v=Ctyp4aHHm2U,639회,1개월 전
마기아 : 카르마 사가 게임,https://www.youtube.com/watch?v=AXvvuINq9sc,674회,1개월 전
마기아 : 카르마 사가 게임,https://www.youtube.com/watch?v=DCMTZmiWgII,209회,1개월 전
마기아 : 카르마 사가 게임,https://www.youtube.com/watch?v=HMl0h-uXIWc,30회,1개월 전
마기아 : 카르마 사가 게임,https://www.youtube.com/watch?v=LbhQiRnoEjo,14회,1개월 전
마기아 : 카르마 사가 게임,https://www.youtube.com/watch?v=ENPUJUi3RmA,36회,1개월 전
마기아 : 카르마 사가 게임,https://www.youtube.com/watch?v=AfLGszjdOG4,38회,1개월 전
마기아 : 카르마 사가 게임,https://www.youtube.com/watch?v=rV9prvfGv2s,1회,1개월 전
마기아 : 카르마 사가 게임,https://www.youtube.com/watch?v=wsyVWKqPOII,495회,1개월 전
마기아 : 카르마 사가 게임,https://www.youtube.com/watch?v=uRbAmc5FS34,2회,1개월 전
마기아 : 카르마 사가 게임,https://www.youtube.com/watch?v=jhsaSKUd4P0,43회,1개월 전
마기아 : 카르마 사가 게임,https://www.youtube.com/watch?v=nkotxaKSY_E,41회,1개월 전
마기아 : 카르마 사가 게임,https://www.youtube.com/watch?v=gjvUlC81KQM,38회,1개월 전
마기아 : 카르마 사가 게임,https://www.youtube.com/watch?v=VfeNRBM_-0Y,68회,1개월 전
마기아 : 카르마 사가 게임,https://www.youtube.com/watch?v=rpZtAh1_uyg,386회,스트리밍 시간: 1개월 전
마기아 : 카르마 사가 게임,https://www.youtube.com/watch?v=fQ_qSDEPn94,37회,1개월 전
마기아 : 카르마 사가 게임,https://www.youtube.com/watch?v=tpU_d9KARxk,35회,1개월 전
마기아 : 카르마 사가 게임,https://www.youtube.com/watch?v=1fSZ5H7X6J8,194회,1개월 전
마기아 : 카르마 사가 게임,https://www.youtube.com/watch?v=IGtdf9KgUUY,178회,1개월 전
마기아 : 카르마 사가 게임,https://www.youtube.com/watch?v=xcqsWiFNexI,693회,1개월 전
마기아 : 카르마 사가 게임,https://www.youtube.com/watch?v=39YcjO5kZ7Y,3.5천회,1개월 전
마기아 : 카르마 사가 게임,https://www.youtube.com/watch?v=Dd63A5OtCqU,168회,1개월 전
마기아 : 카르마 사가 게임,https://www.youtube.com/watch?v=JuuIQeMeJRU,341회,1개월 전
마기아 : 카르마 사가 게임,https://www.youtube.com/watch?v=ADbxbk6J_10,1.4만회,1개월 전
마기아 : 카르마 사가 게임,https://www.youtube.com/watch?v=6wPbDu5kh6Q,33회,스트리밍 시간: 1개월 전
마기아 : 카르마 사가 게임,https://www.youtube.com/watch?v=-pXRG_iWdYg,60회,1개월 전
마기아 : 카르마 사가 게임,https://www.youtube.com/watch?v=RU-gBzo-is4,103회,1개월 전
마기아 : 카르마 사가 게임,https://www.youtube.com/watch?v=3_q46gQ2t14,73회,1개월 전
마기아 : 카르마 사가 게임,https://www.youtube.com/watch?v=rf7NqQoe4_k,106회,1개월 전
마기아 : 카르마 사가 게임,https://www.youtube.com/watch?v=lnpLcA7035U,76회,1개월 전
마기아 : 카르마 사가 게임,https://www.youtube.com/watch?v=1wyFBm3vusg,238회,1개월 전
마기아 : 카르마 사가 게임,https://www.youtube.com/watch?v=CdOOShNI3BQ,170회,1개월 전
마기아 : 카르마 사가 게임,https://www.youtube.com/watch?v=Q4PpT8B2NE8,668회,1개월 전
마기아 : 카르마 사가 게임,https://www.youtube.com/watch?v=ecy1b4qcJHU,51회,1개월 전
마기아 : 카르마 사가 게임,https://www.youtube.com/watch?v=YidV644YQJ8,1.6천회,1개월 전
마기아 : 카르마 사가 게임,https://www.youtube.com/watch?v=_RQDe0sGh8k,292회,1개월 전
마기아 : 카르마 사가 게임,https://www.youtube.com/watch?v=0N5EYawRaqo,478회,1개월 전
마기아 : 카르마 사가 게임,https://www.youtube.com/watch?v=uvBNnMyjO6s,425회,1개월 전
마기아 : 카르마 사가 게임,https://www.youtube.com/watch?v=5cuYf05jjYc,30회,1개월 전
마기아 : 카르마 사가 게임,https://www.youtube.com/watch?v=PW7y0NTjvWg,1.7천회,1개월 전
마기아 : 카르마 사가 게임,https://www.youtube.com/watch?v=9FKGFewUIKU,2.1천회,2개월 전
마기아 : 카르마 사가 게임,https://www.youtube.com/watch?v=GXoEIA7sI8U,572회,2개월 전
마기아 : 카르마 사가 게임,https://www.youtube.com/watch?v=tbeg_Sdk2VU,716회,스트리밍 시간: 6개월 전
마기아 : 카르마 사가 게임,https://www.youtube.com/watch?v=xZw_BZTn8DI,21회,7개월 전
마기아 : 카르마 사가 게임,https://www.youtube.com/watch?v=C4MQn0iIYAs,1.3천회,8개월 전
마기아 : 카르마 사가 게임,https://www.youtube.com/watch?v=qWDCiwiOPAw,1.4천회,8개월 전
마기아 : 카르마 사가 게임,https://www.youtube.com/watch?v=sdOh5VXNUJ4,15회,8개월 전
마기아 : 카르마 사가 게임,https://www.youtube.com/watch?v=cLWj30rmPgY,66회,9개월 전
마기아 : 카르마 사가 게임,https://www.youtube.com/watch?v=d_R6xw0tTLA,507회,9개월 전
마기아 : 카르마 사가 게임,https://www.youtube.com/watch?v=hNO53QiS7dU,551회,9개월 전
마기아 : 카르마 사가 게임,https://www.youtube.com/watch?v=Tgf5AwwWOwg,234회,9개월 전
마기아 : 카르마 사가 게임,https://www.youtube.com/watch?v=lUscyXpUvFg,2.2천회,9개월 전
마기아 : 카르마 사가 게임,https://www.youtube.com/watch?v=n5WbT14hWqs,1.7천회,9개월 전
마기아 : 카르마 사가 게임,https://www.youtube.com/watch?v=AxGJeYCgvGI,2.3천회,9개월 전
마기아 : 카르마 사가 게임,https://www.youtube.com/watch?v=V_LogP4yBzk,1.9천회,9개월 전
마기아 : 카르마 사가 게임,https://www.youtube.com/watch?v=1GeH_Ne6dyE,125회,스트리밍 시간: 9개월 전
마기아 : 카르마 사가 게임,https://www.youtube.com/watch?v=hLK2L7xCpcU,7.6천회,9개월 전
마기아 : 카르마 사가 게임,https://www.youtube.com/watch?v=_kKNo8Nq9p0,522회,9개월 전
마기아 : 카르마 사가 게임,https://www.youtube.com/watch?v=6rJDP8blZck,377회,9개월 전
마기아 : 카르마 사가 게임,https://www.youtube.com/watch?v=01bdva5IchQ,352회,9개월 전
