﻿search,youtube_url,viewer,upload
궁수의 전설 게임,https://www.youtube.com/watch?v=pLPj1GwvGv0,없음,1시간 전
궁수의 전설 게임,https://www.youtube.com/watch?v=eQex8vrzAjw,4회,22시간 전
궁수의 전설 게임,https://www.youtube.com/watch?v=5KVn1IiM52Y,1천회,1일 전
궁수의 전설 게임,https://www.youtube.com/watch?v=roc47mRvqF0,104회,1일 전
궁수의 전설 게임,https://www.youtube.com/watch?v=pTLHCSkwRCc,없음,1일 전
궁수의 전설 게임,https://www.youtube.com/watch?v=gTjA2HxHP-c,없음,2일 전
궁수의 전설 게임,https://www.youtube.com/watch?v=axFpT1iFX5M,833회,2일 전
궁수의 전설 게임,https://www.youtube.com/watch?v=SaN6SJnVwH8,없음,2일 전
궁수의 전설 게임,https://www.youtube.com/watch?v=yLLzUeM5wgc,없음,2일 전
궁수의 전설 게임,https://www.youtube.com/watch?v=tPFkWDB7RdI,1.2천회,2일 전
궁수의 전설 게임,https://www.youtube.com/watch?v=9peV7XBZ4CQ,1회,3일 전
궁수의 전설 게임,https://www.youtube.com/watch?v=07pdNL5MgzI,3회,4일 전
궁수의 전설 게임,https://www.youtube.com/watch?v=VKmeoRGx6Ww,837회,4일 전
궁수의 전설 게임,https://www.youtube.com/watch?v=-ZxfDe4cQrI,9회,4일 전
궁수의 전설 게임,https://www.youtube.com/watch?v=crp-pkQeet4,23회,4일 전
궁수의 전설 게임,https://www.youtube.com/watch?v=6QVxdruBbdg,5회,4일 전
궁수의 전설 게임,https://www.youtube.com/watch?v=xuEbbZO7dMg,6회,5일 전
궁수의 전설 게임,https://www.youtube.com/watch?v=uHxqDaOP15w,2.6천회,5일 전
궁수의 전설 게임,https://www.youtube.com/watch?v=hzTgvDarWqc,1.6천회,5일 전
궁수의 전설 게임,https://www.youtube.com/watch?v=iGbKQi9WQYw,1회,5일 전
궁수의 전설 게임,https://www.youtube.com/watch?v=PMjbY4nQ08I,5회,5일 전
궁수의 전설 게임,https://www.youtube.com/watch?v=arjUc6VAerM,2회,6일 전
궁수의 전설 게임,https://www.youtube.com/watch?v=mXn_O1OmGm8,10회,1주 전
궁수의 전설 게임,https://www.youtube.com/watch?v=7mdCAnzSV20,3.6천회,1주 전
궁수의 전설 게임,https://www.youtube.com/watch?v=vtWHwFJbZ0c,12회,1주 전
궁수의 전설 게임,https://www.youtube.com/watch?v=uiyKPAUQIxA,79회,1주 전
궁수의 전설 게임,https://www.youtube.com/watch?v=8KQYvXdlpSE,2천회,1주 전
궁수의 전설 게임,https://www.youtube.com/watch?v=cibWGLfbWJg,없음,1주 전
궁수의 전설 게임,https://www.youtube.com/watch?v=FWeQM9kdovs,2.1천회,1주 전
궁수의 전설 게임,https://www.youtube.com/watch?v=0RpshcmH0E8,18회,1주 전
궁수의 전설 게임,https://www.youtube.com/watch?v=Xuw-VNF22cc,1회,1주 전
궁수의 전설 게임,https://www.youtube.com/watch?v=yacr7og2M1g,4회,1주 전
궁수의 전설 게임,https://www.youtube.com/watch?v=CbhsH8wIRBo,없음,1주 전
궁수의 전설 게임,https://www.youtube.com/watch?v=JFyAD2tSnqo,4회,1주 전
궁수의 전설 게임,https://www.youtube.com/watch?v=ExW8apCic8A,174회,1주 전
궁수의 전설 게임,https://www.youtube.com/watch?v=rMHQFaSKYEM,9회,1주 전
궁수의 전설 게임,https://www.youtube.com/watch?v=IYYzoB0Ocaw,2회,1주 전
궁수의 전설 게임,https://www.youtube.com/watch?v=_gFbF-dQtEE,없음,1주 전
궁수의 전설 게임,https://www.youtube.com/watch?v=fFklkL21V-Y,9회,1주 전
궁수의 전설 게임,https://www.youtube.com/watch?v=MbM5xeeBcB8,197회,2주 전
궁수의 전설 게임,https://www.youtube.com/watch?v=whouBYn4ws4,336회,2주 전
궁수의 전설 게임,https://www.youtube.com/watch?v=kfNLAvRHvs4,533회,2주 전
궁수의 전설 게임,https://www.youtube.com/watch?v=txHQZzXKAWU,1회,2주 전
궁수의 전설 게임,https://www.youtube.com/watch?v=AZbOiUhfCaQ,113회,2주 전
궁수의 전설 게임,https://www.youtube.com/watch?v=LkH1ZHEfADs,12만회,2주 전
궁수의 전설 게임,https://www.youtube.com/watch?v=JarSHIZ4oOU,없음,2주 전
궁수의 전설 게임,https://www.youtube.com/watch?v=xcK79d0lxCI,5회,2주 전
궁수의 전설 게임,https://www.youtube.com/watch?v=fnxjWOBBdUQ,429회,2주 전
궁수의 전설 게임,https://www.youtube.com/watch?v=RyvkTBUy0kw,없음,2주 전
궁수의 전설 게임,https://www.youtube.com/watch?v=EcnFeA94SpU,3회,2주 전
궁수의 전설 게임,https://www.youtube.com/watch?v=DhD0N5LBm_g,3회,2주 전
궁수의 전설 게임,https://www.youtube.com/watch?v=z58Wa6E0nwI,21회,스트리밍 시간: 2주 전
궁수의 전설 게임,https://www.youtube.com/watch?v=sujxkXvxWZM,1회,2주 전
궁수의 전설 게임,https://www.youtube.com/watch?v=nbh1OrsEtbA,없음,2주 전
궁수의 전설 게임,https://www.youtube.com/watch?v=hEd0_cTu7C8,없음,2주 전
궁수의 전설 게임,https://www.youtube.com/watch?v=bep5s5IiICc,8회,2주 전
궁수의 전설 게임,https://www.youtube.com/watch?v=-M_2JdbnrEs,17회,2주 전
궁수의 전설 게임,https://www.youtube.com/watch?v=zWCV4GYK2ZA,3.6천회,3주 전
궁수의 전설 게임,https://www.youtube.com/watch?v=MbBe_zIedOE,9.8만회,3주 전
궁수의 전설 게임,https://www.youtube.com/watch?v=gJB5g7sIzRk,239회,3주 전
궁수의 전설 게임,https://www.youtube.com/watch?v=wV1aSr-ckAM,1.3천회,3주 전
궁수의 전설 게임,https://www.youtube.com/watch?v=ci4NJHb3eo4,28회,3주 전
궁수의 전설 게임,https://www.youtube.com/watch?v=KktxQAXinpE,4.2천회,3주 전
궁수의 전설 게임,https://www.youtube.com/watch?v=tUc8k1n0vJg,101회,3주 전
궁수의 전설 게임,https://www.youtube.com/watch?v=B_-6XA4m32I,54회,3주 전
궁수의 전설 게임,https://www.youtube.com/watch?v=0EKvxt91JvI,52회,3주 전
궁수의 전설 게임,https://www.youtube.com/watch?v=C6W_IRbgOnA,754회,3주 전
궁수의 전설 게임,https://www.youtube.com/watch?v=0Q8hMMSjoTE,220회,3주 전
궁수의 전설 게임,https://www.youtube.com/watch?v=yYgDk9SNEHo,3.1천회,3주 전
궁수의 전설 게임,https://www.youtube.com/watch?v=QF2mCvGeKmU,11만회,3주 전
궁수의 전설 게임,https://www.youtube.com/watch?v=YvPhUWA6JNs,263회,3주 전
궁수의 전설 게임,https://www.youtube.com/watch?v=ZVSykdxwZUE,16만회,3주 전
궁수의 전설 게임,https://www.youtube.com/watch?v=knXrFT3F9es,21회,3주 전
궁수의 전설 게임,https://www.youtube.com/watch?v=8wJo67HUwWk,19회,3주 전
궁수의 전설 게임,https://www.youtube.com/watch?v=tai72ksaxTE,1회,3주 전
궁수의 전설 게임,https://www.youtube.com/watch?v=kayPPiY2TNU,68회,3주 전
궁수의 전설 게임,https://www.youtube.com/watch?v=zhn8nz0QWNI,23회,스트리밍 시간: 3주 전
궁수의 전설 게임,https://www.youtube.com/watch?v=YzMLt_PGmQg,2회,3주 전
궁수의 전설 게임,https://www.youtube.com/watch?v=36-ThFu9yVM,217회,3주 전
궁수의 전설 게임,https://www.youtube.com/watch?v=R0MWrpVUJWg,1회,3주 전
궁수의 전설 게임,https://www.youtube.com/watch?v=xMyXS1HkTkk,30회,4주 전
궁수의 전설 게임,https://www.youtube.com/watch?v=xnNZXO8eTb4,464회,4주 전
궁수의 전설 게임,https://www.youtube.com/watch?v=x0WrZWRvmzY,2회,4주 전
궁수의 전설 게임,https://www.youtube.com/watch?v=-MB5VhlaE6k,40회,4주 전
궁수의 전설 게임,https://www.youtube.com/watch?v=iAF9Az1I004,28회,4주 전
궁수의 전설 게임,https://www.youtube.com/watch?v=8-hHXiuoxv4,19회,스트리밍 시간: 1개월 전
궁수의 전설 게임,https://www.youtube.com/watch?v=7N2noTqjPrk,158회,1개월 전
궁수의 전설 게임,https://www.youtube.com/watch?v=bBmghNiZSiU,72회,1개월 전
궁수의 전설 게임,https://www.youtube.com/watch?v=uuK-WuZxD7A,28회,1개월 전
궁수의 전설 게임,https://www.youtube.com/watch?v=ojf9yfS8mjY,196회,1개월 전
궁수의 전설 게임,https://www.youtube.com/watch?v=Zr6HZzEfTrQ,30회,1개월 전
궁수의 전설 게임,https://www.youtube.com/watch?v=hHyQlJ0lB90,41회,1개월 전
궁수의 전설 게임,https://www.youtube.com/watch?v=Tq3IdiWzHsI,40회,스트리밍 시간: 1개월 전
궁수의 전설 게임,https://www.youtube.com/watch?v=JB01BwW88KY,48회,스트리밍 시간: 1개월 전
궁수의 전설 게임,https://www.youtube.com/watch?v=uC9ijCApVsI,5.4천회,1개월 전
궁수의 전설 게임,https://www.youtube.com/watch?v=KcbMu_jk8I4,7회,1개월 전
궁수의 전설 게임,https://www.youtube.com/watch?v=nHB0JIg56Hg,2회,1개월 전
궁수의 전설 게임,https://www.youtube.com/watch?v=6QBrNqKGbOg,37회,1개월 전
궁수의 전설 게임,https://www.youtube.com/watch?v=ujhZ3TiwF7c,32회,1개월 전
궁수의 전설 게임,https://www.youtube.com/watch?v=sqw6HR9BmMk,1.5천회,1개월 전
궁수의 전설 게임,https://www.youtube.com/watch?v=Lmb1Ewi2VK0,71회,1개월 전
궁수의 전설 게임,https://www.youtube.com/watch?v=1B7tz-qwU28,1천회,1개월 전
궁수의 전설 게임,https://www.youtube.com/watch?v=uE4ysyk-owQ,1천회,1개월 전
궁수의 전설 게임,https://www.youtube.com/watch?v=esd57MawaxU,2.5천회,1개월 전
궁수의 전설 게임,https://www.youtube.com/watch?v=t1YsmHuQZ9g,3.5천회,1개월 전
궁수의 전설 게임,https://www.youtube.com/watch?v=dT-N_cmFZXA,199회,1개월 전
궁수의 전설 게임,https://www.youtube.com/watch?v=X4yK9C_DuB0,9회,1개월 전
궁수의 전설 게임,https://www.youtube.com/watch?v=rXBxNoJs6xU,7회,1개월 전
궁수의 전설 게임,https://www.youtube.com/watch?v=pPpKkmU-Aw4,400회,1개월 전
궁수의 전설 게임,https://www.youtube.com/watch?v=CYmfTN28L3U,3.9천회,1개월 전
궁수의 전설 게임,https://www.youtube.com/watch?v=EhYNfOFba7c,15회,1개월 전
궁수의 전설 게임,https://www.youtube.com/watch?v=6_MINd23XVo,411회,1개월 전
궁수의 전설 게임,https://www.youtube.com/watch?v=gPJHhBu1HF0,63회,1개월 전
궁수의 전설 게임,https://www.youtube.com/watch?v=4q_YaRpebYM,619회,1개월 전
궁수의 전설 게임,https://www.youtube.com/watch?v=0kmtKbsJkZ0,208회,1개월 전
궁수의 전설 게임,https://www.youtube.com/watch?v=o-mh-IJKmCE,15회,1개월 전
궁수의 전설 게임,https://www.youtube.com/watch?v=1y-BaiwgzUs,263회,1개월 전
궁수의 전설 게임,https://www.youtube.com/watch?v=lJn29o27uLg,182회,1개월 전
궁수의 전설 게임,https://www.youtube.com/watch?v=RLQ0ueOpwl8,8.9천회,1개월 전
궁수의 전설 게임,https://www.youtube.com/watch?v=XTMR4TupWw4,2회,1개월 전
궁수의 전설 게임,https://www.youtube.com/watch?v=LgN3t4ncQfI,3회,1개월 전
궁수의 전설 게임,https://www.youtube.com/watch?v=O7U9x7f_yHU,74회,1개월 전
궁수의 전설 게임,https://www.youtube.com/watch?v=jmRY6i6d2b8,22회,1개월 전
궁수의 전설 게임,https://www.youtube.com/watch?v=KdQ6c5enJbc,15회,1개월 전
궁수의 전설 게임,https://www.youtube.com/watch?v=NSSu9hxSVPY,43회,1개월 전
궁수의 전설 게임,https://www.youtube.com/watch?v=UcRiAYjQuX4,23회,1개월 전
궁수의 전설 게임,https://www.youtube.com/watch?v=dyvXaUliiU4,16회,1개월 전
궁수의 전설 게임,https://www.youtube.com/watch?v=WqVQvq2jkrU,114회,1개월 전
궁수의 전설 게임,https://www.youtube.com/watch?v=ugw7IvhOkEE,60회,1개월 전
궁수의 전설 게임,https://www.youtube.com/watch?v=1nLxYeQEE1g,2천회,1개월 전
궁수의 전설 게임,https://www.youtube.com/watch?v=Cy-v1cOewCk,2회,1개월 전
궁수의 전설 게임,https://www.youtube.com/watch?v=CmzX9quG3z8,2회,1개월 전
궁수의 전설 게임,https://www.youtube.com/watch?v=8HlsvMAwrR8,4.6천회,1개월 전
궁수의 전설 게임,https://www.youtube.com/watch?v=WX99UPYN6zA,22회,1개월 전
궁수의 전설 게임,https://www.youtube.com/watch?v=w7muYZ_fidE,17회,1개월 전
궁수의 전설 게임,https://www.youtube.com/watch?v=2AjafUgQneU,269회,1개월 전
궁수의 전설 게임,https://www.youtube.com/watch?v=pUICWeQl8-g,248회,1개월 전
궁수의 전설 게임,https://www.youtube.com/watch?v=OzKdD2BzJXw,105회,1개월 전
궁수의 전설 게임,https://www.youtube.com/watch?v=7cIm5rInv3Q,10회,스트리밍 시간: 1개월 전
궁수의 전설 게임,https://www.youtube.com/watch?v=k8t4Z80kbEw,37회,1개월 전
궁수의 전설 게임,https://www.youtube.com/watch?v=fnNtc5N2J4U,131회,1개월 전
궁수의 전설 게임,https://www.youtube.com/watch?v=Fin233GwFMU,73회,1개월 전
궁수의 전설 게임,https://www.youtube.com/watch?v=iC6wyIdfTCM,574회,1개월 전
궁수의 전설 게임,https://www.youtube.com/watch?v=Er4khyNr71M,1회,1개월 전
궁수의 전설 게임,https://www.youtube.com/watch?v=BKxN7B-3lwg,1회,1개월 전
궁수의 전설 게임,https://www.youtube.com/watch?v=AJTEjH8ytQM,88회,1개월 전
궁수의 전설 게임,https://www.youtube.com/watch?v=6V_j33tK-GY,47회,1개월 전
궁수의 전설 게임,https://www.youtube.com/watch?v=kDm9c_zj-7k,465회,1개월 전
궁수의 전설 게임,https://www.youtube.com/watch?v=gf2NEpAVJLk,80회,1개월 전
궁수의 전설 게임,https://www.youtube.com/watch?v=u4NFHgwXF7g,40회,1개월 전
궁수의 전설 게임,https://www.youtube.com/watch?v=imtTdRVd7o8,363회,1개월 전
궁수의 전설 게임,https://www.youtube.com/watch?v=HP9zo0wSewY,24회,1개월 전
궁수의 전설 게임,https://www.youtube.com/watch?v=6O3y6LdsBHM,15회,1개월 전
궁수의 전설 게임,https://www.youtube.com/watch?v=xE7HX1Nurgo,624회,1개월 전
궁수의 전설 게임,https://www.youtube.com/watch?v=q4oC3qxuS9g,48회,1개월 전
궁수의 전설 게임,https://www.youtube.com/watch?v=qGRkyDBUiaE,1.1만회,1개월 전
궁수의 전설 게임,https://www.youtube.com/watch?v=YX6mNzNmYz0,515회,1개월 전
궁수의 전설 게임,https://www.youtube.com/watch?v=r5Xy8BfNoZI,366회,1개월 전
궁수의 전설 게임,https://www.youtube.com/watch?v=sRj1EFoTuk0,2.5천회,1개월 전
궁수의 전설 게임,https://www.youtube.com/watch?v=-S_7V80AWZA,144회,1개월 전
궁수의 전설 게임,https://www.youtube.com/watch?v=wydR3iE-hi0,498회,1개월 전
궁수의 전설 게임,https://www.youtube.com/watch?v=WI3I-nhKtws,7회,1개월 전
궁수의 전설 게임,https://www.youtube.com/watch?v=kF9MQMEBzsk,17회,1개월 전
궁수의 전설 게임,https://www.youtube.com/watch?v=SrFfNADgTeQ,48회,1개월 전
궁수의 전설 게임,https://www.youtube.com/watch?v=Hgq4CtKlJe4,133회,1개월 전
궁수의 전설 게임,https://www.youtube.com/watch?v=Hkl5kun4ADw,2.2만회,1개월 전
궁수의 전설 게임,https://www.youtube.com/watch?v=SBh9E9p-JEU,7회,1개월 전
궁수의 전설 게임,https://www.youtube.com/watch?v=CPFdhIUt76A,5.5천회,1개월 전
궁수의 전설 게임,https://www.youtube.com/watch?v=yufXY-NjIOs,264회,1개월 전
궁수의 전설 게임,https://www.youtube.com/watch?v=a_SCeA1uf3o,24회,1개월 전
궁수의 전설 게임,https://www.youtube.com/watch?v=QWY4WZxT410,145회,1개월 전
궁수의 전설 게임,https://www.youtube.com/watch?v=PGEaMwPORFQ,31회,1개월 전
궁수의 전설 게임,https://www.youtube.com/watch?v=WeYc5pYg_94,34회,1개월 전
궁수의 전설 게임,https://www.youtube.com/watch?v=NF9tZlfOXsw,15회,1개월 전
궁수의 전설 게임,https://www.youtube.com/watch?v=5SuZbKEoSk0,21회,1개월 전
궁수의 전설 게임,https://www.youtube.com/watch?v=Ngl9BEgw7cU,954회,1개월 전
궁수의 전설 게임,https://www.youtube.com/watch?v=gRey1zuh8Mo,63회,1개월 전
궁수의 전설 게임,https://www.youtube.com/watch?v=dM1zdgMLFf8,8회,1개월 전
궁수의 전설 게임,https://www.youtube.com/watch?v=me7PBEYcEsY,75회,1개월 전
궁수의 전설 게임,https://www.youtube.com/watch?v=cWaXD08eOKM,9회,1개월 전
궁수의 전설 게임,https://www.youtube.com/watch?v=-ZOp32C-BcY,11회,2개월 전
궁수의 전설 게임,https://www.youtube.com/watch?v=mbayb1QFOGI,1.7천회,2개월 전
궁수의 전설 게임,https://www.youtube.com/watch?v=4057FPCBw68,3.7천회,2개월 전
궁수의 전설 게임,https://www.youtube.com/watch?v=XfqaxFPYL5s,42회,2개월 전
궁수의 전설 게임,https://www.youtube.com/watch?v=UC5cl1hReoQ,14회,2개월 전
궁수의 전설 게임,https://www.youtube.com/watch?v=J4w4bfdXXU4,59회,2개월 전
궁수의 전설 게임,https://www.youtube.com/watch?v=ov50urp8CiA,6.6천회,2개월 전
궁수의 전설 게임,https://www.youtube.com/watch?v=fCK6KiChWDQ,1.2천회,2개월 전
궁수의 전설 게임,https://www.youtube.com/watch?v=z_sFfVCbvh8,45회,2개월 전
궁수의 전설 게임,https://www.youtube.com/watch?v=cyGSvn_AhE4,107회,2개월 전
궁수의 전설 게임,https://www.youtube.com/watch?v=OMqRiDyOqXw,779회,2개월 전
궁수의 전설 게임,https://www.youtube.com/watch?v=KUwLaEC_0Z4,6회,2개월 전
궁수의 전설 게임,https://www.youtube.com/watch?v=3xMlYb4_ItQ,665회,2개월 전
궁수의 전설 게임,https://www.youtube.com/watch?v=Z-BQp_JMhts,64회,2개월 전
궁수의 전설 게임,https://www.youtube.com/watch?v=w8ZEzU3v0NA,720회,2개월 전
궁수의 전설 게임,https://www.youtube.com/watch?v=i4IQC3PAElI,1회,2개월 전
궁수의 전설 게임,https://www.youtube.com/watch?v=xfJOc9t0eqA,26회,2개월 전
궁수의 전설 게임,https://www.youtube.com/watch?v=BE3vJ-0fgWY,4회,2개월 전
궁수의 전설 게임,https://www.youtube.com/watch?v=UoILQPPn0iw,17만회,2개월 전
궁수의 전설 게임,https://www.youtube.com/watch?v=lBHAu-Hboog,184회,2개월 전
궁수의 전설 게임,https://www.youtube.com/watch?v=LxRfVXfLSIU,45회,2개월 전
궁수의 전설 게임,https://www.youtube.com/watch?v=mHYroWpIIP0,688회,2개월 전
궁수의 전설 게임,https://www.youtube.com/watch?v=4Njs7O0DFPU,10회,2개월 전
궁수의 전설 게임,https://www.youtube.com/watch?v=AuVcBFLbN2Y,3.3만회,2개월 전
궁수의 전설 게임,https://www.youtube.com/watch?v=68XcSURQ24c,224회,2개월 전
궁수의 전설 게임,https://www.youtube.com/watch?v=gzTYMOz200E,513회,2개월 전
궁수의 전설 게임,https://www.youtube.com/watch?v=O6nZaPGpAsM,142회,2개월 전
궁수의 전설 게임,https://www.youtube.com/watch?v=qgbPZxVa42k,7.3만회,2개월 전
궁수의 전설 게임,https://www.youtube.com/watch?v=5BaHEO2nI8o,2회,2개월 전
궁수의 전설 게임,https://www.youtube.com/watch?v=amFOryQwCik,23회,2개월 전
궁수의 전설 게임,https://www.youtube.com/watch?v=gJTlBF3CTu4,1.8만회,2개월 전
궁수의 전설 게임,https://www.youtube.com/watch?v=tVEnCMWYDXs,251회,2개월 전
궁수의 전설 게임,https://www.youtube.com/watch?v=NHC5-3AJYL8,2.1만회,2개월 전
궁수의 전설 게임,https://www.youtube.com/watch?v=Sb9ISXufavs,86회,2개월 전
궁수의 전설 게임,https://www.youtube.com/watch?v=L_bE-L__EYA,121회,2개월 전
궁수의 전설 게임,https://www.youtube.com/watch?v=BgS282ZmrZc,35회,2개월 전
궁수의 전설 게임,https://www.youtube.com/watch?v=pkZV1ugMkmg,2.9천회,2개월 전
궁수의 전설 게임,https://www.youtube.com/watch?v=XMkKOD9YUBU,236회,2개월 전
궁수의 전설 게임,https://www.youtube.com/watch?v=toDFrZiw5DI,277회,2개월 전
궁수의 전설 게임,https://www.youtube.com/watch?v=FOLsEUHfu2E,567회,3개월 전
궁수의 전설 게임,https://www.youtube.com/watch?v=LDhpAfqUFw0,53회,3개월 전
궁수의 전설 게임,https://www.youtube.com/watch?v=04Bba26ZD4w,1.4천회,3개월 전
궁수의 전설 게임,https://www.youtube.com/watch?v=y05QDOe-nJM,573회,3개월 전
궁수의 전설 게임,https://www.youtube.com/watch?v=bnb8OD7eZaM,169회,3개월 전
궁수의 전설 게임,https://www.youtube.com/watch?v=f_p8XiUBaFU,27만회,3개월 전
궁수의 전설 게임,https://www.youtube.com/watch?v=LZ0EZS530EA,59회,3개월 전
궁수의 전설 게임,https://www.youtube.com/watch?v=xTUqWToFbV8,2.5천회,3개월 전
궁수의 전설 게임,https://www.youtube.com/watch?v=0LBo1ulPjIM,201회,3개월 전
궁수의 전설 게임,https://www.youtube.com/watch?v=1XDtvRY_TFg,119회,3개월 전
궁수의 전설 게임,https://www.youtube.com/watch?v=2LffIdeToXs,1천회,3개월 전
궁수의 전설 게임,https://www.youtube.com/watch?v=5hMrrKVoHQM,355회,3개월 전
궁수의 전설 게임,https://www.youtube.com/watch?v=J5lpiJ6DLsk,215회,3개월 전
궁수의 전설 게임,https://www.youtube.com/watch?v=Ly4HhP1LnNo,3.1천회,3개월 전
궁수의 전설 게임,https://www.youtube.com/watch?v=gHj6ngVGJAo,793회,3개월 전
궁수의 전설 게임,https://www.youtube.com/watch?v=Kef9O9DLHrg,705회,3개월 전
궁수의 전설 게임,https://www.youtube.com/watch?v=83LUNSdP90g,1.7만회,3개월 전
궁수의 전설 게임,https://www.youtube.com/watch?v=u3xrcQdogfc,4.4천회,3개월 전
궁수의 전설 게임,https://www.youtube.com/watch?v=14tnx664Bok,4.4천회,3개월 전
궁수의 전설 게임,https://www.youtube.com/watch?v=XTpKpC4CbvE,2.3천회,3개월 전
궁수의 전설 게임,https://www.youtube.com/watch?v=4VpY_MWUJpQ,308회,3개월 전
궁수의 전설 게임,https://www.youtube.com/watch?v=aM_m3S248Xk,156회,3개월 전
궁수의 전설 게임,https://www.youtube.com/watch?v=bp2Hx654do8,298회,3개월 전
궁수의 전설 게임,https://www.youtube.com/watch?v=zRRL-qC8l6o,1.4천회,3개월 전
궁수의 전설 게임,https://www.youtube.com/watch?v=9Xl3IxuRgvw,1천회,3개월 전
궁수의 전설 게임,https://www.youtube.com/watch?v=AXC3qqT8Ji0,473회,3개월 전
궁수의 전설 게임,https://www.youtube.com/watch?v=wqrMEQyPtBI,988회,3개월 전
궁수의 전설 게임,https://www.youtube.com/watch?v=F9_Qks_nEZ0,196회,3개월 전
궁수의 전설 게임,https://www.youtube.com/watch?v=5zxvZoHh3uE,19만회,3개월 전
궁수의 전설 게임,https://www.youtube.com/watch?v=PFR8NVYn0Cs,53회,3개월 전
궁수의 전설 게임,https://www.youtube.com/watch?v=2rD8yvOYixg,59회,3개월 전
궁수의 전설 게임,https://www.youtube.com/watch?v=76hiO3HzIaA,24회,3개월 전
궁수의 전설 게임,https://www.youtube.com/watch?v=DCH9l505I7w,36회,3개월 전
궁수의 전설 게임,https://www.youtube.com/watch?v=fnAqZTsyzpQ,123회,3개월 전
궁수의 전설 게임,https://www.youtube.com/watch?v=3JjPk7bNcHQ,1.5만회,3개월 전
궁수의 전설 게임,https://www.youtube.com/watch?v=7Z9OSyAm2Vs,6.8천회,3개월 전
궁수의 전설 게임,https://www.youtube.com/watch?v=nT3YGPmDcDE,29회,3개월 전
궁수의 전설 게임,https://www.youtube.com/watch?v=o4rjjNBFC14,37회,3개월 전
궁수의 전설 게임,https://www.youtube.com/watch?v=f3qfe5vhS-U,18회,3개월 전
궁수의 전설 게임,https://www.youtube.com/watch?v=kN0ASUDgK2c,30회,3개월 전
궁수의 전설 게임,https://www.youtube.com/watch?v=TNb3d35d8VY,45회,3개월 전
궁수의 전설 게임,https://www.youtube.com/watch?v=5ZR7iUuZziI,23회,3개월 전
궁수의 전설 게임,https://www.youtube.com/watch?v=ItANU-gkAqc,875회,3개월 전
궁수의 전설 게임,https://www.youtube.com/watch?v=dPMJiJg7OLA,205회,3개월 전
궁수의 전설 게임,https://www.youtube.com/watch?v=1quhwPRRpTQ,95회,3개월 전
궁수의 전설 게임,https://www.youtube.com/watch?v=8xh1uPPF-74,2.1천회,3개월 전
궁수의 전설 게임,https://www.youtube.com/watch?v=J5LtVqBoOT0,66회,4개월 전
궁수의 전설 게임,https://www.youtube.com/watch?v=WP8qAkA0LNQ,43회,4개월 전
궁수의 전설 게임,https://www.youtube.com/watch?v=yd-N9Lpz0I0,91회,4개월 전
궁수의 전설 게임,https://www.youtube.com/watch?v=8nrL6_CAcrU,4천회,4개월 전
궁수의 전설 게임,https://www.youtube.com/watch?v=QBlc27M_IfI,27만회,4개월 전
궁수의 전설 게임,https://www.youtube.com/watch?v=zTQhtcXcZRU,93회,4개월 전
궁수의 전설 게임,https://www.youtube.com/watch?v=Qte9mBmApwM,767회,4개월 전
궁수의 전설 게임,https://www.youtube.com/watch?v=n3O7LaWM8mc,132회,4개월 전
궁수의 전설 게임,https://www.youtube.com/watch?v=PdCNPzYgH_Q,5.7천회,4개월 전
궁수의 전설 게임,https://www.youtube.com/watch?v=PZI55ZxZ_t4,76회,4개월 전
궁수의 전설 게임,https://www.youtube.com/watch?v=-V7gGn4FVwE,57회,4개월 전
궁수의 전설 게임,https://www.youtube.com/watch?v=z7hk6kauoTw,241회,4개월 전
궁수의 전설 게임,https://www.youtube.com/watch?v=URAdcLt_7mw,797회,4개월 전
궁수의 전설 게임,https://www.youtube.com/watch?v=LeWHG9NJQko,33회,4개월 전
궁수의 전설 게임,https://www.youtube.com/watch?v=sawg427BC5U,9.9천회,4개월 전
궁수의 전설 게임,https://www.youtube.com/watch?v=XyYVd4VNPjg,7천회,4개월 전
궁수의 전설 게임,https://www.youtube.com/watch?v=a5u3fvYYXU4,43회,4개월 전
궁수의 전설 게임,https://www.youtube.com/watch?v=DKFBjqNFBN4,16회,4개월 전
궁수의 전설 게임,https://www.youtube.com/watch?v=FXLuqf6K4PI,239회,4개월 전
궁수의 전설 게임,https://www.youtube.com/watch?v=7DPysYC5n1A,566회,4개월 전
궁수의 전설 게임,https://www.youtube.com/watch?v=0KoSedDCSik,5.4천회,4개월 전
궁수의 전설 게임,https://www.youtube.com/watch?v=o1GwBOO8ru0,1천회,4개월 전
궁수의 전설 게임,https://www.youtube.com/watch?v=f2LLxwP8K50,8회,4개월 전
궁수의 전설 게임,https://www.youtube.com/watch?v=w3TGEXMCZGg,1.8천회,4개월 전
궁수의 전설 게임,https://www.youtube.com/watch?v=d_DPb-9uQl8,155회,4개월 전
궁수의 전설 게임,https://www.youtube.com/watch?v=yjAMz1vHRLM,46회,4개월 전
궁수의 전설 게임,https://www.youtube.com/watch?v=gDZoyrG6ky4,19만회,4개월 전
궁수의 전설 게임,https://www.youtube.com/watch?v=HGeqkV1bf9s,192회,4개월 전
궁수의 전설 게임,https://www.youtube.com/watch?v=raVdX-hhRRM,166회,4개월 전
궁수의 전설 게임,https://www.youtube.com/watch?v=buggB7_Asgo,137회,4개월 전
궁수의 전설 게임,https://www.youtube.com/watch?v=I8NqSGkAob8,3.2천회,4개월 전
궁수의 전설 게임,https://www.youtube.com/watch?v=rWohd68kI5s,1.2천회,4개월 전
궁수의 전설 게임,https://www.youtube.com/watch?v=Lq0qpFim4g8,305회,4개월 전
궁수의 전설 게임,https://www.youtube.com/watch?v=dHsdp9vz8hk,243회,4개월 전
궁수의 전설 게임,https://www.youtube.com/watch?v=jIuRIKYQTEw,4.4천회,4개월 전
궁수의 전설 게임,https://www.youtube.com/watch?v=kvabZ8rMujM,1.4천회,4개월 전
궁수의 전설 게임,https://www.youtube.com/watch?v=QyyMvokTQn0,290회,4개월 전
궁수의 전설 게임,https://www.youtube.com/watch?v=TIW7e0BJbSI,455회,4개월 전
궁수의 전설 게임,https://www.youtube.com/watch?v=6XsM9fP3RBc,130회,4개월 전
궁수의 전설 게임,https://www.youtube.com/watch?v=08K7IfCYYzs,844회,4개월 전
궁수의 전설 게임,https://www.youtube.com/watch?v=OmCBCLR0TWY,471회,4개월 전
궁수의 전설 게임,https://www.youtube.com/watch?v=SgieKIVuq_E,134회,4개월 전
궁수의 전설 게임,https://www.youtube.com/watch?v=oXjyIcSKjcM,72회,4개월 전
궁수의 전설 게임,https://www.youtube.com/watch?v=jQJ2QbVITws,215회,4개월 전
궁수의 전설 게임,https://www.youtube.com/watch?v=dd6eY8UgDSc,66회,4개월 전
궁수의 전설 게임,https://www.youtube.com/watch?v=52otT3qPNP0,1.6천회,4개월 전
궁수의 전설 게임,https://www.youtube.com/watch?v=fVj7UdznuEc,1.3천회,4개월 전
궁수의 전설 게임,https://www.youtube.com/watch?v=Q2lSRCIzYDE,58회,4개월 전
궁수의 전설 게임,https://www.youtube.com/watch?v=LJ30CEiaRGw,86회,4개월 전
궁수의 전설 게임,https://www.youtube.com/watch?v=Tg8I7yszBW8,316회,4개월 전
궁수의 전설 게임,https://www.youtube.com/watch?v=AEnrUeLtkYk,1.7천회,4개월 전
궁수의 전설 게임,https://www.youtube.com/watch?v=4t9Y1OMoAto,672회,4개월 전
궁수의 전설 게임,https://www.youtube.com/watch?v=iFr_Zkz3mrY,385회,4개월 전
궁수의 전설 게임,https://www.youtube.com/watch?v=fzlpyTSgpTc,450회,4개월 전
궁수의 전설 게임,https://www.youtube.com/watch?v=tCw6rJxDFOo,158회,4개월 전
궁수의 전설 게임,https://www.youtube.com/watch?v=3f20D5UFNxE,5.7만회,4개월 전
궁수의 전설 게임,https://www.youtube.com/watch?v=PZ-x9ReTbtM,151회,4개월 전
궁수의 전설 게임,https://www.youtube.com/watch?v=kOOV_jzEk78,47회,4개월 전
궁수의 전설 게임,https://www.youtube.com/watch?v=beHA4O2UVaM,455회,4개월 전
궁수의 전설 게임,https://www.youtube.com/watch?v=qEFlbj-6e2o,76회,5개월 전
궁수의 전설 게임,https://www.youtube.com/watch?v=ZDqtCNbAnoU,2.4천회,5개월 전
궁수의 전설 게임,https://www.youtube.com/watch?v=0vuYkW77dQ0,183회,5개월 전
궁수의 전설 게임,https://www.youtube.com/watch?v=9nr4Fd04tws,313회,5개월 전
궁수의 전설 게임,https://www.youtube.com/watch?v=6dSAP2oRJhs,1.2천회,5개월 전
궁수의 전설 게임,https://www.youtube.com/watch?v=UwfB-9YwtFY,1.1천회,5개월 전
궁수의 전설 게임,https://www.youtube.com/watch?v=SmLnabanRMo,297회,5개월 전
궁수의 전설 게임,https://www.youtube.com/watch?v=rkTf9zJ3UQc,138회,5개월 전
궁수의 전설 게임,https://www.youtube.com/watch?v=f9bC5Bx_8MI,14회,5개월 전
궁수의 전설 게임,https://www.youtube.com/watch?v=0yUydHBZcto,139회,5개월 전
궁수의 전설 게임,https://www.youtube.com/watch?v=gTh4BaeYlII,474회,5개월 전
궁수의 전설 게임,https://www.youtube.com/watch?v=8raJsfmLqRM,1천회,5개월 전
궁수의 전설 게임,https://www.youtube.com/watch?v=09adWEmn9is,74회,5개월 전
궁수의 전설 게임,https://www.youtube.com/watch?v=h2wwOlD06eE,60회,5개월 전
궁수의 전설 게임,https://www.youtube.com/watch?v=odIAk9_wFDU,136회,5개월 전
궁수의 전설 게임,https://www.youtube.com/watch?v=IYqzFgyt-A8,293회,5개월 전
궁수의 전설 게임,https://www.youtube.com/watch?v=XA1rWBwdRhM,706회,5개월 전
궁수의 전설 게임,https://www.youtube.com/watch?v=JPQEEqE2sDY,885회,5개월 전
궁수의 전설 게임,https://www.youtube.com/watch?v=3g6EE5FoclQ,253회,5개월 전
궁수의 전설 게임,https://www.youtube.com/watch?v=oETSJWfXX1M,462회,5개월 전
궁수의 전설 게임,https://www.youtube.com/watch?v=1P8yECdmFdQ,198회,5개월 전
궁수의 전설 게임,https://www.youtube.com/watch?v=iOMLLFObJrg,27만회,5개월 전
궁수의 전설 게임,https://www.youtube.com/watch?v=ByE2OhIGyQ8,108회,5개월 전
궁수의 전설 게임,https://www.youtube.com/watch?v=XM83JIwxRGM,1.9만회,5개월 전
궁수의 전설 게임,https://www.youtube.com/watch?v=YvJsfN4gtYs,141회,5개월 전
궁수의 전설 게임,https://www.youtube.com/watch?v=4DEyK76q__A,30만회,5개월 전
궁수의 전설 게임,https://www.youtube.com/watch?v=qsI9-KgLdOU,5.4천회,5개월 전
궁수의 전설 게임,https://www.youtube.com/watch?v=jQP2tZVPJqA,140회,5개월 전
궁수의 전설 게임,https://www.youtube.com/watch?v=3w5_RxniNs0,1.1만회,5개월 전
궁수의 전설 게임,https://www.youtube.com/watch?v=Mbj9G5hLnxQ,5.3만회,5개월 전
궁수의 전설 게임,https://www.youtube.com/watch?v=J7klbe4Fxi0,523회,5개월 전
궁수의 전설 게임,https://www.youtube.com/watch?v=0vilJcegYpk,2.7천회,5개월 전
궁수의 전설 게임,https://www.youtube.com/watch?v=mbeia5uBEH8,212회,5개월 전
궁수의 전설 게임,https://www.youtube.com/watch?v=S2Uo8eT46dk,940회,5개월 전
궁수의 전설 게임,https://www.youtube.com/watch?v=I_XQvFiDU6Q,304회,5개월 전
궁수의 전설 게임,https://www.youtube.com/watch?v=WMTqFxk7UR0,169회,5개월 전
궁수의 전설 게임,https://www.youtube.com/watch?v=_oGZQZVAe1o,617회,스트리밍 시간: 5개월 전
궁수의 전설 게임,https://www.youtube.com/watch?v=mP4lLdU9HjI,23만회,5개월 전
궁수의 전설 게임,https://www.youtube.com/watch?v=G3AB50IdU6E,3천회,5개월 전
궁수의 전설 게임,https://www.youtube.com/watch?v=p8zVLBRv6UI,10만회,5개월 전
궁수의 전설 게임,https://www.youtube.com/watch?v=TnTFhU1SHYw,6천회,5개월 전
궁수의 전설 게임,https://www.youtube.com/watch?v=s6FlYqohDds,3.1천회,5개월 전
궁수의 전설 게임,https://www.youtube.com/watch?v=nLIvCzY8dxY,3.6천회,5개월 전
궁수의 전설 게임,https://www.youtube.com/watch?v=0nUnZp14znY,52만회,5개월 전
궁수의 전설 게임,https://www.youtube.com/watch?v=OVcJtemET7k,9천회,5개월 전
궁수의 전설 게임,https://www.youtube.com/watch?v=Llg3oHPlLAU,14만회,5개월 전
궁수의 전설 게임,https://www.youtube.com/watch?v=2fZ90DXmS3Q,1.1천회,5개월 전
궁수의 전설 게임,https://www.youtube.com/watch?v=1OIQSQziPpk,2.5만회,5개월 전
궁수의 전설 게임,https://www.youtube.com/watch?v=QhrxPn296kQ,212회,5개월 전
궁수의 전설 게임,https://www.youtube.com/watch?v=rFqETHu9How,9.2천회,5개월 전
궁수의 전설 게임,https://www.youtube.com/watch?v=6WdjZtUOZIs,5.4만회,5개월 전
궁수의 전설 게임,https://www.youtube.com/watch?v=9Jl4izqBLdU,33만회,5개월 전
궁수의 전설 게임,https://www.youtube.com/watch?v=B4porGfCQEE,1천회,5개월 전
궁수의 전설 게임,https://www.youtube.com/watch?v=IAKBfPAkKU8,7.3천회,5개월 전
궁수의 전설 게임,https://www.youtube.com/watch?v=rS_f0VzLUo4,10만회,5개월 전
궁수의 전설 게임,https://www.youtube.com/watch?v=kq0HgYBqERY,2.5천회,5개월 전
궁수의 전설 게임,https://www.youtube.com/watch?v=aaRZZq1euvY,722회,5개월 전
궁수의 전설 게임,https://www.youtube.com/watch?v=_YNaKnkqXnc,18만회,5개월 전
궁수의 전설 게임,https://www.youtube.com/watch?v=ldfjzo8EpUU,488회,5개월 전
궁수의 전설 게임,https://www.youtube.com/watch?v=HF_DbLD2jKA,326회,5개월 전
궁수의 전설 게임,https://www.youtube.com/watch?v=Upfs25y7UfA,1.2천회,5개월 전
궁수의 전설 게임,https://www.youtube.com/watch?v=JiDQ1NWli98,431회,5개월 전
궁수의 전설 게임,https://www.youtube.com/watch?v=5zgMb2ZL5mg,2.5천회,5개월 전
궁수의 전설 게임,https://www.youtube.com/watch?v=WfeBPkKPAqo,34만회,5개월 전
궁수의 전설 게임,https://www.youtube.com/watch?v=WJxISAXjcaE,162회,5개월 전
궁수의 전설 게임,https://www.youtube.com/watch?v=56jHKfxQOg4,148회,5개월 전
궁수의 전설 게임,https://www.youtube.com/watch?v=VC1fbJt-PAI,82회,5개월 전
궁수의 전설 게임,https://www.youtube.com/watch?v=aNgZoA6R_sA,1.2천회,5개월 전
궁수의 전설 게임,https://www.youtube.com/watch?v=PtIMtK14eFc,17만회,5개월 전
궁수의 전설 게임,https://www.youtube.com/watch?v=dO0wYveyscw,2.9천회,5개월 전
궁수의 전설 게임,https://www.youtube.com/watch?v=QP7z-2VhEms,2.9만회,5개월 전
궁수의 전설 게임,https://www.youtube.com/watch?v=wk4jt8lCFgU,144회,5개월 전
궁수의 전설 게임,https://www.youtube.com/watch?v=kBOHBPiPmiE,28회,5개월 전
궁수의 전설 게임,https://www.youtube.com/watch?v=H_DZow8HpMM,7.1만회,5개월 전
궁수의 전설 게임,https://www.youtube.com/watch?v=YIWtd6_Wiu8,205회,5개월 전
궁수의 전설 게임,https://www.youtube.com/watch?v=r4PGugiB2dY,34만회,5개월 전
궁수의 전설 게임,https://www.youtube.com/watch?v=RfikkY7Q628,9.5천회,5개월 전
궁수의 전설 게임,https://www.youtube.com/watch?v=GLfd2BQ1WmU,454회,5개월 전
궁수의 전설 게임,https://www.youtube.com/watch?v=NQkvVjg29bM,154회,5개월 전
궁수의 전설 게임,https://www.youtube.com/watch?v=KyT3yy7J-FM,241회,5개월 전
궁수의 전설 게임,https://www.youtube.com/watch?v=AjZlqBCYLaA,218회,5개월 전
궁수의 전설 게임,https://www.youtube.com/watch?v=-1yOjgTUVwo,4만회,5개월 전
궁수의 전설 게임,https://www.youtube.com/watch?v=d-k280b5sjw,1.5천회,6개월 전
궁수의 전설 게임,https://www.youtube.com/watch?v=DlqzWjylQmQ,238회,6개월 전
궁수의 전설 게임,https://www.youtube.com/watch?v=2fEfvY0z_sY,767회,6개월 전
궁수의 전설 게임,https://www.youtube.com/watch?v=pqFexf-ocrg,3.5천회,6개월 전
궁수의 전설 게임,https://www.youtube.com/watch?v=ImF3IrhhOW8,39만회,6개월 전
궁수의 전설 게임,https://www.youtube.com/watch?v=0KfdICFzbSg,236회,6개월 전
궁수의 전설 게임,https://www.youtube.com/watch?v=-sTpDLR_0e0,4.5천회,6개월 전
궁수의 전설 게임,https://www.youtube.com/watch?v=GDF9909Hbwg,3.5천회,6개월 전
궁수의 전설 게임,https://www.youtube.com/watch?v=5ve-1jqrZ9Y,1.5만회,6개월 전
궁수의 전설 게임,https://www.youtube.com/watch?v=VApTzOCg_Zs,41만회,6개월 전
궁수의 전설 게임,https://www.youtube.com/watch?v=fOKspfvfV48,2.2천회,6개월 전
궁수의 전설 게임,https://www.youtube.com/watch?v=vBzOLPMawOM,223회,6개월 전
궁수의 전설 게임,https://www.youtube.com/watch?v=2SPioLMYm_0,4.5만회,6개월 전
궁수의 전설 게임,https://www.youtube.com/watch?v=E6McXVV0MoM,20만회,6개월 전
궁수의 전설 게임,https://www.youtube.com/watch?v=Oh-cse1pr5Y,527회,6개월 전
궁수의 전설 게임,https://www.youtube.com/watch?v=WvEoDAVPOv4,128회,6개월 전
궁수의 전설 게임,https://www.youtube.com/watch?v=5jV7bAUvU2M,264회,6개월 전
궁수의 전설 게임,https://www.youtube.com/watch?v=ABw68aAVeOw,1.1천회,6개월 전
궁수의 전설 게임,https://www.youtube.com/watch?v=p-0g0nA1MWs,243회,6개월 전
궁수의 전설 게임,https://www.youtube.com/watch?v=1lwk7BRu7X0,4.9만회,6개월 전
궁수의 전설 게임,https://www.youtube.com/watch?v=EGZ60dx1Jgk,222회,6개월 전
궁수의 전설 게임,https://www.youtube.com/watch?v=wbDY6n5W6yk,23만회,6개월 전
궁수의 전설 게임,https://www.youtube.com/watch?v=_zFsQPr4ceI,7.9만회,6개월 전
궁수의 전설 게임,https://www.youtube.com/watch?v=s2PWsEZQ9co,17회,6개월 전
궁수의 전설 게임,https://www.youtube.com/watch?v=zAlsKJkNI7I,24회,6개월 전
궁수의 전설 게임,https://www.youtube.com/watch?v=09iwNUInlGU,139회,6개월 전
궁수의 전설 게임,https://www.youtube.com/watch?v=OXS2Pw4-4JY,341회,6개월 전
궁수의 전설 게임,https://www.youtube.com/watch?v=QAg56yKblNg,7.8천회,6개월 전
궁수의 전설 게임,https://www.youtube.com/watch?v=2x2789NcA7Y,227회,6개월 전
궁수의 전설 게임,https://www.youtube.com/watch?v=rwLpHKboWOw,263회,6개월 전
궁수의 전설 게임,https://www.youtube.com/watch?v=-MWjFF8eh4U,2천회,6개월 전
궁수의 전설 게임,https://www.youtube.com/watch?v=9RtOLsTcmGk,129회,6개월 전
궁수의 전설 게임,https://www.youtube.com/watch?v=Zc_2yRCOj9A,144회,6개월 전
궁수의 전설 게임,https://www.youtube.com/watch?v=07vubkcSNCg,2만회,6개월 전
궁수의 전설 게임,https://www.youtube.com/watch?v=N_QxAyE28D8,318회,6개월 전
궁수의 전설 게임,https://www.youtube.com/watch?v=cwvL6_jplQ8,745회,6개월 전
궁수의 전설 게임,https://www.youtube.com/watch?v=HK4vXgf4knk,5.9만회,6개월 전
궁수의 전설 게임,https://www.youtube.com/watch?v=WJcDxohVQaw,46회,6개월 전
궁수의 전설 게임,https://www.youtube.com/watch?v=XD25MaBJfi8,1.4만회,6개월 전
궁수의 전설 게임,https://www.youtube.com/watch?v=VBbEKt4PdXA,134회,6개월 전
궁수의 전설 게임,https://www.youtube.com/watch?v=ScOaAzVZMF8,515회,6개월 전
궁수의 전설 게임,https://www.youtube.com/watch?v=XGguVI8G1Z8,128회,6개월 전
궁수의 전설 게임,https://www.youtube.com/watch?v=mUuioIMbGjI,91회,6개월 전
궁수의 전설 게임,https://www.youtube.com/watch?v=YgCQaRRVO2M,327회,6개월 전
궁수의 전설 게임,https://www.youtube.com/watch?v=ILaDuG-aVv8,563회,6개월 전
궁수의 전설 게임,https://www.youtube.com/watch?v=XQO8ScUnQug,898회,6개월 전
궁수의 전설 게임,https://www.youtube.com/watch?v=8kuGUy4Bp8c,1.5천회,6개월 전
궁수의 전설 게임,https://www.youtube.com/watch?v=lmIgEtia9zk,3.9천회,6개월 전
궁수의 전설 게임,https://www.youtube.com/watch?v=Y-VFcHIi48g,6.4만회,6개월 전
궁수의 전설 게임,https://www.youtube.com/watch?v=xk1KOsGavEE,1.1천회,6개월 전
궁수의 전설 게임,https://www.youtube.com/watch?v=rtnlGGtOP5s,89회,6개월 전
궁수의 전설 게임,https://www.youtube.com/watch?v=YlF8zwUS-mg,42회,6개월 전
궁수의 전설 게임,https://www.youtube.com/watch?v=avUHpukM1SM,206회,6개월 전
궁수의 전설 게임,https://www.youtube.com/watch?v=OYxim7RknFQ,1.2천회,6개월 전
궁수의 전설 게임,https://www.youtube.com/watch?v=soAqliOgZDs,140회,6개월 전
궁수의 전설 게임,https://www.youtube.com/watch?v=TK1PTSSHL5w,33만회,6개월 전
궁수의 전설 게임,https://www.youtube.com/watch?v=D6NQ4_10UFc,1만회,6개월 전
궁수의 전설 게임,https://www.youtube.com/watch?v=7FE2WwU2Jvg,5.2천회,6개월 전
궁수의 전설 게임,https://www.youtube.com/watch?v=_9piMDH-sDo,881회,6개월 전
궁수의 전설 게임,https://www.youtube.com/watch?v=tx5BF23pi_Y,3.4만회,6개월 전
궁수의 전설 게임,https://www.youtube.com/watch?v=lCeTOSKy--M,246회,6개월 전
궁수의 전설 게임,https://www.youtube.com/watch?v=hCqhRgDbaEY,38회,6개월 전
궁수의 전설 게임,https://www.youtube.com/watch?v=zz4NmgfbApQ,72회,6개월 전
궁수의 전설 게임,https://www.youtube.com/watch?v=pNzVIuoyah4,28회,6개월 전
궁수의 전설 게임,https://www.youtube.com/watch?v=EYai-u6VlU8,7만회,6개월 전
궁수의 전설 게임,https://www.youtube.com/watch?v=MGK70MzPF8M,4.1천회,6개월 전
궁수의 전설 게임,https://www.youtube.com/watch?v=USla3E2Yq8w,2.1만회,6개월 전
궁수의 전설 게임,https://www.youtube.com/watch?v=9fASd1gYfhE,4.8천회,6개월 전
궁수의 전설 게임,https://www.youtube.com/watch?v=GoJqTtMjVGI,2.3천회,6개월 전
궁수의 전설 게임,https://www.youtube.com/watch?v=mu-As3pcung,51만회,6개월 전
궁수의 전설 게임,https://www.youtube.com/watch?v=wGqLNsdDx6I,4.3만회,6개월 전
궁수의 전설 게임,https://www.youtube.com/watch?v=bXmw_AAOEy4,5.6만회,6개월 전
궁수의 전설 게임,https://www.youtube.com/watch?v=J5OufaJgv2g,7.5만회,6개월 전
궁수의 전설 게임,https://www.youtube.com/watch?v=36RKyX-oc3g,1.4만회,6개월 전
궁수의 전설 게임,https://www.youtube.com/watch?v=R3nSxg-aSSI,3.8천회,6개월 전
궁수의 전설 게임,https://www.youtube.com/watch?v=aqdSwlETaiA,1.4만회,6개월 전
궁수의 전설 게임,https://www.youtube.com/watch?v=FRSTLpJFZEM,21만회,6개월 전
궁수의 전설 게임,https://www.youtube.com/watch?v=ivVYuqgnV3A,24회,6개월 전
궁수의 전설 게임,https://www.youtube.com/watch?v=EyKhqoAnhjc,1.6만회,6개월 전
궁수의 전설 게임,https://www.youtube.com/watch?v=7h39JCp7jIE,1.2천회,6개월 전
궁수의 전설 게임,https://www.youtube.com/watch?v=6W4yQfs4eAI,173회,6개월 전
궁수의 전설 게임,https://www.youtube.com/watch?v=1XNtdcMOe2A,75회,6개월 전
궁수의 전설 게임,https://www.youtube.com/watch?v=xm4xabAniKQ,1.8천회,6개월 전
궁수의 전설 게임,https://www.youtube.com/watch?v=dhfB_FCHObw,338회,6개월 전
궁수의 전설 게임,https://www.youtube.com/watch?v=XIvxgKb775g,609회,6개월 전
궁수의 전설 게임,https://www.youtube.com/watch?v=Rv8d5W7kAec,4.8만회,6개월 전
궁수의 전설 게임,https://www.youtube.com/watch?v=TrXabB2778s,80회,6개월 전
궁수의 전설 게임,https://www.youtube.com/watch?v=DKYfuRm--mw,410회,6개월 전
궁수의 전설 게임,https://www.youtube.com/watch?v=gwF_OB-JlZA,110회,6개월 전
궁수의 전설 게임,https://www.youtube.com/watch?v=9sYGbtQ0LZ4,143회,6개월 전
궁수의 전설 게임,https://www.youtube.com/watch?v=a9JFS5kLiL4,4천회,6개월 전
궁수의 전설 게임,https://www.youtube.com/watch?v=guUXt0xP5no,4.7천회,6개월 전
궁수의 전설 게임,https://www.youtube.com/watch?v=wUly3diAA0k,9.1천회,6개월 전
궁수의 전설 게임,https://www.youtube.com/watch?v=8CWFazFcHAE,3.3천회,6개월 전
궁수의 전설 게임,https://www.youtube.com/watch?v=i_dUtEYLeu0,7.9만회,6개월 전
궁수의 전설 게임,https://www.youtube.com/watch?v=8MxQDLKyWMc,7.1천회,6개월 전
궁수의 전설 게임,https://www.youtube.com/watch?v=kZx_dm0ubBY,1.6만회,6개월 전
궁수의 전설 게임,https://www.youtube.com/watch?v=5kY0ub_gxRo,24회,6개월 전
궁수의 전설 게임,https://www.youtube.com/watch?v=9DsxhC4AtTI,709회,6개월 전
궁수의 전설 게임,https://www.youtube.com/watch?v=z2nKFijsIuk,6.5만회,6개월 전
궁수의 전설 게임,https://www.youtube.com/watch?v=eu4y47AIvns,894회,6개월 전
궁수의 전설 게임,https://www.youtube.com/watch?v=YpMhOvoSHEE,1.7천회,6개월 전
궁수의 전설 게임,https://www.youtube.com/watch?v=-L9_dJtDmT0,75회,6개월 전
궁수의 전설 게임,https://www.youtube.com/watch?v=ieD8qq-Ed7Y,111회,6개월 전
궁수의 전설 게임,https://www.youtube.com/watch?v=Ckg9z45tWBg,162회,6개월 전
궁수의 전설 게임,https://www.youtube.com/watch?v=NQbRSOvYR4c,1.7천회,6개월 전
궁수의 전설 게임,https://www.youtube.com/watch?v=CabGk3YrPFs,6.4천회,6개월 전
궁수의 전설 게임,https://www.youtube.com/watch?v=z_fFbdKq-PI,163회,6개월 전
궁수의 전설 게임,https://www.youtube.com/watch?v=K50dNDfzr8c,277회,6개월 전
궁수의 전설 게임,https://www.youtube.com/watch?v=xoxLGsGxQFM,137회,6개월 전
궁수의 전설 게임,https://www.youtube.com/watch?v=83oni19TT_E,111회,6개월 전
궁수의 전설 게임,https://www.youtube.com/watch?v=kpW_1W1IODw,84회,6개월 전
궁수의 전설 게임,https://www.youtube.com/watch?v=H0ZjG3eaioY,233회,6개월 전
궁수의 전설 게임,https://www.youtube.com/watch?v=r8eWVKOC0Bk,50만회,6개월 전
궁수의 전설 게임,https://www.youtube.com/watch?v=9lYDmVXaX_g,2.6천회,6개월 전
궁수의 전설 게임,https://www.youtube.com/watch?v=Cvwg1LQz0-o,6.2만회,6개월 전
궁수의 전설 게임,https://www.youtube.com/watch?v=y2ln-AjaDVI,1.1천회,6개월 전
궁수의 전설 게임,https://www.youtube.com/watch?v=cAoYkmCCscY,390회,6개월 전
궁수의 전설 게임,https://www.youtube.com/watch?v=O77V6gOM28U,1.5천회,6개월 전
궁수의 전설 게임,https://www.youtube.com/watch?v=I3rF2IEM3FI,80회,6개월 전
궁수의 전설 게임,https://www.youtube.com/watch?v=z-5XRKGXHDw,518회,6개월 전
궁수의 전설 게임,https://www.youtube.com/watch?v=ylHGL4udNv8,582회,6개월 전
궁수의 전설 게임,https://www.youtube.com/watch?v=RM6E-qn7CSs,2.6천회,6개월 전
궁수의 전설 게임,https://www.youtube.com/watch?v=mc8MvvEQpk4,70회,6개월 전
궁수의 전설 게임,https://www.youtube.com/watch?v=GC8OuUiP3b4,301회,6개월 전
궁수의 전설 게임,https://www.youtube.com/watch?v=ffyuxJQD9XI,89회,6개월 전
궁수의 전설 게임,https://www.youtube.com/watch?v=1zZufWUZM7A,2.8만회,6개월 전
궁수의 전설 게임,https://www.youtube.com/watch?v=Wuf38eL5Vdc,1.3천회,6개월 전
궁수의 전설 게임,https://www.youtube.com/watch?v=EUthdhGlgLA,1.1만회,6개월 전
궁수의 전설 게임,https://www.youtube.com/watch?v=61H_dmLhh-0,435회,6개월 전
궁수의 전설 게임,https://www.youtube.com/watch?v=luAqWuM-xE8,7.8천회,6개월 전
궁수의 전설 게임,https://www.youtube.com/watch?v=Uj4ykP5AHzI,3.5만회,6개월 전
궁수의 전설 게임,https://www.youtube.com/watch?v=ClnOuQqRyjA,10만회,6개월 전
궁수의 전설 게임,https://www.youtube.com/watch?v=uQJ-CuO9ac0,458회,6개월 전
궁수의 전설 게임,https://www.youtube.com/watch?v=XxPUBnv_QmE,46회,6개월 전
궁수의 전설 게임,https://www.youtube.com/watch?v=o3ev5yMuP7k,829회,6개월 전
궁수의 전설 게임,https://www.youtube.com/watch?v=pg_UVIDUII8,111회,6개월 전
궁수의 전설 게임,https://www.youtube.com/watch?v=erpTR8d_tH8,645회,6개월 전
궁수의 전설 게임,https://www.youtube.com/watch?v=97cvD4z-Usg,203회,6개월 전
궁수의 전설 게임,https://www.youtube.com/watch?v=b4uUsCtAWFY,2천회,6개월 전
궁수의 전설 게임,https://www.youtube.com/watch?v=s5aUjo-4ACc,195회,6개월 전
궁수의 전설 게임,https://www.youtube.com/watch?v=ykxs0Lsu0ZU,249회,6개월 전
궁수의 전설 게임,https://www.youtube.com/watch?v=RC6Z_NHqNTc,95회,6개월 전
궁수의 전설 게임,https://www.youtube.com/watch?v=bR2pHrZXPjw,35회,6개월 전
궁수의 전설 게임,https://www.youtube.com/watch?v=Gx2Ca-kK2So,115회,6개월 전
궁수의 전설 게임,https://www.youtube.com/watch?v=V7zZPrk4j4c,1.8천회,6개월 전
궁수의 전설 게임,https://www.youtube.com/watch?v=TFTTUZc-Oa8,116회,6개월 전
궁수의 전설 게임,https://www.youtube.com/watch?v=jZuMZ-ARnCc,2.6천회,6개월 전
궁수의 전설 게임,https://www.youtube.com/watch?v=2rFZBS45rNQ,73회,6개월 전
궁수의 전설 게임,https://www.youtube.com/watch?v=jbDdTL59-Cs,4.9천회,6개월 전
궁수의 전설 게임,https://www.youtube.com/watch?v=yZa4E3U5fpY,4.7천회,6개월 전
궁수의 전설 게임,https://www.youtube.com/watch?v=QFjTnyM5y8E,3.8만회,6개월 전
궁수의 전설 게임,https://www.youtube.com/watch?v=HpgXJW3bWAw,1.9천회,6개월 전
궁수의 전설 게임,https://www.youtube.com/watch?v=AN1P9qlRadc,476회,6개월 전
궁수의 전설 게임,https://www.youtube.com/watch?v=9gE6OEppiZ0,1.1천회,6개월 전
궁수의 전설 게임,https://www.youtube.com/watch?v=xC051T77qR4,40회,6개월 전
궁수의 전설 게임,https://www.youtube.com/watch?v=ejTu6F2ubX8,3천회,6개월 전
