﻿search,youtube_url,viewer,upload
브롤스타즈 게임,https://www.youtube.com/watch?v=fPVQkCkF0tY,없음,스트리밍 시간: 16분 전
브롤스타즈 게임,https://www.youtube.com/watch?v=NU4bo9Gv_EU,없음,50분 전
브롤스타즈 게임,https://www.youtube.com/watch?v=3Et66dr6uVk,437회,2시간 전
브롤스타즈 게임,https://www.youtube.com/watch?v=TA8bdDdKgl4,11회,4시간 전
브롤스타즈 게임,https://www.youtube.com/watch?v=391MOBcCB9k,2회,5시간 전
브롤스타즈 게임,https://www.youtube.com/watch?v=h8OOr8gaaMc,7회,6시간 전
브롤스타즈 게임,https://www.youtube.com/watch?v=atMSwE-Xres,1회,6시간 전
브롤스타즈 게임,https://www.youtube.com/watch?v=w1vjY_cdMDY,1회,7시간 전
브롤스타즈 게임,https://www.youtube.com/watch?v=nwvXsBxFIok,3만회,11시간 전
브롤스타즈 게임,https://www.youtube.com/watch?v=XEEsVGPrH6E,15회,19시간 전
브롤스타즈 게임,https://www.youtube.com/watch?v=VjG9UAcbBVc,2회,19시간 전
브롤스타즈 게임,https://www.youtube.com/watch?v=2Irbtci0o9s,423회,20시간 전
브롤스타즈 게임,https://www.youtube.com/watch?v=n87YyxXCHzk,6회,20시간 전
브롤스타즈 게임,https://www.youtube.com/watch?v=BjbM7cAKz_Y,14회,21시간 전
브롤스타즈 게임,https://www.youtube.com/watch?v=BC1-Wq_NqYw,1회,21시간 전
브롤스타즈 게임,https://www.youtube.com/watch?v=AJRwESNJhNU,28회,22시간 전
브롤스타즈 게임,https://www.youtube.com/watch?v=UlP_p6mAT0I,1.9만회,22시간 전
브롤스타즈 게임,https://www.youtube.com/watch?v=7dRqOuFduso,13회,22시간 전
브롤스타즈 게임,https://www.youtube.com/watch?v=1pxnej6FtXU,없음,22시간 전
브롤스타즈 게임,https://www.youtube.com/watch?v=XGcbyp3WtXE,3회,23시간 전
브롤스타즈 게임,https://www.youtube.com/watch?v=MZmxPQGSj_k,2회,23시간 전
브롤스타즈 게임,https://www.youtube.com/watch?v=1b7EaiQS8TM,2회,23시간 전
브롤스타즈 게임,https://www.youtube.com/watch?v=fdhmuQX4SCw,없음,1일 전
브롤스타즈 게임,https://www.youtube.com/watch?v=T5Zj6h9ic24,7회,1일 전
브롤스타즈 게임,https://www.youtube.com/watch?v=gYVC2kdKoFI,없음,1일 전
브롤스타즈 게임,https://www.youtube.com/watch?v=mAoJz4FoHHM,6.5만회,1일 전
브롤스타즈 게임,https://www.youtube.com/watch?v=ICWRfkTJHcU,63회,1일 전
브롤스타즈 게임,https://www.youtube.com/watch?v=jKQTJc6c0Vs,없음,1일 전
브롤스타즈 게임,https://www.youtube.com/watch?v=KsJUgFNIRu0,1회,1일 전
브롤스타즈 게임,https://www.youtube.com/watch?v=dVeCyjdUgq4,9.9천회,1일 전
브롤스타즈 게임,https://www.youtube.com/watch?v=WHNFmGihEGc,8회,1일 전
브롤스타즈 게임,https://www.youtube.com/watch?v=taoCmFbyzt0,6.9천회,1일 전
브롤스타즈 게임,https://www.youtube.com/watch?v=TWsteJC6iFI,37회,스트리밍 시간: 1일 전
브롤스타즈 게임,https://www.youtube.com/watch?v=6z-CZfhYq_s,1회,1일 전
브롤스타즈 게임,https://www.youtube.com/watch?v=6be6sAHjz5Y,7회,1일 전
브롤스타즈 게임,https://www.youtube.com/watch?v=W5VE8fTj1Ho,2회,1일 전
브롤스타즈 게임,https://www.youtube.com/watch?v=Oy4s5kNGC2M,15회,1일 전
브롤스타즈 게임,https://www.youtube.com/watch?v=AJ_auwSG7m4,19회,1일 전
브롤스타즈 게임,https://www.youtube.com/watch?v=8ZQ0It0Ymp0,52회,스트리밍 시간: 1일 전
브롤스타즈 게임,https://www.youtube.com/watch?v=VedGd32npGI,109회,스트리밍 시간: 1일 전
브롤스타즈 게임,https://www.youtube.com/watch?v=XkK8TlfgceM,2회,1일 전
브롤스타즈 게임,https://www.youtube.com/watch?v=jQETognAE3I,1.9만회,1일 전
브롤스타즈 게임,https://www.youtube.com/watch?v=dQGik9zUIok,없음,2일 전
브롤스타즈 게임,https://www.youtube.com/watch?v=-3Vr1enEsXw,2회,2일 전
브롤스타즈 게임,https://www.youtube.com/watch?v=0s_aqFZPoFI,76회,2일 전
브롤스타즈 게임,https://www.youtube.com/watch?v=vuIg6QcLBt4,2회,2일 전
브롤스타즈 게임,https://www.youtube.com/watch?v=Y3mEInKx6aI,10회,2일 전
브롤스타즈 게임,https://www.youtube.com/watch?v=jBxrHRz8ACc,1회,2일 전
브롤스타즈 게임,https://www.youtube.com/watch?v=WOvqHG9wHCI,9만회,2일 전
브롤스타즈 게임,https://www.youtube.com/watch?v=Uj2Y_xhOnxk,6.4만회,2일 전
브롤스타즈 게임,https://www.youtube.com/watch?v=DWuQGBw2i10,3.1천회,2일 전
브롤스타즈 게임,https://www.youtube.com/watch?v=lfE60dZrP6Y,3.3만회,2일 전
브롤스타즈 게임,https://www.youtube.com/watch?v=3Ym0GWwPTcY,9회,2일 전
브롤스타즈 게임,https://www.youtube.com/watch?v=rKlT0x77Tyc,11회,2일 전
브롤스타즈 게임,https://www.youtube.com/watch?v=cGhuMtefpfk,1회,2일 전
브롤스타즈 게임,https://www.youtube.com/watch?v=2eVGg98CmbQ,4회,2일 전
브롤스타즈 게임,https://www.youtube.com/watch?v=SMvqu--xSsY,514회,스트리밍 시간: 2일 전
브롤스타즈 게임,https://www.youtube.com/watch?v=0dv3ecV-Lg4,194회,스트리밍 시간: 2일 전
브롤스타즈 게임,https://www.youtube.com/watch?v=l9tkShyaaKM,1회,2일 전
브롤스타즈 게임,https://www.youtube.com/watch?v=5-d1FV8ClIg,1회,3일 전
브롤스타즈 게임,https://www.youtube.com/watch?v=bUCriuIBVEo,4회,3일 전
브롤스타즈 게임,https://www.youtube.com/watch?v=MxBjvgAVcDo,3.7만회,3일 전
브롤스타즈 게임,https://www.youtube.com/watch?v=Nw7DjDGfhOE,20회,3일 전
브롤스타즈 게임,https://www.youtube.com/watch?v=yWAma6v5uwY,5.7만회,3일 전
브롤스타즈 게임,https://www.youtube.com/watch?v=n3JFh8cNwe4,27회,3일 전
브롤스타즈 게임,https://www.youtube.com/watch?v=OT1zr3loz2A,29회,3일 전
브롤스타즈 게임,https://www.youtube.com/watch?v=5q4BSnzV9T0,17회,3일 전
브롤스타즈 게임,https://www.youtube.com/watch?v=7nBFaXqvTJI,19회,3일 전
브롤스타즈 게임,https://www.youtube.com/watch?v=-7m46w_CrOU,6회,3일 전
브롤스타즈 게임,https://www.youtube.com/watch?v=Z9wwE3HatZA,1회,3일 전
브롤스타즈 게임,https://www.youtube.com/watch?v=nPnNZdFaRPo,1회,3일 전
브롤스타즈 게임,https://www.youtube.com/watch?v=_c4WN828MMo,17회,3일 전
브롤스타즈 게임,https://www.youtube.com/watch?v=10e8Jhqw0ss,5회,3일 전
브롤스타즈 게임,https://www.youtube.com/watch?v=vZ4afQ47z74,7.2만회,3일 전
브롤스타즈 게임,https://www.youtube.com/watch?v=rb_GqlKTCSs,2.8천회,4일 전
브롤스타즈 게임,https://www.youtube.com/watch?v=cORH34kZ2ok,15회,4일 전
브롤스타즈 게임,https://www.youtube.com/watch?v=dztyq0Tkjrw,69회,4일 전
브롤스타즈 게임,https://www.youtube.com/watch?v=3mSrJUDVcTo,5회,4일 전
브롤스타즈 게임,https://www.youtube.com/watch?v=5gWZAeXvQYc,3.2만회,4일 전
브롤스타즈 게임,https://www.youtube.com/watch?v=mczXloA-vkM,9회,4일 전
브롤스타즈 게임,https://www.youtube.com/watch?v=gO6l1ImOXeY,4회,4일 전
브롤스타즈 게임,https://www.youtube.com/watch?v=0nyPztb7Kkk,6회,4일 전
브롤스타즈 게임,https://www.youtube.com/watch?v=4f_ZCVbDP7w,32회,5일 전
브롤스타즈 게임,https://www.youtube.com/watch?v=fQcKxnYoFu0,17회,5일 전
브롤스타즈 게임,https://www.youtube.com/watch?v=c-bRUI5fFzk,8.9만회,5일 전
브롤스타즈 게임,https://www.youtube.com/watch?v=P1fJh208jUk,100회,5일 전
브롤스타즈 게임,https://www.youtube.com/watch?v=UwzEhrpynJ0,2.4만회,5일 전
브롤스타즈 게임,https://www.youtube.com/watch?v=qukRjRxkyvQ,183회,스트리밍 시간: 5일 전
브롤스타즈 게임,https://www.youtube.com/watch?v=r1MzsCDMIko,99회,5일 전
브롤스타즈 게임,https://www.youtube.com/watch?v=7bSf7D4QAXA,21회,5일 전
브롤스타즈 게임,https://www.youtube.com/watch?v=qFLzjRylGA4,13만회,5일 전
브롤스타즈 게임,https://www.youtube.com/watch?v=k1mZ83w3D4c,644회,스트리밍 시간: 5일 전
브롤스타즈 게임,https://www.youtube.com/watch?v=S2xO4kbxIyA,91회,5일 전
브롤스타즈 게임,https://www.youtube.com/watch?v=lWnopaA3T50,7회,5일 전
브롤스타즈 게임,https://www.youtube.com/watch?v=RqwVR834SA8,7회,5일 전
브롤스타즈 게임,https://www.youtube.com/watch?v=YdD-df62yH0,10회,6일 전
브롤스타즈 게임,https://www.youtube.com/watch?v=sanFVlyfkKI,79회,6일 전
브롤스타즈 게임,https://www.youtube.com/watch?v=K7RXjiyjPvg,2회,6일 전
브롤스타즈 게임,https://www.youtube.com/watch?v=-hA5gK1cUXE,12만회,6일 전
브롤스타즈 게임,https://www.youtube.com/watch?v=ycpf9BwJDVI,9.4만회,1주 전
브롤스타즈 게임,https://www.youtube.com/watch?v=-DzdIoAdGCI,5.8만회,1주 전
브롤스타즈 게임,https://www.youtube.com/watch?v=EVqD43UzJJA,1회,1주 전
브롤스타즈 게임,https://www.youtube.com/watch?v=c8emv3CbdzU,4회,1주 전
브롤스타즈 게임,https://www.youtube.com/watch?v=BCjZDOeVXSQ,19회,1주 전
브롤스타즈 게임,https://www.youtube.com/watch?v=7nmMIr1PQRI,203회,1주 전
브롤스타즈 게임,https://www.youtube.com/watch?v=0JBAeg9dU9c,8회,1주 전
브롤스타즈 게임,https://www.youtube.com/watch?v=3SOL9DK-j3Q,9회,1주 전
브롤스타즈 게임,https://www.youtube.com/watch?v=_5FNoqQwQJI,3회,1주 전
브롤스타즈 게임,https://www.youtube.com/watch?v=usLU3YtrlTc,89만회,1주 전
브롤스타즈 게임,https://www.youtube.com/watch?v=3dof71TBU9w,2회,1주 전
브롤스타즈 게임,https://www.youtube.com/watch?v=bSr7v6WX-jw,102회,1주 전
브롤스타즈 게임,https://www.youtube.com/watch?v=M7AZTffY4cg,12만회,1주 전
브롤스타즈 게임,https://www.youtube.com/watch?v=_5Wn4Zo6DvE,7회,2주 전
브롤스타즈 게임,https://www.youtube.com/watch?v=Io5telr4st0,40회,2주 전
브롤스타즈 게임,https://www.youtube.com/watch?v=xiI2SS6OcZk,7회,2주 전
브롤스타즈 게임,https://www.youtube.com/watch?v=Saby7knBQ6o,없음,2주 전
브롤스타즈 게임,https://www.youtube.com/watch?v=RmNAadoQgqw,1회,2주 전
브롤스타즈 게임,https://www.youtube.com/watch?v=SNEfAMxc678,30회,2주 전
브롤스타즈 게임,https://www.youtube.com/watch?v=dUghD05ntLU,45회,2주 전
브롤스타즈 게임,https://www.youtube.com/watch?v=iB295z4B_Ig,10회,스트리밍 시간: 2주 전
브롤스타즈 게임,https://www.youtube.com/watch?v=xV20qMU2R8E,3회,스트리밍 시간: 2주 전
브롤스타즈 게임,https://www.youtube.com/watch?v=VXA4LTJac1M,2회,스트리밍 시간: 2주 전
브롤스타즈 게임,https://www.youtube.com/watch?v=TbTHDWOtQ6Y,22회,2주 전
브롤스타즈 게임,https://www.youtube.com/watch?v=UC2EVmbgBAU,3회,2주 전
브롤스타즈 게임,https://www.youtube.com/watch?v=NqRBT2b0VW0,18회,2주 전
브롤스타즈 게임,https://www.youtube.com/watch?v=8F4DBP4fMtU,20회,2주 전
브롤스타즈 게임,https://www.youtube.com/watch?v=3NMKw09NPk0,2회,스트리밍 시간: 2주 전
브롤스타즈 게임,https://www.youtube.com/watch?v=wM7l3EnL5BI,64만회,2주 전
브롤스타즈 게임,https://www.youtube.com/watch?v=Ek7zYCCZ0oM,41회,2주 전
브롤스타즈 게임,https://www.youtube.com/watch?v=amY90WL75bs,23회,2주 전
브롤스타즈 게임,https://www.youtube.com/watch?v=ToctVNNbhz0,2회,2주 전
브롤스타즈 게임,https://www.youtube.com/watch?v=TwLDBNA5BUs,1회,2주 전
브롤스타즈 게임,https://www.youtube.com/watch?v=9xgzEdv73AY,4.3만회,3주 전
브롤스타즈 게임,https://www.youtube.com/watch?v=vt_cr_q2Ue0,2회,3주 전
브롤스타즈 게임,https://www.youtube.com/watch?v=sYcdyBAj9AQ,40회,3주 전
브롤스타즈 게임,https://www.youtube.com/watch?v=sWLH1tUA9qU,8회,3주 전
브롤스타즈 게임,https://www.youtube.com/watch?v=rttD3K5aGxo,15회,3주 전
브롤스타즈 게임,https://www.youtube.com/watch?v=hK2frAZUTJk,18회,3주 전
브롤스타즈 게임,https://www.youtube.com/watch?v=K9ExSb9O5tg,5회,3주 전
브롤스타즈 게임,https://www.youtube.com/watch?v=ie8lMWtSxVk,4회,3주 전
브롤스타즈 게임,https://www.youtube.com/watch?v=4R4FfT_tTjE,16만회,3주 전
브롤스타즈 게임,https://www.youtube.com/watch?v=AlJcenF-jC0,28회,스트리밍 시간: 3주 전
브롤스타즈 게임,https://www.youtube.com/watch?v=8_B0m1T_3ew,22회,4주 전
브롤스타즈 게임,https://www.youtube.com/watch?v=s16Bas-FF60,50회,4주 전
브롤스타즈 게임,https://www.youtube.com/watch?v=w2XEyZ3GjCM,151회,1개월 전
브롤스타즈 게임,https://www.youtube.com/watch?v=QYZCvGMQojw,454회,1개월 전
브롤스타즈 게임,https://www.youtube.com/watch?v=zedmerHThOY,155회,1개월 전
브롤스타즈 게임,https://www.youtube.com/watch?v=8gMjto-TUH0,21회,1개월 전
브롤스타즈 게임,https://www.youtube.com/watch?v=_Bu9QKID6Ic,14회,1개월 전
브롤스타즈 게임,https://www.youtube.com/watch?v=WHxMvXInO3E,5회,1개월 전
브롤스타즈 게임,https://www.youtube.com/watch?v=iPJf-tGPpyk,8회,1개월 전
브롤스타즈 게임,https://www.youtube.com/watch?v=_ozRTWjvUWM,22회,1개월 전
브롤스타즈 게임,https://www.youtube.com/watch?v=NjY1NGDP8pE,62회,1개월 전
브롤스타즈 게임,https://www.youtube.com/watch?v=KHazbSJhY_g,17회,1개월 전
브롤스타즈 게임,https://www.youtube.com/watch?v=HGBTrHYr8L4,4회,1개월 전
브롤스타즈 게임,https://www.youtube.com/watch?v=IbpMiftu1ls,12회,1개월 전
브롤스타즈 게임,https://www.youtube.com/watch?v=ZjEQ8yKfetQ,118회,1개월 전
브롤스타즈 게임,https://www.youtube.com/watch?v=StmCdfKwie0,28회,1개월 전
브롤스타즈 게임,https://www.youtube.com/watch?v=sony12t8yFI,7회,1개월 전
브롤스타즈 게임,https://www.youtube.com/watch?v=SgswYIoYJ4Q,511회,1개월 전
브롤스타즈 게임,https://www.youtube.com/watch?v=TY-aBpDdUC0,61회,스트리밍 시간: 2개월 전
브롤스타즈 게임,https://www.youtube.com/watch?v=jBDD0VRRLH0,179회,스트리밍 시간: 1개월 전
브롤스타즈 게임,https://www.youtube.com/watch?v=DPP5uoYdNRw,78회,스트리밍 시간: 1개월 전
브롤스타즈 게임,https://www.youtube.com/watch?v=qrIhChdcerY,48회,1개월 전
브롤스타즈 게임,https://www.youtube.com/watch?v=nSj44CGscc4,68회,1개월 전
브롤스타즈 게임,https://www.youtube.com/watch?v=bkbTP4v3_7Q,202회,1개월 전
브롤스타즈 게임,https://www.youtube.com/watch?v=S6AIzD3gezM,14만회,1개월 전
브롤스타즈 게임,https://www.youtube.com/watch?v=oOq8tAh2SUY,47회,1개월 전
브롤스타즈 게임,https://www.youtube.com/watch?v=D3dv7T70zwk,10만회,1개월 전
브롤스타즈 게임,https://www.youtube.com/watch?v=aKyd1_XenFA,21만회,1개월 전
브롤스타즈 게임,https://www.youtube.com/watch?v=T6CJRn5dYGc,124회,1개월 전
브롤스타즈 게임,https://www.youtube.com/watch?v=IugAiU_4jY8,81만회,1개월 전
브롤스타즈 게임,https://www.youtube.com/watch?v=8b4pIwOO1JU,37만회,1개월 전
브롤스타즈 게임,https://www.youtube.com/watch?v=9FcOeEoN9-I,71회,1개월 전
브롤스타즈 게임,https://www.youtube.com/watch?v=uJm7jXKP958,118회,1개월 전
브롤스타즈 게임,https://www.youtube.com/watch?v=GQJq0O0lyNg,9.5만회,1개월 전
브롤스타즈 게임,https://www.youtube.com/watch?v=f7tSbos9dh8,198회,1개월 전
브롤스타즈 게임,https://www.youtube.com/watch?v=DFayXLDNae8,19만회,1개월 전
브롤스타즈 게임,https://www.youtube.com/watch?v=3vi6i9pq574,21회,1개월 전
브롤스타즈 게임,https://www.youtube.com/watch?v=QoM4JK0Z8_M,80회,1개월 전
브롤스타즈 게임,https://www.youtube.com/watch?v=NSDqlorgaPs,29회,1개월 전
브롤스타즈 게임,https://www.youtube.com/watch?v=6EkVqu40ggQ,49만회,1개월 전
브롤스타즈 게임,https://www.youtube.com/watch?v=GeIQ2BB4qao,15회,1개월 전
브롤스타즈 게임,https://www.youtube.com/watch?v=dOP_jWdZTNM,174회,1개월 전
브롤스타즈 게임,https://www.youtube.com/watch?v=ONSVGonxGpQ,109회,1개월 전
브롤스타즈 게임,https://www.youtube.com/watch?v=3GUlmnz1kFc,1만회,1개월 전
브롤스타즈 게임,https://www.youtube.com/watch?v=P3DqZkwL6_I,31회,1개월 전
브롤스타즈 게임,https://www.youtube.com/watch?v=2qNgdPWG4kE,4.5만회,1개월 전
브롤스타즈 게임,https://www.youtube.com/watch?v=70nl5rEejpU,143회,1개월 전
브롤스타즈 게임,https://www.youtube.com/watch?v=iE_iFIyZoec,195회,1개월 전
브롤스타즈 게임,https://www.youtube.com/watch?v=Udlk-o3VAhg,24만회,1개월 전
브롤스타즈 게임,https://www.youtube.com/watch?v=kBpy8uvZYpM,1.3만회,1개월 전
브롤스타즈 게임,https://www.youtube.com/watch?v=5lMLx2LbB0E,51회,1개월 전
브롤스타즈 게임,https://www.youtube.com/watch?v=7PD6taDalNs,555회,스트리밍 시간: 1개월 전
브롤스타즈 게임,https://www.youtube.com/watch?v=stfHEZ-mj5Q,45회,1개월 전
브롤스타즈 게임,https://www.youtube.com/watch?v=as8RCv_79tM,9.8만회,1개월 전
브롤스타즈 게임,https://www.youtube.com/watch?v=oDzVFveAyrA,24회,1개월 전
브롤스타즈 게임,https://www.youtube.com/watch?v=vl3bYHYcqAs,30회,1개월 전
브롤스타즈 게임,https://www.youtube.com/watch?v=oB-eA2heCXk,5.4천회,1개월 전
브롤스타즈 게임,https://www.youtube.com/watch?v=0SRFXt-QOxU,28회,스트리밍 시간: 2개월 전
브롤스타즈 게임,https://www.youtube.com/watch?v=OB9pEJuNKVE,62회,스트리밍 시간: 2개월 전
브롤스타즈 게임,https://www.youtube.com/watch?v=T0JzGaNZFsE,48회,2개월 전
브롤스타즈 게임,https://www.youtube.com/watch?v=ZteiHIq-lRo,79회,스트리밍 시간: 2개월 전
브롤스타즈 게임,https://www.youtube.com/watch?v=S1oUDKrgeGY,57회,2개월 전
브롤스타즈 게임,https://www.youtube.com/watch?v=yFLXu2jYb_g,33회,스트리밍 시간: 2개월 전
브롤스타즈 게임,https://www.youtube.com/watch?v=aelDSDlei9w,22회,2개월 전
브롤스타즈 게임,https://www.youtube.com/watch?v=9yssrSSZyKM,107회,스트리밍 시간: 2개월 전
브롤스타즈 게임,https://www.youtube.com/watch?v=HDUvOiwfmWs,40회,2개월 전
브롤스타즈 게임,https://www.youtube.com/watch?v=pLlQS5j5BGY,11만회,2개월 전
브롤스타즈 게임,https://www.youtube.com/watch?v=Lby8g8tLHhE,84회,2개월 전
브롤스타즈 게임,https://www.youtube.com/watch?v=-b3UKAebflo,7.5만회,2개월 전
브롤스타즈 게임,https://www.youtube.com/watch?v=DpEGXFsDIWw,6.1만회,2개월 전
브롤스타즈 게임,https://www.youtube.com/watch?v=PinRq262xnE,31만회,2개월 전
브롤스타즈 게임,https://www.youtube.com/watch?v=l-hxbquXQ0c,2.1만회,2개월 전
브롤스타즈 게임,https://www.youtube.com/watch?v=fap83dVBR6U,66회,2개월 전
브롤스타즈 게임,https://www.youtube.com/watch?v=9mEQ_z28SzI,7.8만회,2개월 전
브롤스타즈 게임,https://www.youtube.com/watch?v=zAJ9e9dWi40,47만회,2개월 전
브롤스타즈 게임,https://www.youtube.com/watch?v=L_0eDEc71jY,70회,2개월 전
브롤스타즈 게임,https://www.youtube.com/watch?v=fcoXx44wv98,34회,2개월 전
브롤스타즈 게임,https://www.youtube.com/watch?v=sIoAi89bGJo,8.3만회,2개월 전
브롤스타즈 게임,https://www.youtube.com/watch?v=Qhjev4XJst0,123회,2개월 전
브롤스타즈 게임,https://www.youtube.com/watch?v=tB3N-Melyyc,47회,2개월 전
브롤스타즈 게임,https://www.youtube.com/watch?v=KuZwrzc-VJ8,149회,2개월 전
브롤스타즈 게임,https://www.youtube.com/watch?v=loOqTZqRGsQ,69만회,2개월 전
브롤스타즈 게임,https://www.youtube.com/watch?v=Zivb8bcb72g,5.8천회,2개월 전
브롤스타즈 게임,https://www.youtube.com/watch?v=AsYcdo28vuY,2.6만회,2개월 전
브롤스타즈 게임,https://www.youtube.com/watch?v=tfMbW1lOPCY,89회,2개월 전
브롤스타즈 게임,https://www.youtube.com/watch?v=MfL41TY1nJY,23회,2개월 전
브롤스타즈 게임,https://www.youtube.com/watch?v=wrBTB6BhEw8,29회,2개월 전
브롤스타즈 게임,https://www.youtube.com/watch?v=3yGJkGa0wag,28회,2개월 전
브롤스타즈 게임,https://www.youtube.com/watch?v=nqUzq3hRDrM,88회,2개월 전
브롤스타즈 게임,https://www.youtube.com/watch?v=DhN_w6icCcM,37회,2개월 전
브롤스타즈 게임,https://www.youtube.com/watch?v=YeQMcb9nT6Y,33회,2개월 전
브롤스타즈 게임,https://www.youtube.com/watch?v=l4OmqrshdDI,133회,2개월 전
브롤스타즈 게임,https://www.youtube.com/watch?v=m-D6CVRBNvc,85회,2개월 전
브롤스타즈 게임,https://www.youtube.com/watch?v=CsjT3-71oGw,463회,2개월 전
브롤스타즈 게임,https://www.youtube.com/watch?v=dZMwlKC4k0E,37회,2개월 전
브롤스타즈 게임,https://www.youtube.com/watch?v=h7VzlLdMiIw,62회,2개월 전
브롤스타즈 게임,https://www.youtube.com/watch?v=_BN2ewOD6rg,123만회,2개월 전
브롤스타즈 게임,https://www.youtube.com/watch?v=QiHiFAp29kA,27회,스트리밍 시간: 2개월 전
브롤스타즈 게임,https://www.youtube.com/watch?v=yz0fBi2gL_0,140회,2개월 전
브롤스타즈 게임,https://www.youtube.com/watch?v=mody0CDEX2I,36만회,2개월 전
브롤스타즈 게임,https://www.youtube.com/watch?v=pBzDKkCuAEY,42만회,2개월 전
브롤스타즈 게임,https://www.youtube.com/watch?v=TG3LQyqpe5A,382회,2개월 전
브롤스타즈 게임,https://www.youtube.com/watch?v=WhH28BfRdwE,44만회,2개월 전
브롤스타즈 게임,https://www.youtube.com/watch?v=-UpEqI24hjA,1.3만회,2개월 전
브롤스타즈 게임,https://www.youtube.com/watch?v=AT2Ncw182kM,134회,스트리밍 시간: 2개월 전
브롤스타즈 게임,https://www.youtube.com/watch?v=S9mQ0kF98tU,7.5만회,2개월 전
브롤스타즈 게임,https://www.youtube.com/watch?v=Azs5-vBZY68,65만회,2개월 전
브롤스타즈 게임,https://www.youtube.com/watch?v=JWPqZ0_JSLo,42만회,2개월 전
브롤스타즈 게임,https://www.youtube.com/watch?v=yApvsWCTt_4,26회,2개월 전
브롤스타즈 게임,https://www.youtube.com/watch?v=E_EBZTlynl0,4.4만회,2개월 전
브롤스타즈 게임,https://www.youtube.com/watch?v=YSDeAmMxwB8,54회,2개월 전
브롤스타즈 게임,https://www.youtube.com/watch?v=IT3OX9F_PbY,1.6만회,2개월 전
브롤스타즈 게임,https://www.youtube.com/watch?v=z1v_mMr7oxY,3.9만회,2개월 전
브롤스타즈 게임,https://www.youtube.com/watch?v=hsa2nvfY2W0,65만회,2개월 전
브롤스타즈 게임,https://www.youtube.com/watch?v=dGdJnEiQMN0,232회,2개월 전
브롤스타즈 게임,https://www.youtube.com/watch?v=_Mh85FDgBsA,48회,2개월 전
브롤스타즈 게임,https://www.youtube.com/watch?v=rgezq_ZwvIs,131회,3개월 전
브롤스타즈 게임,https://www.youtube.com/watch?v=LOmTKgkif_g,15만회,3개월 전
브롤스타즈 게임,https://www.youtube.com/watch?v=2YP8v3lJzg0,96회,3개월 전
브롤스타즈 게임,https://www.youtube.com/watch?v=zD38YUH6Ets,10만회,3개월 전
브롤스타즈 게임,https://www.youtube.com/watch?v=tAdmYLCdS9c,26만회,3개월 전
브롤스타즈 게임,https://www.youtube.com/watch?v=sqQsH-TqwOc,40만회,3개월 전
브롤스타즈 게임,https://www.youtube.com/watch?v=QvFNUYb0we4,184회,3개월 전
브롤스타즈 게임,https://www.youtube.com/watch?v=5agDUlNsQeo,26회,3개월 전
브롤스타즈 게임,https://www.youtube.com/watch?v=IRJPispJhjQ,70회,3개월 전
브롤스타즈 게임,https://www.youtube.com/watch?v=JhtJdzkHeNs,10만회,3개월 전
브롤스타즈 게임,https://www.youtube.com/watch?v=jbPw3vl2EOk,47만회,3개월 전
브롤스타즈 게임,https://www.youtube.com/watch?v=vvCtluztje0,2.3천회,3개월 전
브롤스타즈 게임,https://www.youtube.com/watch?v=FZNZeKTa9WY,898회,3개월 전
브롤스타즈 게임,https://www.youtube.com/watch?v=UIHIc9UJSDM,84만회,3개월 전
브롤스타즈 게임,https://www.youtube.com/watch?v=lLfeYuHhoVg,9.4천회,3개월 전
브롤스타즈 게임,https://www.youtube.com/watch?v=zwMD9_qfQuE,238회,3개월 전
브롤스타즈 게임,https://www.youtube.com/watch?v=ydtEyB3p8Oc,87회,3개월 전
브롤스타즈 게임,https://www.youtube.com/watch?v=IBuF1bScdpE,37회,3개월 전
브롤스타즈 게임,https://www.youtube.com/watch?v=beyiSlDh-5Q,1.8만회,3개월 전
브롤스타즈 게임,https://www.youtube.com/watch?v=iHorsoMD-Ww,182회,3개월 전
브롤스타즈 게임,https://www.youtube.com/watch?v=e_Z62VbkI1I,15회,3개월 전
브롤스타즈 게임,https://www.youtube.com/watch?v=Ay6EEax2uto,28만회,3개월 전
브롤스타즈 게임,https://www.youtube.com/watch?v=ZUZ5p6y_SVk,36만회,3개월 전
브롤스타즈 게임,https://www.youtube.com/watch?v=s0F1uJi2w5M,4.8천회,3개월 전
브롤스타즈 게임,https://www.youtube.com/watch?v=ExhMHLY693I,4.3만회,3개월 전
브롤스타즈 게임,https://www.youtube.com/watch?v=T9M0bDsFf_E,18만회,3개월 전
브롤스타즈 게임,https://www.youtube.com/watch?v=aMiSgcRmM7s,23만회,3개월 전
브롤스타즈 게임,https://www.youtube.com/watch?v=S5faI7x_UL8,133회,3개월 전
브롤스타즈 게임,https://www.youtube.com/watch?v=QZb_p3p_yCA,10만회,3개월 전
브롤스타즈 게임,https://www.youtube.com/watch?v=8xu5K6fbg_0,2.6천회,3개월 전
브롤스타즈 게임,https://www.youtube.com/watch?v=F4iUQu7bJdw,24만회,3개월 전
브롤스타즈 게임,https://www.youtube.com/watch?v=Arr-XuY9pvI,14회,3개월 전
브롤스타즈 게임,https://www.youtube.com/watch?v=N-6UtZt9Il4,5.5만회,3개월 전
브롤스타즈 게임,https://www.youtube.com/watch?v=AA1bjolj3NY,3.2천회,3개월 전
브롤스타즈 게임,https://www.youtube.com/watch?v=BRBDHtHypcQ,14만회,3개월 전
브롤스타즈 게임,https://www.youtube.com/watch?v=lqiHWkFZ500,24만회,3개월 전
브롤스타즈 게임,https://www.youtube.com/watch?v=Czv3rdvtQ2c,279회,3개월 전
브롤스타즈 게임,https://www.youtube.com/watch?v=vHzdBg6QasQ,353회,3개월 전
브롤스타즈 게임,https://www.youtube.com/watch?v=ru_gAR9IDUE,35만회,3개월 전
브롤스타즈 게임,https://www.youtube.com/watch?v=AVfHGjQZlUU,41만회,3개월 전
브롤스타즈 게임,https://www.youtube.com/watch?v=CS53MgMNUZ4,18만회,3개월 전
브롤스타즈 게임,https://www.youtube.com/watch?v=x9s5rBdncPs,20회,3개월 전
브롤스타즈 게임,https://www.youtube.com/watch?v=_KCtshcsq5w,3.9만회,3개월 전
브롤스타즈 게임,https://www.youtube.com/watch?v=fQ5MzLDkFaw,8.8천회,4개월 전
브롤스타즈 게임,https://www.youtube.com/watch?v=MB5QdUfa6Co,2.1천회,4개월 전
브롤스타즈 게임,https://www.youtube.com/watch?v=wEeFFOoD8EE,52회,4개월 전
브롤스타즈 게임,https://www.youtube.com/watch?v=aTtQUvoQ54s,18만회,4개월 전
브롤스타즈 게임,https://www.youtube.com/watch?v=mHyUQJKDQnw,66회,4개월 전
브롤스타즈 게임,https://www.youtube.com/watch?v=OTDBfbbSz78,53만회,4개월 전
브롤스타즈 게임,https://www.youtube.com/watch?v=VhIe3zdZk-8,13만회,4개월 전
브롤스타즈 게임,https://www.youtube.com/watch?v=HwlA1thDt6Y,7.5만회,4개월 전
브롤스타즈 게임,https://www.youtube.com/watch?v=AFJ6ynTS7Qc,24회,4개월 전
브롤스타즈 게임,https://www.youtube.com/watch?v=YQ0GEtPCpbw,12만회,4개월 전
브롤스타즈 게임,https://www.youtube.com/watch?v=T1_zxdWEp2I,16만회,4개월 전
브롤스타즈 게임,https://www.youtube.com/watch?v=nKoX3VbUbzQ,139만회,4개월 전
브롤스타즈 게임,https://www.youtube.com/watch?v=jFPxFQaEKuA,23만회,4개월 전
브롤스타즈 게임,https://www.youtube.com/watch?v=SL66dqGvSe0,154회,4개월 전
브롤스타즈 게임,https://www.youtube.com/watch?v=ILYBxdIg890,124회,4개월 전
브롤스타즈 게임,https://www.youtube.com/watch?v=BR4Cq6B2_HM,116만회,4개월 전
브롤스타즈 게임,https://www.youtube.com/watch?v=1uH_nSs6D1g,28만회,4개월 전
브롤스타즈 게임,https://www.youtube.com/watch?v=T8ze1rAhX_8,38회,4개월 전
브롤스타즈 게임,https://www.youtube.com/watch?v=4UoEseJBD4U,63만회,4개월 전
브롤스타즈 게임,https://www.youtube.com/watch?v=-m8QaAlGJhI,8.3만회,4개월 전
브롤스타즈 게임,https://www.youtube.com/watch?v=e3DY0rXgTRo,4.7천회,4개월 전
브롤스타즈 게임,https://www.youtube.com/watch?v=iGJgQ11T24M,24회,4개월 전
브롤스타즈 게임,https://www.youtube.com/watch?v=X-WTzu1_9uI,29회,4개월 전
브롤스타즈 게임,https://www.youtube.com/watch?v=cKUXtMLnU2E,10회,4개월 전
브롤스타즈 게임,https://www.youtube.com/watch?v=AHJFSuWYpuY,37회,4개월 전
브롤스타즈 게임,https://www.youtube.com/watch?v=R8mPRMiw4tg,9.3만회,4개월 전
브롤스타즈 게임,https://www.youtube.com/watch?v=a7IUMTfSTNM,60만회,4개월 전
브롤스타즈 게임,https://www.youtube.com/watch?v=ad3auwHTVkE,1.6만회,4개월 전
브롤스타즈 게임,https://www.youtube.com/watch?v=R-qfTS3xlSU,481회,스트리밍 시간: 4개월 전
브롤스타즈 게임,https://www.youtube.com/watch?v=ZcRhzYyL6bI,15만회,4개월 전
브롤스타즈 게임,https://www.youtube.com/watch?v=THIgTevXErE,697회,4개월 전
브롤스타즈 게임,https://www.youtube.com/watch?v=_0RaIjSLL8I,27만회,4개월 전
브롤스타즈 게임,https://www.youtube.com/watch?v=hvn6ySRmqWU,77만회,4개월 전
브롤스타즈 게임,https://www.youtube.com/watch?v=zIgKjvFVkYQ,21만회,4개월 전
브롤스타즈 게임,https://www.youtube.com/watch?v=IMkkIsxjx6s,15만회,4개월 전
브롤스타즈 게임,https://www.youtube.com/watch?v=SnMK_kr0FDI,38만회,4개월 전
브롤스타즈 게임,https://www.youtube.com/watch?v=HMV0psihY3Y,93만회,4개월 전
브롤스타즈 게임,https://www.youtube.com/watch?v=kIeLNjjKLps,23만회,4개월 전
브롤스타즈 게임,https://www.youtube.com/watch?v=VryEfbYrQH4,534회,4개월 전
브롤스타즈 게임,https://www.youtube.com/watch?v=Tu2KvmJ7ewA,69만회,4개월 전
브롤스타즈 게임,https://www.youtube.com/watch?v=7eiDxunf5lQ,43만회,4개월 전
브롤스타즈 게임,https://www.youtube.com/watch?v=yf-kYbkkUvU,865회,4개월 전
브롤스타즈 게임,https://www.youtube.com/watch?v=7Vfz5bgBMqc,48만회,4개월 전
브롤스타즈 게임,https://www.youtube.com/watch?v=luu-VIa_0Vg,9.4만회,4개월 전
브롤스타즈 게임,https://www.youtube.com/watch?v=E3WiydiQgV0,234회,4개월 전
브롤스타즈 게임,https://www.youtube.com/watch?v=J_3-zhVCWwA,31만회,4개월 전
브롤스타즈 게임,https://www.youtube.com/watch?v=Tt-E85FXn5U,5.4만회,4개월 전
브롤스타즈 게임,https://www.youtube.com/watch?v=Q207Q7bhnK8,33만회,4개월 전
브롤스타즈 게임,https://www.youtube.com/watch?v=SjltXEN4yNM,12만회,4개월 전
브롤스타즈 게임,https://www.youtube.com/watch?v=wa2kQcf5yWo,21만회,4개월 전
브롤스타즈 게임,https://www.youtube.com/watch?v=0y8ycKHa3CQ,14만회,4개월 전
브롤스타즈 게임,https://www.youtube.com/watch?v=5PgYMSPqkoY,22만회,4개월 전
브롤스타즈 게임,https://www.youtube.com/watch?v=R2MbtNrd2cE,254만회,5개월 전
브롤스타즈 게임,https://www.youtube.com/watch?v=NnrCTEVMMVo,10만회,5개월 전
브롤스타즈 게임,https://www.youtube.com/watch?v=BOqjJblKMmo,44만회,5개월 전
브롤스타즈 게임,https://www.youtube.com/watch?v=18WvOZC2Tqo,4.8만회,5개월 전
브롤스타즈 게임,https://www.youtube.com/watch?v=hxHQnEOXAAY,3.6천회,스트리밍 시간: 5개월 전
브롤스타즈 게임,https://www.youtube.com/watch?v=BN64u0-pwk0,25만회,5개월 전
브롤스타즈 게임,https://www.youtube.com/watch?v=ebNpcA2WKsA,322만회,5개월 전
브롤스타즈 게임,https://www.youtube.com/watch?v=a3Ix4774qRs,35만회,5개월 전
브롤스타즈 게임,https://www.youtube.com/watch?v=NpzMZLlaHxQ,29만회,5개월 전
브롤스타즈 게임,https://www.youtube.com/watch?v=ZSTYrKQXTgo,30만회,5개월 전
브롤스타즈 게임,https://www.youtube.com/watch?v=yi5cFUrMXmA,3.1만회,5개월 전
브롤스타즈 게임,https://www.youtube.com/watch?v=xsIKZfmCre4,23회,5개월 전
브롤스타즈 게임,https://www.youtube.com/watch?v=-_T6zBXACQQ,266회,5개월 전
브롤스타즈 게임,https://www.youtube.com/watch?v=VVyMJ_eBsAY,1천회,5개월 전
브롤스타즈 게임,https://www.youtube.com/watch?v=ZUfNtXWKYTs,9.2만회,5개월 전
브롤스타즈 게임,https://www.youtube.com/watch?v=QZihY5vsmL8,1천회,5개월 전
브롤스타즈 게임,https://www.youtube.com/watch?v=UoXwX5_vaW8,6.5만회,5개월 전
브롤스타즈 게임,https://www.youtube.com/watch?v=JaDPXAMS0jY,1만회,5개월 전
브롤스타즈 게임,https://www.youtube.com/watch?v=4kF4Lgn8xD4,59만회,5개월 전
브롤스타즈 게임,https://www.youtube.com/watch?v=y8N_FuKYx-g,225만회,5개월 전
브롤스타즈 게임,https://www.youtube.com/watch?v=BbS0qpzEJiI,86만회,5개월 전
브롤스타즈 게임,https://www.youtube.com/watch?v=-s3a96E6wNw,413회,5개월 전
브롤스타즈 게임,https://www.youtube.com/watch?v=4-MPs54996E,219회,5개월 전
브롤스타즈 게임,https://www.youtube.com/watch?v=Eh7BonYEOTU,117회,5개월 전
브롤스타즈 게임,https://www.youtube.com/watch?v=L3iSfT2RjzQ,64회,5개월 전
브롤스타즈 게임,https://www.youtube.com/watch?v=VifOe2pdPi8,6.2천회,5개월 전
브롤스타즈 게임,https://www.youtube.com/watch?v=-YqCBHLNR2Q,6.2천회,5개월 전
브롤스타즈 게임,https://www.youtube.com/watch?v=T-6zjYFf16E,560회,5개월 전
브롤스타즈 게임,https://www.youtube.com/watch?v=d9HS8KCQ7EY,5.4천회,5개월 전
브롤스타즈 게임,https://www.youtube.com/watch?v=-rwmuJh2W1g,8.9천회,5개월 전
브롤스타즈 게임,https://www.youtube.com/watch?v=JjIkAV43uew,56만회,5개월 전
브롤스타즈 게임,https://www.youtube.com/watch?v=xp1xRpq9T4c,3.4만회,5개월 전
브롤스타즈 게임,https://www.youtube.com/watch?v=e1nDzUpr6aE,2.7천회,5개월 전
브롤스타즈 게임,https://www.youtube.com/watch?v=AwM7QDIfy24,50회,5개월 전
브롤스타즈 게임,https://www.youtube.com/watch?v=z_Pm47zZECY,273만회,5개월 전
브롤스타즈 게임,https://www.youtube.com/watch?v=jEMoi3moq_s,28만회,5개월 전
브롤스타즈 게임,https://www.youtube.com/watch?v=YIC7VfIFyjk,12만회,5개월 전
브롤스타즈 게임,https://www.youtube.com/watch?v=TcM4QturklM,12만회,5개월 전
브롤스타즈 게임,https://www.youtube.com/watch?v=u_r7tnnnR6Q,18회,5개월 전
브롤스타즈 게임,https://www.youtube.com/watch?v=Ttg2ANE8hWk,149회,스트리밍 시간: 6개월 전
브롤스타즈 게임,https://www.youtube.com/watch?v=bWUEAwYl21A,126만회,6개월 전
브롤스타즈 게임,https://www.youtube.com/watch?v=Mkg8cLMW-hI,2.4만회,6개월 전
브롤스타즈 게임,https://www.youtube.com/watch?v=6a9HaVlYOh4,250회,스트리밍 시간: 6개월 전
브롤스타즈 게임,https://www.youtube.com/watch?v=VxgdqyyYDuM,15만회,6개월 전
브롤스타즈 게임,https://www.youtube.com/watch?v=hn1w_hdGDr8,20만회,6개월 전
브롤스타즈 게임,https://www.youtube.com/watch?v=EkbKG-lwJIo,3.4천회,6개월 전
브롤스타즈 게임,https://www.youtube.com/watch?v=FrbXZDRk3rs,29만회,6개월 전
브롤스타즈 게임,https://www.youtube.com/watch?v=9DdteRCX1QU,53회,6개월 전
브롤스타즈 게임,https://www.youtube.com/watch?v=AfsMPvJlj1U,26만회,6개월 전
브롤스타즈 게임,https://www.youtube.com/watch?v=ugy6bZmnVRY,5.6천회,6개월 전
브롤스타즈 게임,https://www.youtube.com/watch?v=9NbZepCnb6Y,48만회,6개월 전
브롤스타즈 게임,https://www.youtube.com/watch?v=DnVTsZcSj7U,81회,6개월 전
브롤스타즈 게임,https://www.youtube.com/watch?v=Xajlw91ZgR4,77회,6개월 전
브롤스타즈 게임,https://www.youtube.com/watch?v=lVlJvEDhSL4,240회,스트리밍 시간: 6개월 전
브롤스타즈 게임,https://www.youtube.com/watch?v=TeDgvcyidcY,30회,6개월 전
브롤스타즈 게임,https://www.youtube.com/watch?v=8nV8is5i-QA,28만회,6개월 전
브롤스타즈 게임,https://www.youtube.com/watch?v=_ty2sgtjUss,8.4만회,6개월 전
브롤스타즈 게임,https://www.youtube.com/watch?v=P_dK13PikPY,3.2만회,6개월 전
브롤스타즈 게임,https://www.youtube.com/watch?v=PK7WKrzWnCc,176만회,6개월 전
브롤스타즈 게임,https://www.youtube.com/watch?v=6yc3znUXmLY,145회,6개월 전
브롤스타즈 게임,https://www.youtube.com/watch?v=Pnj-7zBBPRc,25만회,6개월 전
브롤스타즈 게임,https://www.youtube.com/watch?v=a-94Wg26rHY,18만회,6개월 전
브롤스타즈 게임,https://www.youtube.com/watch?v=FAqcudz9624,11만회,6개월 전
브롤스타즈 게임,https://www.youtube.com/watch?v=r3OxjeNBW1E,4.9천회,6개월 전
브롤스타즈 게임,https://www.youtube.com/watch?v=wWPlwUlMh9A,543회,6개월 전
브롤스타즈 게임,https://www.youtube.com/watch?v=aIj7p30jsP0,12만회,6개월 전
브롤스타즈 게임,https://www.youtube.com/watch?v=LLbfoe5Z0cs,56만회,6개월 전
브롤스타즈 게임,https://www.youtube.com/watch?v=MHWfsncl7qI,1.3천회,스트리밍 시간: 6개월 전
브롤스타즈 게임,https://www.youtube.com/watch?v=7Rfu4NVDWHk,5.8만회,6개월 전
브롤스타즈 게임,https://www.youtube.com/watch?v=xBk_g24RyVk,42만회,6개월 전
브롤스타즈 게임,https://www.youtube.com/watch?v=CRAD8FMIyig,12만회,6개월 전
브롤스타즈 게임,https://www.youtube.com/watch?v=jtGqobdgmLg,215회,스트리밍 시간: 6개월 전
브롤스타즈 게임,https://www.youtube.com/watch?v=L1nWmi2jfa0,9.3만회,6개월 전
브롤스타즈 게임,https://www.youtube.com/watch?v=djk24zrY2vc,239만회,6개월 전
브롤스타즈 게임,https://www.youtube.com/watch?v=IXX70sptO_8,47만회,6개월 전
브롤스타즈 게임,https://www.youtube.com/watch?v=tXwtrM-DQ5g,69만회,6개월 전
브롤스타즈 게임,https://www.youtube.com/watch?v=yWadVMUCV8o,45만회,6개월 전
브롤스타즈 게임,https://www.youtube.com/watch?v=l7QgC9a40ps,71만회,6개월 전
브롤스타즈 게임,https://www.youtube.com/watch?v=CStWOt_kilA,2.8만회,6개월 전
브롤스타즈 게임,https://www.youtube.com/watch?v=GPr88lGN6MU,328회,6개월 전
브롤스타즈 게임,https://www.youtube.com/watch?v=yIPxSp5n2rE,61회,6개월 전
브롤스타즈 게임,https://www.youtube.com/watch?v=SfRkFqQMto0,28만회,6개월 전
브롤스타즈 게임,https://www.youtube.com/watch?v=30sWYJXDxK8,15만회,6개월 전
브롤스타즈 게임,https://www.youtube.com/watch?v=_GA44jdpRzA,108회,6개월 전
브롤스타즈 게임,https://www.youtube.com/watch?v=IxExoLcYtiA,417회,6개월 전
브롤스타즈 게임,https://www.youtube.com/watch?v=zBvN2HP8xvg,13만회,7개월 전
브롤스타즈 게임,https://www.youtube.com/watch?v=3bQPi4FhChM,5.1만회,7개월 전
브롤스타즈 게임,https://www.youtube.com/watch?v=CfodO2Xs3sU,9.2천회,7개월 전
브롤스타즈 게임,https://www.youtube.com/watch?v=-v6pc8_E3FI,1만회,7개월 전
브롤스타즈 게임,https://www.youtube.com/watch?v=szhC1bELx30,164회,7개월 전
브롤스타즈 게임,https://www.youtube.com/watch?v=_EA2p7bzA1o,21만회,7개월 전
브롤스타즈 게임,https://www.youtube.com/watch?v=ZTKyATlpuU8,2천회,7개월 전
브롤스타즈 게임,https://www.youtube.com/watch?v=AkYpfzgulvE,134만회,7개월 전
브롤스타즈 게임,https://www.youtube.com/watch?v=epbNj21epac,67만회,7개월 전
브롤스타즈 게임,https://www.youtube.com/watch?v=ew8vJ_Mx_oc,7.1천회,7개월 전
브롤스타즈 게임,https://www.youtube.com/watch?v=ANwq5KIaO5U,41만회,7개월 전
브롤스타즈 게임,https://www.youtube.com/watch?v=EzsIQK8-dD0,100만회,7개월 전
브롤스타즈 게임,https://www.youtube.com/watch?v=YbcAYwwL5C0,76만회,7개월 전
브롤스타즈 게임,https://www.youtube.com/watch?v=_HUo8eS1MgU,260만회,7개월 전
브롤스타즈 게임,https://www.youtube.com/watch?v=JK7atF4tNsI,46만회,7개월 전
브롤스타즈 게임,https://www.youtube.com/watch?v=QlFuA4KIUb0,126만회,7개월 전
브롤스타즈 게임,https://www.youtube.com/watch?v=vgBCWvHy-n0,36만회,7개월 전
브롤스타즈 게임,https://www.youtube.com/watch?v=Y0Kcvs0qWgA,10만회,7개월 전
브롤스타즈 게임,https://www.youtube.com/watch?v=BMGfEL4RAnw,1.8천회,7개월 전
브롤스타즈 게임,https://www.youtube.com/watch?v=ymKdZbv9mr0,9.4천회,7개월 전
브롤스타즈 게임,https://www.youtube.com/watch?v=iJquaaFFS3Y,2.5만회,7개월 전
브롤스타즈 게임,https://www.youtube.com/watch?v=nlZqOHWN6BI,42만회,7개월 전
브롤스타즈 게임,https://www.youtube.com/watch?v=oB4tppQ-nT0,133만회,7개월 전
브롤스타즈 게임,https://www.youtube.com/watch?v=DYjla0tUOec,64만회,7개월 전
브롤스타즈 게임,https://www.youtube.com/watch?v=OBQ9atEfOeE,145회,7개월 전
브롤스타즈 게임,https://www.youtube.com/watch?v=wF2Esw5YPZs,261회,7개월 전
브롤스타즈 게임,https://www.youtube.com/watch?v=3gsAJiCg1Gw,46만회,7개월 전
브롤스타즈 게임,https://www.youtube.com/watch?v=ZsXMC1Nptzw,50만회,7개월 전
브롤스타즈 게임,https://www.youtube.com/watch?v=cdrU5IQ_43k,63만회,7개월 전
브롤스타즈 게임,https://www.youtube.com/watch?v=LxuHqDa6wN0,13만회,7개월 전
브롤스타즈 게임,https://www.youtube.com/watch?v=UkiX98DTM-Y,71만회,7개월 전
브롤스타즈 게임,https://www.youtube.com/watch?v=gVDhlMzxB28,47만회,7개월 전
브롤스타즈 게임,https://www.youtube.com/watch?v=IaJwzcueSpo,151만회,8개월 전
브롤스타즈 게임,https://www.youtube.com/watch?v=3C3iTs2Y5x0,93만회,8개월 전
브롤스타즈 게임,https://www.youtube.com/watch?v=w1FtxmapGjw,886회,8개월 전
브롤스타즈 게임,https://www.youtube.com/watch?v=iODO7vrNrKk,3.2만회,8개월 전
브롤스타즈 게임,https://www.youtube.com/watch?v=UuiGizm3Uvs,62만회,8개월 전
브롤스타즈 게임,https://www.youtube.com/watch?v=rGGkLRZb5_g,39만회,8개월 전
브롤스타즈 게임,https://www.youtube.com/watch?v=D0O216d7EoI,15만회,8개월 전
브롤스타즈 게임,https://www.youtube.com/watch?v=5ItH9WXjunA,27만회,8개월 전
브롤스타즈 게임,https://www.youtube.com/watch?v=F_IBLJ6bZwo,67만회,8개월 전
브롤스타즈 게임,https://www.youtube.com/watch?v=K8Kn8jaB850,216만회,8개월 전
브롤스타즈 게임,https://www.youtube.com/watch?v=gqb8iRrWJtY,6.4만회,8개월 전
브롤스타즈 게임,https://www.youtube.com/watch?v=KaAKK8FDymA,6.5만회,8개월 전
브롤스타즈 게임,https://www.youtube.com/watch?v=-g-9pbTHWJ4,70만회,8개월 전
브롤스타즈 게임,https://www.youtube.com/watch?v=_HnYuP2QFYE,23만회,8개월 전
브롤스타즈 게임,https://www.youtube.com/watch?v=Cs8E85ZEeVw,182만회,8개월 전
브롤스타즈 게임,https://www.youtube.com/watch?v=bRTa_7ut8XE,1.4만회,8개월 전
브롤스타즈 게임,https://www.youtube.com/watch?v=iA0Gqnmlask,44만회,8개월 전
브롤스타즈 게임,https://www.youtube.com/watch?v=JBvtXJMRZog,3천회,8개월 전
브롤스타즈 게임,https://www.youtube.com/watch?v=MhBVVaDV29c,18만회,8개월 전
브롤스타즈 게임,https://www.youtube.com/watch?v=mCgSB1_sOvs,1.4천회,8개월 전
브롤스타즈 게임,https://www.youtube.com/watch?v=hEg1AIYG08k,143만회,8개월 전
브롤스타즈 게임,https://www.youtube.com/watch?v=XWXDvgRN_7I,14만회,8개월 전
브롤스타즈 게임,https://www.youtube.com/watch?v=xaBBFDOizlk,46만회,8개월 전
브롤스타즈 게임,https://www.youtube.com/watch?v=3M-m-l_Sm5M,22만회,8개월 전
브롤스타즈 게임,https://www.youtube.com/watch?v=pBjiirYSIy4,77만회,8개월 전
브롤스타즈 게임,https://www.youtube.com/watch?v=DQOmztHNQL0,52만회,8개월 전
브롤스타즈 게임,https://www.youtube.com/watch?v=za0U-eVteJE,194만회,8개월 전
브롤스타즈 게임,https://www.youtube.com/watch?v=VnBsQBNfBLA,25회,8개월 전
브롤스타즈 게임,https://www.youtube.com/watch?v=DeOTUaA9z50,5.1만회,8개월 전
브롤스타즈 게임,https://www.youtube.com/watch?v=eVjiDxR15J4,39만회,8개월 전
브롤스타즈 게임,https://www.youtube.com/watch?v=mVw9sO4D9ms,66만회,8개월 전
브롤스타즈 게임,https://www.youtube.com/watch?v=zJMYO4Ewtf8,1천회,9개월 전
브롤스타즈 게임,https://www.youtube.com/watch?v=oMpoeigZwA4,65만회,9개월 전
브롤스타즈 게임,https://www.youtube.com/watch?v=0yWXHMFNbzo,31만회,9개월 전
브롤스타즈 게임,https://www.youtube.com/watch?v=j-zKSztqMbQ,1076만회,9개월 전
브롤스타즈 게임,https://www.youtube.com/watch?v=kVZjkrB3Kl4,3.5천회,9개월 전
브롤스타즈 게임,https://www.youtube.com/watch?v=0xJVPF4w_v4,38만회,9개월 전
브롤스타즈 게임,https://www.youtube.com/watch?v=TSPePcJxmaM,2.3만회,9개월 전
브롤스타즈 게임,https://www.youtube.com/watch?v=9OTO1jKCJaM,27만회,9개월 전
브롤스타즈 게임,https://www.youtube.com/watch?v=j2gEsf5Y8Hs,139회,스트리밍 시간: 9개월 전
브롤스타즈 게임,https://www.youtube.com/watch?v=7fxovT9MP6I,65만회,9개월 전
브롤스타즈 게임,https://www.youtube.com/watch?v=UntKy92d3vU,1.1만회,9개월 전
브롤스타즈 게임,https://www.youtube.com/watch?v=uP7TyXr0Ep8,120만회,9개월 전
브롤스타즈 게임,https://www.youtube.com/watch?v=tojtJTONKjc,2.6만회,9개월 전
브롤스타즈 게임,https://www.youtube.com/watch?v=hzNeZegMYeo,28만회,9개월 전
브롤스타즈 게임,https://www.youtube.com/watch?v=9gkQsJuySn0,1.7만회,9개월 전
브롤스타즈 게임,https://www.youtube.com/watch?v=PZ3JRFsp1cQ,1.6만회,9개월 전
브롤스타즈 게임,https://www.youtube.com/watch?v=YeiKuz4Cndc,283회,9개월 전
브롤스타즈 게임,https://www.youtube.com/watch?v=tOYm3Zynr0c,347회,9개월 전
브롤스타즈 게임,https://www.youtube.com/watch?v=XASa0HFQvv4,22만회,9개월 전
브롤스타즈 게임,https://www.youtube.com/watch?v=0We_l5IJl2I,2.1만회,9개월 전
브롤스타즈 게임,https://www.youtube.com/watch?v=fqVlPo6usiM,61만회,9개월 전
브롤스타즈 게임,https://www.youtube.com/watch?v=W1EhprNBLPA,10만회,9개월 전
브롤스타즈 게임,https://www.youtube.com/watch?v=L3I1gJiPMQk,52만회,9개월 전
브롤스타즈 게임,https://www.youtube.com/watch?v=gTcW_ftEBH0,732회,9개월 전
브롤스타즈 게임,https://www.youtube.com/watch?v=NtCVws0XPTc,93만회,9개월 전
브롤스타즈 게임,https://www.youtube.com/watch?v=U4J_H_CDDBQ,5.1만회,9개월 전
브롤스타즈 게임,https://www.youtube.com/watch?v=VaqUusyaYEE,89만회,9개월 전
브롤스타즈 게임,https://www.youtube.com/watch?v=2h2tTQC7yA8,78만회,9개월 전
브롤스타즈 게임,https://www.youtube.com/watch?v=MQyqmlBA86w,1.2만회,9개월 전
브롤스타즈 게임,https://www.youtube.com/watch?v=8fOblyBLbo0,49회,9개월 전
브롤스타즈 게임,https://www.youtube.com/watch?v=gKfltbnSwfQ,2.3천회,9개월 전
브롤스타즈 게임,https://www.youtube.com/watch?v=qZmBNylDSHA,29만회,9개월 전
브롤스타즈 게임,https://www.youtube.com/watch?v=Kosg10tQgjQ,77만회,9개월 전
브롤스타즈 게임,https://www.youtube.com/watch?v=v7CYOPIEEcI,94만회,9개월 전
브롤스타즈 게임,https://www.youtube.com/watch?v=Z6PZ10aqVZM,1.4만회,9개월 전
브롤스타즈 게임,https://www.youtube.com/watch?v=l6UePZbCyWk,4.5만회,9개월 전
브롤스타즈 게임,https://www.youtube.com/watch?v=4I132be0kwI,17회,9개월 전
브롤스타즈 게임,https://www.youtube.com/watch?v=bLm6yGdFLvo,29만회,9개월 전
브롤스타즈 게임,https://www.youtube.com/watch?v=DNR7xikZuxE,6.1천회,9개월 전
브롤스타즈 게임,https://www.youtube.com/watch?v=XUOpjIYUcAc,54회,9개월 전
브롤스타즈 게임,https://www.youtube.com/watch?v=L9f0aOb-BrA,1천회,9개월 전
브롤스타즈 게임,https://www.youtube.com/watch?v=VOglnY9gZKw,115만회,9개월 전
브롤스타즈 게임,https://www.youtube.com/watch?v=dfpMeQh5LE4,1.3천회,9개월 전
브롤스타즈 게임,https://www.youtube.com/watch?v=dpl89NWccRI,71회,9개월 전
브롤스타즈 게임,https://www.youtube.com/watch?v=f4QZ0rDjwVE,12만회,9개월 전
브롤스타즈 게임,https://www.youtube.com/watch?v=8eJiIPTXFR0,151회,9개월 전
브롤스타즈 게임,https://www.youtube.com/watch?v=vodJOsEiNu4,23회,9개월 전
브롤스타즈 게임,https://www.youtube.com/watch?v=m2R-uZSX9Ns,1.1만회,9개월 전
브롤스타즈 게임,https://www.youtube.com/watch?v=lYoZdwuczZ4,1.5천회,9개월 전
브롤스타즈 게임,https://www.youtube.com/watch?v=djcUqEMbn3w,6.2만회,10개월 전
브롤스타즈 게임,https://www.youtube.com/watch?v=dHDMJ_kdsYo,1.2만회,10개월 전
브롤스타즈 게임,https://www.youtube.com/watch?v=zWcig1JgDE4,81만회,10개월 전
브롤스타즈 게임,https://www.youtube.com/watch?v=4RgxrEiszvE,4만회,10개월 전
브롤스타즈 게임,https://www.youtube.com/watch?v=jjPSd8sL_So,19만회,10개월 전
브롤스타즈 게임,https://www.youtube.com/watch?v=qpMl1SiMY18,15만회,10개월 전
브롤스타즈 게임,https://www.youtube.com/watch?v=4YPlTZyKnKA,142만회,10개월 전
브롤스타즈 게임,https://www.youtube.com/watch?v=hrPCWZaD2AY,261회,10개월 전
브롤스타즈 게임,https://www.youtube.com/watch?v=6qxOHXdXmFQ,42만회,10개월 전
브롤스타즈 게임,https://www.youtube.com/watch?v=D0Kdw9HsKDQ,671회,10개월 전
브롤스타즈 게임,https://www.youtube.com/watch?v=1Qt8_GBy_Ig,48만회,10개월 전
브롤스타즈 게임,https://www.youtube.com/watch?v=JZT64B-xQ_4,51만회,10개월 전
브롤스타즈 게임,https://www.youtube.com/watch?v=OMorEuy9krU,1.1천회,10개월 전
브롤스타즈 게임,https://www.youtube.com/watch?v=Y43UVneFnHE,974회,10개월 전
브롤스타즈 게임,https://www.youtube.com/watch?v=82fdy8NOiD4,89만회,10개월 전
브롤스타즈 게임,https://www.youtube.com/watch?v=pps6gr5-OkE,602회,10개월 전
브롤스타즈 게임,https://www.youtube.com/watch?v=YcPKhAAWrlc,52만회,10개월 전
브롤스타즈 게임,https://www.youtube.com/watch?v=33sFOXxVww4,12만회,10개월 전
브롤스타즈 게임,https://www.youtube.com/watch?v=gNi3boX0NJM,35만회,10개월 전
브롤스타즈 게임,https://www.youtube.com/watch?v=WCTzMjrFaJo,78만회,10개월 전
브롤스타즈 게임,https://www.youtube.com/watch?v=z5RwVf4Zd9Q,9.7만회,10개월 전
브롤스타즈 게임,https://www.youtube.com/watch?v=c09sXF1AbRc,1.6만회,10개월 전
브롤스타즈 게임,https://www.youtube.com/watch?v=usMODuxbY9E,1만회,10개월 전
브롤스타즈 게임,https://www.youtube.com/watch?v=JfoEdPd2fus,11만회,10개월 전
브롤스타즈 게임,https://www.youtube.com/watch?v=O9SGgow3uic,75만회,10개월 전
브롤스타즈 게임,https://www.youtube.com/watch?v=FPsSDinUl98,182만회,10개월 전
브롤스타즈 게임,https://www.youtube.com/watch?v=KwJXeHb4kHc,138만회,10개월 전
브롤스타즈 게임,https://www.youtube.com/watch?v=tWZLRN5Y4lk,4.1천회,10개월 전
브롤스타즈 게임,https://www.youtube.com/watch?v=H7OGvbkAu1s,5.2천회,10개월 전
브롤스타즈 게임,https://www.youtube.com/watch?v=RiqhHFx-xSE,5.7천회,10개월 전
브롤스타즈 게임,https://www.youtube.com/watch?v=yKP3SBwwONU,57회,10개월 전
브롤스타즈 게임,https://www.youtube.com/watch?v=6IV1lZH1qNY,67만회,10개월 전
브롤스타즈 게임,https://www.youtube.com/watch?v=yS9Tb7OtHiU,10만회,11개월 전
브롤스타즈 게임,https://www.youtube.com/watch?v=Z7tN0eGdsFc,18만회,11개월 전
브롤스타즈 게임,https://www.youtube.com/watch?v=lOowKuuGh5g,106만회,11개월 전
브롤스타즈 게임,https://www.youtube.com/watch?v=9JKmfHTUPYI,51만회,11개월 전
브롤스타즈 게임,https://www.youtube.com/watch?v=BDHkJq-v3zw,66회,11개월 전
브롤스타즈 게임,https://www.youtube.com/watch?v=7kHY_ZLz2wg,53만회,11개월 전
브롤스타즈 게임,https://www.youtube.com/watch?v=EVTuR8XA2aQ,5.6만회,11개월 전
브롤스타즈 게임,https://www.youtube.com/watch?v=Kyxm63VSzjI,49만회,11개월 전
브롤스타즈 게임,https://www.youtube.com/watch?v=fj8CMAVLCes,2.6만회,11개월 전
브롤스타즈 게임,https://www.youtube.com/watch?v=9kbBFNQiuxA,65만회,11개월 전
브롤스타즈 게임,https://www.youtube.com/watch?v=HF8kZUrU70k,1.5천회,11개월 전
브롤스타즈 게임,https://www.youtube.com/watch?v=WNZAdeEDj1w,73만회,11개월 전
브롤스타즈 게임,https://www.youtube.com/watch?v=4Z1eyscqWMw,49만회,11개월 전
브롤스타즈 게임,https://www.youtube.com/watch?v=9YNuyfXZErs,6천회,11개월 전
브롤스타즈 게임,https://www.youtube.com/watch?v=hyySUw1Kdhg,92만회,11개월 전
브롤스타즈 게임,https://www.youtube.com/watch?v=UiNfphfHxDc,171만회,11개월 전
브롤스타즈 게임,https://www.youtube.com/watch?v=A2f9WfyrnOA,13만회,11개월 전
브롤스타즈 게임,https://www.youtube.com/watch?v=ZCETTfqAErw,2천회,11개월 전
브롤스타즈 게임,https://www.youtube.com/watch?v=qQTzQOZ25CE,32만회,11개월 전
브롤스타즈 게임,https://www.youtube.com/watch?v=I6qZrIpxAeQ,1.4만회,스트리밍 시간: 11개월 전
브롤스타즈 게임,https://www.youtube.com/watch?v=v5qMBk87u9k,160만회,11개월 전
브롤스타즈 게임,https://www.youtube.com/watch?v=caSIVq_hQoM,3만회,11개월 전
브롤스타즈 게임,https://www.youtube.com/watch?v=NA5AzuVkzgc,5.8만회,11개월 전
브롤스타즈 게임,https://www.youtube.com/watch?v=vUYs36Fgw_0,5.6만회,11개월 전
브롤스타즈 게임,https://www.youtube.com/watch?v=hhnz6ticTSo,6.7천회,11개월 전
브롤스타즈 게임,https://www.youtube.com/watch?v=bzFIYXRQJfU,65만회,11개월 전
브롤스타즈 게임,https://www.youtube.com/watch?v=hV7jOmsIAyM,25만회,11개월 전
브롤스타즈 게임,https://www.youtube.com/watch?v=Tgjvfqora3A,36만회,11개월 전
브롤스타즈 게임,https://www.youtube.com/watch?v=YdYOXai7l3o,1천회,11개월 전
브롤스타즈 게임,https://www.youtube.com/watch?v=iNGnsCTOGqI,5.1천회,11개월 전
브롤스타즈 게임,https://www.youtube.com/watch?v=r7v7SWE_lx0,17만회,11개월 전
브롤스타즈 게임,https://www.youtube.com/watch?v=AOw8m6GeIrs,4.5천회,11개월 전
브롤스타즈 게임,https://www.youtube.com/watch?v=8zaqSn1fgvc,4.4만회,11개월 전
브롤스타즈 게임,https://www.youtube.com/watch?v=ZJ-VYOOPm9Y,7.1천회,11개월 전
브롤스타즈 게임,https://www.youtube.com/watch?v=N76Wt1euCtk,32만회,11개월 전
브롤스타즈 게임,https://www.youtube.com/watch?v=M_gKKeEbidY,26만회,11개월 전
브롤스타즈 게임,https://www.youtube.com/watch?v=kQIyYtfLh9w,124만회,11개월 전
브롤스타즈 게임,https://www.youtube.com/watch?v=7nl08heI820,1.5만회,11개월 전
브롤스타즈 게임,https://www.youtube.com/watch?v=h4Q9FJ-BXp8,5.5천회,11개월 전
브롤스타즈 게임,https://www.youtube.com/watch?v=icm05k1wTeI,7.5만회,11개월 전
브롤스타즈 게임,https://www.youtube.com/watch?v=NIvcLWi1pok,107만회,11개월 전
브롤스타즈 게임,https://www.youtube.com/watch?v=rdXoSElZ8no,54회,11개월 전
브롤스타즈 게임,https://www.youtube.com/watch?v=H_rVcQdyL0E,7.3천회,11개월 전
브롤스타즈 게임,https://www.youtube.com/watch?v=j8kqAoktfXY,35만회,11개월 전
브롤스타즈 게임,https://www.youtube.com/watch?v=ZzlILe2Ff2w,1.4천회,11개월 전
브롤스타즈 게임,https://www.youtube.com/watch?v=Is8blmgy6O8,40만회,11개월 전
브롤스타즈 게임,https://www.youtube.com/watch?v=_wuOGUcL4x8,2.4만회,12개월 전
