﻿search,youtube_url,viewer,upload
펭귄의 섬 게임,https://www.youtube.com/watch?v=b9lCh_KlMHA,2회,5일 전
펭귄의 섬 게임,https://www.youtube.com/watch?v=A00IAzvvGKw,1회,1주 전
펭귄의 섬 게임,https://www.youtube.com/watch?v=u8LrdEFvnvk,18회,1주 전
펭귄의 섬 게임,https://www.youtube.com/watch?v=NKZ4iHQ2Ga4,9.7만회,1주 전
펭귄의 섬 게임,https://www.youtube.com/watch?v=LwK-tcfkym8,1회,2주 전
펭귄의 섬 게임,https://www.youtube.com/watch?v=6_STVzoW64k,6회,2주 전
펭귄의 섬 게임,https://www.youtube.com/watch?v=Etdl6VPZRlY,없음,2주 전
펭귄의 섬 게임,https://www.youtube.com/watch?v=6ImO5EyVVrY,29회,2주 전
펭귄의 섬 게임,https://www.youtube.com/watch?v=Qdbex26u-d4,16회,2주 전
펭귄의 섬 게임,https://www.youtube.com/watch?v=fxBQLoqLNUg,123회,2주 전
펭귄의 섬 게임,https://www.youtube.com/watch?v=zNFZ5JYY_1Q,없음,3주 전
펭귄의 섬 게임,https://www.youtube.com/watch?v=x157gX2pDIM,2회,3주 전
펭귄의 섬 게임,https://www.youtube.com/watch?v=ygx6hmLFnmQ,13회,3주 전
펭귄의 섬 게임,https://www.youtube.com/watch?v=wIqjMLsreeM,10회,3주 전
펭귄의 섬 게임,https://www.youtube.com/watch?v=D5yoaflBgGU,49회,3주 전
펭귄의 섬 게임,https://www.youtube.com/watch?v=YZDIolZqB-U,없음,3주 전
펭귄의 섬 게임,https://www.youtube.com/watch?v=FEYJcmqtpwQ,12회,3주 전
펭귄의 섬 게임,https://www.youtube.com/watch?v=kpB4zPYKP98,12회,3주 전
펭귄의 섬 게임,https://www.youtube.com/watch?v=y8W1aIURvPs,17회,3주 전
펭귄의 섬 게임,https://www.youtube.com/watch?v=zttLxT0kMRU,15회,3주 전
펭귄의 섬 게임,https://www.youtube.com/watch?v=_RKzsdttdoQ,71회,3주 전
펭귄의 섬 게임,https://www.youtube.com/watch?v=5Ol2ULHTcdM,14회,1개월 전
펭귄의 섬 게임,https://www.youtube.com/watch?v=CNZwWn73_SM,219회,1개월 전
펭귄의 섬 게임,https://www.youtube.com/watch?v=-Fsqevj7qQE,9회,1개월 전
펭귄의 섬 게임,https://www.youtube.com/watch?v=2xUZpyJtXLA,15회,1개월 전
펭귄의 섬 게임,https://www.youtube.com/watch?v=BSvqDvApTrI,21회,1개월 전
펭귄의 섬 게임,https://www.youtube.com/watch?v=djAVX8DY8EM,29회,1개월 전
펭귄의 섬 게임,https://www.youtube.com/watch?v=tkAZfEDoMZw,521회,1개월 전
펭귄의 섬 게임,https://www.youtube.com/watch?v=OdqX2koS8-o,3회,1개월 전
펭귄의 섬 게임,https://www.youtube.com/watch?v=eHUnwVRuOl0,11회,1개월 전
펭귄의 섬 게임,https://www.youtube.com/watch?v=LZSETTNd19g,5회,1개월 전
펭귄의 섬 게임,https://www.youtube.com/watch?v=0V_926V9DSo,18회,1개월 전
펭귄의 섬 게임,https://www.youtube.com/watch?v=PAUYyR8c9XY,10회,1개월 전
펭귄의 섬 게임,https://www.youtube.com/watch?v=bFI0Cc9i7eY,19회,1개월 전
펭귄의 섬 게임,https://www.youtube.com/watch?v=rpaPUZrwtUw,8회,1개월 전
펭귄의 섬 게임,https://www.youtube.com/watch?v=iCeb5awKDIU,5.3천회,1개월 전
펭귄의 섬 게임,https://www.youtube.com/watch?v=RjyQ9MZEM0o,224회,1개월 전
펭귄의 섬 게임,https://www.youtube.com/watch?v=EigMvlUa3YE,1회,1개월 전
펭귄의 섬 게임,https://www.youtube.com/watch?v=dIxZEfuyXtM,35회,1개월 전
펭귄의 섬 게임,https://www.youtube.com/watch?v=GOOeylX7uZE,30회,1개월 전
펭귄의 섬 게임,https://www.youtube.com/watch?v=bA86rRBilpk,26회,1개월 전
펭귄의 섬 게임,https://www.youtube.com/watch?v=vpdsXfPGqC8,29회,1개월 전
펭귄의 섬 게임,https://www.youtube.com/watch?v=SmYZV8Bw5xw,12회,1개월 전
펭귄의 섬 게임,https://www.youtube.com/watch?v=v1GDcKZlIK0,12회,1개월 전
펭귄의 섬 게임,https://www.youtube.com/watch?v=sJTGV7xmqFs,20회,1개월 전
펭귄의 섬 게임,https://www.youtube.com/watch?v=CKI0Pl-JYfU,1.9천회,1개월 전
펭귄의 섬 게임,https://www.youtube.com/watch?v=1N6vUJF1iYE,62회,1개월 전
펭귄의 섬 게임,https://www.youtube.com/watch?v=sc_EbLu-r8w,46회,1개월 전
펭귄의 섬 게임,https://www.youtube.com/watch?v=SuybI1x9gb4,142회,1개월 전
펭귄의 섬 게임,https://www.youtube.com/watch?v=t4IVrBGkT10,25회,2개월 전
펭귄의 섬 게임,https://www.youtube.com/watch?v=r5J3dkx5JSU,27회,2개월 전
펭귄의 섬 게임,https://www.youtube.com/watch?v=ApE4Kjb8IE8,83회,2개월 전
펭귄의 섬 게임,https://www.youtube.com/watch?v=9dgbAKNDW6M,22회,2개월 전
펭귄의 섬 게임,https://www.youtube.com/watch?v=qsE-40x68oc,26회,2개월 전
펭귄의 섬 게임,https://www.youtube.com/watch?v=9Fw5RTW08ug,265회,2개월 전
펭귄의 섬 게임,https://www.youtube.com/watch?v=_c8lbL__zWY,659회,2개월 전
펭귄의 섬 게임,https://www.youtube.com/watch?v=f7CB2ULszZY,156회,2개월 전
펭귄의 섬 게임,https://www.youtube.com/watch?v=E-8Jc417BoI,305회,2개월 전
펭귄의 섬 게임,https://www.youtube.com/watch?v=xEOQ5xUvJiQ,761회,2개월 전
펭귄의 섬 게임,https://www.youtube.com/watch?v=8g9zww2Q9Ck,970회,3개월 전
펭귄의 섬 게임,https://www.youtube.com/watch?v=qrAZ2XKiY-Q,7.8천회,3개월 전
펭귄의 섬 게임,https://www.youtube.com/watch?v=ARYeLYYoExI,4.9천회,3개월 전
펭귄의 섬 게임,https://www.youtube.com/watch?v=iGSN6s999xg,170회,3개월 전
펭귄의 섬 게임,https://www.youtube.com/watch?v=jGgkNeKCc5I,4.9천회,3개월 전
펭귄의 섬 게임,https://www.youtube.com/watch?v=ksmLCUOnBxw,141회,3개월 전
펭귄의 섬 게임,https://www.youtube.com/watch?v=dxWvRuS80_Y,1.7천회,3개월 전
펭귄의 섬 게임,https://www.youtube.com/watch?v=ib4niCZWnFo,19회,3개월 전
펭귄의 섬 게임,https://www.youtube.com/watch?v=Ph6ynjJNW8A,1.3천회,3개월 전
펭귄의 섬 게임,https://www.youtube.com/watch?v=RMJ6AJj2ltg,45회,3개월 전
펭귄의 섬 게임,https://www.youtube.com/watch?v=3m-MgQEjcCk,5.8천회,3개월 전
펭귄의 섬 게임,https://www.youtube.com/watch?v=j3PdgzAk3ks,1.1천회,3개월 전
펭귄의 섬 게임,https://www.youtube.com/watch?v=9MaPKas1Tjs,125회,3개월 전
