﻿search,youtube_url,viewer,upload
무한의 계단 게임,https://www.youtube.com/watch?v=mrMfnbCzW6w,없음,2시간 전
무한의 계단 게임,https://www.youtube.com/watch?v=bEqxq-1gQF4,1회,2시간 전
무한의 계단 게임,https://www.youtube.com/watch?v=fM1dzo1DtpU,없음,3시간 전
무한의 계단 게임,https://www.youtube.com/watch?v=NHBntzsPIiY,없음,4시간 전
무한의 계단 게임,https://www.youtube.com/watch?v=a3WYKyBFSxA,1회,6시간 전
무한의 계단 게임,https://www.youtube.com/watch?v=TPSclEIgofw,없음,6시간 전
무한의 계단 게임,https://www.youtube.com/watch?v=j7ALkFSruVg,없음,7시간 전
무한의 계단 게임,https://www.youtube.com/watch?v=dk_ZzJIw9a0,없음,10시간 전
무한의 계단 게임,https://www.youtube.com/watch?v=3ihVug_vk-w,1회,11시간 전
무한의 계단 게임,https://www.youtube.com/watch?v=jKN7cBwmIG8,1.1천회,17시간 전
무한의 계단 게임,https://www.youtube.com/watch?v=moUN5VnRoA4,없음,18시간 전
무한의 계단 게임,https://www.youtube.com/watch?v=T4CRyYHL8fU,2회,19시간 전
무한의 계단 게임,https://www.youtube.com/watch?v=fTVzl65rsOs,없음,20시간 전
무한의 계단 게임,https://www.youtube.com/watch?v=mlgIMS1DLLc,1회,20시간 전
무한의 계단 게임,https://www.youtube.com/watch?v=VQstNcHDhMk,3회,20시간 전
무한의 계단 게임,https://www.youtube.com/watch?v=iWiifztBOT4,1회,20시간 전
무한의 계단 게임,https://www.youtube.com/watch?v=AecrvNibIVM,13회,20시간 전
무한의 계단 게임,https://www.youtube.com/watch?v=q0SPOrsCoKI,없음,20시간 전
무한의 계단 게임,https://www.youtube.com/watch?v=JgPD6kkmsuI,4회,21시간 전
무한의 계단 게임,https://www.youtube.com/watch?v=VOBwowX000E,1회,21시간 전
무한의 계단 게임,https://www.youtube.com/watch?v=H5oQmBFRstA,27회,21시간 전
무한의 계단 게임,https://www.youtube.com/watch?v=QOVXkaCbSj8,없음,22시간 전
무한의 계단 게임,https://www.youtube.com/watch?v=N9eOSPfsssc,2회,22시간 전
무한의 계단 게임,https://www.youtube.com/watch?v=z5LYgAchv_E,5회,스트리밍 시간: 22시간 전
무한의 계단 게임,https://www.youtube.com/watch?v=6YGCAW7zgck,1회,22시간 전
무한의 계단 게임,https://www.youtube.com/watch?v=u8EoqMl0UaM,1회,22시간 전
무한의 계단 게임,https://www.youtube.com/watch?v=LqScrN6GFE4,4회,22시간 전
무한의 계단 게임,https://www.youtube.com/watch?v=i4M_uf3Ikrk,5회,22시간 전
무한의 계단 게임,https://www.youtube.com/watch?v=i85nSWAOKfg,1회,23시간 전
무한의 계단 게임,https://www.youtube.com/watch?v=PzeL3Qe4gyo,없음,23시간 전
무한의 계단 게임,https://www.youtube.com/watch?v=KB_TIW9MGfg,1회,23시간 전
무한의 계단 게임,https://www.youtube.com/watch?v=a6sXu9JGaTI,1회,23시간 전
무한의 계단 게임,https://www.youtube.com/watch?v=ofcBkvxpb2Q,1회,23시간 전
무한의 계단 게임,https://www.youtube.com/watch?v=09XhPf4OyaI,없음,1일 전
무한의 계단 게임,https://www.youtube.com/watch?v=_JBCLfb8Jz0,13회,1일 전
무한의 계단 게임,https://www.youtube.com/watch?v=zp0faQOieQs,없음,1일 전
무한의 계단 게임,https://www.youtube.com/watch?v=7t2skYEP_j0,8회,1일 전
무한의 계단 게임,https://www.youtube.com/watch?v=JIDo_Mllrns,없음,1일 전
무한의 계단 게임,https://www.youtube.com/watch?v=KS5d7DPaHNY,1회,1일 전
무한의 계단 게임,https://www.youtube.com/watch?v=adCW2O03EQI,1회,1일 전
무한의 계단 게임,https://www.youtube.com/watch?v=HeOrceP2_6s,없음,1일 전
무한의 계단 게임,https://www.youtube.com/watch?v=wQrQE9xAzxw,9회,1일 전
무한의 계단 게임,https://www.youtube.com/watch?v=EcxFfQOpa3k,7회,1일 전
무한의 계단 게임,https://www.youtube.com/watch?v=S34_SwdX8HU,4회,1일 전
무한의 계단 게임,https://www.youtube.com/watch?v=3Ror8IQMmDk,2회,1일 전
무한의 계단 게임,https://www.youtube.com/watch?v=PH72ObfwVZg,4회,1일 전
무한의 계단 게임,https://www.youtube.com/watch?v=7u1qe4A6npc,2회,1일 전
무한의 계단 게임,https://www.youtube.com/watch?v=KtydDSdUrc4,5회,1일 전
무한의 계단 게임,https://www.youtube.com/watch?v=tPqVi0K9EQs,2회,1일 전
무한의 계단 게임,https://www.youtube.com/watch?v=26BpR2By3-o,16회,1일 전
무한의 계단 게임,https://www.youtube.com/watch?v=PbhaByZ9620,없음,1일 전
무한의 계단 게임,https://www.youtube.com/watch?v=DckYBufMF_c,1회,1일 전
무한의 계단 게임,https://www.youtube.com/watch?v=AYUh5FnknhA,없음,1일 전
무한의 계단 게임,https://www.youtube.com/watch?v=Kx0cvLscju8,없음,1일 전
무한의 계단 게임,https://www.youtube.com/watch?v=WOyPVLtrIkw,없음,2일 전
무한의 계단 게임,https://www.youtube.com/watch?v=teQ7vDCEQxM,없음,2일 전
무한의 계단 게임,https://www.youtube.com/watch?v=DNn8JOciNJM,3회,2일 전
무한의 계단 게임,https://www.youtube.com/watch?v=IBad3ZYyfi4,4회,2일 전
무한의 계단 게임,https://www.youtube.com/watch?v=gETvZs80xsg,4회,2일 전
무한의 계단 게임,https://www.youtube.com/watch?v=huW86UJOi5Q,10회,2일 전
무한의 계단 게임,https://www.youtube.com/watch?v=PlrlaV7TX2U,1회,2일 전
무한의 계단 게임,https://www.youtube.com/watch?v=VyZBDPEWEY8,13회,2일 전
무한의 계단 게임,https://www.youtube.com/watch?v=Bps4DVrUMoM,4회,2일 전
무한의 계단 게임,https://www.youtube.com/watch?v=_kyQQrpVuq0,11회,2일 전
무한의 계단 게임,https://www.youtube.com/watch?v=I_FZx7bd1R4,없음,2일 전
무한의 계단 게임,https://www.youtube.com/watch?v=ozWfA4CE5bg,1회,2일 전
무한의 계단 게임,https://www.youtube.com/watch?v=a2T_-EHqAHU,6회,2일 전
무한의 계단 게임,https://www.youtube.com/watch?v=ZJ_U-NujE18,2회,2일 전
무한의 계단 게임,https://www.youtube.com/watch?v=BDEQRnbcZJ0,없음,2일 전
무한의 계단 게임,https://www.youtube.com/watch?v=ImGowHLZ-Gc,2회,2일 전
무한의 계단 게임,https://www.youtube.com/watch?v=UFj38DAP758,4회,2일 전
무한의 계단 게임,https://www.youtube.com/watch?v=fccJTAYOnV0,없음,2일 전
무한의 계단 게임,https://www.youtube.com/watch?v=2iU1Dg4WfnY,3회,2일 전
무한의 계단 게임,https://www.youtube.com/watch?v=gGkdcoHJKgI,7회,2일 전
무한의 계단 게임,https://www.youtube.com/watch?v=TBVlcdJLdCk,3회,2일 전
무한의 계단 게임,https://www.youtube.com/watch?v=rqxVDrrAiW0,1회,2일 전
무한의 계단 게임,https://www.youtube.com/watch?v=DU-yjE6CLRs,2회,3일 전
무한의 계단 게임,https://www.youtube.com/watch?v=xsv68xs3i2k,없음,3일 전
무한의 계단 게임,https://www.youtube.com/watch?v=a__v_wn4IYk,12회,3일 전
무한의 계단 게임,https://www.youtube.com/watch?v=nEUJRSfc89c,8.4만회,3일 전
무한의 계단 게임,https://www.youtube.com/watch?v=ZC_PIOzO_e8,1회,3일 전
무한의 계단 게임,https://www.youtube.com/watch?v=8o2K_5Gg-2Q,10회,3일 전
무한의 계단 게임,https://www.youtube.com/watch?v=sfjywfya068,3회,3일 전
무한의 계단 게임,https://www.youtube.com/watch?v=XLyO1HaESwE,없음,3일 전
무한의 계단 게임,https://www.youtube.com/watch?v=TZc_Ybk1vQQ,101회,3일 전
무한의 계단 게임,https://www.youtube.com/watch?v=EKXwhoTVXEQ,4회,3일 전
무한의 계단 게임,https://www.youtube.com/watch?v=_adAK2FHOYc,18회,3일 전
무한의 계단 게임,https://www.youtube.com/watch?v=_3vdWylJqh4,3회,3일 전
무한의 계단 게임,https://www.youtube.com/watch?v=XZdgTKZAlWc,없음,3일 전
무한의 계단 게임,https://www.youtube.com/watch?v=aVo6yfdYLWU,45회,3일 전
무한의 계단 게임,https://www.youtube.com/watch?v=K9nF0IhGKhc,1회,3일 전
무한의 계단 게임,https://www.youtube.com/watch?v=mjUvVHhG0UY,2회,3일 전
무한의 계단 게임,https://www.youtube.com/watch?v=UbmTDH6jdUg,4.2만회,3일 전
무한의 계단 게임,https://www.youtube.com/watch?v=4RNqT37Ikk4,40회,4일 전
무한의 계단 게임,https://www.youtube.com/watch?v=_vCFRbO5jQ0,없음,4일 전
무한의 계단 게임,https://www.youtube.com/watch?v=d_iyFHNodwY,5회,4일 전
무한의 계단 게임,https://www.youtube.com/watch?v=ynOp9JbS7v8,1회,4일 전
무한의 계단 게임,https://www.youtube.com/watch?v=_7kJZLg-S6I,3회,4일 전
무한의 계단 게임,https://www.youtube.com/watch?v=EDBkhwymo0k,12회,4일 전
무한의 계단 게임,https://www.youtube.com/watch?v=xNqERl9NPmI,3회,4일 전
무한의 계단 게임,https://www.youtube.com/watch?v=2ytBDmrmLNY,3회,5일 전
무한의 계단 게임,https://www.youtube.com/watch?v=cgTDsJPd0JY,없음,5일 전
무한의 계단 게임,https://www.youtube.com/watch?v=tINfode98Yw,2회,5일 전
무한의 계단 게임,https://www.youtube.com/watch?v=lHt1MCxwlw0,1회,5일 전
무한의 계단 게임,https://www.youtube.com/watch?v=ZXM24yOgBdA,10만회,5일 전
무한의 계단 게임,https://www.youtube.com/watch?v=pqhf2HtIRTc,5회,5일 전
무한의 계단 게임,https://www.youtube.com/watch?v=GRvx1xSwgik,6회,5일 전
무한의 계단 게임,https://www.youtube.com/watch?v=5lswGokcTtY,10회,5일 전
무한의 계단 게임,https://www.youtube.com/watch?v=jK1oVtFSCQM,5회,5일 전
무한의 계단 게임,https://www.youtube.com/watch?v=NR7XjFBFL6o,없음,5일 전
무한의 계단 게임,https://www.youtube.com/watch?v=vHOMMJ2KC48,5.8만회,5일 전
무한의 계단 게임,https://www.youtube.com/watch?v=F83rpLM9qeQ,없음,5일 전
무한의 계단 게임,https://www.youtube.com/watch?v=_ZBBmO5_9mg,없음,6일 전
무한의 계단 게임,https://www.youtube.com/watch?v=USF34rNFBQo,6회,6일 전
무한의 계단 게임,https://www.youtube.com/watch?v=FG7tEEqbdvQ,13회,6일 전
무한의 계단 게임,https://www.youtube.com/watch?v=lvQZJK-n6lU,17회,6일 전
무한의 계단 게임,https://www.youtube.com/watch?v=uEdJlfCuiFA,1회,6일 전
무한의 계단 게임,https://www.youtube.com/watch?v=26r2dOQzUP0,2회,6일 전
무한의 계단 게임,https://www.youtube.com/watch?v=EVquVQPFTzc,15만회,6일 전
무한의 계단 게임,https://www.youtube.com/watch?v=vadl_hRedjo,1회,6일 전
무한의 계단 게임,https://www.youtube.com/watch?v=Vu1M607IJNQ,없음,6일 전
무한의 계단 게임,https://www.youtube.com/watch?v=JKzI6wIvY3I,622회,스트리밍 시간: 6일 전
무한의 계단 게임,https://www.youtube.com/watch?v=KCyZJr49c5c,16회,6일 전
무한의 계단 게임,https://www.youtube.com/watch?v=016F9McGGfc,44회,6일 전
무한의 계단 게임,https://www.youtube.com/watch?v=K7RXjiyjPvg,2회,6일 전
무한의 계단 게임,https://www.youtube.com/watch?v=vh6nrZmYSOk,17회,6일 전
무한의 계단 게임,https://www.youtube.com/watch?v=HWqaDusw5-0,1회,6일 전
무한의 계단 게임,https://www.youtube.com/watch?v=wRxRJlzFdYI,1회,6일 전
무한의 계단 게임,https://www.youtube.com/watch?v=X3DqFvm3EQE,1회,6일 전
무한의 계단 게임,https://www.youtube.com/watch?v=OFbHy-HlZZA,3회,6일 전
무한의 계단 게임,https://www.youtube.com/watch?v=Du3-e-7jMbo,2회,1주 전
무한의 계단 게임,https://www.youtube.com/watch?v=SOZ1a73Yx6M,1.6천회,1주 전
무한의 계단 게임,https://www.youtube.com/watch?v=kTmJsAF8ZHA,11만회,1주 전
무한의 계단 게임,https://www.youtube.com/watch?v=hSXOqLh86M8,11회,1주 전
무한의 계단 게임,https://www.youtube.com/watch?v=SLRgTE2xd68,7.5만회,1주 전
무한의 계단 게임,https://www.youtube.com/watch?v=cOjUSIMiKSI,1회,1주 전
무한의 계단 게임,https://www.youtube.com/watch?v=YZknCZClVN0,14만회,1주 전
무한의 계단 게임,https://www.youtube.com/watch?v=FeA8AZpsgjU,20회,1주 전
무한의 계단 게임,https://www.youtube.com/watch?v=43WsJuedKwI,13회,1주 전
무한의 계단 게임,https://www.youtube.com/watch?v=if4rGWcWVMI,2회,1주 전
무한의 계단 게임,https://www.youtube.com/watch?v=IbGTd638vxo,4회,1주 전
무한의 계단 게임,https://www.youtube.com/watch?v=qBSHzU-niSM,44회,1주 전
무한의 계단 게임,https://www.youtube.com/watch?v=LP0oQ_Dh750,12회,1주 전
무한의 계단 게임,https://www.youtube.com/watch?v=eonmyzFDELw,7.4만회,1주 전
무한의 계단 게임,https://www.youtube.com/watch?v=Vgk9yzvhVHs,15회,1주 전
무한의 계단 게임,https://www.youtube.com/watch?v=CAksxb7-X7Y,31회,1주 전
무한의 계단 게임,https://www.youtube.com/watch?v=N8HevSezD2M,1만회,1주 전
무한의 계단 게임,https://www.youtube.com/watch?v=shjspo050uE,3회,1주 전
무한의 계단 게임,https://www.youtube.com/watch?v=NTWAaJPeLFw,1회,1주 전
무한의 계단 게임,https://www.youtube.com/watch?v=-p6uSAiKu1k,2회,1주 전
무한의 계단 게임,https://www.youtube.com/watch?v=2oGbfA9FNYA,2회,1주 전
무한의 계단 게임,https://www.youtube.com/watch?v=Gn3c5O1j3l0,6.3만회,1주 전
무한의 계단 게임,https://www.youtube.com/watch?v=SH78BBwN5_E,2회,1주 전
무한의 계단 게임,https://www.youtube.com/watch?v=kBbtI0VS-NQ,64회,1주 전
무한의 계단 게임,https://www.youtube.com/watch?v=WYCuWU11tx8,12만회,1주 전
무한의 계단 게임,https://www.youtube.com/watch?v=l69wTAWSis8,188회,1주 전
무한의 계단 게임,https://www.youtube.com/watch?v=L4j3D0PS4NE,7회,1주 전
무한의 계단 게임,https://www.youtube.com/watch?v=QQd5aULnhzo,4.4만회,1주 전
무한의 계단 게임,https://www.youtube.com/watch?v=mqRl8lXj4Yw,1회,1주 전
무한의 계단 게임,https://www.youtube.com/watch?v=A649XEdpXPU,8회,1주 전
무한의 계단 게임,https://www.youtube.com/watch?v=t_4BGE33qmY,11회,1주 전
무한의 계단 게임,https://www.youtube.com/watch?v=_kKccWJ6eqw,10만회,1주 전
무한의 계단 게임,https://www.youtube.com/watch?v=j063KEWlW1w,1회,1주 전
무한의 계단 게임,https://www.youtube.com/watch?v=nFykd4xvg6U,24회,1주 전
무한의 계단 게임,https://www.youtube.com/watch?v=wbCyL-031L4,1천회,1주 전
무한의 계단 게임,https://www.youtube.com/watch?v=KP6-M9daBY4,15회,1주 전
무한의 계단 게임,https://www.youtube.com/watch?v=rJ3pSgLacYA,108회,스트리밍 시간: 1주 전
무한의 계단 게임,https://www.youtube.com/watch?v=oLBC6Dr__K8,13회,1주 전
무한의 계단 게임,https://www.youtube.com/watch?v=JE3Dmf1CtOA,7회,1주 전
무한의 계단 게임,https://www.youtube.com/watch?v=tx9bDscIxeg,7회,1주 전
무한의 계단 게임,https://www.youtube.com/watch?v=pji7WCVsyaE,17회,1주 전
무한의 계단 게임,https://www.youtube.com/watch?v=rCLPQAh7t8Y,55회,1주 전
무한의 계단 게임,https://www.youtube.com/watch?v=PEQZ9PV02b4,3회,1주 전
무한의 계단 게임,https://www.youtube.com/watch?v=tr-66AA0NgM,15회,1주 전
무한의 계단 게임,https://www.youtube.com/watch?v=iAACufPvRb0,34회,1주 전
무한의 계단 게임,https://www.youtube.com/watch?v=RUSzP7zVPq0,없음,1주 전
무한의 계단 게임,https://www.youtube.com/watch?v=eyLUY1lR5Ro,없음,1주 전
무한의 계단 게임,https://www.youtube.com/watch?v=K06JISHDlig,571회,1주 전
무한의 계단 게임,https://www.youtube.com/watch?v=2QtgIvU1R3I,28회,1주 전
무한의 계단 게임,https://www.youtube.com/watch?v=EtMzTvxlKds,19회,1주 전
무한의 계단 게임,https://www.youtube.com/watch?v=W73JfwWREe0,7.7만회,1주 전
무한의 계단 게임,https://www.youtube.com/watch?v=ZuiTW3U2xFg,22회,1주 전
무한의 계단 게임,https://www.youtube.com/watch?v=BGyVen75H00,8회,1주 전
무한의 계단 게임,https://www.youtube.com/watch?v=VT09g9VSm5U,10회,1주 전
무한의 계단 게임,https://www.youtube.com/watch?v=aFkAi9wpBQ8,없음,2주 전
무한의 계단 게임,https://www.youtube.com/watch?v=ux0VZHRv3ic,10만회,2주 전
무한의 계단 게임,https://www.youtube.com/watch?v=m5GuqrstaGU,없음,2주 전
무한의 계단 게임,https://www.youtube.com/watch?v=i5ePxotT_aM,287회,2주 전
무한의 계단 게임,https://www.youtube.com/watch?v=0PSthzlBzLQ,15회,2주 전
무한의 계단 게임,https://www.youtube.com/watch?v=ZLRWeVbUAVE,13회,2주 전
무한의 계단 게임,https://www.youtube.com/watch?v=auSIq1vtS9E,1.1천회,2주 전
무한의 계단 게임,https://www.youtube.com/watch?v=oK2T0-wzRzQ,1회,2주 전
무한의 계단 게임,https://www.youtube.com/watch?v=RPxmaVDt1Gc,7.5만회,2주 전
무한의 계단 게임,https://www.youtube.com/watch?v=D8p_Hi6W-4U,3회,2주 전
무한의 계단 게임,https://www.youtube.com/watch?v=Vcqhdot1bcA,1회,2주 전
무한의 계단 게임,https://www.youtube.com/watch?v=oKfZvTQShKw,1회,2주 전
무한의 계단 게임,https://www.youtube.com/watch?v=YqQdTmlkUkg,35회,2주 전
무한의 계단 게임,https://www.youtube.com/watch?v=QiinmKURgEY,17회,2주 전
무한의 계단 게임,https://www.youtube.com/watch?v=Vba4r2yd4-g,156회,2주 전
무한의 계단 게임,https://www.youtube.com/watch?v=tDw9gGXcGhw,80회,2주 전
무한의 계단 게임,https://www.youtube.com/watch?v=dJVJZc5FPA8,5.8만회,2주 전
무한의 계단 게임,https://www.youtube.com/watch?v=zhP_HgcGgsk,없음,2주 전
무한의 계단 게임,https://www.youtube.com/watch?v=zWTgB9fepTA,6회,2주 전
무한의 계단 게임,https://www.youtube.com/watch?v=LIGi14m8es4,17회,2주 전
무한의 계단 게임,https://www.youtube.com/watch?v=x8bLxw5r9sw,13회,2주 전
무한의 계단 게임,https://www.youtube.com/watch?v=HEDkWofqiV0,9회,2주 전
무한의 계단 게임,https://www.youtube.com/watch?v=uBeoC3VNDLo,10만회,2주 전
무한의 계단 게임,https://www.youtube.com/watch?v=gSc27n0SYEI,1.4천회,2주 전
무한의 계단 게임,https://www.youtube.com/watch?v=ZrTbpa34h8w,12만회,2주 전
무한의 계단 게임,https://www.youtube.com/watch?v=9yuuSnfG80k,90회,2주 전
무한의 계단 게임,https://www.youtube.com/watch?v=kpIFANFWfMc,7회,2주 전
무한의 계단 게임,https://www.youtube.com/watch?v=zQpe4MrsgTY,62회,2주 전
무한의 계단 게임,https://www.youtube.com/watch?v=MK_ZhWzjwCI,없음,2주 전
무한의 계단 게임,https://www.youtube.com/watch?v=McgiMED3Fho,없음,2주 전
무한의 계단 게임,https://www.youtube.com/watch?v=ORVCuEe6Lwk,108회,2주 전
무한의 계단 게임,https://www.youtube.com/watch?v=E8wWJMR_1-Q,22회,2주 전
무한의 계단 게임,https://www.youtube.com/watch?v=adMViIyMSIY,86회,2주 전
무한의 계단 게임,https://www.youtube.com/watch?v=19aDEZKyGm8,7회,2주 전
무한의 계단 게임,https://www.youtube.com/watch?v=WA2t1-b5MGQ,2회,2주 전
무한의 계단 게임,https://www.youtube.com/watch?v=Tmp0hL0-uAs,11만회,2주 전
무한의 계단 게임,https://www.youtube.com/watch?v=8imBX4PozWM,1회,2주 전
무한의 계단 게임,https://www.youtube.com/watch?v=xHhprznuxg8,1.5천회,2주 전
무한의 계단 게임,https://www.youtube.com/watch?v=CdFwHKIqVco,2회,2주 전
무한의 계단 게임,https://www.youtube.com/watch?v=8y9wCf5DEiE,9회,2주 전
무한의 계단 게임,https://www.youtube.com/watch?v=RTMb28zAh-w,1회,2주 전
무한의 계단 게임,https://www.youtube.com/watch?v=cbhTWyX8lCQ,3.2천회,2주 전
무한의 계단 게임,https://www.youtube.com/watch?v=pYL5A3AeOiQ,7회,2주 전
무한의 계단 게임,https://www.youtube.com/watch?v=zN3KcPHkVV4,22회,2주 전
무한의 계단 게임,https://www.youtube.com/watch?v=fg3_mQURlIw,4회,2주 전
무한의 계단 게임,https://www.youtube.com/watch?v=QoPTgzF7M2M,10만회,2주 전
무한의 계단 게임,https://www.youtube.com/watch?v=te-T4JAA53Y,5회,2주 전
무한의 계단 게임,https://www.youtube.com/watch?v=CoWn5dEuTe4,73회,2주 전
무한의 계단 게임,https://www.youtube.com/watch?v=UJ7LNwj5H8s,6회,2주 전
무한의 계단 게임,https://www.youtube.com/watch?v=XfTPzufNVVg,9회,2주 전
무한의 계단 게임,https://www.youtube.com/watch?v=wTRDq6zHIMc,18회,2주 전
무한의 계단 게임,https://www.youtube.com/watch?v=H_9mdadgSD8,8회,2주 전
무한의 계단 게임,https://www.youtube.com/watch?v=5yKbOjRG7eQ,5회,2주 전
무한의 계단 게임,https://www.youtube.com/watch?v=xQYm9D_2WyM,1.8만회,2주 전
무한의 계단 게임,https://www.youtube.com/watch?v=VD5rGCRBN9w,7회,2주 전
무한의 계단 게임,https://www.youtube.com/watch?v=5pTBN4sja_A,444회,2주 전
무한의 계단 게임,https://www.youtube.com/watch?v=kC_UrU814zM,22만회,2주 전
무한의 계단 게임,https://www.youtube.com/watch?v=MnvjfqKgEEM,4회,2주 전
무한의 계단 게임,https://www.youtube.com/watch?v=QKEdzuJnHXk,2회,2주 전
무한의 계단 게임,https://www.youtube.com/watch?v=x-amyT3RXKo,17회,2주 전
무한의 계단 게임,https://www.youtube.com/watch?v=T0MR6RKw9Lk,31회,2주 전
무한의 계단 게임,https://www.youtube.com/watch?v=hPGW_pHCmJs,17회,2주 전
무한의 계단 게임,https://www.youtube.com/watch?v=o_EkXUESa8E,19회,스트리밍 시간: 2주 전
무한의 계단 게임,https://www.youtube.com/watch?v=Itd9Lvcb6T4,9회,2주 전
무한의 계단 게임,https://www.youtube.com/watch?v=t8RVa-n7khk,없음,2주 전
무한의 계단 게임,https://www.youtube.com/watch?v=AlXp1pGSi9M,없음,2주 전
무한의 계단 게임,https://www.youtube.com/watch?v=fR8nbv1Stz0,11만회,2주 전
무한의 계단 게임,https://www.youtube.com/watch?v=U_3dLmf17HM,22만회,3주 전
무한의 계단 게임,https://www.youtube.com/watch?v=p05p7v_BvHs,14회,3주 전
무한의 계단 게임,https://www.youtube.com/watch?v=JWu_EGM0I8k,11회,3주 전
무한의 계단 게임,https://www.youtube.com/watch?v=GHK1urKvxhg,11회,3주 전
무한의 계단 게임,https://www.youtube.com/watch?v=3qwjlRpjwQQ,9회,3주 전
무한의 계단 게임,https://www.youtube.com/watch?v=knNxXLmL2Q0,1.5천회,3주 전
무한의 계단 게임,https://www.youtube.com/watch?v=eLleC6-6BwA,1천회,3주 전
무한의 계단 게임,https://www.youtube.com/watch?v=EOYZIYLrE8s,5회,3주 전
무한의 계단 게임,https://www.youtube.com/watch?v=u6ENq2N5Fu4,45회,3주 전
무한의 계단 게임,https://www.youtube.com/watch?v=u_QzgKSE2I4,7회,3주 전
무한의 계단 게임,https://www.youtube.com/watch?v=PWGg5hKBfP4,38회,3주 전
무한의 계단 게임,https://www.youtube.com/watch?v=Lpw1DHdVwx4,3회,3주 전
무한의 계단 게임,https://www.youtube.com/watch?v=qPNcVPn7-Xs,3회,3주 전
무한의 계단 게임,https://www.youtube.com/watch?v=Zf0C3tR_Fag,18회,3주 전
무한의 계단 게임,https://www.youtube.com/watch?v=wTlu57ndrUo,20회,3주 전
무한의 계단 게임,https://www.youtube.com/watch?v=3qczj-dd_KE,13만회,3주 전
무한의 계단 게임,https://www.youtube.com/watch?v=cQ0UOMORT8U,1회,3주 전
무한의 계단 게임,https://www.youtube.com/watch?v=vEyFvT0A0uA,33회,3주 전
무한의 계단 게임,https://www.youtube.com/watch?v=-siD1fEF9Wo,5회,3주 전
무한의 계단 게임,https://www.youtube.com/watch?v=OuKGLqZADlo,15만회,3주 전
무한의 계단 게임,https://www.youtube.com/watch?v=bTB86h16ujw,없음,3주 전
무한의 계단 게임,https://www.youtube.com/watch?v=GZd4T4jtnkk,8회,3주 전
무한의 계단 게임,https://www.youtube.com/watch?v=3rajfVh1lfg,2회,3주 전
무한의 계단 게임,https://www.youtube.com/watch?v=gmvc3i8icas,2회,3주 전
무한의 계단 게임,https://www.youtube.com/watch?v=XQZg8OAnNRQ,296회,3주 전
무한의 계단 게임,https://www.youtube.com/watch?v=OMMQfKzfTlM,16만회,3주 전
무한의 계단 게임,https://www.youtube.com/watch?v=B2pyeP7R0ns,3회,3주 전
무한의 계단 게임,https://www.youtube.com/watch?v=XfNJ95qUnmQ,16회,3주 전
무한의 계단 게임,https://www.youtube.com/watch?v=QBI-fSS9e8U,8회,3주 전
무한의 계단 게임,https://www.youtube.com/watch?v=XYVeG9LYdJg,18만회,3주 전
무한의 계단 게임,https://www.youtube.com/watch?v=mtnzH6VtcgE,10회,3주 전
무한의 계단 게임,https://www.youtube.com/watch?v=y7FdMloMET0,11회,3주 전
무한의 계단 게임,https://www.youtube.com/watch?v=tgSJIynhplc,39회,3주 전
무한의 계단 게임,https://www.youtube.com/watch?v=0WrdvDf7UOI,3회,3주 전
무한의 계단 게임,https://www.youtube.com/watch?v=AHoCMksnFPk,17회,3주 전
무한의 계단 게임,https://www.youtube.com/watch?v=V_rFqAN_onQ,6회,3주 전
무한의 계단 게임,https://www.youtube.com/watch?v=whXh8ZQ-iao,9회,3주 전
무한의 계단 게임,https://www.youtube.com/watch?v=HNFIeOlm77M,3회,3주 전
무한의 계단 게임,https://www.youtube.com/watch?v=rJi1JXuVuEo,16회,3주 전
무한의 계단 게임,https://www.youtube.com/watch?v=bBl5JUcB6vk,2.5천회,3주 전
무한의 계단 게임,https://www.youtube.com/watch?v=iX_gdMZZsl8,4회,3주 전
무한의 계단 게임,https://www.youtube.com/watch?v=3oqpagmsjkM,3회,3주 전
무한의 계단 게임,https://www.youtube.com/watch?v=e6YYWzyuocY,632회,3주 전
무한의 계단 게임,https://www.youtube.com/watch?v=H_bNoXZl3j8,6회,3주 전
무한의 계단 게임,https://www.youtube.com/watch?v=nRlx7AdHK2Y,12회,3주 전
무한의 계단 게임,https://www.youtube.com/watch?v=6Y6fconKND0,3회,3주 전
무한의 계단 게임,https://www.youtube.com/watch?v=t7IB7vzVEno,42회,3주 전
무한의 계단 게임,https://www.youtube.com/watch?v=GcFfsTMKeq4,16회,3주 전
무한의 계단 게임,https://www.youtube.com/watch?v=gZC9yc75v3g,55회,3주 전
무한의 계단 게임,https://www.youtube.com/watch?v=ySJRZVPzAMs,44회,3주 전
무한의 계단 게임,https://www.youtube.com/watch?v=GO53UPi1SGk,19회,3주 전
무한의 계단 게임,https://www.youtube.com/watch?v=y3QZGCK40VU,18회,3주 전
무한의 계단 게임,https://www.youtube.com/watch?v=mFYH-boClYA,15만회,3주 전
무한의 계단 게임,https://www.youtube.com/watch?v=7buRPgtfSJo,24회,3주 전
무한의 계단 게임,https://www.youtube.com/watch?v=IULpsaRYfRU,29회,3주 전
무한의 계단 게임,https://www.youtube.com/watch?v=P9lhGQ7dYmo,2회,3주 전
무한의 계단 게임,https://www.youtube.com/watch?v=wUIYSc1eXuM,8회,3주 전
무한의 계단 게임,https://www.youtube.com/watch?v=GdeiIKyXbYk,32회,3주 전
무한의 계단 게임,https://www.youtube.com/watch?v=OYRz3RtbiZ4,8회,3주 전
무한의 계단 게임,https://www.youtube.com/watch?v=zArBIKUZj-Y,4.2만회,3주 전
무한의 계단 게임,https://www.youtube.com/watch?v=hmlZVkb35Ik,14회,4주 전
무한의 계단 게임,https://www.youtube.com/watch?v=4sSoXyDRRXM,8회,4주 전
무한의 계단 게임,https://www.youtube.com/watch?v=FfMwMoeS2kA,43회,4주 전
무한의 계단 게임,https://www.youtube.com/watch?v=iH4wxLBatUY,71회,4주 전
무한의 계단 게임,https://www.youtube.com/watch?v=hWioMCo77qY,없음,4주 전
무한의 계단 게임,https://www.youtube.com/watch?v=swQZ10liBFY,1.5만회,4주 전
무한의 계단 게임,https://www.youtube.com/watch?v=6DtmjYtxH-k,4.4만회,4주 전
무한의 계단 게임,https://www.youtube.com/watch?v=ZONmr9ZSBXA,19회,4주 전
무한의 계단 게임,https://www.youtube.com/watch?v=MzlLYpusrpc,7회,4주 전
무한의 계단 게임,https://www.youtube.com/watch?v=eE2WhBbwY8k,9회,4주 전
무한의 계단 게임,https://www.youtube.com/watch?v=bx5YRs9LcoM,6회,4주 전
무한의 계단 게임,https://www.youtube.com/watch?v=0Kc5ZAWsZeI,없음,4주 전
무한의 계단 게임,https://www.youtube.com/watch?v=c19iccyO0C8,32회,4주 전
무한의 계단 게임,https://www.youtube.com/watch?v=pZzFqYjEHTY,31회,4주 전
무한의 계단 게임,https://www.youtube.com/watch?v=8XtGLm95P6w,없음,4주 전
무한의 계단 게임,https://www.youtube.com/watch?v=mwqnN_CH3E8,196회,1개월 전
무한의 계단 게임,https://www.youtube.com/watch?v=4ntPHGI6Xu4,16만회,1개월 전
무한의 계단 게임,https://www.youtube.com/watch?v=nc3xblibVDM,1회,1개월 전
무한의 계단 게임,https://www.youtube.com/watch?v=va95z4L3oAM,15회,1개월 전
무한의 계단 게임,https://www.youtube.com/watch?v=dDW3rlkJig4,7회,1개월 전
무한의 계단 게임,https://www.youtube.com/watch?v=kpRlzVoqN-4,43회,1개월 전
무한의 계단 게임,https://www.youtube.com/watch?v=VgH6gAdPEvI,10만회,1개월 전
무한의 계단 게임,https://www.youtube.com/watch?v=4cLMVFqUEA8,18회,1개월 전
무한의 계단 게임,https://www.youtube.com/watch?v=2smc-GNTthI,92회,1개월 전
무한의 계단 게임,https://www.youtube.com/watch?v=28TsjCiBAXk,14회,1개월 전
무한의 계단 게임,https://www.youtube.com/watch?v=v1Oba9qXiSk,4회,1개월 전
무한의 계단 게임,https://www.youtube.com/watch?v=qubPlACH8JM,2.2천회,1개월 전
무한의 계단 게임,https://www.youtube.com/watch?v=0hDmA7l7jZ0,4회,1개월 전
무한의 계단 게임,https://www.youtube.com/watch?v=GCyO2a_mZVw,4회,1개월 전
무한의 계단 게임,https://www.youtube.com/watch?v=CZDhEHCaNyc,12회,1개월 전
무한의 계단 게임,https://www.youtube.com/watch?v=LBrJqS4g-VQ,19만회,1개월 전
무한의 계단 게임,https://www.youtube.com/watch?v=PKJxOyOQeGE,4.8천회,1개월 전
무한의 계단 게임,https://www.youtube.com/watch?v=r00Ct_7E9YM,12회,1개월 전
무한의 계단 게임,https://www.youtube.com/watch?v=8YXbEbeCWpw,1.1만회,1개월 전
무한의 계단 게임,https://www.youtube.com/watch?v=XWflBIvM3kg,2회,1개월 전
무한의 계단 게임,https://www.youtube.com/watch?v=LgslXA_TZz0,8회,1개월 전
무한의 계단 게임,https://www.youtube.com/watch?v=-nAuQE90JKQ,21회,1개월 전
무한의 계단 게임,https://www.youtube.com/watch?v=HwdVax-uzE0,24회,1개월 전
무한의 계단 게임,https://www.youtube.com/watch?v=wDzzyQvfufM,2회,1개월 전
무한의 계단 게임,https://www.youtube.com/watch?v=oj5CWi4kkuE,32회,1개월 전
무한의 계단 게임,https://www.youtube.com/watch?v=YufJmNQNLFM,15회,1개월 전
무한의 계단 게임,https://www.youtube.com/watch?v=qVxQ7iuLE7U,9회,스트리밍 시간: 1개월 전
무한의 계단 게임,https://www.youtube.com/watch?v=Iych5Az1vCM,없음,1개월 전
무한의 계단 게임,https://www.youtube.com/watch?v=0NBYow5IuL8,10회,1개월 전
무한의 계단 게임,https://www.youtube.com/watch?v=FCkmvZreWLQ,199회,1개월 전
무한의 계단 게임,https://www.youtube.com/watch?v=sR8BNdjJdOU,6.3만회,1개월 전
무한의 계단 게임,https://www.youtube.com/watch?v=xOIR2YATpX8,4회,1개월 전
무한의 계단 게임,https://www.youtube.com/watch?v=mJScDKT0NWE,23회,1개월 전
무한의 계단 게임,https://www.youtube.com/watch?v=xD7Znm3fnNE,9회,1개월 전
무한의 계단 게임,https://www.youtube.com/watch?v=77Xz43Jk5zU,13회,1개월 전
무한의 계단 게임,https://www.youtube.com/watch?v=suL04S76xVQ,15회,1개월 전
무한의 계단 게임,https://www.youtube.com/watch?v=-_5AXdNgLnE,19만회,1개월 전
무한의 계단 게임,https://www.youtube.com/watch?v=O192gZrV3XE,400회,1개월 전
무한의 계단 게임,https://www.youtube.com/watch?v=ZW7qBvcATaI,2회,1개월 전
무한의 계단 게임,https://www.youtube.com/watch?v=jzbv3Co6RnA,12회,1개월 전
무한의 계단 게임,https://www.youtube.com/watch?v=oFcPqw7V274,93회,스트리밍 시간: 1개월 전
무한의 계단 게임,https://www.youtube.com/watch?v=DlwQI6YbV9k,7회,1개월 전
무한의 계단 게임,https://www.youtube.com/watch?v=nWLk9hRqgUM,19회,1개월 전
무한의 계단 게임,https://www.youtube.com/watch?v=jiRofCwzB-E,17회,1개월 전
무한의 계단 게임,https://www.youtube.com/watch?v=lmsaf3fpFik,4회,1개월 전
무한의 계단 게임,https://www.youtube.com/watch?v=qoMZS12oTXc,17회,1개월 전
무한의 계단 게임,https://www.youtube.com/watch?v=vfdLAEJJC4w,9회,1개월 전
무한의 계단 게임,https://www.youtube.com/watch?v=khtc1KSWkNY,32회,1개월 전
무한의 계단 게임,https://www.youtube.com/watch?v=M9XJEta4C0w,3천회,1개월 전
무한의 계단 게임,https://www.youtube.com/watch?v=zNfflBIQLso,11회,1개월 전
무한의 계단 게임,https://www.youtube.com/watch?v=3H23i7438nA,2회,1개월 전
무한의 계단 게임,https://www.youtube.com/watch?v=AFC_jVLc_5U,5만회,1개월 전
무한의 계단 게임,https://www.youtube.com/watch?v=ryl6S33nG04,18회,1개월 전
무한의 계단 게임,https://www.youtube.com/watch?v=3TuQn3qJyBA,21만회,1개월 전
무한의 계단 게임,https://www.youtube.com/watch?v=47UXGy9T3Cg,10만회,1개월 전
무한의 계단 게임,https://www.youtube.com/watch?v=hU6_V4p61cg,2.5만회,1개월 전
무한의 계단 게임,https://www.youtube.com/watch?v=WL0xxjTuOAI,399회,1개월 전
무한의 계단 게임,https://www.youtube.com/watch?v=P7G4K1YBRg0,23회,1개월 전
무한의 계단 게임,https://www.youtube.com/watch?v=c4RCds2uCpo,13회,1개월 전
무한의 계단 게임,https://www.youtube.com/watch?v=hVYObTWvnuE,145회,1개월 전
무한의 계단 게임,https://www.youtube.com/watch?v=TVJlju0p-mQ,28만회,1개월 전
무한의 계단 게임,https://www.youtube.com/watch?v=jsCksiat0Lc,25회,1개월 전
무한의 계단 게임,https://www.youtube.com/watch?v=oHWGhV64M3Y,8회,1개월 전
무한의 계단 게임,https://www.youtube.com/watch?v=d2kVY60D3lw,18만회,1개월 전
무한의 계단 게임,https://www.youtube.com/watch?v=GkKvjJV6U7o,6회,1개월 전
무한의 계단 게임,https://www.youtube.com/watch?v=YB_O83S5N3A,16만회,1개월 전
무한의 계단 게임,https://www.youtube.com/watch?v=Wu2Pigzk3L8,35회,1개월 전
무한의 계단 게임,https://www.youtube.com/watch?v=t20gjOA2MEQ,9.7만회,1개월 전
무한의 계단 게임,https://www.youtube.com/watch?v=LtwtqWgWSlY,5회,1개월 전
무한의 계단 게임,https://www.youtube.com/watch?v=vLdStQfq2rg,없음,1개월 전
무한의 계단 게임,https://www.youtube.com/watch?v=nyoMxVQke-Y,7회,1개월 전
무한의 계단 게임,https://www.youtube.com/watch?v=NWt2klivKbw,24만회,1개월 전
무한의 계단 게임,https://www.youtube.com/watch?v=DBbfFreC0Hg,3.5천회,1개월 전
무한의 계단 게임,https://www.youtube.com/watch?v=GPccd43Bf94,7회,1개월 전
무한의 계단 게임,https://www.youtube.com/watch?v=SBXepovVIg0,13회,1개월 전
무한의 계단 게임,https://www.youtube.com/watch?v=apIfmg3RBNw,6회,1개월 전
무한의 계단 게임,https://www.youtube.com/watch?v=Nt9_TVo453A,11만회,1개월 전
무한의 계단 게임,https://www.youtube.com/watch?v=tFdijlMVvVc,33회,1개월 전
무한의 계단 게임,https://www.youtube.com/watch?v=iXlBk7B-pKg,40만회,1개월 전
무한의 계단 게임,https://www.youtube.com/watch?v=89rJh3YIi58,45회,1개월 전
무한의 계단 게임,https://www.youtube.com/watch?v=EeYwvVHmJzA,2.8만회,1개월 전
무한의 계단 게임,https://www.youtube.com/watch?v=x9B4GkWPprA,7회,1개월 전
무한의 계단 게임,https://www.youtube.com/watch?v=1q5M63AmjvA,2회,1개월 전
무한의 계단 게임,https://www.youtube.com/watch?v=DqV38Jamduk,30만회,1개월 전
무한의 계단 게임,https://www.youtube.com/watch?v=rapFZb4BSwA,6.5만회,1개월 전
무한의 계단 게임,https://www.youtube.com/watch?v=OR2863-tZpY,14만회,1개월 전
무한의 계단 게임,https://www.youtube.com/watch?v=g60axBu7GBk,4회,1개월 전
무한의 계단 게임,https://www.youtube.com/watch?v=SY6j37FRYqA,6.9천회,1개월 전
무한의 계단 게임,https://www.youtube.com/watch?v=yLvhMHZQSOE,11회,1개월 전
무한의 계단 게임,https://www.youtube.com/watch?v=3N0mKeN2i1U,4회,1개월 전
무한의 계단 게임,https://www.youtube.com/watch?v=Cwvy1d9tzIE,17회,1개월 전
무한의 계단 게임,https://www.youtube.com/watch?v=49UlhUKO4t0,9회,1개월 전
무한의 계단 게임,https://www.youtube.com/watch?v=Fwup0Yk5mCs,1.8만회,1개월 전
무한의 계단 게임,https://www.youtube.com/watch?v=0OL0Kjxv8iA,12회,1개월 전
무한의 계단 게임,https://www.youtube.com/watch?v=TiX2w9TktmM,125회,1개월 전
무한의 계단 게임,https://www.youtube.com/watch?v=uOKan5Y006c,12만회,1개월 전
무한의 계단 게임,https://www.youtube.com/watch?v=TmG-2M_Ec0Q,42만회,1개월 전
무한의 계단 게임,https://www.youtube.com/watch?v=FIFkPz56-eM,9.7만회,1개월 전
무한의 계단 게임,https://www.youtube.com/watch?v=QizGogmyPnY,3.9천회,1개월 전
무한의 계단 게임,https://www.youtube.com/watch?v=1auhP-hM56A,20회,1개월 전
무한의 계단 게임,https://www.youtube.com/watch?v=koAig4UX6P8,1.7만회,1개월 전
무한의 계단 게임,https://www.youtube.com/watch?v=hTgeCQd3tqQ,16회,1개월 전
무한의 계단 게임,https://www.youtube.com/watch?v=R3yaSoh6S4I,696회,1개월 전
무한의 계단 게임,https://www.youtube.com/watch?v=9MvWNfmPbGE,6.5만회,1개월 전
무한의 계단 게임,https://www.youtube.com/watch?v=J-J9mhGsegY,5회,1개월 전
무한의 계단 게임,https://www.youtube.com/watch?v=tJY6NBrmtFo,5회,1개월 전
무한의 계단 게임,https://www.youtube.com/watch?v=js8Snch93xM,5회,1개월 전
무한의 계단 게임,https://www.youtube.com/watch?v=uowaoHY-2YY,7회,1개월 전
무한의 계단 게임,https://www.youtube.com/watch?v=OR2UDlu1KZo,4.1만회,1개월 전
무한의 계단 게임,https://www.youtube.com/watch?v=WwaMNOs-h4k,28회,1개월 전
무한의 계단 게임,https://www.youtube.com/watch?v=jwve6MbW-pI,2만회,1개월 전
무한의 계단 게임,https://www.youtube.com/watch?v=IdTbdZNguKw,6회,1개월 전
무한의 계단 게임,https://www.youtube.com/watch?v=WQEl56xNVQw,14회,1개월 전
무한의 계단 게임,https://www.youtube.com/watch?v=ZwuS72EgNV0,9.9만회,1개월 전
무한의 계단 게임,https://www.youtube.com/watch?v=X5jXRPnI79A,9회,1개월 전
무한의 계단 게임,https://www.youtube.com/watch?v=QM5nn2CEYfg,19만회,1개월 전
무한의 계단 게임,https://www.youtube.com/watch?v=fw-No9TNBeY,5만회,1개월 전
무한의 계단 게임,https://www.youtube.com/watch?v=KR7bTAmJclY,18만회,1개월 전
무한의 계단 게임,https://www.youtube.com/watch?v=v3nBbTRlp0Q,1천회,1개월 전
무한의 계단 게임,https://www.youtube.com/watch?v=0aHpAewjYno,12만회,1개월 전
무한의 계단 게임,https://www.youtube.com/watch?v=ewV9POd0N3w,502회,1개월 전
무한의 계단 게임,https://www.youtube.com/watch?v=TE5nYQgwRzQ,4.6만회,1개월 전
무한의 계단 게임,https://www.youtube.com/watch?v=4wdahdoI0js,57회,2개월 전
무한의 계단 게임,https://www.youtube.com/watch?v=SDelEsS-K0E,3회,2개월 전
무한의 계단 게임,https://www.youtube.com/watch?v=XHqMehlVjqM,2회,2개월 전
무한의 계단 게임,https://www.youtube.com/watch?v=Qtmv7C6FIHc,18만회,2개월 전
무한의 계단 게임,https://www.youtube.com/watch?v=mG-yGKgNBwM,27회,2개월 전
무한의 계단 게임,https://www.youtube.com/watch?v=pLF8dNN5YPg,3.3만회,2개월 전
무한의 계단 게임,https://www.youtube.com/watch?v=WpPwPRLkPFE,8회,2개월 전
무한의 계단 게임,https://www.youtube.com/watch?v=iOJ-CZjdNOQ,3.1만회,2개월 전
무한의 계단 게임,https://www.youtube.com/watch?v=S7hLRrFaPE8,153회,2개월 전
무한의 계단 게임,https://www.youtube.com/watch?v=R9Wn5fWBZaI,4회,2개월 전
무한의 계단 게임,https://www.youtube.com/watch?v=F3MQ8Ogo2ak,201회,2개월 전
무한의 계단 게임,https://www.youtube.com/watch?v=VpJ5kFmJYqQ,22회,2개월 전
무한의 계단 게임,https://www.youtube.com/watch?v=FOC0LWVI-C0,353회,2개월 전
무한의 계단 게임,https://www.youtube.com/watch?v=ne6lbSYNXR0,5.1만회,2개월 전
무한의 계단 게임,https://www.youtube.com/watch?v=cLLtQYQi-8Q,1.3천회,2개월 전
무한의 계단 게임,https://www.youtube.com/watch?v=36OWDM9GtTc,6.2천회,2개월 전
무한의 계단 게임,https://www.youtube.com/watch?v=W_ANnhGYQeE,7.4만회,2개월 전
무한의 계단 게임,https://www.youtube.com/watch?v=tt0iUuBhN5U,62회,2개월 전
무한의 계단 게임,https://www.youtube.com/watch?v=IX_HvEm3g7E,167회,스트리밍 시간: 2개월 전
무한의 계단 게임,https://www.youtube.com/watch?v=NQDO49jVV7U,194회,2개월 전
무한의 계단 게임,https://www.youtube.com/watch?v=g2y8EZiVgsY,205회,2개월 전
무한의 계단 게임,https://www.youtube.com/watch?v=pF0xQ2MEDZw,1.5만회,2개월 전
무한의 계단 게임,https://www.youtube.com/watch?v=Jl-M5orBFZU,15만회,2개월 전
무한의 계단 게임,https://www.youtube.com/watch?v=p7MAFh6C8kw,4.3만회,2개월 전
무한의 계단 게임,https://www.youtube.com/watch?v=87MqmJ0gEGA,6.7만회,2개월 전
무한의 계단 게임,https://www.youtube.com/watch?v=dWUoFBClioI,36회,2개월 전
무한의 계단 게임,https://www.youtube.com/watch?v=lQD_371WrxE,49회,2개월 전
무한의 계단 게임,https://www.youtube.com/watch?v=Qi0K0VJYk98,59회,2개월 전
무한의 계단 게임,https://www.youtube.com/watch?v=RIZhSWeLO6c,2.4만회,2개월 전
무한의 계단 게임,https://www.youtube.com/watch?v=-hJvniLZ-Ks,11회,2개월 전
무한의 계단 게임,https://www.youtube.com/watch?v=gRY0KV5EhSY,1.9천회,2개월 전
무한의 계단 게임,https://www.youtube.com/watch?v=rFZKUEHZAQU,1.1천회,2개월 전
무한의 계단 게임,https://www.youtube.com/watch?v=XKrsXXUL-Hw,1.1만회,2개월 전
무한의 계단 게임,https://www.youtube.com/watch?v=Wr5ezTquic8,1.6만회,2개월 전
무한의 계단 게임,https://www.youtube.com/watch?v=alApKKH_wac,2.3만회,2개월 전
무한의 계단 게임,https://www.youtube.com/watch?v=LLlP6Y7eMSc,1.4만회,2개월 전
무한의 계단 게임,https://www.youtube.com/watch?v=3Ye6EprHs_Q,32만회,2개월 전
무한의 계단 게임,https://www.youtube.com/watch?v=b1tt7RyCiVk,6.7만회,2개월 전
무한의 계단 게임,https://www.youtube.com/watch?v=oKKvRf4B_FE,26회,2개월 전
무한의 계단 게임,https://www.youtube.com/watch?v=7EASZ0_9dvw,168회,2개월 전
무한의 계단 게임,https://www.youtube.com/watch?v=ic2hYi8pUW0,2만회,2개월 전
무한의 계단 게임,https://www.youtube.com/watch?v=TvaDTlT-cIg,2.3천회,2개월 전
무한의 계단 게임,https://www.youtube.com/watch?v=qzaBseO5Zns,2.5만회,3개월 전
무한의 계단 게임,https://www.youtube.com/watch?v=Dl0fdwyM6Lw,33회,3개월 전
무한의 계단 게임,https://www.youtube.com/watch?v=LwNQWFSwLMY,2.5만회,3개월 전
무한의 계단 게임,https://www.youtube.com/watch?v=nUHnkKt_JS0,408회,3개월 전
무한의 계단 게임,https://www.youtube.com/watch?v=r_n4bc0Wrqo,2.9만회,3개월 전
무한의 계단 게임,https://www.youtube.com/watch?v=O7J00PUum7k,2천회,3개월 전
무한의 계단 게임,https://www.youtube.com/watch?v=OCSybkf-QzA,347회,3개월 전
무한의 계단 게임,https://www.youtube.com/watch?v=zfH2BLZR7uM,3만회,3개월 전
무한의 계단 게임,https://www.youtube.com/watch?v=Pj7lOVCK0O8,59회,3개월 전
무한의 계단 게임,https://www.youtube.com/watch?v=Ayd1NjiE1MY,3.3만회,3개월 전
무한의 계단 게임,https://www.youtube.com/watch?v=A2woiQ4eI7w,12만회,3개월 전
무한의 계단 게임,https://www.youtube.com/watch?v=bm6R_vEtUdc,13만회,3개월 전
무한의 계단 게임,https://www.youtube.com/watch?v=4zDW-Sg_j58,1.6만회,3개월 전
무한의 계단 게임,https://www.youtube.com/watch?v=hEG4q-6ymoE,770회,3개월 전
무한의 계단 게임,https://www.youtube.com/watch?v=0q0reuW3peM,103회,3개월 전
무한의 계단 게임,https://www.youtube.com/watch?v=SSn9hjJJJJE,15회,3개월 전
무한의 계단 게임,https://www.youtube.com/watch?v=sxrkbwZaMVs,2천회,3개월 전
무한의 계단 게임,https://www.youtube.com/watch?v=eZfq_kqv-GY,18만회,3개월 전
무한의 계단 게임,https://www.youtube.com/watch?v=Zk9HO6zvihg,1.9만회,3개월 전
무한의 계단 게임,https://www.youtube.com/watch?v=VhgSHjmsoSk,97회,3개월 전
무한의 계단 게임,https://www.youtube.com/watch?v=SJdp_nBm9vk,1.8천회,3개월 전
무한의 계단 게임,https://www.youtube.com/watch?v=_H5O8TIqwTI,1.4만회,3개월 전
무한의 계단 게임,https://www.youtube.com/watch?v=2l7_79G-IWk,2만회,3개월 전
무한의 계단 게임,https://www.youtube.com/watch?v=lJ4FECe5kAk,1.7만회,3개월 전
무한의 계단 게임,https://www.youtube.com/watch?v=uiWKcEshPTA,12만회,3개월 전
무한의 계단 게임,https://www.youtube.com/watch?v=_YxVdpaAuLw,208회,3개월 전
무한의 계단 게임,https://www.youtube.com/watch?v=7qhm9t67zl0,3천회,3개월 전
무한의 계단 게임,https://www.youtube.com/watch?v=qGk2bxFS89M,12만회,3개월 전
무한의 계단 게임,https://www.youtube.com/watch?v=26MMxs03or8,6.5만회,4개월 전
무한의 계단 게임,https://www.youtube.com/watch?v=3ae58ocRGgk,5.2만회,4개월 전
무한의 계단 게임,https://www.youtube.com/watch?v=5Mbf3mM3MaE,5.5만회,4개월 전
무한의 계단 게임,https://www.youtube.com/watch?v=XUEkvOjgQbE,1.2천회,4개월 전
무한의 계단 게임,https://www.youtube.com/watch?v=3Tt630i5KPI,1.9만회,4개월 전
무한의 계단 게임,https://www.youtube.com/watch?v=hbxkiNQQZ3c,1.8만회,4개월 전
무한의 계단 게임,https://www.youtube.com/watch?v=8WC8e4KCzow,202회,4개월 전
무한의 계단 게임,https://www.youtube.com/watch?v=qQPhg-iX79c,1.7만회,4개월 전
무한의 계단 게임,https://www.youtube.com/watch?v=ZHzSAwc4PZg,2.2만회,4개월 전
무한의 계단 게임,https://www.youtube.com/watch?v=bPX_0Ycea88,236회,4개월 전
무한의 계단 게임,https://www.youtube.com/watch?v=oLNmEtzCQpE,217회,4개월 전
무한의 계단 게임,https://www.youtube.com/watch?v=bt6phtWog5U,1.6만회,4개월 전
무한의 계단 게임,https://www.youtube.com/watch?v=1jYIlNzg1z4,8.5만회,4개월 전
무한의 계단 게임,https://www.youtube.com/watch?v=hpgcuhwqKBU,7.9만회,4개월 전
무한의 계단 게임,https://www.youtube.com/watch?v=MAMSHuqo7PI,4.5만회,4개월 전
무한의 계단 게임,https://www.youtube.com/watch?v=0D3ijFELQkw,2.9만회,4개월 전
무한의 계단 게임,https://www.youtube.com/watch?v=4tLr9mEDxEk,7.8천회,4개월 전
무한의 계단 게임,https://www.youtube.com/watch?v=hplp06PykbY,312회,4개월 전
무한의 계단 게임,https://www.youtube.com/watch?v=Vd1o1jKchys,7.7천회,4개월 전
무한의 계단 게임,https://www.youtube.com/watch?v=jsjYCphHKMY,3.1천회,4개월 전
무한의 계단 게임,https://www.youtube.com/watch?v=LPqvMEeKeC8,9.1만회,4개월 전
무한의 계단 게임,https://www.youtube.com/watch?v=sNOIVdCvec0,25회,4개월 전
무한의 계단 게임,https://www.youtube.com/watch?v=TgPUDL9MYks,7.5천회,4개월 전
무한의 계단 게임,https://www.youtube.com/watch?v=EZdTV1y1Lko,8.9천회,4개월 전
무한의 계단 게임,https://www.youtube.com/watch?v=2h_PzDKco-Q,5.3만회,4개월 전
무한의 계단 게임,https://www.youtube.com/watch?v=kerM2rIvO18,1만회,5개월 전
무한의 계단 게임,https://www.youtube.com/watch?v=b-tWwebbHOE,112회,5개월 전
무한의 계단 게임,https://www.youtube.com/watch?v=bLOl4gvN4g4,6.7천회,5개월 전
무한의 계단 게임,https://www.youtube.com/watch?v=Nn2rmKP8cDI,405회,5개월 전
무한의 계단 게임,https://www.youtube.com/watch?v=Sv5N6K5jUt8,6.6천회,5개월 전
무한의 계단 게임,https://www.youtube.com/watch?v=LnHQOpBz0Qg,295회,5개월 전
무한의 계단 게임,https://www.youtube.com/watch?v=osSVDDNj1FU,1.2만회,5개월 전
무한의 계단 게임,https://www.youtube.com/watch?v=ouznBbbxv2k,12만회,5개월 전
무한의 계단 게임,https://www.youtube.com/watch?v=18-Q5ADwqI8,3.3만회,5개월 전
무한의 계단 게임,https://www.youtube.com/watch?v=2fU2GBb1m8s,1.4만회,5개월 전
무한의 계단 게임,https://www.youtube.com/watch?v=YBMBD4xFqD4,13만회,5개월 전
무한의 계단 게임,https://www.youtube.com/watch?v=SzIQNwkXxZo,3.9천회,5개월 전
무한의 계단 게임,https://www.youtube.com/watch?v=0yKaKGTxx5A,6.2천회,5개월 전
무한의 계단 게임,https://www.youtube.com/watch?v=6DQLTv4OPbw,9천회,5개월 전
무한의 계단 게임,https://www.youtube.com/watch?v=I4WPjU_dLs4,1만회,5개월 전
무한의 계단 게임,https://www.youtube.com/watch?v=AKbdRsnY3m0,1.4만회,6개월 전
무한의 계단 게임,https://www.youtube.com/watch?v=w1dS28hnSm0,6.9천회,6개월 전
무한의 계단 게임,https://www.youtube.com/watch?v=dRz1xnIed5o,66회,6개월 전
무한의 계단 게임,https://www.youtube.com/watch?v=Tc_0JVjYqlg,107회,6개월 전
무한의 계단 게임,https://www.youtube.com/watch?v=oO3rM6uE6iQ,164회,6개월 전
무한의 계단 게임,https://www.youtube.com/watch?v=a4E9MYTuDKw,24만회,6개월 전
무한의 계단 게임,https://www.youtube.com/watch?v=251F5HuoSRU,6.4천회,6개월 전
무한의 계단 게임,https://www.youtube.com/watch?v=e1H6D8y7KZQ,6.2천회,6개월 전
무한의 계단 게임,https://www.youtube.com/watch?v=x71Llf2_99E,6.1천회,6개월 전
무한의 계단 게임,https://www.youtube.com/watch?v=ZRezbT0O5wE,4.9천회,6개월 전
무한의 계단 게임,https://www.youtube.com/watch?v=e47uU3ElGMk,4.8천회,6개월 전
무한의 계단 게임,https://www.youtube.com/watch?v=Jn5HzqLbxsY,8.6천회,6개월 전
무한의 계단 게임,https://www.youtube.com/watch?v=AeHzgsN6rpc,1.4만회,6개월 전
무한의 계단 게임,https://www.youtube.com/watch?v=lDbkV8tAltI,186회,6개월 전
무한의 계단 게임,https://www.youtube.com/watch?v=4q0wKdlvjU4,5.4천회,7개월 전
무한의 계단 게임,https://www.youtube.com/watch?v=OVfGm8OMeS8,5.7만회,7개월 전
무한의 계단 게임,https://www.youtube.com/watch?v=St8JX6I_yhM,3.6만회,7개월 전
무한의 계단 게임,https://www.youtube.com/watch?v=3xk9zZjG8Gg,1.5만회,7개월 전
무한의 계단 게임,https://www.youtube.com/watch?v=eazlMkU4W5g,8.7만회,7개월 전
무한의 계단 게임,https://www.youtube.com/watch?v=88bAJnBrNqQ,1.1만회,7개월 전
무한의 계단 게임,https://www.youtube.com/watch?v=S9xY-r3Iq-k,7.1천회,7개월 전
무한의 계단 게임,https://www.youtube.com/watch?v=3JARcLtvSVc,28회,7개월 전
무한의 계단 게임,https://www.youtube.com/watch?v=DpvS-1NSJ1I,3.4천회,7개월 전
무한의 계단 게임,https://www.youtube.com/watch?v=qjM1a-u53xo,371회,7개월 전
무한의 계단 게임,https://www.youtube.com/watch?v=-2LO1H0E9cI,2.2천회,7개월 전
무한의 계단 게임,https://www.youtube.com/watch?v=0-3mUxKf5_o,4.8만회,7개월 전
무한의 계단 게임,https://www.youtube.com/watch?v=_t-3DlKWZHM,180회,7개월 전
무한의 계단 게임,https://www.youtube.com/watch?v=uEUuc-4CGbQ,7.7천회,7개월 전
무한의 계단 게임,https://www.youtube.com/watch?v=ZVLtr0I3y5c,4.3천회,7개월 전
무한의 계단 게임,https://www.youtube.com/watch?v=IfCov1TJyYM,6.5천회,7개월 전
무한의 계단 게임,https://www.youtube.com/watch?v=hWr9Z0Yrp50,1.6천회,7개월 전
무한의 계단 게임,https://www.youtube.com/watch?v=EMHR_JN0nKA,6천회,7개월 전
무한의 계단 게임,https://www.youtube.com/watch?v=F6qHDxkKjd0,4.6천회,7개월 전
무한의 계단 게임,https://www.youtube.com/watch?v=pOl_47Igvu4,294회,8개월 전
무한의 계단 게임,https://www.youtube.com/watch?v=XEA2HFgxwYw,4.2천회,8개월 전
무한의 계단 게임,https://www.youtube.com/watch?v=Mfv7fn1T3X0,5.2천회,8개월 전
무한의 계단 게임,https://www.youtube.com/watch?v=6xjqcN1OIlU,5.3천회,8개월 전
무한의 계단 게임,https://www.youtube.com/watch?v=_DqO9Q6gBr0,503회,8개월 전
무한의 계단 게임,https://www.youtube.com/watch?v=vRxHnKu6kMI,5.1천회,8개월 전
무한의 계단 게임,https://www.youtube.com/watch?v=avTwALOo8JI,77회,8개월 전
무한의 계단 게임,https://www.youtube.com/watch?v=gGvN64ZsZng,1만회,8개월 전
무한의 계단 게임,https://www.youtube.com/watch?v=7IiZhkMFiVo,13만회,8개월 전
무한의 계단 게임,https://www.youtube.com/watch?v=qvF31gHRhMQ,3.5만회,8개월 전
무한의 계단 게임,https://www.youtube.com/watch?v=7dMvSqIYZg0,199회,8개월 전
무한의 계단 게임,https://www.youtube.com/watch?v=FNoF4-9p07o,1.9만회,8개월 전
무한의 계단 게임,https://www.youtube.com/watch?v=FspORO9eLvE,1.3만회,8개월 전
무한의 계단 게임,https://www.youtube.com/watch?v=ow5EB5Jg1cE,343회,8개월 전
무한의 계단 게임,https://www.youtube.com/watch?v=3WaK1Um2VYk,10만회,8개월 전
무한의 계단 게임,https://www.youtube.com/watch?v=pbjZkD0G0Go,1.4천회,8개월 전
무한의 계단 게임,https://www.youtube.com/watch?v=nHmw4OWOZcQ,7.4천회,8개월 전
무한의 계단 게임,https://www.youtube.com/watch?v=uFpA2DXPW7Y,1.4만회,8개월 전
무한의 계단 게임,https://www.youtube.com/watch?v=v2eGkt7oyBs,1.3만회,9개월 전
무한의 계단 게임,https://www.youtube.com/watch?v=vSVCAVbhTvs,57회,9개월 전
무한의 계단 게임,https://www.youtube.com/watch?v=q88O1lcTtu8,7.7천회,9개월 전
무한의 계단 게임,https://www.youtube.com/watch?v=q9cH7jhVKyA,1.4만회,9개월 전
무한의 계단 게임,https://www.youtube.com/watch?v=_E6---P-4GI,1.7만회,9개월 전
무한의 계단 게임,https://www.youtube.com/watch?v=G5FYOyPGKLY,5.2만회,9개월 전
무한의 계단 게임,https://www.youtube.com/watch?v=s7Uyf4w2SZ4,5.2만회,9개월 전
무한의 계단 게임,https://www.youtube.com/watch?v=9oj3YDksWU4,1.9만회,9개월 전
무한의 계단 게임,https://www.youtube.com/watch?v=-xPrDm0OaZo,1.8만회,9개월 전
무한의 계단 게임,https://www.youtube.com/watch?v=09Vr49G2H2I,14만회,9개월 전
