﻿search,youtube_url,viewer,upload
Park of Monster 게임,https://www.youtube.com/watch?v=-1C40B29nqo,24회,2일 전
Park of Monster 게임,https://www.youtube.com/watch?v=430DCmi7M8Q,4회,4일 전
Park of Monster 게임,https://www.youtube.com/watch?v=Ta_QDe8yJ-4,없음,4일 전
Park of Monster 게임,https://www.youtube.com/watch?v=ghSYDEN-5VY,11회,1주 전
Park of Monster 게임,https://www.youtube.com/watch?v=ecaeKK9GrUE,2회,1주 전
Park of Monster 게임,https://www.youtube.com/watch?v=EHpBI-Ej0_c,134회,2주 전
Park of Monster 게임,https://www.youtube.com/watch?v=8KSpMCNhA3M,43회,2주 전
Park of Monster 게임,https://www.youtube.com/watch?v=V-oEmdbQiuQ,66회,2주 전
Park of Monster 게임,https://www.youtube.com/watch?v=wRHLppljI1w,8회,3주 전
Park of Monster 게임,https://www.youtube.com/watch?v=rO1oM9F0hKA,29회,3주 전
Park of Monster 게임,https://www.youtube.com/watch?v=IBZsQViUGtU,20회,3주 전
Park of Monster 게임,https://www.youtube.com/watch?v=Gi8l65EM5BY,28회,3주 전
Park of Monster 게임,https://www.youtube.com/watch?v=obJgkaYkuYc,없음,3주 전
Park of Monster 게임,https://www.youtube.com/watch?v=uufss4p-d7Q,63회,3주 전
Park of Monster 게임,https://www.youtube.com/watch?v=FpnqGPNN1pk,50회,3주 전
Park of Monster 게임,https://www.youtube.com/watch?v=uBJn2jrCqjk,없음,3주 전
Park of Monster 게임,https://www.youtube.com/watch?v=Cxcs8yDsd4Y,20회,3주 전
Park of Monster 게임,https://www.youtube.com/watch?v=jSaf4MDCQcA,없음,3주 전
Park of Monster 게임,https://www.youtube.com/watch?v=XchFxJ_KNAY,6회,3주 전
Park of Monster 게임,https://www.youtube.com/watch?v=D5VqOH-2mu8,44회,3주 전
Park of Monster 게임,https://www.youtube.com/watch?v=vDtdE8vq1Ck,없음,3주 전
Park of Monster 게임,https://www.youtube.com/watch?v=yr0KIRDZIc0,없음,3주 전
Park of Monster 게임,https://www.youtube.com/watch?v=6WCf1j6a2rE,없음,3주 전
Park of Monster 게임,https://www.youtube.com/watch?v=Nq4WL5eK2PQ,1회,3주 전
Park of Monster 게임,https://www.youtube.com/watch?v=8OaR3v6Hs3k,2회,3주 전
Park of Monster 게임,https://www.youtube.com/watch?v=IfpyC_vVjT0,20회,3주 전
Park of Monster 게임,https://www.youtube.com/watch?v=PmqF1PdjXM4,223회,1개월 전
Park of Monster 게임,https://www.youtube.com/watch?v=a1bGULYRZjQ,760회,1개월 전
Park of Monster 게임,https://www.youtube.com/watch?v=xix39syP8to,686회,1개월 전
Park of Monster 게임,https://www.youtube.com/watch?v=fx76ZKBZ6g0,1만회,1개월 전
Park of Monster 게임,https://www.youtube.com/watch?v=2N5RgGUkLZk,3.2만회,1개월 전
Park of Monster 게임,https://www.youtube.com/watch?v=I_LB1ZolrwI,4천회,1개월 전
Park of Monster 게임,https://www.youtube.com/watch?v=rrQA2SPNUSg,157만회,1개월 전
Park of Monster 게임,https://www.youtube.com/watch?v=DagI_uYXzGw,1.7천회,1개월 전
Park of Monster 게임,https://www.youtube.com/watch?v=xFphK8dq2u4,1.3천회,1개월 전
Park of Monster 게임,https://www.youtube.com/watch?v=ZynKVIevORc,2.3천회,1개월 전
Park of Monster 게임,https://www.youtube.com/watch?v=iYb9kB_495U,133회,1개월 전
Park of Monster 게임,https://www.youtube.com/watch?v=KvKNY-2J2t8,8회,1개월 전
Park of Monster 게임,https://www.youtube.com/watch?v=7qfVJP6t4Iw,4천회,1개월 전
Park of Monster 게임,https://www.youtube.com/watch?v=lNXxBgPY35c,15회,1개월 전
Park of Monster 게임,https://www.youtube.com/watch?v=WphNqCgBuGY,82회,1개월 전
Park of Monster 게임,https://www.youtube.com/watch?v=j0RJHoNWew4,12회,1개월 전
Park of Monster 게임,https://www.youtube.com/watch?v=lQVFPU6jZsg,1.6천회,1개월 전
Park of Monster 게임,https://www.youtube.com/watch?v=AuGdP4TTbXE,26회,1개월 전
Park of Monster 게임,https://www.youtube.com/watch?v=cEhI4AxZwEo,116회,1개월 전
Park of Monster 게임,https://www.youtube.com/watch?v=GzhGRSotmMY,7회,1개월 전
Park of Monster 게임,https://www.youtube.com/watch?v=31gMdfGTi4g,13회,1개월 전
Park of Monster 게임,https://www.youtube.com/watch?v=6vHCkNsXZa4,921회,1개월 전
Park of Monster 게임,https://www.youtube.com/watch?v=0bGaYF2CmKQ,1.1천회,1개월 전
Park of Monster 게임,https://www.youtube.com/watch?v=oJ3PhYgEh1Q,1.9천회,1개월 전
Park of Monster 게임,https://www.youtube.com/watch?v=gOifYN9Eq4g,2만회,1개월 전
Park of Monster 게임,https://www.youtube.com/watch?v=z039gr1pzVw,18회,1개월 전
Park of Monster 게임,https://www.youtube.com/watch?v=gi3dQq1OPa4,13회,1개월 전
Park of Monster 게임,https://www.youtube.com/watch?v=7veEaLhpVE0,20회,1개월 전
Park of Monster 게임,https://www.youtube.com/watch?v=vm0x_9AIcPI,5회,1개월 전
Park of Monster 게임,https://www.youtube.com/watch?v=NgQQvDG0dnA,115회,1개월 전
Park of Monster 게임,https://www.youtube.com/watch?v=pfJRu1wY9sA,310회,1개월 전
Park of Monster 게임,https://www.youtube.com/watch?v=jsqzQ0lJK5E,19회,1개월 전
Park of Monster 게임,https://www.youtube.com/watch?v=rN6n209QfJw,105만회,1개월 전
Park of Monster 게임,https://www.youtube.com/watch?v=ISx5EqM1T9k,55회,1개월 전
Park of Monster 게임,https://www.youtube.com/watch?v=0hMgRZ4Nb5E,86회,1개월 전
Park of Monster 게임,https://www.youtube.com/watch?v=IfhQhbUozKs,711회,1개월 전
Park of Monster 게임,https://www.youtube.com/watch?v=jt1i84m1LW8,93회,1개월 전
Park of Monster 게임,https://www.youtube.com/watch?v=eS4-bmPw57E,28회,1개월 전
Park of Monster 게임,https://www.youtube.com/watch?v=tl7ZVrSM92Q,12회,1개월 전
Park of Monster 게임,https://www.youtube.com/watch?v=l5RWrFyBVnM,4.2천회,2개월 전
Park of Monster 게임,https://www.youtube.com/watch?v=C_7g7KxEMmg,38회,2개월 전
Park of Monster 게임,https://www.youtube.com/watch?v=SA_QHTpbky4,82회,2개월 전
Park of Monster 게임,https://www.youtube.com/watch?v=04rU1JEd6Ig,52회,2개월 전
Park of Monster 게임,https://www.youtube.com/watch?v=mhdouSam9P8,87회,2개월 전
Park of Monster 게임,https://www.youtube.com/watch?v=jvmWQCVoi1c,657회,2개월 전
Park of Monster 게임,https://www.youtube.com/watch?v=CUs5XzbtGgw,13회,2개월 전
Park of Monster 게임,https://www.youtube.com/watch?v=R0bJs0jkF9I,23회,2개월 전
Park of Monster 게임,https://www.youtube.com/watch?v=tYSdnG9_aJ0,6회,2개월 전
Park of Monster 게임,https://www.youtube.com/watch?v=NKWf6ir27FY,10회,2개월 전
Park of Monster 게임,https://www.youtube.com/watch?v=T4MmOyQZe5c,13회,2개월 전
Park of Monster 게임,https://www.youtube.com/watch?v=CwWm9ARQqq4,176회,2개월 전
Park of Monster 게임,https://www.youtube.com/watch?v=7NbYrB7v9yU,9회,2개월 전
Park of Monster 게임,https://www.youtube.com/watch?v=SeYO4nxHD_o,13회,2개월 전
Park of Monster 게임,https://www.youtube.com/watch?v=2RLA91helyM,1회,2개월 전
Park of Monster 게임,https://www.youtube.com/watch?v=Omj0ydQ_nr4,2회,2개월 전
Park of Monster 게임,https://www.youtube.com/watch?v=UA82d8UITT0,1회,2개월 전
Park of Monster 게임,https://www.youtube.com/watch?v=h9wyweyUo6Q,3회,2개월 전
Park of Monster 게임,https://www.youtube.com/watch?v=S20hB-k0OsM,2회,2개월 전
Park of Monster 게임,https://www.youtube.com/watch?v=Ro91A28yxmA,31회,스트리밍 시간: 2개월 전
Park of Monster 게임,https://www.youtube.com/watch?v=q9A4cCGMybU,141회,2개월 전
Park of Monster 게임,https://www.youtube.com/watch?v=t27PMeOUKms,84회,3개월 전
Park of Monster 게임,https://www.youtube.com/watch?v=csn0kVdlfvc,31회,3개월 전
Park of Monster 게임,https://www.youtube.com/watch?v=n6W7HhMtb9E,364회,3개월 전
Park of Monster 게임,https://www.youtube.com/watch?v=sjBPszefMUY,2.1만회,3개월 전
Park of Monster 게임,https://www.youtube.com/watch?v=TeX_vGnVKgY,47회,3개월 전
Park of Monster 게임,https://www.youtube.com/watch?v=ftbx3mYDAzA,29만회,3개월 전
Park of Monster 게임,https://www.youtube.com/watch?v=IGrdFppVvaA,158회,3개월 전
Park of Monster 게임,https://www.youtube.com/watch?v=DPgrNpZI_WM,492회,3개월 전
Park of Monster 게임,https://www.youtube.com/watch?v=A7Lg8LCsma8,311회,3개월 전
Park of Monster 게임,https://www.youtube.com/watch?v=AjB9BNvH4Kk,3천회,3개월 전
Park of Monster 게임,https://www.youtube.com/watch?v=iUw70Fx6jc4,449회,스트리밍 시간: 4개월 전
Park of Monster 게임,https://www.youtube.com/watch?v=DDT40cvPjRk,264회,스트리밍 시간: 4개월 전
Park of Monster 게임,https://www.youtube.com/watch?v=XDjlxP5fMYE,1회,4개월 전
Park of Monster 게임,https://www.youtube.com/watch?v=orIxGxuzcxU,1.3천회,스트리밍 시간: 4개월 전
Park of Monster 게임,https://www.youtube.com/watch?v=NP8Hq2ohaZM,499회,4개월 전
Park of Monster 게임,https://www.youtube.com/watch?v=s8pJK21euGg,1.8천회,4개월 전
Park of Monster 게임,https://www.youtube.com/watch?v=6jlj4p0NtLg,262회,4개월 전
Park of Monster 게임,https://www.youtube.com/watch?v=MpKYegB3NyY,404회,4개월 전
Park of Monster 게임,https://www.youtube.com/watch?v=reqFXAGAMv0,370회,4개월 전
Park of Monster 게임,https://www.youtube.com/watch?v=yRXv9D1yprk,506회,4개월 전
Park of Monster 게임,https://www.youtube.com/watch?v=AMyUCpc1Uro,1.4천회,4개월 전
Park of Monster 게임,https://www.youtube.com/watch?v=3Ku4PCF4Qwc,182회,4개월 전
Park of Monster 게임,https://www.youtube.com/watch?v=kUkbilBHDYw,3.3만회,4개월 전
Park of Monster 게임,https://www.youtube.com/watch?v=Geoj4yv32Tk,476회,스트리밍 시간: 4개월 전
Park of Monster 게임,https://www.youtube.com/watch?v=_KDe_aFqdtQ,80회,4개월 전
Park of Monster 게임,https://www.youtube.com/watch?v=nZl-ZLOUVkM,510회,스트리밍 시간: 4개월 전
Park of Monster 게임,https://www.youtube.com/watch?v=vCzSrUD9FCM,183회,4개월 전
Park of Monster 게임,https://www.youtube.com/watch?v=2T5Dr9LZfqU,184회,4개월 전
Park of Monster 게임,https://www.youtube.com/watch?v=ES2Y2yDxsis,334회,4개월 전
Park of Monster 게임,https://www.youtube.com/watch?v=cuto27RMcbo,325회,4개월 전
Park of Monster 게임,https://www.youtube.com/watch?v=87wJ-T6Q3Fg,718회,4개월 전
Park of Monster 게임,https://www.youtube.com/watch?v=5L6Hry2Wlus,202회,4개월 전
Park of Monster 게임,https://www.youtube.com/watch?v=MDi1yELfyc4,514회,4개월 전
Park of Monster 게임,https://www.youtube.com/watch?v=cBr_u4ClCII,446회,4개월 전
Park of Monster 게임,https://www.youtube.com/watch?v=VwUIeWUVWp8,1.8천회,4개월 전
Park of Monster 게임,https://www.youtube.com/watch?v=OreCgpcN9lo,123회,4개월 전
Park of Monster 게임,https://www.youtube.com/watch?v=MBwPqSyVP40,97회,4개월 전
Park of Monster 게임,https://www.youtube.com/watch?v=Ttr5Hzt03p4,108회,4개월 전
Park of Monster 게임,https://www.youtube.com/watch?v=0SwaZrx8D5Q,108회,4개월 전
Park of Monster 게임,https://www.youtube.com/watch?v=EDZfXxfwv8w,334회,4개월 전
Park of Monster 게임,https://www.youtube.com/watch?v=hcO0Y1uF5eE,143회,4개월 전
Park of Monster 게임,https://www.youtube.com/watch?v=eOLkbTkMXy8,73회,4개월 전
Park of Monster 게임,https://www.youtube.com/watch?v=Mwcu0eMAyVg,531회,4개월 전
Park of Monster 게임,https://www.youtube.com/watch?v=jQGneNJ0F4I,298회,4개월 전
Park of Monster 게임,https://www.youtube.com/watch?v=2EgalhHu0Jw,169회,4개월 전
Park of Monster 게임,https://www.youtube.com/watch?v=I9HBfX-NZro,322회,4개월 전
Park of Monster 게임,https://www.youtube.com/watch?v=626XG34ItHE,157회,4개월 전
Park of Monster 게임,https://www.youtube.com/watch?v=H-6PSs_-Z4Y,456회,4개월 전
Park of Monster 게임,https://www.youtube.com/watch?v=k4txFINuqo4,418회,4개월 전
Park of Monster 게임,https://www.youtube.com/watch?v=WGEnjtc6MsQ,1천회,4개월 전
Park of Monster 게임,https://www.youtube.com/watch?v=qkr1aV-djfo,148회,4개월 전
Park of Monster 게임,https://www.youtube.com/watch?v=BJYkCXMQCU8,474회,4개월 전
Park of Monster 게임,https://www.youtube.com/watch?v=wbXVAQ2qk1I,498회,4개월 전
Park of Monster 게임,https://www.youtube.com/watch?v=lSUl8OGqHQQ,98회,4개월 전
Park of Monster 게임,https://www.youtube.com/watch?v=Ni0JY87LeCA,160회,4개월 전
Park of Monster 게임,https://www.youtube.com/watch?v=9dECuoDghWA,1만회,4개월 전
Park of Monster 게임,https://www.youtube.com/watch?v=MyNRxK_Z1W4,13회,4개월 전
Park of Monster 게임,https://www.youtube.com/watch?v=byrC-N2a3mI,59회,4개월 전
Park of Monster 게임,https://www.youtube.com/watch?v=5dhVWowf_cU,44회,4개월 전
Park of Monster 게임,https://www.youtube.com/watch?v=OxqNRoKHcY4,73회,4개월 전
Park of Monster 게임,https://www.youtube.com/watch?v=iDNbNp9K7vY,167회,5개월 전
Park of Monster 게임,https://www.youtube.com/watch?v=7i7XFKrQh5A,482회,5개월 전
Park of Monster 게임,https://www.youtube.com/watch?v=jd0essk8iJc,143회,5개월 전
Park of Monster 게임,https://www.youtube.com/watch?v=L1cmxyjzMR4,161회,5개월 전
Park of Monster 게임,https://www.youtube.com/watch?v=tEspNTAn4ik,154회,5개월 전
Park of Monster 게임,https://www.youtube.com/watch?v=i_tFXuUO-2E,134회,5개월 전
Park of Monster 게임,https://www.youtube.com/watch?v=JWQZzqWD-04,172회,5개월 전
Park of Monster 게임,https://www.youtube.com/watch?v=TgyNuuD5UnI,435회,5개월 전
Park of Monster 게임,https://www.youtube.com/watch?v=Gj8djTt4y0g,1천회,5개월 전
Park of Monster 게임,https://www.youtube.com/watch?v=ATV1eox59nw,137회,5개월 전
Park of Monster 게임,https://www.youtube.com/watch?v=HtzLIgWwZ98,365회,5개월 전
Park of Monster 게임,https://www.youtube.com/watch?v=D46QDphlPPY,176회,5개월 전
Park of Monster 게임,https://www.youtube.com/watch?v=DyqQUq5Bmnc,1천회,5개월 전
Park of Monster 게임,https://www.youtube.com/watch?v=KTcUe8Dfc98,125회,5개월 전
Park of Monster 게임,https://www.youtube.com/watch?v=E0BtIMHjARg,91회,5개월 전
Park of Monster 게임,https://www.youtube.com/watch?v=9PFGm7645yc,1.7만회,5개월 전
Park of Monster 게임,https://www.youtube.com/watch?v=kDVFX7CgGjc,92회,5개월 전
Park of Monster 게임,https://www.youtube.com/watch?v=1VzNK4QQV0E,92회,5개월 전
Park of Monster 게임,https://www.youtube.com/watch?v=B320i-zoOFU,398회,5개월 전
Park of Monster 게임,https://www.youtube.com/watch?v=AfN9UKbjbiQ,209회,5개월 전
Park of Monster 게임,https://www.youtube.com/watch?v=ZG0h7AN_TMA,205회,5개월 전
Park of Monster 게임,https://www.youtube.com/watch?v=JOlN5ZMGqjY,969회,5개월 전
Park of Monster 게임,https://www.youtube.com/watch?v=5hZCabqeoDE,182회,5개월 전
Park of Monster 게임,https://www.youtube.com/watch?v=vv1qiPF2ydk,124회,5개월 전
Park of Monster 게임,https://www.youtube.com/watch?v=-dad4DuS7AY,124회,5개월 전
Park of Monster 게임,https://www.youtube.com/watch?v=6EAgQTtkyrE,123회,5개월 전
Park of Monster 게임,https://www.youtube.com/watch?v=7HRaAykO5tQ,47회,5개월 전
Park of Monster 게임,https://www.youtube.com/watch?v=yp2jhEH31XU,280회,5개월 전
Park of Monster 게임,https://www.youtube.com/watch?v=88xFv-N2Tu4,74회,5개월 전
Park of Monster 게임,https://www.youtube.com/watch?v=NwN2ln0Jvf4,57회,5개월 전
Park of Monster 게임,https://www.youtube.com/watch?v=Ur4DW83owFA,125회,5개월 전
Park of Monster 게임,https://www.youtube.com/watch?v=GMazq7SloPM,115회,5개월 전
Park of Monster 게임,https://www.youtube.com/watch?v=KQolVeuzhEc,132회,5개월 전
Park of Monster 게임,https://www.youtube.com/watch?v=acydZGumtj0,168회,5개월 전
Park of Monster 게임,https://www.youtube.com/watch?v=5t0jOwTYOo4,4.5천회,5개월 전
Park of Monster 게임,https://www.youtube.com/watch?v=SRUDqWPsYtU,165회,5개월 전
Park of Monster 게임,https://www.youtube.com/watch?v=rxhjR_dFab8,166회,5개월 전
Park of Monster 게임,https://www.youtube.com/watch?v=Sxq5T21vRvQ,1천회,5개월 전
Park of Monster 게임,https://www.youtube.com/watch?v=9pef1zVbiCs,112회,5개월 전
Park of Monster 게임,https://www.youtube.com/watch?v=Ecadfzt-BK8,94회,5개월 전
Park of Monster 게임,https://www.youtube.com/watch?v=bQRc8bxf9lE,104회,5개월 전
Park of Monster 게임,https://www.youtube.com/watch?v=I8Qw2hJuUkc,111회,5개월 전
Park of Monster 게임,https://www.youtube.com/watch?v=UXv4ihqr47E,151회,5개월 전
Park of Monster 게임,https://www.youtube.com/watch?v=tvBofFso97k,274회,5개월 전
Park of Monster 게임,https://www.youtube.com/watch?v=G-r3JatI_oo,680회,5개월 전
Park of Monster 게임,https://www.youtube.com/watch?v=VluOaSL77rI,240회,5개월 전
Park of Monster 게임,https://www.youtube.com/watch?v=58uoJcWcVTQ,9.4천회,5개월 전
Park of Monster 게임,https://www.youtube.com/watch?v=sgScWcd6VZ4,520회,6개월 전
Park of Monster 게임,https://www.youtube.com/watch?v=-rITBNVGjDM,266회,6개월 전
Park of Monster 게임,https://www.youtube.com/watch?v=NfMDpw9qfnA,861회,6개월 전
Park of Monster 게임,https://www.youtube.com/watch?v=EEvI4Yvy0jU,261회,6개월 전
Park of Monster 게임,https://www.youtube.com/watch?v=p4OA1xnfmqE,94회,6개월 전
Park of Monster 게임,https://www.youtube.com/watch?v=inuH1ApPd-Q,79회,6개월 전
Park of Monster 게임,https://www.youtube.com/watch?v=Ure_D0dXNG0,493회,6개월 전
Park of Monster 게임,https://www.youtube.com/watch?v=XsbfG491iXE,3천회,6개월 전
Park of Monster 게임,https://www.youtube.com/watch?v=2P0R7UUh77E,2.6천회,6개월 전
Park of Monster 게임,https://www.youtube.com/watch?v=Lvt4XrM09lQ,197회,6개월 전
Park of Monster 게임,https://www.youtube.com/watch?v=Q3Pgq13vxkk,196회,6개월 전
Park of Monster 게임,https://www.youtube.com/watch?v=5BB7MPLGHIE,313회,6개월 전
Park of Monster 게임,https://www.youtube.com/watch?v=lUJJN9cYMHA,6.6천회,7개월 전
Park of Monster 게임,https://www.youtube.com/watch?v=PUwZc8106f4,89회,7개월 전
Park of Monster 게임,https://www.youtube.com/watch?v=g2UGe3qYol4,71회,7개월 전
Park of Monster 게임,https://www.youtube.com/watch?v=G21Mk0p79rI,653회,7개월 전
Park of Monster 게임,https://www.youtube.com/watch?v=2jGP2LBy5N0,1.2천회,8개월 전
Park of Monster 게임,https://www.youtube.com/watch?v=28E7IXJXY9E,130회,8개월 전
Park of Monster 게임,https://www.youtube.com/watch?v=z-vVxaDnsSo,1천회,8개월 전
Park of Monster 게임,https://www.youtube.com/watch?v=2HYIht-8_wU,278회,9개월 전
Park of Monster 게임,https://www.youtube.com/watch?v=6lhUGSkwLsY,259회,9개월 전
Park of Monster 게임,https://www.youtube.com/watch?v=PcsXkolm5hk,5.3천회,9개월 전
Park of Monster 게임,https://www.youtube.com/watch?v=40gjhhCMpvw,4.8천회,9개월 전
Park of Monster 게임,https://www.youtube.com/watch?v=R-7JuQOdAhA,268회,9개월 전
Park of Monster 게임,https://www.youtube.com/watch?v=qZlIJxtgK_Q,5.2만회,9개월 전
Park of Monster 게임,https://www.youtube.com/watch?v=YECHE7F0bZs,2.8천회,9개월 전
Park of Monster 게임,https://www.youtube.com/watch?v=FnOsabFVkIQ,60회,9개월 전
Park of Monster 게임,https://www.youtube.com/watch?v=RobcKPVk_js,557회,9개월 전
Park of Monster 게임,https://www.youtube.com/watch?v=P9AgAegL6ao,1.4천회,9개월 전
Park of Monster 게임,https://www.youtube.com/watch?v=ypA0D9b7Ygw,52회,9개월 전
Park of Monster 게임,https://www.youtube.com/watch?v=IiVNCF2rA0c,8.8천회,10개월 전
Park of Monster 게임,https://www.youtube.com/watch?v=tLSWDwcoz8o,5.7천회,10개월 전
Park of Monster 게임,https://www.youtube.com/watch?v=X-3Rqw-kZnk,1천회,10개월 전
Park of Monster 게임,https://www.youtube.com/watch?v=AE9ChKeKBxk,300회,10개월 전
Park of Monster 게임,https://www.youtube.com/watch?v=WxdqmtyVorM,1.2만회,10개월 전
Park of Monster 게임,https://www.youtube.com/watch?v=ZgAhAaEjXz0,18만회,10개월 전
Park of Monster 게임,https://www.youtube.com/watch?v=mOTFWquc1cQ,1.4만회,10개월 전
Park of Monster 게임,https://www.youtube.com/watch?v=s4dw0_LP9Hc,774회,10개월 전
Park of Monster 게임,https://www.youtube.com/watch?v=cqb40CtOzhI,252회,10개월 전
Park of Monster 게임,https://www.youtube.com/watch?v=iz6_0KuRrpk,3.9만회,10개월 전
Park of Monster 게임,https://www.youtube.com/watch?v=pVrnXrFI-qk,4.9천회,10개월 전
Park of Monster 게임,https://www.youtube.com/watch?v=79vc0R6zBP8,234회,10개월 전
Park of Monster 게임,https://www.youtube.com/watch?v=9vXyW6BnuBY,2천회,11개월 전
Park of Monster 게임,https://www.youtube.com/watch?v=dFbVpKhYduo,622회,11개월 전
Park of Monster 게임,https://www.youtube.com/watch?v=j9tOmBYazSI,3.5천회,11개월 전
Park of Monster 게임,https://www.youtube.com/watch?v=Q_yQ4lv0y6A,141회,스트리밍 시간: 11개월 전
Park of Monster 게임,https://www.youtube.com/watch?v=DR9IIqdwAuk,173회,스트리밍 시간: 11개월 전
Park of Monster 게임,https://www.youtube.com/watch?v=QnzVfvTm53A,140회,스트리밍 시간: 11개월 전
Park of Monster 게임,https://www.youtube.com/watch?v=tHTke3sPI_M,98회,11개월 전
