﻿search,youtube_url,viewer,upload
염왕이 뿔났다 게임,https://www.youtube.com/watch?v=uTrE9H9SZsI,4회,스트리밍 시간: 1시간 전
염왕이 뿔났다 게임,https://www.youtube.com/watch?v=h2CqGyXJNUs,9회,9시간 전
염왕이 뿔났다 게임,https://www.youtube.com/watch?v=fDXcqWKeQTo,4.1천회,2일 전
염왕이 뿔났다 게임,https://www.youtube.com/watch?v=2QfUQ-JYecg,92회,2일 전
염왕이 뿔났다 게임,https://www.youtube.com/watch?v=Ay5N3mxp0OE,3회,스트리밍 시간: 3일 전
염왕이 뿔났다 게임,https://www.youtube.com/watch?v=esvRVe3I4EI,182회,4일 전
염왕이 뿔났다 게임,https://www.youtube.com/watch?v=U0-b8t0atWQ,없음,4일 전
염왕이 뿔났다 게임,https://www.youtube.com/watch?v=vypbTdYyKuo,175회,5일 전
염왕이 뿔났다 게임,https://www.youtube.com/watch?v=xuG4NNtEt80,72회,5일 전
염왕이 뿔났다 게임,https://www.youtube.com/watch?v=hEY3ECt1ZWo,19회,5일 전
염왕이 뿔났다 게임,https://www.youtube.com/watch?v=wLbD_6E0WW4,10회,6일 전
염왕이 뿔났다 게임,https://www.youtube.com/watch?v=vueMbk-7NT0,111회,스트리밍 시간: 6일 전
염왕이 뿔났다 게임,https://www.youtube.com/watch?v=dM8bbHPBB7w,108회,6일 전
염왕이 뿔났다 게임,https://www.youtube.com/watch?v=Egr16idbS-w,1회,스트리밍 시간: 6일 전
염왕이 뿔났다 게임,https://www.youtube.com/watch?v=slzUGMqklCU,10회,1주 전
염왕이 뿔났다 게임,https://www.youtube.com/watch?v=vHGeHqDWqIQ,373회,1주 전
염왕이 뿔났다 게임,https://www.youtube.com/watch?v=EtZxVDQL2mU,38회,1주 전
염왕이 뿔났다 게임,https://www.youtube.com/watch?v=iltJLMSC9NE,567회,1주 전
염왕이 뿔났다 게임,https://www.youtube.com/watch?v=fBu3VZnf_f0,없음,1주 전
염왕이 뿔났다 게임,https://www.youtube.com/watch?v=djdCU33ClaM,1회,스트리밍 시간: 1주 전
염왕이 뿔났다 게임,https://www.youtube.com/watch?v=SokgLJVkJgY,3회,1주 전
염왕이 뿔났다 게임,https://www.youtube.com/watch?v=518nI7G2rmM,1.3만회,1주 전
염왕이 뿔났다 게임,https://www.youtube.com/watch?v=p3XhlwE9Wqw,32회,1주 전
염왕이 뿔났다 게임,https://www.youtube.com/watch?v=znrPcxq_s_4,19회,1주 전
염왕이 뿔났다 게임,https://www.youtube.com/watch?v=2h29MGS5L5g,28회,1주 전
염왕이 뿔났다 게임,https://www.youtube.com/watch?v=1bZrBkjvXYE,23회,1주 전
염왕이 뿔났다 게임,https://www.youtube.com/watch?v=sMSX4u5qlK0,20회,1주 전
염왕이 뿔났다 게임,https://www.youtube.com/watch?v=VIR0e8KH1NM,21회,1주 전
염왕이 뿔났다 게임,https://www.youtube.com/watch?v=fqgnzxNY-C4,29회,1주 전
염왕이 뿔났다 게임,https://www.youtube.com/watch?v=hM8f0PALB0s,2회,1주 전
염왕이 뿔났다 게임,https://www.youtube.com/watch?v=t-vTgddV_yg,1.8천회,1주 전
염왕이 뿔났다 게임,https://www.youtube.com/watch?v=q7qxJycNygU,2회,1주 전
염왕이 뿔났다 게임,https://www.youtube.com/watch?v=jRqFjRh0Zp4,1회,1주 전
염왕이 뿔났다 게임,https://www.youtube.com/watch?v=pUezUjho_TU,771회,1주 전
염왕이 뿔났다 게임,https://www.youtube.com/watch?v=krIy5P5rrOs,없음,1주 전
염왕이 뿔났다 게임,https://www.youtube.com/watch?v=7k4oqgn5y7A,6회,2주 전
염왕이 뿔났다 게임,https://www.youtube.com/watch?v=HGeuwmZI_Ws,6회,2주 전
염왕이 뿔났다 게임,https://www.youtube.com/watch?v=2GS2upXjkBg,1회,2주 전
염왕이 뿔났다 게임,https://www.youtube.com/watch?v=2f5nQpSBiNU,159회,2주 전
염왕이 뿔났다 게임,https://www.youtube.com/watch?v=NPCfrbOp3fc,724회,2주 전
염왕이 뿔났다 게임,https://www.youtube.com/watch?v=FDxdOVwYgTM,1회,2주 전
염왕이 뿔났다 게임,https://www.youtube.com/watch?v=p89xNIXCnss,9회,2주 전
염왕이 뿔났다 게임,https://www.youtube.com/watch?v=Eayz6tqdq8k,4회,2주 전
염왕이 뿔났다 게임,https://www.youtube.com/watch?v=hUMIsGub0QM,176회,2주 전
염왕이 뿔났다 게임,https://www.youtube.com/watch?v=0NqGj9qbWtE,983회,2주 전
염왕이 뿔났다 게임,https://www.youtube.com/watch?v=FYxaS_cVE_A,2.4천회,2주 전
염왕이 뿔났다 게임,https://www.youtube.com/watch?v=DtlsUP7miwg,5회,스트리밍 시간: 2주 전
염왕이 뿔났다 게임,https://www.youtube.com/watch?v=c5xZSVtPUD4,45회,2주 전
염왕이 뿔났다 게임,https://www.youtube.com/watch?v=hSUhdTGfy4I,20만회,2주 전
염왕이 뿔났다 게임,https://www.youtube.com/watch?v=I8qWkUig2E4,없음,2주 전
염왕이 뿔났다 게임,https://www.youtube.com/watch?v=n_K4EwW0l3c,2회,2주 전
염왕이 뿔났다 게임,https://www.youtube.com/watch?v=KXq0-43Cs2c,18회,2주 전
염왕이 뿔났다 게임,https://www.youtube.com/watch?v=ihHVzTl0kkw,1회,2주 전
염왕이 뿔났다 게임,https://www.youtube.com/watch?v=zzyErbdt3ZU,43회,2주 전
염왕이 뿔났다 게임,https://www.youtube.com/watch?v=sWw8bAbqgCE,429회,2주 전
염왕이 뿔났다 게임,https://www.youtube.com/watch?v=uuNxQwTvPKI,470회,2주 전
염왕이 뿔났다 게임,https://www.youtube.com/watch?v=LC67oelWFfk,없음,2주 전
염왕이 뿔났다 게임,https://www.youtube.com/watch?v=0VbUumAPKfM,2회,2주 전
염왕이 뿔났다 게임,https://www.youtube.com/watch?v=LkwOrSeZ9a8,45회,2주 전
염왕이 뿔났다 게임,https://www.youtube.com/watch?v=CJZAHQ0hT3c,29회,2주 전
염왕이 뿔났다 게임,https://www.youtube.com/watch?v=8A3zO4naGIs,없음,2주 전
염왕이 뿔났다 게임,https://www.youtube.com/watch?v=cuFIX86w5hQ,없음,2주 전
염왕이 뿔났다 게임,https://www.youtube.com/watch?v=orDOAprM8dI,1회,2주 전
염왕이 뿔났다 게임,https://www.youtube.com/watch?v=zqKPT7YzNMI,17회,2주 전
염왕이 뿔났다 게임,https://www.youtube.com/watch?v=Gt8gXF3ZiRk,18회,2주 전
염왕이 뿔났다 게임,https://www.youtube.com/watch?v=wx5l4ELingE,70회,스트리밍 시간: 2주 전
염왕이 뿔났다 게임,https://www.youtube.com/watch?v=GNztrl0jkJs,650회,2주 전
염왕이 뿔났다 게임,https://www.youtube.com/watch?v=PYuUmyYmPUY,26회,2주 전
염왕이 뿔났다 게임,https://www.youtube.com/watch?v=0LXy0n3-TJg,281회,2주 전
염왕이 뿔났다 게임,https://www.youtube.com/watch?v=7dSojekkFWw,2만회,2주 전
염왕이 뿔났다 게임,https://www.youtube.com/watch?v=7MrTZsqQRRE,12회,2주 전
염왕이 뿔났다 게임,https://www.youtube.com/watch?v=edefyQhqMZQ,5.2천회,2주 전
염왕이 뿔났다 게임,https://www.youtube.com/watch?v=8BI65RAmHeE,201회,2주 전
염왕이 뿔났다 게임,https://www.youtube.com/watch?v=Cdy1KqCbMRM,54회,2주 전
염왕이 뿔났다 게임,https://www.youtube.com/watch?v=YLPvpZpO02Q,30회,2주 전
염왕이 뿔났다 게임,https://www.youtube.com/watch?v=nc4xgXJiyIk,8.6천회,2주 전
염왕이 뿔났다 게임,https://www.youtube.com/watch?v=lA3T0WSS03s,11회,2주 전
염왕이 뿔났다 게임,https://www.youtube.com/watch?v=SndMp_dFwCY,26회,3주 전
염왕이 뿔났다 게임,https://www.youtube.com/watch?v=aNtlrNag62g,1회,3주 전
염왕이 뿔났다 게임,https://www.youtube.com/watch?v=cP3a1ynchfQ,33회,스트리밍 시간: 3주 전
염왕이 뿔났다 게임,https://www.youtube.com/watch?v=Q9GuJDucvEY,73회,3주 전
염왕이 뿔났다 게임,https://www.youtube.com/watch?v=5lNoi-6kUbQ,55회,스트리밍 시간: 3주 전
염왕이 뿔났다 게임,https://www.youtube.com/watch?v=nLqHGhq6Nk8,697회,3주 전
염왕이 뿔났다 게임,https://www.youtube.com/watch?v=-NdncK7yHk0,1회,3주 전
염왕이 뿔났다 게임,https://www.youtube.com/watch?v=rPPBCdyETws,165회,3주 전
염왕이 뿔났다 게임,https://www.youtube.com/watch?v=l2tJ7hCVJJ0,79회,3주 전
염왕이 뿔났다 게임,https://www.youtube.com/watch?v=bnTd7ht-1bY,20회,스트리밍 시간: 3주 전
염왕이 뿔났다 게임,https://www.youtube.com/watch?v=rLDXEDNPbpI,911회,3주 전
염왕이 뿔났다 게임,https://www.youtube.com/watch?v=alBBF-fjtx0,225회,3주 전
염왕이 뿔났다 게임,https://www.youtube.com/watch?v=puJC3gKFXR4,826회,3주 전
염왕이 뿔났다 게임,https://www.youtube.com/watch?v=EihUCFXH_WA,296회,3주 전
염왕이 뿔났다 게임,https://www.youtube.com/watch?v=5PdW94bCLGM,10회,3주 전
염왕이 뿔났다 게임,https://www.youtube.com/watch?v=YIur_uOYj6U,없음,3주 전
염왕이 뿔났다 게임,https://www.youtube.com/watch?v=R8Rw2TDC-08,1.1천회,3주 전
염왕이 뿔났다 게임,https://www.youtube.com/watch?v=78S9A6rrQtE,86회,3주 전
염왕이 뿔났다 게임,https://www.youtube.com/watch?v=lmOLe3KxYec,21회,스트리밍 시간: 3주 전
염왕이 뿔났다 게임,https://www.youtube.com/watch?v=dYgX-s-pbSQ,3.6천회,3주 전
염왕이 뿔났다 게임,https://www.youtube.com/watch?v=oQq-pYCIukg,108회,3주 전
염왕이 뿔났다 게임,https://www.youtube.com/watch?v=X9vLIYdRSvE,1.4천회,3주 전
염왕이 뿔났다 게임,https://www.youtube.com/watch?v=O1Ci_dJwAW0,20회,3주 전
염왕이 뿔났다 게임,https://www.youtube.com/watch?v=TucsxYxmjHM,6회,3주 전
염왕이 뿔났다 게임,https://www.youtube.com/watch?v=y-WxGtLUXeQ,2회,3주 전
염왕이 뿔났다 게임,https://www.youtube.com/watch?v=zLFwxoZgnMA,43회,3주 전
염왕이 뿔났다 게임,https://www.youtube.com/watch?v=WtMg2TRMc8M,624회,3주 전
염왕이 뿔났다 게임,https://www.youtube.com/watch?v=JDMRNqN-aLU,272회,3주 전
염왕이 뿔났다 게임,https://www.youtube.com/watch?v=o6WVFs1NPoE,126회,3주 전
염왕이 뿔났다 게임,https://www.youtube.com/watch?v=9OdGio_U60U,100회,3주 전
염왕이 뿔났다 게임,https://www.youtube.com/watch?v=O2ZVgT9WNX0,135회,스트리밍 시간: 3주 전
염왕이 뿔났다 게임,https://www.youtube.com/watch?v=rKqF63fmfyY,385회,3주 전
염왕이 뿔났다 게임,https://www.youtube.com/watch?v=_BGXCwBuUHU,104회,3주 전
염왕이 뿔났다 게임,https://www.youtube.com/watch?v=817m7bEu3Uw,502회,3주 전
염왕이 뿔났다 게임,https://www.youtube.com/watch?v=8VRa46LwgF8,3회,3주 전
염왕이 뿔났다 게임,https://www.youtube.com/watch?v=KGCWPBYZC2s,1천회,3주 전
염왕이 뿔났다 게임,https://www.youtube.com/watch?v=Re64F6v7k-8,11회,3주 전
염왕이 뿔났다 게임,https://www.youtube.com/watch?v=A536NRxTs5M,789회,3주 전
염왕이 뿔났다 게임,https://www.youtube.com/watch?v=r8oSAw1pGgo,1.9천회,스트리밍 시간: 3주 전
염왕이 뿔났다 게임,https://www.youtube.com/watch?v=ZZwNkwmLOJE,없음,3주 전
염왕이 뿔났다 게임,https://www.youtube.com/watch?v=2e8_ms_7QJk,3천회,3주 전
염왕이 뿔났다 게임,https://www.youtube.com/watch?v=NZsai1ExNYM,74회,스트리밍 시간: 3주 전
염왕이 뿔났다 게임,https://www.youtube.com/watch?v=EI8pIEHUQUs,12회,3주 전
염왕이 뿔났다 게임,https://www.youtube.com/watch?v=CUTn5MKTkrc,5회,3주 전
염왕이 뿔났다 게임,https://www.youtube.com/watch?v=9gT0pEA-bhI,612회,3주 전
염왕이 뿔났다 게임,https://www.youtube.com/watch?v=4ISINYBeSKk,175회,3주 전
염왕이 뿔났다 게임,https://www.youtube.com/watch?v=Ly7ZCoGVQPQ,649회,3주 전
염왕이 뿔났다 게임,https://www.youtube.com/watch?v=6hawDhyBhZA,1.1천회,3주 전
염왕이 뿔났다 게임,https://www.youtube.com/watch?v=eiuslNfBjJE,3회,3주 전
염왕이 뿔났다 게임,https://www.youtube.com/watch?v=CiI_lXA89pw,9회,3주 전
염왕이 뿔났다 게임,https://www.youtube.com/watch?v=QntxyTAAI3k,147회,3주 전
염왕이 뿔났다 게임,https://www.youtube.com/watch?v=iCLYLPHxXsw,3.2천회,3주 전
염왕이 뿔났다 게임,https://www.youtube.com/watch?v=8OgKVpoZKTc,832회,3주 전
염왕이 뿔났다 게임,https://www.youtube.com/watch?v=RZGrIdEvnrE,43회,3주 전
염왕이 뿔났다 게임,https://www.youtube.com/watch?v=7Qpv6IsiomE,224회,1개월 전
염왕이 뿔났다 게임,https://www.youtube.com/watch?v=qt83eJqOCP4,338회,1개월 전
염왕이 뿔났다 게임,https://www.youtube.com/watch?v=GuSbsIU9roM,3.5천회,1개월 전
염왕이 뿔났다 게임,https://www.youtube.com/watch?v=Fq7EmUvwLW4,8.8천회,1개월 전
염왕이 뿔났다 게임,https://www.youtube.com/watch?v=kvrh3J8MtAg,3.3천회,1개월 전
염왕이 뿔났다 게임,https://www.youtube.com/watch?v=cg8zvFH8PGo,251회,1개월 전
염왕이 뿔났다 게임,https://www.youtube.com/watch?v=5Al1rJ6x2BI,402회,스트리밍 시간: 1개월 전
염왕이 뿔났다 게임,https://www.youtube.com/watch?v=HtO3XW1byAU,239회,1개월 전
염왕이 뿔났다 게임,https://www.youtube.com/watch?v=ewXF45w_bW4,367회,스트리밍 시간: 1개월 전
염왕이 뿔났다 게임,https://www.youtube.com/watch?v=zacEcyIEjMQ,339회,1개월 전
염왕이 뿔났다 게임,https://www.youtube.com/watch?v=5uy9p7atTCM,3.7천회,1개월 전
염왕이 뿔났다 게임,https://www.youtube.com/watch?v=bA_bgUW1A0A,3.2만회,1개월 전
염왕이 뿔났다 게임,https://www.youtube.com/watch?v=dp4yjBm-wVE,3.9천회,1개월 전
염왕이 뿔났다 게임,https://www.youtube.com/watch?v=gmjMaDRWMnw,3.8천회,1개월 전
염왕이 뿔났다 게임,https://www.youtube.com/watch?v=F8Q-_ZV2ZvE,926회,1개월 전
염왕이 뿔났다 게임,https://www.youtube.com/watch?v=_Y5LUunKKcY,8.1천회,1개월 전
염왕이 뿔났다 게임,https://www.youtube.com/watch?v=Eqn6ky_xsAs,2.7천회,1개월 전
염왕이 뿔났다 게임,https://www.youtube.com/watch?v=FRuvCfhoMLo,1.2만회,1개월 전
염왕이 뿔났다 게임,https://www.youtube.com/watch?v=f98vSEM3MFo,4.4천회,1개월 전
염왕이 뿔났다 게임,https://www.youtube.com/watch?v=4A1eqAXeV84,3.4천회,1개월 전
염왕이 뿔났다 게임,https://www.youtube.com/watch?v=Skp00hoEWx4,6.5천회,2개월 전
염왕이 뿔났다 게임,https://www.youtube.com/watch?v=f_Tz2jWpe_A,57만회,2개월 전
