﻿search,youtube_url,viewer,upload
Rummikub 게임,https://www.youtube.com/watch?v=96YTEzGFe6w,55회,1주 전
Rummikub 게임,https://www.youtube.com/watch?v=fE2_d5D1Tls,18회,1주 전
Rummikub 게임,https://www.youtube.com/watch?v=AKVA93UWY0g,49회,2주 전
Rummikub 게임,https://www.youtube.com/watch?v=ZQ2LN8Wlims,823회,3주 전
Rummikub 게임,https://www.youtube.com/watch?v=mokVAcFrY9k,없음,3주 전
Rummikub 게임,https://www.youtube.com/watch?v=_Jp2NfM-lLM,3회,3주 전
Rummikub 게임,https://www.youtube.com/watch?v=G_02LF6P4wk,405회,1개월 전
Rummikub 게임,https://www.youtube.com/watch?v=kYHP0anZFgk,303회,1개월 전
Rummikub 게임,https://www.youtube.com/watch?v=vHf4PK3X0bg,102회,1개월 전
Rummikub 게임,https://www.youtube.com/watch?v=9hyQjXswHj8,4.2천회,1개월 전
Rummikub 게임,https://www.youtube.com/watch?v=8h7tu-Sogt0,7회,1개월 전
Rummikub 게임,https://www.youtube.com/watch?v=hZH5lGc_rTg,17회,1개월 전
Rummikub 게임,https://www.youtube.com/watch?v=KJq5VxziTgQ,9회,1개월 전
Rummikub 게임,https://www.youtube.com/watch?v=offWmQYkc3A,10회,1개월 전
Rummikub 게임,https://www.youtube.com/watch?v=6afE-iqPXPI,258회,1개월 전
Rummikub 게임,https://www.youtube.com/watch?v=vCQ_eEv9ccc,345회,1개월 전
Rummikub 게임,https://www.youtube.com/watch?v=N2-XXRgKogg,55회,1개월 전
Rummikub 게임,https://www.youtube.com/watch?v=M5KL41rb7gw,166회,2개월 전
Rummikub 게임,https://www.youtube.com/watch?v=t9QZV0izifY,121회,2개월 전
Rummikub 게임,https://www.youtube.com/watch?v=HwkdhSyVgKk,19회,2개월 전
Rummikub 게임,https://www.youtube.com/watch?v=0ZNheyt5r4k,51회,2개월 전
Rummikub 게임,https://www.youtube.com/watch?v=kNbaz3ZFJiw,986회,2개월 전
Rummikub 게임,https://www.youtube.com/watch?v=Uyquvf9PyyU,31회,2개월 전
Rummikub 게임,https://www.youtube.com/watch?v=KXMs6XK0uUQ,68회,2개월 전
Rummikub 게임,https://www.youtube.com/watch?v=kEBa7Va4A7U,34회,2개월 전
Rummikub 게임,https://www.youtube.com/watch?v=y1tAsCn5vUQ,36회,2개월 전
Rummikub 게임,https://www.youtube.com/watch?v=wGkPhF69J1M,30회,3개월 전
Rummikub 게임,https://www.youtube.com/watch?v=N4lva_vNnyA,622회,3개월 전
Rummikub 게임,https://www.youtube.com/watch?v=dAh7j4WnaKc,260회,3개월 전
Rummikub 게임,https://www.youtube.com/watch?v=fF5A3rmmlHQ,80회,3개월 전
Rummikub 게임,https://www.youtube.com/watch?v=R4xOLG-6EyE,4회,3개월 전
Rummikub 게임,https://www.youtube.com/watch?v=CPRcjufcQHQ,111회,3개월 전
Rummikub 게임,https://www.youtube.com/watch?v=IkNi1LodxNg,5회,3개월 전
Rummikub 게임,https://www.youtube.com/watch?v=TkUOCeXGb7o,1회,스트리밍 시간: 4개월 전
Rummikub 게임,https://www.youtube.com/watch?v=TfOzkNEO4gI,없음,스트리밍 시간: 4개월 전
Rummikub 게임,https://www.youtube.com/watch?v=GXHtfNrTUHM,12회,4개월 전
Rummikub 게임,https://www.youtube.com/watch?v=jeNwrON1IVc,5회,4개월 전
Rummikub 게임,https://www.youtube.com/watch?v=zWlYK4X_HQo,321회,4개월 전
Rummikub 게임,https://www.youtube.com/watch?v=WEuXSFMh90s,46회,4개월 전
Rummikub 게임,https://www.youtube.com/watch?v=xN58WTkTx3k,13회,4개월 전
Rummikub 게임,https://www.youtube.com/watch?v=lEi5_WQoJNU,574회,4개월 전
Rummikub 게임,https://www.youtube.com/watch?v=-57pVdJwCEw,153회,4개월 전
Rummikub 게임,https://www.youtube.com/watch?v=lGnEAFeOWqw,2회,4개월 전
Rummikub 게임,https://www.youtube.com/watch?v=n-yMTGIQaiQ,37회,4개월 전
Rummikub 게임,https://www.youtube.com/watch?v=A4AA3fhenMA,26회,4개월 전
Rummikub 게임,https://www.youtube.com/watch?v=A0PBSg7i3t0,133회,5개월 전
Rummikub 게임,https://www.youtube.com/watch?v=Da6hPk3G9yA,46회,5개월 전
Rummikub 게임,https://www.youtube.com/watch?v=N_hB-1vdcIY,8회,스트리밍 시간: 5개월 전
Rummikub 게임,https://www.youtube.com/watch?v=pvnJYgmHBEw,227회,5개월 전
Rummikub 게임,https://www.youtube.com/watch?v=5kkLFrEoV2U,41회,5개월 전
Rummikub 게임,https://www.youtube.com/watch?v=UxsTyvqkecI,1.1만회,5개월 전
Rummikub 게임,https://www.youtube.com/watch?v=wuCfDU4L9Zs,71회,5개월 전
Rummikub 게임,https://www.youtube.com/watch?v=zMN90iluEK8,1.1천회,5개월 전
Rummikub 게임,https://www.youtube.com/watch?v=hpacgXYFBvY,2회,5개월 전
Rummikub 게임,https://www.youtube.com/watch?v=cMV6t1WWuHE,3회,5개월 전
Rummikub 게임,https://www.youtube.com/watch?v=_cGka3fFKOo,2.2천회,스트리밍 시간: 5개월 전
Rummikub 게임,https://www.youtube.com/watch?v=gS5xUMDpX3k,2.2천회,5개월 전
Rummikub 게임,https://www.youtube.com/watch?v=43-K6xnOr9k,8회,5개월 전
Rummikub 게임,https://www.youtube.com/watch?v=RQisOun2MqY,1.3만회,6개월 전
Rummikub 게임,https://www.youtube.com/watch?v=K3ijr3MOcVY,104회,6개월 전
Rummikub 게임,https://www.youtube.com/watch?v=yNelootMz6c,534회,6개월 전
Rummikub 게임,https://www.youtube.com/watch?v=Mrua1XpwW54,395회,6개월 전
Rummikub 게임,https://www.youtube.com/watch?v=PR_tYFqlJ_k,144회,6개월 전
Rummikub 게임,https://www.youtube.com/watch?v=F2yiOQFNxzg,452회,6개월 전
Rummikub 게임,https://www.youtube.com/watch?v=20LjQaXzcsk,145회,6개월 전
Rummikub 게임,https://www.youtube.com/watch?v=lgyK_4gmEmY,17회,6개월 전
Rummikub 게임,https://www.youtube.com/watch?v=02lUe7Vih4E,1.4만회,6개월 전
Rummikub 게임,https://www.youtube.com/watch?v=aIPGEAl0JdE,51회,6개월 전
Rummikub 게임,https://www.youtube.com/watch?v=9qIEkdu_nkA,41회,스트리밍 시간: 6개월 전
Rummikub 게임,https://www.youtube.com/watch?v=TR93DV9idGk,9.4천회,7개월 전
Rummikub 게임,https://www.youtube.com/watch?v=7dol0fj-A_k,16회,7개월 전
Rummikub 게임,https://www.youtube.com/watch?v=PyFI07-Q4Mg,20회,7개월 전
Rummikub 게임,https://www.youtube.com/watch?v=_B6Ad1QOTv0,21회,7개월 전
Rummikub 게임,https://www.youtube.com/watch?v=o7c3SpkX4Lg,21회,7개월 전
Rummikub 게임,https://www.youtube.com/watch?v=dE-Mi4Fe2Nw,995회,7개월 전
Rummikub 게임,https://www.youtube.com/watch?v=lPZHz99zkn0,204회,7개월 전
Rummikub 게임,https://www.youtube.com/watch?v=wdiZvTqWPow,82회,7개월 전
Rummikub 게임,https://www.youtube.com/watch?v=XosNg10bxAQ,44회,7개월 전
Rummikub 게임,https://www.youtube.com/watch?v=oVb4qBkK4W4,763회,7개월 전
Rummikub 게임,https://www.youtube.com/watch?v=JHOYh8bjT3I,3.1만회,8개월 전
Rummikub 게임,https://www.youtube.com/watch?v=bc_xdGm_D2o,없음,8개월 전
Rummikub 게임,https://www.youtube.com/watch?v=cqPWq8Av7S4,32회,8개월 전
Rummikub 게임,https://www.youtube.com/watch?v=NHd2dSvXvjI,22회,9개월 전
Rummikub 게임,https://www.youtube.com/watch?v=vJH90m1eGtc,111회,9개월 전
Rummikub 게임,https://www.youtube.com/watch?v=ALfC1uUKKzA,45회,9개월 전
Rummikub 게임,https://www.youtube.com/watch?v=BZ2jBOBcEgs,206회,9개월 전
Rummikub 게임,https://www.youtube.com/watch?v=pYXYfArIKmE,2.4천회,9개월 전
Rummikub 게임,https://www.youtube.com/watch?v=e9TPP7h-Sdo,247회,10개월 전
Rummikub 게임,https://www.youtube.com/watch?v=XlIa_JAnsm0,16회,스트리밍 시간: 10개월 전
Rummikub 게임,https://www.youtube.com/watch?v=iyEXMop7MTo,1.5천회,10개월 전
Rummikub 게임,https://www.youtube.com/watch?v=wnSvlVLj92A,546회,10개월 전
Rummikub 게임,https://www.youtube.com/watch?v=bIiOeu3jSb4,71회,10개월 전
Rummikub 게임,https://www.youtube.com/watch?v=DUVcIv6GqxA,184회,10개월 전
Rummikub 게임,https://www.youtube.com/watch?v=74g8vmO6A6c,640회,10개월 전
Rummikub 게임,https://www.youtube.com/watch?v=jucfiZ2zi8g,3.6천회,10개월 전
Rummikub 게임,https://www.youtube.com/watch?v=0kvvmlYY-yw,2.3천회,11개월 전
Rummikub 게임,https://www.youtube.com/watch?v=8aCrcd0Vttg,580회,11개월 전
Rummikub 게임,https://www.youtube.com/watch?v=wgtFEgWAFzU,88회,11개월 전
Rummikub 게임,https://www.youtube.com/watch?v=zEjn0EprY_w,15회,11개월 전
Rummikub 게임,https://www.youtube.com/watch?v=bAw-vjj8coo,22회,11개월 전
Rummikub 게임,https://www.youtube.com/watch?v=R4nkfjvjubc,66회,11개월 전
Rummikub 게임,https://www.youtube.com/watch?v=FR0MmfFtlS8,449회,스트리밍 시간: 11개월 전
