﻿search,youtube_url,viewer,upload
Fun Race 3D 게임,https://www.youtube.com/watch?v=GUmIoG6nMT8,없음,2시간 전
Fun Race 3D 게임,https://www.youtube.com/watch?v=fKPQHJkZogo,1회,1주 전
Fun Race 3D 게임,https://www.youtube.com/watch?v=4uZCV_mXlUg,2.2만회,2주 전
Fun Race 3D 게임,https://www.youtube.com/watch?v=TY80wqQyuk0,2회,2주 전
Fun Race 3D 게임,https://www.youtube.com/watch?v=SSaXq0Lsp7A,5회,3주 전
Fun Race 3D 게임,https://www.youtube.com/watch?v=Q_Mc0UwBc5k,1회,1개월 전
Fun Race 3D 게임,https://www.youtube.com/watch?v=Xt-mX-pVOhk,35회,1개월 전
Fun Race 3D 게임,https://www.youtube.com/watch?v=vywVE-OGnDQ,24회,2개월 전
Fun Race 3D 게임,https://www.youtube.com/watch?v=E5AaRKJSpwc,3회,2개월 전
Fun Race 3D 게임,https://www.youtube.com/watch?v=kyxq3eAGdbA,1만회,2개월 전
Fun Race 3D 게임,https://www.youtube.com/watch?v=Ix-TodVK44c,35회,3개월 전
Fun Race 3D 게임,https://www.youtube.com/watch?v=VX_WjXsDRJs,25회,3개월 전
Fun Race 3D 게임,https://www.youtube.com/watch?v=qKGVHSHakjg,24회,3개월 전
Fun Race 3D 게임,https://www.youtube.com/watch?v=i1lUh9A8HVg,548회,3개월 전
Fun Race 3D 게임,https://www.youtube.com/watch?v=_tHH5sVBFRk,3회,3개월 전
Fun Race 3D 게임,https://www.youtube.com/watch?v=qXYgyacQnj0,10회,4개월 전
Fun Race 3D 게임,https://www.youtube.com/watch?v=JtsPNo8liT8,6회,4개월 전
Fun Race 3D 게임,https://www.youtube.com/watch?v=DOuT9DfvFRc,35회,4개월 전
Fun Race 3D 게임,https://www.youtube.com/watch?v=4bIRww-il14,21회,4개월 전
Fun Race 3D 게임,https://www.youtube.com/watch?v=PLf7BhwF-1g,18회,4개월 전
Fun Race 3D 게임,https://www.youtube.com/watch?v=7HdHOx_JAAc,47회,4개월 전
Fun Race 3D 게임,https://www.youtube.com/watch?v=wRJWQbFFoiM,33회,4개월 전
Fun Race 3D 게임,https://www.youtube.com/watch?v=PWaeO3077EU,26회,4개월 전
Fun Race 3D 게임,https://www.youtube.com/watch?v=9spOjOzjD9M,12회,4개월 전
Fun Race 3D 게임,https://www.youtube.com/watch?v=XH7g4Hc9VUw,71회,5개월 전
Fun Race 3D 게임,https://www.youtube.com/watch?v=0d1pUCNDmVw,105회,5개월 전
Fun Race 3D 게임,https://www.youtube.com/watch?v=4rff4A0CHLM,11만회,5개월 전
Fun Race 3D 게임,https://www.youtube.com/watch?v=LRmufdAF6fc,32회,5개월 전
Fun Race 3D 게임,https://www.youtube.com/watch?v=GoWEGSJRvCE,283회,5개월 전
Fun Race 3D 게임,https://www.youtube.com/watch?v=ywE8MdEIYZU,33회,5개월 전
Fun Race 3D 게임,https://www.youtube.com/watch?v=6g9JjJVNK7M,43회,스트리밍 시간: 5개월 전
Fun Race 3D 게임,https://www.youtube.com/watch?v=tjXVrN4Mxfg,446회,5개월 전
Fun Race 3D 게임,https://www.youtube.com/watch?v=W4ELktwmrv0,8회,5개월 전
Fun Race 3D 게임,https://www.youtube.com/watch?v=vi17pTawIQw,5회,5개월 전
Fun Race 3D 게임,https://www.youtube.com/watch?v=gzKqUb0h9G0,47만회,5개월 전
Fun Race 3D 게임,https://www.youtube.com/watch?v=gV5z609fyuM,113회,5개월 전
Fun Race 3D 게임,https://www.youtube.com/watch?v=kAa6rLGxK8I,19만회,8개월 전
