﻿search,youtube_url,viewer,upload
Crazy Shopping 게임,https://www.youtube.com/watch?v=I5hS08_eFW8,2회,1일 전
Crazy Shopping 게임,https://www.youtube.com/watch?v=sCvpdvbp3nM,3회,1일 전
Crazy Shopping 게임,https://www.youtube.com/watch?v=0YRh3NeH_OM,8회,1일 전
Crazy Shopping 게임,https://www.youtube.com/watch?v=DUuEqKnV6H8,8.1천회,1일 전
Crazy Shopping 게임,https://www.youtube.com/watch?v=zdMLjyEd5uc,없음,2일 전
Crazy Shopping 게임,https://www.youtube.com/watch?v=Hhgd1I8XE0Y,1회,2일 전
Crazy Shopping 게임,https://www.youtube.com/watch?v=9t3gqDU8S40,없음,2일 전
Crazy Shopping 게임,https://www.youtube.com/watch?v=S2pz6I6Fy80,3회,3일 전
Crazy Shopping 게임,https://www.youtube.com/watch?v=74zHtSEx2YI,없음,3일 전
Crazy Shopping 게임,https://www.youtube.com/watch?v=PTV3Lkq3fnk,3회,3일 전
Crazy Shopping 게임,https://www.youtube.com/watch?v=vZtU9zKJVJU,1회,3일 전
Crazy Shopping 게임,https://www.youtube.com/watch?v=q7tfxk4ONmo,3회,3일 전
Crazy Shopping 게임,https://www.youtube.com/watch?v=dsgkfnLM07Q,1회,4일 전
Crazy Shopping 게임,https://www.youtube.com/watch?v=OoN8BNyA6Rg,4회,4일 전
Crazy Shopping 게임,https://www.youtube.com/watch?v=dgyDLUdPlWk,6회,4일 전
Crazy Shopping 게임,https://www.youtube.com/watch?v=PyC7XO4InBY,930회,5일 전
Crazy Shopping 게임,https://www.youtube.com/watch?v=27vfX0OJLuk,1회,1주 전
Crazy Shopping 게임,https://www.youtube.com/watch?v=FuMa33LGaaY,1회,1주 전
Crazy Shopping 게임,https://www.youtube.com/watch?v=2bh5G1Wavlw,1회,1주 전
Crazy Shopping 게임,https://www.youtube.com/watch?v=qgVnRpv0YRg,233회,1주 전
Crazy Shopping 게임,https://www.youtube.com/watch?v=Hv0g1TOTV70,없음,1주 전
Crazy Shopping 게임,https://www.youtube.com/watch?v=805UoF3N8hc,1회,1주 전
Crazy Shopping 게임,https://www.youtube.com/watch?v=FhVFuut8WGE,1회,1주 전
Crazy Shopping 게임,https://www.youtube.com/watch?v=sOvBzLLQuzA,50회,1주 전
Crazy Shopping 게임,https://www.youtube.com/watch?v=pf1cWskzCq4,없음,1주 전
Crazy Shopping 게임,https://www.youtube.com/watch?v=VDVEG66fTQM,1회,1주 전
Crazy Shopping 게임,https://www.youtube.com/watch?v=L9HJlAgX6UA,2회,1주 전
Crazy Shopping 게임,https://www.youtube.com/watch?v=3Uey2W5y7LM,1회,1주 전
Crazy Shopping 게임,https://www.youtube.com/watch?v=Df6Sf9hjX0I,3회,1주 전
Crazy Shopping 게임,https://www.youtube.com/watch?v=FBt3a0LqNjU,121회,1주 전
Crazy Shopping 게임,https://www.youtube.com/watch?v=oN_NolLyAhQ,1회,2주 전
Crazy Shopping 게임,https://www.youtube.com/watch?v=Cdd0h4eBGK4,7회,2주 전
Crazy Shopping 게임,https://www.youtube.com/watch?v=bMgMmceHa8w,3회,2주 전
Crazy Shopping 게임,https://www.youtube.com/watch?v=n5jwz91nldg,221회,2주 전
Crazy Shopping 게임,https://www.youtube.com/watch?v=b3Wb1_c-89A,3회,2주 전
Crazy Shopping 게임,https://www.youtube.com/watch?v=Im0Bvq0-vXY,4회,2주 전
Crazy Shopping 게임,https://www.youtube.com/watch?v=fMX-hz7Keo4,1회,2주 전
Crazy Shopping 게임,https://www.youtube.com/watch?v=ZXv-bps_MgQ,1회,2주 전
Crazy Shopping 게임,https://www.youtube.com/watch?v=q6RfelfXxBA,3회,2주 전
Crazy Shopping 게임,https://www.youtube.com/watch?v=gDMGzCIo-Rk,없음,2주 전
Crazy Shopping 게임,https://www.youtube.com/watch?v=j15gxdGdhVE,2회,2주 전
Crazy Shopping 게임,https://www.youtube.com/watch?v=rTcO5R0j080,1회,2주 전
Crazy Shopping 게임,https://www.youtube.com/watch?v=-CyzueHPwfs,1회,2주 전
Crazy Shopping 게임,https://www.youtube.com/watch?v=xqWTaaqIaws,5회,2주 전
Crazy Shopping 게임,https://www.youtube.com/watch?v=NiuU7U1dRfQ,1회,2주 전
Crazy Shopping 게임,https://www.youtube.com/watch?v=eijArlTsYec,65회,2주 전
Crazy Shopping 게임,https://www.youtube.com/watch?v=yx2ddXfgJNg,8회,2주 전
Crazy Shopping 게임,https://www.youtube.com/watch?v=42Zd4RXTK6c,4회,2주 전
Crazy Shopping 게임,https://www.youtube.com/watch?v=HB0QToXEJK0,1회,2주 전
Crazy Shopping 게임,https://www.youtube.com/watch?v=LvF24oM7uQQ,1회,2주 전
Crazy Shopping 게임,https://www.youtube.com/watch?v=vhJwBRS-9jc,2회,3주 전
Crazy Shopping 게임,https://www.youtube.com/watch?v=K_yG7TWo8XY,없음,3주 전
Crazy Shopping 게임,https://www.youtube.com/watch?v=WRVSxrqY7mA,없음,3주 전
Crazy Shopping 게임,https://www.youtube.com/watch?v=_3OJ-YbnjVU,없음,3주 전
Crazy Shopping 게임,https://www.youtube.com/watch?v=u7Mq9J5mAc4,22회,3주 전
Crazy Shopping 게임,https://www.youtube.com/watch?v=gvqyUMecNp4,5회,3주 전
Crazy Shopping 게임,https://www.youtube.com/watch?v=mRjye5fcIX4,12회,3주 전
Crazy Shopping 게임,https://www.youtube.com/watch?v=RsNBufCBgZY,10회,3주 전
Crazy Shopping 게임,https://www.youtube.com/watch?v=QNsKHmU6Q7I,59회,3주 전
Crazy Shopping 게임,https://www.youtube.com/watch?v=PT-GCv0ZRKc,55회,3주 전
Crazy Shopping 게임,https://www.youtube.com/watch?v=ZGnaMD67NO8,없음,3주 전
Crazy Shopping 게임,https://www.youtube.com/watch?v=ANYGetfWtno,3회,3주 전
Crazy Shopping 게임,https://www.youtube.com/watch?v=6JTV0jgc0mk,없음,3주 전
Crazy Shopping 게임,https://www.youtube.com/watch?v=qtpJ72Y-ZrA,8회,3주 전
Crazy Shopping 게임,https://www.youtube.com/watch?v=K_kv70I29ZE,20회,3주 전
Crazy Shopping 게임,https://www.youtube.com/watch?v=JqZ4yh4hwLQ,5회,3주 전
Crazy Shopping 게임,https://www.youtube.com/watch?v=Mv0ZIiyNclU,1회,3주 전
Crazy Shopping 게임,https://www.youtube.com/watch?v=lehvnpyf2BY,3회,3주 전
Crazy Shopping 게임,https://www.youtube.com/watch?v=enmZ20TnS60,없음,3주 전
Crazy Shopping 게임,https://www.youtube.com/watch?v=MOjdIjxsmQo,1.7천회,3주 전
Crazy Shopping 게임,https://www.youtube.com/watch?v=5_DZXfua5NY,12회,3주 전
Crazy Shopping 게임,https://www.youtube.com/watch?v=vFNHhlndmjk,94회,4주 전
Crazy Shopping 게임,https://www.youtube.com/watch?v=00Ift5UA864,18회,4주 전
Crazy Shopping 게임,https://www.youtube.com/watch?v=o2ASmJvsGkY,19회,4주 전
Crazy Shopping 게임,https://www.youtube.com/watch?v=_XGB3-XAAfM,없음,4주 전
Crazy Shopping 게임,https://www.youtube.com/watch?v=sPZpTntPLP4,없음,4주 전
Crazy Shopping 게임,https://www.youtube.com/watch?v=tuNQCAUJGCI,없음,4주 전
Crazy Shopping 게임,https://www.youtube.com/watch?v=N8M0nxIlIjs,8회,4주 전
Crazy Shopping 게임,https://www.youtube.com/watch?v=WQzlCQULkpg,10회,4주 전
Crazy Shopping 게임,https://www.youtube.com/watch?v=q1EThfOtnus,29회,4주 전
Crazy Shopping 게임,https://www.youtube.com/watch?v=2G3gxacqKOs,4회,1개월 전
Crazy Shopping 게임,https://www.youtube.com/watch?v=D3SrKOLopso,5회,1개월 전
Crazy Shopping 게임,https://www.youtube.com/watch?v=0jx2EM7q3ts,59회,1개월 전
Crazy Shopping 게임,https://www.youtube.com/watch?v=JiJ8pU29peg,18회,1개월 전
Crazy Shopping 게임,https://www.youtube.com/watch?v=tButkRDn3QQ,19회,1개월 전
Crazy Shopping 게임,https://www.youtube.com/watch?v=fmfjERY3mzE,189회,1개월 전
Crazy Shopping 게임,https://www.youtube.com/watch?v=Rs9ft9DXxfI,13회,1개월 전
Crazy Shopping 게임,https://www.youtube.com/watch?v=7KcPI_IBkWU,2회,1개월 전
Crazy Shopping 게임,https://www.youtube.com/watch?v=EKDfxwe5_k4,359회,1개월 전
Crazy Shopping 게임,https://www.youtube.com/watch?v=LhgYc0YzVfE,5회,1개월 전
Crazy Shopping 게임,https://www.youtube.com/watch?v=M4PvgfgqYRE,4회,1개월 전
Crazy Shopping 게임,https://www.youtube.com/watch?v=ASAUDkXEgxA,5회,1개월 전
Crazy Shopping 게임,https://www.youtube.com/watch?v=MNiJmeES0wU,83회,1개월 전
Crazy Shopping 게임,https://www.youtube.com/watch?v=xWp2a7N1hFs,117회,1개월 전
Crazy Shopping 게임,https://www.youtube.com/watch?v=m64YzUOdsIc,없음,1개월 전
Crazy Shopping 게임,https://www.youtube.com/watch?v=Sy8LiRV5vUE,7회,1개월 전
Crazy Shopping 게임,https://www.youtube.com/watch?v=w3H-cHicj18,5회,1개월 전
Crazy Shopping 게임,https://www.youtube.com/watch?v=5woPVdNTR2I,14회,1개월 전
Crazy Shopping 게임,https://www.youtube.com/watch?v=gKNLGLiXMA0,12회,1개월 전
Crazy Shopping 게임,https://www.youtube.com/watch?v=l-heQb_AmWs,17회,1개월 전
Crazy Shopping 게임,https://www.youtube.com/watch?v=94Q4GX4jTO0,20회,1개월 전
Crazy Shopping 게임,https://www.youtube.com/watch?v=7zzhXpbdjDE,4.6천회,1개월 전
Crazy Shopping 게임,https://www.youtube.com/watch?v=9oOb8AR_57o,20회,1개월 전
Crazy Shopping 게임,https://www.youtube.com/watch?v=B91o_hG3l0k,7회,스트리밍 시간: 1개월 전
Crazy Shopping 게임,https://www.youtube.com/watch?v=wL0ls4cJJdQ,14회,1개월 전
Crazy Shopping 게임,https://www.youtube.com/watch?v=wPWHRqrndIk,8회,1개월 전
Crazy Shopping 게임,https://www.youtube.com/watch?v=C_EsrscIrrA,273회,1개월 전
Crazy Shopping 게임,https://www.youtube.com/watch?v=s7F8WO2NNxI,3회,1개월 전
Crazy Shopping 게임,https://www.youtube.com/watch?v=xpgADwVFvFU,8회,1개월 전
Crazy Shopping 게임,https://www.youtube.com/watch?v=gqHWB4LOMHc,없음,1개월 전
Crazy Shopping 게임,https://www.youtube.com/watch?v=xy6ixb9klwk,5회,1개월 전
Crazy Shopping 게임,https://www.youtube.com/watch?v=HewgC-KL5yQ,없음,1개월 전
Crazy Shopping 게임,https://www.youtube.com/watch?v=X29ZjsebYXQ,2회,1개월 전
Crazy Shopping 게임,https://www.youtube.com/watch?v=KAiZtJ-OPzM,618회,1개월 전
Crazy Shopping 게임,https://www.youtube.com/watch?v=h81tMHjWWI8,14회,1개월 전
Crazy Shopping 게임,https://www.youtube.com/watch?v=gldNxZu1OZo,69회,1개월 전
Crazy Shopping 게임,https://www.youtube.com/watch?v=NaMhWsjJi9c,79회,1개월 전
Crazy Shopping 게임,https://www.youtube.com/watch?v=ASOJbDR0l74,265회,1개월 전
Crazy Shopping 게임,https://www.youtube.com/watch?v=qx8gDM4lc8I,14회,1개월 전
Crazy Shopping 게임,https://www.youtube.com/watch?v=4urd41NZiiA,6회,1개월 전
Crazy Shopping 게임,https://www.youtube.com/watch?v=e3kj97HAqgU,459회,1개월 전
Crazy Shopping 게임,https://www.youtube.com/watch?v=-ghA44NXdLo,35회,1개월 전
Crazy Shopping 게임,https://www.youtube.com/watch?v=Zl1eBPaXcwI,22회,1개월 전
Crazy Shopping 게임,https://www.youtube.com/watch?v=9lpRekdDN2s,3회,1개월 전
Crazy Shopping 게임,https://www.youtube.com/watch?v=14HGEWoZ0yE,4.5천회,1개월 전
Crazy Shopping 게임,https://www.youtube.com/watch?v=nS0LDQcSp_0,8회,1개월 전
Crazy Shopping 게임,https://www.youtube.com/watch?v=E_JJCN6gS7A,9회,1개월 전
Crazy Shopping 게임,https://www.youtube.com/watch?v=d0Vcw9ynLhQ,8회,1개월 전
Crazy Shopping 게임,https://www.youtube.com/watch?v=N9BfOTzQkFw,2회,1개월 전
Crazy Shopping 게임,https://www.youtube.com/watch?v=P1yALkha-2E,26회,1개월 전
Crazy Shopping 게임,https://www.youtube.com/watch?v=OacCsI3_4wg,1천회,1개월 전
Crazy Shopping 게임,https://www.youtube.com/watch?v=81VcACK46dM,26회,1개월 전
Crazy Shopping 게임,https://www.youtube.com/watch?v=rU4CVJbE6Jw,14회,1개월 전
Crazy Shopping 게임,https://www.youtube.com/watch?v=o9eWpgFajUE,46회,1개월 전
Crazy Shopping 게임,https://www.youtube.com/watch?v=RweyJOzZctM,3회,1개월 전
Crazy Shopping 게임,https://www.youtube.com/watch?v=WPv2uSIiJFk,544회,1개월 전
Crazy Shopping 게임,https://www.youtube.com/watch?v=CnNDI1CP3z8,4.7천회,1개월 전
Crazy Shopping 게임,https://www.youtube.com/watch?v=jZc7ibqmFoI,47회,1개월 전
Crazy Shopping 게임,https://www.youtube.com/watch?v=Rf_o4j2isrg,21회,1개월 전
Crazy Shopping 게임,https://www.youtube.com/watch?v=wAJW0lMnhOU,334회,1개월 전
Crazy Shopping 게임,https://www.youtube.com/watch?v=n0P0K2ZVsKM,138회,1개월 전
Crazy Shopping 게임,https://www.youtube.com/watch?v=ngznSzfj81U,7.1천회,1개월 전
Crazy Shopping 게임,https://www.youtube.com/watch?v=UrnVVe9W76I,510회,1개월 전
Crazy Shopping 게임,https://www.youtube.com/watch?v=6_2PvSoifW4,1.3천회,1개월 전
Crazy Shopping 게임,https://www.youtube.com/watch?v=2gRnaVUN8Os,434회,1개월 전
Crazy Shopping 게임,https://www.youtube.com/watch?v=c8gxqnoYy-M,503회,스트리밍 시간: 1개월 전
Crazy Shopping 게임,https://www.youtube.com/watch?v=AUliKE6Kovg,315회,1개월 전
Crazy Shopping 게임,https://www.youtube.com/watch?v=Z4eCj9dngK4,1.3천회,1개월 전
Crazy Shopping 게임,https://www.youtube.com/watch?v=4Gfg-s6h1gc,292회,1개월 전
Crazy Shopping 게임,https://www.youtube.com/watch?v=9kVSnqyQGaM,1.2천회,스트리밍 시간: 1개월 전
Crazy Shopping 게임,https://www.youtube.com/watch?v=rkstcFTPXDc,1.4천회,1개월 전
Crazy Shopping 게임,https://www.youtube.com/watch?v=-aRwcTzSN1Y,1.3천회,1개월 전
Crazy Shopping 게임,https://www.youtube.com/watch?v=GFajd6_nfzU,1.6천회,1개월 전
Crazy Shopping 게임,https://www.youtube.com/watch?v=YxKEHaLDu2E,2.5천회,1개월 전
Crazy Shopping 게임,https://www.youtube.com/watch?v=Xc7ItYtfx3c,3.7천회,1개월 전
Crazy Shopping 게임,https://www.youtube.com/watch?v=yhXfzPxS-JU,1.8천회,1개월 전
Crazy Shopping 게임,https://www.youtube.com/watch?v=9MH9b4elEk4,360회,1개월 전
Crazy Shopping 게임,https://www.youtube.com/watch?v=FLAEtDmo1bU,90회,1개월 전
Crazy Shopping 게임,https://www.youtube.com/watch?v=NeTs05dhxaY,339회,1개월 전
Crazy Shopping 게임,https://www.youtube.com/watch?v=ys11LC3_NQI,662회,1개월 전
Crazy Shopping 게임,https://www.youtube.com/watch?v=vIg6scPZDnk,39회,1개월 전
Crazy Shopping 게임,https://www.youtube.com/watch?v=K26Dz35Qovo,724회,1개월 전
Crazy Shopping 게임,https://www.youtube.com/watch?v=697bGhg2Xfs,580회,1개월 전
Crazy Shopping 게임,https://www.youtube.com/watch?v=CJAh1fd2M_c,192회,1개월 전
Crazy Shopping 게임,https://www.youtube.com/watch?v=savYqOnIbgU,384회,1개월 전
Crazy Shopping 게임,https://www.youtube.com/watch?v=QTSARH__iPw,1.7천회,1개월 전
Crazy Shopping 게임,https://www.youtube.com/watch?v=gt4iIdgLxog,754회,1개월 전
Crazy Shopping 게임,https://www.youtube.com/watch?v=EarryTf7icI,1.9만회,1개월 전
Crazy Shopping 게임,https://www.youtube.com/watch?v=6UZaPQXAGb0,5.8천회,1개월 전
Crazy Shopping 게임,https://www.youtube.com/watch?v=LGih1bQzr2g,212회,1개월 전
Crazy Shopping 게임,https://www.youtube.com/watch?v=Sb-51-NIZb8,888회,1개월 전
Crazy Shopping 게임,https://www.youtube.com/watch?v=IUh2be0BtUg,199회,1개월 전
Crazy Shopping 게임,https://www.youtube.com/watch?v=hatDsjOjIlg,214회,1개월 전
Crazy Shopping 게임,https://www.youtube.com/watch?v=vIrUJEoG97U,614회,1개월 전
Crazy Shopping 게임,https://www.youtube.com/watch?v=jtoOpxsUsZY,2.1만회,1개월 전
Crazy Shopping 게임,https://www.youtube.com/watch?v=hT3HWxkEcco,349회,1개월 전
Crazy Shopping 게임,https://www.youtube.com/watch?v=_LhDgT_UIbI,634회,1개월 전
Crazy Shopping 게임,https://www.youtube.com/watch?v=JO51EfnMYy4,6.1천회,1개월 전
Crazy Shopping 게임,https://www.youtube.com/watch?v=qbtssBPfKNc,496회,1개월 전
Crazy Shopping 게임,https://www.youtube.com/watch?v=l8IvMbGVXsA,984회,1개월 전
Crazy Shopping 게임,https://www.youtube.com/watch?v=8EvFXZ-o-8g,951회,2개월 전
Crazy Shopping 게임,https://www.youtube.com/watch?v=uEcCQe6FBHQ,1.3천회,2개월 전
Crazy Shopping 게임,https://www.youtube.com/watch?v=-J1_2fHjNOQ,4천회,2개월 전
Crazy Shopping 게임,https://www.youtube.com/watch?v=8YSBhpWEFJI,68회,2개월 전
Crazy Shopping 게임,https://www.youtube.com/watch?v=H90uDCdIM48,107회,3개월 전
Crazy Shopping 게임,https://www.youtube.com/watch?v=8Ame913mruo,26만회,3개월 전
Crazy Shopping 게임,https://www.youtube.com/watch?v=rHRGH0hn3b0,256회,4개월 전
Crazy Shopping 게임,https://www.youtube.com/watch?v=AwYo5U5Zn7Q,198회,6개월 전
Crazy Shopping 게임,https://www.youtube.com/watch?v=iDqhZvy44nI,45회,8개월 전
Crazy Shopping 게임,https://www.youtube.com/watch?v=ZZhk3wJdAR8,79회,8개월 전
Crazy Shopping 게임,https://www.youtube.com/watch?v=1nXPqtlDFAA,351회,9개월 전
Crazy Shopping 게임,https://www.youtube.com/watch?v=lpblptKtHWA,50회,9개월 전
Crazy Shopping 게임,https://www.youtube.com/watch?v=8-EastSh6l0,108만회,10개월 전
Crazy Shopping 게임,https://www.youtube.com/watch?v=W-WGVNbCwP8,223회,10개월 전
