﻿search,youtube_url,viewer,upload
계급장 키우기 게임,https://www.youtube.com/watch?v=L3kYCyqP6NY,2회,21시간 전
계급장 키우기 게임,https://www.youtube.com/watch?v=T1c7f2KckYU,15회,5일 전
계급장 키우기 게임,https://www.youtube.com/watch?v=s8_-yJnu4x8,1회,6일 전
계급장 키우기 게임,https://www.youtube.com/watch?v=zMh8nTvxjM4,11회,1주 전
계급장 키우기 게임,https://www.youtube.com/watch?v=fqfCAmht21A,없음,1주 전
계급장 키우기 게임,https://www.youtube.com/watch?v=O1QxsN4mUBE,19회,1주 전
계급장 키우기 게임,https://www.youtube.com/watch?v=1_d1OyID-co,2회,1주 전
계급장 키우기 게임,https://www.youtube.com/watch?v=6F9AAz5jB58,13회,2주 전
계급장 키우기 게임,https://www.youtube.com/watch?v=bca_j7WIEEY,4회,2주 전
계급장 키우기 게임,https://www.youtube.com/watch?v=qMSicIfTgco,없음,2주 전
계급장 키우기 게임,https://www.youtube.com/watch?v=qnqhkU5LQjY,없음,2주 전
계급장 키우기 게임,https://www.youtube.com/watch?v=Z4aVTjBV86M,없음,3주 전
계급장 키우기 게임,https://www.youtube.com/watch?v=AB4ITw4k1FE,4.4만회,3주 전
계급장 키우기 게임,https://www.youtube.com/watch?v=lEIpdou8pBU,327회,3주 전
계급장 키우기 게임,https://www.youtube.com/watch?v=THODMSmOWOY,없음,3주 전
계급장 키우기 게임,https://www.youtube.com/watch?v=DMwdThdiwhY,20회,4주 전
계급장 키우기 게임,https://www.youtube.com/watch?v=j-ktTn6DsJQ,1회,1개월 전
계급장 키우기 게임,https://www.youtube.com/watch?v=5zWBkpwEgCU,3만회,1개월 전
계급장 키우기 게임,https://www.youtube.com/watch?v=m3Mgg34Q2bY,6회,1개월 전
계급장 키우기 게임,https://www.youtube.com/watch?v=7Rw1fuWDgQ4,353회,1개월 전
계급장 키우기 게임,https://www.youtube.com/watch?v=IFRvg4n334o,135회,1개월 전
계급장 키우기 게임,https://www.youtube.com/watch?v=mL7NggZQo3Q,1회,1개월 전
계급장 키우기 게임,https://www.youtube.com/watch?v=rfq5hKMF9F8,3회,1개월 전
계급장 키우기 게임,https://www.youtube.com/watch?v=Bpe5h0xlOWc,5회,1개월 전
계급장 키우기 게임,https://www.youtube.com/watch?v=171W5DkbFO8,13회,1개월 전
계급장 키우기 게임,https://www.youtube.com/watch?v=IqIeerOZaAQ,3회,1개월 전
계급장 키우기 게임,https://www.youtube.com/watch?v=Oe3g1Snd08M,12회,1개월 전
계급장 키우기 게임,https://www.youtube.com/watch?v=trQ2Ka7Rbws,11회,2개월 전
계급장 키우기 게임,https://www.youtube.com/watch?v=fwW5s6ZbxkA,11회,2개월 전
계급장 키우기 게임,https://www.youtube.com/watch?v=64nEevsa-EE,7회,2개월 전
계급장 키우기 게임,https://www.youtube.com/watch?v=fC-7JwLFHY0,30회,2개월 전
계급장 키우기 게임,https://www.youtube.com/watch?v=t8kIMEvSb7k,6회,2개월 전
계급장 키우기 게임,https://www.youtube.com/watch?v=QEiKnOzZB7w,3.8만회,2개월 전
계급장 키우기 게임,https://www.youtube.com/watch?v=mHb16hJzUkE,4회,3개월 전
계급장 키우기 게임,https://www.youtube.com/watch?v=H6ieOLaa_Jk,5.3천회,3개월 전
계급장 키우기 게임,https://www.youtube.com/watch?v=iBv96YPElo8,992회,3개월 전
계급장 키우기 게임,https://www.youtube.com/watch?v=lVhBWb7-wm4,11만회,3개월 전
계급장 키우기 게임,https://www.youtube.com/watch?v=ALZ7HkSrJbc,208회,3개월 전
계급장 키우기 게임,https://www.youtube.com/watch?v=kNM9rSV2epk,11만회,3개월 전
계급장 키우기 게임,https://www.youtube.com/watch?v=BwGlFT2LU5I,2.6천회,3개월 전
계급장 키우기 게임,https://www.youtube.com/watch?v=Xbhb9X6r9UY,4.3천회,3개월 전
계급장 키우기 게임,https://www.youtube.com/watch?v=s3JpBjpJu9w,73회,3개월 전
계급장 키우기 게임,https://www.youtube.com/watch?v=1OtjXDVezW8,353회,3개월 전
계급장 키우기 게임,https://www.youtube.com/watch?v=yqkAMZk0CMc,201회,3개월 전
계급장 키우기 게임,https://www.youtube.com/watch?v=k_o5apU-09g,4.2천회,3개월 전
계급장 키우기 게임,https://www.youtube.com/watch?v=uLG78Ex0aBA,184회,3개월 전
계급장 키우기 게임,https://www.youtube.com/watch?v=T0iP5A4Bphw,27회,3개월 전
계급장 키우기 게임,https://www.youtube.com/watch?v=kiXOtH-uVkw,19회,3개월 전
계급장 키우기 게임,https://www.youtube.com/watch?v=VhWRtki8xQI,9회,3개월 전
계급장 키우기 게임,https://www.youtube.com/watch?v=-G5bBavG9mU,21회,3개월 전
계급장 키우기 게임,https://www.youtube.com/watch?v=9Adp6GM83S0,39회,3개월 전
계급장 키우기 게임,https://www.youtube.com/watch?v=yxSOYtdKTdY,9회,3개월 전
계급장 키우기 게임,https://www.youtube.com/watch?v=SQICqMmvXOI,26회,3개월 전
계급장 키우기 게임,https://www.youtube.com/watch?v=6yKd4kc-rTE,12회,3개월 전
계급장 키우기 게임,https://www.youtube.com/watch?v=6Sf3bS_v6DI,12회,3개월 전
계급장 키우기 게임,https://www.youtube.com/watch?v=81mhVoqS4rI,12회,3개월 전
계급장 키우기 게임,https://www.youtube.com/watch?v=ZJvHb8ehKMU,27회,3개월 전
계급장 키우기 게임,https://www.youtube.com/watch?v=KyyEOJbhrFo,15회,3개월 전
계급장 키우기 게임,https://www.youtube.com/watch?v=bub4p5T108M,9회,3개월 전
계급장 키우기 게임,https://www.youtube.com/watch?v=ja5UNWfDeSI,7회,3개월 전
계급장 키우기 게임,https://www.youtube.com/watch?v=FUNNjudzD5M,14회,3개월 전
계급장 키우기 게임,https://www.youtube.com/watch?v=pqcq1woqr98,51회,3개월 전
계급장 키우기 게임,https://www.youtube.com/watch?v=Bef7hFNnmDQ,4회,3개월 전
계급장 키우기 게임,https://www.youtube.com/watch?v=VXHUgpK-7eU,269회,3개월 전
계급장 키우기 게임,https://www.youtube.com/watch?v=lLlqIGiExkM,1.3천회,3개월 전
계급장 키우기 게임,https://www.youtube.com/watch?v=P86myer9_G4,362회,3개월 전
계급장 키우기 게임,https://www.youtube.com/watch?v=y_VlN0b1Zeg,18만회,3개월 전
계급장 키우기 게임,https://www.youtube.com/watch?v=zV715sZnd5A,528회,3개월 전
계급장 키우기 게임,https://www.youtube.com/watch?v=IJGA6-Tf0nA,409회,3개월 전
계급장 키우기 게임,https://www.youtube.com/watch?v=dUv_YF-Nfd0,463회,3개월 전
계급장 키우기 게임,https://www.youtube.com/watch?v=dYMm4NbPf_Y,7회,3개월 전
계급장 키우기 게임,https://www.youtube.com/watch?v=mvJpbpPG8pU,57회,3개월 전
계급장 키우기 게임,https://www.youtube.com/watch?v=rk_JjlOFevs,237회,3개월 전
계급장 키우기 게임,https://www.youtube.com/watch?v=OyyEChbLEIk,313회,3개월 전
계급장 키우기 게임,https://www.youtube.com/watch?v=QoalIALKpaA,469회,3개월 전
계급장 키우기 게임,https://www.youtube.com/watch?v=Xg5ouirfwQk,1.9천회,3개월 전
계급장 키우기 게임,https://www.youtube.com/watch?v=WtGgLcq9nrk,9회,3개월 전
계급장 키우기 게임,https://www.youtube.com/watch?v=xZyA-YMn7zY,2회,3개월 전
계급장 키우기 게임,https://www.youtube.com/watch?v=ObD4_aUEv7o,5회,3개월 전
계급장 키우기 게임,https://www.youtube.com/watch?v=Ylr6xx1Qluk,18회,3개월 전
계급장 키우기 게임,https://www.youtube.com/watch?v=CVpswxKmQXI,7.5만회,3개월 전
계급장 키우기 게임,https://www.youtube.com/watch?v=C9w7BnSbR5w,3회,4개월 전
계급장 키우기 게임,https://www.youtube.com/watch?v=Jp-nq7BFG_I,3회,4개월 전
계급장 키우기 게임,https://www.youtube.com/watch?v=58a3CEY-VtI,7회,4개월 전
계급장 키우기 게임,https://www.youtube.com/watch?v=a7OcwYBij1A,686회,4개월 전
계급장 키우기 게임,https://www.youtube.com/watch?v=EKWFS6a15Kk,45회,4개월 전
계급장 키우기 게임,https://www.youtube.com/watch?v=MrXYDE2VMvg,2천회,4개월 전
계급장 키우기 게임,https://www.youtube.com/watch?v=AB3C7a8_SUo,10회,4개월 전
계급장 키우기 게임,https://www.youtube.com/watch?v=OAQjExRU6SQ,14회,4개월 전
계급장 키우기 게임,https://www.youtube.com/watch?v=BmQe78N9Idc,13회,4개월 전
계급장 키우기 게임,https://www.youtube.com/watch?v=MzV8P-dN3uY,4회,4개월 전
계급장 키우기 게임,https://www.youtube.com/watch?v=nM_ccf9eNpk,2회,4개월 전
계급장 키우기 게임,https://www.youtube.com/watch?v=wYMnitwzvsw,8회,4개월 전
계급장 키우기 게임,https://www.youtube.com/watch?v=64C1H7wota4,2회,4개월 전
계급장 키우기 게임,https://www.youtube.com/watch?v=MX3-eXflC4k,21회,4개월 전
계급장 키우기 게임,https://www.youtube.com/watch?v=xWk43hQlYBw,4회,4개월 전
계급장 키우기 게임,https://www.youtube.com/watch?v=ggFvZDInVqY,2회,4개월 전
계급장 키우기 게임,https://www.youtube.com/watch?v=P2GPfyzwjLA,9.8만회,4개월 전
계급장 키우기 게임,https://www.youtube.com/watch?v=yJlXzEZ1xzU,5.5만회,4개월 전
계급장 키우기 게임,https://www.youtube.com/watch?v=0kwM7LUdGY8,1회,4개월 전
계급장 키우기 게임,https://www.youtube.com/watch?v=C5WlcZDBCRQ,5회,4개월 전
계급장 키우기 게임,https://www.youtube.com/watch?v=XDK5_gpNJhc,3회,4개월 전
계급장 키우기 게임,https://www.youtube.com/watch?v=7JSUospiHGM,32회,4개월 전
계급장 키우기 게임,https://www.youtube.com/watch?v=A2y6Q4zNaz8,50회,4개월 전
계급장 키우기 게임,https://www.youtube.com/watch?v=MDzNk8AEl2g,32회,4개월 전
계급장 키우기 게임,https://www.youtube.com/watch?v=TKLi4T3bDb0,4회,4개월 전
계급장 키우기 게임,https://www.youtube.com/watch?v=5z5WM4cz8-0,5회,4개월 전
계급장 키우기 게임,https://www.youtube.com/watch?v=rswJvl8Fyps,5회,4개월 전
계급장 키우기 게임,https://www.youtube.com/watch?v=_fknRFg1sQw,4회,4개월 전
계급장 키우기 게임,https://www.youtube.com/watch?v=ogzwC_6N3hk,41회,4개월 전
계급장 키우기 게임,https://www.youtube.com/watch?v=b3etQioIN-0,121회,4개월 전
계급장 키우기 게임,https://www.youtube.com/watch?v=qZ1S8yPKe1s,50회,4개월 전
계급장 키우기 게임,https://www.youtube.com/watch?v=fsqtvRreG-k,15회,4개월 전
계급장 키우기 게임,https://www.youtube.com/watch?v=ShGltolJyAE,21회,4개월 전
계급장 키우기 게임,https://www.youtube.com/watch?v=XzVlaiokBto,1회,4개월 전
계급장 키우기 게임,https://www.youtube.com/watch?v=Nes9SqJbAMI,2회,4개월 전
계급장 키우기 게임,https://www.youtube.com/watch?v=Xb_qNW3s580,53회,4개월 전
계급장 키우기 게임,https://www.youtube.com/watch?v=uj5wNTqEQIY,5.5만회,4개월 전
계급장 키우기 게임,https://www.youtube.com/watch?v=f7z8sBc9wRk,1.1천회,4개월 전
계급장 키우기 게임,https://www.youtube.com/watch?v=nYqtHmZOLwg,2.1천회,4개월 전
계급장 키우기 게임,https://www.youtube.com/watch?v=_fAxvW1Ki3U,8.3만회,5개월 전
계급장 키우기 게임,https://www.youtube.com/watch?v=N5lIm8qAlMY,9.2천회,5개월 전
계급장 키우기 게임,https://www.youtube.com/watch?v=ckcifzE8cYc,3.3만회,5개월 전
계급장 키우기 게임,https://www.youtube.com/watch?v=TBSRtBhSB9g,797회,5개월 전
계급장 키우기 게임,https://www.youtube.com/watch?v=dgi8rhL9YHQ,2.6천회,5개월 전
계급장 키우기 게임,https://www.youtube.com/watch?v=8DVlt_ktv1A,4.9만회,5개월 전
계급장 키우기 게임,https://www.youtube.com/watch?v=3_1NHO65oNY,1.8만회,5개월 전
계급장 키우기 게임,https://www.youtube.com/watch?v=gRPshFN0OrE,788회,5개월 전
계급장 키우기 게임,https://www.youtube.com/watch?v=X1TFe0OQI4Y,376회,5개월 전
계급장 키우기 게임,https://www.youtube.com/watch?v=gwbjwyyy1Ig,9.7만회,5개월 전
계급장 키우기 게임,https://www.youtube.com/watch?v=FxjyEQyiBfY,1.1천회,5개월 전
계급장 키우기 게임,https://www.youtube.com/watch?v=XNjcm0pLl8Q,1.6천회,5개월 전
계급장 키우기 게임,https://www.youtube.com/watch?v=-pBE8eem6dI,1.4천회,5개월 전
계급장 키우기 게임,https://www.youtube.com/watch?v=pGYaWCCGv2g,3.7만회,5개월 전
계급장 키우기 게임,https://www.youtube.com/watch?v=dcB9_sSMQDg,602회,5개월 전
계급장 키우기 게임,https://www.youtube.com/watch?v=EdyYhPuXVFQ,1.5천회,5개월 전
계급장 키우기 게임,https://www.youtube.com/watch?v=S9YOaHcDehc,24만회,5개월 전
계급장 키우기 게임,https://www.youtube.com/watch?v=SYILUJNbiUI,9.4만회,5개월 전
계급장 키우기 게임,https://www.youtube.com/watch?v=F_gpHVkC8qY,3.9천회,5개월 전
계급장 키우기 게임,https://www.youtube.com/watch?v=HdlEeN4AOK4,3.8천회,6개월 전
계급장 키우기 게임,https://www.youtube.com/watch?v=btcHf2SsxeA,6.4천회,6개월 전
계급장 키우기 게임,https://www.youtube.com/watch?v=iporhzEldFk,8.6만회,6개월 전
계급장 키우기 게임,https://www.youtube.com/watch?v=2-bxawDj1bE,3.6천회,6개월 전
계급장 키우기 게임,https://www.youtube.com/watch?v=8kAg0yEIfLQ,2.7만회,6개월 전
계급장 키우기 게임,https://www.youtube.com/watch?v=obxqtv8gA7Q,5.5천회,6개월 전
계급장 키우기 게임,https://www.youtube.com/watch?v=YuA5Oc2wh5s,13만회,6개월 전
계급장 키우기 게임,https://www.youtube.com/watch?v=-sLSzdkaDN4,32만회,6개월 전
계급장 키우기 게임,https://www.youtube.com/watch?v=VJIoDv0OHow,1.7만회,6개월 전
계급장 키우기 게임,https://www.youtube.com/watch?v=uWntFMeAX9M,4.6만회,6개월 전
계급장 키우기 게임,https://www.youtube.com/watch?v=mrgg-QmKlv8,6.6만회,6개월 전
계급장 키우기 게임,https://www.youtube.com/watch?v=Uz67Czb8o2k,30만회,6개월 전
계급장 키우기 게임,https://www.youtube.com/watch?v=q_jfVUKWCls,8.5만회,6개월 전
계급장 키우기 게임,https://www.youtube.com/watch?v=KujfwkRNoJ4,7만회,6개월 전
계급장 키우기 게임,https://www.youtube.com/watch?v=20I7R0tp6xA,9.6만회,7개월 전
계급장 키우기 게임,https://www.youtube.com/watch?v=DwX20Xrlp-M,12만회,7개월 전
계급장 키우기 게임,https://www.youtube.com/watch?v=SPWw-gaTKdA,1.2만회,7개월 전
계급장 키우기 게임,https://www.youtube.com/watch?v=mxjQa0upYng,7.7만회,7개월 전
계급장 키우기 게임,https://www.youtube.com/watch?v=mh5gWXVFe8E,220회,7개월 전
계급장 키우기 게임,https://www.youtube.com/watch?v=3HsGrnzwnQE,4.1천회,7개월 전
계급장 키우기 게임,https://www.youtube.com/watch?v=GaL-zS6gcJk,6.4천회,7개월 전
계급장 키우기 게임,https://www.youtube.com/watch?v=GCqsWKSPRKs,2.1만회,7개월 전
계급장 키우기 게임,https://www.youtube.com/watch?v=yKzcpaKIs6c,2만회,7개월 전
계급장 키우기 게임,https://www.youtube.com/watch?v=0FsJxZOrPVQ,7.8천회,7개월 전
계급장 키우기 게임,https://www.youtube.com/watch?v=vKhVgglqaNs,1.6만회,7개월 전
계급장 키우기 게임,https://www.youtube.com/watch?v=IBIA2hcpDcM,1.3만회,7개월 전
계급장 키우기 게임,https://www.youtube.com/watch?v=ZPCGkCqOaDs,857회,7개월 전
계급장 키우기 게임,https://www.youtube.com/watch?v=8psFqlEUmSM,742회,7개월 전
계급장 키우기 게임,https://www.youtube.com/watch?v=ioqafw3ZMB4,1만회,8개월 전
계급장 키우기 게임,https://www.youtube.com/watch?v=onFDqdqspPM,5.9천회,8개월 전
계급장 키우기 게임,https://www.youtube.com/watch?v=aqrDALU_BOk,976회,8개월 전
계급장 키우기 게임,https://www.youtube.com/watch?v=Ef2KQZvX6s8,1천회,8개월 전
계급장 키우기 게임,https://www.youtube.com/watch?v=UWK-aLIgBkk,899회,8개월 전
계급장 키우기 게임,https://www.youtube.com/watch?v=xhMjTWGMBss,2.6만회,8개월 전
계급장 키우기 게임,https://www.youtube.com/watch?v=LExB_3vSMik,8.1천회,8개월 전
계급장 키우기 게임,https://www.youtube.com/watch?v=SPVdFTe5G0M,105회,8개월 전
계급장 키우기 게임,https://www.youtube.com/watch?v=fvEBMITq86I,3.4천회,8개월 전
계급장 키우기 게임,https://www.youtube.com/watch?v=Od2nbfVxBQw,1.2천회,스트리밍 시간: 9개월 전
계급장 키우기 게임,https://www.youtube.com/watch?v=c8Gn0QuFIMs,844회,스트리밍 시간: 9개월 전
계급장 키우기 게임,https://www.youtube.com/watch?v=lbNOKFHmLXw,5.1천회,스트리밍 시간: 9개월 전
계급장 키우기 게임,https://www.youtube.com/watch?v=L80EOHLAqbs,3.4만회,9개월 전
계급장 키우기 게임,https://www.youtube.com/watch?v=qmJEyFZCLQQ,1.4천회,9개월 전
계급장 키우기 게임,https://www.youtube.com/watch?v=4hDuixkTRXU,4.6천회,9개월 전
계급장 키우기 게임,https://www.youtube.com/watch?v=qfn1i_el1pA,8.6만회,9개월 전
계급장 키우기 게임,https://www.youtube.com/watch?v=eACMoT1tju0,59만회,9개월 전
계급장 키우기 게임,https://www.youtube.com/watch?v=RPoV5HqrY98,3.8만회,9개월 전
계급장 키우기 게임,https://www.youtube.com/watch?v=-48cLNIO2bQ,16만회,9개월 전
계급장 키우기 게임,https://www.youtube.com/watch?v=Jd5rZJgbcSs,2.1천회,10개월 전
계급장 키우기 게임,https://www.youtube.com/watch?v=RKNJuzQt29Y,41회,10개월 전
계급장 키우기 게임,https://www.youtube.com/watch?v=nxYgv_upZlI,886회,10개월 전
계급장 키우기 게임,https://www.youtube.com/watch?v=DrW4d0UjoSI,2.3만회,10개월 전
계급장 키우기 게임,https://www.youtube.com/watch?v=DBhjskr_GVg,93만회,10개월 전
계급장 키우기 게임,https://www.youtube.com/watch?v=SVNCLtukaag,14만회,10개월 전
계급장 키우기 게임,https://www.youtube.com/watch?v=FAnBp0ohN5Y,41만회,10개월 전
계급장 키우기 게임,https://www.youtube.com/watch?v=z6-DijrqWB0,29만회,11개월 전
계급장 키우기 게임,https://www.youtube.com/watch?v=QIibSraT4yY,3.5만회,11개월 전
계급장 키우기 게임,https://www.youtube.com/watch?v=nkmKhSCVA54,7.9천회,11개월 전
계급장 키우기 게임,https://www.youtube.com/watch?v=LK7t-c5bL9M,88만회,11개월 전
계급장 키우기 게임,https://www.youtube.com/watch?v=pK_B3BR6YWM,4천회,11개월 전
계급장 키우기 게임,https://www.youtube.com/watch?v=_GDwMZ4j53A,12만회,11개월 전
계급장 키우기 게임,https://www.youtube.com/watch?v=jBazIK2AjBE,7.5만회,11개월 전
계급장 키우기 게임,https://www.youtube.com/watch?v=hXbsiQpp-WI,3.2천회,11개월 전
계급장 키우기 게임,https://www.youtube.com/watch?v=5xqSbCl9pK0,1만회,11개월 전
계급장 키우기 게임,https://www.youtube.com/watch?v=UU9qR_d8meg,3천회,11개월 전
계급장 키우기 게임,https://www.youtube.com/watch?v=3jGNZXA2Ri8,689회,11개월 전
