﻿search,youtube_url,viewer,upload
클래시 로얄 게임,https://www.youtube.com/watch?v=QaqTpEtVFtA,184회,22분 전
클래시 로얄 게임,https://www.youtube.com/watch?v=nO7N97Nq6vI,없음,1시간 전
클래시 로얄 게임,https://www.youtube.com/watch?v=DpryBl_x7SA,1.2만회,2시간 전
클래시 로얄 게임,https://www.youtube.com/watch?v=zkAo6xQbyFA,5회,스트리밍 시간: 3시간 전
클래시 로얄 게임,https://www.youtube.com/watch?v=-nawTr9fljQ,없음,스트리밍 시간: 3시간 전
클래시 로얄 게임,https://www.youtube.com/watch?v=-naMMc3niz4,1.6천회,3시간 전
클래시 로얄 게임,https://www.youtube.com/watch?v=NzT0pVXjEKg,8회,스트리밍 시간: 4시간 전
클래시 로얄 게임,https://www.youtube.com/watch?v=jrKqHkdk9nc,없음,19시간 전
클래시 로얄 게임,https://www.youtube.com/watch?v=HQXVhSenkDI,없음,스트리밍 시간: 21시간 전
클래시 로얄 게임,https://www.youtube.com/watch?v=LM_SujGofAs,1회,21시간 전
클래시 로얄 게임,https://www.youtube.com/watch?v=dUduoKSfBTs,13회,21시간 전
클래시 로얄 게임,https://www.youtube.com/watch?v=NOsz27CrWYY,4회,23시간 전
클래시 로얄 게임,https://www.youtube.com/watch?v=irwz_5894yI,19회,1일 전
클래시 로얄 게임,https://www.youtube.com/watch?v=nWWXxjc1tPY,7회,1일 전
클래시 로얄 게임,https://www.youtube.com/watch?v=tMtidXz4ij8,5회,1일 전
클래시 로얄 게임,https://www.youtube.com/watch?v=VqQxXZPOg7E,5회,1일 전
클래시 로얄 게임,https://www.youtube.com/watch?v=ZNdMcEEBbtM,1회,1일 전
클래시 로얄 게임,https://www.youtube.com/watch?v=6GWqTYK3HZM,없음,1일 전
클래시 로얄 게임,https://www.youtube.com/watch?v=Jx-p5VStP2w,5.8만회,1일 전
클래시 로얄 게임,https://www.youtube.com/watch?v=mhLvEVCSFvw,6회,1일 전
클래시 로얄 게임,https://www.youtube.com/watch?v=trlLZVtQuZs,99회,1일 전
클래시 로얄 게임,https://www.youtube.com/watch?v=BiuSpuZpR8Y,8회,1일 전
클래시 로얄 게임,https://www.youtube.com/watch?v=j9zalKVa3fA,없음,1일 전
클래시 로얄 게임,https://www.youtube.com/watch?v=jMk5v_vjcWU,2회,1일 전
클래시 로얄 게임,https://www.youtube.com/watch?v=mMILwRpOq88,51회,1일 전
클래시 로얄 게임,https://www.youtube.com/watch?v=tii0uC8_g3M,3회,1일 전
클래시 로얄 게임,https://www.youtube.com/watch?v=sctzYuD1Lcs,2회,1일 전
클래시 로얄 게임,https://www.youtube.com/watch?v=6z-CZfhYq_s,1회,1일 전
클래시 로얄 게임,https://www.youtube.com/watch?v=Z4mIQ1cE2zQ,4회,1일 전
클래시 로얄 게임,https://www.youtube.com/watch?v=KyqfnF4JmVA,23회,1일 전
클래시 로얄 게임,https://www.youtube.com/watch?v=JJHR_mVRsII,없음,1일 전
클래시 로얄 게임,https://www.youtube.com/watch?v=Ey2gvT7u9Js,2회,1일 전
클래시 로얄 게임,https://www.youtube.com/watch?v=_6pMVyp1ofs,6회,1일 전
클래시 로얄 게임,https://www.youtube.com/watch?v=ecZQQCI57jI,8회,1일 전
클래시 로얄 게임,https://www.youtube.com/watch?v=NjwV5EZdswk,4회,1일 전
클래시 로얄 게임,https://www.youtube.com/watch?v=vHtpJ7NIUjs,3회,1일 전
클래시 로얄 게임,https://www.youtube.com/watch?v=_cec3kJOiRM,1회,1일 전
클래시 로얄 게임,https://www.youtube.com/watch?v=VD5WLH_JWEo,171회,1일 전
클래시 로얄 게임,https://www.youtube.com/watch?v=yPooaWnWGSw,9회,1일 전
클래시 로얄 게임,https://www.youtube.com/watch?v=uJWEbGwPmfY,1회,1일 전
클래시 로얄 게임,https://www.youtube.com/watch?v=Vk8Crq6g4a8,없음,1일 전
클래시 로얄 게임,https://www.youtube.com/watch?v=ryQic1vZknk,5회,2일 전
클래시 로얄 게임,https://www.youtube.com/watch?v=5lT1TFeuHN4,4회,2일 전
클래시 로얄 게임,https://www.youtube.com/watch?v=p_j4gUFYUVo,5.3만회,2일 전
클래시 로얄 게임,https://www.youtube.com/watch?v=KBmM80RXYY0,7.9천회,2일 전
클래시 로얄 게임,https://www.youtube.com/watch?v=rGYQ3TBvtMg,없음,2일 전
클래시 로얄 게임,https://www.youtube.com/watch?v=BAuSa3NyZbc,3회,2일 전
클래시 로얄 게임,https://www.youtube.com/watch?v=Uj2Y_xhOnxk,6.4만회,2일 전
클래시 로얄 게임,https://www.youtube.com/watch?v=Mj89UcUW878,18회,2일 전
클래시 로얄 게임,https://www.youtube.com/watch?v=1L1x7iqQyFY,260회,2일 전
클래시 로얄 게임,https://www.youtube.com/watch?v=rrZcSiCI4SE,1.3만회,2일 전
클래시 로얄 게임,https://www.youtube.com/watch?v=4wg17NdgWDU,842회,스트리밍 시간: 2일 전
클래시 로얄 게임,https://www.youtube.com/watch?v=_PzE0FJ5D5U,1회,2일 전
클래시 로얄 게임,https://www.youtube.com/watch?v=vQNy---gZr4,없음,2일 전
클래시 로얄 게임,https://www.youtube.com/watch?v=fK-GMVRMl1U,없음,2일 전
클래시 로얄 게임,https://www.youtube.com/watch?v=bTyHchduCG0,6회,2일 전
클래시 로얄 게임,https://www.youtube.com/watch?v=6s6_9ks4a68,10회,2일 전
클래시 로얄 게임,https://www.youtube.com/watch?v=j9NRdLm-itg,9.1천회,2일 전
클래시 로얄 게임,https://www.youtube.com/watch?v=is8DomJCi7k,3회,2일 전
클래시 로얄 게임,https://www.youtube.com/watch?v=V4EnsqsB26E,1회,2일 전
클래시 로얄 게임,https://www.youtube.com/watch?v=4DOMC-ghMeM,5회,3일 전
클래시 로얄 게임,https://www.youtube.com/watch?v=_37ERDy2HcQ,18회,3일 전
클래시 로얄 게임,https://www.youtube.com/watch?v=jhKhutOG8-4,1회,3일 전
클래시 로얄 게임,https://www.youtube.com/watch?v=yXfCnBSIzx0,없음,3일 전
클래시 로얄 게임,https://www.youtube.com/watch?v=XpWF_Uub0o8,1회,3일 전
클래시 로얄 게임,https://www.youtube.com/watch?v=I9E6FB6P7lY,16회,3일 전
클래시 로얄 게임,https://www.youtube.com/watch?v=TPVCqpyA5ig,19만회,3일 전
클래시 로얄 게임,https://www.youtube.com/watch?v=qy48SMcB6Vk,11회,3일 전
클래시 로얄 게임,https://www.youtube.com/watch?v=NFiKWQEsKcE,2회,3일 전
클래시 로얄 게임,https://www.youtube.com/watch?v=x8P4AAv195g,2.3만회,3일 전
클래시 로얄 게임,https://www.youtube.com/watch?v=foM2AcQMhEM,3회,3일 전
클래시 로얄 게임,https://www.youtube.com/watch?v=4QhUQwZZaGY,3회,3일 전
클래시 로얄 게임,https://www.youtube.com/watch?v=8OV6ZpscFiw,1회,3일 전
클래시 로얄 게임,https://www.youtube.com/watch?v=ApwCJxggTSU,6회,3일 전
클래시 로얄 게임,https://www.youtube.com/watch?v=sYLzy1rSzD4,8회,4일 전
클래시 로얄 게임,https://www.youtube.com/watch?v=oJF1o01P4QU,88회,4일 전
클래시 로얄 게임,https://www.youtube.com/watch?v=523QIX5ZX0I,8.9만회,4일 전
클래시 로얄 게임,https://www.youtube.com/watch?v=nAPEjLtYFz4,38회,4일 전
클래시 로얄 게임,https://www.youtube.com/watch?v=pFTDAu9O4vs,2회,5일 전
클래시 로얄 게임,https://www.youtube.com/watch?v=bsZnDT54IIw,1.4만회,5일 전
클래시 로얄 게임,https://www.youtube.com/watch?v=GNch1CCfgIw,11회,5일 전
클래시 로얄 게임,https://www.youtube.com/watch?v=vVFlVspW9_k,2.6천회,스트리밍 시간: 5일 전
클래시 로얄 게임,https://www.youtube.com/watch?v=rJfK0cGHQBk,5.1만회,스트리밍 시간: 5일 전
클래시 로얄 게임,https://www.youtube.com/watch?v=xYIXCSBNjx0,1회,5일 전
클래시 로얄 게임,https://www.youtube.com/watch?v=K6Z2eMuYjY8,1회,5일 전
클래시 로얄 게임,https://www.youtube.com/watch?v=xQJy0h_fJF4,1.1만회,5일 전
클래시 로얄 게임,https://www.youtube.com/watch?v=T_6UgtLUlTI,12만회,5일 전
클래시 로얄 게임,https://www.youtube.com/watch?v=2nFd_QjB9JY,149회,5일 전
클래시 로얄 게임,https://www.youtube.com/watch?v=4pcVDdWfLWg,9회,스트리밍 시간: 5일 전
클래시 로얄 게임,https://www.youtube.com/watch?v=1ECEGiFDSAg,1회,5일 전
클래시 로얄 게임,https://www.youtube.com/watch?v=CuGMd45M3hE,8회,5일 전
클래시 로얄 게임,https://www.youtube.com/watch?v=In_5QqflfFU,40회,6일 전
클래시 로얄 게임,https://www.youtube.com/watch?v=s-y2Zgn9iLU,3.4천회,6일 전
클래시 로얄 게임,https://www.youtube.com/watch?v=U4yBY8v1wys,1.3천회,스트리밍 시간: 6일 전
클래시 로얄 게임,https://www.youtube.com/watch?v=fEOK-LwVVDI,2회,6일 전
클래시 로얄 게임,https://www.youtube.com/watch?v=GykLDde1Wew,2회,6일 전
클래시 로얄 게임,https://www.youtube.com/watch?v=twiukfpVYgU,2.3천회,6일 전
클래시 로얄 게임,https://www.youtube.com/watch?v=yBF_imRTQfU,38회,6일 전
클래시 로얄 게임,https://www.youtube.com/watch?v=T9PixR8u-hc,290회,6일 전
클래시 로얄 게임,https://www.youtube.com/watch?v=-n_LmpeUgC4,3회,6일 전
클래시 로얄 게임,https://www.youtube.com/watch?v=GB3dYWahTx0,9회,6일 전
클래시 로얄 게임,https://www.youtube.com/watch?v=2qv60KQhSe8,8회,6일 전
클래시 로얄 게임,https://www.youtube.com/watch?v=jiV1nAS-A88,2.5만회,6일 전
클래시 로얄 게임,https://www.youtube.com/watch?v=wYXKZDAdrg4,2회,6일 전
클래시 로얄 게임,https://www.youtube.com/watch?v=Rv0PfcCF3kw,22만회,1주 전
클래시 로얄 게임,https://www.youtube.com/watch?v=hWHMYS-GTn0,없음,1주 전
클래시 로얄 게임,https://www.youtube.com/watch?v=mjdo2Evf3Aw,없음,1주 전
클래시 로얄 게임,https://www.youtube.com/watch?v=YUqUNTL53SA,6회,1주 전
클래시 로얄 게임,https://www.youtube.com/watch?v=0c4GHSyb5CM,32회,1주 전
클래시 로얄 게임,https://www.youtube.com/watch?v=ppk1sEJ0Opc,8.4천회,1주 전
클래시 로얄 게임,https://www.youtube.com/watch?v=QSMSMM-PrFs,22회,1주 전
클래시 로얄 게임,https://www.youtube.com/watch?v=qfGWmWfLefE,126회,1주 전
클래시 로얄 게임,https://www.youtube.com/watch?v=f3nCIz5XzwI,1.7만회,1주 전
클래시 로얄 게임,https://www.youtube.com/watch?v=aSTCINqpZnk,21만회,1주 전
클래시 로얄 게임,https://www.youtube.com/watch?v=5437p_VUu0E,2천회,1주 전
클래시 로얄 게임,https://www.youtube.com/watch?v=FAcNPbiu9qE,816회,1주 전
클래시 로얄 게임,https://www.youtube.com/watch?v=iZwTT6eW6h4,9회,1주 전
클래시 로얄 게임,https://www.youtube.com/watch?v=oIj6Saq8Vmo,18회,1주 전
클래시 로얄 게임,https://www.youtube.com/watch?v=Xo7lfFaFyFw,4.3만회,1주 전
클래시 로얄 게임,https://www.youtube.com/watch?v=CagXaiCw6iQ,6.2만회,1주 전
클래시 로얄 게임,https://www.youtube.com/watch?v=3iEiA5WslV8,20만회,1주 전
클래시 로얄 게임,https://www.youtube.com/watch?v=6vMUryQ7Fm0,6회,1주 전
클래시 로얄 게임,https://www.youtube.com/watch?v=rwx_uxlr-qs,5회,1주 전
클래시 로얄 게임,https://www.youtube.com/watch?v=SKMTTUyys80,32회,1주 전
클래시 로얄 게임,https://www.youtube.com/watch?v=I50FWcnfUoo,12회,1주 전
클래시 로얄 게임,https://www.youtube.com/watch?v=jVbK_-xb-zE,2회,1주 전
클래시 로얄 게임,https://www.youtube.com/watch?v=m89CudP7I8U,23만회,1주 전
클래시 로얄 게임,https://www.youtube.com/watch?v=1urbFDj0QfA,4.5만회,1주 전
클래시 로얄 게임,https://www.youtube.com/watch?v=X4ROUWeI4fM,12회,1주 전
클래시 로얄 게임,https://www.youtube.com/watch?v=Pa8kF3xysSY,5회,1주 전
클래시 로얄 게임,https://www.youtube.com/watch?v=2ZIObFwrXtM,2만회,1주 전
클래시 로얄 게임,https://www.youtube.com/watch?v=Szslovc_3hE,7회,1주 전
클래시 로얄 게임,https://www.youtube.com/watch?v=gcI7FZW8pnU,14회,1주 전
클래시 로얄 게임,https://www.youtube.com/watch?v=2M2gq9f00Js,33회,1주 전
클래시 로얄 게임,https://www.youtube.com/watch?v=c2noGYw2_s0,18회,1주 전
클래시 로얄 게임,https://www.youtube.com/watch?v=yerhc5HJIFM,없음,1주 전
클래시 로얄 게임,https://www.youtube.com/watch?v=IBkcU_Q4I7c,5회,1주 전
클래시 로얄 게임,https://www.youtube.com/watch?v=vbDAMPRQHRA,2.1만회,2주 전
클래시 로얄 게임,https://www.youtube.com/watch?v=az4gLRnwnog,27회,2주 전
클래시 로얄 게임,https://www.youtube.com/watch?v=QiTbOWObdeU,1회,2주 전
클래시 로얄 게임,https://www.youtube.com/watch?v=bbH7of07jIw,6회,2주 전
클래시 로얄 게임,https://www.youtube.com/watch?v=5dj6qxNiL-U,32만회,2주 전
클래시 로얄 게임,https://www.youtube.com/watch?v=tcPrm2qzYg4,3회,2주 전
클래시 로얄 게임,https://www.youtube.com/watch?v=1FEgtA6zmZM,5만회,2주 전
클래시 로얄 게임,https://www.youtube.com/watch?v=BFyIkPV3BMY,7회,2주 전
클래시 로얄 게임,https://www.youtube.com/watch?v=pUIWFmy-b5s,17회,2주 전
클래시 로얄 게임,https://www.youtube.com/watch?v=FKIhX7KMd6M,134회,2주 전
클래시 로얄 게임,https://www.youtube.com/watch?v=KPFMjDZ28Os,16만회,2주 전
클래시 로얄 게임,https://www.youtube.com/watch?v=13NJoDae0w0,1회,2주 전
클래시 로얄 게임,https://www.youtube.com/watch?v=WXhpQ-Kar8s,2회,2주 전
클래시 로얄 게임,https://www.youtube.com/watch?v=BRaavQ8x6rs,9회,2주 전
클래시 로얄 게임,https://www.youtube.com/watch?v=sJDvr_grKN8,1.1만회,2주 전
클래시 로얄 게임,https://www.youtube.com/watch?v=ARbKOrtpMSE,13만회,2주 전
클래시 로얄 게임,https://www.youtube.com/watch?v=3PQCDLy-LEM,15회,2주 전
클래시 로얄 게임,https://www.youtube.com/watch?v=XblU3602nz0,없음,2주 전
클래시 로얄 게임,https://www.youtube.com/watch?v=aeGPHwF1-aA,16회,2주 전
클래시 로얄 게임,https://www.youtube.com/watch?v=8wmqcbIN8Nc,1회,2주 전
클래시 로얄 게임,https://www.youtube.com/watch?v=p6d5JHsz3WE,761회,2주 전
클래시 로얄 게임,https://www.youtube.com/watch?v=tJMM81GjUx0,2만회,2주 전
클래시 로얄 게임,https://www.youtube.com/watch?v=BLMF88XlkC0,21만회,2주 전
클래시 로얄 게임,https://www.youtube.com/watch?v=v4TLwG-mEHo,1.6천회,2주 전
클래시 로얄 게임,https://www.youtube.com/watch?v=lUyDteu0Oww,2.5만회,2주 전
클래시 로얄 게임,https://www.youtube.com/watch?v=DPhfywenajg,10회,2주 전
클래시 로얄 게임,https://www.youtube.com/watch?v=GATeY0YLqjo,없음,2주 전
클래시 로얄 게임,https://www.youtube.com/watch?v=NyktKPReepg,1.8천회,스트리밍 시간: 2주 전
클래시 로얄 게임,https://www.youtube.com/watch?v=dm6Ih8GVJC0,5회,2주 전
클래시 로얄 게임,https://www.youtube.com/watch?v=wNzLacGZaVI,없음,2주 전
클래시 로얄 게임,https://www.youtube.com/watch?v=QjrUvr9hTUU,7.8만회,2주 전
클래시 로얄 게임,https://www.youtube.com/watch?v=jn3K0HEg_SI,31만회,2주 전
클래시 로얄 게임,https://www.youtube.com/watch?v=jslvjzSVT2s,1회,2주 전
클래시 로얄 게임,https://www.youtube.com/watch?v=LS88knp6vJU,3.1천회,2주 전
클래시 로얄 게임,https://www.youtube.com/watch?v=-Xb8zo3Gv04,4회,2주 전
클래시 로얄 게임,https://www.youtube.com/watch?v=uv7ddPiOfps,4회,2주 전
클래시 로얄 게임,https://www.youtube.com/watch?v=99riurv2K3w,20회,2주 전
클래시 로얄 게임,https://www.youtube.com/watch?v=jsc3p4K7mNc,23만회,2주 전
클래시 로얄 게임,https://www.youtube.com/watch?v=J4prmKmbGIc,10회,2주 전
클래시 로얄 게임,https://www.youtube.com/watch?v=KMS4GvVoffI,5회,2주 전
클래시 로얄 게임,https://www.youtube.com/watch?v=vL9jubAil_w,79회,2주 전
클래시 로얄 게임,https://www.youtube.com/watch?v=DLKdNU_SZ60,7만회,2주 전
클래시 로얄 게임,https://www.youtube.com/watch?v=JNDSAZhaA1A,10회,2주 전
클래시 로얄 게임,https://www.youtube.com/watch?v=xmcPP2PawU0,13회,3주 전
클래시 로얄 게임,https://www.youtube.com/watch?v=Jbyi0PzCnjk,7.3만회,3주 전
클래시 로얄 게임,https://www.youtube.com/watch?v=KpJHn2aiQmU,14만회,3주 전
클래시 로얄 게임,https://www.youtube.com/watch?v=wLm-af4v--o,1.5천회,3주 전
클래시 로얄 게임,https://www.youtube.com/watch?v=c-GYMVSJ2RU,2.3천회,스트리밍 시간: 3주 전
클래시 로얄 게임,https://www.youtube.com/watch?v=WvAPEp1SWKs,7회,3주 전
클래시 로얄 게임,https://www.youtube.com/watch?v=09SNwibm6yc,3.9만회,3주 전
클래시 로얄 게임,https://www.youtube.com/watch?v=TU7EixAQizo,8회,3주 전
클래시 로얄 게임,https://www.youtube.com/watch?v=h16WzCQxnso,2.2천회,스트리밍 시간: 3주 전
클래시 로얄 게임,https://www.youtube.com/watch?v=lQuK6iZbhbw,9회,3주 전
클래시 로얄 게임,https://www.youtube.com/watch?v=PnDDJYXsOh0,6.5만회,3주 전
클래시 로얄 게임,https://www.youtube.com/watch?v=6erd6pXRjJk,248회,3주 전
클래시 로얄 게임,https://www.youtube.com/watch?v=b9MZiIj-Iaw,5.7만회,3주 전
클래시 로얄 게임,https://www.youtube.com/watch?v=LlJ7SbG2Uy4,36회,3주 전
클래시 로얄 게임,https://www.youtube.com/watch?v=-nMVvPTk4WQ,11회,3주 전
클래시 로얄 게임,https://www.youtube.com/watch?v=xa9tdClxok0,27만회,3주 전
클래시 로얄 게임,https://www.youtube.com/watch?v=hGyBqaUJhM0,11회,3주 전
클래시 로얄 게임,https://www.youtube.com/watch?v=MT1DxeOVxvg,14회,3주 전
클래시 로얄 게임,https://www.youtube.com/watch?v=HdOlLS7Jriw,2회,3주 전
클래시 로얄 게임,https://www.youtube.com/watch?v=nEv0-QlZMjo,54회,3주 전
클래시 로얄 게임,https://www.youtube.com/watch?v=KmlN8rGLMvI,20회,스트리밍 시간: 3주 전
클래시 로얄 게임,https://www.youtube.com/watch?v=QausbxQXtgo,8회,3주 전
클래시 로얄 게임,https://www.youtube.com/watch?v=5APPnmWD0Fw,2만회,3주 전
클래시 로얄 게임,https://www.youtube.com/watch?v=8h65OTrmufY,38회,3주 전
클래시 로얄 게임,https://www.youtube.com/watch?v=-oPurM4f-Kw,3회,3주 전
클래시 로얄 게임,https://www.youtube.com/watch?v=Av7v57-JxbE,90회,3주 전
클래시 로얄 게임,https://www.youtube.com/watch?v=YoS9qUrtMKY,15회,3주 전
클래시 로얄 게임,https://www.youtube.com/watch?v=nQ_-3TFYi3s,8회,스트리밍 시간: 3주 전
클래시 로얄 게임,https://www.youtube.com/watch?v=4Uq_oO4pn4M,1.3만회,3주 전
클래시 로얄 게임,https://www.youtube.com/watch?v=fZPgFOF4H-g,1회,3주 전
클래시 로얄 게임,https://www.youtube.com/watch?v=LM05iKylnmU,23만회,3주 전
클래시 로얄 게임,https://www.youtube.com/watch?v=N0mu1ql3jU4,14회,3주 전
클래시 로얄 게임,https://www.youtube.com/watch?v=uWXK-m8OFvE,15회,4주 전
클래시 로얄 게임,https://www.youtube.com/watch?v=C-3KZyJMuck,6회,4주 전
클래시 로얄 게임,https://www.youtube.com/watch?v=uDYncO6Z48c,1회,4주 전
클래시 로얄 게임,https://www.youtube.com/watch?v=ekEHd9UwUys,6회,4주 전
클래시 로얄 게임,https://www.youtube.com/watch?v=4xe4z9qudes,52회,4주 전
클래시 로얄 게임,https://www.youtube.com/watch?v=0D8HGJskTB0,5회,4주 전
클래시 로얄 게임,https://www.youtube.com/watch?v=0B5924kiNuA,13회,4주 전
클래시 로얄 게임,https://www.youtube.com/watch?v=izsWIsor-fk,없음,4주 전
클래시 로얄 게임,https://www.youtube.com/watch?v=CCek7hAH2yE,7회,4주 전
클래시 로얄 게임,https://www.youtube.com/watch?v=VcF7dUZgalY,없음,4주 전
클래시 로얄 게임,https://www.youtube.com/watch?v=_aLZ9lRqjz4,19만회,1개월 전
클래시 로얄 게임,https://www.youtube.com/watch?v=tM_nNvKqPDI,3회,1개월 전
클래시 로얄 게임,https://www.youtube.com/watch?v=y0g6sBRjbc4,43회,1개월 전
클래시 로얄 게임,https://www.youtube.com/watch?v=XLbASBdv9qo,17회,1개월 전
클래시 로얄 게임,https://www.youtube.com/watch?v=NH5eYqic-W4,1.1만회,1개월 전
클래시 로얄 게임,https://www.youtube.com/watch?v=JMbcMa3A674,30회,1개월 전
클래시 로얄 게임,https://www.youtube.com/watch?v=AA44uo5s7IE,13회,1개월 전
클래시 로얄 게임,https://www.youtube.com/watch?v=BRRzNUJ-qO8,149회,1개월 전
클래시 로얄 게임,https://www.youtube.com/watch?v=d5J028QLBIg,18만회,1개월 전
클래시 로얄 게임,https://www.youtube.com/watch?v=a5LrRs21omw,84회,1개월 전
클래시 로얄 게임,https://www.youtube.com/watch?v=PPvsQNartXY,24회,1개월 전
클래시 로얄 게임,https://www.youtube.com/watch?v=2GK12d4Qh6Y,25회,1개월 전
클래시 로얄 게임,https://www.youtube.com/watch?v=nExckXQGl-k,26회,1개월 전
클래시 로얄 게임,https://www.youtube.com/watch?v=nLrscio5syI,12회,1개월 전
클래시 로얄 게임,https://www.youtube.com/watch?v=mF64yl_Ej1U,11만회,1개월 전
클래시 로얄 게임,https://www.youtube.com/watch?v=4NO1KvmV3Kw,16회,1개월 전
클래시 로얄 게임,https://www.youtube.com/watch?v=fRvAOGuhVHY,959회,1개월 전
클래시 로얄 게임,https://www.youtube.com/watch?v=RJttIG1cgXQ,2회,1개월 전
클래시 로얄 게임,https://www.youtube.com/watch?v=csIL7M2EanY,31회,스트리밍 시간: 1개월 전
클래시 로얄 게임,https://www.youtube.com/watch?v=aqMqo4tAqLI,27회,1개월 전
클래시 로얄 게임,https://www.youtube.com/watch?v=e9vEIooSJ8Q,17회,1개월 전
클래시 로얄 게임,https://www.youtube.com/watch?v=snJbtgFbc3k,58회,1개월 전
클래시 로얄 게임,https://www.youtube.com/watch?v=rHQ7Rk27kCw,5회,1개월 전
클래시 로얄 게임,https://www.youtube.com/watch?v=POk3oDXiBnk,5회,1개월 전
클래시 로얄 게임,https://www.youtube.com/watch?v=AXuij9W7NtY,3회,1개월 전
클래시 로얄 게임,https://www.youtube.com/watch?v=XpW1fLZ0W0w,1.2만회,1개월 전
클래시 로얄 게임,https://www.youtube.com/watch?v=dnl5Yt7ZMZk,24회,1개월 전
클래시 로얄 게임,https://www.youtube.com/watch?v=6dZWP32mtvc,23회,1개월 전
클래시 로얄 게임,https://www.youtube.com/watch?v=eGwhid6aGcY,27만회,1개월 전
클래시 로얄 게임,https://www.youtube.com/watch?v=6dSHrbM9YDw,1.1천회,스트리밍 시간: 1개월 전
클래시 로얄 게임,https://www.youtube.com/watch?v=T1k-fhP4154,8회,1개월 전
클래시 로얄 게임,https://www.youtube.com/watch?v=zmyu-L8kkQg,1.2천회,스트리밍 시간: 1개월 전
클래시 로얄 게임,https://www.youtube.com/watch?v=Dsle_uisilg,26회,1개월 전
클래시 로얄 게임,https://www.youtube.com/watch?v=5OFrOmdVrjk,30만회,1개월 전
클래시 로얄 게임,https://www.youtube.com/watch?v=ZDNWGfT2-tc,88회,1개월 전
클래시 로얄 게임,https://www.youtube.com/watch?v=doBV-hNLmMI,9회,1개월 전
클래시 로얄 게임,https://www.youtube.com/watch?v=UfIuCdar-Vg,20회,1개월 전
클래시 로얄 게임,https://www.youtube.com/watch?v=AHpRVeP8GRk,28회,1개월 전
클래시 로얄 게임,https://www.youtube.com/watch?v=VoYKtqGFlDQ,15회,1개월 전
클래시 로얄 게임,https://www.youtube.com/watch?v=dHSRwc1SFd0,370회,1개월 전
클래시 로얄 게임,https://www.youtube.com/watch?v=t6Dh1n3vGAc,283회,1개월 전
클래시 로얄 게임,https://www.youtube.com/watch?v=dIpKITojOnQ,8.1만회,스트리밍 시간: 1개월 전
클래시 로얄 게임,https://www.youtube.com/watch?v=ynwO6bmOkDo,10만회,1개월 전
클래시 로얄 게임,https://www.youtube.com/watch?v=B25gL0n1IJw,15회,1개월 전
클래시 로얄 게임,https://www.youtube.com/watch?v=X283ASpMvBc,1만회,1개월 전
클래시 로얄 게임,https://www.youtube.com/watch?v=nC8TVg0mg3c,1회,1개월 전
클래시 로얄 게임,https://www.youtube.com/watch?v=Iurq4XKdUyw,3.3천회,1개월 전
클래시 로얄 게임,https://www.youtube.com/watch?v=MDzs8KyS4z0,1.4만회,1개월 전
클래시 로얄 게임,https://www.youtube.com/watch?v=sZOLy57tMX4,29만회,1개월 전
클래시 로얄 게임,https://www.youtube.com/watch?v=DHQpWSDcLjA,22만회,1개월 전
클래시 로얄 게임,https://www.youtube.com/watch?v=9JpnBL_L2OA,36만회,1개월 전
클래시 로얄 게임,https://www.youtube.com/watch?v=d_uDWe6QFxc,6회,1개월 전
클래시 로얄 게임,https://www.youtube.com/watch?v=pjeRHMMx63g,3회,1개월 전
클래시 로얄 게임,https://www.youtube.com/watch?v=xH2m1gtYKYY,684회,1개월 전
클래시 로얄 게임,https://www.youtube.com/watch?v=n6jZabP3_5Q,2.2만회,1개월 전
클래시 로얄 게임,https://www.youtube.com/watch?v=faJvJkPJ34s,42만회,1개월 전
클래시 로얄 게임,https://www.youtube.com/watch?v=L94_Zfx8YU4,32회,1개월 전
클래시 로얄 게임,https://www.youtube.com/watch?v=zpc4y3vcSUc,2.1만회,스트리밍 시간: 1개월 전
클래시 로얄 게임,https://www.youtube.com/watch?v=irp7MBuECaM,38회,스트리밍 시간: 1개월 전
클래시 로얄 게임,https://www.youtube.com/watch?v=dsdylWxA3OI,145회,1개월 전
클래시 로얄 게임,https://www.youtube.com/watch?v=AN9KcIWevm4,2.2만회,스트리밍 시간: 1개월 전
클래시 로얄 게임,https://www.youtube.com/watch?v=Z2e2WWS8vE4,32만회,1개월 전
클래시 로얄 게임,https://www.youtube.com/watch?v=8zuMcBA4_UI,2.4천회,1개월 전
클래시 로얄 게임,https://www.youtube.com/watch?v=Ore6w6TOlm8,12회,1개월 전
클래시 로얄 게임,https://www.youtube.com/watch?v=p3_Lo-PTiKw,43회,1개월 전
클래시 로얄 게임,https://www.youtube.com/watch?v=MToUK8FSoYI,1.7천회,1개월 전
클래시 로얄 게임,https://www.youtube.com/watch?v=LvZnDIAjvKU,9회,1개월 전
클래시 로얄 게임,https://www.youtube.com/watch?v=_Cgy3L52EFw,29회,1개월 전
클래시 로얄 게임,https://www.youtube.com/watch?v=n7NfENnziTQ,11회,1개월 전
클래시 로얄 게임,https://www.youtube.com/watch?v=13fgq5LBAVY,20회,1개월 전
클래시 로얄 게임,https://www.youtube.com/watch?v=qn2EDTUwMrQ,169회,1개월 전
클래시 로얄 게임,https://www.youtube.com/watch?v=b4xnJ3E0lGQ,43회,1개월 전
클래시 로얄 게임,https://www.youtube.com/watch?v=700NPkcE-uo,15회,1개월 전
클래시 로얄 게임,https://www.youtube.com/watch?v=uun7gCQXJ_E,5.1만회,1개월 전
클래시 로얄 게임,https://www.youtube.com/watch?v=HMSZ9npds9A,139회,1개월 전
클래시 로얄 게임,https://www.youtube.com/watch?v=NnIme0WOqI8,17회,스트리밍 시간: 1개월 전
클래시 로얄 게임,https://www.youtube.com/watch?v=lAqPGpZtcNM,27만회,1개월 전
클래시 로얄 게임,https://www.youtube.com/watch?v=52LsITxkL0c,3회,1개월 전
클래시 로얄 게임,https://www.youtube.com/watch?v=hC3wEa1NRt0,7.4만회,1개월 전
클래시 로얄 게임,https://www.youtube.com/watch?v=cfLbuTV_Mcs,23회,1개월 전
클래시 로얄 게임,https://www.youtube.com/watch?v=I36Z84fnrqU,10회,1개월 전
클래시 로얄 게임,https://www.youtube.com/watch?v=K7go42mCXWk,25만회,1개월 전
클래시 로얄 게임,https://www.youtube.com/watch?v=bSfs6UDDAt0,2.2만회,1개월 전
클래시 로얄 게임,https://www.youtube.com/watch?v=rbCrhOyT8cY,262회,스트리밍 시간: 1개월 전
클래시 로얄 게임,https://www.youtube.com/watch?v=lTFgqTnlmhw,4.2천회,1개월 전
클래시 로얄 게임,https://www.youtube.com/watch?v=z2oWZa-1rgw,45만회,1개월 전
클래시 로얄 게임,https://www.youtube.com/watch?v=d5pDv69npqA,43만회,1개월 전
클래시 로얄 게임,https://www.youtube.com/watch?v=M9IC5jxDYDk,1.6만회,2개월 전
클래시 로얄 게임,https://www.youtube.com/watch?v=WbwR-9DKerA,12회,2개월 전
클래시 로얄 게임,https://www.youtube.com/watch?v=AIHY7DY-GEE,28회,2개월 전
클래시 로얄 게임,https://www.youtube.com/watch?v=Vz1sT-KaRrw,1.1만회,2개월 전
클래시 로얄 게임,https://www.youtube.com/watch?v=m6pEoUfHQRs,35회,2개월 전
클래시 로얄 게임,https://www.youtube.com/watch?v=SEMUhsQ8sQY,269회,2개월 전
클래시 로얄 게임,https://www.youtube.com/watch?v=kKHN0SNhX6k,1.5만회,스트리밍 시간: 2개월 전
클래시 로얄 게임,https://www.youtube.com/watch?v=qOSffCMQJ7k,12회,2개월 전
클래시 로얄 게임,https://www.youtube.com/watch?v=AuAkck3uQMM,22회,2개월 전
클래시 로얄 게임,https://www.youtube.com/watch?v=toT9ZnGPIlk,5.1만회,2개월 전
클래시 로얄 게임,https://www.youtube.com/watch?v=cIdrfiqodF0,4.5만회,2개월 전
클래시 로얄 게임,https://www.youtube.com/watch?v=XM0071SfpMc,2.7만회,2개월 전
클래시 로얄 게임,https://www.youtube.com/watch?v=vC5SbH323OQ,51회,2개월 전
클래시 로얄 게임,https://www.youtube.com/watch?v=RwU8SiyJhWY,3.6만회,2개월 전
클래시 로얄 게임,https://www.youtube.com/watch?v=7-Tk5KxFcK8,1.3만회,2개월 전
클래시 로얄 게임,https://www.youtube.com/watch?v=2yvAXqZtUnA,1.4만회,스트리밍 시간: 2개월 전
클래시 로얄 게임,https://www.youtube.com/watch?v=ivZ2sbCxBBc,11회,2개월 전
클래시 로얄 게임,https://www.youtube.com/watch?v=6v1CSra-eTg,49회,2개월 전
클래시 로얄 게임,https://www.youtube.com/watch?v=EUTNlcY3kj8,51회,2개월 전
클래시 로얄 게임,https://www.youtube.com/watch?v=l7FBXPFHUEE,21만회,2개월 전
클래시 로얄 게임,https://www.youtube.com/watch?v=ySa9H_hccP8,1.7만회,2개월 전
클래시 로얄 게임,https://www.youtube.com/watch?v=Ty_ELYd6O1Q,1만회,2개월 전
클래시 로얄 게임,https://www.youtube.com/watch?v=4zMSti64uzM,27만회,2개월 전
클래시 로얄 게임,https://www.youtube.com/watch?v=a87YTcHf8rw,6.6천회,2개월 전
클래시 로얄 게임,https://www.youtube.com/watch?v=xHd2BmYTqzA,1.2만회,2개월 전
클래시 로얄 게임,https://www.youtube.com/watch?v=s6OgG3HCpWk,6회,2개월 전
클래시 로얄 게임,https://www.youtube.com/watch?v=VwKfsX3Zb58,10만회,2개월 전
클래시 로얄 게임,https://www.youtube.com/watch?v=yY-x_lW-9lE,3.9천회,2개월 전
클래시 로얄 게임,https://www.youtube.com/watch?v=bI4tj24OWj0,1.4만회,스트리밍 시간: 2개월 전
클래시 로얄 게임,https://www.youtube.com/watch?v=byyp5-yCuJI,10회,2개월 전
클래시 로얄 게임,https://www.youtube.com/watch?v=f-H9bxBLrVc,3천회,2개월 전
클래시 로얄 게임,https://www.youtube.com/watch?v=H2H8bgyID9A,1.2만회,스트리밍 시간: 2개월 전
클래시 로얄 게임,https://www.youtube.com/watch?v=hjSkIrYAumI,6.6만회,2개월 전
클래시 로얄 게임,https://www.youtube.com/watch?v=umpIQ4wC52U,4.2만회,2개월 전
클래시 로얄 게임,https://www.youtube.com/watch?v=EZecMIpI5gU,5회,2개월 전
클래시 로얄 게임,https://www.youtube.com/watch?v=J5eNJMHkpJU,307회,2개월 전
클래시 로얄 게임,https://www.youtube.com/watch?v=Fs2bwnZ833A,4.2만회,2개월 전
클래시 로얄 게임,https://www.youtube.com/watch?v=aQVAbxpS-U0,1.2만회,2개월 전
클래시 로얄 게임,https://www.youtube.com/watch?v=t2mJaLP0g_I,18만회,2개월 전
클래시 로얄 게임,https://www.youtube.com/watch?v=J8ASRs_GR6g,7회,2개월 전
클래시 로얄 게임,https://www.youtube.com/watch?v=Yvn7c0ukI1s,1.3만회,스트리밍 시간: 2개월 전
클래시 로얄 게임,https://www.youtube.com/watch?v=kEQupv2EsWY,24회,2개월 전
클래시 로얄 게임,https://www.youtube.com/watch?v=bPtlMDDbiP4,338회,2개월 전
클래시 로얄 게임,https://www.youtube.com/watch?v=lEvDL6zzhqE,73만회,2개월 전
클래시 로얄 게임,https://www.youtube.com/watch?v=AVbCiVBjFSQ,35만회,2개월 전
클래시 로얄 게임,https://www.youtube.com/watch?v=xJa8CENoRZE,1.2만회,2개월 전
클래시 로얄 게임,https://www.youtube.com/watch?v=zaVwBbS2gW0,5.2만회,2개월 전
클래시 로얄 게임,https://www.youtube.com/watch?v=ghUqSaYRubk,1.4천회,2개월 전
클래시 로얄 게임,https://www.youtube.com/watch?v=MsFIrFvmzeg,36회,2개월 전
클래시 로얄 게임,https://www.youtube.com/watch?v=Ru30uhf_b54,9.9천회,2개월 전
클래시 로얄 게임,https://www.youtube.com/watch?v=wyw9EwcXneo,659회,2개월 전
클래시 로얄 게임,https://www.youtube.com/watch?v=rWVovggXgFI,19회,2개월 전
클래시 로얄 게임,https://www.youtube.com/watch?v=3DsqsKABNgs,1.6만회,스트리밍 시간: 2개월 전
클래시 로얄 게임,https://www.youtube.com/watch?v=HrxianFnDxc,3.3만회,2개월 전
클래시 로얄 게임,https://www.youtube.com/watch?v=VDfEkJ3FHHw,192회,2개월 전
클래시 로얄 게임,https://www.youtube.com/watch?v=ORYegf5wTi8,262회,2개월 전
클래시 로얄 게임,https://www.youtube.com/watch?v=pXPsjAzyeNM,27만회,2개월 전
클래시 로얄 게임,https://www.youtube.com/watch?v=hAtEL1aQUVM,11만회,2개월 전
클래시 로얄 게임,https://www.youtube.com/watch?v=LwmPwd4fmEc,387회,2개월 전
클래시 로얄 게임,https://www.youtube.com/watch?v=DRU2PR18V6I,1.8만회,2개월 전
클래시 로얄 게임,https://www.youtube.com/watch?v=M-zI3ocLGhI,1회,스트리밍 시간: 2개월 전
클래시 로얄 게임,https://www.youtube.com/watch?v=0VfQMyDwNc4,6.7만회,2개월 전
클래시 로얄 게임,https://www.youtube.com/watch?v=4-Wfj_Qyvgg,1.1만회,스트리밍 시간: 2개월 전
클래시 로얄 게임,https://www.youtube.com/watch?v=A5KC1namFKQ,69만회,2개월 전
클래시 로얄 게임,https://www.youtube.com/watch?v=VMsafGFBI58,23회,2개월 전
클래시 로얄 게임,https://www.youtube.com/watch?v=RxJthIBO4ss,1.1만회,스트리밍 시간: 2개월 전
클래시 로얄 게임,https://www.youtube.com/watch?v=i28EUmkvklg,2.3만회,2개월 전
클래시 로얄 게임,https://www.youtube.com/watch?v=2ucDH-YBK9E,1.3만회,2개월 전
클래시 로얄 게임,https://www.youtube.com/watch?v=WAtul8m_Sw0,232회,스트리밍 시간: 2개월 전
클래시 로얄 게임,https://www.youtube.com/watch?v=zxbejie9LPM,2.5만회,2개월 전
클래시 로얄 게임,https://www.youtube.com/watch?v=mhHfIH111ro,29회,2개월 전
클래시 로얄 게임,https://www.youtube.com/watch?v=tTJpmA_RDKI,2.9천회,2개월 전
클래시 로얄 게임,https://www.youtube.com/watch?v=sMXTvsa7aHY,559회,2개월 전
클래시 로얄 게임,https://www.youtube.com/watch?v=unFdM7Wr7cA,1.8천회,3개월 전
클래시 로얄 게임,https://www.youtube.com/watch?v=tdVYHsKVdlE,1.6만회,스트리밍 시간: 3개월 전
클래시 로얄 게임,https://www.youtube.com/watch?v=FRjbIwfRaBU,2.9만회,3개월 전
클래시 로얄 게임,https://www.youtube.com/watch?v=knmBONxR7o8,2.3만회,3개월 전
클래시 로얄 게임,https://www.youtube.com/watch?v=qCKU8UgMbpc,33만회,3개월 전
클래시 로얄 게임,https://www.youtube.com/watch?v=hnQUCp_il6U,2만회,3개월 전
클래시 로얄 게임,https://www.youtube.com/watch?v=dcHcic26PAI,2.1만회,스트리밍 시간: 3개월 전
클래시 로얄 게임,https://www.youtube.com/watch?v=5xXlUtG9iMo,1.5만회,3개월 전
클래시 로얄 게임,https://www.youtube.com/watch?v=nuMWicu6V2k,1만회,3개월 전
클래시 로얄 게임,https://www.youtube.com/watch?v=jvDv1vVSnos,1.2만회,3개월 전
클래시 로얄 게임,https://www.youtube.com/watch?v=GVvBGtnNuck,51만회,3개월 전
클래시 로얄 게임,https://www.youtube.com/watch?v=b2n15Sbe5_w,4.5만회,3개월 전
클래시 로얄 게임,https://www.youtube.com/watch?v=fZpry56CPew,1만회,3개월 전
클래시 로얄 게임,https://www.youtube.com/watch?v=t7j3uN2hd1o,510회,3개월 전
클래시 로얄 게임,https://www.youtube.com/watch?v=-2efutZpF4U,1.2천회,3개월 전
클래시 로얄 게임,https://www.youtube.com/watch?v=oTPl21OUG3A,1만회,3개월 전
클래시 로얄 게임,https://www.youtube.com/watch?v=QhS8QLLn5qg,486회,3개월 전
클래시 로얄 게임,https://www.youtube.com/watch?v=-3dMS90Ht8o,2.3만회,스트리밍 시간: 3개월 전
클래시 로얄 게임,https://www.youtube.com/watch?v=7Mo7Ic_Aj98,214회,3개월 전
클래시 로얄 게임,https://www.youtube.com/watch?v=pqi1Wm91JKc,1만회,3개월 전
클래시 로얄 게임,https://www.youtube.com/watch?v=E4hUS_miAi4,6.1만회,3개월 전
클래시 로얄 게임,https://www.youtube.com/watch?v=qQSxiVzjbIQ,2.7만회,3개월 전
클래시 로얄 게임,https://www.youtube.com/watch?v=ygLR_WWo9tI,1.1만회,3개월 전
클래시 로얄 게임,https://www.youtube.com/watch?v=kZPMg6aL2ag,1.4만회,3개월 전
클래시 로얄 게임,https://www.youtube.com/watch?v=FNOUOM_y7tI,28만회,3개월 전
클래시 로얄 게임,https://www.youtube.com/watch?v=bWSIJyTdIxI,2.5만회,3개월 전
클래시 로얄 게임,https://www.youtube.com/watch?v=6s_AuojHruY,6.9천회,3개월 전
클래시 로얄 게임,https://www.youtube.com/watch?v=Zz_56BSDG18,1.2만회,3개월 전
클래시 로얄 게임,https://www.youtube.com/watch?v=ShrnpCPwUsk,4.2만회,3개월 전
클래시 로얄 게임,https://www.youtube.com/watch?v=B56eTiHJWwo,160회,3개월 전
클래시 로얄 게임,https://www.youtube.com/watch?v=QW35ltyjgOE,3.2만회,3개월 전
클래시 로얄 게임,https://www.youtube.com/watch?v=c70JjZ-M5aM,796회,3개월 전
클래시 로얄 게임,https://www.youtube.com/watch?v=39qtzyppHcA,410회,스트리밍 시간: 4개월 전
클래시 로얄 게임,https://www.youtube.com/watch?v=cX-Km24TQTM,9천회,4개월 전
클래시 로얄 게임,https://www.youtube.com/watch?v=GSjI5duy74c,2.4만회,4개월 전
클래시 로얄 게임,https://www.youtube.com/watch?v=nQ1zeQvEEiw,60회,4개월 전
클래시 로얄 게임,https://www.youtube.com/watch?v=M2tmgtEIu7s,2.7천회,4개월 전
클래시 로얄 게임,https://www.youtube.com/watch?v=txIuvtF2ZHw,5.7만회,4개월 전
클래시 로얄 게임,https://www.youtube.com/watch?v=zwvAJm0bcws,8.4천회,4개월 전
클래시 로얄 게임,https://www.youtube.com/watch?v=apRyJ158VCA,4.1천회,4개월 전
클래시 로얄 게임,https://www.youtube.com/watch?v=867P-kTJE14,20만회,4개월 전
클래시 로얄 게임,https://www.youtube.com/watch?v=hERLX7CNVlg,107회,4개월 전
클래시 로얄 게임,https://www.youtube.com/watch?v=aagUUGuCOL8,2.5만회,4개월 전
클래시 로얄 게임,https://www.youtube.com/watch?v=ezqdMsCvU1U,5.3만회,4개월 전
클래시 로얄 게임,https://www.youtube.com/watch?v=lAePzMjE8eY,1.1천회,4개월 전
클래시 로얄 게임,https://www.youtube.com/watch?v=hFxCziqOJSA,1.1만회,4개월 전
클래시 로얄 게임,https://www.youtube.com/watch?v=jRNifXUDeys,13만회,4개월 전
클래시 로얄 게임,https://www.youtube.com/watch?v=AREvYmGUU20,7.4만회,4개월 전
클래시 로얄 게임,https://www.youtube.com/watch?v=wYoBrSBRjLQ,9.7천회,4개월 전
클래시 로얄 게임,https://www.youtube.com/watch?v=nZfAVaasrF0,1.7만회,4개월 전
클래시 로얄 게임,https://www.youtube.com/watch?v=u0tFhX7DCO4,1.3만회,4개월 전
클래시 로얄 게임,https://www.youtube.com/watch?v=3LAZGAKvv7I,341회,4개월 전
클래시 로얄 게임,https://www.youtube.com/watch?v=qDu6h45ZfZ0,13만회,4개월 전
클래시 로얄 게임,https://www.youtube.com/watch?v=PiI112AC1Ks,128회,4개월 전
클래시 로얄 게임,https://www.youtube.com/watch?v=bxxbWW8dfn4,1.8만회,4개월 전
클래시 로얄 게임,https://www.youtube.com/watch?v=sNt2ySVG4AU,97회,4개월 전
클래시 로얄 게임,https://www.youtube.com/watch?v=a_bBRtCmYVc,2.3만회,4개월 전
클래시 로얄 게임,https://www.youtube.com/watch?v=xC_pOGjODaw,9.5만회,4개월 전
클래시 로얄 게임,https://www.youtube.com/watch?v=FYE1B8tP0Mo,1.7만회,4개월 전
클래시 로얄 게임,https://www.youtube.com/watch?v=Y2DXn7WToXM,508회,스트리밍 시간: 4개월 전
클래시 로얄 게임,https://www.youtube.com/watch?v=SghlouN9_KI,3.2만회,4개월 전
클래시 로얄 게임,https://www.youtube.com/watch?v=RFmJxUzd7lM,429회,4개월 전
클래시 로얄 게임,https://www.youtube.com/watch?v=g__edJ9TRAg,15만회,4개월 전
클래시 로얄 게임,https://www.youtube.com/watch?v=Jws-k27lsok,2.2만회,4개월 전
클래시 로얄 게임,https://www.youtube.com/watch?v=m-HEwypJCKk,8.1만회,4개월 전
클래시 로얄 게임,https://www.youtube.com/watch?v=1ti3jBNwEyU,1.2천회,4개월 전
클래시 로얄 게임,https://www.youtube.com/watch?v=7TOlvGfpXw0,99회,4개월 전
클래시 로얄 게임,https://www.youtube.com/watch?v=i4ciVDDGbdo,8.9천회,4개월 전
클래시 로얄 게임,https://www.youtube.com/watch?v=DaincbP6SBY,382회,스트리밍 시간: 4개월 전
클래시 로얄 게임,https://www.youtube.com/watch?v=UZGAuC0Fpbg,8.5만회,4개월 전
클래시 로얄 게임,https://www.youtube.com/watch?v=a351TVQCtfw,1.4천회,4개월 전
클래시 로얄 게임,https://www.youtube.com/watch?v=JaC7hu0EToA,24만회,5개월 전
클래시 로얄 게임,https://www.youtube.com/watch?v=pUzEiPtdAuw,1.5만회,5개월 전
클래시 로얄 게임,https://www.youtube.com/watch?v=8t9LISm8lGg,1.1만회,5개월 전
클래시 로얄 게임,https://www.youtube.com/watch?v=xwCqGw8mRGE,1.1천회,5개월 전
클래시 로얄 게임,https://www.youtube.com/watch?v=QFAzqy18vK8,9.8만회,5개월 전
클래시 로얄 게임,https://www.youtube.com/watch?v=h08B035E1GI,20만회,5개월 전
클래시 로얄 게임,https://www.youtube.com/watch?v=rptTSyS5974,325회,5개월 전
클래시 로얄 게임,https://www.youtube.com/watch?v=W92aGkfRMa8,131만회,5개월 전
클래시 로얄 게임,https://www.youtube.com/watch?v=RHOxii66-mU,236회,5개월 전
클래시 로얄 게임,https://www.youtube.com/watch?v=V_jbQWjkFhE,7.4만회,5개월 전
클래시 로얄 게임,https://www.youtube.com/watch?v=CHzI9ouHmp4,1.7천회,5개월 전
클래시 로얄 게임,https://www.youtube.com/watch?v=L8b1kaAfInQ,1.9천회,5개월 전
클래시 로얄 게임,https://www.youtube.com/watch?v=n4lh1XEfwUI,495회,5개월 전
클래시 로얄 게임,https://www.youtube.com/watch?v=Mh1jsr7SZU0,2.3천회,5개월 전
클래시 로얄 게임,https://www.youtube.com/watch?v=VrWPwpjICY8,6.6만회,5개월 전
클래시 로얄 게임,https://www.youtube.com/watch?v=Bo3onFaVNjs,1.3만회,5개월 전
클래시 로얄 게임,https://www.youtube.com/watch?v=H1nN0OBDL14,16만회,5개월 전
클래시 로얄 게임,https://www.youtube.com/watch?v=WTq9lqBD23s,9.3만회,5개월 전
클래시 로얄 게임,https://www.youtube.com/watch?v=u0MVY1og7No,23만회,5개월 전
클래시 로얄 게임,https://www.youtube.com/watch?v=JB-2T0QxkiE,82회,5개월 전
클래시 로얄 게임,https://www.youtube.com/watch?v=ibYeZiI5m6M,4.1만회,스트리밍 시간: 5개월 전
클래시 로얄 게임,https://www.youtube.com/watch?v=wLSJsu7pnXE,1.3천회,5개월 전
클래시 로얄 게임,https://www.youtube.com/watch?v=TjNsPWgTPfA,58만회,5개월 전
클래시 로얄 게임,https://www.youtube.com/watch?v=KKvBtC6kTaM,31만회,5개월 전
클래시 로얄 게임,https://www.youtube.com/watch?v=ZC_CwJuacsQ,929회,5개월 전
클래시 로얄 게임,https://www.youtube.com/watch?v=tgh-_ir3-fg,2천회,스트리밍 시간: 5개월 전
클래시 로얄 게임,https://www.youtube.com/watch?v=z7807aIhf5M,755회,5개월 전
클래시 로얄 게임,https://www.youtube.com/watch?v=7kpjjc9ynNQ,306회,5개월 전
클래시 로얄 게임,https://www.youtube.com/watch?v=psTHDSOQUTI,241회,5개월 전
클래시 로얄 게임,https://www.youtube.com/watch?v=gLX8oAA56fo,3.9만회,스트리밍 시간: 5개월 전
클래시 로얄 게임,https://www.youtube.com/watch?v=ijXnDGGgdkI,953회,5개월 전
클래시 로얄 게임,https://www.youtube.com/watch?v=9dyZ80p2n0Q,2.5만회,5개월 전
클래시 로얄 게임,https://www.youtube.com/watch?v=1xRPuPXvdIY,7.2만회,5개월 전
클래시 로얄 게임,https://www.youtube.com/watch?v=F_yvRYCKXMg,13만회,5개월 전
클래시 로얄 게임,https://www.youtube.com/watch?v=V4z2Bfgyaz4,914회,5개월 전
클래시 로얄 게임,https://www.youtube.com/watch?v=hWFjXQbYoC4,7.4만회,5개월 전
클래시 로얄 게임,https://www.youtube.com/watch?v=SidmLyh1uNs,120회,6개월 전
클래시 로얄 게임,https://www.youtube.com/watch?v=NiBUwRbf9e0,14만회,6개월 전
클래시 로얄 게임,https://www.youtube.com/watch?v=xPd1F2wIOdc,11만회,6개월 전
클래시 로얄 게임,https://www.youtube.com/watch?v=LBWBiwGy1jo,103회,6개월 전
클래시 로얄 게임,https://www.youtube.com/watch?v=km96lSVePgo,2만회,스트리밍 시간: 6개월 전
클래시 로얄 게임,https://www.youtube.com/watch?v=-fi2saAFTRk,28만회,6개월 전
클래시 로얄 게임,https://www.youtube.com/watch?v=l_fPTzqCyDU,1.1만회,6개월 전
클래시 로얄 게임,https://www.youtube.com/watch?v=Bf--wr5Y4Q4,420회,6개월 전
클래시 로얄 게임,https://www.youtube.com/watch?v=8BQrWSCDnb0,3.1만회,6개월 전
클래시 로얄 게임,https://www.youtube.com/watch?v=PQ-1l_GGJEU,2.4천회,6개월 전
클래시 로얄 게임,https://www.youtube.com/watch?v=zlIvx0t_xA4,1.1만회,6개월 전
클래시 로얄 게임,https://www.youtube.com/watch?v=QsQyCQK8GbM,1.7만회,스트리밍 시간: 6개월 전
클래시 로얄 게임,https://www.youtube.com/watch?v=uQ8AM8ViYbY,2.2만회,스트리밍 시간: 6개월 전
클래시 로얄 게임,https://www.youtube.com/watch?v=Xi1-tB6uqHY,1만회,6개월 전
클래시 로얄 게임,https://www.youtube.com/watch?v=GrccX29nFtE,14만회,6개월 전
클래시 로얄 게임,https://www.youtube.com/watch?v=_ty2sgtjUss,8.4만회,6개월 전
클래시 로얄 게임,https://www.youtube.com/watch?v=A7qJCSfYadU,16만회,6개월 전
클래시 로얄 게임,https://www.youtube.com/watch?v=n7DXerqgdh4,1.1천회,6개월 전
클래시 로얄 게임,https://www.youtube.com/watch?v=ljo0Y8jUXd4,22만회,6개월 전
클래시 로얄 게임,https://www.youtube.com/watch?v=fSkdxiNllQI,11회,6개월 전
클래시 로얄 게임,https://www.youtube.com/watch?v=4MpEawPFqvk,1.3만회,6개월 전
클래시 로얄 게임,https://www.youtube.com/watch?v=okAF7LLkDe0,145회,6개월 전
클래시 로얄 게임,https://www.youtube.com/watch?v=mHcniZlQlxg,2.6만회,스트리밍 시간: 6개월 전
클래시 로얄 게임,https://www.youtube.com/watch?v=41r1vsEgCzU,131회,6개월 전
클래시 로얄 게임,https://www.youtube.com/watch?v=WSeQf8NfrZo,10만회,6개월 전
클래시 로얄 게임,https://www.youtube.com/watch?v=VoxKfCK1wRU,1.2만회,스트리밍 시간: 6개월 전
클래시 로얄 게임,https://www.youtube.com/watch?v=nAm8FNRBSu8,9.1천회,6개월 전
클래시 로얄 게임,https://www.youtube.com/watch?v=zj50x87Y2Go,9.8만회,6개월 전
클래시 로얄 게임,https://www.youtube.com/watch?v=BYjwEqZGzPs,3만회,스트리밍 시간: 6개월 전
클래시 로얄 게임,https://www.youtube.com/watch?v=c2X8hZkbfQs,1.2만회,6개월 전
클래시 로얄 게임,https://www.youtube.com/watch?v=12lKFBFvDSQ,347회,6개월 전
클래시 로얄 게임,https://www.youtube.com/watch?v=51S529dcXEQ,6.7천회,6개월 전
클래시 로얄 게임,https://www.youtube.com/watch?v=741Wvo5yu9Y,2.4만회,6개월 전
클래시 로얄 게임,https://www.youtube.com/watch?v=3ERBPzua7P4,1.8만회,스트리밍 시간: 6개월 전
클래시 로얄 게임,https://www.youtube.com/watch?v=Mch1J_JhHyY,834회,6개월 전
클래시 로얄 게임,https://www.youtube.com/watch?v=JPwL7mihvIM,2.4만회,스트리밍 시간: 6개월 전
클래시 로얄 게임,https://www.youtube.com/watch?v=8UaIU3_JFzg,716회,스트리밍 시간: 6개월 전
클래시 로얄 게임,https://www.youtube.com/watch?v=lwiCrL1Mvd4,5.7만회,6개월 전
클래시 로얄 게임,https://www.youtube.com/watch?v=yzVTC9YfmZY,2.2만회,스트리밍 시간: 6개월 전
클래시 로얄 게임,https://www.youtube.com/watch?v=Nzs1xVXs4do,33만회,6개월 전
클래시 로얄 게임,https://www.youtube.com/watch?v=GEcA4hbKdmc,180만회,6개월 전
클래시 로얄 게임,https://www.youtube.com/watch?v=0Ha3Y5IHtDY,1.1만회,6개월 전
클래시 로얄 게임,https://www.youtube.com/watch?v=CpGDLFwt7po,10만회,6개월 전
클래시 로얄 게임,https://www.youtube.com/watch?v=ov0WgQxCRLI,254회,7개월 전
클래시 로얄 게임,https://www.youtube.com/watch?v=WBlGPwevwHc,1.6만회,스트리밍 시간: 7개월 전
클래시 로얄 게임,https://www.youtube.com/watch?v=53QnuWEm3Mo,3.6만회,7개월 전
클래시 로얄 게임,https://www.youtube.com/watch?v=tizdabfYtu4,2.9천회,7개월 전
클래시 로얄 게임,https://www.youtube.com/watch?v=vcuRSSW_2xo,346회,7개월 전
클래시 로얄 게임,https://www.youtube.com/watch?v=tjllJAX_e4I,1.5만회,7개월 전
클래시 로얄 게임,https://www.youtube.com/watch?v=z7FccXizXCg,2.2만회,7개월 전
클래시 로얄 게임,https://www.youtube.com/watch?v=_7gV8ufI9og,8.3만회,7개월 전
클래시 로얄 게임,https://www.youtube.com/watch?v=CfodO2Xs3sU,9.2천회,7개월 전
클래시 로얄 게임,https://www.youtube.com/watch?v=fftegQy6Ws0,932회,7개월 전
클래시 로얄 게임,https://www.youtube.com/watch?v=acka-rlKdQs,8천회,7개월 전
클래시 로얄 게임,https://www.youtube.com/watch?v=0nzL1tGDl3A,1.7천회,7개월 전
클래시 로얄 게임,https://www.youtube.com/watch?v=rVKxWIh77jM,21만회,7개월 전
클래시 로얄 게임,https://www.youtube.com/watch?v=_z-rEG5f084,2.1만회,스트리밍 시간: 7개월 전
클래시 로얄 게임,https://www.youtube.com/watch?v=zEQq3cnSgu0,134회,7개월 전
클래시 로얄 게임,https://www.youtube.com/watch?v=2wt1wnoAks4,2.1만회,7개월 전
클래시 로얄 게임,https://www.youtube.com/watch?v=IiavGnsBoXg,541회,7개월 전
클래시 로얄 게임,https://www.youtube.com/watch?v=eqUpBq4q8gA,407회,7개월 전
클래시 로얄 게임,https://www.youtube.com/watch?v=TVQ_-bU5ZAY,9.8만회,7개월 전
클래시 로얄 게임,https://www.youtube.com/watch?v=oOfMmEvWn_c,1.9천회,스트리밍 시간: 7개월 전
클래시 로얄 게임,https://www.youtube.com/watch?v=hXUxi1po6B0,5.8천회,7개월 전
클래시 로얄 게임,https://www.youtube.com/watch?v=ojy0L0D6HvY,2천회,스트리밍 시간: 7개월 전
클래시 로얄 게임,https://www.youtube.com/watch?v=VQCNqKQEMBc,31만회,7개월 전
클래시 로얄 게임,https://www.youtube.com/watch?v=bQ0xvJ3HQzE,7.1만회,7개월 전
클래시 로얄 게임,https://www.youtube.com/watch?v=CzMaER2lNq4,4.2만회,7개월 전
클래시 로얄 게임,https://www.youtube.com/watch?v=_JLnB3fpWn8,7.7천회,7개월 전
클래시 로얄 게임,https://www.youtube.com/watch?v=ifUZB9LfAl4,4.4천회,7개월 전
클래시 로얄 게임,https://www.youtube.com/watch?v=cI7_gWa-Xuw,2.1천회,7개월 전
클래시 로얄 게임,https://www.youtube.com/watch?v=t8Ky5aH4g8M,1.4천회,스트리밍 시간: 7개월 전
클래시 로얄 게임,https://www.youtube.com/watch?v=83JRMxrMcJA,261회,7개월 전
클래시 로얄 게임,https://www.youtube.com/watch?v=t1O4GMJL5YY,27만회,7개월 전
클래시 로얄 게임,https://www.youtube.com/watch?v=tnGRMcFy4SU,40만회,7개월 전
클래시 로얄 게임,https://www.youtube.com/watch?v=B3QAz4CqDGQ,14만회,7개월 전
클래시 로얄 게임,https://www.youtube.com/watch?v=4n28Rv8DPOU,4.4만회,8개월 전
클래시 로얄 게임,https://www.youtube.com/watch?v=8REx9IVExVM,1.7만회,8개월 전
클래시 로얄 게임,https://www.youtube.com/watch?v=YgvfBFjfzfs,2.8천회,8개월 전
클래시 로얄 게임,https://www.youtube.com/watch?v=-dmIuPhx9yc,1.4천회,스트리밍 시간: 8개월 전
클래시 로얄 게임,https://www.youtube.com/watch?v=EIqbN_1pxH8,252회,8개월 전
클래시 로얄 게임,https://www.youtube.com/watch?v=FmpLnaTqX30,92회,8개월 전
클래시 로얄 게임,https://www.youtube.com/watch?v=EPiTqppyD8A,1만회,8개월 전
클래시 로얄 게임,https://www.youtube.com/watch?v=QX9QXRuZZZg,1.8천회,스트리밍 시간: 8개월 전
클래시 로얄 게임,https://www.youtube.com/watch?v=Iltcm-UXZBQ,1.8천회,스트리밍 시간: 8개월 전
클래시 로얄 게임,https://www.youtube.com/watch?v=ANnInns_66Y,279회,8개월 전
클래시 로얄 게임,https://www.youtube.com/watch?v=-bzlYENzdYk,1만회,8개월 전
클래시 로얄 게임,https://www.youtube.com/watch?v=92ziF2YMkF8,6천회,8개월 전
클래시 로얄 게임,https://www.youtube.com/watch?v=MOxM-MejH44,1.6만회,8개월 전
클래시 로얄 게임,https://www.youtube.com/watch?v=Vrd9PKzNqLI,23만회,8개월 전
클래시 로얄 게임,https://www.youtube.com/watch?v=eZ7x72E-k6Y,6.6만회,8개월 전
클래시 로얄 게임,https://www.youtube.com/watch?v=V_5_yYlM7M0,240만회,8개월 전
클래시 로얄 게임,https://www.youtube.com/watch?v=F1eKP7AUKH0,2.1천회,8개월 전
클래시 로얄 게임,https://www.youtube.com/watch?v=1lJHE6nKdb0,13만회,8개월 전
클래시 로얄 게임,https://www.youtube.com/watch?v=c6SCgBXw1P8,1.1천회,8개월 전
클래시 로얄 게임,https://www.youtube.com/watch?v=7lo4LCMvII8,6천회,8개월 전
클래시 로얄 게임,https://www.youtube.com/watch?v=zBwMrL67UCI,4.4만회,8개월 전
클래시 로얄 게임,https://www.youtube.com/watch?v=kG9-pmIdV6s,37회,9개월 전
클래시 로얄 게임,https://www.youtube.com/watch?v=rVNixQfSgjE,9.7천회,9개월 전
클래시 로얄 게임,https://www.youtube.com/watch?v=N1dKnpgBdAU,81만회,9개월 전
클래시 로얄 게임,https://www.youtube.com/watch?v=bv4UsPKRtik,13만회,9개월 전
클래시 로얄 게임,https://www.youtube.com/watch?v=pTpbONVkvv8,4.1천회,9개월 전
클래시 로얄 게임,https://www.youtube.com/watch?v=8lgZ-4giyL4,2만회,9개월 전
클래시 로얄 게임,https://www.youtube.com/watch?v=kPa4OclZDqc,3천회,9개월 전
클래시 로얄 게임,https://www.youtube.com/watch?v=edUpkBo1p_k,91회,9개월 전
클래시 로얄 게임,https://www.youtube.com/watch?v=sxzf1HPs1Tw,1.9천회,9개월 전
클래시 로얄 게임,https://www.youtube.com/watch?v=kqVD0wOTfSw,5.8만회,9개월 전
클래시 로얄 게임,https://www.youtube.com/watch?v=nsvKEhm5WkI,590회,9개월 전
클래시 로얄 게임,https://www.youtube.com/watch?v=7MsgmHPJt2U,2.7천회,9개월 전
클래시 로얄 게임,https://www.youtube.com/watch?v=oauGfmabFrk,4.2천회,9개월 전
클래시 로얄 게임,https://www.youtube.com/watch?v=tY_q-ahgMus,11만회,9개월 전
클래시 로얄 게임,https://www.youtube.com/watch?v=YIhZAeLvE2A,119만회,9개월 전
클래시 로얄 게임,https://www.youtube.com/watch?v=037zw1fC5i8,1.5천회,9개월 전
클래시 로얄 게임,https://www.youtube.com/watch?v=_7qFBKLwS7c,15만회,9개월 전
클래시 로얄 게임,https://www.youtube.com/watch?v=o_--ZAECtJ4,3만회,9개월 전
클래시 로얄 게임,https://www.youtube.com/watch?v=1EK9PrlAhAA,28만회,9개월 전
클래시 로얄 게임,https://www.youtube.com/watch?v=qq-NwLddQwE,125회,9개월 전
클래시 로얄 게임,https://www.youtube.com/watch?v=RyKI8OQKG_4,2.1천회,9개월 전
클래시 로얄 게임,https://www.youtube.com/watch?v=XyT9cHPGvLI,15만회,10개월 전
클래시 로얄 게임,https://www.youtube.com/watch?v=N0MkVPeYLYE,70회,10개월 전
클래시 로얄 게임,https://www.youtube.com/watch?v=AzTOz1CmBCI,2.2천회,10개월 전
클래시 로얄 게임,https://www.youtube.com/watch?v=xpB8Ao_Oekk,18만회,10개월 전
클래시 로얄 게임,https://www.youtube.com/watch?v=PugMquKZEfU,9.4만회,10개월 전
클래시 로얄 게임,https://www.youtube.com/watch?v=v-zQMGqqQ7A,3.9천회,10개월 전
클래시 로얄 게임,https://www.youtube.com/watch?v=JCK4grEQkm4,17만회,10개월 전
클래시 로얄 게임,https://www.youtube.com/watch?v=hDgUS8Jpuj4,1.1만회,10개월 전
클래시 로얄 게임,https://www.youtube.com/watch?v=_NRYBwsUNfg,563회,10개월 전
클래시 로얄 게임,https://www.youtube.com/watch?v=wRsJoyPEO7E,37회,10개월 전
클래시 로얄 게임,https://www.youtube.com/watch?v=_gzdDG0T1qs,21만회,10개월 전
클래시 로얄 게임,https://www.youtube.com/watch?v=4-WEyNzMU_0,681회,10개월 전
클래시 로얄 게임,https://www.youtube.com/watch?v=g5__L8vhWcI,7.6만회,10개월 전
