﻿search,youtube_url,viewer,upload
Brain Out - 가장 어색한 게임 게임,https://www.youtube.com/watch?v=9sX4bfgtiOE,36회,3일 전
Brain Out - 가장 어색한 게임 게임,https://www.youtube.com/watch?v=thYSCdbojHU,3회,4일 전
Brain Out - 가장 어색한 게임 게임,https://www.youtube.com/watch?v=Ov_E10s1Jqc,7.1만회,2주 전
Brain Out - 가장 어색한 게임 게임,https://www.youtube.com/watch?v=ww5hm9CZnE8,42회,2주 전
Brain Out - 가장 어색한 게임 게임,https://www.youtube.com/watch?v=fPsR05dET7A,1.2만회,2주 전
Brain Out - 가장 어색한 게임 게임,https://www.youtube.com/watch?v=yU83McPzQj4,247회,2주 전
Brain Out - 가장 어색한 게임 게임,https://www.youtube.com/watch?v=w1kCCbnU3uY,10회,2주 전
Brain Out - 가장 어색한 게임 게임,https://www.youtube.com/watch?v=FTpivw1cwH8,1.3천회,2주 전
Brain Out - 가장 어색한 게임 게임,https://www.youtube.com/watch?v=0HNzADVgb8s,3.7천회,3주 전
Brain Out - 가장 어색한 게임 게임,https://www.youtube.com/watch?v=v2U65MoSJX0,33회,3주 전
Brain Out - 가장 어색한 게임 게임,https://www.youtube.com/watch?v=7LrtR-vOtu4,90회,3주 전
Brain Out - 가장 어색한 게임 게임,https://www.youtube.com/watch?v=GUhucAWoZlw,58회,3주 전
Brain Out - 가장 어색한 게임 게임,https://www.youtube.com/watch?v=AXQ0QDCLsrk,4회,3주 전
Brain Out - 가장 어색한 게임 게임,https://www.youtube.com/watch?v=55pFZ6u5M-o,25회,4주 전
Brain Out - 가장 어색한 게임 게임,https://www.youtube.com/watch?v=18xcyb18Ee0,8.9만회,1개월 전
Brain Out - 가장 어색한 게임 게임,https://www.youtube.com/watch?v=NFEQBMt4dWc,5.8천회,1개월 전
Brain Out - 가장 어색한 게임 게임,https://www.youtube.com/watch?v=ze_dbAENkU0,7만회,1개월 전
Brain Out - 가장 어색한 게임 게임,https://www.youtube.com/watch?v=IgZvf_xsg-U,5.6천회,1개월 전
Brain Out - 가장 어색한 게임 게임,https://www.youtube.com/watch?v=451Y6TvvdCI,23만회,1개월 전
Brain Out - 가장 어색한 게임 게임,https://www.youtube.com/watch?v=PmpXvNDtKAA,61회,1개월 전
Brain Out - 가장 어색한 게임 게임,https://www.youtube.com/watch?v=jfnUdrYsWso,16만회,1개월 전
Brain Out - 가장 어색한 게임 게임,https://www.youtube.com/watch?v=Upo-SkxmLe0,40회,스트리밍 시간: 1개월 전
Brain Out - 가장 어색한 게임 게임,https://www.youtube.com/watch?v=H5hK1CtU7GE,147회,스트리밍 시간: 1개월 전
Brain Out - 가장 어색한 게임 게임,https://www.youtube.com/watch?v=U9WmHNdMH6w,1.2천회,1개월 전
Brain Out - 가장 어색한 게임 게임,https://www.youtube.com/watch?v=ySK7uRysDcY,1.2천회,1개월 전
Brain Out - 가장 어색한 게임 게임,https://www.youtube.com/watch?v=35OYO_otAUc,8천회,1개월 전
Brain Out - 가장 어색한 게임 게임,https://www.youtube.com/watch?v=LaFNLGdPHW0,501회,1개월 전
Brain Out - 가장 어색한 게임 게임,https://www.youtube.com/watch?v=tGiw5itIgZY,67만회,1개월 전
Brain Out - 가장 어색한 게임 게임,https://www.youtube.com/watch?v=CP08zNsOhhQ,3.7천회,1개월 전
Brain Out - 가장 어색한 게임 게임,https://www.youtube.com/watch?v=c7uQJJv3_-M,928회,1개월 전
Brain Out - 가장 어색한 게임 게임,https://www.youtube.com/watch?v=6GM_iTL2v9o,1.4천회,1개월 전
Brain Out - 가장 어색한 게임 게임,https://www.youtube.com/watch?v=2mxKaueebTk,855회,1개월 전
Brain Out - 가장 어색한 게임 게임,https://www.youtube.com/watch?v=h4O2e9yrVrg,3.2만회,1개월 전
Brain Out - 가장 어색한 게임 게임,https://www.youtube.com/watch?v=P12-s9a-MP8,11만회,1개월 전
Brain Out - 가장 어색한 게임 게임,https://www.youtube.com/watch?v=RiB8PLBM8dQ,3.5만회,1개월 전
Brain Out - 가장 어색한 게임 게임,https://www.youtube.com/watch?v=nYzDol4sZGg,9회,1개월 전
Brain Out - 가장 어색한 게임 게임,https://www.youtube.com/watch?v=F6JUL2zoYn8,6.4천회,1개월 전
Brain Out - 가장 어색한 게임 게임,https://www.youtube.com/watch?v=yegaWcOlVSk,3.6만회,1개월 전
Brain Out - 가장 어색한 게임 게임,https://www.youtube.com/watch?v=JQyJj0SniCY,2.1만회,1개월 전
Brain Out - 가장 어색한 게임 게임,https://www.youtube.com/watch?v=AsN5PehdCZg,6.6천회,1개월 전
Brain Out - 가장 어색한 게임 게임,https://www.youtube.com/watch?v=Q_6i9SX5I0g,7.7천회,1개월 전
Brain Out - 가장 어색한 게임 게임,https://www.youtube.com/watch?v=IvTD-dxWfzE,505회,1개월 전
Brain Out - 가장 어색한 게임 게임,https://www.youtube.com/watch?v=-7kU3Qv8xdk,260회,1개월 전
Brain Out - 가장 어색한 게임 게임,https://www.youtube.com/watch?v=Mit9lpiYePQ,8.5만회,1개월 전
Brain Out - 가장 어색한 게임 게임,https://www.youtube.com/watch?v=0XdVQb7Cy6E,500회,1개월 전
Brain Out - 가장 어색한 게임 게임,https://www.youtube.com/watch?v=QU0YWau57Uc,2.3천회,1개월 전
Brain Out - 가장 어색한 게임 게임,https://www.youtube.com/watch?v=VBA4bE05IEU,1.9천회,2개월 전
Brain Out - 가장 어색한 게임 게임,https://www.youtube.com/watch?v=e-XNemg3l_Q,45회,2개월 전
Brain Out - 가장 어색한 게임 게임,https://www.youtube.com/watch?v=SakyMVPwLpQ,401회,2개월 전
Brain Out - 가장 어색한 게임 게임,https://www.youtube.com/watch?v=xF9yQRRu6zs,7.7천회,2개월 전
Brain Out - 가장 어색한 게임 게임,https://www.youtube.com/watch?v=P66KwbgO9mc,755회,2개월 전
Brain Out - 가장 어색한 게임 게임,https://www.youtube.com/watch?v=vDOzuzlWHnY,364회,2개월 전
Brain Out - 가장 어색한 게임 게임,https://www.youtube.com/watch?v=jSr5tP4bhPo,39회,2개월 전
Brain Out - 가장 어색한 게임 게임,https://www.youtube.com/watch?v=GLKI_X7z-M0,4.5만회,2개월 전
Brain Out - 가장 어색한 게임 게임,https://www.youtube.com/watch?v=jwvJ6qRV2tQ,453회,2개월 전
Brain Out - 가장 어색한 게임 게임,https://www.youtube.com/watch?v=uklfrFs1GvI,25회,스트리밍 시간: 2개월 전
Brain Out - 가장 어색한 게임 게임,https://www.youtube.com/watch?v=ymg249cVUfQ,1.3만회,2개월 전
Brain Out - 가장 어색한 게임 게임,https://www.youtube.com/watch?v=r8Wkin8l_Fw,7.4천회,2개월 전
Brain Out - 가장 어색한 게임 게임,https://www.youtube.com/watch?v=H4ER6voh8n0,56만회,2개월 전
Brain Out - 가장 어색한 게임 게임,https://www.youtube.com/watch?v=0nGdl4BasP0,32만회,2개월 전
Brain Out - 가장 어색한 게임 게임,https://www.youtube.com/watch?v=YQ9JKRsJ81Y,33만회,2개월 전
Brain Out - 가장 어색한 게임 게임,https://www.youtube.com/watch?v=0MHxDmFCA9A,3.4천회,스트리밍 시간: 2개월 전
Brain Out - 가장 어색한 게임 게임,https://www.youtube.com/watch?v=OWbWB92g7rc,2.6만회,2개월 전
Brain Out - 가장 어색한 게임 게임,https://www.youtube.com/watch?v=9hOGyP0x6Ac,2.8만회,2개월 전
Brain Out - 가장 어색한 게임 게임,https://www.youtube.com/watch?v=0cOpsSzATwE,1.3만회,2개월 전
Brain Out - 가장 어색한 게임 게임,https://www.youtube.com/watch?v=RWh-Vqz_AP8,2만회,2개월 전
Brain Out - 가장 어색한 게임 게임,https://www.youtube.com/watch?v=xucb--zXRC4,1.8만회,2개월 전
Brain Out - 가장 어색한 게임 게임,https://www.youtube.com/watch?v=vYgF7vvuLO8,1.6만회,2개월 전
Brain Out - 가장 어색한 게임 게임,https://www.youtube.com/watch?v=5DA7dVTIQRY,1.5만회,2개월 전
Brain Out - 가장 어색한 게임 게임,https://www.youtube.com/watch?v=wbLyXm5WRF8,1.3만회,2개월 전
Brain Out - 가장 어색한 게임 게임,https://www.youtube.com/watch?v=JNntrbw0of0,1.5만회,2개월 전
Brain Out - 가장 어색한 게임 게임,https://www.youtube.com/watch?v=oTkijfcxxts,1.5만회,2개월 전
Brain Out - 가장 어색한 게임 게임,https://www.youtube.com/watch?v=Uv9j8-28LuM,4.6만회,2개월 전
Brain Out - 가장 어색한 게임 게임,https://www.youtube.com/watch?v=VfAkm8yCd5M,5.4천회,2개월 전
Brain Out - 가장 어색한 게임 게임,https://www.youtube.com/watch?v=G-dgg6vIcFc,2.7천회,2개월 전
Brain Out - 가장 어색한 게임 게임,https://www.youtube.com/watch?v=Hd0XvhD5gJA,9.8천회,2개월 전
Brain Out - 가장 어색한 게임 게임,https://www.youtube.com/watch?v=cg4DalxE8Z8,1.1천회,2개월 전
Brain Out - 가장 어색한 게임 게임,https://www.youtube.com/watch?v=cY24Nl4OicI,22만회,2개월 전
Brain Out - 가장 어색한 게임 게임,https://www.youtube.com/watch?v=jbD_81FPYoI,1.1천회,2개월 전
Brain Out - 가장 어색한 게임 게임,https://www.youtube.com/watch?v=9AV1sPnBpbc,2만회,2개월 전
Brain Out - 가장 어색한 게임 게임,https://www.youtube.com/watch?v=JeWtmsiLTmA,3.6만회,2개월 전
Brain Out - 가장 어색한 게임 게임,https://www.youtube.com/watch?v=CSvEMePNC_A,3.4만회,2개월 전
Brain Out - 가장 어색한 게임 게임,https://www.youtube.com/watch?v=CWj9lagPHRQ,2.7만회,2개월 전
Brain Out - 가장 어색한 게임 게임,https://www.youtube.com/watch?v=7UIPcdr4TJQ,3.9만회,2개월 전
Brain Out - 가장 어색한 게임 게임,https://www.youtube.com/watch?v=5usvYVwuqvk,1.9만회,2개월 전
Brain Out - 가장 어색한 게임 게임,https://www.youtube.com/watch?v=qG8IqJPGzvE,2.2만회,2개월 전
Brain Out - 가장 어색한 게임 게임,https://www.youtube.com/watch?v=xCdyQlNYSwU,2.7만회,2개월 전
Brain Out - 가장 어색한 게임 게임,https://www.youtube.com/watch?v=7NR5uKm4JEc,3.8만회,2개월 전
Brain Out - 가장 어색한 게임 게임,https://www.youtube.com/watch?v=DYlNdEYr_uA,4.4만회,2개월 전
Brain Out - 가장 어색한 게임 게임,https://www.youtube.com/watch?v=KshcBD0yN3c,5만회,2개월 전
Brain Out - 가장 어색한 게임 게임,https://www.youtube.com/watch?v=YQ7Mi77i-5c,2.1만회,2개월 전
Brain Out - 가장 어색한 게임 게임,https://www.youtube.com/watch?v=qVHsQ-JVMRY,2.8만회,2개월 전
