﻿search,youtube_url,viewer,upload
애프터라이프 게임,https://www.youtube.com/watch?v=UhtjNSaaCJw,17회,20시간 전
애프터라이프 게임,https://www.youtube.com/watch?v=AoW4wKOIcPo,1회,22시간 전
애프터라이프 게임,https://www.youtube.com/watch?v=lb30XzbCDmk,46회,1일 전
애프터라이프 게임,https://www.youtube.com/watch?v=qgjjmxgmEkQ,168회,1일 전
애프터라이프 게임,https://www.youtube.com/watch?v=CyuyijMAB4c,471회,1일 전
애프터라이프 게임,https://www.youtube.com/watch?v=cFkuek32Wgg,123회,스트리밍 시간: 1일 전
애프터라이프 게임,https://www.youtube.com/watch?v=iaUwoIEEqY4,46회,1일 전
애프터라이프 게임,https://www.youtube.com/watch?v=rtiknJMJBO8,384회,1일 전
애프터라이프 게임,https://www.youtube.com/watch?v=bal6JBYudes,180회,1일 전
애프터라이프 게임,https://www.youtube.com/watch?v=dkl4V_VAPWc,23회,2일 전
애프터라이프 게임,https://www.youtube.com/watch?v=MS36nWsB2FA,4회,2일 전
애프터라이프 게임,https://www.youtube.com/watch?v=kvzqd9wEP7M,81회,2일 전
애프터라이프 게임,https://www.youtube.com/watch?v=-fQo2tx0qho,1회,3일 전
애프터라이프 게임,https://www.youtube.com/watch?v=9cZFmf218ag,29회,3일 전
애프터라이프 게임,https://www.youtube.com/watch?v=m4v9sV7t-VU,27만회,3일 전
애프터라이프 게임,https://www.youtube.com/watch?v=05Y5WX2xrFY,277회,4일 전
애프터라이프 게임,https://www.youtube.com/watch?v=vCa-sExnnno,154회,4일 전
애프터라이프 게임,https://www.youtube.com/watch?v=sNtXhmGePgY,91회,4일 전
애프터라이프 게임,https://www.youtube.com/watch?v=8mV9mBUP_ac,122회,4일 전
애프터라이프 게임,https://www.youtube.com/watch?v=z5mCGnVT5p8,16회,5일 전
애프터라이프 게임,https://www.youtube.com/watch?v=IzN3ujg5v_0,354회,5일 전
애프터라이프 게임,https://www.youtube.com/watch?v=_MrOun_OJsY,440회,5일 전
애프터라이프 게임,https://www.youtube.com/watch?v=hZhlAM2gH5E,1.1천회,5일 전
애프터라이프 게임,https://www.youtube.com/watch?v=ssZfmKkNPNA,123회,스트리밍 시간: 5일 전
애프터라이프 게임,https://www.youtube.com/watch?v=7bmq2izi0ic,282회,5일 전
애프터라이프 게임,https://www.youtube.com/watch?v=TR-5CB40Mjc,325회,5일 전
애프터라이프 게임,https://www.youtube.com/watch?v=3bfIzWIzvfY,15회,5일 전
애프터라이프 게임,https://www.youtube.com/watch?v=SLowfwA2K8M,117회,6일 전
애프터라이프 게임,https://www.youtube.com/watch?v=zjjQ3Y20QUg,230회,6일 전
애프터라이프 게임,https://www.youtube.com/watch?v=oUodTmwXOUU,172회,6일 전
애프터라이프 게임,https://www.youtube.com/watch?v=mR2r9Ot767U,278회,6일 전
애프터라이프 게임,https://www.youtube.com/watch?v=jMxEZIgo4Is,593회,1주 전
애프터라이프 게임,https://www.youtube.com/watch?v=FRyKy3Zxfmg,86회,스트리밍 시간: 1주 전
애프터라이프 게임,https://www.youtube.com/watch?v=f6B9so3CCGQ,58회,1주 전
애프터라이프 게임,https://www.youtube.com/watch?v=GzsyEFWX5uY,133회,1주 전
애프터라이프 게임,https://www.youtube.com/watch?v=rxMumBrnBLo,107회,1주 전
애프터라이프 게임,https://www.youtube.com/watch?v=EMIkeMOyUaQ,280회,1주 전
애프터라이프 게임,https://www.youtube.com/watch?v=Rl2Uljw_s5A,201회,1주 전
애프터라이프 게임,https://www.youtube.com/watch?v=lzOHKEmcak0,150회,1주 전
애프터라이프 게임,https://www.youtube.com/watch?v=IoRGnqCuU5Q,244회,1주 전
애프터라이프 게임,https://www.youtube.com/watch?v=c7yZte2Wmgc,100회,스트리밍 시간: 1주 전
애프터라이프 게임,https://www.youtube.com/watch?v=1C4HIynQqPw,16회,1주 전
애프터라이프 게임,https://www.youtube.com/watch?v=_dzoeO7zOe0,106회,1주 전
애프터라이프 게임,https://www.youtube.com/watch?v=roUf0aSwCBQ,1.1천회,1주 전
애프터라이프 게임,https://www.youtube.com/watch?v=_8thPPkeNk8,3.5천회,1주 전
애프터라이프 게임,https://www.youtube.com/watch?v=2uFQeG1zKVs,516회,1주 전
애프터라이프 게임,https://www.youtube.com/watch?v=_TxP-HnP-U8,56회,1주 전
애프터라이프 게임,https://www.youtube.com/watch?v=TIAL6Nq3sPU,412회,1주 전
애프터라이프 게임,https://www.youtube.com/watch?v=kdfM42H3DB4,1천회,2주 전
애프터라이프 게임,https://www.youtube.com/watch?v=0tcaIK6SFf8,4.2천회,2주 전
애프터라이프 게임,https://www.youtube.com/watch?v=EdSAvdyN0c0,1.7천회,2주 전
애프터라이프 게임,https://www.youtube.com/watch?v=GrIbiZH7U6M,8.4천회,2주 전
애프터라이프 게임,https://www.youtube.com/watch?v=xYdeRtbCsm8,5.1천회,3주 전
애프터라이프 게임,https://www.youtube.com/watch?v=di2HBsZqyYc,5.4천회,3주 전
애프터라이프 게임,https://www.youtube.com/watch?v=oHKP1RUztEw,7.2천회,스트리밍 시간: 3주 전
애프터라이프 게임,https://www.youtube.com/watch?v=OUddz7mXNDo,380회,3주 전
애프터라이프 게임,https://www.youtube.com/watch?v=nPHRjjuIwe4,379만회,4주 전
애프터라이프 게임,https://www.youtube.com/watch?v=XTKJxI7NdJ4,94회,1개월 전
애프터라이프 게임,https://www.youtube.com/watch?v=t4iC4MxegDs,4.9만회,1개월 전
애프터라이프 게임,https://www.youtube.com/watch?v=dDhR9heQKWo,41만회,1개월 전
애프터라이프 게임,https://www.youtube.com/watch?v=b1dvQxo9eYQ,24회,1개월 전
애프터라이프 게임,https://www.youtube.com/watch?v=Vq7Mj10rzO8,127회,스트리밍 시간: 1개월 전
애프터라이프 게임,https://www.youtube.com/watch?v=Agx3Z5GqHjE,900회,스트리밍 시간: 1개월 전
애프터라이프 게임,https://www.youtube.com/watch?v=1fzCUtAwtBw,6.9만회,1개월 전
애프터라이프 게임,https://www.youtube.com/watch?v=CoXvgcvqp_U,5회,1개월 전
애프터라이프 게임,https://www.youtube.com/watch?v=CAalUCNNkgo,20만회,1개월 전
애프터라이프 게임,https://www.youtube.com/watch?v=JM6lKZ60f-E,3회,스트리밍 시간: 1개월 전
애프터라이프 게임,https://www.youtube.com/watch?v=Nj0ciWR7OhE,421회,1개월 전
애프터라이프 게임,https://www.youtube.com/watch?v=74D_CxMDl6k,1.7천회,1개월 전
애프터라이프 게임,https://www.youtube.com/watch?v=1qnap14-c7I,1.2천회,1개월 전
애프터라이프 게임,https://www.youtube.com/watch?v=QrSCZxfcgFo,64회,스트리밍 시간: 1개월 전
애프터라이프 게임,https://www.youtube.com/watch?v=t8DnmZ6M66k,17회,1개월 전
애프터라이프 게임,https://www.youtube.com/watch?v=rOrfyk7Eaak,85회,2개월 전
애프터라이프 게임,https://www.youtube.com/watch?v=GOQHZhAGFIk,2.3천회,2개월 전
애프터라이프 게임,https://www.youtube.com/watch?v=prGuvCCIDJs,2.7천회,2개월 전
애프터라이프 게임,https://www.youtube.com/watch?v=99_Rl7Kgmws,8.1천회,2개월 전
애프터라이프 게임,https://www.youtube.com/watch?v=WIV4y5Bapu0,2.7천회,2개월 전
애프터라이프 게임,https://www.youtube.com/watch?v=hT7Vjylj8Wk,4.7천회,2개월 전
애프터라이프 게임,https://www.youtube.com/watch?v=ULegONkw-gs,544회,2개월 전
애프터라이프 게임,https://www.youtube.com/watch?v=m9n8lx3HHek,1.9천회,2개월 전
애프터라이프 게임,https://www.youtube.com/watch?v=mOjsFdmXfGU,1.4천회,2개월 전
애프터라이프 게임,https://www.youtube.com/watch?v=GanSRjVR04o,356회,2개월 전
애프터라이프 게임,https://www.youtube.com/watch?v=8X1sgXM5v5Q,439회,2개월 전
애프터라이프 게임,https://www.youtube.com/watch?v=flyyIo8in80,3.9천회,2개월 전
애프터라이프 게임,https://www.youtube.com/watch?v=XKT5d7kdUwE,1.9천회,2개월 전
애프터라이프 게임,https://www.youtube.com/watch?v=YJk7S1esC-4,3천회,2개월 전
애프터라이프 게임,https://www.youtube.com/watch?v=U3O14m8bVVU,2.9천회,2개월 전
애프터라이프 게임,https://www.youtube.com/watch?v=nshAri1QtQ4,2.8천회,2개월 전
애프터라이프 게임,https://www.youtube.com/watch?v=4X-233MQE5w,743회,2개월 전
애프터라이프 게임,https://www.youtube.com/watch?v=KsUZocD1plc,619회,2개월 전
애프터라이프 게임,https://www.youtube.com/watch?v=HSMK5w_Tfxw,4.5천회,2개월 전
애프터라이프 게임,https://www.youtube.com/watch?v=bsCtOdrbM2U,573회,2개월 전
애프터라이프 게임,https://www.youtube.com/watch?v=xivJKOmEzHE,1만회,3개월 전
애프터라이프 게임,https://www.youtube.com/watch?v=tqlNEmmW1UA,106회,3개월 전
애프터라이프 게임,https://www.youtube.com/watch?v=oLWCyWbWbhw,1.5천회,3개월 전
애프터라이프 게임,https://www.youtube.com/watch?v=_voRyVkAYTk,803회,3개월 전
애프터라이프 게임,https://www.youtube.com/watch?v=Yp5V5I2zalA,1.1천회,3개월 전
애프터라이프 게임,https://www.youtube.com/watch?v=cCKICnBbwPw,45회,3개월 전
애프터라이프 게임,https://www.youtube.com/watch?v=EXKws5m5EJk,4.5천회,3개월 전
애프터라이프 게임,https://www.youtube.com/watch?v=c1MFZIK7-48,1.9천회,3개월 전
애프터라이프 게임,https://www.youtube.com/watch?v=cmO54mLyIWI,158회,3개월 전
애프터라이프 게임,https://www.youtube.com/watch?v=KFEoN6EZ-YE,477회,3개월 전
애프터라이프 게임,https://www.youtube.com/watch?v=ej15ZqHf_ak,2.4천회,3개월 전
애프터라이프 게임,https://www.youtube.com/watch?v=GRJF8EPZL0k,1.4천회,3개월 전
애프터라이프 게임,https://www.youtube.com/watch?v=hs5Gsb6I2uw,836회,3개월 전
애프터라이프 게임,https://www.youtube.com/watch?v=D5xi00_wkr8,1.1천회,3개월 전
애프터라이프 게임,https://www.youtube.com/watch?v=LgDy9MauDps,135회,3개월 전
애프터라이프 게임,https://www.youtube.com/watch?v=uPKAO7rwyTM,99회,3개월 전
애프터라이프 게임,https://www.youtube.com/watch?v=JdZmMf9g_N4,1.3천회,3개월 전
애프터라이프 게임,https://www.youtube.com/watch?v=XXOBYUwiqTQ,1.2천회,3개월 전
애프터라이프 게임,https://www.youtube.com/watch?v=YPt80lbLwzI,539회,3개월 전
애프터라이프 게임,https://www.youtube.com/watch?v=NDG1Dp3DTfs,1.4천회,3개월 전
애프터라이프 게임,https://www.youtube.com/watch?v=1lWtsh1J1PU,3.8천회,3개월 전
애프터라이프 게임,https://www.youtube.com/watch?v=DtInfkJDW_U,1.3천회,4개월 전
애프터라이프 게임,https://www.youtube.com/watch?v=MmZUjuAFWWE,71회,4개월 전
애프터라이프 게임,https://www.youtube.com/watch?v=Ll-Fkp0U4QU,2.2천회,4개월 전
애프터라이프 게임,https://www.youtube.com/watch?v=7wJlfAjbJ3Q,2.2천회,4개월 전
애프터라이프 게임,https://www.youtube.com/watch?v=v1E4Kmb_rvU,1.3천회,4개월 전
애프터라이프 게임,https://www.youtube.com/watch?v=TpZH4TgRxiM,1.1천회,4개월 전
애프터라이프 게임,https://www.youtube.com/watch?v=JpL6JAOIkBw,1천회,4개월 전
애프터라이프 게임,https://www.youtube.com/watch?v=mfG71fmsOPw,100회,스트리밍 시간: 4개월 전
애프터라이프 게임,https://www.youtube.com/watch?v=-IdxZ0zluWE,1.3천회,4개월 전
애프터라이프 게임,https://www.youtube.com/watch?v=1uZM5IerIYI,992회,4개월 전
애프터라이프 게임,https://www.youtube.com/watch?v=v-0_cS7a9Vw,1.1천회,4개월 전
애프터라이프 게임,https://www.youtube.com/watch?v=SLsX4Gu96W0,1.7천회,4개월 전
애프터라이프 게임,https://www.youtube.com/watch?v=7T5YLZUW5Q8,41회,4개월 전
애프터라이프 게임,https://www.youtube.com/watch?v=SpiF75krqks,10회,4개월 전
애프터라이프 게임,https://www.youtube.com/watch?v=NfGVYV39lZ0,1.1천회,4개월 전
애프터라이프 게임,https://www.youtube.com/watch?v=VdEon6P5na4,6.9천회,4개월 전
애프터라이프 게임,https://www.youtube.com/watch?v=CbfZQBPDJgs,82회,4개월 전
애프터라이프 게임,https://www.youtube.com/watch?v=WLR32U7gtXk,1.4천회,4개월 전
애프터라이프 게임,https://www.youtube.com/watch?v=1HP5jbSjpMI,4.7천회,4개월 전
애프터라이프 게임,https://www.youtube.com/watch?v=88Ds97UHwr8,77회,4개월 전
애프터라이프 게임,https://www.youtube.com/watch?v=ox-Gb_3ScJU,3.4천회,4개월 전
애프터라이프 게임,https://www.youtube.com/watch?v=wH5UC2iXJtc,1.1천회,4개월 전
애프터라이프 게임,https://www.youtube.com/watch?v=B4xZVoV8OvQ,1.6천회,4개월 전
애프터라이프 게임,https://www.youtube.com/watch?v=CLbSYwJxgn4,1.7천회,4개월 전
애프터라이프 게임,https://www.youtube.com/watch?v=UoFfZs3lP6s,5회,4개월 전
애프터라이프 게임,https://www.youtube.com/watch?v=5ouMj84Fw9Q,4.2천회,4개월 전
애프터라이프 게임,https://www.youtube.com/watch?v=Ac0--dtbUVw,3.2천회,4개월 전
애프터라이프 게임,https://www.youtube.com/watch?v=9qrNTm2Fqr8,2.3천회,4개월 전
애프터라이프 게임,https://www.youtube.com/watch?v=hFrhuXLd2os,1.7천회,4개월 전
애프터라이프 게임,https://www.youtube.com/watch?v=ChcDauU7twc,1.6천회,4개월 전
애프터라이프 게임,https://www.youtube.com/watch?v=nxTkzTZS6g4,7.7천회,4개월 전
애프터라이프 게임,https://www.youtube.com/watch?v=9zRPA8h02FQ,2.4천회,4개월 전
애프터라이프 게임,https://www.youtube.com/watch?v=i_yb_--V3No,6.6천회,4개월 전
애프터라이프 게임,https://www.youtube.com/watch?v=LPSVnrusMnU,1.2천회,4개월 전
애프터라이프 게임,https://www.youtube.com/watch?v=CLf8GK9az5c,2.6천회,4개월 전
애프터라이프 게임,https://www.youtube.com/watch?v=654jlZ_-_5s,98회,4개월 전
애프터라이프 게임,https://www.youtube.com/watch?v=7mRHLvNcAo0,145회,4개월 전
애프터라이프 게임,https://www.youtube.com/watch?v=En5cFz7u8fc,1.4천회,5개월 전
애프터라이프 게임,https://www.youtube.com/watch?v=mu0j0dn7i2s,108회,5개월 전
애프터라이프 게임,https://www.youtube.com/watch?v=y885IRlhmjc,52회,5개월 전
애프터라이프 게임,https://www.youtube.com/watch?v=kcsM1S7CwQI,44회,5개월 전
애프터라이프 게임,https://www.youtube.com/watch?v=XXdUU6KcLPA,68회,5개월 전
애프터라이프 게임,https://www.youtube.com/watch?v=AKQT8GxmwOE,104회,스트리밍 시간: 5개월 전
애프터라이프 게임,https://www.youtube.com/watch?v=8t-2xZlsiZ4,1.3천회,5개월 전
애프터라이프 게임,https://www.youtube.com/watch?v=O-i8R3F3XkM,587회,5개월 전
애프터라이프 게임,https://www.youtube.com/watch?v=if0uyV9cU6o,2.6천회,5개월 전
애프터라이프 게임,https://www.youtube.com/watch?v=QCYfJ5CH5cI,62회,스트리밍 시간: 5개월 전
애프터라이프 게임,https://www.youtube.com/watch?v=f0B7JRKGx-8,4.3천회,5개월 전
애프터라이프 게임,https://www.youtube.com/watch?v=z6VTp4rEtgQ,2.3천회,5개월 전
애프터라이프 게임,https://www.youtube.com/watch?v=Y_-FFwGRGLU,50회,스트리밍 시간: 5개월 전
애프터라이프 게임,https://www.youtube.com/watch?v=N70Ktvqb4LA,3천회,5개월 전
애프터라이프 게임,https://www.youtube.com/watch?v=PIYntW7jQAU,4.5천회,5개월 전
애프터라이프 게임,https://www.youtube.com/watch?v=X0usgklo5fg,3.7천회,5개월 전
애프터라이프 게임,https://www.youtube.com/watch?v=ye6mlkbmruo,454회,5개월 전
애프터라이프 게임,https://www.youtube.com/watch?v=cCQ2s36jVo8,99회,5개월 전
애프터라이프 게임,https://www.youtube.com/watch?v=Mc0mDjTHj7k,3.7천회,5개월 전
애프터라이프 게임,https://www.youtube.com/watch?v=UB3i8KtN5x8,56회,스트리밍 시간: 5개월 전
애프터라이프 게임,https://www.youtube.com/watch?v=jNwMnybIBmY,8천회,5개월 전
애프터라이프 게임,https://www.youtube.com/watch?v=Sn_N7bWCBAQ,5.3천회,5개월 전
애프터라이프 게임,https://www.youtube.com/watch?v=pUyoW6_wA-4,5.2천회,5개월 전
애프터라이프 게임,https://www.youtube.com/watch?v=ah2R12MTNHg,28회,5개월 전
애프터라이프 게임,https://www.youtube.com/watch?v=F9GVfJPWRxw,54회,5개월 전
애프터라이프 게임,https://www.youtube.com/watch?v=rIUxlJUxd-A,5.7천회,5개월 전
애프터라이프 게임,https://www.youtube.com/watch?v=0HPF1GrH9eU,17회,5개월 전
애프터라이프 게임,https://www.youtube.com/watch?v=mrvx6RIUapA,89회,스트리밍 시간: 5개월 전
애프터라이프 게임,https://www.youtube.com/watch?v=anqSAl7lYTQ,4.2천회,5개월 전
애프터라이프 게임,https://www.youtube.com/watch?v=rjhUS95Jynw,2.2천회,5개월 전
애프터라이프 게임,https://www.youtube.com/watch?v=XCzTL9PtLsU,4.3천회,5개월 전
애프터라이프 게임,https://www.youtube.com/watch?v=A46ACwqhx4Q,1.2천회,5개월 전
애프터라이프 게임,https://www.youtube.com/watch?v=gqFhnzJwLM0,156회,5개월 전
애프터라이프 게임,https://www.youtube.com/watch?v=-1jIXSv8L84,4.9천회,5개월 전
애프터라이프 게임,https://www.youtube.com/watch?v=tXy3zMd2pyo,19회,5개월 전
애프터라이프 게임,https://www.youtube.com/watch?v=xvow9NsNNUo,4천회,5개월 전
애프터라이프 게임,https://www.youtube.com/watch?v=oatGL1J3b6M,1.2천회,5개월 전
애프터라이프 게임,https://www.youtube.com/watch?v=Y5VlhcOefn0,181회,5개월 전
애프터라이프 게임,https://www.youtube.com/watch?v=a7Gpd4WTEQo,4.3천회,5개월 전
애프터라이프 게임,https://www.youtube.com/watch?v=ls-2bL-Aug4,3회,5개월 전
애프터라이프 게임,https://www.youtube.com/watch?v=ckKhJA8XCbA,4.6천회,5개월 전
애프터라이프 게임,https://www.youtube.com/watch?v=xVFyNDhCrxc,2.3천회,5개월 전
애프터라이프 게임,https://www.youtube.com/watch?v=8KrC4wg64xQ,7.9천회,5개월 전
애프터라이프 게임,https://www.youtube.com/watch?v=2GPdnSyq3qQ,1.4천회,5개월 전
애프터라이프 게임,https://www.youtube.com/watch?v=N3AuevXLyRc,72회,5개월 전
애프터라이프 게임,https://www.youtube.com/watch?v=jziI-zGWej8,9회,5개월 전
애프터라이프 게임,https://www.youtube.com/watch?v=dRodIEi4OQA,5회,5개월 전
애프터라이프 게임,https://www.youtube.com/watch?v=T9wQ3nlKwkU,2회,5개월 전
애프터라이프 게임,https://www.youtube.com/watch?v=lv6n7DPF-xU,6회,5개월 전
애프터라이프 게임,https://www.youtube.com/watch?v=h4nKJ3OGxSs,1회,5개월 전
애프터라이프 게임,https://www.youtube.com/watch?v=UmvLOzMysDM,1회,5개월 전
애프터라이프 게임,https://www.youtube.com/watch?v=alS4Hjsn4G8,1회,5개월 전
애프터라이프 게임,https://www.youtube.com/watch?v=prCELCcde8w,7회,5개월 전
애프터라이프 게임,https://www.youtube.com/watch?v=Ygw3SJYvAQI,4회,5개월 전
애프터라이프 게임,https://www.youtube.com/watch?v=M1UE08cYjNo,1회,5개월 전
애프터라이프 게임,https://www.youtube.com/watch?v=xq5CcuyWaLA,2회,5개월 전
애프터라이프 게임,https://www.youtube.com/watch?v=9zKi-SsaZNM,6회,5개월 전
애프터라이프 게임,https://www.youtube.com/watch?v=hpuXcSws3co,2회,5개월 전
애프터라이프 게임,https://www.youtube.com/watch?v=2v3_geVSRWA,1.3천회,5개월 전
애프터라이프 게임,https://www.youtube.com/watch?v=bN4lrhCRICU,574회,5개월 전
애프터라이프 게임,https://www.youtube.com/watch?v=7dHOwPVAWMM,6.9천회,5개월 전
애프터라이프 게임,https://www.youtube.com/watch?v=gnn4ux9kiq8,471회,5개월 전
애프터라이프 게임,https://www.youtube.com/watch?v=ilC6m3RrtDg,5.8천회,5개월 전
애프터라이프 게임,https://www.youtube.com/watch?v=kQHUUSEBtQ4,965회,5개월 전
애프터라이프 게임,https://www.youtube.com/watch?v=u8X5UnuSS8M,5.8천회,5개월 전
애프터라이프 게임,https://www.youtube.com/watch?v=DhH4HHhrr6Y,2.5천회,5개월 전
애프터라이프 게임,https://www.youtube.com/watch?v=x_eIZUYyCTg,1.8천회,5개월 전
애프터라이프 게임,https://www.youtube.com/watch?v=pa0kb33Zin8,414회,5개월 전
애프터라이프 게임,https://www.youtube.com/watch?v=kNEpUZCHE2w,3.4천회,5개월 전
애프터라이프 게임,https://www.youtube.com/watch?v=h4gkxJQ3Si8,632회,스트리밍 시간: 5개월 전
애프터라이프 게임,https://www.youtube.com/watch?v=4lrRFKlFuhY,1.5천회,5개월 전
애프터라이프 게임,https://www.youtube.com/watch?v=q9nM9FHRcZY,8천회,5개월 전
애프터라이프 게임,https://www.youtube.com/watch?v=zF4Q7AJ7pSs,265회,스트리밍 시간: 5개월 전
애프터라이프 게임,https://www.youtube.com/watch?v=oAZfNP0YTeg,224회,스트리밍 시간: 5개월 전
애프터라이프 게임,https://www.youtube.com/watch?v=hDHpY19D0A8,9.4천회,5개월 전
애프터라이프 게임,https://www.youtube.com/watch?v=XyiJvyAd2UM,438회,스트리밍 시간: 5개월 전
애프터라이프 게임,https://www.youtube.com/watch?v=GCnwrpEaSsw,277회,스트리밍 시간: 5개월 전
애프터라이프 게임,https://www.youtube.com/watch?v=4IJRjs7YCy4,1.9천회,5개월 전
애프터라이프 게임,https://www.youtube.com/watch?v=qskF8-pcyKI,320회,스트리밍 시간: 5개월 전
애프터라이프 게임,https://www.youtube.com/watch?v=gvYgUTung0g,3.9천회,5개월 전
애프터라이프 게임,https://www.youtube.com/watch?v=4GVhSLS1CKg,6.1천회,5개월 전
애프터라이프 게임,https://www.youtube.com/watch?v=L6qbKywplTc,6.7천회,5개월 전
애프터라이프 게임,https://www.youtube.com/watch?v=J5-hEdhApAY,267회,스트리밍 시간: 5개월 전
애프터라이프 게임,https://www.youtube.com/watch?v=mxirpTPmezw,2.3천회,5개월 전
애프터라이프 게임,https://www.youtube.com/watch?v=z7uF0OI4iYg,776회,5개월 전
애프터라이프 게임,https://www.youtube.com/watch?v=CwYa5kQDfww,4천회,5개월 전
애프터라이프 게임,https://www.youtube.com/watch?v=JNowRHSkQ7o,8.4천회,6개월 전
애프터라이프 게임,https://www.youtube.com/watch?v=IK3f14yTg5E,209회,스트리밍 시간: 6개월 전
애프터라이프 게임,https://www.youtube.com/watch?v=DPmGxzhkWg8,1.5만회,6개월 전
애프터라이프 게임,https://www.youtube.com/watch?v=-XpSz4hSLKw,261회,스트리밍 시간: 6개월 전
애프터라이프 게임,https://www.youtube.com/watch?v=E2FPJvvc6TA,1만회,6개월 전
애프터라이프 게임,https://www.youtube.com/watch?v=f7KEnLcFb4A,414회,스트리밍 시간: 6개월 전
애프터라이프 게임,https://www.youtube.com/watch?v=lXuiZTRQYJg,350회,스트리밍 시간: 6개월 전
애프터라이프 게임,https://www.youtube.com/watch?v=eE3tvpGXBtY,1천회,6개월 전
애프터라이프 게임,https://www.youtube.com/watch?v=jvw6ORf58xM,4.6천회,6개월 전
애프터라이프 게임,https://www.youtube.com/watch?v=f1mUllc5Vv4,3.8천회,6개월 전
애프터라이프 게임,https://www.youtube.com/watch?v=xc-mPm0NWbw,313회,스트리밍 시간: 6개월 전
애프터라이프 게임,https://www.youtube.com/watch?v=OAw_X8yI-pA,1.6천회,6개월 전
애프터라이프 게임,https://www.youtube.com/watch?v=r8dvdhS0o2A,368회,스트리밍 시간: 6개월 전
애프터라이프 게임,https://www.youtube.com/watch?v=QGfOHrXOy6g,450회,스트리밍 시간: 6개월 전
애프터라이프 게임,https://www.youtube.com/watch?v=b5UiI2bZMeo,4.4천회,6개월 전
애프터라이프 게임,https://www.youtube.com/watch?v=hIkZwpHe-QI,8.8천회,6개월 전
애프터라이프 게임,https://www.youtube.com/watch?v=sVf761U5KlM,571회,스트리밍 시간: 6개월 전
애프터라이프 게임,https://www.youtube.com/watch?v=dBNcrE4j63M,2.3천회,6개월 전
애프터라이프 게임,https://www.youtube.com/watch?v=logliPspvvo,1.1만회,6개월 전
애프터라이프 게임,https://www.youtube.com/watch?v=p1ZlAlSI-5U,3천회,6개월 전
애프터라이프 게임,https://www.youtube.com/watch?v=19vQvI7iRcw,411회,스트리밍 시간: 6개월 전
애프터라이프 게임,https://www.youtube.com/watch?v=B4uyRS2tyxk,872회,6개월 전
애프터라이프 게임,https://www.youtube.com/watch?v=oQfgm3evf7A,3.2천회,6개월 전
애프터라이프 게임,https://www.youtube.com/watch?v=wQn1MEPMvS8,363회,스트리밍 시간: 6개월 전
애프터라이프 게임,https://www.youtube.com/watch?v=i9_ww7GWapY,379회,스트리밍 시간: 6개월 전
애프터라이프 게임,https://www.youtube.com/watch?v=qpWs6tlCW3E,347회,스트리밍 시간: 6개월 전
애프터라이프 게임,https://www.youtube.com/watch?v=V8QfKuBObyE,3.4천회,6개월 전
애프터라이프 게임,https://www.youtube.com/watch?v=G4Ab28x6ApI,2.9천회,6개월 전
애프터라이프 게임,https://www.youtube.com/watch?v=5gSpcEI-1Hs,1.2만회,6개월 전
애프터라이프 게임,https://www.youtube.com/watch?v=jO19dIVc8O8,4.3천회,6개월 전
애프터라이프 게임,https://www.youtube.com/watch?v=0oQ528uFkIE,8.2천회,6개월 전
애프터라이프 게임,https://www.youtube.com/watch?v=pSRS9mfFX5k,3.9천회,6개월 전
애프터라이프 게임,https://www.youtube.com/watch?v=tF6MmRm92R8,611회,스트리밍 시간: 6개월 전
애프터라이프 게임,https://www.youtube.com/watch?v=8Yv0V8CPO7Y,4천회,6개월 전
애프터라이프 게임,https://www.youtube.com/watch?v=JIRm4VqMca8,585회,스트리밍 시간: 6개월 전
애프터라이프 게임,https://www.youtube.com/watch?v=eALT4dstuoY,7.9천회,6개월 전
애프터라이프 게임,https://www.youtube.com/watch?v=uRdZXXRl2do,2.1천회,스트리밍 시간: 6개월 전
애프터라이프 게임,https://www.youtube.com/watch?v=dA8lUfDeY9o,4.6천회,6개월 전
애프터라이프 게임,https://www.youtube.com/watch?v=arGUomE0_fY,1.6천회,6개월 전
애프터라이프 게임,https://www.youtube.com/watch?v=bGXnkN_n1qs,9.3천회,6개월 전
애프터라이프 게임,https://www.youtube.com/watch?v=sVq4ZlMKBYU,1.1만회,6개월 전
애프터라이프 게임,https://www.youtube.com/watch?v=EV0xgdiuQVg,1.3만회,6개월 전
애프터라이프 게임,https://www.youtube.com/watch?v=YmhlBlOL0hE,548회,스트리밍 시간: 6개월 전
애프터라이프 게임,https://www.youtube.com/watch?v=SPbHsH5OGt8,629회,스트리밍 시간: 6개월 전
애프터라이프 게임,https://www.youtube.com/watch?v=pts_aJtEiSc,1만회,6개월 전
애프터라이프 게임,https://www.youtube.com/watch?v=lGFQBW--5_0,620회,스트리밍 시간: 6개월 전
애프터라이프 게임,https://www.youtube.com/watch?v=T6mIV-T_wWI,3.8천회,6개월 전
애프터라이프 게임,https://www.youtube.com/watch?v=Jv0PNRmdjUA,555회,6개월 전
애프터라이프 게임,https://www.youtube.com/watch?v=yDEa48lEfYM,4천회,6개월 전
애프터라이프 게임,https://www.youtube.com/watch?v=0ZAPoXvDuU0,492회,스트리밍 시간: 6개월 전
애프터라이프 게임,https://www.youtube.com/watch?v=IhzcmlueKso,310회,6개월 전
애프터라이프 게임,https://www.youtube.com/watch?v=bW5Dj0sbjlY,7.8천회,6개월 전
애프터라이프 게임,https://www.youtube.com/watch?v=SloRxC9CS6g,6.9천회,6개월 전
애프터라이프 게임,https://www.youtube.com/watch?v=8x9Y0j0u0DI,6.8천회,6개월 전
애프터라이프 게임,https://www.youtube.com/watch?v=8mBNJEZCwvY,705회,스트리밍 시간: 6개월 전
애프터라이프 게임,https://www.youtube.com/watch?v=rVeLm7oi0YE,2.5천회,6개월 전
애프터라이프 게임,https://www.youtube.com/watch?v=piQybsN3YhI,9.9천회,6개월 전
애프터라이프 게임,https://www.youtube.com/watch?v=HFJ1w6IrkuQ,486회,스트리밍 시간: 6개월 전
애프터라이프 게임,https://www.youtube.com/watch?v=71qoUaO-0Bc,372회,6개월 전
애프터라이프 게임,https://www.youtube.com/watch?v=jQ4tr-7fOig,8.6천회,6개월 전
애프터라이프 게임,https://www.youtube.com/watch?v=__WyboGK_FI,493회,스트리밍 시간: 6개월 전
애프터라이프 게임,https://www.youtube.com/watch?v=w-6QD8iW8BA,9.7천회,6개월 전
애프터라이프 게임,https://www.youtube.com/watch?v=tF9ry48YT48,1천회,스트리밍 시간: 6개월 전
애프터라이프 게임,https://www.youtube.com/watch?v=xnZPOpMwJXY,982회,6개월 전
애프터라이프 게임,https://www.youtube.com/watch?v=ZI9rORSHUq4,425회,스트리밍 시간: 6개월 전
애프터라이프 게임,https://www.youtube.com/watch?v=w7_Xk9OcI48,7.6천회,6개월 전
애프터라이프 게임,https://www.youtube.com/watch?v=YzBAi-Cg-jw,1.3천회,6개월 전
애프터라이프 게임,https://www.youtube.com/watch?v=Jm4be3Lo1mg,2.1만회,6개월 전
애프터라이프 게임,https://www.youtube.com/watch?v=vsTGlSmWSaI,812회,스트리밍 시간: 6개월 전
애프터라이프 게임,https://www.youtube.com/watch?v=_XMw_gsm0dg,7.5천회,6개월 전
애프터라이프 게임,https://www.youtube.com/watch?v=anDP2V6FiG4,1.4천회,6개월 전
애프터라이프 게임,https://www.youtube.com/watch?v=S2BMtTngceA,7회,6개월 전
애프터라이프 게임,https://www.youtube.com/watch?v=DQD53mAbq0o,6천회,6개월 전
애프터라이프 게임,https://www.youtube.com/watch?v=GoT3-MQYVwE,253회,6개월 전
애프터라이프 게임,https://www.youtube.com/watch?v=BDPRspwTzHg,905회,스트리밍 시간: 6개월 전
애프터라이프 게임,https://www.youtube.com/watch?v=t015YWbZPyA,1만회,6개월 전
애프터라이프 게임,https://www.youtube.com/watch?v=AunWkAp7Ggw,1.2천회,스트리밍 시간: 6개월 전
애프터라이프 게임,https://www.youtube.com/watch?v=Nk2orz0J7k8,548회,스트리밍 시간: 6개월 전
애프터라이프 게임,https://www.youtube.com/watch?v=SxtmBnA2tm0,3.8천회,6개월 전
애프터라이프 게임,https://www.youtube.com/watch?v=Kn3A-zyg3p8,1.1만회,6개월 전
애프터라이프 게임,https://www.youtube.com/watch?v=-XWnMl23joA,158회,6개월 전
애프터라이프 게임,https://www.youtube.com/watch?v=hYw1ED6RaEM,1.3만회,6개월 전
애프터라이프 게임,https://www.youtube.com/watch?v=DD1Bqh1o310,1천회,6개월 전
애프터라이프 게임,https://www.youtube.com/watch?v=9rzkVZsc9B4,60회,6개월 전
애프터라이프 게임,https://www.youtube.com/watch?v=ajvFw7ik27U,9.6천회,6개월 전
애프터라이프 게임,https://www.youtube.com/watch?v=S4LnsvxJ2_c,1.8천회,6개월 전
애프터라이프 게임,https://www.youtube.com/watch?v=Wcfj0XuT0zM,732회,스트리밍 시간: 6개월 전
애프터라이프 게임,https://www.youtube.com/watch?v=2Ya522tNUAs,6.5천회,6개월 전
애프터라이프 게임,https://www.youtube.com/watch?v=waqbwUxvXSM,8.8천회,6개월 전
애프터라이프 게임,https://www.youtube.com/watch?v=ALKfIgJOXEk,1.1천회,7개월 전
애프터라이프 게임,https://www.youtube.com/watch?v=sQEZ3BYYCWg,1.6천회,7개월 전
애프터라이프 게임,https://www.youtube.com/watch?v=5E9ryHmkGF0,1.2천회,스트리밍 시간: 7개월 전
애프터라이프 게임,https://www.youtube.com/watch?v=GXYvpSaMhBs,588회,스트리밍 시간: 7개월 전
애프터라이프 게임,https://www.youtube.com/watch?v=mK8bWOLX-Rc,1.1천회,7개월 전
애프터라이프 게임,https://www.youtube.com/watch?v=Sm-v18i2fxw,175회,7개월 전
애프터라이프 게임,https://www.youtube.com/watch?v=vXXcHV-AcxM,980회,스트리밍 시간: 7개월 전
애프터라이프 게임,https://www.youtube.com/watch?v=LIVjbMGHAOg,3.6천회,7개월 전
애프터라이프 게임,https://www.youtube.com/watch?v=QspgmWLABdo,5.1천회,7개월 전
애프터라이프 게임,https://www.youtube.com/watch?v=fzydqaKxd5A,15만회,7개월 전
애프터라이프 게임,https://www.youtube.com/watch?v=SmvBnRdqOEs,1.3천회,스트리밍 시간: 7개월 전
애프터라이프 게임,https://www.youtube.com/watch?v=npwF9MHcR_o,4.8천회,7개월 전
애프터라이프 게임,https://www.youtube.com/watch?v=Z4jyWShQ6GQ,5.1천회,7개월 전
애프터라이프 게임,https://www.youtube.com/watch?v=hQuylI4jjHI,7.7천회,7개월 전
애프터라이프 게임,https://www.youtube.com/watch?v=r3nLyhOC3GI,5.3천회,7개월 전
애프터라이프 게임,https://www.youtube.com/watch?v=YwXoyLUX56g,1.8천회,7개월 전
애프터라이프 게임,https://www.youtube.com/watch?v=XtsI__ByIts,7천회,7개월 전
애프터라이프 게임,https://www.youtube.com/watch?v=NHE-TaI8krw,7.7천회,7개월 전
애프터라이프 게임,https://www.youtube.com/watch?v=RlUSE5Hh6Hw,4.6천회,7개월 전
애프터라이프 게임,https://www.youtube.com/watch?v=QqNKYvCTPUA,1만회,7개월 전
애프터라이프 게임,https://www.youtube.com/watch?v=IFDws-KqxdE,8.3천회,7개월 전
애프터라이프 게임,https://www.youtube.com/watch?v=m4UekeHi53I,760회,스트리밍 시간: 7개월 전
애프터라이프 게임,https://www.youtube.com/watch?v=o49TKwpdiqA,4.6천회,7개월 전
애프터라이프 게임,https://www.youtube.com/watch?v=hmtBAAofrpc,2.2천회,7개월 전
애프터라이프 게임,https://www.youtube.com/watch?v=5XFk9qcght4,615회,7개월 전
애프터라이프 게임,https://www.youtube.com/watch?v=LYpYdy0RVbA,9.3천회,7개월 전
애프터라이프 게임,https://www.youtube.com/watch?v=rDQmG8MBfhI,871회,스트리밍 시간: 7개월 전
애프터라이프 게임,https://www.youtube.com/watch?v=oG6tls94bLU,1.1천회,7개월 전
애프터라이프 게임,https://www.youtube.com/watch?v=-YPwcyYVDxY,551회,스트리밍 시간: 7개월 전
애프터라이프 게임,https://www.youtube.com/watch?v=ywjZG883NGk,2.7천회,7개월 전
애프터라이프 게임,https://www.youtube.com/watch?v=-4s-ntRJYl8,1.4천회,스트리밍 시간: 7개월 전
애프터라이프 게임,https://www.youtube.com/watch?v=SGx20NHUYQA,1.5만회,7개월 전
애프터라이프 게임,https://www.youtube.com/watch?v=FmRrUNAwAoc,1천회,스트리밍 시간: 7개월 전
애프터라이프 게임,https://www.youtube.com/watch?v=T9Pth2eEaL0,1.6만회,7개월 전
애프터라이프 게임,https://www.youtube.com/watch?v=exXOXRS4vXU,857회,스트리밍 시간: 7개월 전
애프터라이프 게임,https://www.youtube.com/watch?v=d_yQfYOB6Q8,5천회,7개월 전
애프터라이프 게임,https://www.youtube.com/watch?v=b33Hk3KlDm0,824회,스트리밍 시간: 7개월 전
애프터라이프 게임,https://www.youtube.com/watch?v=nNg1mzflzPQ,293회,7개월 전
애프터라이프 게임,https://www.youtube.com/watch?v=kJ_XdYxoIuM,1.7천회,스트리밍 시간: 7개월 전
애프터라이프 게임,https://www.youtube.com/watch?v=2INHIylfPE4,1.7만회,7개월 전
애프터라이프 게임,https://www.youtube.com/watch?v=tk8oUZcRcIA,7.9천회,7개월 전
애프터라이프 게임,https://www.youtube.com/watch?v=unz0W9HTeKo,8.1천회,7개월 전
애프터라이프 게임,https://www.youtube.com/watch?v=jpqcqJQPlcY,1만회,7개월 전
애프터라이프 게임,https://www.youtube.com/watch?v=OCFecKaoFzg,1.2천회,스트리밍 시간: 7개월 전
애프터라이프 게임,https://www.youtube.com/watch?v=vJJwuSMtXSA,5.3천회,7개월 전
애프터라이프 게임,https://www.youtube.com/watch?v=SuhNclCc3IY,1만회,7개월 전
애프터라이프 게임,https://www.youtube.com/watch?v=DMg-Q2VzGRM,2.1만회,7개월 전
애프터라이프 게임,https://www.youtube.com/watch?v=K9CWm8Mi8D0,1.5만회,7개월 전
애프터라이프 게임,https://www.youtube.com/watch?v=_V1NCN_zvE4,5.1천회,7개월 전
애프터라이프 게임,https://www.youtube.com/watch?v=p6Riz8hBjFU,6천회,7개월 전
애프터라이프 게임,https://www.youtube.com/watch?v=YZA6PBkAAtg,581회,스트리밍 시간: 7개월 전
애프터라이프 게임,https://www.youtube.com/watch?v=_qY60mM7xWQ,559회,7개월 전
애프터라이프 게임,https://www.youtube.com/watch?v=ktB4dpcPS1w,1.6만회,7개월 전
애프터라이프 게임,https://www.youtube.com/watch?v=Yh7CfhUJv1M,4.3천회,7개월 전
애프터라이프 게임,https://www.youtube.com/watch?v=KkgxNBxj__E,1.1천회,스트리밍 시간: 7개월 전
애프터라이프 게임,https://www.youtube.com/watch?v=DKRNwMnPT4c,4만회,7개월 전
애프터라이프 게임,https://www.youtube.com/watch?v=3bOIcIWL4pk,1.8천회,7개월 전
애프터라이프 게임,https://www.youtube.com/watch?v=Y-srIE49YdE,2.6천회,7개월 전
애프터라이프 게임,https://www.youtube.com/watch?v=5MEMMpUZ1hI,6.1천회,7개월 전
애프터라이프 게임,https://www.youtube.com/watch?v=AcR-KrWt0qg,1천회,스트리밍 시간: 7개월 전
애프터라이프 게임,https://www.youtube.com/watch?v=h2MRNmpuoH8,534회,스트리밍 시간: 7개월 전
애프터라이프 게임,https://www.youtube.com/watch?v=CNpMSuRM45s,3.1천회,7개월 전
애프터라이프 게임,https://www.youtube.com/watch?v=cnJfZS1HJSY,1.1천회,7개월 전
애프터라이프 게임,https://www.youtube.com/watch?v=IVYvuqdDNU8,1.3천회,스트리밍 시간: 7개월 전
애프터라이프 게임,https://www.youtube.com/watch?v=FhuHx4mEyCQ,552회,7개월 전
애프터라이프 게임,https://www.youtube.com/watch?v=qM7aMZwY8l4,3만회,7개월 전
애프터라이프 게임,https://www.youtube.com/watch?v=cyiHrr7Dq2U,6.2천회,7개월 전
애프터라이프 게임,https://www.youtube.com/watch?v=f1_ZLJUeqts,1천회,스트리밍 시간: 7개월 전
애프터라이프 게임,https://www.youtube.com/watch?v=j4t85ESMsSQ,1.1천회,스트리밍 시간: 7개월 전
애프터라이프 게임,https://www.youtube.com/watch?v=GXRN9PvbsUQ,3만회,7개월 전
애프터라이프 게임,https://www.youtube.com/watch?v=i2wy7QxB5ac,7만회,7개월 전
애프터라이프 게임,https://www.youtube.com/watch?v=6vnwD-0NP9k,2.3만회,7개월 전
애프터라이프 게임,https://www.youtube.com/watch?v=XECmIT5GwzU,8.4천회,7개월 전
애프터라이프 게임,https://www.youtube.com/watch?v=RravXw1vmS8,6.2천회,7개월 전
애프터라이프 게임,https://www.youtube.com/watch?v=7w0VhG2rJhU,1천회,7개월 전
애프터라이프 게임,https://www.youtube.com/watch?v=nVViYtibUx0,2.4천회,7개월 전
애프터라이프 게임,https://www.youtube.com/watch?v=gWvioNZcVvg,857회,스트리밍 시간: 7개월 전
애프터라이프 게임,https://www.youtube.com/watch?v=JqkMynlyeDM,252회,7개월 전
애프터라이프 게임,https://www.youtube.com/watch?v=eI0rgXyR4bE,1.4천회,스트리밍 시간: 7개월 전
애프터라이프 게임,https://www.youtube.com/watch?v=vmJFgzXm6ew,7.2만회,7개월 전
애프터라이프 게임,https://www.youtube.com/watch?v=-g67ydraEs0,6천회,7개월 전
애프터라이프 게임,https://www.youtube.com/watch?v=_J7rq_VZOKo,1.7만회,7개월 전
애프터라이프 게임,https://www.youtube.com/watch?v=fIN23Kru3ys,3.2천회,7개월 전
애프터라이프 게임,https://www.youtube.com/watch?v=WFSTWLBbnNY,725회,7개월 전
애프터라이프 게임,https://www.youtube.com/watch?v=hi2z00a24LI,9.3천회,7개월 전
애프터라이프 게임,https://www.youtube.com/watch?v=kP4Nb-u4b9o,2.4천회,7개월 전
애프터라이프 게임,https://www.youtube.com/watch?v=DifJPAFUqr8,3.6만회,7개월 전
애프터라이프 게임,https://www.youtube.com/watch?v=L5nzQE66wVg,1.6만회,7개월 전
애프터라이프 게임,https://www.youtube.com/watch?v=ab_sEga3qLU,2.6만회,7개월 전
애프터라이프 게임,https://www.youtube.com/watch?v=YycM_Sk9Wsc,14만회,7개월 전
애프터라이프 게임,https://www.youtube.com/watch?v=O0CqIKSZe4U,7.6천회,7개월 전
애프터라이프 게임,https://www.youtube.com/watch?v=TobRQnMXLV8,3.6만회,7개월 전
애프터라이프 게임,https://www.youtube.com/watch?v=Mvz8Bp3Npwc,1.9천회,스트리밍 시간: 7개월 전
애프터라이프 게임,https://www.youtube.com/watch?v=tYYpyRDU3B0,762회,7개월 전
애프터라이프 게임,https://www.youtube.com/watch?v=52KaywssL3c,2.3만회,7개월 전
애프터라이프 게임,https://www.youtube.com/watch?v=lKgaB1yqoLM,2.9천회,7개월 전
애프터라이프 게임,https://www.youtube.com/watch?v=qEgEJwzk_ZE,48회,7개월 전
애프터라이프 게임,https://www.youtube.com/watch?v=YM6OWCj-U7g,1.1천회,스트리밍 시간: 7개월 전
애프터라이프 게임,https://www.youtube.com/watch?v=qUaNdFMySIc,2.4천회,7개월 전
애프터라이프 게임,https://www.youtube.com/watch?v=dKdylddThgA,1.3천회,7개월 전
애프터라이프 게임,https://www.youtube.com/watch?v=frd5hslNiG4,6.2천회,7개월 전
애프터라이프 게임,https://www.youtube.com/watch?v=uMsKrMR7pdE,2.7천회,스트리밍 시간: 7개월 전
애프터라이프 게임,https://www.youtube.com/watch?v=WfVmuo6vtKw,9.8천회,7개월 전
애프터라이프 게임,https://www.youtube.com/watch?v=KjmVpXSnb7s,2.3만회,7개월 전
애프터라이프 게임,https://www.youtube.com/watch?v=KykhVWm3xBE,1.3천회,7개월 전
애프터라이프 게임,https://www.youtube.com/watch?v=cSUlDELJ4_0,2천회,스트리밍 시간: 7개월 전
애프터라이프 게임,https://www.youtube.com/watch?v=t3zGF32AY-E,1.1천회,7개월 전
애프터라이프 게임,https://www.youtube.com/watch?v=1Z8-p24kFeU,1.4천회,7개월 전
애프터라이프 게임,https://www.youtube.com/watch?v=NAZjJhl0hGk,1.5만회,7개월 전
애프터라이프 게임,https://www.youtube.com/watch?v=xDRw6AsMJ9U,1.7천회,7개월 전
애프터라이프 게임,https://www.youtube.com/watch?v=bamLzNSMjKk,1.3천회,스트리밍 시간: 7개월 전
애프터라이프 게임,https://www.youtube.com/watch?v=WAfgowmhNxM,4.7천회,7개월 전
애프터라이프 게임,https://www.youtube.com/watch?v=nAcWkYQ0U9w,7.8천회,7개월 전
애프터라이프 게임,https://www.youtube.com/watch?v=y3KIbRRFuok,1.8천회,스트리밍 시간: 7개월 전
애프터라이프 게임,https://www.youtube.com/watch?v=FbaOspVtvNg,2.7만회,7개월 전
애프터라이프 게임,https://www.youtube.com/watch?v=mLdecFlvTeg,1.4천회,7개월 전
애프터라이프 게임,https://www.youtube.com/watch?v=2AkOtcVSs4g,1.5만회,7개월 전
애프터라이프 게임,https://www.youtube.com/watch?v=yIZdFpeQCzY,2.2천회,스트리밍 시간: 7개월 전
애프터라이프 게임,https://www.youtube.com/watch?v=ZdVp-C8fawI,1.8만회,7개월 전
애프터라이프 게임,https://www.youtube.com/watch?v=llalFKKzaw8,6.4천회,7개월 전
애프터라이프 게임,https://www.youtube.com/watch?v=g2hDmACoiMo,1.8천회,7개월 전
애프터라이프 게임,https://www.youtube.com/watch?v=dfyioY-MeiQ,76회,7개월 전
애프터라이프 게임,https://www.youtube.com/watch?v=G0oyKHp_7Bs,800회,7개월 전
애프터라이프 게임,https://www.youtube.com/watch?v=3LTmTnbo-m4,2.3천회,7개월 전
애프터라이프 게임,https://www.youtube.com/watch?v=XDA1XJMn_iA,7.4천회,7개월 전
애프터라이프 게임,https://www.youtube.com/watch?v=orBwLGP8I3Y,1.5만회,7개월 전
애프터라이프 게임,https://www.youtube.com/watch?v=N7wuVH5jLPM,1.1만회,7개월 전
애프터라이프 게임,https://www.youtube.com/watch?v=6eX0oyyZt8U,5.2천회,7개월 전
애프터라이프 게임,https://www.youtube.com/watch?v=ylvSPpPV4Ys,6.8천회,7개월 전
애프터라이프 게임,https://www.youtube.com/watch?v=HX7ZUXof9AI,2.1만회,7개월 전
애프터라이프 게임,https://www.youtube.com/watch?v=PjVVNWyqeeo,84회,7개월 전
애프터라이프 게임,https://www.youtube.com/watch?v=ABJGpAS-azk,4.1천회,스트리밍 시간: 7개월 전
애프터라이프 게임,https://www.youtube.com/watch?v=-Gl9iBVk0xs,1.7천회,7개월 전
애프터라이프 게임,https://www.youtube.com/watch?v=7eh1-rMzA3Q,2.2천회,7개월 전
애프터라이프 게임,https://www.youtube.com/watch?v=K1XFi8JoqsE,3.7만회,7개월 전
애프터라이프 게임,https://www.youtube.com/watch?v=ImgugbEg7s8,3.8천회,7개월 전
애프터라이프 게임,https://www.youtube.com/watch?v=D_6FVry-1m0,2.4천회,7개월 전
애프터라이프 게임,https://www.youtube.com/watch?v=0K9Clg05Q-k,1천회,7개월 전
애프터라이프 게임,https://www.youtube.com/watch?v=TkJrEh3fkkw,6.6천회,7개월 전
애프터라이프 게임,https://www.youtube.com/watch?v=MIuIc9kx1tc,9.1천회,7개월 전
애프터라이프 게임,https://www.youtube.com/watch?v=0EK-FjDtaLs,3천회,스트리밍 시간: 7개월 전
애프터라이프 게임,https://www.youtube.com/watch?v=2K_9emoDtD8,1.2만회,7개월 전
애프터라이프 게임,https://www.youtube.com/watch?v=Y20TlQcjemg,6.2만회,7개월 전
애프터라이프 게임,https://www.youtube.com/watch?v=NHmBl_hcQyg,12만회,7개월 전
애프터라이프 게임,https://www.youtube.com/watch?v=bBxhg9D4RTA,3.6만회,7개월 전
애프터라이프 게임,https://www.youtube.com/watch?v=AG0RsSRw9lI,874회,스트리밍 시간: 7개월 전
애프터라이프 게임,https://www.youtube.com/watch?v=0dfPsuhuN-Y,6.5천회,7개월 전
애프터라이프 게임,https://www.youtube.com/watch?v=ZK2l_JtQ76c,1.7천회,7개월 전
애프터라이프 게임,https://www.youtube.com/watch?v=4nte7GiLCmE,295회,7개월 전
애프터라이프 게임,https://www.youtube.com/watch?v=Sd8lJiLAMjE,2.8천회,스트리밍 시간: 7개월 전
애프터라이프 게임,https://www.youtube.com/watch?v=0V1JyRJzih0,8.4만회,7개월 전
애프터라이프 게임,https://www.youtube.com/watch?v=8E0cTfVW3os,7.4천회,7개월 전
애프터라이프 게임,https://www.youtube.com/watch?v=TzkiXaV6pRI,3.1천회,7개월 전
애프터라이프 게임,https://www.youtube.com/watch?v=ybjM57HncB4,1.1만회,7개월 전
애프터라이프 게임,https://www.youtube.com/watch?v=SaauENQoxz4,372회,7개월 전
애프터라이프 게임,https://www.youtube.com/watch?v=mtjQrWrfqQM,3.8천회,7개월 전
애프터라이프 게임,https://www.youtube.com/watch?v=_y6FwC3Nr8E,702회,7개월 전
애프터라이프 게임,https://www.youtube.com/watch?v=Yc1W5aWrCsM,145회,7개월 전
애프터라이프 게임,https://www.youtube.com/watch?v=YDmIIOq3Z5w,7.7만회,7개월 전
애프터라이프 게임,https://www.youtube.com/watch?v=vaHIwbTO_Sc,616회,7개월 전
애프터라이프 게임,https://www.youtube.com/watch?v=il0RBTjY-3I,3.8만회,7개월 전
애프터라이프 게임,https://www.youtube.com/watch?v=dB_VXY7JXQg,1.2천회,7개월 전
애프터라이프 게임,https://www.youtube.com/watch?v=pRR-0GUTaQI,293회,7개월 전
애프터라이프 게임,https://www.youtube.com/watch?v=36aSTU_micw,4.3천회,스트리밍 시간: 7개월 전
애프터라이프 게임,https://www.youtube.com/watch?v=_Rt_6cEoZYs,201회,7개월 전
애프터라이프 게임,https://www.youtube.com/watch?v=gKUT0PVMNVE,154회,7개월 전
애프터라이프 게임,https://www.youtube.com/watch?v=RmmMOzn-9j0,2.5만회,7개월 전
애프터라이프 게임,https://www.youtube.com/watch?v=Lg4mbIQqous,1.8만회,7개월 전
애프터라이프 게임,https://www.youtube.com/watch?v=JoZd0ms_Eng,7.2천회,7개월 전
애프터라이프 게임,https://www.youtube.com/watch?v=XeRvZeOT7Cw,27만회,7개월 전
애프터라이프 게임,https://www.youtube.com/watch?v=RIFTcOL6YCE,289회,7개월 전
애프터라이프 게임,https://www.youtube.com/watch?v=UKxr9cKDXzE,323회,7개월 전
애프터라이프 게임,https://www.youtube.com/watch?v=_r3d90fRgas,773회,7개월 전
애프터라이프 게임,https://www.youtube.com/watch?v=JuW8ZaICOjc,1.1만회,스트리밍 시간: 7개월 전
애프터라이프 게임,https://www.youtube.com/watch?v=_Q6jSqEZYYY,601회,7개월 전
애프터라이프 게임,https://www.youtube.com/watch?v=rCUw80AE6LQ,2.4만회,7개월 전
애프터라이프 게임,https://www.youtube.com/watch?v=BOf8Ycz3yrY,49회,7개월 전
애프터라이프 게임,https://www.youtube.com/watch?v=wG0GWcR8hGg,57회,7개월 전
애프터라이프 게임,https://www.youtube.com/watch?v=8la0JIutjOo,304회,7개월 전
애프터라이프 게임,https://www.youtube.com/watch?v=zP47fp6yN7c,394회,7개월 전
애프터라이프 게임,https://www.youtube.com/watch?v=zDks4EvM614,8.8천회,7개월 전
애프터라이프 게임,https://www.youtube.com/watch?v=XFik4jEv7ok,37회,7개월 전
애프터라이프 게임,https://www.youtube.com/watch?v=Paq8AFRrQK8,3.1천회,7개월 전
애프터라이프 게임,https://www.youtube.com/watch?v=qak7B4nRj4A,51회,7개월 전
애프터라이프 게임,https://www.youtube.com/watch?v=uGlHY25qla8,3.2천회,7개월 전
애프터라이프 게임,https://www.youtube.com/watch?v=_o72y7lUgwg,416회,7개월 전
애프터라이프 게임,https://www.youtube.com/watch?v=OGErZFwhGfA,1.6만회,7개월 전
애프터라이프 게임,https://www.youtube.com/watch?v=QXuLHkgwlqM,505회,7개월 전
애프터라이프 게임,https://www.youtube.com/watch?v=aYUGVP1y8Yg,1.3천회,7개월 전
애프터라이프 게임,https://www.youtube.com/watch?v=bp4GkHHT3ek,1.5만회,7개월 전
애프터라이프 게임,https://www.youtube.com/watch?v=YII4rTHczHU,4.1만회,7개월 전
애프터라이프 게임,https://www.youtube.com/watch?v=xlwZ-tr93x4,616회,스트리밍 시간: 7개월 전
애프터라이프 게임,https://www.youtube.com/watch?v=EkvHrlRd4OY,546회,7개월 전
애프터라이프 게임,https://www.youtube.com/watch?v=V4Ira5K80zI,6.2천회,7개월 전
애프터라이프 게임,https://www.youtube.com/watch?v=KULZeGh5abA,2.7만회,스트리밍 시간: 7개월 전
애프터라이프 게임,https://www.youtube.com/watch?v=UmCQxGYqAJM,5천회,7개월 전
애프터라이프 게임,https://www.youtube.com/watch?v=wGR7WN-4nHA,1.4만회,7개월 전
애프터라이프 게임,https://www.youtube.com/watch?v=ZmIjPqICiYU,6.7만회,7개월 전
애프터라이프 게임,https://www.youtube.com/watch?v=ej9Kpt59i8U,2.9천회,7개월 전
애프터라이프 게임,https://www.youtube.com/watch?v=PNHaLYiTXz8,335회,7개월 전
애프터라이프 게임,https://www.youtube.com/watch?v=OgWMTBVTfZw,1천회,7개월 전
애프터라이프 게임,https://www.youtube.com/watch?v=stfOezTzgcQ,1.2천회,8개월 전
애프터라이프 게임,https://www.youtube.com/watch?v=bHTSU8-Ne1Y,4.1천회,8개월 전
애프터라이프 게임,https://www.youtube.com/watch?v=jKMdInyX-Kk,1.2만회,8개월 전
애프터라이프 게임,https://www.youtube.com/watch?v=o_dfVM4XQYM,1.9만회,8개월 전
애프터라이프 게임,https://www.youtube.com/watch?v=xabEJdrnMKc,4.3천회,스트리밍 시간: 8개월 전
애프터라이프 게임,https://www.youtube.com/watch?v=qLwbsoridw0,1.6천회,8개월 전
애프터라이프 게임,https://www.youtube.com/watch?v=1Hm5nijw6hA,3.1만회,스트리밍 시간: 8개월 전
애프터라이프 게임,https://www.youtube.com/watch?v=cn8l2Kg_hjw,7.2천회,8개월 전
애프터라이프 게임,https://www.youtube.com/watch?v=lPm9rEzluR8,3.8만회,8개월 전
애프터라이프 게임,https://www.youtube.com/watch?v=6S_Q6os1WUY,1만회,8개월 전
애프터라이프 게임,https://www.youtube.com/watch?v=n2qX6xXrTAg,31만회,8개월 전
애프터라이프 게임,https://www.youtube.com/watch?v=8ipOzZVIVnw,6.1천회,8개월 전
애프터라이프 게임,https://www.youtube.com/watch?v=7Q_viVfzReU,4만회,8개월 전
애프터라이프 게임,https://www.youtube.com/watch?v=yXpmzFkMmno,6.3천회,8개월 전
애프터라이프 게임,https://www.youtube.com/watch?v=yWc_Jhp0lcE,1.2천회,8개월 전
애프터라이프 게임,https://www.youtube.com/watch?v=-VCC-POh3eQ,2만회,8개월 전
애프터라이프 게임,https://www.youtube.com/watch?v=NlHIEi72uy0,893회,8개월 전
애프터라이프 게임,https://www.youtube.com/watch?v=oWXOXVVpdQA,7.7천회,8개월 전
애프터라이프 게임,https://www.youtube.com/watch?v=whY_xr0y3Yw,2.1만회,8개월 전
애프터라이프 게임,https://www.youtube.com/watch?v=Q3eEh3O19Jo,392회,8개월 전
애프터라이프 게임,https://www.youtube.com/watch?v=6ivt6HoBIh8,1.6만회,8개월 전
애프터라이프 게임,https://www.youtube.com/watch?v=QZFnfC8rOaQ,17만회,8개월 전
애프터라이프 게임,https://www.youtube.com/watch?v=D2JWIo4rCBk,1.2만회,8개월 전
애프터라이프 게임,https://www.youtube.com/watch?v=Ad6cn1Q3yis,7.4천회,8개월 전
애프터라이프 게임,https://www.youtube.com/watch?v=S_U1BE45Dhg,6천회,8개월 전
애프터라이프 게임,https://www.youtube.com/watch?v=bTs8x3nsgXw,299회,8개월 전
애프터라이프 게임,https://www.youtube.com/watch?v=J3bX5vLkdfU,1.9만회,8개월 전
애프터라이프 게임,https://www.youtube.com/watch?v=PWrMQB6pP4Q,5.9만회,8개월 전
애프터라이프 게임,https://www.youtube.com/watch?v=T5zQcF85XJ4,3만회,9개월 전
애프터라이프 게임,https://www.youtube.com/watch?v=UJq_iBfhCrU,2.5천회,9개월 전
애프터라이프 게임,https://www.youtube.com/watch?v=8mHimiEwaZU,4.8천회,9개월 전
애프터라이프 게임,https://www.youtube.com/watch?v=y_XKKb72AvY,6.5천회,9개월 전
애프터라이프 게임,https://www.youtube.com/watch?v=Oc1jJ6lJARQ,8.1천회,9개월 전
애프터라이프 게임,https://www.youtube.com/watch?v=BL_cg-Vw9p8,119만회,9개월 전
애프터라이프 게임,https://www.youtube.com/watch?v=ngcALYfknhw,1.5만회,9개월 전
애프터라이프 게임,https://www.youtube.com/watch?v=6WSkX7rf97I,4.9천회,9개월 전
애프터라이프 게임,https://www.youtube.com/watch?v=7YBowZBQB9c,96회,스트리밍 시간: 9개월 전
애프터라이프 게임,https://www.youtube.com/watch?v=Ga5G5tTO-EI,2.8천회,10개월 전
애프터라이프 게임,https://www.youtube.com/watch?v=3YQppJ2XrxM,5.1만회,10개월 전
애프터라이프 게임,https://www.youtube.com/watch?v=pwhVI7RJimo,1.3천회,10개월 전
애프터라이프 게임,https://www.youtube.com/watch?v=HsEFiMz_l3E,23만회,11개월 전
