﻿search,youtube_url,viewer,upload
Sandwich! 게임,https://www.youtube.com/watch?v=7hdEdHR4444,18회,1주 전
Sandwich! 게임,https://www.youtube.com/watch?v=BTFiu4MHyBw,1회,2주 전
Sandwich! 게임,https://www.youtube.com/watch?v=e_R1P1lZ09A,1회,1개월 전
Sandwich! 게임,https://www.youtube.com/watch?v=PehAUXlE4NQ,651회,1개월 전
Sandwich! 게임,https://www.youtube.com/watch?v=MreJv8jpRWI,1회,1개월 전
Sandwich! 게임,https://www.youtube.com/watch?v=BTzeha4QoH0,12회,1개월 전
Sandwich! 게임,https://www.youtube.com/watch?v=jgs3DmnM7Ys,4회,1개월 전
Sandwich! 게임,https://www.youtube.com/watch?v=qJcpzB8Po9I,119회,1개월 전
Sandwich! 게임,https://www.youtube.com/watch?v=ue6qv0Af8TA,8회,3개월 전
Sandwich! 게임,https://www.youtube.com/watch?v=xHUXhzKGxpc,20회,3개월 전
Sandwich! 게임,https://www.youtube.com/watch?v=SDsEKfh54gU,14회,3개월 전
Sandwich! 게임,https://www.youtube.com/watch?v=_lIZEWXYASc,67회,3개월 전
Sandwich! 게임,https://www.youtube.com/watch?v=HG9gmNVVero,38회,3개월 전
Sandwich! 게임,https://www.youtube.com/watch?v=DO7-4jbWkxs,51회,3개월 전
Sandwich! 게임,https://www.youtube.com/watch?v=-ThXySBsFpU,25회,3개월 전
Sandwich! 게임,https://www.youtube.com/watch?v=OpBxOb5jzXg,71회,3개월 전
Sandwich! 게임,https://www.youtube.com/watch?v=ZvVKVlyWmlQ,5회,3개월 전
Sandwich! 게임,https://www.youtube.com/watch?v=kTox5ZklJBY,23회,3개월 전
Sandwich! 게임,https://www.youtube.com/watch?v=efXF_QGglq0,280회,3개월 전
Sandwich! 게임,https://www.youtube.com/watch?v=sMFOFtySwl8,51회,3개월 전
Sandwich! 게임,https://www.youtube.com/watch?v=J9EMTZoP2Ic,4회,3개월 전
Sandwich! 게임,https://www.youtube.com/watch?v=DPX81jjkYMQ,29회,3개월 전
Sandwich! 게임,https://www.youtube.com/watch?v=L7SvMTptJ8U,126회,4개월 전
Sandwich! 게임,https://www.youtube.com/watch?v=OpljBVAklnY,2회,4개월 전
Sandwich! 게임,https://www.youtube.com/watch?v=9v-Gbw3tp_Y,274회,5개월 전
Sandwich! 게임,https://www.youtube.com/watch?v=uuWYTN4IiEM,400회,6개월 전
Sandwich! 게임,https://www.youtube.com/watch?v=cJqfNE2LewE,150회,7개월 전
Sandwich! 게임,https://www.youtube.com/watch?v=rQti0QzQrFA,308회,7개월 전
Sandwich! 게임,https://www.youtube.com/watch?v=tgRGOvfLuuo,601만회,7개월 전
Sandwich! 게임,https://www.youtube.com/watch?v=6BC2HGotkzQ,521회,8개월 전
Sandwich! 게임,https://www.youtube.com/watch?v=JQXnefk8teU,48회,8개월 전
