﻿search,youtube_url,viewer,upload
Supreme Duelist Stickman 게임,https://www.youtube.com/watch?v=vcJSFUZ62SA,5회,3시간 전
Supreme Duelist Stickman 게임,https://www.youtube.com/watch?v=UauLp79Zdic,2회,5시간 전
Supreme Duelist Stickman 게임,https://www.youtube.com/watch?v=PKCR_G1Z8WM,없음,7시간 전
Supreme Duelist Stickman 게임,https://www.youtube.com/watch?v=YotqxwcLATs,1회,9시간 전
Supreme Duelist Stickman 게임,https://www.youtube.com/watch?v=Kdb0jW_kBSc,1회,13시간 전
Supreme Duelist Stickman 게임,https://www.youtube.com/watch?v=mOJafk-Q_SA,1.2만회,20시간 전
Supreme Duelist Stickman 게임,https://www.youtube.com/watch?v=jAUtixA03Iw,1회,22시간 전
Supreme Duelist Stickman 게임,https://www.youtube.com/watch?v=nl1jMuhTCWM,1.4천회,23시간 전
Supreme Duelist Stickman 게임,https://www.youtube.com/watch?v=1ziImM231NE,없음,스트리밍 시간: 1일 전
Supreme Duelist Stickman 게임,https://www.youtube.com/watch?v=9qv7dyamHXk,2회,1일 전
Supreme Duelist Stickman 게임,https://www.youtube.com/watch?v=5kSp0RGsNZk,7회,스트리밍 시간: 1일 전
Supreme Duelist Stickman 게임,https://www.youtube.com/watch?v=r11BPG1kt-M,1회,1일 전
Supreme Duelist Stickman 게임,https://www.youtube.com/watch?v=TeBvgyaAT3A,없음,스트리밍 시간: 1일 전
Supreme Duelist Stickman 게임,https://www.youtube.com/watch?v=14mjZ4PCTRM,1회,스트리밍 시간: 1일 전
Supreme Duelist Stickman 게임,https://www.youtube.com/watch?v=pl9In3Qj87w,없음,1일 전
Supreme Duelist Stickman 게임,https://www.youtube.com/watch?v=suUgqs6bOvY,2회,1일 전
Supreme Duelist Stickman 게임,https://www.youtube.com/watch?v=nzuQQvR_6sY,1회,1일 전
Supreme Duelist Stickman 게임,https://www.youtube.com/watch?v=AP29uu1IP40,7회,1일 전
Supreme Duelist Stickman 게임,https://www.youtube.com/watch?v=HrrsaikJCXE,1회,1일 전
Supreme Duelist Stickman 게임,https://www.youtube.com/watch?v=7gsl8gCo-n4,4회,1일 전
Supreme Duelist Stickman 게임,https://www.youtube.com/watch?v=aZ2QVYOAX6E,15회,1일 전
Supreme Duelist Stickman 게임,https://www.youtube.com/watch?v=-PVFi1NVxr4,157회,2일 전
Supreme Duelist Stickman 게임,https://www.youtube.com/watch?v=66WS8IJld3o,2회,2일 전
Supreme Duelist Stickman 게임,https://www.youtube.com/watch?v=RJlvDs7MmAI,없음,2일 전
Supreme Duelist Stickman 게임,https://www.youtube.com/watch?v=R8prtL2c-sI,1회,2일 전
Supreme Duelist Stickman 게임,https://www.youtube.com/watch?v=9h8zwx-H1Lg,1회,2일 전
Supreme Duelist Stickman 게임,https://www.youtube.com/watch?v=9KNnZpj74os,2회,2일 전
Supreme Duelist Stickman 게임,https://www.youtube.com/watch?v=uVmCfyWIH0o,3.5천회,2일 전
Supreme Duelist Stickman 게임,https://www.youtube.com/watch?v=T_SYnhxGJW8,3회,2일 전
Supreme Duelist Stickman 게임,https://www.youtube.com/watch?v=kM_JLVODef0,5회,2일 전
Supreme Duelist Stickman 게임,https://www.youtube.com/watch?v=YJiT5rOV5mA,13회,2일 전
Supreme Duelist Stickman 게임,https://www.youtube.com/watch?v=RuLQgJZw7PY,없음,2일 전
Supreme Duelist Stickman 게임,https://www.youtube.com/watch?v=P3dlrFpLbKo,8회,2일 전
Supreme Duelist Stickman 게임,https://www.youtube.com/watch?v=jlGa6tlwoRo,없음,2일 전
Supreme Duelist Stickman 게임,https://www.youtube.com/watch?v=GguZYPFuDn4,1.3만회,2일 전
Supreme Duelist Stickman 게임,https://www.youtube.com/watch?v=Jbg6VH_djs8,9.9만회,2일 전
Supreme Duelist Stickman 게임,https://www.youtube.com/watch?v=obIcxVUPypM,262회,2일 전
Supreme Duelist Stickman 게임,https://www.youtube.com/watch?v=oG49_zRhV-8,6회,3일 전
Supreme Duelist Stickman 게임,https://www.youtube.com/watch?v=ir8gsscV1c4,없음,3일 전
Supreme Duelist Stickman 게임,https://www.youtube.com/watch?v=WbyuvO2Ifxw,13회,3일 전
Supreme Duelist Stickman 게임,https://www.youtube.com/watch?v=DYmcK5MLyyA,1.3천회,3일 전
Supreme Duelist Stickman 게임,https://www.youtube.com/watch?v=kZHHFc6Kgm8,3회,3일 전
Supreme Duelist Stickman 게임,https://www.youtube.com/watch?v=_4EheD7L6zU,1회,3일 전
Supreme Duelist Stickman 게임,https://www.youtube.com/watch?v=Bh32Q5Wc9WU,4회,3일 전
Supreme Duelist Stickman 게임,https://www.youtube.com/watch?v=a7gpJUycS9M,5회,3일 전
Supreme Duelist Stickman 게임,https://www.youtube.com/watch?v=bFllvguyxR8,2회,3일 전
Supreme Duelist Stickman 게임,https://www.youtube.com/watch?v=uX0leL_sowA,1회,3일 전
Supreme Duelist Stickman 게임,https://www.youtube.com/watch?v=_-soLVrMWrE,7.2천회,3일 전
Supreme Duelist Stickman 게임,https://www.youtube.com/watch?v=8UU6cvG8vHM,1.8천회,3일 전
Supreme Duelist Stickman 게임,https://www.youtube.com/watch?v=gJFppHoQfdw,1.2천회,3일 전
Supreme Duelist Stickman 게임,https://www.youtube.com/watch?v=l5nu5y-QKxM,없음,3일 전
Supreme Duelist Stickman 게임,https://www.youtube.com/watch?v=nZ8kE8TSA5Y,3.7천회,4일 전
Supreme Duelist Stickman 게임,https://www.youtube.com/watch?v=OU_AqUMmztY,2.9천회,4일 전
Supreme Duelist Stickman 게임,https://www.youtube.com/watch?v=eNDJpr_ILzY,2회,4일 전
Supreme Duelist Stickman 게임,https://www.youtube.com/watch?v=878TVUandzs,2회,4일 전
Supreme Duelist Stickman 게임,https://www.youtube.com/watch?v=JRHqJ4vZCZo,1회,4일 전
Supreme Duelist Stickman 게임,https://www.youtube.com/watch?v=JJht00XFU8g,1회,4일 전
Supreme Duelist Stickman 게임,https://www.youtube.com/watch?v=-E9bauhOJ1A,3.5천회,4일 전
Supreme Duelist Stickman 게임,https://www.youtube.com/watch?v=ZiWPaMMQX4E,5.3만회,4일 전
Supreme Duelist Stickman 게임,https://www.youtube.com/watch?v=-71zDAN1fac,1회,4일 전
Supreme Duelist Stickman 게임,https://www.youtube.com/watch?v=1CMK7UtQI8M,5회,4일 전
Supreme Duelist Stickman 게임,https://www.youtube.com/watch?v=UpbOT-fgH0k,4회,4일 전
Supreme Duelist Stickman 게임,https://www.youtube.com/watch?v=aKTTkzZm78w,1회,4일 전
Supreme Duelist Stickman 게임,https://www.youtube.com/watch?v=G8eTLJM7Oqc,1회,5일 전
Supreme Duelist Stickman 게임,https://www.youtube.com/watch?v=aab_tFZPjeM,없음,5일 전
Supreme Duelist Stickman 게임,https://www.youtube.com/watch?v=FKvOWusT9Zs,3회,5일 전
Supreme Duelist Stickman 게임,https://www.youtube.com/watch?v=pclFUBBJ6DA,1회,5일 전
Supreme Duelist Stickman 게임,https://www.youtube.com/watch?v=rb0Gq0KvPCc,24회,5일 전
Supreme Duelist Stickman 게임,https://www.youtube.com/watch?v=32_Qo3iSt5c,없음,5일 전
Supreme Duelist Stickman 게임,https://www.youtube.com/watch?v=BtrQaGFrvpY,2회,5일 전
Supreme Duelist Stickman 게임,https://www.youtube.com/watch?v=P403fqmSP4M,782회,5일 전
Supreme Duelist Stickman 게임,https://www.youtube.com/watch?v=pZ7WFK3k-uY,1회,5일 전
Supreme Duelist Stickman 게임,https://www.youtube.com/watch?v=b3P4hc2vCvg,1.6만회,5일 전
Supreme Duelist Stickman 게임,https://www.youtube.com/watch?v=YPzAo1UD4vQ,387회,5일 전
Supreme Duelist Stickman 게임,https://www.youtube.com/watch?v=9W1xaUBVEBU,1회,5일 전
Supreme Duelist Stickman 게임,https://www.youtube.com/watch?v=xrJ4WaEXrJs,13회,6일 전
Supreme Duelist Stickman 게임,https://www.youtube.com/watch?v=VEdhYSCgNzU,22회,6일 전
Supreme Duelist Stickman 게임,https://www.youtube.com/watch?v=JF7C3GIa0TU,9회,6일 전
Supreme Duelist Stickman 게임,https://www.youtube.com/watch?v=RD33MkTuijs,1회,6일 전
Supreme Duelist Stickman 게임,https://www.youtube.com/watch?v=9fgyXeLoBFU,1회,6일 전
Supreme Duelist Stickman 게임,https://www.youtube.com/watch?v=Kf4nFK4GSeU,35회,6일 전
Supreme Duelist Stickman 게임,https://www.youtube.com/watch?v=2RRUDbDTaO4,2.7천회,6일 전
Supreme Duelist Stickman 게임,https://www.youtube.com/watch?v=BJB_8yCxdGI,3회,6일 전
Supreme Duelist Stickman 게임,https://www.youtube.com/watch?v=DkvjTvwP89U,6회,6일 전
Supreme Duelist Stickman 게임,https://www.youtube.com/watch?v=jOFELOJOMAA,2.5천회,6일 전
Supreme Duelist Stickman 게임,https://www.youtube.com/watch?v=QBs9zusgLjs,2회,6일 전
Supreme Duelist Stickman 게임,https://www.youtube.com/watch?v=EEOU3G98_ic,167회,6일 전
Supreme Duelist Stickman 게임,https://www.youtube.com/watch?v=4ma_R9uLRXA,1회,6일 전
Supreme Duelist Stickman 게임,https://www.youtube.com/watch?v=vdASenUuDAs,9.6천회,1주 전
Supreme Duelist Stickman 게임,https://www.youtube.com/watch?v=tnfzTe7hx6Y,2회,1주 전
Supreme Duelist Stickman 게임,https://www.youtube.com/watch?v=vS2NnTtflbk,없음,1주 전
Supreme Duelist Stickman 게임,https://www.youtube.com/watch?v=KJIueQb9Dcc,3.2천회,1주 전
Supreme Duelist Stickman 게임,https://www.youtube.com/watch?v=BfF0M6zfhBI,3회,1주 전
Supreme Duelist Stickman 게임,https://www.youtube.com/watch?v=LsYBLj_A67g,12회,1주 전
Supreme Duelist Stickman 게임,https://www.youtube.com/watch?v=YtnCt7INT3M,6회,1주 전
Supreme Duelist Stickman 게임,https://www.youtube.com/watch?v=JPic6d79_DY,없음,1주 전
Supreme Duelist Stickman 게임,https://www.youtube.com/watch?v=2OhIfsOenig,12회,1주 전
Supreme Duelist Stickman 게임,https://www.youtube.com/watch?v=JJN8ynTOHeo,17회,1주 전
Supreme Duelist Stickman 게임,https://www.youtube.com/watch?v=qlakyLDlXE0,46회,1주 전
Supreme Duelist Stickman 게임,https://www.youtube.com/watch?v=g5M2XotIjPo,없음,1주 전
Supreme Duelist Stickman 게임,https://www.youtube.com/watch?v=Lv57-zogp_w,17회,1주 전
Supreme Duelist Stickman 게임,https://www.youtube.com/watch?v=0lR-UAFmCrw,없음,1주 전
Supreme Duelist Stickman 게임,https://www.youtube.com/watch?v=TgoAS4ihfPY,1회,1주 전
Supreme Duelist Stickman 게임,https://www.youtube.com/watch?v=w-FL7S5FMZY,없음,1주 전
Supreme Duelist Stickman 게임,https://www.youtube.com/watch?v=kibclBujX1Q,2회,1주 전
Supreme Duelist Stickman 게임,https://www.youtube.com/watch?v=bAT9Dw3fhwo,1회,1주 전
Supreme Duelist Stickman 게임,https://www.youtube.com/watch?v=rRs6BMzmmGo,2회,1주 전
Supreme Duelist Stickman 게임,https://www.youtube.com/watch?v=ECOootEFwFI,12회,1주 전
Supreme Duelist Stickman 게임,https://www.youtube.com/watch?v=_ZZ2LZbj6EM,23회,1주 전
Supreme Duelist Stickman 게임,https://www.youtube.com/watch?v=socD-TNx1CY,7회,1주 전
Supreme Duelist Stickman 게임,https://www.youtube.com/watch?v=CRRrKV6Sgdk,8.4천회,1주 전
Supreme Duelist Stickman 게임,https://www.youtube.com/watch?v=3IQy0cuAvtw,2.3만회,1주 전
Supreme Duelist Stickman 게임,https://www.youtube.com/watch?v=AzbOo6gkUHE,1회,1주 전
Supreme Duelist Stickman 게임,https://www.youtube.com/watch?v=jedyeXFhw_c,5.2천회,1주 전
Supreme Duelist Stickman 게임,https://www.youtube.com/watch?v=wzoIwEqS3ts,5회,1주 전
Supreme Duelist Stickman 게임,https://www.youtube.com/watch?v=oKt3fBbCug8,8회,1주 전
Supreme Duelist Stickman 게임,https://www.youtube.com/watch?v=EIG0XWXyPxg,2회,1주 전
Supreme Duelist Stickman 게임,https://www.youtube.com/watch?v=Lpi80ZBHceU,1만회,1주 전
Supreme Duelist Stickman 게임,https://www.youtube.com/watch?v=bGnA7_mot5U,6회,1주 전
Supreme Duelist Stickman 게임,https://www.youtube.com/watch?v=EigHOdxL250,13회,1주 전
Supreme Duelist Stickman 게임,https://www.youtube.com/watch?v=eNviuC0WAD8,2회,1주 전
Supreme Duelist Stickman 게임,https://www.youtube.com/watch?v=CtzIqZkKx4c,15회,1주 전
Supreme Duelist Stickman 게임,https://www.youtube.com/watch?v=dU2Ps7Z5bmg,1회,1주 전
Supreme Duelist Stickman 게임,https://www.youtube.com/watch?v=4yb4yXsjgHU,1회,1주 전
Supreme Duelist Stickman 게임,https://www.youtube.com/watch?v=8NMa_3SEunE,6.7만회,1주 전
Supreme Duelist Stickman 게임,https://www.youtube.com/watch?v=x_C1LdMH-e0,116회,1주 전
Supreme Duelist Stickman 게임,https://www.youtube.com/watch?v=T-EwBLmnZrs,10회,1주 전
Supreme Duelist Stickman 게임,https://www.youtube.com/watch?v=PEAEGBSaV0Y,74회,1주 전
Supreme Duelist Stickman 게임,https://www.youtube.com/watch?v=jij4hr9DxPY,2회,1주 전
Supreme Duelist Stickman 게임,https://www.youtube.com/watch?v=e9CSeivZCR0,1회,1주 전
Supreme Duelist Stickman 게임,https://www.youtube.com/watch?v=u6IKnkKJZCQ,11회,1주 전
Supreme Duelist Stickman 게임,https://www.youtube.com/watch?v=GhxpXE_354M,2.8만회,1주 전
Supreme Duelist Stickman 게임,https://www.youtube.com/watch?v=qUYaTmZaz2g,10회,1주 전
Supreme Duelist Stickman 게임,https://www.youtube.com/watch?v=xdqP2048_3g,없음,1주 전
Supreme Duelist Stickman 게임,https://www.youtube.com/watch?v=5v7gTJC3BY8,6회,1주 전
Supreme Duelist Stickman 게임,https://www.youtube.com/watch?v=gslrBZL16FQ,5회,1주 전
Supreme Duelist Stickman 게임,https://www.youtube.com/watch?v=8mD7ziu7YQs,1.6만회,1주 전
Supreme Duelist Stickman 게임,https://www.youtube.com/watch?v=5MzKqFgk4hc,3회,1주 전
Supreme Duelist Stickman 게임,https://www.youtube.com/watch?v=myGbuejSPTk,24회,1주 전
Supreme Duelist Stickman 게임,https://www.youtube.com/watch?v=YSQGwd9sZKQ,6회,1주 전
Supreme Duelist Stickman 게임,https://www.youtube.com/watch?v=u_FqfnwHF_Y,2회,1주 전
Supreme Duelist Stickman 게임,https://www.youtube.com/watch?v=UDazQm71H8A,1회,1주 전
Supreme Duelist Stickman 게임,https://www.youtube.com/watch?v=aYAiK9jxIrI,6회,1주 전
Supreme Duelist Stickman 게임,https://www.youtube.com/watch?v=u4ZHMV9d2EY,17회,1주 전
Supreme Duelist Stickman 게임,https://www.youtube.com/watch?v=9S_TmEe7BGo,14회,1주 전
Supreme Duelist Stickman 게임,https://www.youtube.com/watch?v=feuw3gSX6Hc,6회,1주 전
Supreme Duelist Stickman 게임,https://www.youtube.com/watch?v=Vaq8ixCA3V4,1.3천회,1주 전
Supreme Duelist Stickman 게임,https://www.youtube.com/watch?v=rXoX9xdr2Ew,16회,1주 전
Supreme Duelist Stickman 게임,https://www.youtube.com/watch?v=JkHM6NmMyL0,없음,1주 전
Supreme Duelist Stickman 게임,https://www.youtube.com/watch?v=Rql89yJkWB4,6회,1주 전
Supreme Duelist Stickman 게임,https://www.youtube.com/watch?v=v3a1koOxpL8,1회,1주 전
Supreme Duelist Stickman 게임,https://www.youtube.com/watch?v=N26plvYzRKU,3회,1주 전
Supreme Duelist Stickman 게임,https://www.youtube.com/watch?v=wmgzu9K365E,3회,1주 전
Supreme Duelist Stickman 게임,https://www.youtube.com/watch?v=KTpuPNyt1NY,없음,1주 전
Supreme Duelist Stickman 게임,https://www.youtube.com/watch?v=PtXD76jx-y4,2.3만회,1주 전
Supreme Duelist Stickman 게임,https://www.youtube.com/watch?v=OYx_xGVn7Mc,1회,1주 전
Supreme Duelist Stickman 게임,https://www.youtube.com/watch?v=cNr_NhV9els,없음,1주 전
Supreme Duelist Stickman 게임,https://www.youtube.com/watch?v=texX-2GJlUg,1회,1주 전
Supreme Duelist Stickman 게임,https://www.youtube.com/watch?v=_5N617eW724,306회,1주 전
Supreme Duelist Stickman 게임,https://www.youtube.com/watch?v=vMizkwJNUeE,3.6천회,1주 전
Supreme Duelist Stickman 게임,https://www.youtube.com/watch?v=X0_rFVO2iYM,15만회,1주 전
Supreme Duelist Stickman 게임,https://www.youtube.com/watch?v=nw1OcG9wiEs,9.6천회,1주 전
Supreme Duelist Stickman 게임,https://www.youtube.com/watch?v=4I0Wyw9CTL4,5회,2주 전
Supreme Duelist Stickman 게임,https://www.youtube.com/watch?v=-CCbahbbBDw,25회,2주 전
Supreme Duelist Stickman 게임,https://www.youtube.com/watch?v=ZbCw-fpEXt8,2회,2주 전
Supreme Duelist Stickman 게임,https://www.youtube.com/watch?v=j7n4IH1oxjg,10회,2주 전
Supreme Duelist Stickman 게임,https://www.youtube.com/watch?v=dG9TU8zcHF0,4회,2주 전
Supreme Duelist Stickman 게임,https://www.youtube.com/watch?v=oJQW4gsp2F8,314회,2주 전
Supreme Duelist Stickman 게임,https://www.youtube.com/watch?v=kdVWpqs2i-4,없음,2주 전
Supreme Duelist Stickman 게임,https://www.youtube.com/watch?v=KYshwzK4WcM,4회,2주 전
Supreme Duelist Stickman 게임,https://www.youtube.com/watch?v=B3M1uO90yLc,2회,2주 전
Supreme Duelist Stickman 게임,https://www.youtube.com/watch?v=RkTvlfnJ5Yc,1회,2주 전
Supreme Duelist Stickman 게임,https://www.youtube.com/watch?v=hrX3LQXDdpk,1회,2주 전
Supreme Duelist Stickman 게임,https://www.youtube.com/watch?v=o8BPLcS5uFs,3회,2주 전
Supreme Duelist Stickman 게임,https://www.youtube.com/watch?v=h8Xg67FEn6k,8회,2주 전
Supreme Duelist Stickman 게임,https://www.youtube.com/watch?v=rpcN8AWPfxE,없음,2주 전
Supreme Duelist Stickman 게임,https://www.youtube.com/watch?v=fVFLcczKgFk,4회,2주 전
Supreme Duelist Stickman 게임,https://www.youtube.com/watch?v=f0vwzgfu6g0,8회,2주 전
Supreme Duelist Stickman 게임,https://www.youtube.com/watch?v=N353I6scN2M,9회,2주 전
Supreme Duelist Stickman 게임,https://www.youtube.com/watch?v=QvfGkNGHerY,6회,2주 전
Supreme Duelist Stickman 게임,https://www.youtube.com/watch?v=XDdfT3gJjRM,3회,2주 전
Supreme Duelist Stickman 게임,https://www.youtube.com/watch?v=wnOnEMouOgU,7회,2주 전
Supreme Duelist Stickman 게임,https://www.youtube.com/watch?v=p-VaUJl83kc,12회,2주 전
Supreme Duelist Stickman 게임,https://www.youtube.com/watch?v=B4Mc7LZUK50,258회,2주 전
Supreme Duelist Stickman 게임,https://www.youtube.com/watch?v=6iIwf31zfFg,6회,2주 전
Supreme Duelist Stickman 게임,https://www.youtube.com/watch?v=dF7UUSH2XLQ,5회,2주 전
Supreme Duelist Stickman 게임,https://www.youtube.com/watch?v=Cxjnk1guXmM,없음,2주 전
Supreme Duelist Stickman 게임,https://www.youtube.com/watch?v=2IPDeXvpckU,12회,2주 전
Supreme Duelist Stickman 게임,https://www.youtube.com/watch?v=r0TJnOyfFuo,26회,2주 전
Supreme Duelist Stickman 게임,https://www.youtube.com/watch?v=44ohfNPqQp0,4회,2주 전
Supreme Duelist Stickman 게임,https://www.youtube.com/watch?v=oK7ImVLvsrA,2회,2주 전
Supreme Duelist Stickman 게임,https://www.youtube.com/watch?v=UWzchd-VqZ8,7.6천회,2주 전
Supreme Duelist Stickman 게임,https://www.youtube.com/watch?v=lJPeTa5AIPE,9회,2주 전
Supreme Duelist Stickman 게임,https://www.youtube.com/watch?v=yIDe-b5ZgRM,7회,2주 전
Supreme Duelist Stickman 게임,https://www.youtube.com/watch?v=01JZxw_PCq8,39회,2주 전
Supreme Duelist Stickman 게임,https://www.youtube.com/watch?v=ddurCWS9DTY,16회,2주 전
Supreme Duelist Stickman 게임,https://www.youtube.com/watch?v=dfgXmcxwfnc,24회,2주 전
Supreme Duelist Stickman 게임,https://www.youtube.com/watch?v=SXvEbbP-jLg,16회,2주 전
Supreme Duelist Stickman 게임,https://www.youtube.com/watch?v=0C8CfGdTrDc,7회,2주 전
Supreme Duelist Stickman 게임,https://www.youtube.com/watch?v=KEH4NjosYRk,1회,2주 전
Supreme Duelist Stickman 게임,https://www.youtube.com/watch?v=oju-hEqPEms,2회,2주 전
Supreme Duelist Stickman 게임,https://www.youtube.com/watch?v=5ub79HD5WP4,16회,2주 전
Supreme Duelist Stickman 게임,https://www.youtube.com/watch?v=9B01ffUMR0w,2회,2주 전
Supreme Duelist Stickman 게임,https://www.youtube.com/watch?v=ecbFsddY900,3회,2주 전
Supreme Duelist Stickman 게임,https://www.youtube.com/watch?v=uISu_j_12Pc,26회,2주 전
Supreme Duelist Stickman 게임,https://www.youtube.com/watch?v=8A9FGzGNQfo,2회,2주 전
Supreme Duelist Stickman 게임,https://www.youtube.com/watch?v=QzO_8RZbROA,3.3천회,2주 전
Supreme Duelist Stickman 게임,https://www.youtube.com/watch?v=7vVlwyaNKyM,8회,2주 전
Supreme Duelist Stickman 게임,https://www.youtube.com/watch?v=qwxZmn_bk3I,23회,2주 전
Supreme Duelist Stickman 게임,https://www.youtube.com/watch?v=8vVPpMmJSIM,2.8천회,2주 전
Supreme Duelist Stickman 게임,https://www.youtube.com/watch?v=vSxZHfyol7Y,6회,2주 전
Supreme Duelist Stickman 게임,https://www.youtube.com/watch?v=rlraS3NdAUI,3회,2주 전
Supreme Duelist Stickman 게임,https://www.youtube.com/watch?v=-NDQIQEakkQ,3회,2주 전
Supreme Duelist Stickman 게임,https://www.youtube.com/watch?v=kMQGppcy2Lk,2회,2주 전
Supreme Duelist Stickman 게임,https://www.youtube.com/watch?v=DfvsIMC0YEk,5회,2주 전
Supreme Duelist Stickman 게임,https://www.youtube.com/watch?v=OEQ3r1myFTY,5회,2주 전
Supreme Duelist Stickman 게임,https://www.youtube.com/watch?v=gLolStCzyNA,20회,2주 전
Supreme Duelist Stickman 게임,https://www.youtube.com/watch?v=CKy30D5q8Ew,8회,2주 전
Supreme Duelist Stickman 게임,https://www.youtube.com/watch?v=4chISVyapso,없음,3주 전
Supreme Duelist Stickman 게임,https://www.youtube.com/watch?v=rqFVSAoQRAc,없음,3주 전
Supreme Duelist Stickman 게임,https://www.youtube.com/watch?v=pq4cjWSj8Kg,5회,3주 전
Supreme Duelist Stickman 게임,https://www.youtube.com/watch?v=SttIDRcvGsg,9회,3주 전
Supreme Duelist Stickman 게임,https://www.youtube.com/watch?v=sNnN9Of5bKY,1회,3주 전
Supreme Duelist Stickman 게임,https://www.youtube.com/watch?v=qI4nrvguiyE,93회,3주 전
Supreme Duelist Stickman 게임,https://www.youtube.com/watch?v=rvRdvjTiYxM,10회,3주 전
Supreme Duelist Stickman 게임,https://www.youtube.com/watch?v=Q_hOT5soybA,12회,3주 전
Supreme Duelist Stickman 게임,https://www.youtube.com/watch?v=JYJWbeECEXI,1.1천회,3주 전
Supreme Duelist Stickman 게임,https://www.youtube.com/watch?v=ph0l3_dVPcU,3회,3주 전
Supreme Duelist Stickman 게임,https://www.youtube.com/watch?v=tqvU-DxmB6g,14회,3주 전
Supreme Duelist Stickman 게임,https://www.youtube.com/watch?v=P91k5Gp0BCU,4회,3주 전
Supreme Duelist Stickman 게임,https://www.youtube.com/watch?v=DW2j3K5bp-g,1.1천회,3주 전
Supreme Duelist Stickman 게임,https://www.youtube.com/watch?v=dIs0n4kMNhg,2회,3주 전
Supreme Duelist Stickman 게임,https://www.youtube.com/watch?v=wj1kZQbqcWY,3회,3주 전
Supreme Duelist Stickman 게임,https://www.youtube.com/watch?v=GdiOjyiw9BY,없음,3주 전
Supreme Duelist Stickman 게임,https://www.youtube.com/watch?v=ZdIYlv9_bgs,2회,3주 전
Supreme Duelist Stickman 게임,https://www.youtube.com/watch?v=fyd3S_IHwjw,5.3천회,3주 전
Supreme Duelist Stickman 게임,https://www.youtube.com/watch?v=KwHoviCNlSk,40회,3주 전
Supreme Duelist Stickman 게임,https://www.youtube.com/watch?v=dsbyhMCP0RM,없음,3주 전
Supreme Duelist Stickman 게임,https://www.youtube.com/watch?v=PH9GRpDmEYg,2회,3주 전
Supreme Duelist Stickman 게임,https://www.youtube.com/watch?v=vU23OeeuneI,2회,3주 전
Supreme Duelist Stickman 게임,https://www.youtube.com/watch?v=9glh2inAGyI,8회,3주 전
Supreme Duelist Stickman 게임,https://www.youtube.com/watch?v=TNjfH1yonM8,12회,3주 전
Supreme Duelist Stickman 게임,https://www.youtube.com/watch?v=tc8aaemwgZw,8회,3주 전
Supreme Duelist Stickman 게임,https://www.youtube.com/watch?v=y3vcRjplGOs,2회,3주 전
Supreme Duelist Stickman 게임,https://www.youtube.com/watch?v=PidTl5-_uR0,1.3천회,3주 전
Supreme Duelist Stickman 게임,https://www.youtube.com/watch?v=G8Lrz9LfIbM,1.1만회,3주 전
Supreme Duelist Stickman 게임,https://www.youtube.com/watch?v=PpqipI7b4Co,없음,3주 전
Supreme Duelist Stickman 게임,https://www.youtube.com/watch?v=9d4O-L4eTYo,없음,4주 전
Supreme Duelist Stickman 게임,https://www.youtube.com/watch?v=HHOD5hRrQS8,60회,4주 전
Supreme Duelist Stickman 게임,https://www.youtube.com/watch?v=UojfMi3GkOg,8회,4주 전
Supreme Duelist Stickman 게임,https://www.youtube.com/watch?v=8xmV8kH54xo,10회,4주 전
Supreme Duelist Stickman 게임,https://www.youtube.com/watch?v=Z-7tavJ4Rc0,5회,4주 전
Supreme Duelist Stickman 게임,https://www.youtube.com/watch?v=VX45LKOTjWs,2.1만회,4주 전
Supreme Duelist Stickman 게임,https://www.youtube.com/watch?v=0WJnSm8elEc,4천회,4주 전
Supreme Duelist Stickman 게임,https://www.youtube.com/watch?v=-AX0j3rJVqE,24회,4주 전
Supreme Duelist Stickman 게임,https://www.youtube.com/watch?v=YDLj-rl_qfo,12회,4주 전
Supreme Duelist Stickman 게임,https://www.youtube.com/watch?v=8n2u_Zctdfg,572회,4주 전
Supreme Duelist Stickman 게임,https://www.youtube.com/watch?v=Hnj0PDgj7I0,191회,4주 전
Supreme Duelist Stickman 게임,https://www.youtube.com/watch?v=RaJnefVs2yA,5회,1개월 전
Supreme Duelist Stickman 게임,https://www.youtube.com/watch?v=ubMYU8qS6fI,28회,1개월 전
Supreme Duelist Stickman 게임,https://www.youtube.com/watch?v=WIMurlE9qhw,899회,1개월 전
Supreme Duelist Stickman 게임,https://www.youtube.com/watch?v=fCusm4HXc1k,6회,1개월 전
Supreme Duelist Stickman 게임,https://www.youtube.com/watch?v=pzVpQtrdN8E,40회,1개월 전
Supreme Duelist Stickman 게임,https://www.youtube.com/watch?v=eC7mYEZghhY,9회,1개월 전
Supreme Duelist Stickman 게임,https://www.youtube.com/watch?v=zpND9J0WYtw,2.4만회,1개월 전
Supreme Duelist Stickman 게임,https://www.youtube.com/watch?v=fEVwQyqK30w,486회,1개월 전
Supreme Duelist Stickman 게임,https://www.youtube.com/watch?v=1Eyn01F5XjI,20회,1개월 전
Supreme Duelist Stickman 게임,https://www.youtube.com/watch?v=mcSkYqCw8Qc,7회,1개월 전
Supreme Duelist Stickman 게임,https://www.youtube.com/watch?v=EBLOnVvd-qo,1.4천회,1개월 전
Supreme Duelist Stickman 게임,https://www.youtube.com/watch?v=8c5kT-tomD8,9회,1개월 전
Supreme Duelist Stickman 게임,https://www.youtube.com/watch?v=sGxK8OTJC9A,11회,1개월 전
Supreme Duelist Stickman 게임,https://www.youtube.com/watch?v=pUyBn4d58UM,8회,1개월 전
Supreme Duelist Stickman 게임,https://www.youtube.com/watch?v=H_GYT3YToNU,2회,1개월 전
Supreme Duelist Stickman 게임,https://www.youtube.com/watch?v=dM1do8bbalo,10회,1개월 전
Supreme Duelist Stickman 게임,https://www.youtube.com/watch?v=dz4y-ZEq-hc,592회,1개월 전
Supreme Duelist Stickman 게임,https://www.youtube.com/watch?v=LUenE2BwsV0,1.3천회,1개월 전
Supreme Duelist Stickman 게임,https://www.youtube.com/watch?v=nZNmq96ux34,7회,1개월 전
Supreme Duelist Stickman 게임,https://www.youtube.com/watch?v=oCiOL8Vhe6Y,4회,1개월 전
Supreme Duelist Stickman 게임,https://www.youtube.com/watch?v=JatW4Yesw2k,5회,1개월 전
Supreme Duelist Stickman 게임,https://www.youtube.com/watch?v=vNp3f2etpwI,4회,1개월 전
Supreme Duelist Stickman 게임,https://www.youtube.com/watch?v=JEns0SURpIo,535회,1개월 전
Supreme Duelist Stickman 게임,https://www.youtube.com/watch?v=RgyBIQVp-KE,10회,1개월 전
Supreme Duelist Stickman 게임,https://www.youtube.com/watch?v=ksFvfEQGVv0,8회,1개월 전
Supreme Duelist Stickman 게임,https://www.youtube.com/watch?v=77rsZ4G6_9A,4회,1개월 전
Supreme Duelist Stickman 게임,https://www.youtube.com/watch?v=WtriCQ9Mwks,2.1천회,1개월 전
Supreme Duelist Stickman 게임,https://www.youtube.com/watch?v=qpcUg1kcOZ4,3.9천회,1개월 전
Supreme Duelist Stickman 게임,https://www.youtube.com/watch?v=9s5P1th_7Ss,9.6천회,1개월 전
Supreme Duelist Stickman 게임,https://www.youtube.com/watch?v=kNcvcxXMwjM,5회,1개월 전
Supreme Duelist Stickman 게임,https://www.youtube.com/watch?v=k27V8rfmOao,5회,1개월 전
Supreme Duelist Stickman 게임,https://www.youtube.com/watch?v=BDz9PqrvYl8,5회,1개월 전
Supreme Duelist Stickman 게임,https://www.youtube.com/watch?v=mv0iWoaEg2M,10회,1개월 전
Supreme Duelist Stickman 게임,https://www.youtube.com/watch?v=D7GpWlYzfaw,123회,1개월 전
Supreme Duelist Stickman 게임,https://www.youtube.com/watch?v=ey_5PrIkDhE,3.9천회,1개월 전
Supreme Duelist Stickman 게임,https://www.youtube.com/watch?v=7Zcbu6taa5E,8.2천회,1개월 전
Supreme Duelist Stickman 게임,https://www.youtube.com/watch?v=NE6zib_y3nc,6.9천회,1개월 전
Supreme Duelist Stickman 게임,https://www.youtube.com/watch?v=d3n32Yp9pdc,2.1천회,1개월 전
Supreme Duelist Stickman 게임,https://www.youtube.com/watch?v=wC8OIZGdlHE,58회,1개월 전
Supreme Duelist Stickman 게임,https://www.youtube.com/watch?v=QAtBCZhuCPg,1.6천회,1개월 전
Supreme Duelist Stickman 게임,https://www.youtube.com/watch?v=ERgXNxz9M7w,61회,1개월 전
Supreme Duelist Stickman 게임,https://www.youtube.com/watch?v=kFktXWqDSFg,19만회,1개월 전
Supreme Duelist Stickman 게임,https://www.youtube.com/watch?v=-ESN7rHo2Sk,2회,1개월 전
Supreme Duelist Stickman 게임,https://www.youtube.com/watch?v=MAmxaMNUXMg,1.4만회,1개월 전
Supreme Duelist Stickman 게임,https://www.youtube.com/watch?v=sB4u4ZSOdgs,10회,1개월 전
Supreme Duelist Stickman 게임,https://www.youtube.com/watch?v=tf5II6QQIx4,4.9천회,1개월 전
Supreme Duelist Stickman 게임,https://www.youtube.com/watch?v=dSjzVvqlQqg,23만회,1개월 전
Supreme Duelist Stickman 게임,https://www.youtube.com/watch?v=bIT8_2q6CGk,6천회,1개월 전
Supreme Duelist Stickman 게임,https://www.youtube.com/watch?v=pdxvc1TMkjI,8회,1개월 전
Supreme Duelist Stickman 게임,https://www.youtube.com/watch?v=g3FLQPAqS58,136회,1개월 전
Supreme Duelist Stickman 게임,https://www.youtube.com/watch?v=yOwb1BX0H3c,3회,1개월 전
Supreme Duelist Stickman 게임,https://www.youtube.com/watch?v=KtSumr043KA,994회,1개월 전
Supreme Duelist Stickman 게임,https://www.youtube.com/watch?v=I2orbQeizeY,266회,1개월 전
Supreme Duelist Stickman 게임,https://www.youtube.com/watch?v=HQh2C5VNLJU,2.2천회,1개월 전
Supreme Duelist Stickman 게임,https://www.youtube.com/watch?v=PEcBuLzfd0w,10회,1개월 전
Supreme Duelist Stickman 게임,https://www.youtube.com/watch?v=lnxTZF9mkbc,4회,1개월 전
Supreme Duelist Stickman 게임,https://www.youtube.com/watch?v=a20_zFlaotM,837회,1개월 전
Supreme Duelist Stickman 게임,https://www.youtube.com/watch?v=AcdYEZh_Jl4,3.6천회,1개월 전
Supreme Duelist Stickman 게임,https://www.youtube.com/watch?v=U0YACfJ54oA,171만회,1개월 전
Supreme Duelist Stickman 게임,https://www.youtube.com/watch?v=-AaQGGmjmgU,2천회,1개월 전
Supreme Duelist Stickman 게임,https://www.youtube.com/watch?v=lbbckjMyY5A,34회,1개월 전
Supreme Duelist Stickman 게임,https://www.youtube.com/watch?v=DkrWKKaA8zU,13회,1개월 전
Supreme Duelist Stickman 게임,https://www.youtube.com/watch?v=6weCrYG7g-I,11회,1개월 전
Supreme Duelist Stickman 게임,https://www.youtube.com/watch?v=sVCu2iC3_s8,2.2천회,1개월 전
Supreme Duelist Stickman 게임,https://www.youtube.com/watch?v=V34Xua67eLw,695회,1개월 전
Supreme Duelist Stickman 게임,https://www.youtube.com/watch?v=0e0Q2k2ytDk,2.3천회,1개월 전
Supreme Duelist Stickman 게임,https://www.youtube.com/watch?v=TspbwQPBW_A,3.7천회,1개월 전
Supreme Duelist Stickman 게임,https://www.youtube.com/watch?v=cBTK_JhrDLg,7회,1개월 전
Supreme Duelist Stickman 게임,https://www.youtube.com/watch?v=L_yc5XweLUE,8회,1개월 전
Supreme Duelist Stickman 게임,https://www.youtube.com/watch?v=t1KPfhBMQeE,16회,1개월 전
Supreme Duelist Stickman 게임,https://www.youtube.com/watch?v=HHYhfk1I5cI,5회,1개월 전
Supreme Duelist Stickman 게임,https://www.youtube.com/watch?v=UnJc35ZEte0,134회,1개월 전
Supreme Duelist Stickman 게임,https://www.youtube.com/watch?v=PBYGh4dDbVQ,17회,1개월 전
Supreme Duelist Stickman 게임,https://www.youtube.com/watch?v=4UGLojndlpg,1회,1개월 전
Supreme Duelist Stickman 게임,https://www.youtube.com/watch?v=STFczDQtFFQ,238회,1개월 전
Supreme Duelist Stickman 게임,https://www.youtube.com/watch?v=0N3_UHG1LIE,1.6만회,1개월 전
Supreme Duelist Stickman 게임,https://www.youtube.com/watch?v=Vv5lwyh4u3c,365회,1개월 전
Supreme Duelist Stickman 게임,https://www.youtube.com/watch?v=nkln5Czicd8,3.3천회,1개월 전
Supreme Duelist Stickman 게임,https://www.youtube.com/watch?v=6DAIPTylT-s,5회,1개월 전
Supreme Duelist Stickman 게임,https://www.youtube.com/watch?v=e6jRtbk7xMU,38회,1개월 전
Supreme Duelist Stickman 게임,https://www.youtube.com/watch?v=dHwveavo_tg,6회,2개월 전
Supreme Duelist Stickman 게임,https://www.youtube.com/watch?v=7DSysbaUeGg,99회,2개월 전
Supreme Duelist Stickman 게임,https://www.youtube.com/watch?v=x5tLg5IDV4Y,11회,2개월 전
Supreme Duelist Stickman 게임,https://www.youtube.com/watch?v=FZaxnZyestg,45회,2개월 전
Supreme Duelist Stickman 게임,https://www.youtube.com/watch?v=iE4qM9tAxiw,1회,2개월 전
Supreme Duelist Stickman 게임,https://www.youtube.com/watch?v=6bAxwm4hNPo,440회,2개월 전
Supreme Duelist Stickman 게임,https://www.youtube.com/watch?v=7PH8FLCHW0w,3회,2개월 전
Supreme Duelist Stickman 게임,https://www.youtube.com/watch?v=mZKeSaioCRk,2.1천회,2개월 전
Supreme Duelist Stickman 게임,https://www.youtube.com/watch?v=CuGBy3azhpQ,2천회,2개월 전
Supreme Duelist Stickman 게임,https://www.youtube.com/watch?v=LzWlBjYqibc,3회,2개월 전
Supreme Duelist Stickman 게임,https://www.youtube.com/watch?v=tkXVTgsh550,10회,2개월 전
Supreme Duelist Stickman 게임,https://www.youtube.com/watch?v=4ZHqmhRwzi0,6회,2개월 전
Supreme Duelist Stickman 게임,https://www.youtube.com/watch?v=jiZZ905r3Gk,7회,2개월 전
Supreme Duelist Stickman 게임,https://www.youtube.com/watch?v=9OWv7M_C2yg,6회,2개월 전
Supreme Duelist Stickman 게임,https://www.youtube.com/watch?v=otkBLJy1Z70,15회,2개월 전
Supreme Duelist Stickman 게임,https://www.youtube.com/watch?v=t_LLc2HxtmU,1.2천회,2개월 전
Supreme Duelist Stickman 게임,https://www.youtube.com/watch?v=4PvUtzU8N6I,9회,2개월 전
Supreme Duelist Stickman 게임,https://www.youtube.com/watch?v=zqbCbCxqJqY,181회,2개월 전
Supreme Duelist Stickman 게임,https://www.youtube.com/watch?v=IvF_mGDJZlA,없음,2개월 전
Supreme Duelist Stickman 게임,https://www.youtube.com/watch?v=Pt2ixwLIIdQ,4천회,2개월 전
Supreme Duelist Stickman 게임,https://www.youtube.com/watch?v=n7zKB9ATWU8,873회,2개월 전
Supreme Duelist Stickman 게임,https://www.youtube.com/watch?v=cnCg9jsg2r0,73회,2개월 전
Supreme Duelist Stickman 게임,https://www.youtube.com/watch?v=aZSjOqjYICI,없음,2개월 전
Supreme Duelist Stickman 게임,https://www.youtube.com/watch?v=IFT3__zgsVU,108회,2개월 전
Supreme Duelist Stickman 게임,https://www.youtube.com/watch?v=WJ2DYyzt_Xk,1.9만회,2개월 전
Supreme Duelist Stickman 게임,https://www.youtube.com/watch?v=j2baSUMF6bc,3회,2개월 전
Supreme Duelist Stickman 게임,https://www.youtube.com/watch?v=-EXDChMWTGI,4회,2개월 전
Supreme Duelist Stickman 게임,https://www.youtube.com/watch?v=pcGfcSe2d58,2.8천회,2개월 전
Supreme Duelist Stickman 게임,https://www.youtube.com/watch?v=q45PjtPZR14,1.3만회,2개월 전
Supreme Duelist Stickman 게임,https://www.youtube.com/watch?v=Lb9khXaMyjA,9회,2개월 전
Supreme Duelist Stickman 게임,https://www.youtube.com/watch?v=kWHyyz2LEGE,7.8천회,2개월 전
Supreme Duelist Stickman 게임,https://www.youtube.com/watch?v=9IVckQCVQ_4,2.2천회,2개월 전
Supreme Duelist Stickman 게임,https://www.youtube.com/watch?v=Io3aT22EkQc,1.7천회,2개월 전
Supreme Duelist Stickman 게임,https://www.youtube.com/watch?v=1lu7q8aoAVs,575회,2개월 전
Supreme Duelist Stickman 게임,https://www.youtube.com/watch?v=SJjSBrO5fz8,1.4천회,2개월 전
Supreme Duelist Stickman 게임,https://www.youtube.com/watch?v=ppFYJVURtms,29회,2개월 전
Supreme Duelist Stickman 게임,https://www.youtube.com/watch?v=qPYA83sMO4s,1.6천회,2개월 전
Supreme Duelist Stickman 게임,https://www.youtube.com/watch?v=mlhuVzQ2AHk,7만회,2개월 전
Supreme Duelist Stickman 게임,https://www.youtube.com/watch?v=px8ndKNaKT8,1만회,2개월 전
Supreme Duelist Stickman 게임,https://www.youtube.com/watch?v=eW331CZHNiQ,3.7만회,2개월 전
Supreme Duelist Stickman 게임,https://www.youtube.com/watch?v=IjAU7-TOl90,1.9천회,2개월 전
Supreme Duelist Stickman 게임,https://www.youtube.com/watch?v=0-u6rRYrC2o,2.4천회,2개월 전
Supreme Duelist Stickman 게임,https://www.youtube.com/watch?v=GaS0jWpWC7Q,4.5천회,2개월 전
Supreme Duelist Stickman 게임,https://www.youtube.com/watch?v=zxWZTTIo4Og,6.4만회,2개월 전
Supreme Duelist Stickman 게임,https://www.youtube.com/watch?v=AyH2EQjy8oc,67회,2개월 전
Supreme Duelist Stickman 게임,https://www.youtube.com/watch?v=EG1L6IH-Mr8,8.5만회,2개월 전
Supreme Duelist Stickman 게임,https://www.youtube.com/watch?v=-V9-IcDUD7M,1.6천회,2개월 전
Supreme Duelist Stickman 게임,https://www.youtube.com/watch?v=t-iIrjs3Xwk,2천회,2개월 전
Supreme Duelist Stickman 게임,https://www.youtube.com/watch?v=mrNBlPsE4vc,58회,2개월 전
Supreme Duelist Stickman 게임,https://www.youtube.com/watch?v=P-OeNkvIAv4,4.3천회,2개월 전
Supreme Duelist Stickman 게임,https://www.youtube.com/watch?v=PhzGkVO_pD4,70회,2개월 전
Supreme Duelist Stickman 게임,https://www.youtube.com/watch?v=qEl6d7fQKgo,3.4천회,2개월 전
Supreme Duelist Stickman 게임,https://www.youtube.com/watch?v=alEsN0UymZ4,34만회,2개월 전
Supreme Duelist Stickman 게임,https://www.youtube.com/watch?v=y0jRY51Yfuo,1.2천회,2개월 전
Supreme Duelist Stickman 게임,https://www.youtube.com/watch?v=ngQzTLZRy60,18회,2개월 전
Supreme Duelist Stickman 게임,https://www.youtube.com/watch?v=ytMquDm1liI,5.2만회,2개월 전
Supreme Duelist Stickman 게임,https://www.youtube.com/watch?v=10Q0sSVa7fA,3.5천회,2개월 전
Supreme Duelist Stickman 게임,https://www.youtube.com/watch?v=e6XKaq5e3pc,1.2천회,3개월 전
Supreme Duelist Stickman 게임,https://www.youtube.com/watch?v=zBNWgX82yfY,13만회,3개월 전
Supreme Duelist Stickman 게임,https://www.youtube.com/watch?v=gYm8E8NDBrg,10회,3개월 전
Supreme Duelist Stickman 게임,https://www.youtube.com/watch?v=sVFeCkohnOQ,6.6천회,3개월 전
Supreme Duelist Stickman 게임,https://www.youtube.com/watch?v=Fz3w7Kp78X0,1.1만회,3개월 전
Supreme Duelist Stickman 게임,https://www.youtube.com/watch?v=KzAR92wwtvk,87회,3개월 전
Supreme Duelist Stickman 게임,https://www.youtube.com/watch?v=2_1B5YtOfGw,7.8천회,3개월 전
Supreme Duelist Stickman 게임,https://www.youtube.com/watch?v=j9rLgMGTlbA,22회,3개월 전
Supreme Duelist Stickman 게임,https://www.youtube.com/watch?v=nG0l-i7MMk4,3만회,3개월 전
Supreme Duelist Stickman 게임,https://www.youtube.com/watch?v=9ddLpouxFKE,4.9천회,3개월 전
Supreme Duelist Stickman 게임,https://www.youtube.com/watch?v=J5L8NR-6pbg,3.6천회,3개월 전
Supreme Duelist Stickman 게임,https://www.youtube.com/watch?v=sjsArVE-s70,59회,3개월 전
Supreme Duelist Stickman 게임,https://www.youtube.com/watch?v=UTSNg87CeRg,4.2만회,3개월 전
Supreme Duelist Stickman 게임,https://www.youtube.com/watch?v=m7rCyJImiJ8,1.8만회,3개월 전
Supreme Duelist Stickman 게임,https://www.youtube.com/watch?v=OWiv1Oo8NI8,1.5천회,3개월 전
Supreme Duelist Stickman 게임,https://www.youtube.com/watch?v=WxC5yRAi2SU,3.4천회,3개월 전
Supreme Duelist Stickman 게임,https://www.youtube.com/watch?v=Z3f4w9ohybU,1.4만회,3개월 전
Supreme Duelist Stickman 게임,https://www.youtube.com/watch?v=Ek9J9FCphDY,8.3천회,3개월 전
Supreme Duelist Stickman 게임,https://www.youtube.com/watch?v=O65xXXra3Eg,66회,3개월 전
Supreme Duelist Stickman 게임,https://www.youtube.com/watch?v=O7mwXG1Y16Q,9회,3개월 전
Supreme Duelist Stickman 게임,https://www.youtube.com/watch?v=A9UWeSRHl5I,5.2천회,3개월 전
Supreme Duelist Stickman 게임,https://www.youtube.com/watch?v=925juvj1vzY,4.4만회,3개월 전
Supreme Duelist Stickman 게임,https://www.youtube.com/watch?v=nRcvCDDGdeY,1만회,3개월 전
Supreme Duelist Stickman 게임,https://www.youtube.com/watch?v=Jo_u7JgN1dg,115회,3개월 전
Supreme Duelist Stickman 게임,https://www.youtube.com/watch?v=T7ukfDZUVIQ,76만회,3개월 전
Supreme Duelist Stickman 게임,https://www.youtube.com/watch?v=8QbWi1PRmfs,49만회,3개월 전
Supreme Duelist Stickman 게임,https://www.youtube.com/watch?v=EB6L1W48N5c,3회,3개월 전
Supreme Duelist Stickman 게임,https://www.youtube.com/watch?v=450b1IMI1XA,3.4만회,3개월 전
Supreme Duelist Stickman 게임,https://www.youtube.com/watch?v=KPpW1wyPqoI,3.4천회,3개월 전
Supreme Duelist Stickman 게임,https://www.youtube.com/watch?v=x5DLqESIzrY,1.2만회,3개월 전
Supreme Duelist Stickman 게임,https://www.youtube.com/watch?v=brAsgzyqhqI,2.3만회,3개월 전
Supreme Duelist Stickman 게임,https://www.youtube.com/watch?v=NYvMwqb77rA,9.6천회,3개월 전
Supreme Duelist Stickman 게임,https://www.youtube.com/watch?v=XdzqiYAjkL8,1.5만회,3개월 전
Supreme Duelist Stickman 게임,https://www.youtube.com/watch?v=7PZrnMAzXF8,10회,3개월 전
Supreme Duelist Stickman 게임,https://www.youtube.com/watch?v=IdQB3YfHa2s,25회,3개월 전
Supreme Duelist Stickman 게임,https://www.youtube.com/watch?v=mpoHgFYfgCQ,3.7천회,3개월 전
Supreme Duelist Stickman 게임,https://www.youtube.com/watch?v=gTs3GPIfkPI,32회,3개월 전
Supreme Duelist Stickman 게임,https://www.youtube.com/watch?v=MQUs7pcIi1U,34만회,3개월 전
Supreme Duelist Stickman 게임,https://www.youtube.com/watch?v=uqZODOYuqJQ,2.4만회,3개월 전
Supreme Duelist Stickman 게임,https://www.youtube.com/watch?v=qzfJUoji7FI,6.2만회,3개월 전
Supreme Duelist Stickman 게임,https://www.youtube.com/watch?v=gEXRc11OLRQ,1.9만회,3개월 전
Supreme Duelist Stickman 게임,https://www.youtube.com/watch?v=X0B8cQhvw6k,230회,3개월 전
Supreme Duelist Stickman 게임,https://www.youtube.com/watch?v=RJLO7gMQ47k,1.7만회,3개월 전
Supreme Duelist Stickman 게임,https://www.youtube.com/watch?v=gm4Y7PAaKX8,163회,3개월 전
Supreme Duelist Stickman 게임,https://www.youtube.com/watch?v=v3tNTEZedm0,113회,3개월 전
Supreme Duelist Stickman 게임,https://www.youtube.com/watch?v=DXHDqQb8cJA,9.7천회,4개월 전
Supreme Duelist Stickman 게임,https://www.youtube.com/watch?v=OnLvaI6pHn4,6.3천회,4개월 전
Supreme Duelist Stickman 게임,https://www.youtube.com/watch?v=9r_tj2Z2FxM,4.8천회,4개월 전
Supreme Duelist Stickman 게임,https://www.youtube.com/watch?v=_B6MEdCZY2w,1.9만회,4개월 전
Supreme Duelist Stickman 게임,https://www.youtube.com/watch?v=VSfbrim3P2Y,7.1천회,4개월 전
Supreme Duelist Stickman 게임,https://www.youtube.com/watch?v=Y6joPQPa3J8,6.5천회,4개월 전
Supreme Duelist Stickman 게임,https://www.youtube.com/watch?v=pkH6mvGTcDk,2.2천회,4개월 전
Supreme Duelist Stickman 게임,https://www.youtube.com/watch?v=Y7VCcxxkd3c,46회,4개월 전
Supreme Duelist Stickman 게임,https://www.youtube.com/watch?v=ciM2TiroZ6c,17회,4개월 전
Supreme Duelist Stickman 게임,https://www.youtube.com/watch?v=wIUEbnm5wrM,929회,4개월 전
Supreme Duelist Stickman 게임,https://www.youtube.com/watch?v=6JtZgoYwlAo,1.4천회,4개월 전
Supreme Duelist Stickman 게임,https://www.youtube.com/watch?v=VhYAvjGHF_8,1.7천회,4개월 전
Supreme Duelist Stickman 게임,https://www.youtube.com/watch?v=51Z8t3nCbg8,6.8만회,4개월 전
Supreme Duelist Stickman 게임,https://www.youtube.com/watch?v=kSn5qVo_60w,4.3만회,4개월 전
Supreme Duelist Stickman 게임,https://www.youtube.com/watch?v=RXzF-FCkhl4,1.6만회,4개월 전
Supreme Duelist Stickman 게임,https://www.youtube.com/watch?v=v_3257ry53M,43만회,4개월 전
Supreme Duelist Stickman 게임,https://www.youtube.com/watch?v=fs855V4yU0o,2.7만회,4개월 전
Supreme Duelist Stickman 게임,https://www.youtube.com/watch?v=rnY-15avbRM,4.2천회,4개월 전
Supreme Duelist Stickman 게임,https://www.youtube.com/watch?v=runeXOu6bF8,373회,4개월 전
Supreme Duelist Stickman 게임,https://www.youtube.com/watch?v=8U6uFUoWhe4,3.4천회,4개월 전
Supreme Duelist Stickman 게임,https://www.youtube.com/watch?v=1syIQEdPbUE,50회,4개월 전
Supreme Duelist Stickman 게임,https://www.youtube.com/watch?v=ayd3K1wAM3o,16만회,4개월 전
Supreme Duelist Stickman 게임,https://www.youtube.com/watch?v=A_ch90NSs4U,3.4만회,4개월 전
Supreme Duelist Stickman 게임,https://www.youtube.com/watch?v=FYBSl1fqics,3천회,4개월 전
Supreme Duelist Stickman 게임,https://www.youtube.com/watch?v=Eoq1eRU-XOQ,573회,4개월 전
Supreme Duelist Stickman 게임,https://www.youtube.com/watch?v=vlMhZiTJxRY,19만회,4개월 전
Supreme Duelist Stickman 게임,https://www.youtube.com/watch?v=jP77okpRdHI,301회,4개월 전
Supreme Duelist Stickman 게임,https://www.youtube.com/watch?v=JFhgsL_8_mM,59회,4개월 전
Supreme Duelist Stickman 게임,https://www.youtube.com/watch?v=5c4Dn5Z-9Ak,15회,4개월 전
Supreme Duelist Stickman 게임,https://www.youtube.com/watch?v=8ZIfjJaIvC0,4.6천회,4개월 전
Supreme Duelist Stickman 게임,https://www.youtube.com/watch?v=FWPfvPh8Qw4,3천회,4개월 전
Supreme Duelist Stickman 게임,https://www.youtube.com/watch?v=019RmssZ_2U,2.1천회,4개월 전
Supreme Duelist Stickman 게임,https://www.youtube.com/watch?v=AWV8Ky8sLtg,68회,4개월 전
Supreme Duelist Stickman 게임,https://www.youtube.com/watch?v=ALUfnO9Lg0E,54회,4개월 전
Supreme Duelist Stickman 게임,https://www.youtube.com/watch?v=YM7ECceqNak,3.3천회,4개월 전
Supreme Duelist Stickman 게임,https://www.youtube.com/watch?v=Kpjo09A2XwI,123회,4개월 전
Supreme Duelist Stickman 게임,https://www.youtube.com/watch?v=B7KfmeqxuTI,45회,4개월 전
Supreme Duelist Stickman 게임,https://www.youtube.com/watch?v=DMpqZc4UGbg,134회,4개월 전
Supreme Duelist Stickman 게임,https://www.youtube.com/watch?v=_dK_pVEQzcU,163회,4개월 전
Supreme Duelist Stickman 게임,https://www.youtube.com/watch?v=wLuCYBI7Sk8,52회,4개월 전
Supreme Duelist Stickman 게임,https://www.youtube.com/watch?v=zu63eJQI-yg,5.7천회,4개월 전
Supreme Duelist Stickman 게임,https://www.youtube.com/watch?v=tOao7igjuCo,2.3만회,4개월 전
Supreme Duelist Stickman 게임,https://www.youtube.com/watch?v=0L3dRWSNo8s,5.4천회,5개월 전
Supreme Duelist Stickman 게임,https://www.youtube.com/watch?v=Q-vphYbUSkY,428회,5개월 전
Supreme Duelist Stickman 게임,https://www.youtube.com/watch?v=uZNrbR1-0ag,4.2만회,5개월 전
Supreme Duelist Stickman 게임,https://www.youtube.com/watch?v=ogsc8vzWr_Y,1천회,5개월 전
Supreme Duelist Stickman 게임,https://www.youtube.com/watch?v=J-89PILYtPY,1.4만회,5개월 전
Supreme Duelist Stickman 게임,https://www.youtube.com/watch?v=AkXoJFztnm0,994회,5개월 전
Supreme Duelist Stickman 게임,https://www.youtube.com/watch?v=WxGh9f8p3tg,5.7천회,5개월 전
Supreme Duelist Stickman 게임,https://www.youtube.com/watch?v=QM7ZQt6sM7U,903회,5개월 전
Supreme Duelist Stickman 게임,https://www.youtube.com/watch?v=7W6yB_Gj98w,32회,5개월 전
Supreme Duelist Stickman 게임,https://www.youtube.com/watch?v=LyztorW9ISg,39회,5개월 전
Supreme Duelist Stickman 게임,https://www.youtube.com/watch?v=icP-_2k-eJ8,19회,5개월 전
Supreme Duelist Stickman 게임,https://www.youtube.com/watch?v=vK2tyYY0_84,9.3천회,5개월 전
Supreme Duelist Stickman 게임,https://www.youtube.com/watch?v=he0envUblRE,292회,5개월 전
Supreme Duelist Stickman 게임,https://www.youtube.com/watch?v=sCVdVWseikM,112회,5개월 전
Supreme Duelist Stickman 게임,https://www.youtube.com/watch?v=WKfCyvg-dYY,4만회,5개월 전
Supreme Duelist Stickman 게임,https://www.youtube.com/watch?v=QGixZ1qiwH0,6회,5개월 전
Supreme Duelist Stickman 게임,https://www.youtube.com/watch?v=H6AaztdxFSA,65회,5개월 전
Supreme Duelist Stickman 게임,https://www.youtube.com/watch?v=K9OnYkkzay4,5.4천회,5개월 전
Supreme Duelist Stickman 게임,https://www.youtube.com/watch?v=Pvo8QodCmTY,4.1천회,5개월 전
Supreme Duelist Stickman 게임,https://www.youtube.com/watch?v=5mzQiAiXHZc,202회,5개월 전
Supreme Duelist Stickman 게임,https://www.youtube.com/watch?v=kSKIOrZPseI,48회,5개월 전
Supreme Duelist Stickman 게임,https://www.youtube.com/watch?v=IPMw23hrdk4,6.9만회,5개월 전
Supreme Duelist Stickman 게임,https://www.youtube.com/watch?v=WCQj-a-qVUY,130회,5개월 전
Supreme Duelist Stickman 게임,https://www.youtube.com/watch?v=MVBefdUJF3I,2천회,5개월 전
Supreme Duelist Stickman 게임,https://www.youtube.com/watch?v=r5l6mLcOa8w,279회,5개월 전
Supreme Duelist Stickman 게임,https://www.youtube.com/watch?v=c2pimp1eVFE,5.7천회,5개월 전
Supreme Duelist Stickman 게임,https://www.youtube.com/watch?v=OeUS-2F3G0o,69회,5개월 전
Supreme Duelist Stickman 게임,https://www.youtube.com/watch?v=l09rNbe5pXY,138회,5개월 전
Supreme Duelist Stickman 게임,https://www.youtube.com/watch?v=uC3FMNscA7s,44회,5개월 전
Supreme Duelist Stickman 게임,https://www.youtube.com/watch?v=olPu31bTugw,124회,5개월 전
Supreme Duelist Stickman 게임,https://www.youtube.com/watch?v=PlGwLI7g0xM,338회,5개월 전
Supreme Duelist Stickman 게임,https://www.youtube.com/watch?v=NdRQOzavq3U,55회,5개월 전
Supreme Duelist Stickman 게임,https://www.youtube.com/watch?v=MQNQD5z1G9M,57만회,5개월 전
Supreme Duelist Stickman 게임,https://www.youtube.com/watch?v=jOKzOqZpV4E,9.1천회,5개월 전
Supreme Duelist Stickman 게임,https://www.youtube.com/watch?v=UG1xFsdrlpw,1.7천회,5개월 전
Supreme Duelist Stickman 게임,https://www.youtube.com/watch?v=aGf8fnLfPGc,305회,5개월 전
Supreme Duelist Stickman 게임,https://www.youtube.com/watch?v=IqHZlsFSGR4,13회,5개월 전
Supreme Duelist Stickman 게임,https://www.youtube.com/watch?v=A3rP7cidhPo,92회,5개월 전
Supreme Duelist Stickman 게임,https://www.youtube.com/watch?v=MRj57PSxtmo,373회,5개월 전
Supreme Duelist Stickman 게임,https://www.youtube.com/watch?v=RvfD14uo11Y,586회,5개월 전
Supreme Duelist Stickman 게임,https://www.youtube.com/watch?v=gYIE_8EylHs,14회,5개월 전
Supreme Duelist Stickman 게임,https://www.youtube.com/watch?v=r0UoVfvumwI,1.3만회,5개월 전
Supreme Duelist Stickman 게임,https://www.youtube.com/watch?v=91nzPl_XiQ8,94회,5개월 전
Supreme Duelist Stickman 게임,https://www.youtube.com/watch?v=t45v3tQCta0,999회,5개월 전
Supreme Duelist Stickman 게임,https://www.youtube.com/watch?v=e4ydRK2WmQY,7천회,6개월 전
Supreme Duelist Stickman 게임,https://www.youtube.com/watch?v=DaNZHZ1JrPM,513회,6개월 전
Supreme Duelist Stickman 게임,https://www.youtube.com/watch?v=QkT1ZJ_043w,8.1천회,6개월 전
Supreme Duelist Stickman 게임,https://www.youtube.com/watch?v=Ncte9Yc1YYI,16회,6개월 전
Supreme Duelist Stickman 게임,https://www.youtube.com/watch?v=ev0j08dN2-M,3.2천회,6개월 전
Supreme Duelist Stickman 게임,https://www.youtube.com/watch?v=swZ4XA4-zUk,803회,6개월 전
Supreme Duelist Stickman 게임,https://www.youtube.com/watch?v=wm0TYs72MUM,192회,6개월 전
Supreme Duelist Stickman 게임,https://www.youtube.com/watch?v=-hZqzimriLI,3.8천회,6개월 전
Supreme Duelist Stickman 게임,https://www.youtube.com/watch?v=p5-dTUa_-4M,3.7천회,6개월 전
Supreme Duelist Stickman 게임,https://www.youtube.com/watch?v=SF-DiAY0bow,2.8천회,6개월 전
Supreme Duelist Stickman 게임,https://www.youtube.com/watch?v=cD44yKt45oA,356회,6개월 전
Supreme Duelist Stickman 게임,https://www.youtube.com/watch?v=TswkIgGPsYw,2천회,6개월 전
Supreme Duelist Stickman 게임,https://www.youtube.com/watch?v=S4_UuUkhOTw,1만회,6개월 전
Supreme Duelist Stickman 게임,https://www.youtube.com/watch?v=0u8HIV_pbIc,665회,6개월 전
Supreme Duelist Stickman 게임,https://www.youtube.com/watch?v=rUWLaiSM6W0,1.8천회,6개월 전
Supreme Duelist Stickman 게임,https://www.youtube.com/watch?v=ZzPKDY4Is5E,8.4천회,6개월 전
Supreme Duelist Stickman 게임,https://www.youtube.com/watch?v=qjCUidpJZOc,151회,6개월 전
Supreme Duelist Stickman 게임,https://www.youtube.com/watch?v=kGPoR94ir7Q,388회,6개월 전
Supreme Duelist Stickman 게임,https://www.youtube.com/watch?v=JWYEAeKNgbg,39회,6개월 전
Supreme Duelist Stickman 게임,https://www.youtube.com/watch?v=HOM2h79Kwok,107회,6개월 전
Supreme Duelist Stickman 게임,https://www.youtube.com/watch?v=7n-oHYoxhVA,6.3천회,6개월 전
Supreme Duelist Stickman 게임,https://www.youtube.com/watch?v=LQDIkugp6m4,1.3천회,6개월 전
Supreme Duelist Stickman 게임,https://www.youtube.com/watch?v=0INLJepIgnQ,6.3천회,6개월 전
Supreme Duelist Stickman 게임,https://www.youtube.com/watch?v=aCNMrweyYNE,56회,6개월 전
Supreme Duelist Stickman 게임,https://www.youtube.com/watch?v=k7oGYPCBMAw,479회,6개월 전
Supreme Duelist Stickman 게임,https://www.youtube.com/watch?v=491-avYXxAY,1.4만회,6개월 전
Supreme Duelist Stickman 게임,https://www.youtube.com/watch?v=gZERHmGHw3s,62회,6개월 전
Supreme Duelist Stickman 게임,https://www.youtube.com/watch?v=v2x7u3UEdAE,267회,6개월 전
Supreme Duelist Stickman 게임,https://www.youtube.com/watch?v=nfL7A2mY3Uc,2.9천회,6개월 전
Supreme Duelist Stickman 게임,https://www.youtube.com/watch?v=By43q5fD0mE,94회,6개월 전
Supreme Duelist Stickman 게임,https://www.youtube.com/watch?v=BJMuekGZgjw,1.2만회,6개월 전
Supreme Duelist Stickman 게임,https://www.youtube.com/watch?v=xCd0TkSw7hw,335회,6개월 전
Supreme Duelist Stickman 게임,https://www.youtube.com/watch?v=1_TKbZysdXw,70만회,6개월 전
Supreme Duelist Stickman 게임,https://www.youtube.com/watch?v=EdjSToJR0z4,2.4천회,6개월 전
Supreme Duelist Stickman 게임,https://www.youtube.com/watch?v=zpKlj1T6ERc,3.1천회,6개월 전
Supreme Duelist Stickman 게임,https://www.youtube.com/watch?v=HtYqty-nIS0,6.9천회,6개월 전
Supreme Duelist Stickman 게임,https://www.youtube.com/watch?v=r8UXHME1rDA,1.6만회,6개월 전
Supreme Duelist Stickman 게임,https://www.youtube.com/watch?v=WQouq7zsOBw,3만회,6개월 전
Supreme Duelist Stickman 게임,https://www.youtube.com/watch?v=3-wCQS3jQLI,51회,6개월 전
Supreme Duelist Stickman 게임,https://www.youtube.com/watch?v=2N0zS_V0v4s,1.8만회,6개월 전
Supreme Duelist Stickman 게임,https://www.youtube.com/watch?v=ZKgcEJxjaXY,550회,6개월 전
Supreme Duelist Stickman 게임,https://www.youtube.com/watch?v=CAQ3nTR_aZw,136회,7개월 전
Supreme Duelist Stickman 게임,https://www.youtube.com/watch?v=etHBA6yUHwQ,1.1만회,7개월 전
Supreme Duelist Stickman 게임,https://www.youtube.com/watch?v=p17Rp1SmzGY,2.4만회,7개월 전
Supreme Duelist Stickman 게임,https://www.youtube.com/watch?v=t8-MbRe2ujw,4.9만회,7개월 전
Supreme Duelist Stickman 게임,https://www.youtube.com/watch?v=Z1X9kbL_QsY,807회,7개월 전
Supreme Duelist Stickman 게임,https://www.youtube.com/watch?v=zP_n0-73r4E,2.7만회,7개월 전
