﻿search,youtube_url,viewer,upload
Stencil Art - Spray Masters 게임,https://www.youtube.com/watch?v=_p0ELb45WXM,8회,4일 전
Stencil Art - Spray Masters 게임,https://www.youtube.com/watch?v=pg4Yjw-oxHY,없음,5일 전
Stencil Art - Spray Masters 게임,https://www.youtube.com/watch?v=3wMl5edZ_0w,3회,1주 전
Stencil Art - Spray Masters 게임,https://www.youtube.com/watch?v=IDxiqT3m6fo,10회,1주 전
Stencil Art - Spray Masters 게임,https://www.youtube.com/watch?v=GI8ZzF70XtQ,3회,1주 전
Stencil Art - Spray Masters 게임,https://www.youtube.com/watch?v=KTlqQRnnvkY,10회,1주 전
Stencil Art - Spray Masters 게임,https://www.youtube.com/watch?v=6Ym0q8D8e-s,없음,1주 전
Stencil Art - Spray Masters 게임,https://www.youtube.com/watch?v=aMr33v28yv4,1회,1주 전
Stencil Art - Spray Masters 게임,https://www.youtube.com/watch?v=irupmPijVM4,없음,1주 전
Stencil Art - Spray Masters 게임,https://www.youtube.com/watch?v=SlEY2ZX3gt0,없음,1주 전
Stencil Art - Spray Masters 게임,https://www.youtube.com/watch?v=iC9OS_kcf-M,1회,2주 전
Stencil Art - Spray Masters 게임,https://www.youtube.com/watch?v=bQ5-060CouE,11회,2주 전
Stencil Art - Spray Masters 게임,https://www.youtube.com/watch?v=ewFycPUgsIQ,33회,2주 전
Stencil Art - Spray Masters 게임,https://www.youtube.com/watch?v=JRbimMAhrUo,1회,2주 전
Stencil Art - Spray Masters 게임,https://www.youtube.com/watch?v=UD2blynRcSc,17회,2주 전
Stencil Art - Spray Masters 게임,https://www.youtube.com/watch?v=5o3rB4aRz-E,7회,2주 전
Stencil Art - Spray Masters 게임,https://www.youtube.com/watch?v=mPMNzRZRYQY,6회,2주 전
Stencil Art - Spray Masters 게임,https://www.youtube.com/watch?v=wjqbwRGv7ZE,26회,2주 전
Stencil Art - Spray Masters 게임,https://www.youtube.com/watch?v=reAeTFm1poI,1회,2주 전
Stencil Art - Spray Masters 게임,https://www.youtube.com/watch?v=ChLOjgkeUBM,255회,2주 전
Stencil Art - Spray Masters 게임,https://www.youtube.com/watch?v=UJYIvVlrqYw,1회,2주 전
Stencil Art - Spray Masters 게임,https://www.youtube.com/watch?v=nF7c203he5w,12회,2주 전
Stencil Art - Spray Masters 게임,https://www.youtube.com/watch?v=zR0sunoP6fk,없음,2주 전
Stencil Art - Spray Masters 게임,https://www.youtube.com/watch?v=ftwRXa9RgrQ,399회,2주 전
Stencil Art - Spray Masters 게임,https://www.youtube.com/watch?v=SsqFLpAKxUM,15회,2주 전
Stencil Art - Spray Masters 게임,https://www.youtube.com/watch?v=LsVUFNOy0Z8,4회,2주 전
Stencil Art - Spray Masters 게임,https://www.youtube.com/watch?v=1LaTX2kvuzE,5회,2주 전
Stencil Art - Spray Masters 게임,https://www.youtube.com/watch?v=hMty4Ulczbg,9회,2주 전
Stencil Art - Spray Masters 게임,https://www.youtube.com/watch?v=0yNYUBQp00k,7회,3주 전
Stencil Art - Spray Masters 게임,https://www.youtube.com/watch?v=hSwOpF-nxTE,411회,3주 전
Stencil Art - Spray Masters 게임,https://www.youtube.com/watch?v=CNC31d3YtAI,3회,3주 전
Stencil Art - Spray Masters 게임,https://www.youtube.com/watch?v=XlthGqc5zf8,496회,3주 전
Stencil Art - Spray Masters 게임,https://www.youtube.com/watch?v=9JOin5aG0G4,317회,3주 전
Stencil Art - Spray Masters 게임,https://www.youtube.com/watch?v=RSOLENgBrLc,6회,3주 전
Stencil Art - Spray Masters 게임,https://www.youtube.com/watch?v=F_Fuj8Q3_vs,10회,3주 전
Stencil Art - Spray Masters 게임,https://www.youtube.com/watch?v=eZwnDx5_Yl8,9회,3주 전
Stencil Art - Spray Masters 게임,https://www.youtube.com/watch?v=L776mPJExR8,329회,3주 전
Stencil Art - Spray Masters 게임,https://www.youtube.com/watch?v=8rV-47kjeC0,21회,3주 전
Stencil Art - Spray Masters 게임,https://www.youtube.com/watch?v=MnaxyFpBaNk,537회,3주 전
Stencil Art - Spray Masters 게임,https://www.youtube.com/watch?v=6xOx7mtONsM,13회,3주 전
Stencil Art - Spray Masters 게임,https://www.youtube.com/watch?v=0JzJbmg2f9s,20회,3주 전
Stencil Art - Spray Masters 게임,https://www.youtube.com/watch?v=bnBm0rp-y-0,19회,3주 전
Stencil Art - Spray Masters 게임,https://www.youtube.com/watch?v=QFnrkchBT5k,20회,3주 전
Stencil Art - Spray Masters 게임,https://www.youtube.com/watch?v=nMmAnZK9WQU,1.2천회,3주 전
Stencil Art - Spray Masters 게임,https://www.youtube.com/watch?v=wJRU0bvPGCI,3.8천회,4주 전
Stencil Art - Spray Masters 게임,https://www.youtube.com/watch?v=sRNCsPqjwPA,160회,4주 전
Stencil Art - Spray Masters 게임,https://www.youtube.com/watch?v=Uaq5oTNf0rE,없음,4주 전
Stencil Art - Spray Masters 게임,https://www.youtube.com/watch?v=zQr0CE6iPE4,없음,4주 전
Stencil Art - Spray Masters 게임,https://www.youtube.com/watch?v=h-rlSCa6BaQ,750회,1개월 전
Stencil Art - Spray Masters 게임,https://www.youtube.com/watch?v=2cwDfQ4_mxI,5회,1개월 전
Stencil Art - Spray Masters 게임,https://www.youtube.com/watch?v=WwboWSTQAlc,12회,1개월 전
Stencil Art - Spray Masters 게임,https://www.youtube.com/watch?v=7srsiiSBt1s,34회,1개월 전
Stencil Art - Spray Masters 게임,https://www.youtube.com/watch?v=gXroHo92wHI,132회,1개월 전
Stencil Art - Spray Masters 게임,https://www.youtube.com/watch?v=gM0kpjnDjUI,708회,1개월 전
