﻿search,youtube_url,viewer,upload
엑소스 히어로즈 게임,https://www.youtube.com/watch?v=Vv4KcMvRTf0,3회,2시간 전
엑소스 히어로즈 게임,https://www.youtube.com/watch?v=dEYW-0VxMcg,301회,5시간 전
엑소스 히어로즈 게임,https://www.youtube.com/watch?v=9Q_Kui7U3xQ,1.5천회,6시간 전
엑소스 히어로즈 게임,https://www.youtube.com/watch?v=9vK3jOUTX2Q,235회,스트리밍 시간: 17시간 전
엑소스 히어로즈 게임,https://www.youtube.com/watch?v=UeD0_woy-R8,없음,17시간 전
엑소스 히어로즈 게임,https://www.youtube.com/watch?v=e0W74i6tkpg,431회,스트리밍 시간: 20시간 전
엑소스 히어로즈 게임,https://www.youtube.com/watch?v=6tpMGXPxTY0,158회,스트리밍 시간: 21시간 전
엑소스 히어로즈 게임,https://www.youtube.com/watch?v=l-2rsarNjU0,4회,22시간 전
엑소스 히어로즈 게임,https://www.youtube.com/watch?v=So4wi8F63Qk,78회,22시간 전
엑소스 히어로즈 게임,https://www.youtube.com/watch?v=WOYyfXSyYJU,8회,23시간 전
엑소스 히어로즈 게임,https://www.youtube.com/watch?v=KweAbKK5pzs,355회,1일 전
엑소스 히어로즈 게임,https://www.youtube.com/watch?v=TLSaIzaN5yI,10회,1일 전
엑소스 히어로즈 게임,https://www.youtube.com/watch?v=-_mu99Ge6po,3회,스트리밍 시간: 1일 전
엑소스 히어로즈 게임,https://www.youtube.com/watch?v=PWLVdSVUqUI,5.5천회,1일 전
엑소스 히어로즈 게임,https://www.youtube.com/watch?v=CUlUgGEbtvQ,760회,스트리밍 시간: 1일 전
엑소스 히어로즈 게임,https://www.youtube.com/watch?v=cLk1NiHFP24,3.3천회,1일 전
엑소스 히어로즈 게임,https://www.youtube.com/watch?v=CjwJh-m02Jc,1.1천회,1일 전
엑소스 히어로즈 게임,https://www.youtube.com/watch?v=iggDnMl8toY,88회,스트리밍 시간: 1일 전
엑소스 히어로즈 게임,https://www.youtube.com/watch?v=7PwF8d85U_Q,168회,스트리밍 시간: 1일 전
엑소스 히어로즈 게임,https://www.youtube.com/watch?v=ivkl6ofyaZ8,3회,1일 전
엑소스 히어로즈 게임,https://www.youtube.com/watch?v=omg8uQOtf4A,3회,1일 전
엑소스 히어로즈 게임,https://www.youtube.com/watch?v=pEZmfDcJxDA,3회,1일 전
엑소스 히어로즈 게임,https://www.youtube.com/watch?v=uap5y_QEGCw,1회,1일 전
엑소스 히어로즈 게임,https://www.youtube.com/watch?v=OatpUSAC90E,5회,1일 전
엑소스 히어로즈 게임,https://www.youtube.com/watch?v=wTCKyyizOj4,5회,1일 전
엑소스 히어로즈 게임,https://www.youtube.com/watch?v=G-q8QEXpGAI,6회,스트리밍 시간: 1일 전
엑소스 히어로즈 게임,https://www.youtube.com/watch?v=DQrzq8W99QA,251회,1일 전
엑소스 히어로즈 게임,https://www.youtube.com/watch?v=P4eRGKp8kRM,없음,2일 전
엑소스 히어로즈 게임,https://www.youtube.com/watch?v=pYmeLTwJO7o,244회,스트리밍 시간: 2일 전
엑소스 히어로즈 게임,https://www.youtube.com/watch?v=gqQJYsBHE10,3회,2일 전
엑소스 히어로즈 게임,https://www.youtube.com/watch?v=GYNfMRezf10,5회,스트리밍 시간: 2일 전
엑소스 히어로즈 게임,https://www.youtube.com/watch?v=u_yY6lvreas,78회,2일 전
엑소스 히어로즈 게임,https://www.youtube.com/watch?v=549EBvWpIwg,707회,스트리밍 시간: 2일 전
엑소스 히어로즈 게임,https://www.youtube.com/watch?v=gP_sbKZ4Q7Q,2회,2일 전
엑소스 히어로즈 게임,https://www.youtube.com/watch?v=kf0AorWtkus,없음,2일 전
엑소스 히어로즈 게임,https://www.youtube.com/watch?v=44H3v0zPRrw,2회,2일 전
엑소스 히어로즈 게임,https://www.youtube.com/watch?v=ZgRa7aDIRw8,없음,2일 전
엑소스 히어로즈 게임,https://www.youtube.com/watch?v=_yoJRMygDJA,없음,2일 전
엑소스 히어로즈 게임,https://www.youtube.com/watch?v=GYGrgrnOz38,169회,스트리밍 시간: 2일 전
엑소스 히어로즈 게임,https://www.youtube.com/watch?v=uudG7jdYEpU,1.5천회,2일 전
엑소스 히어로즈 게임,https://www.youtube.com/watch?v=m7BvTH-4jdo,280회,2일 전
엑소스 히어로즈 게임,https://www.youtube.com/watch?v=kFBZgJAhvBw,444회,2일 전
엑소스 히어로즈 게임,https://www.youtube.com/watch?v=GtRA-5bt2Yw,563회,스트리밍 시간: 2일 전
엑소스 히어로즈 게임,https://www.youtube.com/watch?v=bvuSTv5ExbQ,66회,스트리밍 시간: 3일 전
엑소스 히어로즈 게임,https://www.youtube.com/watch?v=2ECtEBXetTE,20회,3일 전
엑소스 히어로즈 게임,https://www.youtube.com/watch?v=U3LDtE9FPFI,4회,3일 전
엑소스 히어로즈 게임,https://www.youtube.com/watch?v=sfCUt-YVnBw,1회,3일 전
엑소스 히어로즈 게임,https://www.youtube.com/watch?v=K2DGDzhM62M,1.1천회,3일 전
엑소스 히어로즈 게임,https://www.youtube.com/watch?v=Yai8ee4z5es,5.1천회,3일 전
엑소스 히어로즈 게임,https://www.youtube.com/watch?v=LNxxrNvlHow,241회,3일 전
엑소스 히어로즈 게임,https://www.youtube.com/watch?v=M80SJ3OUr1o,1.6천회,3일 전
엑소스 히어로즈 게임,https://www.youtube.com/watch?v=imoLPSh9JCs,1.3천회,3일 전
엑소스 히어로즈 게임,https://www.youtube.com/watch?v=SFMcDXbuYyY,597회,스트리밍 시간: 3일 전
엑소스 히어로즈 게임,https://www.youtube.com/watch?v=o_lrY7h0A6c,19회,스트리밍 시간: 4일 전
엑소스 히어로즈 게임,https://www.youtube.com/watch?v=cONxLI6zxi0,490회,3일 전
엑소스 히어로즈 게임,https://www.youtube.com/watch?v=64wJB8mQID0,80회,스트리밍 시간: 4일 전
엑소스 히어로즈 게임,https://www.youtube.com/watch?v=XZLLTrtP9UI,10회,3일 전
엑소스 히어로즈 게임,https://www.youtube.com/watch?v=ogeLSngPdWk,133회,3일 전
엑소스 히어로즈 게임,https://www.youtube.com/watch?v=7wka6xVi574,3회,3일 전
엑소스 히어로즈 게임,https://www.youtube.com/watch?v=tm5ImFCbHU8,8회,4일 전
엑소스 히어로즈 게임,https://www.youtube.com/watch?v=KRDtYaUxyL0,5.9천회,4일 전
엑소스 히어로즈 게임,https://www.youtube.com/watch?v=4yD1CePLmWU,2회,4일 전
엑소스 히어로즈 게임,https://www.youtube.com/watch?v=nipCPyZfYns,544회,4일 전
엑소스 히어로즈 게임,https://www.youtube.com/watch?v=pyXr4fFglXg,16회,스트리밍 시간: 4일 전
엑소스 히어로즈 게임,https://www.youtube.com/watch?v=KF7I_hBi3lI,1회,4일 전
엑소스 히어로즈 게임,https://www.youtube.com/watch?v=wqs2XSAlS4g,8회,4일 전
엑소스 히어로즈 게임,https://www.youtube.com/watch?v=tt1OWTVY8fY,3회,4일 전
엑소스 히어로즈 게임,https://www.youtube.com/watch?v=GKicbRo_zPM,363회,스트리밍 시간: 4일 전
엑소스 히어로즈 게임,https://www.youtube.com/watch?v=QqTt6VnyUYE,없음,4일 전
엑소스 히어로즈 게임,https://www.youtube.com/watch?v=p-eZD2--Am8,399회,스트리밍 시간: 4일 전
엑소스 히어로즈 게임,https://www.youtube.com/watch?v=5cC7uRrNpgw,3.4천회,4일 전
엑소스 히어로즈 게임,https://www.youtube.com/watch?v=RnaeSn2fWos,1.8천회,4일 전
엑소스 히어로즈 게임,https://www.youtube.com/watch?v=sBUpl_wgJFA,1.1천회,스트리밍 시간: 5일 전
엑소스 히어로즈 게임,https://www.youtube.com/watch?v=_fP_3bEfXz4,304회,5일 전
엑소스 히어로즈 게임,https://www.youtube.com/watch?v=UKH3k1CQfqQ,1만회,5일 전
엑소스 히어로즈 게임,https://www.youtube.com/watch?v=yGhjJ4fi13c,1.5천회,5일 전
엑소스 히어로즈 게임,https://www.youtube.com/watch?v=PEX_cLAbxY0,2.7천회,5일 전
엑소스 히어로즈 게임,https://www.youtube.com/watch?v=H928rU3bKPo,2.3천회,5일 전
엑소스 히어로즈 게임,https://www.youtube.com/watch?v=EXJIbZlEWeM,3천회,스트리밍 시간: 5일 전
엑소스 히어로즈 게임,https://www.youtube.com/watch?v=3YWYYCbZG08,1회,5일 전
엑소스 히어로즈 게임,https://www.youtube.com/watch?v=2N3krmwAEDE,6.2천회,5일 전
엑소스 히어로즈 게임,https://www.youtube.com/watch?v=pM9m6A2QiM0,493회,5일 전
엑소스 히어로즈 게임,https://www.youtube.com/watch?v=6dd9LXOu97Y,33회,5일 전
엑소스 히어로즈 게임,https://www.youtube.com/watch?v=98y-nDHjgkQ,147회,스트리밍 시간: 5일 전
엑소스 히어로즈 게임,https://www.youtube.com/watch?v=Lhk--dVk23w,1.3천회,5일 전
엑소스 히어로즈 게임,https://www.youtube.com/watch?v=nSocsCg6z_U,511회,스트리밍 시간: 6일 전
엑소스 히어로즈 게임,https://www.youtube.com/watch?v=nmvoUWeIOIA,10회,스트리밍 시간: 6일 전
엑소스 히어로즈 게임,https://www.youtube.com/watch?v=UjB5AvEJWGs,319회,스트리밍 시간: 6일 전
엑소스 히어로즈 게임,https://www.youtube.com/watch?v=1yBUbrIzdiU,349회,스트리밍 시간: 6일 전
엑소스 히어로즈 게임,https://www.youtube.com/watch?v=8FOLggwX3js,2천회,스트리밍 시간: 6일 전
엑소스 히어로즈 게임,https://www.youtube.com/watch?v=I4pHnNHl_tM,2.5천회,6일 전
엑소스 히어로즈 게임,https://www.youtube.com/watch?v=Pot8D30MUIg,307회,6일 전
엑소스 히어로즈 게임,https://www.youtube.com/watch?v=txu1Vu_ClPA,489회,스트리밍 시간: 6일 전
엑소스 히어로즈 게임,https://www.youtube.com/watch?v=XGx4_yzK-M0,16회,스트리밍 시간: 6일 전
엑소스 히어로즈 게임,https://www.youtube.com/watch?v=NCEcLdDuzyU,3.7천회,6일 전
엑소스 히어로즈 게임,https://www.youtube.com/watch?v=JVuCx93B2uc,1.2천회,6일 전
엑소스 히어로즈 게임,https://www.youtube.com/watch?v=et8jVzN1_X8,3.5천회,1주 전
엑소스 히어로즈 게임,https://www.youtube.com/watch?v=NyNQIVWZGUY,355회,1주 전
엑소스 히어로즈 게임,https://www.youtube.com/watch?v=9aoEnXCCE28,775회,스트리밍 시간: 1주 전
엑소스 히어로즈 게임,https://www.youtube.com/watch?v=nG1kNfiG8wk,202회,1주 전
엑소스 히어로즈 게임,https://www.youtube.com/watch?v=M_phZRNIgSs,116회,스트리밍 시간: 1주 전
엑소스 히어로즈 게임,https://www.youtube.com/watch?v=5Q4toheGKSs,193회,스트리밍 시간: 1주 전
엑소스 히어로즈 게임,https://www.youtube.com/watch?v=ISbcf2g6jsg,647회,1주 전
엑소스 히어로즈 게임,https://www.youtube.com/watch?v=6xwreaSnc5c,193회,1주 전
엑소스 히어로즈 게임,https://www.youtube.com/watch?v=GautBaAHJFM,3.2천회,1주 전
엑소스 히어로즈 게임,https://www.youtube.com/watch?v=GClRNSL12qY,422회,스트리밍 시간: 1주 전
엑소스 히어로즈 게임,https://www.youtube.com/watch?v=EpTKJeVRSx0,413회,스트리밍 시간: 1주 전
엑소스 히어로즈 게임,https://www.youtube.com/watch?v=nRwYZJlFJ48,5.1천회,1주 전
엑소스 히어로즈 게임,https://www.youtube.com/watch?v=lKtnxenpbdg,592회,스트리밍 시간: 1주 전
엑소스 히어로즈 게임,https://www.youtube.com/watch?v=MXlTbSC9tEg,8천회,1주 전
엑소스 히어로즈 게임,https://www.youtube.com/watch?v=CiR6t96qiAs,889회,1주 전
엑소스 히어로즈 게임,https://www.youtube.com/watch?v=qQ8YhyIHnbg,198회,스트리밍 시간: 1주 전
엑소스 히어로즈 게임,https://www.youtube.com/watch?v=1B45kDS8Lw0,2천회,1주 전
엑소스 히어로즈 게임,https://www.youtube.com/watch?v=wFs4isW4VtY,469회,1주 전
엑소스 히어로즈 게임,https://www.youtube.com/watch?v=o1FOw1Yr5_Y,268회,스트리밍 시간: 1주 전
엑소스 히어로즈 게임,https://www.youtube.com/watch?v=rU41lXGqbVc,1천회,1주 전
엑소스 히어로즈 게임,https://www.youtube.com/watch?v=8DrFgNA7M04,4회,1주 전
엑소스 히어로즈 게임,https://www.youtube.com/watch?v=dtrNP-IVRY0,34회,스트리밍 시간: 1주 전
엑소스 히어로즈 게임,https://www.youtube.com/watch?v=tm2FpDXrXTc,없음,1주 전
엑소스 히어로즈 게임,https://www.youtube.com/watch?v=7DU50GPVwV0,487회,스트리밍 시간: 1주 전
엑소스 히어로즈 게임,https://www.youtube.com/watch?v=KiPqrSpJPYg,242회,스트리밍 시간: 1주 전
엑소스 히어로즈 게임,https://www.youtube.com/watch?v=RUTxPQy9AG4,1.6천회,스트리밍 시간: 1주 전
엑소스 히어로즈 게임,https://www.youtube.com/watch?v=nGNfGrigMzU,346회,스트리밍 시간: 1주 전
엑소스 히어로즈 게임,https://www.youtube.com/watch?v=5I04jTOnbnw,91회,1주 전
엑소스 히어로즈 게임,https://www.youtube.com/watch?v=U3lIo0pmbiY,1.8천회,스트리밍 시간: 1주 전
엑소스 히어로즈 게임,https://www.youtube.com/watch?v=ZVgfxknjf9c,7회,1주 전
엑소스 히어로즈 게임,https://www.youtube.com/watch?v=T1ZwTR-opSk,25회,1주 전
엑소스 히어로즈 게임,https://www.youtube.com/watch?v=vtIgfhK-V5c,1회,1주 전
엑소스 히어로즈 게임,https://www.youtube.com/watch?v=iQi52Y_GfmQ,2.6천회,1주 전
엑소스 히어로즈 게임,https://www.youtube.com/watch?v=nwXd9TfKHPs,1.9천회,1주 전
엑소스 히어로즈 게임,https://www.youtube.com/watch?v=OXOScXUJ6yM,174회,1주 전
엑소스 히어로즈 게임,https://www.youtube.com/watch?v=X3MOt-uI8HM,59회,1주 전
엑소스 히어로즈 게임,https://www.youtube.com/watch?v=CxtQQoQucpo,26회,스트리밍 시간: 1주 전
엑소스 히어로즈 게임,https://www.youtube.com/watch?v=xw3AVScSmpE,1.1천회,스트리밍 시간: 1주 전
엑소스 히어로즈 게임,https://www.youtube.com/watch?v=n49yGAAGjXE,4.1천회,1주 전
엑소스 히어로즈 게임,https://www.youtube.com/watch?v=qUTXXK3zLc8,271회,스트리밍 시간: 1주 전
엑소스 히어로즈 게임,https://www.youtube.com/watch?v=4aoTZefuCok,3.9천회,1주 전
엑소스 히어로즈 게임,https://www.youtube.com/watch?v=q9dosAnPLEE,504회,스트리밍 시간: 1주 전
엑소스 히어로즈 게임,https://www.youtube.com/watch?v=r1rtTrhBvAs,1.3만회,1주 전
엑소스 히어로즈 게임,https://www.youtube.com/watch?v=A6ENfWWVZ9g,1.2천회,스트리밍 시간: 1주 전
엑소스 히어로즈 게임,https://www.youtube.com/watch?v=OqvBxiwSPHQ,13회,스트리밍 시간: 1주 전
엑소스 히어로즈 게임,https://www.youtube.com/watch?v=U210yVdXeH8,5천회,1주 전
엑소스 히어로즈 게임,https://www.youtube.com/watch?v=gqEYYND3p10,4회,1주 전
엑소스 히어로즈 게임,https://www.youtube.com/watch?v=k8yD7X4GjaA,2회,1주 전
엑소스 히어로즈 게임,https://www.youtube.com/watch?v=tpmkHstQ6vo,941회,1주 전
엑소스 히어로즈 게임,https://www.youtube.com/watch?v=UDAjw-jtKTk,36회,1주 전
엑소스 히어로즈 게임,https://www.youtube.com/watch?v=Yk74DJJ02gU,1.3천회,스트리밍 시간: 1주 전
엑소스 히어로즈 게임,https://www.youtube.com/watch?v=rvcpbwxdeLE,946회,스트리밍 시간: 1주 전
엑소스 히어로즈 게임,https://www.youtube.com/watch?v=FSyM8yyaX0c,317회,스트리밍 시간: 1주 전
엑소스 히어로즈 게임,https://www.youtube.com/watch?v=2h6i8QC7ILw,1.1만회,1주 전
엑소스 히어로즈 게임,https://www.youtube.com/watch?v=JhDLHtBuiIU,6.1천회,1주 전
엑소스 히어로즈 게임,https://www.youtube.com/watch?v=hxU6h8a1iYY,1.6천회,1주 전
엑소스 히어로즈 게임,https://www.youtube.com/watch?v=aQWHWfer3zc,2.7천회,스트리밍 시간: 1주 전
엑소스 히어로즈 게임,https://www.youtube.com/watch?v=D18bTd8u8uA,1.2천회,스트리밍 시간: 1주 전
엑소스 히어로즈 게임,https://www.youtube.com/watch?v=vXeIAZGQcVw,1회,스트리밍 시간: 1주 전
엑소스 히어로즈 게임,https://www.youtube.com/watch?v=Wyqut-wz_4Q,7회,스트리밍 시간: 1주 전
엑소스 히어로즈 게임,https://www.youtube.com/watch?v=lfiDIpejZbk,36회,1주 전
엑소스 히어로즈 게임,https://www.youtube.com/watch?v=j0huC9ACmbI,47회,스트리밍 시간: 1주 전
엑소스 히어로즈 게임,https://www.youtube.com/watch?v=4aLkz2WWggQ,116회,스트리밍 시간: 1주 전
엑소스 히어로즈 게임,https://www.youtube.com/watch?v=jzWrjhexBDw,1.9천회,스트리밍 시간: 1주 전
엑소스 히어로즈 게임,https://www.youtube.com/watch?v=FDx4iKql32o,434회,스트리밍 시간: 1주 전
엑소스 히어로즈 게임,https://www.youtube.com/watch?v=0bYTWZ5GSic,19회,1주 전
엑소스 히어로즈 게임,https://www.youtube.com/watch?v=F3laexASLZo,1.1천회,스트리밍 시간: 1주 전
엑소스 히어로즈 게임,https://www.youtube.com/watch?v=507rdG8Ykh8,44회,스트리밍 시간: 1주 전
엑소스 히어로즈 게임,https://www.youtube.com/watch?v=AZAnzKfnMxg,893회,스트리밍 시간: 1주 전
엑소스 히어로즈 게임,https://www.youtube.com/watch?v=YQBB4EtfV28,3회,1주 전
엑소스 히어로즈 게임,https://www.youtube.com/watch?v=RLAI8TLItTI,26회,스트리밍 시간: 1주 전
엑소스 히어로즈 게임,https://www.youtube.com/watch?v=Xr5H2epB9BQ,9.4천회,1주 전
엑소스 히어로즈 게임,https://www.youtube.com/watch?v=MsBm42Ljpxw,184회,1주 전
엑소스 히어로즈 게임,https://www.youtube.com/watch?v=RZrLHG7f2Ng,619회,1주 전
엑소스 히어로즈 게임,https://www.youtube.com/watch?v=X-PFzFhJnKE,2.2천회,1주 전
엑소스 히어로즈 게임,https://www.youtube.com/watch?v=JrGm0zrJW9Q,1.1천회,스트리밍 시간: 1주 전
엑소스 히어로즈 게임,https://www.youtube.com/watch?v=Tw8JN8Sm1HY,1.5만회,1주 전
엑소스 히어로즈 게임,https://www.youtube.com/watch?v=YXPRTtxpLLs,1.1천회,스트리밍 시간: 1주 전
엑소스 히어로즈 게임,https://www.youtube.com/watch?v=Zgzxsdl3DeI,55회,1주 전
엑소스 히어로즈 게임,https://www.youtube.com/watch?v=ehTwTT8DNxA,617회,1주 전
엑소스 히어로즈 게임,https://www.youtube.com/watch?v=j3Q9Rv0dCrI,9회,1주 전
엑소스 히어로즈 게임,https://www.youtube.com/watch?v=h5ytldbV9MA,688회,1주 전
엑소스 히어로즈 게임,https://www.youtube.com/watch?v=-ApIiNp9Ao8,987회,1주 전
엑소스 히어로즈 게임,https://www.youtube.com/watch?v=sd__F5sq4Ic,4.7천회,1주 전
엑소스 히어로즈 게임,https://www.youtube.com/watch?v=P9OSik6kLec,66회,스트리밍 시간: 1주 전
엑소스 히어로즈 게임,https://www.youtube.com/watch?v=mS5Bb2_B9Xc,55회,스트리밍 시간: 1주 전
엑소스 히어로즈 게임,https://www.youtube.com/watch?v=zCoNnYJejrQ,1.4천회,스트리밍 시간: 1주 전
엑소스 히어로즈 게임,https://www.youtube.com/watch?v=P6VdX7p-wyo,141회,스트리밍 시간: 1주 전
엑소스 히어로즈 게임,https://www.youtube.com/watch?v=xg_qUm-Y3SY,34회,스트리밍 시간: 1주 전
엑소스 히어로즈 게임,https://www.youtube.com/watch?v=XkVsQWkhELE,2.1만회,1주 전
엑소스 히어로즈 게임,https://www.youtube.com/watch?v=TvwQoICFSGU,722회,스트리밍 시간: 2주 전
엑소스 히어로즈 게임,https://www.youtube.com/watch?v=v5RxKjtIe94,1회,2주 전
엑소스 히어로즈 게임,https://www.youtube.com/watch?v=8Vxbm2x7cp4,없음,2주 전
엑소스 히어로즈 게임,https://www.youtube.com/watch?v=MNV0h050d4s,9회,2주 전
엑소스 히어로즈 게임,https://www.youtube.com/watch?v=K7gqeBLXOLk,3.2천회,2주 전
엑소스 히어로즈 게임,https://www.youtube.com/watch?v=rIl-uduUpk0,186회,2주 전
엑소스 히어로즈 게임,https://www.youtube.com/watch?v=ERyhA8EsWMg,6회,2주 전
엑소스 히어로즈 게임,https://www.youtube.com/watch?v=s-PKWr2xdyA,5.3천회,2주 전
엑소스 히어로즈 게임,https://www.youtube.com/watch?v=5XK-20Sqd-Q,20회,2주 전
엑소스 히어로즈 게임,https://www.youtube.com/watch?v=Gj8EbRAJD9M,1.6천회,스트리밍 시간: 2주 전
엑소스 히어로즈 게임,https://www.youtube.com/watch?v=igbs86IaByw,없음,2주 전
엑소스 히어로즈 게임,https://www.youtube.com/watch?v=RrumpPqhiRY,206회,스트리밍 시간: 2주 전
엑소스 히어로즈 게임,https://www.youtube.com/watch?v=dgcdp9RHU2E,2.2천회,2주 전
엑소스 히어로즈 게임,https://www.youtube.com/watch?v=65JsGMJi_Yw,1.5만회,2주 전
엑소스 히어로즈 게임,https://www.youtube.com/watch?v=l5-GYrzroGc,2회,2주 전
엑소스 히어로즈 게임,https://www.youtube.com/watch?v=RDk2kyKSD8w,없음,2주 전
엑소스 히어로즈 게임,https://www.youtube.com/watch?v=LPC0QxWQ_Xc,12회,스트리밍 시간: 2주 전
엑소스 히어로즈 게임,https://www.youtube.com/watch?v=_lf2lrB-O-w,1.7천회,2주 전
엑소스 히어로즈 게임,https://www.youtube.com/watch?v=nqJxVb3JFio,2회,2주 전
엑소스 히어로즈 게임,https://www.youtube.com/watch?v=H0a7Axn1f3Y,없음,2주 전
엑소스 히어로즈 게임,https://www.youtube.com/watch?v=sc7uNOJqRmQ,1.1만회,2주 전
엑소스 히어로즈 게임,https://www.youtube.com/watch?v=fpYXS-rYJxA,11회,2주 전
엑소스 히어로즈 게임,https://www.youtube.com/watch?v=vuhAEPggBN8,1.2천회,스트리밍 시간: 2주 전
엑소스 히어로즈 게임,https://www.youtube.com/watch?v=J-aDxqbp5ro,24회,2주 전
엑소스 히어로즈 게임,https://www.youtube.com/watch?v=d2eBUblgNdI,1회,스트리밍 시간: 2주 전
엑소스 히어로즈 게임,https://www.youtube.com/watch?v=5b1zowsuxLE,338회,스트리밍 시간: 2주 전
엑소스 히어로즈 게임,https://www.youtube.com/watch?v=Zgzy_F9PPdw,348회,스트리밍 시간: 2주 전
엑소스 히어로즈 게임,https://www.youtube.com/watch?v=bUCB0QCmcpM,822회,스트리밍 시간: 2주 전
엑소스 히어로즈 게임,https://www.youtube.com/watch?v=AOOYycePClw,32회,스트리밍 시간: 2주 전
엑소스 히어로즈 게임,https://www.youtube.com/watch?v=g3_7QO2zhWw,3회,2주 전
엑소스 히어로즈 게임,https://www.youtube.com/watch?v=gePCrHqhmJE,5회,2주 전
엑소스 히어로즈 게임,https://www.youtube.com/watch?v=tQz3tuMEx1E,1회,2주 전
엑소스 히어로즈 게임,https://www.youtube.com/watch?v=i-kyuXu34IU,1회,2주 전
엑소스 히어로즈 게임,https://www.youtube.com/watch?v=UD8kCk62j1s,87회,2주 전
엑소스 히어로즈 게임,https://www.youtube.com/watch?v=rTg8tgUsaPI,1회,2주 전
엑소스 히어로즈 게임,https://www.youtube.com/watch?v=pexs9TjGFdQ,1회,2주 전
엑소스 히어로즈 게임,https://www.youtube.com/watch?v=IbIdqbOwpVQ,없음,2주 전
엑소스 히어로즈 게임,https://www.youtube.com/watch?v=2Y_CitfoVdI,38회,2주 전
엑소스 히어로즈 게임,https://www.youtube.com/watch?v=8bYryFdlTTI,9천회,2주 전
엑소스 히어로즈 게임,https://www.youtube.com/watch?v=2z_pPW5tlf8,274회,2주 전
엑소스 히어로즈 게임,https://www.youtube.com/watch?v=j9iE06i_kRI,1.2천회,스트리밍 시간: 2주 전
엑소스 히어로즈 게임,https://www.youtube.com/watch?v=AzbjUGNF8d4,133회,스트리밍 시간: 2주 전
엑소스 히어로즈 게임,https://www.youtube.com/watch?v=fG0TU2aifzs,2.6천회,2주 전
엑소스 히어로즈 게임,https://www.youtube.com/watch?v=qW7PIPlDDFo,12회,스트리밍 시간: 2주 전
엑소스 히어로즈 게임,https://www.youtube.com/watch?v=xeneEo1Y07E,8.8천회,2주 전
엑소스 히어로즈 게임,https://www.youtube.com/watch?v=aelN2BqEN1s,2.2천회,2주 전
엑소스 히어로즈 게임,https://www.youtube.com/watch?v=bkbyKt2CjpA,36회,2주 전
엑소스 히어로즈 게임,https://www.youtube.com/watch?v=sgfG8cfpiBw,9회,2주 전
엑소스 히어로즈 게임,https://www.youtube.com/watch?v=1r-cXuAktz8,57회,2주 전
엑소스 히어로즈 게임,https://www.youtube.com/watch?v=eSbz9Gg5VMI,없음,2주 전
엑소스 히어로즈 게임,https://www.youtube.com/watch?v=JiJ01V4mDoI,3회,2주 전
엑소스 히어로즈 게임,https://www.youtube.com/watch?v=td3apBjGAB0,없음,2주 전
엑소스 히어로즈 게임,https://www.youtube.com/watch?v=jeX3GfP1mfo,없음,2주 전
엑소스 히어로즈 게임,https://www.youtube.com/watch?v=yTgQjFPEnpk,1천회,스트리밍 시간: 2주 전
엑소스 히어로즈 게임,https://www.youtube.com/watch?v=bYgO41atE54,1회,2주 전
엑소스 히어로즈 게임,https://www.youtube.com/watch?v=AA5n9smNR-U,403회,2주 전
엑소스 히어로즈 게임,https://www.youtube.com/watch?v=1oVkGtl1lnI,56회,2주 전
엑소스 히어로즈 게임,https://www.youtube.com/watch?v=H-1yNqEIvXE,2.9만회,2주 전
엑소스 히어로즈 게임,https://www.youtube.com/watch?v=loKWa6efmZs,280회,2주 전
엑소스 히어로즈 게임,https://www.youtube.com/watch?v=3ViIF-f_4Lk,56회,2주 전
엑소스 히어로즈 게임,https://www.youtube.com/watch?v=Xvfiz0HqjjY,443회,2주 전
엑소스 히어로즈 게임,https://www.youtube.com/watch?v=6GUM9HP4lHw,2만회,2주 전
엑소스 히어로즈 게임,https://www.youtube.com/watch?v=dDTTQN_qY1Q,95회,스트리밍 시간: 2주 전
엑소스 히어로즈 게임,https://www.youtube.com/watch?v=tB59Lm74Eck,2천회,2주 전
엑소스 히어로즈 게임,https://www.youtube.com/watch?v=fP2ffxe9Mmk,48회,2주 전
엑소스 히어로즈 게임,https://www.youtube.com/watch?v=ZlT9EmWaz1k,364회,2주 전
엑소스 히어로즈 게임,https://www.youtube.com/watch?v=nAC0Jzbrc90,4.2천회,2주 전
엑소스 히어로즈 게임,https://www.youtube.com/watch?v=kFRvRXGOLRU,635회,스트리밍 시간: 2주 전
엑소스 히어로즈 게임,https://www.youtube.com/watch?v=TRPuSCBk6EE,6.3만회,2주 전
엑소스 히어로즈 게임,https://www.youtube.com/watch?v=Uj2UpHnRjQE,6.2천회,2주 전
엑소스 히어로즈 게임,https://www.youtube.com/watch?v=0a5ftQkwgbA,75회,2주 전
엑소스 히어로즈 게임,https://www.youtube.com/watch?v=asN6-HX9zJs,1.7천회,2주 전
엑소스 히어로즈 게임,https://www.youtube.com/watch?v=FeF1nFcNQVQ,6회,2주 전
엑소스 히어로즈 게임,https://www.youtube.com/watch?v=2_a-kOihT7k,17회,스트리밍 시간: 2주 전
엑소스 히어로즈 게임,https://www.youtube.com/watch?v=qnMZJ6ViCsw,160회,2주 전
엑소스 히어로즈 게임,https://www.youtube.com/watch?v=RXqGjcQ4XCM,43회,2주 전
엑소스 히어로즈 게임,https://www.youtube.com/watch?v=HlaWap8uHvc,4회,2주 전
엑소스 히어로즈 게임,https://www.youtube.com/watch?v=DcJhxeGpWIQ,20회,2주 전
엑소스 히어로즈 게임,https://www.youtube.com/watch?v=bajjCM4ftAA,715회,2주 전
엑소스 히어로즈 게임,https://www.youtube.com/watch?v=I3P0aleCGfQ,266회,2주 전
엑소스 히어로즈 게임,https://www.youtube.com/watch?v=6-_gjLX_LDI,731회,2주 전
엑소스 히어로즈 게임,https://www.youtube.com/watch?v=QubnMc4--8M,2.6천회,스트리밍 시간: 2주 전
엑소스 히어로즈 게임,https://www.youtube.com/watch?v=keBxganDoh8,155회,스트리밍 시간: 2주 전
엑소스 히어로즈 게임,https://www.youtube.com/watch?v=3Cg9FLfFRB8,1.2천회,스트리밍 시간: 2주 전
엑소스 히어로즈 게임,https://www.youtube.com/watch?v=Orr4SFZzHF8,4회,스트리밍 시간: 2주 전
엑소스 히어로즈 게임,https://www.youtube.com/watch?v=KR6p_5SSEEQ,1회,2주 전
엑소스 히어로즈 게임,https://www.youtube.com/watch?v=sYfw2vhrQxA,1.2천회,스트리밍 시간: 2주 전
엑소스 히어로즈 게임,https://www.youtube.com/watch?v=PmrcpWYVOcU,1.2만회,2주 전
엑소스 히어로즈 게임,https://www.youtube.com/watch?v=ueSR7La5Blg,31회,2주 전
엑소스 히어로즈 게임,https://www.youtube.com/watch?v=fiIbIxvo7pE,3회,2주 전
엑소스 히어로즈 게임,https://www.youtube.com/watch?v=VAd7md60ShY,1.3만회,2주 전
엑소스 히어로즈 게임,https://www.youtube.com/watch?v=oraq02Lb8oc,1.8만회,2주 전
엑소스 히어로즈 게임,https://www.youtube.com/watch?v=ZZaNYOxvX4s,없음,2주 전
엑소스 히어로즈 게임,https://www.youtube.com/watch?v=6vtf1_o5-IA,2.2천회,스트리밍 시간: 2주 전
엑소스 히어로즈 게임,https://www.youtube.com/watch?v=C7k_LVlMGuY,10회,2주 전
엑소스 히어로즈 게임,https://www.youtube.com/watch?v=lD9AbdM1fAE,2회,2주 전
엑소스 히어로즈 게임,https://www.youtube.com/watch?v=M8irHlQpKPU,15회,스트리밍 시간: 2주 전
엑소스 히어로즈 게임,https://www.youtube.com/watch?v=rwuvUPRttfw,1회,2주 전
엑소스 히어로즈 게임,https://www.youtube.com/watch?v=gdmsu1As0lc,11회,2주 전
엑소스 히어로즈 게임,https://www.youtube.com/watch?v=s0znkq1ejIw,38회,2주 전
엑소스 히어로즈 게임,https://www.youtube.com/watch?v=f4t0nhRkGtE,110회,스트리밍 시간: 2주 전
엑소스 히어로즈 게임,https://www.youtube.com/watch?v=nKZIYGxFRC8,2.3천회,스트리밍 시간: 2주 전
엑소스 히어로즈 게임,https://www.youtube.com/watch?v=piSXFMGDIPY,18회,2주 전
엑소스 히어로즈 게임,https://www.youtube.com/watch?v=D6bSZhVLcP4,1.6천회,스트리밍 시간: 2주 전
엑소스 히어로즈 게임,https://www.youtube.com/watch?v=_NbYImBi40k,1.4천회,2주 전
엑소스 히어로즈 게임,https://www.youtube.com/watch?v=4vwgZhmVNsQ,155회,스트리밍 시간: 2주 전
엑소스 히어로즈 게임,https://www.youtube.com/watch?v=mNef1Gj0UJM,2회,2주 전
엑소스 히어로즈 게임,https://www.youtube.com/watch?v=2SmNUt0cJNg,16회,스트리밍 시간: 2주 전
엑소스 히어로즈 게임,https://www.youtube.com/watch?v=V81K6hzmCAA,422회,2주 전
엑소스 히어로즈 게임,https://www.youtube.com/watch?v=hTHj5QDgt3Y,1.1천회,스트리밍 시간: 2주 전
엑소스 히어로즈 게임,https://www.youtube.com/watch?v=XJUPGe0v-WY,174회,스트리밍 시간: 2주 전
엑소스 히어로즈 게임,https://www.youtube.com/watch?v=RpfYcxrP7z4,119회,스트리밍 시간: 2주 전
엑소스 히어로즈 게임,https://www.youtube.com/watch?v=wt4VamFZJA8,없음,2주 전
엑소스 히어로즈 게임,https://www.youtube.com/watch?v=Zogu8dBHe0s,21회,2주 전
엑소스 히어로즈 게임,https://www.youtube.com/watch?v=NG_5smnOB_c,2천회,스트리밍 시간: 2주 전
엑소스 히어로즈 게임,https://www.youtube.com/watch?v=BDCj0hqohkE,3회,2주 전
엑소스 히어로즈 게임,https://www.youtube.com/watch?v=fvin7TUyvGI,596회,2주 전
엑소스 히어로즈 게임,https://www.youtube.com/watch?v=qDlFVfveWTg,1.9천회,스트리밍 시간: 2주 전
엑소스 히어로즈 게임,https://www.youtube.com/watch?v=oBDyVuCiyb0,3.8천회,스트리밍 시간: 3주 전
엑소스 히어로즈 게임,https://www.youtube.com/watch?v=HhESDbqsAf8,1.4만회,2주 전
엑소스 히어로즈 게임,https://www.youtube.com/watch?v=raBchelvWhI,37회,스트리밍 시간: 2주 전
엑소스 히어로즈 게임,https://www.youtube.com/watch?v=aLncDH-7UZ4,2.7천회,2주 전
엑소스 히어로즈 게임,https://www.youtube.com/watch?v=0FGBjYgLXRc,1.7천회,2주 전
엑소스 히어로즈 게임,https://www.youtube.com/watch?v=YVg_7ROLak8,3회,스트리밍 시간: 2주 전
엑소스 히어로즈 게임,https://www.youtube.com/watch?v=yX5_Wu1oUFg,220회,2주 전
엑소스 히어로즈 게임,https://www.youtube.com/watch?v=qRSKlDQD2cg,912회,스트리밍 시간: 2주 전
엑소스 히어로즈 게임,https://www.youtube.com/watch?v=YqBifeWlu9o,867회,스트리밍 시간: 2주 전
엑소스 히어로즈 게임,https://www.youtube.com/watch?v=oRRrJOLJQ9s,1.2천회,2주 전
엑소스 히어로즈 게임,https://www.youtube.com/watch?v=TMeFXL9EEU8,37회,스트리밍 시간: 2주 전
엑소스 히어로즈 게임,https://www.youtube.com/watch?v=RpDgXFDrkvw,31회,2주 전
엑소스 히어로즈 게임,https://www.youtube.com/watch?v=_bL_j0HRzs4,74회,2주 전
엑소스 히어로즈 게임,https://www.youtube.com/watch?v=bYzUc5SxYpY,4.8천회,2주 전
엑소스 히어로즈 게임,https://www.youtube.com/watch?v=-fbwFA7iyZg,33회,2주 전
엑소스 히어로즈 게임,https://www.youtube.com/watch?v=FcFhg1bZEno,없음,2주 전
엑소스 히어로즈 게임,https://www.youtube.com/watch?v=A8kjg2sk_3Y,6회,2주 전
엑소스 히어로즈 게임,https://www.youtube.com/watch?v=GFEIriBr07E,29회,2주 전
엑소스 히어로즈 게임,https://www.youtube.com/watch?v=vtNwvVVgxZc,2.4천회,스트리밍 시간: 2주 전
엑소스 히어로즈 게임,https://www.youtube.com/watch?v=VaeTQ71b2dY,5.2천회,2주 전
엑소스 히어로즈 게임,https://www.youtube.com/watch?v=5mFfjq3VXFk,830회,스트리밍 시간: 2주 전
엑소스 히어로즈 게임,https://www.youtube.com/watch?v=nGGxmX5MeVw,1.8천회,2주 전
엑소스 히어로즈 게임,https://www.youtube.com/watch?v=Azg7jyC82rg,20회,스트리밍 시간: 2주 전
엑소스 히어로즈 게임,https://www.youtube.com/watch?v=HI-dKnE5lsY,44회,2주 전
엑소스 히어로즈 게임,https://www.youtube.com/watch?v=9-KxR09WETo,5.2천회,스트리밍 시간: 2주 전
엑소스 히어로즈 게임,https://www.youtube.com/watch?v=MTf8fvG9lso,263회,2주 전
엑소스 히어로즈 게임,https://www.youtube.com/watch?v=JXJqX5Ve_Jw,281회,스트리밍 시간: 2주 전
엑소스 히어로즈 게임,https://www.youtube.com/watch?v=2LencL2EXjQ,2.2만회,2주 전
엑소스 히어로즈 게임,https://www.youtube.com/watch?v=UycaXGMKFN4,1.8천회,스트리밍 시간: 2주 전
엑소스 히어로즈 게임,https://www.youtube.com/watch?v=C-WiZ8OcaHk,2.1천회,2주 전
엑소스 히어로즈 게임,https://www.youtube.com/watch?v=hzDMX3eR8Z8,2회,2주 전
엑소스 히어로즈 게임,https://www.youtube.com/watch?v=bTpwnQMp6IU,없음,2주 전
엑소스 히어로즈 게임,https://www.youtube.com/watch?v=94myuSv73aw,6회,2주 전
엑소스 히어로즈 게임,https://www.youtube.com/watch?v=15grL4KeLy4,2.8천회,2주 전
엑소스 히어로즈 게임,https://www.youtube.com/watch?v=iYTxr1E8248,149회,3주 전
엑소스 히어로즈 게임,https://www.youtube.com/watch?v=HePgjcedqVY,102회,3주 전
엑소스 히어로즈 게임,https://www.youtube.com/watch?v=sMlVqqY-KgY,3.4천회,3주 전
엑소스 히어로즈 게임,https://www.youtube.com/watch?v=OuLKH6TYdSk,2회,3주 전
엑소스 히어로즈 게임,https://www.youtube.com/watch?v=jd2lMKJKZrE,40회,3주 전
엑소스 히어로즈 게임,https://www.youtube.com/watch?v=GuHFwHauOS8,4.6천회,3주 전
엑소스 히어로즈 게임,https://www.youtube.com/watch?v=GbjHyWvoN04,32회,3주 전
엑소스 히어로즈 게임,https://www.youtube.com/watch?v=t21JEYLV89w,7회,3주 전
엑소스 히어로즈 게임,https://www.youtube.com/watch?v=ERcKt-WsMSM,2.3만회,3주 전
엑소스 히어로즈 게임,https://www.youtube.com/watch?v=uDUpCDVaPzw,295회,3주 전
엑소스 히어로즈 게임,https://www.youtube.com/watch?v=QOO6fszGpUc,2회,3주 전
엑소스 히어로즈 게임,https://www.youtube.com/watch?v=QEPNA2WnBhc,25회,3주 전
엑소스 히어로즈 게임,https://www.youtube.com/watch?v=c5-Lo3gcSR0,185회,3주 전
엑소스 히어로즈 게임,https://www.youtube.com/watch?v=9EBVBTItDYM,4.7천회,3주 전
엑소스 히어로즈 게임,https://www.youtube.com/watch?v=_KUraNcRVaM,3만회,3주 전
엑소스 히어로즈 게임,https://www.youtube.com/watch?v=ciK9lkiivko,15회,3주 전
엑소스 히어로즈 게임,https://www.youtube.com/watch?v=a8h52_GUGvc,30회,3주 전
엑소스 히어로즈 게임,https://www.youtube.com/watch?v=c5LxCI0ThYw,37회,3주 전
엑소스 히어로즈 게임,https://www.youtube.com/watch?v=ZcTQx_yHVtc,32회,3주 전
엑소스 히어로즈 게임,https://www.youtube.com/watch?v=JmIrSela2ds,36회,3주 전
엑소스 히어로즈 게임,https://www.youtube.com/watch?v=L8av0aP5fbo,1.5천회,스트리밍 시간: 3주 전
엑소스 히어로즈 게임,https://www.youtube.com/watch?v=TgA9AyG7cOw,1만회,3주 전
엑소스 히어로즈 게임,https://www.youtube.com/watch?v=fSDRi7tLXbY,없음,3주 전
엑소스 히어로즈 게임,https://www.youtube.com/watch?v=ElLjjKeEN0M,9회,3주 전
엑소스 히어로즈 게임,https://www.youtube.com/watch?v=1uQT-I58vFY,2.8천회,스트리밍 시간: 3주 전
엑소스 히어로즈 게임,https://www.youtube.com/watch?v=StkaDhJk5nE,없음,3주 전
엑소스 히어로즈 게임,https://www.youtube.com/watch?v=T4qSzyxElgg,9.9천회,스트리밍 시간: 3주 전
엑소스 히어로즈 게임,https://www.youtube.com/watch?v=QJunOo6e4mc,5회,스트리밍 시간: 3주 전
엑소스 히어로즈 게임,https://www.youtube.com/watch?v=lrD09jvb_Rc,17회,3주 전
엑소스 히어로즈 게임,https://www.youtube.com/watch?v=kyBGWBtEmHU,873회,3주 전
엑소스 히어로즈 게임,https://www.youtube.com/watch?v=i2QPFpYils0,47회,스트리밍 시간: 3주 전
엑소스 히어로즈 게임,https://www.youtube.com/watch?v=O51npkqerlM,11회,스트리밍 시간: 3주 전
엑소스 히어로즈 게임,https://www.youtube.com/watch?v=jViFtgpEecI,2.9만회,3주 전
엑소스 히어로즈 게임,https://www.youtube.com/watch?v=vO3nu1uZT3w,543회,3주 전
엑소스 히어로즈 게임,https://www.youtube.com/watch?v=FB5Shm-5CRg,1회,3주 전
엑소스 히어로즈 게임,https://www.youtube.com/watch?v=LnyVm-rQaIM,8천회,3주 전
엑소스 히어로즈 게임,https://www.youtube.com/watch?v=6DXVZrQnrBU,2.2천회,스트리밍 시간: 3주 전
엑소스 히어로즈 게임,https://www.youtube.com/watch?v=2Rj9khEz7jc,137회,3주 전
엑소스 히어로즈 게임,https://www.youtube.com/watch?v=mWUTkbMpBkc,11회,3주 전
엑소스 히어로즈 게임,https://www.youtube.com/watch?v=krAsr5CKEL8,1회,3주 전
엑소스 히어로즈 게임,https://www.youtube.com/watch?v=ggmoQnKQWyo,212회,3주 전
엑소스 히어로즈 게임,https://www.youtube.com/watch?v=Pkgnvz9Nt7E,2.1천회,3주 전
엑소스 히어로즈 게임,https://www.youtube.com/watch?v=3RUD8iPfHfE,7회,3주 전
엑소스 히어로즈 게임,https://www.youtube.com/watch?v=3sILZ3gghr4,32회,3주 전
엑소스 히어로즈 게임,https://www.youtube.com/watch?v=f4pqD1MROMU,15회,3주 전
엑소스 히어로즈 게임,https://www.youtube.com/watch?v=9LWiqVrqofo,없음,3주 전
엑소스 히어로즈 게임,https://www.youtube.com/watch?v=rs69gj-XZtQ,8회,3주 전
엑소스 히어로즈 게임,https://www.youtube.com/watch?v=SG14Pa2c0nw,13회,스트리밍 시간: 3주 전
엑소스 히어로즈 게임,https://www.youtube.com/watch?v=ikzwHqegggY,21회,3주 전
엑소스 히어로즈 게임,https://www.youtube.com/watch?v=tk7G5IRCJk8,없음,3주 전
엑소스 히어로즈 게임,https://www.youtube.com/watch?v=5Spuqi03JaA,38회,스트리밍 시간: 3주 전
엑소스 히어로즈 게임,https://www.youtube.com/watch?v=0kW1kOM-ssc,2.1만회,3주 전
엑소스 히어로즈 게임,https://www.youtube.com/watch?v=vA8-rtPXKvI,14회,3주 전
엑소스 히어로즈 게임,https://www.youtube.com/watch?v=RPJ1LAtd7M4,9회,3주 전
엑소스 히어로즈 게임,https://www.youtube.com/watch?v=7TWlGQKc0Lk,9회,3주 전
엑소스 히어로즈 게임,https://www.youtube.com/watch?v=gm6BNOVCZt4,7.2천회,3주 전
엑소스 히어로즈 게임,https://www.youtube.com/watch?v=Gw8YBl-Tx08,290회,3주 전
엑소스 히어로즈 게임,https://www.youtube.com/watch?v=9GoNqLn66k4,1.8천회,스트리밍 시간: 3주 전
엑소스 히어로즈 게임,https://www.youtube.com/watch?v=048S1_V7r3I,27회,3주 전
엑소스 히어로즈 게임,https://www.youtube.com/watch?v=SqOwrBN7jZU,없음,3주 전
엑소스 히어로즈 게임,https://www.youtube.com/watch?v=XFC5edRIHtk,250회,3주 전
엑소스 히어로즈 게임,https://www.youtube.com/watch?v=jdugehEhUNE,1.2만회,스트리밍 시간: 3주 전
엑소스 히어로즈 게임,https://www.youtube.com/watch?v=_r1uwktsWkA,46회,3주 전
엑소스 히어로즈 게임,https://www.youtube.com/watch?v=2c8R2lJQ91I,39회,3주 전
엑소스 히어로즈 게임,https://www.youtube.com/watch?v=-z4pFJP53tU,5.8만회,3주 전
엑소스 히어로즈 게임,https://www.youtube.com/watch?v=_sR8LjiL6p0,7.2천회,스트리밍 시간: 3주 전
엑소스 히어로즈 게임,https://www.youtube.com/watch?v=ajnbKgPcmaw,1회,3주 전
엑소스 히어로즈 게임,https://www.youtube.com/watch?v=SYKBLubQkGI,없음,스트리밍 시간: 3주 전
엑소스 히어로즈 게임,https://www.youtube.com/watch?v=eKvjRwMzPYQ,2회,3주 전
엑소스 히어로즈 게임,https://www.youtube.com/watch?v=0_GYLrbRELs,14회,3주 전
엑소스 히어로즈 게임,https://www.youtube.com/watch?v=vLQb9m2pgHQ,216회,스트리밍 시간: 3주 전
엑소스 히어로즈 게임,https://www.youtube.com/watch?v=XtDclrm6XkQ,62회,3주 전
엑소스 히어로즈 게임,https://www.youtube.com/watch?v=fqLQFZtSWLg,10회,스트리밍 시간: 3주 전
엑소스 히어로즈 게임,https://www.youtube.com/watch?v=YLxcmGsNqmk,2회,3주 전
엑소스 히어로즈 게임,https://www.youtube.com/watch?v=Mvt1fj4Dr54,64회,3주 전
엑소스 히어로즈 게임,https://www.youtube.com/watch?v=LdzyLOvuLZk,168회,3주 전
엑소스 히어로즈 게임,https://www.youtube.com/watch?v=6EXhAM6Fbp0,373회,3주 전
엑소스 히어로즈 게임,https://www.youtube.com/watch?v=WwXI4OKH4qM,503회,3주 전
엑소스 히어로즈 게임,https://www.youtube.com/watch?v=RjvXoswv5rc,145회,3주 전
엑소스 히어로즈 게임,https://www.youtube.com/watch?v=hLIv7YrWOZo,2.6천회,3주 전
엑소스 히어로즈 게임,https://www.youtube.com/watch?v=dqy4JbqlzVs,115회,3주 전
엑소스 히어로즈 게임,https://www.youtube.com/watch?v=EaJOZtW8WZU,585회,3주 전
엑소스 히어로즈 게임,https://www.youtube.com/watch?v=FuH7oXsidPY,3회,3주 전
엑소스 히어로즈 게임,https://www.youtube.com/watch?v=dqWLugPc0xs,173회,3주 전
엑소스 히어로즈 게임,https://www.youtube.com/watch?v=LNN3FXlkA0c,1회,3주 전
엑소스 히어로즈 게임,https://www.youtube.com/watch?v=lSJNWa7AzIo,1만회,3주 전
엑소스 히어로즈 게임,https://www.youtube.com/watch?v=WR7Vcgj5mmw,1.1천회,3주 전
엑소스 히어로즈 게임,https://www.youtube.com/watch?v=DyCFhBT2EiU,2.6천회,3주 전
엑소스 히어로즈 게임,https://www.youtube.com/watch?v=J1CupCbLaN0,3.8천회,3주 전
엑소스 히어로즈 게임,https://www.youtube.com/watch?v=moEZ9YBhhZo,9.1천회,3주 전
엑소스 히어로즈 게임,https://www.youtube.com/watch?v=K3lM8PSQot4,6.6천회,스트리밍 시간: 3주 전
엑소스 히어로즈 게임,https://www.youtube.com/watch?v=Cpcs8uUbu-k,480회,스트리밍 시간: 3주 전
엑소스 히어로즈 게임,https://www.youtube.com/watch?v=iOeegMHZHe4,46회,스트리밍 시간: 3주 전
엑소스 히어로즈 게임,https://www.youtube.com/watch?v=aOTk5m3Jfck,2.3천회,3주 전
엑소스 히어로즈 게임,https://www.youtube.com/watch?v=jrPyPPQg-jM,1회,3주 전
엑소스 히어로즈 게임,https://www.youtube.com/watch?v=p2x8Mm6aLO4,519회,3주 전
엑소스 히어로즈 게임,https://www.youtube.com/watch?v=SrcId6_UytE,1.8천회,스트리밍 시간: 3주 전
엑소스 히어로즈 게임,https://www.youtube.com/watch?v=QGvXVo4_biA,5.6천회,스트리밍 시간: 3주 전
엑소스 히어로즈 게임,https://www.youtube.com/watch?v=g2tyfQDCqMA,114회,3주 전
엑소스 히어로즈 게임,https://www.youtube.com/watch?v=thau2qp5A0k,138회,3주 전
엑소스 히어로즈 게임,https://www.youtube.com/watch?v=EfTSXncBCp0,1.9만회,3주 전
엑소스 히어로즈 게임,https://www.youtube.com/watch?v=dTv02H3c9z4,402회,3주 전
엑소스 히어로즈 게임,https://www.youtube.com/watch?v=bNMIG8DswME,2회,3주 전
엑소스 히어로즈 게임,https://www.youtube.com/watch?v=2f6sEIYO6Hc,9회,스트리밍 시간: 3주 전
엑소스 히어로즈 게임,https://www.youtube.com/watch?v=BHTbjLMi9V0,181회,3주 전
엑소스 히어로즈 게임,https://www.youtube.com/watch?v=ifSf8lZOR-M,54만회,3주 전
엑소스 히어로즈 게임,https://www.youtube.com/watch?v=Xh0xBaEoLFo,222만회,3주 전
엑소스 히어로즈 게임,https://www.youtube.com/watch?v=n_bmVcfnfSA,11만회,3주 전
엑소스 히어로즈 게임,https://www.youtube.com/watch?v=pnrKGSTKEZY,41만회,3주 전
엑소스 히어로즈 게임,https://www.youtube.com/watch?v=H6eiKnpBhRE,17만회,3주 전
엑소스 히어로즈 게임,https://www.youtube.com/watch?v=lEL_8V6hons,31만회,3주 전
엑소스 히어로즈 게임,https://www.youtube.com/watch?v=xB5U0EHWcR0,70만회,3주 전
엑소스 히어로즈 게임,https://www.youtube.com/watch?v=5tDMIE6956o,263회,스트리밍 시간: 3주 전
엑소스 히어로즈 게임,https://www.youtube.com/watch?v=h6Lf1PG3kT8,12만회,3주 전
엑소스 히어로즈 게임,https://www.youtube.com/watch?v=37NPpGl_vDY,8.6천회,3주 전
엑소스 히어로즈 게임,https://www.youtube.com/watch?v=JFd6hM1h2_4,209회,3주 전
엑소스 히어로즈 게임,https://www.youtube.com/watch?v=NGU0dtgVB6c,3.4천회,스트리밍 시간: 3주 전
엑소스 히어로즈 게임,https://www.youtube.com/watch?v=nAxK3mWZed8,793회,3주 전
엑소스 히어로즈 게임,https://www.youtube.com/watch?v=MpUhOCkKxBE,589회,4주 전
엑소스 히어로즈 게임,https://www.youtube.com/watch?v=TsF0j4-LWdE,24만회,4주 전
엑소스 히어로즈 게임,https://www.youtube.com/watch?v=F209AO-PCtY,1.4천회,1개월 전
엑소스 히어로즈 게임,https://www.youtube.com/watch?v=2y5ix_9Oq4Q,26회,1개월 전
엑소스 히어로즈 게임,https://www.youtube.com/watch?v=2CDDocQrHp4,47회,1개월 전
엑소스 히어로즈 게임,https://www.youtube.com/watch?v=RH8jKeH7b2k,1.8천회,1개월 전
엑소스 히어로즈 게임,https://www.youtube.com/watch?v=y_eI2kg4-Wc,1.6만회,1개월 전
엑소스 히어로즈 게임,https://www.youtube.com/watch?v=uQtk5tCH3E8,56회,1개월 전
엑소스 히어로즈 게임,https://www.youtube.com/watch?v=K75pSS8aYhE,29회,1개월 전
엑소스 히어로즈 게임,https://www.youtube.com/watch?v=xSVM3wbmtKQ,639회,1개월 전
엑소스 히어로즈 게임,https://www.youtube.com/watch?v=Mndvb0k3LJQ,98회,1개월 전
엑소스 히어로즈 게임,https://www.youtube.com/watch?v=YlC7vDUs_eE,431회,1개월 전
엑소스 히어로즈 게임,https://www.youtube.com/watch?v=_PRfsCsSP8Q,34회,1개월 전
엑소스 히어로즈 게임,https://www.youtube.com/watch?v=eEhPt4yHzrQ,137회,스트리밍 시간: 1개월 전
엑소스 히어로즈 게임,https://www.youtube.com/watch?v=HwJjDM1QB-0,61회,1개월 전
엑소스 히어로즈 게임,https://www.youtube.com/watch?v=DHuSAmlKIv8,465회,1개월 전
엑소스 히어로즈 게임,https://www.youtube.com/watch?v=MILpN0Rt-xs,178회,1개월 전
엑소스 히어로즈 게임,https://www.youtube.com/watch?v=7fk3fFtJeEk,225회,1개월 전
엑소스 히어로즈 게임,https://www.youtube.com/watch?v=tllFeZdGxME,8회,1개월 전
엑소스 히어로즈 게임,https://www.youtube.com/watch?v=495vkQ_QKxo,5회,1개월 전
엑소스 히어로즈 게임,https://www.youtube.com/watch?v=FKHx73TQorY,9회,1개월 전
엑소스 히어로즈 게임,https://www.youtube.com/watch?v=UqBiyU34TsM,23회,1개월 전
엑소스 히어로즈 게임,https://www.youtube.com/watch?v=ExveUFCscIs,12회,1개월 전
엑소스 히어로즈 게임,https://www.youtube.com/watch?v=1EbfM1QOHdA,9회,1개월 전
엑소스 히어로즈 게임,https://www.youtube.com/watch?v=Avttade_UX4,6회,1개월 전
엑소스 히어로즈 게임,https://www.youtube.com/watch?v=iuLNckabZ04,2회,1개월 전
엑소스 히어로즈 게임,https://www.youtube.com/watch?v=G8s_EnKvh4U,87회,1개월 전
엑소스 히어로즈 게임,https://www.youtube.com/watch?v=OBN-WRV3pUI,8회,1개월 전
엑소스 히어로즈 게임,https://www.youtube.com/watch?v=Gqza0g_r28M,3.1천회,1개월 전
엑소스 히어로즈 게임,https://www.youtube.com/watch?v=j5RAoqIy4Qc,2.2천회,1개월 전
엑소스 히어로즈 게임,https://www.youtube.com/watch?v=0DF4I8lO2v4,13만회,1개월 전
엑소스 히어로즈 게임,https://www.youtube.com/watch?v=tfKx94g_coE,17만회,1개월 전
엑소스 히어로즈 게임,https://www.youtube.com/watch?v=gyijs9r04SA,23만회,1개월 전
엑소스 히어로즈 게임,https://www.youtube.com/watch?v=vB9yX79MIRg,7.1만회,1개월 전
엑소스 히어로즈 게임,https://www.youtube.com/watch?v=Bm5mmk1_Npo,813회,1개월 전
엑소스 히어로즈 게임,https://www.youtube.com/watch?v=phpWnWaSB3I,1천회,1개월 전
엑소스 히어로즈 게임,https://www.youtube.com/watch?v=fi6DV2FHTIo,4.5만회,1개월 전
엑소스 히어로즈 게임,https://www.youtube.com/watch?v=ZOHA-fcERpM,9.8천회,1개월 전
엑소스 히어로즈 게임,https://www.youtube.com/watch?v=SEsU7htpWyU,7.2만회,1개월 전
엑소스 히어로즈 게임,https://www.youtube.com/watch?v=JDbH8cd9Mz4,717회,1개월 전
엑소스 히어로즈 게임,https://www.youtube.com/watch?v=h3u4GRi3m_I,24만회,1개월 전
엑소스 히어로즈 게임,https://www.youtube.com/watch?v=WD6LD_vN64U,155만회,1개월 전
엑소스 히어로즈 게임,https://www.youtube.com/watch?v=D6pfi6jN4Bo,26만회,1개월 전
엑소스 히어로즈 게임,https://www.youtube.com/watch?v=QOHLOHXn_Ho,11만회,1개월 전
엑소스 히어로즈 게임,https://www.youtube.com/watch?v=0ovxeLGMTHQ,1.3만회,3개월 전
엑소스 히어로즈 게임,https://www.youtube.com/watch?v=gE4b3yMc2dM,58회,3개월 전
엑소스 히어로즈 게임,https://www.youtube.com/watch?v=hw7Wdohj-Ys,2.8천회,3개월 전
엑소스 히어로즈 게임,https://www.youtube.com/watch?v=4hxljueYwA0,2.2천회,3개월 전
엑소스 히어로즈 게임,https://www.youtube.com/watch?v=o_eFfwaU5P0,1만회,3개월 전
엑소스 히어로즈 게임,https://www.youtube.com/watch?v=hrNCEhFK9Uk,648회,3개월 전
엑소스 히어로즈 게임,https://www.youtube.com/watch?v=Jfzk2ITac9M,480회,3개월 전
엑소스 히어로즈 게임,https://www.youtube.com/watch?v=C34bKxHNvcQ,356회,3개월 전
엑소스 히어로즈 게임,https://www.youtube.com/watch?v=9MERC6A9_sE,1.5천회,3개월 전
엑소스 히어로즈 게임,https://www.youtube.com/watch?v=wgGAS_tD4Pc,119회,3개월 전
엑소스 히어로즈 게임,https://www.youtube.com/watch?v=ZRIOI95Mr04,649회,3개월 전
엑소스 히어로즈 게임,https://www.youtube.com/watch?v=CN3u-0Jlkks,37회,3개월 전
엑소스 히어로즈 게임,https://www.youtube.com/watch?v=B0_Cny7yq9g,72회,3개월 전
엑소스 히어로즈 게임,https://www.youtube.com/watch?v=DYUrZ3shKv8,53회,3개월 전
엑소스 히어로즈 게임,https://www.youtube.com/watch?v=nHTzPuNpK_g,67회,3개월 전
엑소스 히어로즈 게임,https://www.youtube.com/watch?v=F9KRsMQ-R6M,63회,3개월 전
엑소스 히어로즈 게임,https://www.youtube.com/watch?v=KsZauJvP2j0,45회,3개월 전
엑소스 히어로즈 게임,https://www.youtube.com/watch?v=1OeCYhYMV8I,82회,3개월 전
엑소스 히어로즈 게임,https://www.youtube.com/watch?v=E5i2LxYP96s,145회,3개월 전
엑소스 히어로즈 게임,https://www.youtube.com/watch?v=qWC8brAk-DA,28회,3개월 전
엑소스 히어로즈 게임,https://www.youtube.com/watch?v=bkgzhGJPsss,38회,3개월 전
엑소스 히어로즈 게임,https://www.youtube.com/watch?v=BzrtojVKYPM,364회,3개월 전
엑소스 히어로즈 게임,https://www.youtube.com/watch?v=wvmeoujoANg,1.9만회,3개월 전
엑소스 히어로즈 게임,https://www.youtube.com/watch?v=CV24xic2G14,16회,3개월 전
엑소스 히어로즈 게임,https://www.youtube.com/watch?v=l4iM6N9alJs,6.7천회,3개월 전
엑소스 히어로즈 게임,https://www.youtube.com/watch?v=5kBskUvJobA,69회,스트리밍 시간: 3개월 전
엑소스 히어로즈 게임,https://www.youtube.com/watch?v=jCQwOqFJkRI,5천회,3개월 전
엑소스 히어로즈 게임,https://www.youtube.com/watch?v=EDaVqDdbP-Y,287회,스트리밍 시간: 3개월 전
엑소스 히어로즈 게임,https://www.youtube.com/watch?v=D_0ImypL_Uo,3.5천회,3개월 전
엑소스 히어로즈 게임,https://www.youtube.com/watch?v=b1a0cwn9KUQ,57회,3개월 전
엑소스 히어로즈 게임,https://www.youtube.com/watch?v=eP8GYAYzKDU,632회,스트리밍 시간: 3개월 전
엑소스 히어로즈 게임,https://www.youtube.com/watch?v=cV_QTb7Zr3s,204회,3개월 전
엑소스 히어로즈 게임,https://www.youtube.com/watch?v=eBJdvNBDaqs,5.7만회,3개월 전
엑소스 히어로즈 게임,https://www.youtube.com/watch?v=1MOWj3MJpks,179회,3개월 전
엑소스 히어로즈 게임,https://www.youtube.com/watch?v=9BcLlPlKfpM,140회,3개월 전
엑소스 히어로즈 게임,https://www.youtube.com/watch?v=G2Eg0RXHpJc,175회,3개월 전
엑소스 히어로즈 게임,https://www.youtube.com/watch?v=Abze5KLAEp4,411회,스트리밍 시간: 3개월 전
엑소스 히어로즈 게임,https://www.youtube.com/watch?v=T6q8R7OE-48,596회,스트리밍 시간: 3개월 전
엑소스 히어로즈 게임,https://www.youtube.com/watch?v=z2Bf5cr6Kjw,44회,3개월 전
엑소스 히어로즈 게임,https://www.youtube.com/watch?v=Aht6wPbf6UQ,30회,3개월 전
엑소스 히어로즈 게임,https://www.youtube.com/watch?v=1WNf_eqnoYE,41회,스트리밍 시간: 3개월 전
엑소스 히어로즈 게임,https://www.youtube.com/watch?v=gU55CdruoFo,14회,3개월 전
엑소스 히어로즈 게임,https://www.youtube.com/watch?v=2PNbTx6v068,1.6천회,스트리밍 시간: 3개월 전
엑소스 히어로즈 게임,https://www.youtube.com/watch?v=E0XD2qQBoSs,402회,3개월 전
엑소스 히어로즈 게임,https://www.youtube.com/watch?v=RyfZoKcCxZo,1.5천회,3개월 전
엑소스 히어로즈 게임,https://www.youtube.com/watch?v=R3eZqEkv6IQ,2.9만회,3개월 전
엑소스 히어로즈 게임,https://www.youtube.com/watch?v=F2LScA4lw9Q,2.5만회,3개월 전
엑소스 히어로즈 게임,https://www.youtube.com/watch?v=4Jqsc2NebL8,68회,3개월 전
엑소스 히어로즈 게임,https://www.youtube.com/watch?v=vd7JCt5uDjU,1.8천회,3개월 전
엑소스 히어로즈 게임,https://www.youtube.com/watch?v=PtXN9uO8FLU,78회,3개월 전
엑소스 히어로즈 게임,https://www.youtube.com/watch?v=oJsqFBawPO8,2.2천회,3개월 전
엑소스 히어로즈 게임,https://www.youtube.com/watch?v=Xig6ncHNBgc,88회,3개월 전
엑소스 히어로즈 게임,https://www.youtube.com/watch?v=ZBgfo0MgLtc,2.6만회,3개월 전
엑소스 히어로즈 게임,https://www.youtube.com/watch?v=h76SA4Eu1Ko,45회,3개월 전
엑소스 히어로즈 게임,https://www.youtube.com/watch?v=bhKwBwAn1PQ,160회,3개월 전
엑소스 히어로즈 게임,https://www.youtube.com/watch?v=eIVxQTL9DbQ,42회,10개월 전
엑소스 히어로즈 게임,https://www.youtube.com/watch?v=3bTXb_ooW-E,44회,10개월 전
엑소스 히어로즈 게임,https://www.youtube.com/watch?v=OK-b4bfM6Nw,78회,10개월 전
엑소스 히어로즈 게임,https://www.youtube.com/watch?v=3BcI-48bs64,7회,10개월 전
엑소스 히어로즈 게임,https://www.youtube.com/watch?v=fepM0B6s2Mo,18회,10개월 전
엑소스 히어로즈 게임,https://www.youtube.com/watch?v=j8sw1y7Nl6k,49회,10개월 전
엑소스 히어로즈 게임,https://www.youtube.com/watch?v=wTKCfNvrIg4,91회,10개월 전
엑소스 히어로즈 게임,https://www.youtube.com/watch?v=BNAhOQuaR94,60회,10개월 전
엑소스 히어로즈 게임,https://www.youtube.com/watch?v=gLcGibgyVnw,91회,10개월 전
엑소스 히어로즈 게임,https://www.youtube.com/watch?v=cr1HVz4yol0,169회,10개월 전
