﻿search,youtube_url,viewer,upload
콜 오브 듀티: 모바일 게임,https://www.youtube.com/watch?v=mmZHSNfjHHs,440회,1시간 전
콜 오브 듀티: 모바일 게임,https://www.youtube.com/watch?v=biX3_lSqkGE,없음,1시간 전
콜 오브 듀티: 모바일 게임,https://www.youtube.com/watch?v=QTF5y7o25Dw,2회,2시간 전
콜 오브 듀티: 모바일 게임,https://www.youtube.com/watch?v=4apRh_hNAkw,없음,2시간 전
콜 오브 듀티: 모바일 게임,https://www.youtube.com/watch?v=06oRDf_SOvw,398회,8시간 전
콜 오브 듀티: 모바일 게임,https://www.youtube.com/watch?v=By5gtz0HiPo,46회,10시간 전
콜 오브 듀티: 모바일 게임,https://www.youtube.com/watch?v=YM3fW-NNRCA,1회,스트리밍 시간: 16시간 전
콜 오브 듀티: 모바일 게임,https://www.youtube.com/watch?v=gDclG96x3vA,141회,스트리밍 시간: 19시간 전
콜 오브 듀티: 모바일 게임,https://www.youtube.com/watch?v=E5eW73YC0hY,6회,20시간 전
콜 오브 듀티: 모바일 게임,https://www.youtube.com/watch?v=ZVtMvVEokGk,8회,20시간 전
콜 오브 듀티: 모바일 게임,https://www.youtube.com/watch?v=5SMeONsHU1c,21회,21시간 전
콜 오브 듀티: 모바일 게임,https://www.youtube.com/watch?v=2PKCyPU20IE,531회,스트리밍 시간: 22시간 전
콜 오브 듀티: 모바일 게임,https://www.youtube.com/watch?v=1NKh9pfGbKs,27회,스트리밍 시간: 1일 전
콜 오브 듀티: 모바일 게임,https://www.youtube.com/watch?v=6tQpR3cWmp8,392회,1일 전
콜 오브 듀티: 모바일 게임,https://www.youtube.com/watch?v=ytzAaydyXms,553회,1일 전
콜 오브 듀티: 모바일 게임,https://www.youtube.com/watch?v=DujWwmzLszY,1회,1일 전
콜 오브 듀티: 모바일 게임,https://www.youtube.com/watch?v=1jQFe4sFTY8,없음,1일 전
콜 오브 듀티: 모바일 게임,https://www.youtube.com/watch?v=YtcKfTILjtw,2회,스트리밍 시간: 1일 전
콜 오브 듀티: 모바일 게임,https://www.youtube.com/watch?v=qef-_JrAq8k,없음,1일 전
콜 오브 듀티: 모바일 게임,https://www.youtube.com/watch?v=J6OusjX5wyc,없음,1일 전
콜 오브 듀티: 모바일 게임,https://www.youtube.com/watch?v=SOdae7aGV6s,16회,1일 전
콜 오브 듀티: 모바일 게임,https://www.youtube.com/watch?v=5Njb4EgjUXQ,9회,1일 전
콜 오브 듀티: 모바일 게임,https://www.youtube.com/watch?v=w9xPEq3BRRg,17회,스트리밍 시간: 1일 전
콜 오브 듀티: 모바일 게임,https://www.youtube.com/watch?v=cskDlnQStxU,6회,1일 전
콜 오브 듀티: 모바일 게임,https://www.youtube.com/watch?v=JRgX2sqi-oE,없음,1일 전
콜 오브 듀티: 모바일 게임,https://www.youtube.com/watch?v=tWjmjJi8IPU,42회,스트리밍 시간: 1일 전
콜 오브 듀티: 모바일 게임,https://www.youtube.com/watch?v=z-2kmk0GK4c,40회,스트리밍 시간: 1일 전
콜 오브 듀티: 모바일 게임,https://www.youtube.com/watch?v=SnX7zVbAmqQ,3회,1일 전
콜 오브 듀티: 모바일 게임,https://www.youtube.com/watch?v=UKML7HOyXzk,1회,스트리밍 시간: 1일 전
콜 오브 듀티: 모바일 게임,https://www.youtube.com/watch?v=PHGjL6uO0AU,1회,1일 전
콜 오브 듀티: 모바일 게임,https://www.youtube.com/watch?v=g1NcevyAdtE,2.9천회,1일 전
콜 오브 듀티: 모바일 게임,https://www.youtube.com/watch?v=5B1lRO6c2gc,45회,1일 전
콜 오브 듀티: 모바일 게임,https://www.youtube.com/watch?v=I03ScfBvAVQ,2회,1일 전
콜 오브 듀티: 모바일 게임,https://www.youtube.com/watch?v=ePS0uQ0Hm3E,893회,1일 전
콜 오브 듀티: 모바일 게임,https://www.youtube.com/watch?v=B5UZU6qmgEA,8회,스트리밍 시간: 1일 전
콜 오브 듀티: 모바일 게임,https://www.youtube.com/watch?v=PL9cCmF3rJ0,4회,2일 전
콜 오브 듀티: 모바일 게임,https://www.youtube.com/watch?v=JkghbFsyUrQ,2회,2일 전
콜 오브 듀티: 모바일 게임,https://www.youtube.com/watch?v=XGf30JMD6C0,8회,2일 전
콜 오브 듀티: 모바일 게임,https://www.youtube.com/watch?v=d6txyegQttY,12회,2일 전
콜 오브 듀티: 모바일 게임,https://www.youtube.com/watch?v=RSo-ihC7UAo,6.3천회,2일 전
콜 오브 듀티: 모바일 게임,https://www.youtube.com/watch?v=aoN2uCtMm7k,없음,2일 전
콜 오브 듀티: 모바일 게임,https://www.youtube.com/watch?v=ANZe0CNX6BU,없음,2일 전
콜 오브 듀티: 모바일 게임,https://www.youtube.com/watch?v=N8j0pF6Q5E8,7회,스트리밍 시간: 2일 전
콜 오브 듀티: 모바일 게임,https://www.youtube.com/watch?v=UcJ9BT-OxD0,2.4천회,2일 전
콜 오브 듀티: 모바일 게임,https://www.youtube.com/watch?v=S5fw0JvERsI,없음,2일 전
콜 오브 듀티: 모바일 게임,https://www.youtube.com/watch?v=YJ1I2yzPdcY,없음,2일 전
콜 오브 듀티: 모바일 게임,https://www.youtube.com/watch?v=Q3TY4I9EUK0,없음,2일 전
콜 오브 듀티: 모바일 게임,https://www.youtube.com/watch?v=TkjORAoo2FE,8회,2일 전
콜 오브 듀티: 모바일 게임,https://www.youtube.com/watch?v=pUqu_ex1GfU,5회,2일 전
콜 오브 듀티: 모바일 게임,https://www.youtube.com/watch?v=ITVlnf-KhOY,1회,2일 전
콜 오브 듀티: 모바일 게임,https://www.youtube.com/watch?v=ZHaLQBl27_4,5회,2일 전
콜 오브 듀티: 모바일 게임,https://www.youtube.com/watch?v=2ZmFPui_iEM,없음,2일 전
콜 오브 듀티: 모바일 게임,https://www.youtube.com/watch?v=4990nBaFGvM,2.6천회,2일 전
콜 오브 듀티: 모바일 게임,https://www.youtube.com/watch?v=gEzOZEyfir4,12회,2일 전
콜 오브 듀티: 모바일 게임,https://www.youtube.com/watch?v=Ez7Wu9qCi0E,79회,3일 전
콜 오브 듀티: 모바일 게임,https://www.youtube.com/watch?v=_KDgw6g0tuE,2회,스트리밍 시간: 3일 전
콜 오브 듀티: 모바일 게임,https://www.youtube.com/watch?v=GTceHkSadxk,1회,3일 전
콜 오브 듀티: 모바일 게임,https://www.youtube.com/watch?v=z3ST7dEjpUo,2회,3일 전
콜 오브 듀티: 모바일 게임,https://www.youtube.com/watch?v=BlSlMaDM4Ak,3회,스트리밍 시간: 3일 전
콜 오브 듀티: 모바일 게임,https://www.youtube.com/watch?v=OBKjwTCOUIc,16회,스트리밍 시간: 4일 전
콜 오브 듀티: 모바일 게임,https://www.youtube.com/watch?v=Mz4DFOepds8,150회,3일 전
콜 오브 듀티: 모바일 게임,https://www.youtube.com/watch?v=ReNFTbillZc,4회,3일 전
콜 오브 듀티: 모바일 게임,https://www.youtube.com/watch?v=UaMdFAsQOTY,6회,4일 전
콜 오브 듀티: 모바일 게임,https://www.youtube.com/watch?v=z87YyjyhW3E,2.6천회,4일 전
콜 오브 듀티: 모바일 게임,https://www.youtube.com/watch?v=AhFFJegoZgo,1회,4일 전
콜 오브 듀티: 모바일 게임,https://www.youtube.com/watch?v=hJbNQw-psBw,7천회,4일 전
콜 오브 듀티: 모바일 게임,https://www.youtube.com/watch?v=TvA4B4t70c4,9회,4일 전
콜 오브 듀티: 모바일 게임,https://www.youtube.com/watch?v=EjtUgioailA,9회,4일 전
콜 오브 듀티: 모바일 게임,https://www.youtube.com/watch?v=JfQlxoX-Zq0,748회,4일 전
콜 오브 듀티: 모바일 게임,https://www.youtube.com/watch?v=1ThwYMwinxw,32회,4일 전
콜 오브 듀티: 모바일 게임,https://www.youtube.com/watch?v=eUHtNaB5ESw,40회,5일 전
콜 오브 듀티: 모바일 게임,https://www.youtube.com/watch?v=Z6419hUBy7E,143회,5일 전
콜 오브 듀티: 모바일 게임,https://www.youtube.com/watch?v=IID8p-GWi6g,43회,5일 전
콜 오브 듀티: 모바일 게임,https://www.youtube.com/watch?v=U4NEA7UedjI,없음,5일 전
콜 오브 듀티: 모바일 게임,https://www.youtube.com/watch?v=PaeefIJvuUM,17만회,5일 전
콜 오브 듀티: 모바일 게임,https://www.youtube.com/watch?v=V1i9Dz03-8o,32회,5일 전
콜 오브 듀티: 모바일 게임,https://www.youtube.com/watch?v=nBq9zySvhzk,173회,5일 전
콜 오브 듀티: 모바일 게임,https://www.youtube.com/watch?v=yEWilScoO7s,9회,5일 전
콜 오브 듀티: 모바일 게임,https://www.youtube.com/watch?v=kfyHd0mIzYM,1.1천회,5일 전
콜 오브 듀티: 모바일 게임,https://www.youtube.com/watch?v=jsF7MvXRZ8Q,2회,5일 전
콜 오브 듀티: 모바일 게임,https://www.youtube.com/watch?v=feKIIhTZnUM,8.5천회,6일 전
콜 오브 듀티: 모바일 게임,https://www.youtube.com/watch?v=dNxzUpxCkLk,7회,6일 전
콜 오브 듀티: 모바일 게임,https://www.youtube.com/watch?v=1xJOKKJjUeY,7회,6일 전
콜 오브 듀티: 모바일 게임,https://www.youtube.com/watch?v=d1f7YGZW2CM,428회,스트리밍 시간: 6일 전
콜 오브 듀티: 모바일 게임,https://www.youtube.com/watch?v=GamgMl_J-Ag,3회,6일 전
콜 오브 듀티: 모바일 게임,https://www.youtube.com/watch?v=M1HAhrRa0_k,1.2천회,스트리밍 시간: 6일 전
콜 오브 듀티: 모바일 게임,https://www.youtube.com/watch?v=qsEYwV1Re5g,5.6천회,6일 전
콜 오브 듀티: 모바일 게임,https://www.youtube.com/watch?v=wivRz_l2XbA,24회,1주 전
콜 오브 듀티: 모바일 게임,https://www.youtube.com/watch?v=6uUTGEKNEAM,3회,1주 전
콜 오브 듀티: 모바일 게임,https://www.youtube.com/watch?v=eUUi5x14Q4g,3회,1주 전
콜 오브 듀티: 모바일 게임,https://www.youtube.com/watch?v=qbxIsZh7B2M,107회,1주 전
콜 오브 듀티: 모바일 게임,https://www.youtube.com/watch?v=RR9QfYlNweg,5회,1주 전
콜 오브 듀티: 모바일 게임,https://www.youtube.com/watch?v=IJMKcvJdLWI,20회,1주 전
콜 오브 듀티: 모바일 게임,https://www.youtube.com/watch?v=901ptuLEFIw,9회,1주 전
콜 오브 듀티: 모바일 게임,https://www.youtube.com/watch?v=msrpLWsZBtA,16회,1주 전
콜 오브 듀티: 모바일 게임,https://www.youtube.com/watch?v=4ls9MTjwzc8,5.1천회,1주 전
콜 오브 듀티: 모바일 게임,https://www.youtube.com/watch?v=tOLL0GXJfvM,7.7천회,1주 전
콜 오브 듀티: 모바일 게임,https://www.youtube.com/watch?v=8fcqxnJW2d8,1.3천회,1주 전
콜 오브 듀티: 모바일 게임,https://www.youtube.com/watch?v=g5TvivU0eQ8,없음,1주 전
콜 오브 듀티: 모바일 게임,https://www.youtube.com/watch?v=XaFxXDieJvA,8.3천회,1주 전
콜 오브 듀티: 모바일 게임,https://www.youtube.com/watch?v=cWa8z7GTQz8,9회,1주 전
콜 오브 듀티: 모바일 게임,https://www.youtube.com/watch?v=gcJGCKPjBdA,2.1천회,1주 전
콜 오브 듀티: 모바일 게임,https://www.youtube.com/watch?v=2D9pjXcGzfk,5.6천회,1주 전
콜 오브 듀티: 모바일 게임,https://www.youtube.com/watch?v=HHbg1LSLSsM,30회,1주 전
콜 오브 듀티: 모바일 게임,https://www.youtube.com/watch?v=X0FVGwtDfbc,251회,1주 전
콜 오브 듀티: 모바일 게임,https://www.youtube.com/watch?v=VRiN3z1tNxw,없음,1주 전
콜 오브 듀티: 모바일 게임,https://www.youtube.com/watch?v=BqWfRQFwL2M,310회,1주 전
콜 오브 듀티: 모바일 게임,https://www.youtube.com/watch?v=tXb6OSomyZI,5회,1주 전
콜 오브 듀티: 모바일 게임,https://www.youtube.com/watch?v=PvTvxGA7zYg,2만회,1주 전
콜 오브 듀티: 모바일 게임,https://www.youtube.com/watch?v=ZDk--lcz-GM,9회,스트리밍 시간: 1주 전
콜 오브 듀티: 모바일 게임,https://www.youtube.com/watch?v=KXvkQdkKc7U,187회,스트리밍 시간: 1주 전
콜 오브 듀티: 모바일 게임,https://www.youtube.com/watch?v=04L4mcLlTqY,244회,1주 전
콜 오브 듀티: 모바일 게임,https://www.youtube.com/watch?v=Rva4Ovx13gI,33회,1주 전
콜 오브 듀티: 모바일 게임,https://www.youtube.com/watch?v=ar0CaZsqXmI,44회,1주 전
콜 오브 듀티: 모바일 게임,https://www.youtube.com/watch?v=PusA6TWHh-w,4회,1주 전
콜 오브 듀티: 모바일 게임,https://www.youtube.com/watch?v=iG4lb2fodm4,17회,1주 전
콜 오브 듀티: 모바일 게임,https://www.youtube.com/watch?v=ymjJHdfZEuA,1.2만회,1주 전
콜 오브 듀티: 모바일 게임,https://www.youtube.com/watch?v=So0sqX8J0dE,4회,1주 전
콜 오브 듀티: 모바일 게임,https://www.youtube.com/watch?v=cJgzJmHe790,29회,스트리밍 시간: 1주 전
콜 오브 듀티: 모바일 게임,https://www.youtube.com/watch?v=l193DFLuejM,12회,1주 전
콜 오브 듀티: 모바일 게임,https://www.youtube.com/watch?v=sGpRgzAJzgQ,1.1천회,2주 전
콜 오브 듀티: 모바일 게임,https://www.youtube.com/watch?v=vzOkE8wnEOc,5천회,2주 전
콜 오브 듀티: 모바일 게임,https://www.youtube.com/watch?v=j1i_saxMgkE,6회,2주 전
콜 오브 듀티: 모바일 게임,https://www.youtube.com/watch?v=_uqwCFTMOII,17회,2주 전
콜 오브 듀티: 모바일 게임,https://www.youtube.com/watch?v=XZebTmczAUk,10회,스트리밍 시간: 2주 전
콜 오브 듀티: 모바일 게임,https://www.youtube.com/watch?v=VSh_UraffSw,38회,스트리밍 시간: 2주 전
콜 오브 듀티: 모바일 게임,https://www.youtube.com/watch?v=PyuOm_A4syA,47회,2주 전
콜 오브 듀티: 모바일 게임,https://www.youtube.com/watch?v=bpKKP0Qgfyg,1.9만회,2주 전
콜 오브 듀티: 모바일 게임,https://www.youtube.com/watch?v=bFs17L95ubI,1회,2주 전
콜 오브 듀티: 모바일 게임,https://www.youtube.com/watch?v=QIDeDcxPels,258회,2주 전
콜 오브 듀티: 모바일 게임,https://www.youtube.com/watch?v=LX-Up1Uu1v4,45회,스트리밍 시간: 2주 전
콜 오브 듀티: 모바일 게임,https://www.youtube.com/watch?v=oP8ysQNlgTw,20회,스트리밍 시간: 2주 전
콜 오브 듀티: 모바일 게임,https://www.youtube.com/watch?v=m7J36zDQFQk,54회,스트리밍 시간: 2주 전
콜 오브 듀티: 모바일 게임,https://www.youtube.com/watch?v=GemFMrjIFUY,26회,2주 전
콜 오브 듀티: 모바일 게임,https://www.youtube.com/watch?v=wwnUTTVVodA,22회,스트리밍 시간: 2주 전
콜 오브 듀티: 모바일 게임,https://www.youtube.com/watch?v=iKP-1MA6Iqs,1.4만회,2주 전
콜 오브 듀티: 모바일 게임,https://www.youtube.com/watch?v=O1K5xioAwX4,1.3만회,2주 전
콜 오브 듀티: 모바일 게임,https://www.youtube.com/watch?v=bh53mKMV9sA,1회,2주 전
콜 오브 듀티: 모바일 게임,https://www.youtube.com/watch?v=ndQZq39iqK8,45회,2주 전
콜 오브 듀티: 모바일 게임,https://www.youtube.com/watch?v=vyX9G3nvEXc,26회,2주 전
콜 오브 듀티: 모바일 게임,https://www.youtube.com/watch?v=0thXPXISQmA,2회,2주 전
콜 오브 듀티: 모바일 게임,https://www.youtube.com/watch?v=0FujXZEyyQU,1만회,2주 전
콜 오브 듀티: 모바일 게임,https://www.youtube.com/watch?v=RNShjUxiUJQ,5.5천회,2주 전
콜 오브 듀티: 모바일 게임,https://www.youtube.com/watch?v=xW2IhxJdLv4,253회,스트리밍 시간: 2주 전
콜 오브 듀티: 모바일 게임,https://www.youtube.com/watch?v=5I2lxXwfCGo,70회,스트리밍 시간: 2주 전
콜 오브 듀티: 모바일 게임,https://www.youtube.com/watch?v=yh2orb8zXjc,231회,2주 전
콜 오브 듀티: 모바일 게임,https://www.youtube.com/watch?v=Ymh1MK3fnu8,19회,스트리밍 시간: 2주 전
콜 오브 듀티: 모바일 게임,https://www.youtube.com/watch?v=aYlXKXKjftc,32회,스트리밍 시간: 2주 전
콜 오브 듀티: 모바일 게임,https://www.youtube.com/watch?v=aAvZlxca9dk,15회,스트리밍 시간: 2주 전
콜 오브 듀티: 모바일 게임,https://www.youtube.com/watch?v=vdp3GoFWGEA,16회,2주 전
콜 오브 듀티: 모바일 게임,https://www.youtube.com/watch?v=TIWD9Qtghw0,17회,2주 전
콜 오브 듀티: 모바일 게임,https://www.youtube.com/watch?v=VtvJHx_-tSo,12회,스트리밍 시간: 2주 전
콜 오브 듀티: 모바일 게임,https://www.youtube.com/watch?v=ZmbhXVlKfu8,29회,스트리밍 시간: 2주 전
콜 오브 듀티: 모바일 게임,https://www.youtube.com/watch?v=zhoiNhdlh4w,100회,2주 전
콜 오브 듀티: 모바일 게임,https://www.youtube.com/watch?v=HKKJ699KCgI,7.8천회,2주 전
콜 오브 듀티: 모바일 게임,https://www.youtube.com/watch?v=1r3Pkg1Xn-I,없음,스트리밍 시간: 2주 전
콜 오브 듀티: 모바일 게임,https://www.youtube.com/watch?v=PqB1eu2yiNw,20회,2주 전
콜 오브 듀티: 모바일 게임,https://www.youtube.com/watch?v=1HnYXGhcFMM,18회,2주 전
콜 오브 듀티: 모바일 게임,https://www.youtube.com/watch?v=P12LPnXtGWo,26회,스트리밍 시간: 2주 전
콜 오브 듀티: 모바일 게임,https://www.youtube.com/watch?v=k048trKoWUo,17회,스트리밍 시간: 2주 전
콜 오브 듀티: 모바일 게임,https://www.youtube.com/watch?v=Pc_dW6madTs,2회,2주 전
콜 오브 듀티: 모바일 게임,https://www.youtube.com/watch?v=xPVSv1rEXQk,1만회,3주 전
콜 오브 듀티: 모바일 게임,https://www.youtube.com/watch?v=938Xrrkmenk,3회,3주 전
콜 오브 듀티: 모바일 게임,https://www.youtube.com/watch?v=8kO92bFhaiM,5회,3주 전
콜 오브 듀티: 모바일 게임,https://www.youtube.com/watch?v=FVX_dszg3wg,29회,스트리밍 시간: 3주 전
콜 오브 듀티: 모바일 게임,https://www.youtube.com/watch?v=N6akglv7WIo,없음,3주 전
콜 오브 듀티: 모바일 게임,https://www.youtube.com/watch?v=YNMR4sn8g4o,17회,스트리밍 시간: 3주 전
콜 오브 듀티: 모바일 게임,https://www.youtube.com/watch?v=zKTz4gU-kfM,890회,3주 전
콜 오브 듀티: 모바일 게임,https://www.youtube.com/watch?v=NwXUe7Ld8NY,13회,스트리밍 시간: 3주 전
콜 오브 듀티: 모바일 게임,https://www.youtube.com/watch?v=jTYU1wQdyos,12회,스트리밍 시간: 3주 전
콜 오브 듀티: 모바일 게임,https://www.youtube.com/watch?v=ni8toiGh2Yo,32회,스트리밍 시간: 3주 전
콜 오브 듀티: 모바일 게임,https://www.youtube.com/watch?v=1bSfOLUljcg,16회,3주 전
콜 오브 듀티: 모바일 게임,https://www.youtube.com/watch?v=cTToJVvrDEw,16회,스트리밍 시간: 3주 전
콜 오브 듀티: 모바일 게임,https://www.youtube.com/watch?v=-U6TJl9ccwI,8회,3주 전
콜 오브 듀티: 모바일 게임,https://www.youtube.com/watch?v=5-QuR_x4PVU,25회,스트리밍 시간: 3주 전
콜 오브 듀티: 모바일 게임,https://www.youtube.com/watch?v=fo7-ItABzfU,22회,3주 전
콜 오브 듀티: 모바일 게임,https://www.youtube.com/watch?v=s-giRg2cPPg,7.7천회,3주 전
콜 오브 듀티: 모바일 게임,https://www.youtube.com/watch?v=nxVx4uUiJrU,26회,스트리밍 시간: 3주 전
콜 오브 듀티: 모바일 게임,https://www.youtube.com/watch?v=oYQ4RETvwII,없음,3주 전
콜 오브 듀티: 모바일 게임,https://www.youtube.com/watch?v=3zvaa20VOfI,63회,스트리밍 시간: 3주 전
콜 오브 듀티: 모바일 게임,https://www.youtube.com/watch?v=iKciihc7UPA,5회,3주 전
콜 오브 듀티: 모바일 게임,https://www.youtube.com/watch?v=GL81WfHUK4w,30회,3주 전
콜 오브 듀티: 모바일 게임,https://www.youtube.com/watch?v=WSEJ2yeaAz4,4회,3주 전
콜 오브 듀티: 모바일 게임,https://www.youtube.com/watch?v=QditiUH6FM0,11회,3주 전
콜 오브 듀티: 모바일 게임,https://www.youtube.com/watch?v=0Kmx4KD01LQ,2.4천회,3주 전
콜 오브 듀티: 모바일 게임,https://www.youtube.com/watch?v=W5bfMqVcNY0,4회,3주 전
콜 오브 듀티: 모바일 게임,https://www.youtube.com/watch?v=2FNb1uFh1y4,1.4만회,3주 전
콜 오브 듀티: 모바일 게임,https://www.youtube.com/watch?v=eaarPJSrX9Y,34회,스트리밍 시간: 3주 전
콜 오브 듀티: 모바일 게임,https://www.youtube.com/watch?v=16_y2l6X0SU,26회,3주 전
콜 오브 듀티: 모바일 게임,https://www.youtube.com/watch?v=K8wEdmanedU,28회,3주 전
콜 오브 듀티: 모바일 게임,https://www.youtube.com/watch?v=smwHYXn2L68,17회,3주 전
콜 오브 듀티: 모바일 게임,https://www.youtube.com/watch?v=bW8exIQDvCQ,31회,3주 전
콜 오브 듀티: 모바일 게임,https://www.youtube.com/watch?v=pF_BBetpZ0g,679회,3주 전
콜 오브 듀티: 모바일 게임,https://www.youtube.com/watch?v=6m6MXJ3_24M,12회,3주 전
콜 오브 듀티: 모바일 게임,https://www.youtube.com/watch?v=55r_4cooH18,12회,3주 전
콜 오브 듀티: 모바일 게임,https://www.youtube.com/watch?v=3-4dum3TbvI,417회,3주 전
콜 오브 듀티: 모바일 게임,https://www.youtube.com/watch?v=YfS-Cr-XmK0,21회,3주 전
콜 오브 듀티: 모바일 게임,https://www.youtube.com/watch?v=hg4XTRgys1w,43회,3주 전
콜 오브 듀티: 모바일 게임,https://www.youtube.com/watch?v=F03ZbNMSvHY,2회,3주 전
콜 오브 듀티: 모바일 게임,https://www.youtube.com/watch?v=CWdj-QjU7Ic,78회,3주 전
콜 오브 듀티: 모바일 게임,https://www.youtube.com/watch?v=zN5uA39haF4,10회,3주 전
콜 오브 듀티: 모바일 게임,https://www.youtube.com/watch?v=sqKpDsrpW8Q,9회,3주 전
콜 오브 듀티: 모바일 게임,https://www.youtube.com/watch?v=AMLVO4nJ4tk,9회,스트리밍 시간: 3주 전
콜 오브 듀티: 모바일 게임,https://www.youtube.com/watch?v=E5ZWDpMqINw,9.6천회,4주 전
콜 오브 듀티: 모바일 게임,https://www.youtube.com/watch?v=GGkEX-6im_Y,7회,4주 전
콜 오브 듀티: 모바일 게임,https://www.youtube.com/watch?v=huRrTt0rqYc,9회,4주 전
콜 오브 듀티: 모바일 게임,https://www.youtube.com/watch?v=_JuAqywmqPU,5회,4주 전
콜 오브 듀티: 모바일 게임,https://www.youtube.com/watch?v=9MgMiARTkNw,36회,4주 전
콜 오브 듀티: 모바일 게임,https://www.youtube.com/watch?v=kbibHXOhgps,34회,4주 전
콜 오브 듀티: 모바일 게임,https://www.youtube.com/watch?v=NiNV9m8wZx8,234회,4주 전
콜 오브 듀티: 모바일 게임,https://www.youtube.com/watch?v=ruTvFDpPk4U,3.2만회,4주 전
콜 오브 듀티: 모바일 게임,https://www.youtube.com/watch?v=UM-on89h2Vs,43회,스트리밍 시간: 4주 전
콜 오브 듀티: 모바일 게임,https://www.youtube.com/watch?v=H9nHPcqt8ik,15회,스트리밍 시간: 4주 전
콜 오브 듀티: 모바일 게임,https://www.youtube.com/watch?v=GK-XXRtlmkc,1회,1개월 전
콜 오브 듀티: 모바일 게임,https://www.youtube.com/watch?v=HWJPI39FPPY,4천회,1개월 전
콜 오브 듀티: 모바일 게임,https://www.youtube.com/watch?v=0iFeQoF7t4U,10회,1개월 전
콜 오브 듀티: 모바일 게임,https://www.youtube.com/watch?v=VTGQ-XwnJRE,41회,스트리밍 시간: 1개월 전
콜 오브 듀티: 모바일 게임,https://www.youtube.com/watch?v=g63JAPWCvok,6회,1개월 전
콜 오브 듀티: 모바일 게임,https://www.youtube.com/watch?v=27kG079JcZE,5회,1개월 전
콜 오브 듀티: 모바일 게임,https://www.youtube.com/watch?v=PvGI47kAjKU,12회,1개월 전
콜 오브 듀티: 모바일 게임,https://www.youtube.com/watch?v=Vua-v8UxEwI,15회,1개월 전
콜 오브 듀티: 모바일 게임,https://www.youtube.com/watch?v=k8m-wgrelZI,52회,스트리밍 시간: 1개월 전
콜 오브 듀티: 모바일 게임,https://www.youtube.com/watch?v=Foi0bS5aExg,1.5만회,1개월 전
콜 오브 듀티: 모바일 게임,https://www.youtube.com/watch?v=9iZttxgMgQE,12회,1개월 전
콜 오브 듀티: 모바일 게임,https://www.youtube.com/watch?v=Re_Fr-tQW6M,21회,스트리밍 시간: 1개월 전
콜 오브 듀티: 모바일 게임,https://www.youtube.com/watch?v=Mn-s8tydlLc,637회,1개월 전
콜 오브 듀티: 모바일 게임,https://www.youtube.com/watch?v=60xEGH6qkPo,18회,1개월 전
콜 오브 듀티: 모바일 게임,https://www.youtube.com/watch?v=C5_OZkv-Roo,33회,스트리밍 시간: 1개월 전
콜 오브 듀티: 모바일 게임,https://www.youtube.com/watch?v=ALnwmzlsL_Q,47회,스트리밍 시간: 1개월 전
콜 오브 듀티: 모바일 게임,https://www.youtube.com/watch?v=FemkJ1Y8NQ8,16회,1개월 전
콜 오브 듀티: 모바일 게임,https://www.youtube.com/watch?v=9Dylw0zgsuo,491회,1개월 전
콜 오브 듀티: 모바일 게임,https://www.youtube.com/watch?v=l4VV3O_0_po,63회,1개월 전
콜 오브 듀티: 모바일 게임,https://www.youtube.com/watch?v=I9OHrwo_LVo,5회,1개월 전
콜 오브 듀티: 모바일 게임,https://www.youtube.com/watch?v=JHU26GcbrQI,2.1천회,1개월 전
콜 오브 듀티: 모바일 게임,https://www.youtube.com/watch?v=nOgFPcYKsyg,9회,1개월 전
콜 오브 듀티: 모바일 게임,https://www.youtube.com/watch?v=MANon7u3Zgc,30회,1개월 전
콜 오브 듀티: 모바일 게임,https://www.youtube.com/watch?v=6ew5RAgNByE,7회,1개월 전
콜 오브 듀티: 모바일 게임,https://www.youtube.com/watch?v=53K0BtCuKwA,80회,1개월 전
콜 오브 듀티: 모바일 게임,https://www.youtube.com/watch?v=DbDEZuwxTyY,152회,스트리밍 시간: 1개월 전
콜 오브 듀티: 모바일 게임,https://www.youtube.com/watch?v=d0UMjAY3W20,2.6천회,1개월 전
콜 오브 듀티: 모바일 게임,https://www.youtube.com/watch?v=-JIx113eQAc,20회,1개월 전
콜 오브 듀티: 모바일 게임,https://www.youtube.com/watch?v=rYTxS9osuiU,25회,1개월 전
콜 오브 듀티: 모바일 게임,https://www.youtube.com/watch?v=Ytxw6xCZZWg,3회,1개월 전
콜 오브 듀티: 모바일 게임,https://www.youtube.com/watch?v=PQQUu_ZI61I,37회,1개월 전
콜 오브 듀티: 모바일 게임,https://www.youtube.com/watch?v=r3cD6g6d900,5회,1개월 전
콜 오브 듀티: 모바일 게임,https://www.youtube.com/watch?v=9q5-nj9bx2Q,3회,1개월 전
콜 오브 듀티: 모바일 게임,https://www.youtube.com/watch?v=Lkk99xQjlZE,14회,1개월 전
콜 오브 듀티: 모바일 게임,https://www.youtube.com/watch?v=bYK-zieEjLo,없음,1개월 전
콜 오브 듀티: 모바일 게임,https://www.youtube.com/watch?v=HUObOCgdBwE,663회,1개월 전
콜 오브 듀티: 모바일 게임,https://www.youtube.com/watch?v=EHFNjGuBogc,606회,1개월 전
콜 오브 듀티: 모바일 게임,https://www.youtube.com/watch?v=Txt7X7LRXnA,573회,1개월 전
콜 오브 듀티: 모바일 게임,https://www.youtube.com/watch?v=7Gi7h-EuzRM,1.2만회,1개월 전
콜 오브 듀티: 모바일 게임,https://www.youtube.com/watch?v=XwjXhknU8N4,3.6천회,1개월 전
콜 오브 듀티: 모바일 게임,https://www.youtube.com/watch?v=YqIAdobqavk,41회,1개월 전
콜 오브 듀티: 모바일 게임,https://www.youtube.com/watch?v=kmZyXc8il9Q,22회,1개월 전
콜 오브 듀티: 모바일 게임,https://www.youtube.com/watch?v=g_9GYJqxiT0,4회,1개월 전
콜 오브 듀티: 모바일 게임,https://www.youtube.com/watch?v=-2sU4oH1FZc,14회,1개월 전
콜 오브 듀티: 모바일 게임,https://www.youtube.com/watch?v=hjfNT0iARew,24회,1개월 전
콜 오브 듀티: 모바일 게임,https://www.youtube.com/watch?v=DA0jr4MO9aI,33회,1개월 전
콜 오브 듀티: 모바일 게임,https://www.youtube.com/watch?v=D0IleYbgLWU,146회,1개월 전
콜 오브 듀티: 모바일 게임,https://www.youtube.com/watch?v=zLhKHMMPctc,2회,1개월 전
콜 오브 듀티: 모바일 게임,https://www.youtube.com/watch?v=zsT63pAfCaI,912회,1개월 전
콜 오브 듀티: 모바일 게임,https://www.youtube.com/watch?v=FAUSC8usr5w,5회,스트리밍 시간: 1개월 전
콜 오브 듀티: 모바일 게임,https://www.youtube.com/watch?v=AmrRikl5viI,6.9천회,1개월 전
콜 오브 듀티: 모바일 게임,https://www.youtube.com/watch?v=XM_8I49RTFM,4회,1개월 전
콜 오브 듀티: 모바일 게임,https://www.youtube.com/watch?v=2Iq7Pn00Wjo,2.5만회,1개월 전
콜 오브 듀티: 모바일 게임,https://www.youtube.com/watch?v=BHmd51H-6vE,3회,1개월 전
콜 오브 듀티: 모바일 게임,https://www.youtube.com/watch?v=H4E4ZvfKMng,14회,1개월 전
콜 오브 듀티: 모바일 게임,https://www.youtube.com/watch?v=nWbMDKCyT18,9.6천회,1개월 전
콜 오브 듀티: 모바일 게임,https://www.youtube.com/watch?v=TbofiMyemB4,990회,1개월 전
콜 오브 듀티: 모바일 게임,https://www.youtube.com/watch?v=UXWK7ACTaLM,50회,1개월 전
콜 오브 듀티: 모바일 게임,https://www.youtube.com/watch?v=iHVxNF7t-l4,13회,1개월 전
콜 오브 듀티: 모바일 게임,https://www.youtube.com/watch?v=B3ApaxKRfaE,101회,1개월 전
콜 오브 듀티: 모바일 게임,https://www.youtube.com/watch?v=ORAFJq5PRwc,73회,1개월 전
콜 오브 듀티: 모바일 게임,https://www.youtube.com/watch?v=qVy6ny_EeOQ,8회,1개월 전
콜 오브 듀티: 모바일 게임,https://www.youtube.com/watch?v=m3OatpUqcF0,39회,1개월 전
콜 오브 듀티: 모바일 게임,https://www.youtube.com/watch?v=vR7cTfCTj9g,1.4천회,1개월 전
콜 오브 듀티: 모바일 게임,https://www.youtube.com/watch?v=b6bu6qiHkKk,9회,1개월 전
콜 오브 듀티: 모바일 게임,https://www.youtube.com/watch?v=Zbto5jBNgvI,64회,1개월 전
콜 오브 듀티: 모바일 게임,https://www.youtube.com/watch?v=KJxiOjxLkw4,132회,1개월 전
콜 오브 듀티: 모바일 게임,https://www.youtube.com/watch?v=1tVlcp_Pjiw,3.7천회,1개월 전
콜 오브 듀티: 모바일 게임,https://www.youtube.com/watch?v=2RvoWxBeGQI,35회,1개월 전
콜 오브 듀티: 모바일 게임,https://www.youtube.com/watch?v=dUElyjgyo0Q,37회,스트리밍 시간: 1개월 전
콜 오브 듀티: 모바일 게임,https://www.youtube.com/watch?v=0yFTKDybhaA,24회,1개월 전
콜 오브 듀티: 모바일 게임,https://www.youtube.com/watch?v=d_VXVarFjgU,257회,1개월 전
콜 오브 듀티: 모바일 게임,https://www.youtube.com/watch?v=L2iRvvONboA,8회,1개월 전
콜 오브 듀티: 모바일 게임,https://www.youtube.com/watch?v=fVuOW6XpVQc,4.5만회,1개월 전
콜 오브 듀티: 모바일 게임,https://www.youtube.com/watch?v=ohup1z_zVZg,301회,1개월 전
콜 오브 듀티: 모바일 게임,https://www.youtube.com/watch?v=sAiABrSv4rE,2.7만회,1개월 전
콜 오브 듀티: 모바일 게임,https://www.youtube.com/watch?v=raEetX-QQl4,294회,1개월 전
콜 오브 듀티: 모바일 게임,https://www.youtube.com/watch?v=GQrdcC1zp6c,82회,1개월 전
콜 오브 듀티: 모바일 게임,https://www.youtube.com/watch?v=gXuNGT9ZZig,2.5천회,1개월 전
콜 오브 듀티: 모바일 게임,https://www.youtube.com/watch?v=c29Z0M7UfE8,20회,1개월 전
콜 오브 듀티: 모바일 게임,https://www.youtube.com/watch?v=eDN_MF95D_E,1.7만회,1개월 전
콜 오브 듀티: 모바일 게임,https://www.youtube.com/watch?v=B-VZ-4C4uFI,108회,1개월 전
콜 오브 듀티: 모바일 게임,https://www.youtube.com/watch?v=l9tg1n9poQQ,51회,1개월 전
콜 오브 듀티: 모바일 게임,https://www.youtube.com/watch?v=kuVvPi_6fuk,16회,1개월 전
콜 오브 듀티: 모바일 게임,https://www.youtube.com/watch?v=PIAk2hfcnIY,92회,1개월 전
콜 오브 듀티: 모바일 게임,https://www.youtube.com/watch?v=kVI_s7p9FJQ,4.6천회,1개월 전
콜 오브 듀티: 모바일 게임,https://www.youtube.com/watch?v=fczUulnG1II,9.4천회,1개월 전
콜 오브 듀티: 모바일 게임,https://www.youtube.com/watch?v=qKjfnBEfW78,1.8만회,1개월 전
콜 오브 듀티: 모바일 게임,https://www.youtube.com/watch?v=cD4pOYdIuMQ,360회,1개월 전
콜 오브 듀티: 모바일 게임,https://www.youtube.com/watch?v=7iQhEPOaY3U,1.2만회,1개월 전
콜 오브 듀티: 모바일 게임,https://www.youtube.com/watch?v=Gn9PgjvDCUY,1.3천회,스트리밍 시간: 1개월 전
콜 오브 듀티: 모바일 게임,https://www.youtube.com/watch?v=CaM1cVZAFf8,1.3만회,1개월 전
콜 오브 듀티: 모바일 게임,https://www.youtube.com/watch?v=H-E4vz2F43M,49회,1개월 전
콜 오브 듀티: 모바일 게임,https://www.youtube.com/watch?v=7Q74SJoosic,51회,1개월 전
콜 오브 듀티: 모바일 게임,https://www.youtube.com/watch?v=f8VXST_nCqY,80회,1개월 전
콜 오브 듀티: 모바일 게임,https://www.youtube.com/watch?v=UgphfeDuyqM,39회,1개월 전
콜 오브 듀티: 모바일 게임,https://www.youtube.com/watch?v=rYp59WVZ2ZI,56회,1개월 전
콜 오브 듀티: 모바일 게임,https://www.youtube.com/watch?v=xgtgTC1bwtQ,1.2천회,1개월 전
콜 오브 듀티: 모바일 게임,https://www.youtube.com/watch?v=hzVnpStIEA8,15회,스트리밍 시간: 1개월 전
콜 오브 듀티: 모바일 게임,https://www.youtube.com/watch?v=FEYwEoyus74,1.8만회,1개월 전
콜 오브 듀티: 모바일 게임,https://www.youtube.com/watch?v=bewk0P7S0lw,129회,1개월 전
콜 오브 듀티: 모바일 게임,https://www.youtube.com/watch?v=LCGP4svF2yM,2.5천회,1개월 전
콜 오브 듀티: 모바일 게임,https://www.youtube.com/watch?v=kSA8rp0U7v0,1.6천회,1개월 전
콜 오브 듀티: 모바일 게임,https://www.youtube.com/watch?v=Gk8pimCk-xQ,17회,1개월 전
콜 오브 듀티: 모바일 게임,https://www.youtube.com/watch?v=eFFdjzmpfjI,624회,1개월 전
콜 오브 듀티: 모바일 게임,https://www.youtube.com/watch?v=U-zrvY5K4P0,1.7만회,1개월 전
콜 오브 듀티: 모바일 게임,https://www.youtube.com/watch?v=8bMN5GUYaKE,1천회,1개월 전
콜 오브 듀티: 모바일 게임,https://www.youtube.com/watch?v=QSa9J5TgWww,34회,1개월 전
콜 오브 듀티: 모바일 게임,https://www.youtube.com/watch?v=98Oj22JcBL0,2회,1개월 전
콜 오브 듀티: 모바일 게임,https://www.youtube.com/watch?v=PjIv699Fmfc,414회,1개월 전
콜 오브 듀티: 모바일 게임,https://www.youtube.com/watch?v=N6UUBUttWLk,38회,1개월 전
콜 오브 듀티: 모바일 게임,https://www.youtube.com/watch?v=soAdkC8PyhM,1천회,1개월 전
콜 오브 듀티: 모바일 게임,https://www.youtube.com/watch?v=zBYPLjE-4SI,5천회,1개월 전
콜 오브 듀티: 모바일 게임,https://www.youtube.com/watch?v=c8mXDy9BnOU,2.5천회,1개월 전
콜 오브 듀티: 모바일 게임,https://www.youtube.com/watch?v=I00Gy-qlnKo,5회,1개월 전
콜 오브 듀티: 모바일 게임,https://www.youtube.com/watch?v=A45lUhOWSBU,25회,1개월 전
콜 오브 듀티: 모바일 게임,https://www.youtube.com/watch?v=3EEH7_0EVyM,122회,1개월 전
콜 오브 듀티: 모바일 게임,https://www.youtube.com/watch?v=kJ6jW_peh2g,25회,1개월 전
콜 오브 듀티: 모바일 게임,https://www.youtube.com/watch?v=IkbNY16C1gU,22회,스트리밍 시간: 1개월 전
콜 오브 듀티: 모바일 게임,https://www.youtube.com/watch?v=gYsTlgLRqFs,3.5만회,1개월 전
콜 오브 듀티: 모바일 게임,https://www.youtube.com/watch?v=ZWmU30uvS7c,17회,1개월 전
콜 오브 듀티: 모바일 게임,https://www.youtube.com/watch?v=F9h8QMIazKw,14회,1개월 전
콜 오브 듀티: 모바일 게임,https://www.youtube.com/watch?v=hxzowgWAGpI,102회,1개월 전
콜 오브 듀티: 모바일 게임,https://www.youtube.com/watch?v=2zgXEekVerc,53회,1개월 전
콜 오브 듀티: 모바일 게임,https://www.youtube.com/watch?v=GA9eCwWKzKM,13회,1개월 전
콜 오브 듀티: 모바일 게임,https://www.youtube.com/watch?v=sFSjxt1SyaM,2.8만회,1개월 전
콜 오브 듀티: 모바일 게임,https://www.youtube.com/watch?v=dEQdHfxx61k,216회,1개월 전
콜 오브 듀티: 모바일 게임,https://www.youtube.com/watch?v=grRK7zU_PHE,90회,1개월 전
콜 오브 듀티: 모바일 게임,https://www.youtube.com/watch?v=puRTT8wPNUU,15회,1개월 전
콜 오브 듀티: 모바일 게임,https://www.youtube.com/watch?v=nfZfu-EAA8w,365회,1개월 전
콜 오브 듀티: 모바일 게임,https://www.youtube.com/watch?v=2yCx09eLmw4,64회,1개월 전
콜 오브 듀티: 모바일 게임,https://www.youtube.com/watch?v=IZKY_MwewUc,15회,1개월 전
콜 오브 듀티: 모바일 게임,https://www.youtube.com/watch?v=UMwvzXWkcsY,117회,1개월 전
콜 오브 듀티: 모바일 게임,https://www.youtube.com/watch?v=jyXibg-QlxY,163회,1개월 전
콜 오브 듀티: 모바일 게임,https://www.youtube.com/watch?v=e5iOmh2RKCc,301회,1개월 전
콜 오브 듀티: 모바일 게임,https://www.youtube.com/watch?v=SYyv-h06_NM,224회,1개월 전
콜 오브 듀티: 모바일 게임,https://www.youtube.com/watch?v=UHY-lkoiskk,42회,1개월 전
콜 오브 듀티: 모바일 게임,https://www.youtube.com/watch?v=hHUBV6zj_Qo,31회,1개월 전
콜 오브 듀티: 모바일 게임,https://www.youtube.com/watch?v=HK0qzOa8N3o,177회,스트리밍 시간: 1개월 전
콜 오브 듀티: 모바일 게임,https://www.youtube.com/watch?v=bRiEhX97KLA,310회,1개월 전
콜 오브 듀티: 모바일 게임,https://www.youtube.com/watch?v=TxQtQXFEYwU,136회,1개월 전
콜 오브 듀티: 모바일 게임,https://www.youtube.com/watch?v=Ca0Hf1i7aMc,32회,1개월 전
콜 오브 듀티: 모바일 게임,https://www.youtube.com/watch?v=Nv1wt95jwZY,6천회,1개월 전
콜 오브 듀티: 모바일 게임,https://www.youtube.com/watch?v=cDLNualYFEU,4.4천회,1개월 전
콜 오브 듀티: 모바일 게임,https://www.youtube.com/watch?v=ZZwOuIp2Ti4,3.7천회,스트리밍 시간: 1개월 전
콜 오브 듀티: 모바일 게임,https://www.youtube.com/watch?v=Ux96KW0bk34,122회,스트리밍 시간: 1개월 전
콜 오브 듀티: 모바일 게임,https://www.youtube.com/watch?v=W6L_xdwUJGU,1.9천회,1개월 전
콜 오브 듀티: 모바일 게임,https://www.youtube.com/watch?v=ijH3YFNkFqM,5.7만회,1개월 전
콜 오브 듀티: 모바일 게임,https://www.youtube.com/watch?v=8OIKQTZWcVI,1.6천회,1개월 전
콜 오브 듀티: 모바일 게임,https://www.youtube.com/watch?v=TtDBSo755y0,150회,1개월 전
콜 오브 듀티: 모바일 게임,https://www.youtube.com/watch?v=is4-7DPjbSg,480회,1개월 전
콜 오브 듀티: 모바일 게임,https://www.youtube.com/watch?v=ezoc3_VOwUQ,3.5천회,1개월 전
콜 오브 듀티: 모바일 게임,https://www.youtube.com/watch?v=x1IrzDngAT0,306회,1개월 전
콜 오브 듀티: 모바일 게임,https://www.youtube.com/watch?v=xb8FHOTEidM,160회,스트리밍 시간: 1개월 전
콜 오브 듀티: 모바일 게임,https://www.youtube.com/watch?v=SLcQW1fyd8k,287회,1개월 전
콜 오브 듀티: 모바일 게임,https://www.youtube.com/watch?v=JAATzBxECNQ,3.4천회,1개월 전
콜 오브 듀티: 모바일 게임,https://www.youtube.com/watch?v=C3meMENCAhk,606회,1개월 전
콜 오브 듀티: 모바일 게임,https://www.youtube.com/watch?v=mxIDYvAt_TE,3.1천회,1개월 전
콜 오브 듀티: 모바일 게임,https://www.youtube.com/watch?v=CTf0wNSB5_A,41회,1개월 전
콜 오브 듀티: 모바일 게임,https://www.youtube.com/watch?v=rKMarPe5JMo,11만회,1개월 전
콜 오브 듀티: 모바일 게임,https://www.youtube.com/watch?v=yeFFES2gAbg,449회,1개월 전
콜 오브 듀티: 모바일 게임,https://www.youtube.com/watch?v=Y4TSFKSZVxI,19만회,1개월 전
콜 오브 듀티: 모바일 게임,https://www.youtube.com/watch?v=QE5BZv3hKL0,38회,1개월 전
콜 오브 듀티: 모바일 게임,https://www.youtube.com/watch?v=J5LA12PLwyY,5.9만회,1개월 전
콜 오브 듀티: 모바일 게임,https://www.youtube.com/watch?v=l77RB5_g2zo,243회,1개월 전
콜 오브 듀티: 모바일 게임,https://www.youtube.com/watch?v=0iX6mQKzgqE,110회,1개월 전
콜 오브 듀티: 모바일 게임,https://www.youtube.com/watch?v=KbaIlFi5VJw,1.7천회,1개월 전
콜 오브 듀티: 모바일 게임,https://www.youtube.com/watch?v=pj95kpuy9Cc,227회,1개월 전
콜 오브 듀티: 모바일 게임,https://www.youtube.com/watch?v=1v3TUSYN9og,8.5만회,1개월 전
콜 오브 듀티: 모바일 게임,https://www.youtube.com/watch?v=hdGLrkuRFhg,4.1천회,1개월 전
콜 오브 듀티: 모바일 게임,https://www.youtube.com/watch?v=EVopcGlKHYM,1.2천회,1개월 전
콜 오브 듀티: 모바일 게임,https://www.youtube.com/watch?v=I1OxPxl2m4c,482회,1개월 전
콜 오브 듀티: 모바일 게임,https://www.youtube.com/watch?v=p2hgmevBMN4,353회,1개월 전
콜 오브 듀티: 모바일 게임,https://www.youtube.com/watch?v=tHWr1EhboP4,874회,1개월 전
콜 오브 듀티: 모바일 게임,https://www.youtube.com/watch?v=m05ID-FD794,499회,1개월 전
콜 오브 듀티: 모바일 게임,https://www.youtube.com/watch?v=ZN7jt6_Ww44,125회,스트리밍 시간: 1개월 전
콜 오브 듀티: 모바일 게임,https://www.youtube.com/watch?v=nvSxsWBdR7g,122회,1개월 전
콜 오브 듀티: 모바일 게임,https://www.youtube.com/watch?v=WzKKfcdbqYY,598회,1개월 전
콜 오브 듀티: 모바일 게임,https://www.youtube.com/watch?v=guOL_3i6SrY,18회,1개월 전
콜 오브 듀티: 모바일 게임,https://www.youtube.com/watch?v=dig0fVgZQns,630회,1개월 전
콜 오브 듀티: 모바일 게임,https://www.youtube.com/watch?v=KW77DlEb1HU,280회,스트리밍 시간: 1개월 전
콜 오브 듀티: 모바일 게임,https://www.youtube.com/watch?v=gppAHd7BWh8,168회,1개월 전
콜 오브 듀티: 모바일 게임,https://www.youtube.com/watch?v=J4SHHTEj_WY,72회,1개월 전
콜 오브 듀티: 모바일 게임,https://www.youtube.com/watch?v=26udBR1m1qw,407회,1개월 전
콜 오브 듀티: 모바일 게임,https://www.youtube.com/watch?v=NVeT4p7FjCI,815회,스트리밍 시간: 2개월 전
콜 오브 듀티: 모바일 게임,https://www.youtube.com/watch?v=ruqoaaU06mQ,228회,2개월 전
콜 오브 듀티: 모바일 게임,https://www.youtube.com/watch?v=bIgU6EgoohM,71회,2개월 전
콜 오브 듀티: 모바일 게임,https://www.youtube.com/watch?v=VPxKTP6gvxQ,171회,2개월 전
콜 오브 듀티: 모바일 게임,https://www.youtube.com/watch?v=Q8IHjt-5J9E,381회,2개월 전
콜 오브 듀티: 모바일 게임,https://www.youtube.com/watch?v=qAhWxbPjNS8,2.3만회,2개월 전
콜 오브 듀티: 모바일 게임,https://www.youtube.com/watch?v=FnHKhqhklfU,228회,2개월 전
콜 오브 듀티: 모바일 게임,https://www.youtube.com/watch?v=6oLsMRSd_oI,1.1만회,2개월 전
콜 오브 듀티: 모바일 게임,https://www.youtube.com/watch?v=L29Gc5_9HmU,46회,2개월 전
콜 오브 듀티: 모바일 게임,https://www.youtube.com/watch?v=f3tGyw3RbAw,846회,스트리밍 시간: 2개월 전
콜 오브 듀티: 모바일 게임,https://www.youtube.com/watch?v=MygrrkFrMDI,10만회,2개월 전
콜 오브 듀티: 모바일 게임,https://www.youtube.com/watch?v=p1oUov5Jz0k,138회,스트리밍 시간: 2개월 전
콜 오브 듀티: 모바일 게임,https://www.youtube.com/watch?v=_jysycC-lEU,14만회,2개월 전
콜 오브 듀티: 모바일 게임,https://www.youtube.com/watch?v=_vEDfTovnWU,2만회,2개월 전
콜 오브 듀티: 모바일 게임,https://www.youtube.com/watch?v=JzSHMlTwJH0,337회,2개월 전
콜 오브 듀티: 모바일 게임,https://www.youtube.com/watch?v=jIubyvGFQzA,293회,2개월 전
콜 오브 듀티: 모바일 게임,https://www.youtube.com/watch?v=3oRseO2s-qg,578회,2개월 전
콜 오브 듀티: 모바일 게임,https://www.youtube.com/watch?v=s53JgC7PnbA,134회,2개월 전
콜 오브 듀티: 모바일 게임,https://www.youtube.com/watch?v=eZgwjg0YxKo,1천회,2개월 전
콜 오브 듀티: 모바일 게임,https://www.youtube.com/watch?v=ETFK5C6Bz9s,1.2만회,2개월 전
콜 오브 듀티: 모바일 게임,https://www.youtube.com/watch?v=BGBgtqq_7Y0,7.7천회,2개월 전
콜 오브 듀티: 모바일 게임,https://www.youtube.com/watch?v=gTd-qhhWKCU,1.1천회,2개월 전
콜 오브 듀티: 모바일 게임,https://www.youtube.com/watch?v=f642kCcdUYE,559회,2개월 전
콜 오브 듀티: 모바일 게임,https://www.youtube.com/watch?v=VfO1qngnabQ,9.1만회,2개월 전
콜 오브 듀티: 모바일 게임,https://www.youtube.com/watch?v=vkIEBBQrn8s,6.1천회,2개월 전
콜 오브 듀티: 모바일 게임,https://www.youtube.com/watch?v=m0EkG6orDfo,3.6만회,2개월 전
콜 오브 듀티: 모바일 게임,https://www.youtube.com/watch?v=yaBUtQwybrE,8.3천회,2개월 전
콜 오브 듀티: 모바일 게임,https://www.youtube.com/watch?v=rMhvRTnf05Q,3천회,2개월 전
콜 오브 듀티: 모바일 게임,https://www.youtube.com/watch?v=9joisoWFE3g,1만회,2개월 전
콜 오브 듀티: 모바일 게임,https://www.youtube.com/watch?v=4i1bYfp12nU,63회,2개월 전
콜 오브 듀티: 모바일 게임,https://www.youtube.com/watch?v=JbPFnTdqJAc,1.8만회,2개월 전
콜 오브 듀티: 모바일 게임,https://www.youtube.com/watch?v=8c2ivxkahFM,5.8천회,2개월 전
콜 오브 듀티: 모바일 게임,https://www.youtube.com/watch?v=WMbzdrG4w4k,238회,2개월 전
콜 오브 듀티: 모바일 게임,https://www.youtube.com/watch?v=CN_eDWtLtec,769회,2개월 전
콜 오브 듀티: 모바일 게임,https://www.youtube.com/watch?v=3FCvCJSi2IY,328회,2개월 전
콜 오브 듀티: 모바일 게임,https://www.youtube.com/watch?v=h0Y25O5edp8,695회,2개월 전
콜 오브 듀티: 모바일 게임,https://www.youtube.com/watch?v=W4RbFwdc6QI,3.3천회,2개월 전
콜 오브 듀티: 모바일 게임,https://www.youtube.com/watch?v=TrrQWP9xOsg,2.6천회,2개월 전
콜 오브 듀티: 모바일 게임,https://www.youtube.com/watch?v=DR8CS4rPnD8,34만회,2개월 전
콜 오브 듀티: 모바일 게임,https://www.youtube.com/watch?v=E9dgPOxGZ7k,567회,스트리밍 시간: 2개월 전
콜 오브 듀티: 모바일 게임,https://www.youtube.com/watch?v=uCX-cNCeYWU,61회,2개월 전
콜 오브 듀티: 모바일 게임,https://www.youtube.com/watch?v=baGWEMdljWA,811회,2개월 전
콜 오브 듀티: 모바일 게임,https://www.youtube.com/watch?v=e3O207lQToc,3.8천회,2개월 전
콜 오브 듀티: 모바일 게임,https://www.youtube.com/watch?v=iqC04AVR2qE,527회,2개월 전
콜 오브 듀티: 모바일 게임,https://www.youtube.com/watch?v=qTVTL5bzxM8,276회,2개월 전
콜 오브 듀티: 모바일 게임,https://www.youtube.com/watch?v=-E2MkZrJjgk,308회,2개월 전
콜 오브 듀티: 모바일 게임,https://www.youtube.com/watch?v=QrFoIXWhj5c,9.8만회,2개월 전
콜 오브 듀티: 모바일 게임,https://www.youtube.com/watch?v=OtZkzAXohbA,164회,2개월 전
콜 오브 듀티: 모바일 게임,https://www.youtube.com/watch?v=CixwSRpoFnE,100회,스트리밍 시간: 2개월 전
콜 오브 듀티: 모바일 게임,https://www.youtube.com/watch?v=SGTCXLN5Yew,5.8천회,2개월 전
콜 오브 듀티: 모바일 게임,https://www.youtube.com/watch?v=2bYq3yocvtE,159회,스트리밍 시간: 2개월 전
콜 오브 듀티: 모바일 게임,https://www.youtube.com/watch?v=D0hJ78Hnvkk,99회,2개월 전
콜 오브 듀티: 모바일 게임,https://www.youtube.com/watch?v=6h7XqwIc9i4,870회,2개월 전
콜 오브 듀티: 모바일 게임,https://www.youtube.com/watch?v=nAxA_7f-o3w,75회,스트리밍 시간: 2개월 전
콜 오브 듀티: 모바일 게임,https://www.youtube.com/watch?v=TpTnFUWv3cg,656회,2개월 전
콜 오브 듀티: 모바일 게임,https://www.youtube.com/watch?v=XNdVHlgNKbU,10만회,2개월 전
콜 오브 듀티: 모바일 게임,https://www.youtube.com/watch?v=SXxeFDa9kFk,8.3만회,2개월 전
콜 오브 듀티: 모바일 게임,https://www.youtube.com/watch?v=BVt-ReogLZ4,465회,2개월 전
콜 오브 듀티: 모바일 게임,https://www.youtube.com/watch?v=VdWSN9DCZEQ,262회,2개월 전
콜 오브 듀티: 모바일 게임,https://www.youtube.com/watch?v=x3txVcQktbU,917회,스트리밍 시간: 2개월 전
콜 오브 듀티: 모바일 게임,https://www.youtube.com/watch?v=moIfT_IuQUo,3.3만회,2개월 전
콜 오브 듀티: 모바일 게임,https://www.youtube.com/watch?v=SzFzSsvX_QQ,3.3천회,2개월 전
콜 오브 듀티: 모바일 게임,https://www.youtube.com/watch?v=KR_JGGh3R44,2.8천회,스트리밍 시간: 2개월 전
콜 오브 듀티: 모바일 게임,https://www.youtube.com/watch?v=kfHHYvxg39w,27회,2개월 전
콜 오브 듀티: 모바일 게임,https://www.youtube.com/watch?v=3n5oLNosrgg,7천회,2개월 전
콜 오브 듀티: 모바일 게임,https://www.youtube.com/watch?v=w0zPWAgErj8,235회,2개월 전
콜 오브 듀티: 모바일 게임,https://www.youtube.com/watch?v=AnF96yXYXgA,4.1만회,2개월 전
콜 오브 듀티: 모바일 게임,https://www.youtube.com/watch?v=Owt01J6k6P4,1.6천회,2개월 전
콜 오브 듀티: 모바일 게임,https://www.youtube.com/watch?v=8gHNoy0WFUI,73회,2개월 전
콜 오브 듀티: 모바일 게임,https://www.youtube.com/watch?v=lrISfkE1F64,50회,스트리밍 시간: 2개월 전
콜 오브 듀티: 모바일 게임,https://www.youtube.com/watch?v=zZ_rcnVv_0g,125회,스트리밍 시간: 2개월 전
콜 오브 듀티: 모바일 게임,https://www.youtube.com/watch?v=N3b9Ut5Svns,142회,2개월 전
콜 오브 듀티: 모바일 게임,https://www.youtube.com/watch?v=rCpbr0IFe8M,1.2천회,2개월 전
콜 오브 듀티: 모바일 게임,https://www.youtube.com/watch?v=aCoihkIE-kA,12만회,2개월 전
콜 오브 듀티: 모바일 게임,https://www.youtube.com/watch?v=UhDlbq8qOEk,125회,2개월 전
콜 오브 듀티: 모바일 게임,https://www.youtube.com/watch?v=uGdPyfHVcUs,4.9만회,2개월 전
콜 오브 듀티: 모바일 게임,https://www.youtube.com/watch?v=WCZkTpoEzdE,793회,2개월 전
콜 오브 듀티: 모바일 게임,https://www.youtube.com/watch?v=2_-V0hIOD14,153회,스트리밍 시간: 2개월 전
콜 오브 듀티: 모바일 게임,https://www.youtube.com/watch?v=If3eOo2Fkrc,107회,2개월 전
콜 오브 듀티: 모바일 게임,https://www.youtube.com/watch?v=GlyrHOnlL7k,272회,2개월 전
콜 오브 듀티: 모바일 게임,https://www.youtube.com/watch?v=RKFzjSQM0go,222회,2개월 전
콜 오브 듀티: 모바일 게임,https://www.youtube.com/watch?v=1Gkcyk7EByw,395회,2개월 전
콜 오브 듀티: 모바일 게임,https://www.youtube.com/watch?v=e1Uq05YoKvg,23회,2개월 전
콜 오브 듀티: 모바일 게임,https://www.youtube.com/watch?v=Gk3LCagTzWI,4.9천회,2개월 전
콜 오브 듀티: 모바일 게임,https://www.youtube.com/watch?v=o7wHKKI__p4,1.1천회,2개월 전
콜 오브 듀티: 모바일 게임,https://www.youtube.com/watch?v=191EgkzB3Ho,1.5천회,2개월 전
콜 오브 듀티: 모바일 게임,https://www.youtube.com/watch?v=lK2-SF3jGlE,115회,2개월 전
콜 오브 듀티: 모바일 게임,https://www.youtube.com/watch?v=1t3zb7RA2Q8,5.1만회,2개월 전
콜 오브 듀티: 모바일 게임,https://www.youtube.com/watch?v=K-wArdAjBGY,110회,2개월 전
콜 오브 듀티: 모바일 게임,https://www.youtube.com/watch?v=erac7yqMMOI,137회,2개월 전
콜 오브 듀티: 모바일 게임,https://www.youtube.com/watch?v=HW9jGpWh4sE,881회,2개월 전
콜 오브 듀티: 모바일 게임,https://www.youtube.com/watch?v=2thGA9IyrYQ,97회,2개월 전
콜 오브 듀티: 모바일 게임,https://www.youtube.com/watch?v=7Ga2Xnu5Ik8,1.6천회,2개월 전
콜 오브 듀티: 모바일 게임,https://www.youtube.com/watch?v=WdZGxyL4ljQ,932회,2개월 전
콜 오브 듀티: 모바일 게임,https://www.youtube.com/watch?v=_kfE17wL55s,3.2만회,2개월 전
콜 오브 듀티: 모바일 게임,https://www.youtube.com/watch?v=43Abs6q2b5k,89회,2개월 전
콜 오브 듀티: 모바일 게임,https://www.youtube.com/watch?v=yrQMF9TACxY,608회,2개월 전
콜 오브 듀티: 모바일 게임,https://www.youtube.com/watch?v=fAF4C7BvDfI,2.4만회,2개월 전
콜 오브 듀티: 모바일 게임,https://www.youtube.com/watch?v=1cWry9LxXcs,198회,2개월 전
콜 오브 듀티: 모바일 게임,https://www.youtube.com/watch?v=ofHqBrsy4Ow,2.4만회,2개월 전
콜 오브 듀티: 모바일 게임,https://www.youtube.com/watch?v=ko5iuouplZ8,924회,2개월 전
콜 오브 듀티: 모바일 게임,https://www.youtube.com/watch?v=d6pUBfPHKu0,1.5천회,2개월 전
콜 오브 듀티: 모바일 게임,https://www.youtube.com/watch?v=ehTp_8KFAvM,1.9천회,2개월 전
콜 오브 듀티: 모바일 게임,https://www.youtube.com/watch?v=ojWSeaPwPok,11만회,2개월 전
콜 오브 듀티: 모바일 게임,https://www.youtube.com/watch?v=gRkJIB2QMkg,875회,스트리밍 시간: 2개월 전
콜 오브 듀티: 모바일 게임,https://www.youtube.com/watch?v=g91B4Xf3w1I,1.2천회,2개월 전
콜 오브 듀티: 모바일 게임,https://www.youtube.com/watch?v=vE7XL_fvK30,417회,2개월 전
콜 오브 듀티: 모바일 게임,https://www.youtube.com/watch?v=Cz6kKQv3Bdk,247회,스트리밍 시간: 2개월 전
콜 오브 듀티: 모바일 게임,https://www.youtube.com/watch?v=Yg4E93cbZIQ,1.8천회,2개월 전
콜 오브 듀티: 모바일 게임,https://www.youtube.com/watch?v=W5EAuRF05gY,244회,2개월 전
콜 오브 듀티: 모바일 게임,https://www.youtube.com/watch?v=gIo2HgBGVbk,87회,2개월 전
콜 오브 듀티: 모바일 게임,https://www.youtube.com/watch?v=eGVIoFt6BHQ,613회,2개월 전
콜 오브 듀티: 모바일 게임,https://www.youtube.com/watch?v=69T4THoBN_0,935회,2개월 전
콜 오브 듀티: 모바일 게임,https://www.youtube.com/watch?v=5tR0TXvbzlI,233회,스트리밍 시간: 2개월 전
콜 오브 듀티: 모바일 게임,https://www.youtube.com/watch?v=bcxc5SslUog,658회,2개월 전
콜 오브 듀티: 모바일 게임,https://www.youtube.com/watch?v=xEWELIV3dKE,142회,2개월 전
콜 오브 듀티: 모바일 게임,https://www.youtube.com/watch?v=GDVkAqPHY5U,1.4천회,스트리밍 시간: 2개월 전
콜 오브 듀티: 모바일 게임,https://www.youtube.com/watch?v=k9pTORRZvtI,1.7천회,2개월 전
콜 오브 듀티: 모바일 게임,https://www.youtube.com/watch?v=NbkDR477fmY,79회,스트리밍 시간: 2개월 전
콜 오브 듀티: 모바일 게임,https://www.youtube.com/watch?v=1Ni4qioetmE,26회,2개월 전
콜 오브 듀티: 모바일 게임,https://www.youtube.com/watch?v=K7N04elz8bg,1.7천회,2개월 전
콜 오브 듀티: 모바일 게임,https://www.youtube.com/watch?v=01ijmcw0rzk,9.7천회,2개월 전
콜 오브 듀티: 모바일 게임,https://www.youtube.com/watch?v=tDkCO1jJAkA,85회,스트리밍 시간: 2개월 전
콜 오브 듀티: 모바일 게임,https://www.youtube.com/watch?v=QWlLyTmHEIM,20만회,2개월 전
콜 오브 듀티: 모바일 게임,https://www.youtube.com/watch?v=sx-zrRUBj5A,2.5천회,2개월 전
콜 오브 듀티: 모바일 게임,https://www.youtube.com/watch?v=frGbkD4gDKw,1.7천회,2개월 전
콜 오브 듀티: 모바일 게임,https://www.youtube.com/watch?v=gz4ZlTDvhzA,1.4천회,스트리밍 시간: 2개월 전
콜 오브 듀티: 모바일 게임,https://www.youtube.com/watch?v=8rdkbEwC6KI,70회,2개월 전
콜 오브 듀티: 모바일 게임,https://www.youtube.com/watch?v=pwlqpD7DnA8,2.4천회,2개월 전
콜 오브 듀티: 모바일 게임,https://www.youtube.com/watch?v=V02x79ZvpV4,1.5천회,2개월 전
콜 오브 듀티: 모바일 게임,https://www.youtube.com/watch?v=FW93RhySfEM,478회,스트리밍 시간: 2개월 전
콜 오브 듀티: 모바일 게임,https://www.youtube.com/watch?v=F6sa902LujY,138회,2개월 전
콜 오브 듀티: 모바일 게임,https://www.youtube.com/watch?v=R2e8FuuIUcw,5.9천회,2개월 전
콜 오브 듀티: 모바일 게임,https://www.youtube.com/watch?v=8C3ISTDAePk,41회,2개월 전
콜 오브 듀티: 모바일 게임,https://www.youtube.com/watch?v=nDXYsqeeRgo,392회,스트리밍 시간: 2개월 전
콜 오브 듀티: 모바일 게임,https://www.youtube.com/watch?v=TQwi4uUbAaU,359회,2개월 전
콜 오브 듀티: 모바일 게임,https://www.youtube.com/watch?v=dOq-RbXjNiw,1.2천회,2개월 전
콜 오브 듀티: 모바일 게임,https://www.youtube.com/watch?v=0CHu3pkjWwI,64회,스트리밍 시간: 2개월 전
콜 오브 듀티: 모바일 게임,https://www.youtube.com/watch?v=qSA-udBqasg,60회,2개월 전
콜 오브 듀티: 모바일 게임,https://www.youtube.com/watch?v=rNYDJkrNPNA,2.3만회,2개월 전
콜 오브 듀티: 모바일 게임,https://www.youtube.com/watch?v=tDkMUvUC3SQ,18만회,2개월 전
콜 오브 듀티: 모바일 게임,https://www.youtube.com/watch?v=Nj8qKOUpIJ4,4.2천회,2개월 전
콜 오브 듀티: 모바일 게임,https://www.youtube.com/watch?v=-LUX_viWj34,6.7천회,2개월 전
콜 오브 듀티: 모바일 게임,https://www.youtube.com/watch?v=u_y9IpD0gT0,1.1만회,2개월 전
콜 오브 듀티: 모바일 게임,https://www.youtube.com/watch?v=JXhsduR74uw,168회,2개월 전
콜 오브 듀티: 모바일 게임,https://www.youtube.com/watch?v=GjvZuKiyDNE,3.9천회,2개월 전
콜 오브 듀티: 모바일 게임,https://www.youtube.com/watch?v=GuudKeGpxAI,213회,2개월 전
콜 오브 듀티: 모바일 게임,https://www.youtube.com/watch?v=gR9GPdlB180,2천회,스트리밍 시간: 2개월 전
콜 오브 듀티: 모바일 게임,https://www.youtube.com/watch?v=CF3pEk_yY88,2.5천회,2개월 전
콜 오브 듀티: 모바일 게임,https://www.youtube.com/watch?v=RmNGGv_PbP8,392회,2개월 전
콜 오브 듀티: 모바일 게임,https://www.youtube.com/watch?v=ULsjlmNdh_A,11회,2개월 전
콜 오브 듀티: 모바일 게임,https://www.youtube.com/watch?v=FAWpW2JkC08,136회,2개월 전
콜 오브 듀티: 모바일 게임,https://www.youtube.com/watch?v=LxwMUTobg-M,241회,스트리밍 시간: 2개월 전
콜 오브 듀티: 모바일 게임,https://www.youtube.com/watch?v=p36cw4-QnSA,253회,2개월 전
콜 오브 듀티: 모바일 게임,https://www.youtube.com/watch?v=fa8ALaapxT8,62회,2개월 전
콜 오브 듀티: 모바일 게임,https://www.youtube.com/watch?v=wG7g3zfEV8o,38만회,2개월 전
콜 오브 듀티: 모바일 게임,https://www.youtube.com/watch?v=4H5XAR18dUE,6.1천회,스트리밍 시간: 2개월 전
콜 오브 듀티: 모바일 게임,https://www.youtube.com/watch?v=NonM0xWRAY4,115회,2개월 전
콜 오브 듀티: 모바일 게임,https://www.youtube.com/watch?v=mtlJrqosjeE,1천회,2개월 전
콜 오브 듀티: 모바일 게임,https://www.youtube.com/watch?v=4JCsom5Nw_g,56회,2개월 전
콜 오브 듀티: 모바일 게임,https://www.youtube.com/watch?v=ylN8mkUKMG4,309회,2개월 전
콜 오브 듀티: 모바일 게임,https://www.youtube.com/watch?v=hrZza0A2hWI,3만회,2개월 전
콜 오브 듀티: 모바일 게임,https://www.youtube.com/watch?v=S9mVOQC1Xlg,38회,2개월 전
콜 오브 듀티: 모바일 게임,https://www.youtube.com/watch?v=bOgNhyOZLNM,2.4천회,2개월 전
콜 오브 듀티: 모바일 게임,https://www.youtube.com/watch?v=5EojYLjHXts,2천회,2개월 전
콜 오브 듀티: 모바일 게임,https://www.youtube.com/watch?v=tGimxZmDl0k,21만회,2개월 전
콜 오브 듀티: 모바일 게임,https://www.youtube.com/watch?v=j9li3VxU00A,1.1천회,2개월 전
콜 오브 듀티: 모바일 게임,https://www.youtube.com/watch?v=F2v8-Z7JhXo,7.9천회,2개월 전
콜 오브 듀티: 모바일 게임,https://www.youtube.com/watch?v=_Il96RkmnRc,7천회,2개월 전
콜 오브 듀티: 모바일 게임,https://www.youtube.com/watch?v=jIac8bf6RUc,211회,2개월 전
콜 오브 듀티: 모바일 게임,https://www.youtube.com/watch?v=9iTHZ2jKwl0,164회,2개월 전
콜 오브 듀티: 모바일 게임,https://www.youtube.com/watch?v=wjWy1A2cEuU,369회,스트리밍 시간: 2개월 전
콜 오브 듀티: 모바일 게임,https://www.youtube.com/watch?v=qXM0FoKtYvA,363회,2개월 전
콜 오브 듀티: 모바일 게임,https://www.youtube.com/watch?v=YRgNc1gL9CY,231회,2개월 전
콜 오브 듀티: 모바일 게임,https://www.youtube.com/watch?v=SSAShWcDssQ,2.2천회,2개월 전
콜 오브 듀티: 모바일 게임,https://www.youtube.com/watch?v=YTjOnKarvNY,9.1만회,2개월 전
콜 오브 듀티: 모바일 게임,https://www.youtube.com/watch?v=1m9DcdmlvHM,4.7천회,2개월 전
콜 오브 듀티: 모바일 게임,https://www.youtube.com/watch?v=NLpPjcFhWM0,807회,2개월 전
콜 오브 듀티: 모바일 게임,https://www.youtube.com/watch?v=4ib2J1mz9zQ,1.5만회,2개월 전
콜 오브 듀티: 모바일 게임,https://www.youtube.com/watch?v=Odie-ZMB9Bg,24회,2개월 전
콜 오브 듀티: 모바일 게임,https://www.youtube.com/watch?v=lDu34_NdNQ4,11만회,2개월 전
콜 오브 듀티: 모바일 게임,https://www.youtube.com/watch?v=zhZLfz3QGq0,2.2만회,2개월 전
콜 오브 듀티: 모바일 게임,https://www.youtube.com/watch?v=s5X0U8jz9e0,487회,2개월 전
콜 오브 듀티: 모바일 게임,https://www.youtube.com/watch?v=Q-PMIcUFijo,474회,2개월 전
콜 오브 듀티: 모바일 게임,https://www.youtube.com/watch?v=4ZuCi5vlTKY,155회,2개월 전
콜 오브 듀티: 모바일 게임,https://www.youtube.com/watch?v=1a-JF_Bk6GI,1.5천회,2개월 전
콜 오브 듀티: 모바일 게임,https://www.youtube.com/watch?v=f873o879SLs,1.2만회,2개월 전
콜 오브 듀티: 모바일 게임,https://www.youtube.com/watch?v=-5Vs1VpE7lQ,422회,2개월 전
콜 오브 듀티: 모바일 게임,https://www.youtube.com/watch?v=v2RyiYSWegE,1천회,2개월 전
콜 오브 듀티: 모바일 게임,https://www.youtube.com/watch?v=u982wlNVb1U,1천회,2개월 전
콜 오브 듀티: 모바일 게임,https://www.youtube.com/watch?v=GerdoWhM78o,196회,2개월 전
콜 오브 듀티: 모바일 게임,https://www.youtube.com/watch?v=OGN9zJeV0aw,1.1천회,2개월 전
콜 오브 듀티: 모바일 게임,https://www.youtube.com/watch?v=Jts6FPDYfRk,1.2천회,2개월 전
콜 오브 듀티: 모바일 게임,https://www.youtube.com/watch?v=cykMSDAPcws,8.1천회,2개월 전
콜 오브 듀티: 모바일 게임,https://www.youtube.com/watch?v=wJACrXSVBk8,135회,2개월 전
콜 오브 듀티: 모바일 게임,https://www.youtube.com/watch?v=q14x2vKsoQQ,5.8천회,2개월 전
콜 오브 듀티: 모바일 게임,https://www.youtube.com/watch?v=tix3FkITn5M,659회,2개월 전
콜 오브 듀티: 모바일 게임,https://www.youtube.com/watch?v=N-tmQSW-MCw,2.5천회,2개월 전
콜 오브 듀티: 모바일 게임,https://www.youtube.com/watch?v=jIhrucRjL9A,738회,3개월 전
콜 오브 듀티: 모바일 게임,https://www.youtube.com/watch?v=WmzAabKkw2Q,1.8만회,3개월 전
콜 오브 듀티: 모바일 게임,https://www.youtube.com/watch?v=n1-7geMH-S0,128회,3개월 전
콜 오브 듀티: 모바일 게임,https://www.youtube.com/watch?v=4vcRP57OqMQ,145만회,3개월 전
콜 오브 듀티: 모바일 게임,https://www.youtube.com/watch?v=NtLiovEhZV0,751회,3개월 전
콜 오브 듀티: 모바일 게임,https://www.youtube.com/watch?v=iY5URGoKADs,8.8천회,3개월 전
