﻿search,youtube_url,viewer,upload
고수 with NAVER WEBTOON 게임,https://www.youtube.com/watch?v=oBOb9rvd4qA,1회,3분 전
고수 with NAVER WEBTOON 게임,https://www.youtube.com/watch?v=H0BMNY6gBRw,244회,스트리밍 시간: 1일 전
고수 with NAVER WEBTOON 게임,https://www.youtube.com/watch?v=D2VDKjMmxlg,271회,스트리밍 시간: 1주 전
고수 with NAVER WEBTOON 게임,https://www.youtube.com/watch?v=168lBarxGYc,255회,스트리밍 시간: 3일 전
고수 with NAVER WEBTOON 게임,https://www.youtube.com/watch?v=Km1XCCXR8gA,295회,스트리밍 시간: 4일 전
고수 with NAVER WEBTOON 게임,https://www.youtube.com/watch?v=fKYYtb2svjU,288회,스트리밍 시간: 5일 전
고수 with NAVER WEBTOON 게임,https://www.youtube.com/watch?v=2qFFDEsF4Os,6회,6일 전
고수 with NAVER WEBTOON 게임,https://www.youtube.com/watch?v=SIWlCgk716Y,31회,1주 전
고수 with NAVER WEBTOON 게임,https://www.youtube.com/watch?v=k74AUQMUZBg,34회,1주 전
고수 with NAVER WEBTOON 게임,https://www.youtube.com/watch?v=BSGLd5XLz6o,1천회,스트리밍 시간: 1주 전
고수 with NAVER WEBTOON 게임,https://www.youtube.com/watch?v=SwbSFoK2Dtk,1.4만회,1주 전
고수 with NAVER WEBTOON 게임,https://www.youtube.com/watch?v=BTb_AOjjkM8,1회,1주 전
고수 with NAVER WEBTOON 게임,https://www.youtube.com/watch?v=WeSohckxUts,426회,1주 전
고수 with NAVER WEBTOON 게임,https://www.youtube.com/watch?v=SjG4E3QG6Eo,183회,1주 전
고수 with NAVER WEBTOON 게임,https://www.youtube.com/watch?v=G4-gK5ETkfo,607회,스트리밍 시간: 1주 전
고수 with NAVER WEBTOON 게임,https://www.youtube.com/watch?v=436CSxtOoWk,224회,1주 전
고수 with NAVER WEBTOON 게임,https://www.youtube.com/watch?v=yh6ZFChEOH4,2만회,1주 전
고수 with NAVER WEBTOON 게임,https://www.youtube.com/watch?v=qcoI3CSeLTE,32회,1주 전
고수 with NAVER WEBTOON 게임,https://www.youtube.com/watch?v=5VkJGPRfZRI,603회,2주 전
고수 with NAVER WEBTOON 게임,https://www.youtube.com/watch?v=MS16kHaTEQw,903회,2주 전
고수 with NAVER WEBTOON 게임,https://www.youtube.com/watch?v=VBfIIzOM-Y8,23회,2주 전
고수 with NAVER WEBTOON 게임,https://www.youtube.com/watch?v=eF4aFgJWt60,5회,2주 전
고수 with NAVER WEBTOON 게임,https://www.youtube.com/watch?v=-94YrrbzV7I,56회,2주 전
고수 with NAVER WEBTOON 게임,https://www.youtube.com/watch?v=fT9aOQS145o,없음,2주 전
고수 with NAVER WEBTOON 게임,https://www.youtube.com/watch?v=y_Bm4Oq9jno,16회,스트리밍 시간: 2주 전
고수 with NAVER WEBTOON 게임,https://www.youtube.com/watch?v=eep8j3k7yEg,2.6천회,2주 전
고수 with NAVER WEBTOON 게임,https://www.youtube.com/watch?v=bSZAzIvpqIY,1.1만회,2주 전
고수 with NAVER WEBTOON 게임,https://www.youtube.com/watch?v=UekopifpmmI,1.8천회,스트리밍 시간: 2주 전
고수 with NAVER WEBTOON 게임,https://www.youtube.com/watch?v=4zZ2iQS8aow,22회,1개월 전
고수 with NAVER WEBTOON 게임,https://www.youtube.com/watch?v=DWgsK6B-qGM,28회,1개월 전
고수 with NAVER WEBTOON 게임,https://www.youtube.com/watch?v=Gn24gHnrzCA,8회,1개월 전
고수 with NAVER WEBTOON 게임,https://www.youtube.com/watch?v=3KM7vw5wzK8,7회,1개월 전
고수 with NAVER WEBTOON 게임,https://www.youtube.com/watch?v=zAQ_ju9qxK4,7회,1개월 전
고수 with NAVER WEBTOON 게임,https://www.youtube.com/watch?v=_WgbEunX7Fo,9회,1개월 전
고수 with NAVER WEBTOON 게임,https://www.youtube.com/watch?v=0CsS2xPEft4,706회,1개월 전
고수 with NAVER WEBTOON 게임,https://www.youtube.com/watch?v=5zGfDJgnoWE,32회,1개월 전
고수 with NAVER WEBTOON 게임,https://www.youtube.com/watch?v=a1FgIfSVQUY,30회,1개월 전
고수 with NAVER WEBTOON 게임,https://www.youtube.com/watch?v=m0-N49rjI5g,41회,1개월 전
고수 with NAVER WEBTOON 게임,https://www.youtube.com/watch?v=RBTg6kLlgFw,144회,1개월 전
고수 with NAVER WEBTOON 게임,https://www.youtube.com/watch?v=GcLxKC1Xa3k,56회,2개월 전
고수 with NAVER WEBTOON 게임,https://www.youtube.com/watch?v=3w7DZzCM9mg,3.5천회,2개월 전
고수 with NAVER WEBTOON 게임,https://www.youtube.com/watch?v=YAVIOK5QFgs,255회,2개월 전
고수 with NAVER WEBTOON 게임,https://www.youtube.com/watch?v=_9hyGruYHSA,230회,2개월 전
고수 with NAVER WEBTOON 게임,https://www.youtube.com/watch?v=s4mpsSbOzjw,44회,2개월 전
고수 with NAVER WEBTOON 게임,https://www.youtube.com/watch?v=vGVsVUlti30,53회,2개월 전
고수 with NAVER WEBTOON 게임,https://www.youtube.com/watch?v=kx0DTcMKsso,104회,2개월 전
고수 with NAVER WEBTOON 게임,https://www.youtube.com/watch?v=IIk6BJ2Rw6k,71회,2개월 전
고수 with NAVER WEBTOON 게임,https://www.youtube.com/watch?v=zAHnneXWFSA,9.9천회,2개월 전
고수 with NAVER WEBTOON 게임,https://www.youtube.com/watch?v=JrqWj1If-q4,628회,2개월 전
고수 with NAVER WEBTOON 게임,https://www.youtube.com/watch?v=bdn0tStH1Ec,1.7천회,2개월 전
고수 with NAVER WEBTOON 게임,https://www.youtube.com/watch?v=jAT84KilR1o,4.2만회,3개월 전
고수 with NAVER WEBTOON 게임,https://www.youtube.com/watch?v=iK3qixfgflo,9.9천회,3개월 전
고수 with NAVER WEBTOON 게임,https://www.youtube.com/watch?v=fSnj892G1h0,1.6만회,3개월 전
고수 with NAVER WEBTOON 게임,https://www.youtube.com/watch?v=VNftLMI_Ens,1.4만회,3개월 전
고수 with NAVER WEBTOON 게임,https://www.youtube.com/watch?v=VSfAz7Q-qJs,8만회,3개월 전
고수 with NAVER WEBTOON 게임,https://www.youtube.com/watch?v=iBRlbzzCSvQ,6.3천회,3개월 전
고수 with NAVER WEBTOON 게임,https://www.youtube.com/watch?v=F40YJmiC-Fw,2.2천회,3개월 전
고수 with NAVER WEBTOON 게임,https://www.youtube.com/watch?v=mxjbZyQLXIo,7.3천회,3개월 전
