﻿,rank,name
0,1,Icing On The Cake
1,2,Brain Out – 가장 어색한 게임
2,3,완미세계
3,4,Rescue Cut - Rope Puzzle
4,5,Zipline Valley - 물리학 퍼즐 게임
5,6,콜 오브 듀티: 모바일
6,7,신강호
7,8,달빛조각사
8,9,로드 크래쉬
9,10,판타지타운
10,11,브롤스타즈
11,12,무한의 계단
12,13,라이즈 오브 킹덤즈
13,14,I Peel Good
14,15,Soul Land: 엘피스 전기
15,16,Rolling Domino
16,17,꿈의 집 (Homescapes)
17,18,꽃피는 달빛
18,19,기적의 검
19,20,킹 오브 타워
20,21,Wrecking Ball
21,22,동물극장 - 귀여운 동물들과 영화보며 힐링
22,23,3차원 채우기 (Fill in 3D)
23,24,꿈의 정원 (Gardenscapes)
24,25,봉인의서
25,26,배틀그라운드
26,27,Perfect Slices
27,28,Puzzle Fuzzle
28,29,궁수의 전설
29,30,테니스 클래시: 3D 스포츠 - 무료 멀티플레이어 게임
30,31,Draw Around
31,32,꿈의 마을 (Township)
32,33,Line Driver
33,34,바이러스 워 - 우주 슈팅 게임
34,35,리치리치
35,36,워드퍼즐 - 단어 게임
36,37,쿠키런: 오븐브레이크
37,38,Sand Balls
38,39,Dancing Road: Color Ball Run!
39,40,용사식당
40,41,좀비고등학교
41,42,Granny Legend
42,43,aquapark.io
43,44,클래시 로얄
44,45,ROBLOX
45,46,Magic Tiles 3
46,47,Rider
47,48,롤링 스카이
48,49,토킹톰 히어로 대시
49,50,지오메트리 대시 라이트 (Geometry Dash L)
50,51,Color Saw 3D
51,52,Minecraft 체험판
52,53,오늘도 우라라 원시 헌팅 라이프
53,54,로얄 다이스(Royal Dice) : 랜덤 디펜스
54,55,Cool Goal!
55,56,Mr Bullet - 스파이 퍼즐
56,57,익스트림풋볼:3대3 멀티 축구
57,58,해양 유목민 - 뗏목 생존: Survival on Raft - Ocean Nomad
58,59,Square Bird
59,60,Mario Kart Tour
60,61,피망 뉴맞고 : 고스톱으로 대한민국 1등
61,62,Dinosaur Rampage
62,63,브롤 스타즈 상자깡 버그판 마인크래프트 게임 고양이 Brawl Stars
63,64,Zooba - 동물원 배틀 아레나
64,65,세인트 세이야 : 각성
65,66,햄스터 타운 - 당신이 원하는 힐링 두뇌 퍼즐 게임 - 햄스터 타운! 심쿵사 주의
66,67,"좋은 피자, 위대한 피자"
67,68,Fun Race 3D
68,69,무한의 농장
69,70,펭귄의 섬
70,71,Empires & Puzzles: RPG Quest
71,72,이터:던전의 포식자
72,73,숨바꼭질 온라인 - 실시간 숨바꼭질
73,74,Crowd City
74,75,스도쿠 - 무료 클래식 스도쿠 퍼즐
75,76,Happy Glass
76,77,Tiles Hop: EDM Rush!
77,78,슈퍼펭귄 (Super Penguins)
78,79,Kick the Buddy: Forever
79,80,1945
80,81,OX 퀴즈 서바이벌 100
81,82,토킹톰 골드런
82,83,Run Race 3D
83,84,동물의 집
84,85,올스타 스매시
85,86,신비아파트 고스트헌터
86,87,Rummikub
87,88,마피아42
88,89,Mahjong City Tours
89,90,FIFA ONLINE 4 M by EA SPORTS™
90,91,Popcorn Burst
91,92,Draw it
92,93,톰 오브 더 마스크: 컬러
93,94,회사 탈출3　-탈출 게임
94,95,Nonogram.com - 픽처 크로스 퍼즐 게임
95,96,의지의 히어로
96,97,Paper.io 2
97,98,피망 섯다
98,99,피아노 실제 - 음악 매직 게임 실행하며 피아노 키보드 로 노래를 배워보세요
99,100,LoL 프렌즈
