﻿,rank,name
0,1,Brain Out – 가장 어색한 게임
1,2,Icing On The Cake
2,3,킹 오브 타워
3,4,달빛조각사
4,5,콜 오브 듀티: 모바일
5,6,완미세계
6,7,Zipline Valley - 물리학 퍼즐 게임
7,8,봉인의서
8,9,라이즈 오브 킹덤즈
9,10,Rolling Domino
10,11,브롤스타즈
11,12,꽃피는 달빛
12,13,Wrecking Ball
13,14,궁수의 전설
14,15,세인트 세이야 : 각성
15,16,무한의 계단
16,17,꿈의 정원 (Gardenscapes)
17,18,꿈의 집 (Homescapes)
18,19,I Peel Good
19,20,NBA NOW 모바일 농구 게임
20,21,배틀그라운드
21,22,워드퍼즐 - 단어 게임
22,23,기적의 검
23,24,Granny Legend
24,25,Perfect Slices
25,26,Dancing Road: Color Ball Run!
26,27,이터:던전의 포식자
27,28,올스타 스매시
28,29,햄스터 타운 - 당신이 원하는 힐링 두뇌 퍼즐 게임 - 햄스터 타운! 심쿵사 주의
29,30,팽이로 보석캐기
30,31,Cool Goal!
31,32,3차원 채우기 (Fill in 3D)
32,33,Sand Balls
33,34,오늘도 우라라 원시 헌팅 라이프
34,35,SuperStar STARSHIP
35,36,Square Bird
36,37,로얄 다이스(Royal Dice) : 랜덤 디펜스
37,38,꿈의 마을 (Township)
38,39,바이러스 워 - 우주 슈팅 게임
39,40,1945
40,41,Fun Race 3D
41,42,리치리치
42,43,Zooba - 동물원 배틀 아레나
43,44,Empires & Puzzles: RPG Quest
44,45,무한의 농장
45,46,피망 뉴맞고 : 고스톱으로 대한민국 1등
46,47,ROBLOX
47,48,Minecraft 체험판
48,49,클래시 로얄
49,50,펭귄의 섬
50,51,노블레스 : 제로 with NAVER WEBTOON
51,52,Mr Bullet - 스파이 퍼즐
52,53,Color Saw 3D
53,54,해양 유목민 - 뗏목 생존: Survival on Raft - Ocean Nomad
54,55,스도쿠 - 무료 클래식 스도쿠 퍼즐
55,56,Rider
56,57,Magic Tiles 3
57,58,톰 오브 더 마스크: 컬러
58,59,aquapark.io
59,60,블록 퍼즐
60,61,Star Trek™ 플릿 커맨드
61,62,좀비고등학교
62,63,한게임 포커
63,64,신비아파트 고스트헌터
64,65,Mario Kart Tour
65,66,Polysphere
66,67,Happy Glass
67,68,Bouncemasters!
68,69,신강호
69,70,숨바꼭질 온라인 - 실시간 숨바꼭질
70,71,지오메트리 대시 라이트 (Geometry Dash L)
71,72,피망 섯다
72,73,Dinosaur Rampage
73,74,삼국지 오리진
74,75,브롤 스타즈 상자깡 버그판 마인크래프트 게임 고양이 Brawl Stars
75,76,Rummikub
76,77,토킹톰 골드런
77,78,디지몬 리얼라이즈 -Digimon ReArise-
78,79,토킹톰 히어로 대시
79,80,Two Dots
80,81,Line Driver
81,82,마피아42
82,83,쿠키런: 오븐브레이크
83,84,Supreme Duelist Stickman
84,85,Crowd City
85,86,한게임 신맞고 : 대한민국 원조 고스톱
86,87,Nonogram.com - 픽처 크로스 퍼즐 게임
87,88,황제라 칭하라
88,89,LoL 프렌즈
89,90,로드 크래쉬
90,91,스나이퍼 3D 어쌔신: 무료 슈팅 게임 (Sniper 3D Assassin)
91,92,Color Fill 3D
92,93,도끼.io
93,94,"피망 포커: 카지노 로얄 (7포커, 로우바둑이, 하이로우)"
94,95,Run Race 3D
95,96,피츠메이커
96,97,아스팔트 9: 레전드- 2019 액션 카 레이싱 게임
97,98,동물의 집
98,99,익스트림풋볼:3대3 멀티 축구
99,100,삼국지 디펜스M
