﻿,rank,name
0,1,라이즈 오브 킹덤즈
1,2,Dinosaur Rampage
2,3,리치리치
3,4,신강호
4,5,오늘도 우라라 원시 헌팅 라이프
5,6,Cool Goal!
6,7,미친소녀
7,8,쌍삼국지
8,9,올스타 스매시
9,10,브롤스타즈
10,11,Puzzle Fuzzle
11,12,워드퍼즐 - 단어 게임
12,13,동물의 집
13,14,I Peel Good
14,15,Square Bird
15,16,Brain Out – 가장 어색한 게임
16,17,Sand Balls
17,18,Perfect Slices
18,19,기적의 검
19,20,꿈의 집 (Homescapes)
20,21,배틀그라운드
21,22,궁수의 전설
22,23,무한의 계단
23,24,Mr Bullet - 스파이 퍼즐
24,25,쿵야 캐치마인드
25,26,Fun Race 3D
26,27,햄스터 타운 - 당신이 원하는 힐링 두뇌 퍼즐 게임 - 햄스터 타운! 심쿵사 주의
27,28,ROBLOX
28,29,바이러스 워 - 우주 슈팅 게임
29,30,피망 뉴맞고 : 고스톱으로 대한민국 1등
30,31,aquapark.io
31,32,꿈의 정원 (Gardenscapes)
32,33,Minecraft 체험판
33,34,보스레이브
34,35,비천무협
35,36,피망 섯다
36,37,Color Fill 3D
37,38,Rummikub
38,39,Crowd City
39,40,으라차차 돌격 라그나로크
40,41,Magic Tiles 3
41,42,꿈의 마을 (Township)
42,43,브롤 스타즈 상자깡 버그판 마인크래프트 게임 고양이 Brawl Stars
43,44,좀비고등학교
44,45,신비아파트 고스트헌터
45,46,Granny: Chapter Two
46,47,Zipline Valley - 물리학 퍼즐 게임
47,48,1945
48,49,토킹톰 히어로 대시
49,50,아스팔트 9: 레전드- 2019 액션 카 레이싱 게임
50,51,토킹톰 골드런
51,52,에오스 레드
52,53,Empires & Puzzles: RPG Quest
53,54,스나이퍼 3D 어쌔신: 무료 슈팅 게임 (Sniper 3D Assassin)
54,55,Bottle Flip 3D
55,56,슈퍼펭귄 (Super Penguins)
56,57,Line Color 3D
57,58,Run Race 3D
58,59,클래시 로얄
59,60,마피아42
60,61,프렌즈레이싱
61,62,"좋은 피자, 위대한 피자"
62,63,Granny Legend
63,64,Jelly Shift
64,65,Rider
65,66,낚시 클래시: 스포츠 낚시 게임 (Fishing Clash)
66,67,Tank Stars
67,68,아기 팬더: 공주 메이크업
68,69,지오메트리 대시 라이트 (Geometry Dash L)
69,70,로드 모바일: 제국의 전쟁 - MMORPG
70,71,Tiles Hop: EDM Rush!
71,72,Wrecking Ball
72,73,한게임 신맞고 : 대한민국 원조 고스톱
73,74,롤링 스카이
74,75,쿠키런: 오븐브레이크
75,76,Polysphere
76,77,Battle Disc
77,78,Snowball.io
78,79,Popcorn Burst
79,80,도끼.io
80,81,마이토킹톰 2
81,82,갤럭시 슈터 - 팔콘 스쿼드 - 외계인 슈팅게임
82,83,"Happy Color – 컬러링북, 숫자 색칠 게임"
83,84,"피망 포커: 카지노 로얄 (7포커, 로우바둑이, 하이로우)"
84,85,모두의마블
85,86,라스트 쉘터 (Last Shelter: Survival)
86,87,라플라스M
87,88,피아노 실제 - 음악 매직 게임 실행하며 피아노 키보드 로 노래를 배워보세요
88,89,의지의 히어로
89,90,Paper.io 2
90,91,Piano Tiles 2™
91,92,한게임 포커
92,93,Pokémon GO
93,94,Supreme Duelist Stickman
94,95,삼국지 오리진
95,96,우주 전쟁: 외계인들의 공격
96,97,FIFA ONLINE 4 M by EA SPORTS™
97,98,황제라 칭하라
98,99,가온:신규서버오픈
99,100,스페이스 슈터: 외계인 슈팅게임
