﻿,rank,name
0,1,V4
1,2,Brain Out – 가장 어색한 게임
2,3,Rescue Cut - Rope Puzzle
3,4,킹 오브 타워
4,5,DX : 신 세기의 전쟁
5,6,Icing On The Cake
6,7,Crazy Shopping
7,8,콜 오브 듀티: 모바일
8,9,라이즈 오브 킹덤즈
9,10,오늘도 환생
10,11,신강호
11,12,Zipline Valley - 물리학 퍼즐 게임
12,13,무한의 계단
13,14,Marbleous!
14,15,로드 크래쉬
15,16,Drop & Smash
16,17,히어로즈 스트라이크
17,18,브롤스타즈
18,19,무한의 농장
19,20,질풍닌자전
20,21,Sky Roller
21,22,Granny Legend
22,23,꿈의 집 (Homescapes)
23,24,기적의 검
24,25,리치리치
25,26,Hero Wars
26,27,워드퍼즐 - 단어 게임
27,28,꿈의 마을 (Township)
28,29,Draw Around
29,30,꿈의 정원 (Gardenscapes)
30,31,피망 뉴맞고 : 고스톱으로 대한민국 1등
31,32,배틀그라운드
32,33,궁수의 전설
33,34,톰 오브 더 마스크: 컬러
34,35,펭귄의 섬
35,36,쿠키런: 오븐브레이크
36,37,Puzzle Fuzzle
37,38,클래시 로얄
38,39,달빛조각사
39,40,꽃피는 달빛
40,41,로얄 다이스(Royal Dice) : 랜덤 디펜스
41,42,Sand Balls
42,43,Perfect Slices
43,44,Block Puzzle Universe
44,45,테니스 클래시: 3D 스포츠 - 무료 멀티플레이어 게임
45,46,Fun Race 3D
46,47,매직 직소 퍼즐
47,48,Kick the Buddy: Forever
48,49,ROBLOX
49,50,Perfect Paint
50,51,익스트림풋볼:3대3 멀티 축구
51,52,바이러스 워 - 우주 슈팅 게임
52,53,Minecraft 체험판
53,54,Collect Cubes
54,55,Magic Tiles 3
55,56,V4(12)
56,57,Rider
57,58,용사식당
58,59,해양 유목민 - 뗏목 생존: Survival on Raft - Ocean Nomad
59,60,Mr Bullet - 스파이 퍼즐
60,61,지오메트리 대시 라이트 (Geometry Dash L)
61,62,Minecraft Earth
62,63,스도쿠 - 무료 클래식 스도쿠 퍼즐
63,64,고전적인 블록 퍼즐
64,65,Cool Goal!
65,66,Empires & Puzzles: RPG Quest
66,67,블록 퍼즐
67,68,봉인의서
68,69,1945
69,70,이터:던전의 포식자
70,71,동물극장 - 귀여운 동물들과 영화보며 힐링
71,72,Rolling Domino
72,73,Supreme Duelist Stickman
73,74,롤링 스카이
74,75,삼국지 오리진
75,76,Dancing Road: Color Ball Run!
76,77,Wrecking Ball
77,78,3차원 채우기 (Fill in 3D)
78,79,Piano Tiles 2™
79,80,aquapark.io
80,81,Gang Clash
81,82,쿠키런 for Kakao
82,83,한게임 신맞고 : 대한민국 원조 고스톱
83,84,Paper.io 2
84,85,브롤 스타즈 상자깡 버그판 마인크래프트 게임 고양이 Brawl Stars
85,86,리니지M
86,87,토킹톰 골드런
87,88,I Peel Good
88,89,Run Race 3D
89,90,좀비고등학교
90,91,Pokémon GO
91,92,피망 섯다
92,93,보스레이브
93,94,Mahjong City Tours
94,95,Happy Glass
95,96,Zooba - 동물원 배틀 아레나
96,97,Rummikub
97,98,일반상식 퀴즈. 무료 퀴즈 게임: QuizzLand
98,99,Color Saw 3D
99,100,햄스터 타운 - 당신이 원하는 힐링 두뇌 퍼즐 게임 - 햄스터 타운! 심쿵사 주의
